time_s,SampleTimeFine,knee_flexion_estimate_deg,knee_flexion_estimate_smooth_deg,relative_rotvec_x_deg,relative_rotvec_y_deg,relative_rotvec_z_deg,dominant_axis_x,dominant_axis_y,dominant_axis_z,is_peak
0.0,1726454038,-1.7771088111261708,-1.7718043752379107,-2.2945091429718465,-1.5152596180768858,-0.10590087689815945,0.9493211964513713,-0.30344711537723235,-0.08190918225311289,False
0.016667,1726470705,-1.713310195839985,-1.721924098387047,-2.193698482354613,-1.4021429051659058,-0.1354684845967445,0.9493211964513713,-0.30344711537723235,-0.08190918225311289,False
0.033334,1726487372,-1.6570473577336897,-1.671419542914142,-2.096849739486716,-1.2777461799490164,-0.1607416105714913,0.9493211964513713,-0.30344711537723235,-0.08190918225311289,False
0.050001,1726504039,-1.6099877597935288,-1.6204499316791015,-2.0144029603205804,-1.1717969902988195,-0.17223115116539592,0.9493211964513713,-0.30344711537723235,-0.08190918225311289,False
0.066668,1726520706,-1.5646288340140404,-1.5691744875418299,-1.9343220736399305,-1.0784892815332803,-0.14354569435726383,0.9493211964513713,-0.30344711537723235,-0.08190918225311289,False
0.083335,1726537373,-1.5197072952073811,-1.5177524333622325,-1.8554021893431285,-0.9877433867412454,-0.11348557041160964,0.9493211964513713,-0.30344711537723235,-0.08190918225311289,False
0.100002,1726554040,-1.4752171468611286,-1.466342992000214,-1.7727229988158237,-0.8796885280254764,-0.09871281217278877,0.9493211964513713,-0.30344711537723235,-0.08190918225311289,False
0.116669,1726570707,-1.4226668301475474,-1.4151053863156797,-1.6838785860823997,-0.7806708325585093,-0.07740954223673009,0.9493211964513713,-0.30344711537723235,-0.08190918225311289,False
0.133336,1726587374,-1.3685590683222844,-1.3641988391685347,-1.6118586294072716,-0.7376226815044117,-0.06276561195611921,0.9493211964513713,-0.30344711537723235,-0.08190918225311289,False
0.150003,1726604041,-1.3379132960128175,-1.3137825734186834,-1.5511988060466162,-0.6409801495096695,-0.09189560338228236,0.9493211964513713,-0.30344711537723235,-0.08190918225311289,False
0.16667,1726620708,-1.300083531318895,-1.2640158119260314,-1.485175123663667,-0.5559017270584198,-0.10372437992529585,0.9493211964513713,-0.30344711537723235,-0.08190918225311289,False
0.183337,1726637375,-1.240915957336354,-1.2150577775504834,-1.3971159213863698,-0.47483224994659357,-0.10581701091138536,0.9493211964513713,-0.30344711537723235,-0.08190918225311289,False
0.200004,1726654042,-1.1808776534936973,-1.1670676931519446,-1.3069024516029393,-0.39327323377859674,-0.09538586002581818,0.9493211964513713,-0.30344711537723235,-0.08190918225311289,False
0.216671,1726670709,-1.1218911263152043,-1.1202047815903198,-1.225305122157469,-0.3329955252547172,-0.09313397007010274,0.9493211964513713,-0.30344711537723235,-0.08190918225311289,False
0.233338,1726687376,-1.0656281297750292,-1.0746282657255137,-1.157679338509817,-0.30734113794756324,-0.09129237583243646,0.9493211964513713,-0.30344711537723235,-0.08190918225311289,False
0.250005,1726704043,-1.0055574282547468,-1.0304973684174084,-1.0960583214682162,-0.3102290958482915,-0.09979229467354242,0.9493211964513713,-0.30344711537723235,-0.08190918225311289,False
0.266672,1726720710,-0.9449748090925343,-0.991458105938732,-1.0342424693074004,-0.3129644556905018,-0.11284923586364552,0.9493211964513713,-0.30344711537723235,-0.08190918225311289,False
0.283339,1726737377,-0.8966407322439377,-0.9538455863403892,-0.9787081390364635,-0.30010983028514326,-0.10692632226007996,0.9493211964513713,-0.30344711537723235,-0.08190918225311289,False
0.300006,1726754044,-0.8711933885084195,-0.9178259027922013,-0.9378299297795575,-0.26629738729948355,-0.06909273130069797,0.9493211964513713,-0.30344711537723235,-0.08190918225311289,False
0.316673,1726770711,-0.8601603621708246,-0.8841260713029959,-0.9116238332702437,-0.23189767050235596,-0.027504210583469618,0.9493211964513713,-0.30344711537723235,-0.08190918225311289,False
0.33334,1726787378,-0.839965952618497,-0.8523901945021033,-0.8996692610184994,-0.2628771963998331,-0.020728815751770796,0.9493211964513713,-0.30344711537723235,-0.08190918225311289,False
0.350007,1726804045,-0.8103510459203005,-0.8217193247030349,-0.8947910571745699,-0.346732937167765,-0.015090152996243129,0.9493211964513713,-0.30344711537723235,-0.08190918225311289,False
0.366674,1726820712,-0.7857268899712347,-0.7926576828908821,-0.8870179229773344,-0.40707340548756993,-0.002085674986741468,0.9493211964513713,-0.30344711537723235,-0.08190918225311289,False
0.383341,1726837379,-0.7661055247686714,-0.7645129664711346,-0.873939507754785,-0.43817345285221865,0.025157561775131714,0.9493211964513713,-0.30344711537723235,-0.08190918225311289,False
0.400008,1726854046,-0.745238666654843,-0.7373686465077848,-0.8561172693498101,-0.45321015614439425,0.032666058308736236,0.9493211964513713,-0.30344711537723235,-0.08190918225311289,False
0.416675,1726870713,-0.7275403499629701,-0.7123190049585899,-0.835944091130701,-0.4532521611388349,0.05055483763002493,0.9493211964513713,-0.30344711537723235,-0.08190918225311289,False
0.433342,1726887380,-0.7131213624613667,-0.6886692582432388,-0.8149112448721516,-0.44222544575134776,0.07743722415071341,0.9493211964513713,-0.30344711537723235,-0.08190918225311289,False
0.450009,1726904047,-0.6956318467529619,-0.6652521153273703,-0.7867056162196635,-0.41156184583049377,0.07721630249176419,0.9493211964513713,-0.30344711537723235,-0.08190918225311289,False
0.466676,1726920714,-0.6722734249550276,-0.6416700731871404,-0.761574276437192,-0.41196646145304977,0.08481094791706598,0.9493211964513713,-0.30344711537723235,-0.08190918225311289,False
0.483343,1726937381,-0.6407355606546967,-0.6176131546322576,-0.7293973267472438,-0.41733470804892525,0.09259243228921804,0.9493211964513713,-0.30344711537723235,-0.08190918225311289,False
0.50001,1726954048,-0.6046614392716466,-0.5928150646153127,-0.6901933035687712,-0.4150534983299982,0.09809684931871222,0.9493211964513713,-0.30344711537723235,-0.08190918225311289,False
0.516677,1726970715,-0.5733341920239452,-0.5667802526140857,-0.6448089895369431,-0.3806068329848691,0.11402061732488612,0.9493211964513713,-0.30344711537723235,-0.08190918225311289,False
0.533344,1726987382,-0.5415659910005834,-0.5388929046650791,-0.5994337895074823,-0.34086016285008836,0.10482049812341973,0.9493211964513713,-0.30344711537723235,-0.08190918225311289,False
0.550011,1727004049,-0.5085407977653259,-0.5086474575032309,-0.5585422948593745,-0.3253355398711306,0.11804328095060392,0.9493211964513713,-0.30344711537723235,-0.08190918225311289,False
0.566678,1727020716,-0.4647249078888128,-0.4764652942504082,-0.5243160120152246,-0.366527341767805,0.1323930685273193,0.9493211964513713,-0.30344711537723235,-0.08190918225311289,False
0.583345,1727037383,-0.425442205421544,-0.4433041604206742,-0.48804038111567283,-0.38492798453968197,0.1414048155650806,0.9493211964513713,-0.30344711537723235,-0.08190918225311289,False
0.600012,1727054050,-0.40440453170086654,-0.4094589594089208,-0.45156535842466033,-0.3397677050561891,0.14000182172740688,0.9493211964513713,-0.30344711537723235,-0.08190918225311289,False
0.616679,1727070717,-0.37299631221676866,-0.37481399984504227,-0.4069479930427087,-0.3050089428656163,0.14489193381220475,0.9493211964513713,-0.30344711537723235,-0.08190918225311289,False
0.633346,1727087384,-0.3454855982395096,-0.33957186835249026,-0.36289390434553387,-0.25432770436357655,0.131849325102348,0.9493211964513713,-0.30344711537723235,-0.08190918225311289,False
0.650013,1727104051,-0.30975611702710726,-0.30366665449379093,-0.3144776344356518,-0.21948938081912733,0.12771695912491127,0.9493211964513713,-0.30344711537723235,-0.08190918225311289,False
0.66668,1727120718,-0.2715736276378773,-0.26733136441446775,-0.26367900902574165,-0.1864260295420199,0.12782371019979777,0.9493211964513713,-0.30344711537723235,-0.08190918225311289,False
0.683347,1727137385,-0.2403751560281347,-0.23125021160460685,-0.21468165756338012,-0.13241514923767853,0.11471537369407296,0.9493211964513713,-0.30344711537723235,-0.08190918225311289,False
0.700014,1727154052,-0.20787258873790282,-0.1961471097715998,-0.16373475190994885,-0.07773926369393791,0.10581735287739572,0.9493211964513713,-0.30344711537723235,-0.08190918225311289,False
0.716681,1727170719,-0.17429610455105382,-0.162033533595262,-0.10756379247359904,-0.007367164660091173,0.0862052388312613,0.9493211964513713,-0.30344711537723235,-0.08190918225311289,False
0.733348,1727187386,-0.13877610925150202,-0.12887436498528762,-0.04855346700175388,0.0680674648188702,0.05701848383243199,0.9493211964513713,-0.30344711537723235,-0.08190918225311289,False
0.750015,1727204053,-0.10164018192846297,-0.09642377373985912,0.01206552274455388,0.14714642880111453,0.013246603095622115,0.9493211964513713,-0.30344711537723235,-0.08190918225311289,False
0.766682,1727220720,-0.05939938490114441,-0.06474347018041997,0.07016080498860455,0.1935251902028376,-0.0009546806840587218,0.9493211964513713,-0.30344711537723235,-0.08190918225311289,False
0.783349,1727237387,-0.015695279121514347,-0.0346000842693151,0.11362573203715029,0.18878417221454222,-0.01320338064828192,0.9493211964513713,-0.30344711537723235,-0.08190918225311289,False
0.800016,1727254054,0.015695279121514347,-0.00633274202582785,0.1473226726398603,0.19643171199361845,-0.03422620265235717,0.9493211964513713,-0.30344711537723235,-0.08190918225311289,False
0.816683,1727270721,0.033690661850385786,0.019951849211422137,0.17664078100974695,0.23259715626350544,-0.04811207871931935,0.9493211964513713,-0.30344711537723235,-0.08190918225311289,False
0.83335,1727287388,0.04939416139386435,0.045036855564990666,0.20678071868186376,0.277944907238483,-0.05850971730378359,0.9493211964513713,-0.30344711537723235,-0.08190918225311289,False
0.850017,1727304055,0.07274409426608426,0.06914373422221887,0.22708369142279192,0.26591265027136596,-0.0636951778156547,0.9493211964513713,-0.30344711537723235,-0.08190918225311289,False
0.866684,1727320722,0.10043663685952763,0.09052789304568368,0.23868514112882247,0.21339807846426065,-0.07277407626576278,0.9493211964513713,-0.30344711537723235,-0.08190918225311289,False
0.883351,1727337389,0.12561278970286383,0.10939874232823518,0.2494202248491509,0.1674896772697216,-0.08564611794512791,0.9493211964513713,-0.30344711537723235,-0.08190918225311289,False
0.900018,1727354056,0.13883647245042785,0.12662236429012047,0.2591625038399202,0.15714950059731697,-0.09587005124681763,0.9493211964513713,-0.30344711537723235,-0.08190918225311289,False
0.916685,1727370723,0.14970666198709814,0.14362137984865753,0.26424389678937965,0.13708500176717273,-0.09535486127560211,0.9493211964513713,-0.30344711537723235,-0.08190918225311289,False
0.933352,1727387390,0.16293750316208105,0.16071856950790828,0.2640137607280858,0.09237644365826576,-0.0939219477540932,0.9493211964513713,-0.30344711537723235,-0.08190918225311289,False
0.950019,1727404057,0.17914450176259528,0.17763295742023497,0.2673682733494944,0.05434321120972522,-0.11200800293760324,0.9493211964513713,-0.30344711537723235,-0.08190918225311289,False
0.966686,1727420724,0.1895889600584268,0.19436116037433304,0.2741934738203937,0.04710892585476744,-0.13361642030074902,0.9493211964513713,-0.30344711537723235,-0.08190918225311289,False
0.983353,1727437391,0.19614852038315844,0.2104574956248215,0.2801392923328317,0.04273192834344019,-0.12857280398276816,0.9493211964513713,-0.30344711537723235,-0.08190918225311289,False
1.00002,1727454058,0.1980546820716919,0.2247898191241098,0.2853044096501556,0.05199549664801171,-0.12629966954635563,0.9493211964513713,-0.30344711537723235,-0.08190918225311289,False
1.016687,1727470725,0.1998401915266524,0.237204451229175,0.2860619940006073,0.050114459166775795,-0.13234933530724807,0.9493211964513713,-0.30344711537723235,-0.08190918225311289,False
1.033354,1727487392,0.2083780009313846,0.2475063923012586,0.28268571010636157,0.015101540528946931,-0.14600370321113024,0.9493211964513713,-0.30344711537723235,-0.08190918225311289,False
1.050021,1727504059,0.22175067271151683,0.2559483186153599,0.2707827326317819,-0.06329152823984542,-0.1567994405125033,0.9493211964513713,-0.30344711537723235,-0.08190918225311289,False
1.066688,1727520726,0.237891990181067,0.26144242811299045,0.26352555463411925,-0.14211679992803783,-0.14595095052622864,0.9493211964513713,-0.30344711537723235,-0.08190918225311289,False
1.083355,1727537393,0.25025333796975807,0.26326929612529837,0.2605365874096265,-0.1902742218406357,-0.1531004171783162,0.9493211964513713,-0.30344711537723235,-0.08190918225311289,False
1.100022,1727554060,0.25479345698337114,0.2620251441130879,0.2534338164261184,-0.2207210047294031,-0.17805417163489923,0.9493211964513713,-0.30344711537723235,-0.08190918225311289,False
1.116689,1727570727,0.276592175074883,0.25850311754337113,0.2492076310002296,-0.29742408910471857,-0.20900791494515777,0.9493211964513713,-0.30344711537723235,-0.08190918225311289,False
1.133356,1727587394,0.30720047801963674,0.25310476199285425,0.23965568806694862,-0.43028911352001065,-0.20117798016748117,0.9493211964513713,-0.30344711537723235,-0.08190918225311289,False
1.150023,1727604061,0.31825066620761083,0.24593522133863335,0.2323989907469563,-0.49174619872572717,-0.19251166907064682,0.9493211964513713,-0.30344711537723235,-0.08190918225311289,False
1.16669,1727620728,0.3043796902544469,0.23631672034328322,0.23493840276094513,-0.4424269157515139,-0.1764463218486225,0.9493211964513713,-0.30344711537723235,-0.08190918225311289,False
1.183357,1727637395,0.279254703032558,0.22386823609895368,0.22799012941018576,-0.3919303845311029,-0.13730764132830875,0.9493211964513713,-0.30344711537723235,-0.08190918225311289,False
1.200024,1727654062,0.24274096140729806,0.20836832487268922,0.21391035830496424,-0.3319334492192467,-0.07697717060327985,0.9493211964513713,-0.30344711537723235,-0.08190918225311289,False
1.216691,1727670729,0.19418294940416986,0.18992632234450757,0.1906627053354253,-0.26008843139075843,-0.019750877675170024,0.9493211964513713,-0.30344711537723235,-0.08190918225311289,False
1.233358,1727687396,0.14193201803196615,0.16886643428153975,0.1724226791805933,-0.15979381569313605,0.03520237633697852,0.9493211964513713,-0.30344711537723235,-0.08190918225311289,False
1.250025,1727704063,0.1050240957269767,0.14691641242496295,0.1620742992003372,-0.08641969504329354,0.09403363864127863,0.9493211964513713,-0.30344711537723235,-0.08190918225311289,False
1.266692,1727720730,0.06755741755844909,0.1229650834291385,0.15484439911732034,-0.002314282491362028,0.15607351994903468,0.9493211964513713,-0.30344711537723235,-0.08190918225311289,False
1.283359,1727737397,0.03760044617776152,0.09430053626166175,0.15373941778728198,0.0854627098687028,0.18381539200467628,0.9493211964513713,-0.30344711537723235,-0.08190918225311289,False
1.300026,1727754064,0.005811443247855319,0.05892776463117771,0.15743701193303022,0.19705753505915383,0.2013479761883754,0.9493211964513713,-0.30344711537723235,-0.08190918225311289,False
1.316693,1727770731,-0.012477194888028238,0.01749152676596704,0.16064855867290267,0.2632111117792508,0.21677134469344791,0.9493211964513713,-0.30344711537723235,-0.08190918225311289,False
1.33336,1727787398,-0.026055932916677807,-0.028047224178335203,0.1751206661634688,0.3510664991732492,0.2248040527929549,0.9493211964513713,-0.30344711537723235,-0.08190918225311289,False
1.350027,1727804065,-0.05416603699629799,-0.07690558393778037,0.18854011755460945,0.4799154630901431,0.24617683740509494,0.9493211964513713,-0.30344711537723235,-0.08190918225311289,False
1.366694,1727820732,-0.09321502813271315,-0.1283602601881183,0.19843307775612823,0.637433693346172,0.2540164390612782,0.9493211964513713,-0.30344711537723235,-0.08190918225311289,False
1.383361,1727837399,-0.13794983937110641,-0.18028669566221966,0.19461330092894852,0.7715897472704224,0.2588919431982568,0.9493211964513713,-0.30344711537723235,-0.08190918225311289,False
1.400028,1727854066,-0.18935743220574497,-0.23162514872733084,0.16585740538593222,0.8451402299606,0.28074944215657643,0.9493211964513713,-0.30344711537723235,-0.08190918225311289,False
1.416695,1727870733,-0.2430285407556413,-0.2819028296064639,0.12235595004665012,0.8756591365124538,0.3187595977528672,0.9493211964513713,-0.30344711537723235,-0.08190918225311289,False
1.433362,1727887400,-0.296707223253524,-0.33228304213965654,0.08383441033029443,0.9282127202186882,0.3329476889392617,0.9493211964513713,-0.30344711537723235,-0.08190918225311289,False
1.450029,1727904067,-0.3470780114467037,-0.3841595863175175,0.04449147239366672,0.9711885563590263,0.33271340228281954,0.9493211964513713,-0.30344711537723235,-0.08190918225311289,False
1.466696,1727920734,-0.3976166145800444,-0.43842767696963575,0.0010484918459488719,1.0016176355173652,0.3334904161222143,0.9493211964513713,-0.30344711537723235,-0.08190918225311289,False
1.483363,1727937401,-0.4629154233322205,-0.4951776421887572,-0.0776007584310098,0.9767318291011317,0.3113553465239775,0.9493211964513713,-0.30344711537723235,-0.08190918225311289,False
1.50003,1727954068,-0.5805357720280327,-0.5548224630188351,-0.2157656068872453,0.9369217234824805,0.29350376022901664,0.9493211964513713,-0.30344711537723235,-0.08190918225311289,False
1.516697,1727970735,-0.7007909549437736,-0.6170103300673399,-0.3609971767728163,0.8928022149541835,0.24188210976861646,0.9493211964513713,-0.30344711537723235,-0.08190918225311289,False
1.533364,1727987402,-0.778201900479334,-0.6809617543858568,-0.48133206125167843,0.7898962372899663,0.17352605075965058,0.9493211964513713,-0.30344711537723235,-0.08190918225311289,False
1.550031,1728004069,-0.8024721174075088,-0.7451689223819072,-0.5769657392147737,0.5896125388397775,0.10343195450483852,0.9493211964513713,-0.30344711537723235,-0.08190918225311289,False
1.566698,1728020736,-0.8168745469209373,-0.809253838785662,-0.6580669980236504,0.40123193022609327,0.03719808295754135,0.9493211964513713,-0.30344711537723235,-0.08190918225311289,False
1.583365,1728037403,-0.8500257837660109,-0.8721401569497919,-0.7286108874836688,0.3093766161847606,-0.03537427655110485,0.9493211964513713,-0.30344711537723235,-0.08190918225311289,False
1.600032,1728054070,-0.8871673236181941,-0.9324357216112158,-0.7946340090224217,0.24384320376512247,-0.10434925304904868,0.9493211964513713,-0.30344711537723235,-0.08190918225311289,False
1.616699,1728070737,-0.9341784947297114,-0.9895873671590217,-0.8706985438191787,0.17362838016294993,-0.15186551781201033,0.9493211964513713,-0.30344711537723235,-0.08190918225311289,False
1.633366,1728087404,-0.9960196320727213,-1.0436580488341296,-0.973223687614488,0.06299566862524571,-0.17526921439269896,0.9493211964513713,-0.30344711537723235,-0.08190918225311289,False
1.650033,1728104071,-1.0554422098495695,-1.0925182006936376,-1.0915541006047993,-0.10573400172919838,-0.19615160712378735,0.9493211964513713,-0.30344711537723235,-0.08190918225311289,False
1.6667,1728120738,-1.13084337433447,-1.1355671079139444,-1.2120460349660112,-0.22664074373377135,-0.22417753354049097,0.9493211964513713,-0.30344711537723235,-0.08190918225311289,False
1.683367,1728137405,-1.2012207021928893,-1.172440696635226,-1.3022006714210221,-0.2644283960000082,-0.2698601457543392,0.9493211964513713,-0.30344711537723235,-0.08190918225311289,False
1.700034,1728154072,-1.2482795457679237,-1.2038274408642375,-1.3698551669369923,-0.3123948906738147,-0.3017455649239037,0.9493211964513713,-0.30344711537723235,-0.08190918225311289,False
1.716701,1728170739,-1.2792040618946972,-1.2293839283914643,-1.4241886145087403,-0.3708676797202532,-0.3372968680264601,0.9493211964513713,-0.30344711537723235,-0.08190918225311289,False
1.733368,1728187406,-1.3128306984435463,-1.2495061761921928,-1.4722705366992346,-0.4021953519275355,-0.3679681495705223,0.9493211964513713,-0.30344711537723235,-0.08190918225311289,False
1.750035,1728204073,-1.335758424326086,-1.2657343126570697,-1.520749547685461,-0.4726966448707355,-0.3887352090004195,0.9493211964513713,-0.30344711537723235,-0.08190918225311289,False
1.766702,1728220740,-1.3383595552503031,-1.2816181561624216,-1.573446317860413,-0.618490845034447,-0.4276099776331032,0.9493211964513713,-0.30344711537723235,-0.08190918225311289,False
1.783369,1728237407,-1.3402510679259327,-1.298241456623793,-1.6058300430774006,-0.7007601449744472,-0.47506085231044737,0.9493211964513713,-0.30344711537723235,-0.08190918225311289,False
1.800036,1728254074,-1.3488427230499507,-1.3143985618649732,-1.630602829540736,-0.7400430636448142,-0.5117525604193336,0.9493211964513713,-0.30344711537723235,-0.08190918225311289,False
1.816703,1728270741,-1.3497407090567315,-1.3282531232059638,-1.657175420502248,-0.8132517267826949,-0.5375491821127569,0.9493211964513713,-0.30344711537723235,-0.08190918225311289,False
1.83337,1728287408,-1.3372920179899483,-1.3392206221668694,-1.6800769685189993,-0.9193338578022179,-0.5619579153548024,0.9493211964513713,-0.30344711537723235,-0.08190918225311289,False
1.850037,1728304075,-1.32184286633485,-1.3480411536903578,-1.6819077757361725,-0.9662675555731942,-0.5979157954040201,0.9493211964513713,-0.30344711537723235,-0.08190918225311289,False
1.866704,1728320742,-1.3073162950605897,-1.3549910732725308,-1.668314588941519,-0.9511913418668285,-0.6735740343500567,0.9493211964513713,-0.30344711537723235,-0.08190918225311289,False
1.883371,1728337409,-1.280691438726221,-1.3616018291109615,-1.6599547389627285,-0.9912408897800927,-0.7533667216181388,0.9493211964513713,-0.30344711537723235,-0.08190918225311289,False
1.900038,1728354076,-1.2892882559754648,-1.3693682683122321,-1.6527991728514566,-0.9135129837127164,-0.8534356128426395,0.9493211964513713,-0.30344711537723235,-0.08190918225311289,False
1.916705,1728370743,-1.3137395501104792,-1.3786543330576442,-1.6505688623438866,-0.8049351655915024,-0.931315166182641,0.9493211964513713,-0.30344711537723235,-0.08190918225311289,False
1.933372,1728387410,-1.3514530733521821,-1.3906188029862772,-1.647574301696763,-0.6661742220957122,-0.9502420416574042,0.9493211964513713,-0.30344711537723235,-0.08190918225311289,False
1.950039,1728404077,-1.3799949269725742,-1.4056885033754578,-1.6591210381386359,-0.6066125254464968,-0.9562674109178184,0.9493211964513713,-0.30344711537723235,-0.08190918225311289,False
1.966706,1728420744,-1.4170382108789166,-1.4230689966119439,-1.6759539176108622,-0.5319594095418766,-0.975676688429826,0.9493211964513713,-0.30344711537723235,-0.08190918225311289,False
1.983373,1728437411,-1.4516862028983641,-1.442581631392416,-1.690010050366448,-0.4599346033426799,-0.9824099069426238,0.9493211964513713,-0.30344711537723235,-0.08190918225311289,False
2.00004,1728454078,-1.4757759980275809,-1.4650856988907568,-1.6984055767224233,-0.40476609430767446,-0.9899912416004807,0.9493211964513713,-0.30344711537723235,-0.08190918225311289,False
2.016707,1728470745,-1.4948777582788373,-1.4904874627987728,-1.7285206645135298,-0.4302854941311791,-1.0112750905082482,0.9493211964513713,-0.30344711537723235,-0.08190918225311289,False
2.033374,1728487412,-1.5208993365272425,-1.5176895138630369,-1.7662200893129865,-0.44961586412635457,-1.0589075986863459,0.9493211964513713,-0.30344711537723235,-0.08190918225311289,False
2.050041,1728504079,-1.5527309920290393,-1.546558622882087,-1.8021511649190434,-0.44864296443761675,-1.0903289816819137,0.9493211964513713,-0.30344711537723235,-0.08190918225311289,False
2.066708,1728520746,-1.578491257365955,-1.576458139714415,-1.8194516295319643,-0.41078432127430947,-1.1165962258345885,0.9493211964513713,-0.30344711537723235,-0.08190918225311289,False
2.083375,1728537413,-1.604840212012018,-1.6051886860712348,-1.8261966244502397,-0.33666104332889224,-1.1476880619950915,0.9493211964513713,-0.30344711537723235,-0.08190918225311289,False
2.100042,1728554080,-1.6352189447832537,-1.6303206207883885,-1.836762777316685,-0.2614707435563028,-1.1778216759840683,0.9493211964513713,-0.30344711537723235,-0.08190918225311289,False
2.116709,1728570747,-1.6692944612155625,-1.651134228939705,-1.8540713964990079,-0.19997241916421282,-1.1902428935826492,0.9493211964513713,-0.30344711537723235,-0.08190918225311289,False
2.133376,1728587414,-1.687630431487303,-1.6691042618714877,-1.8808366735265403,-0.2192825698192103,-1.2050552136700499,0.9493211964513713,-0.30344711537723235,-0.08190918225311289,False
2.150043,1728604081,-1.6964377208863854,-1.6837499393857789,-1.912714935949269,-0.28792368975446425,-1.2127035745375974,0.9493211964513713,-0.30344711537723235,-0.08190918225311289,False
2.16671,1728620748,-1.7027585302593244,-1.6958358221159817,-1.9415189237815775,-0.3492872221556249,-1.2420389903727165,0.9493211964513713,-0.30344711537723235,-0.08190918225311289,False
2.183377,1728637415,-1.7120888891309585,-1.7079438976190917,-1.9645332283842636,-0.3801571300266858,-1.2804989496495058,0.9493211964513713,-0.30344711537723235,-0.08190918225311289,False
2.200044,1728654082,-1.7221130496217214,-1.721240720142796,-1.9774983647710556,-0.3749409490955089,-1.3277067625782706,0.9493211964513713,-0.30344711537723235,-0.08190918225311289,False
2.216711,1728670749,-1.7371318679799945,-1.735304016308866,-1.978422155543004,-0.3171782196487211,-1.3690463210554034,0.9493211964513713,-0.30344711537723235,-0.08190918225311289,False
2.233378,1728687416,-1.745867039583551,-1.7489561772082753,-1.9690144794627344,-0.24430554477766722,-1.4233372435285119,0.9493211964513713,-0.30344711537723235,-0.08190918225311289,False
2.250045,1728704083,-1.7410529032057698,-1.763213259795164,-1.9457455564201538,-0.16502296348501755,-1.5061426741433601,0.9493211964513713,-0.30344711537723235,-0.08190918225311289,False
2.266712,1728720750,-1.7241909464999605,-1.7791294357862735,-1.9121304702651498,-0.08381121642841989,-1.623271340472225,0.9493211964513713,-0.30344711537723235,-0.08190918225311289,False
2.283379,1728737417,-1.6987204413610801,-1.7977478978417356,-1.8699703915189334,0.007511277153448043,-1.783919946959951,0.9493211964513713,-0.30344711537723235,-0.08190918225311289,False
2.300046,1728754084,-1.6579076846739829,-1.8166712943977898,-1.8143938966472983,0.09774565814473475,-1.9723502825595085,0.9493211964513713,-0.30344711537723235,-0.08190918225311289,False
2.316713,1728770751,-1.6191768348185376,-1.8302278204775877,-1.7557994286514627,0.2118582551295879,-2.188846373567563,0.9493211964513713,-0.30344711537723235,-0.08190918225311289,False
2.33338,1728787418,-1.6052208303374642,-1.8285732496303904,-1.7147126549031355,0.35605320800161544,-2.417233487861412,0.9493211964513713,-0.30344711537723235,-0.08190918225311289,False
2.350047,1728804085,-1.6207240415158977,-1.8007767728539585,-1.7091574138320766,0.4976456552846691,-2.6881298611165043,0.9493211964513713,-0.30344711537723235,-0.08190918225311289,False
2.366714,1728820752,-1.6437965455438375,-1.7401691321250996,-1.7222257440630133,0.6139032715430746,-2.9886038309420986,0.9493211964513713,-0.30344711537723235,-0.08190918225311289,False
2.383381,1728837419,-1.6272036169505142,-1.6420339581448764,-1.7462448258836245,0.5684923623687016,-3.301327532787318,0.9493211964513713,-0.30344711537723235,-0.08190918225311289,False
2.400048,1728854086,-1.5858444365357767,-1.5048921097196195,-1.7634077651237468,0.4591717312550056,-3.6001864835515667,0.9493211964513713,-0.30344711537723235,-0.08190918225311289,False
2.416715,1728870753,-1.5410605346985504,-1.338942142608878,-1.7895664743915252,0.32755297617092927,-3.962509566761252,0.9493211964513713,-0.30344711537723235,-0.08190918225311289,False
2.433382,1728887420,-1.4352775335594221,-1.1604004088792164,-1.7425992330824789,0.23931688736301765,-4.382743487523732,0.9493211964513713,-0.30344711537723235,-0.08190918225311289,False
2.450049,1728904087,-1.2853621707290195,-0.9760540239632458,-1.6244616231422155,0.2206560360563939,-4.7746683393349345,0.9493211964513713,-0.30344711537723235,-0.08190918225311289,False
2.466716,1728920754,-1.091851188858537,-0.7908457516184281,-1.4869812430460674,0.10170321835950215,-5.1031059187722505,0.9493211964513713,-0.30344711537723235,-0.08190918225311289,False
2.483383,1728937421,-0.8828867572199843,-0.5634725798768047,-1.3520462693687592,-0.09236304281654874,-5.371439129208173,0.9493211964513713,-0.30344711537723235,-0.08190918225311289,False
2.50005,1728954088,-0.5933858493993038,-0.37260148746842436,-1.143903299735482,-0.35246062868032957,-5.52991358044147,0.9493211964513713,-0.30344711537723235,-0.08190918225311289,False
2.516717,1728970755,-0.18746363375477873,-0.20130557609491145,-0.9015685650329703,-0.9304808581623214,-5.535653401986285,0.9493211964513713,-0.30344711537723235,-0.08190918225311289,False
2.533384,1728987422,0.3648017378496506,0.03608870585817923,-0.5682891878171473,-1.7306340757570626,-5.451072026919078,0.9493211964513713,-0.30344711537723235,-0.08190918225311289,False
2.550051,1729004089,1.0068556249418381,0.40842072789697537,-0.129968443778933,-2.519535448374061,-5.286949622866121,0.9493211964513713,-0.30344711537723235,-0.08190918225311289,False
2.566718,1729020756,1.675657111789901,0.9985749192136135,0.3797413212938897,-3.191483742233488,-5.055259254264118,0.9493211964513713,-0.30344711537723235,-0.08190918225311289,False
2.583385,1729037423,2.2767318432971297,1.6807104852802544,0.8703813816833208,-3.71057905356311,-4.784004532067022,0.9493211964513713,-0.30344711537723235,-0.08190918225311289,False
2.600052,1729054090,2.735433388410734,2.4127705966352675,1.288714983997851,-3.9806393438619705,-4.535187168006592,0.9493211964513713,-0.30344711537723235,-0.08190918225311289,False
2.616719,1729070757,3.0842800502698307,3.230696635787705,1.7347339696493678,-3.7567584134229,-4.454212208576216,0.9493211964513713,-0.30344711537723235,-0.08190918225311289,False
2.633386,1729087424,3.3184800801757937,4.172461218020679,2.221592723937496,-2.952404497595691,-4.65069286971563,0.9493211964513713,-0.30344711537723235,-0.08190918225311289,False
2.650053,1729104091,3.4919515689645055,5.232223348534192,2.6283050540587913,-2.102138167632759,-5.204742084074035,0.9493211964513713,-0.30344711537723235,-0.08190918225311289,False
2.66672,1729120758,3.85864791795357,6.299176076388919,2.9253713294262167,-2.1291984473364307,-6.138381892346214,0.9493211964513713,-0.30344711537723235,-0.08190918225311289,False
2.683387,1729137425,4.623571776127331,7.262498992031089,3.412169897795436,-2.7735380500893974,-7.448035609904881,0.9493211964513713,-0.30344711537723235,-0.08190918225311289,False
2.700054,1729154092,5.683445379977388,8.05964631476123,4.298833830105836,-3.076013393529585,-8.990713303215712,0.9493211964513713,-0.30344711537723235,-0.08190918225311289,False
2.716721,1729170759,7.0816653591224865,8.682242674604094,6.030434942188296,-1.7494595601390588,-10.906411512685425,0.9493211964513713,-0.30344711537723235,-0.08190918225311289,False
2.733388,1729187426,7.780094893413285,9.119175511971328,8.022492413033468,3.508771204229493,-15.825543886129555,0.9493211964513713,-0.30344711537723235,-0.08190918225311289,False
2.750055,1729204093,10.429803422399843,9.380489542731556,10.790080849055233,3.873673780757265,-17.450597319664592,0.9493211964513713,-0.30344711537723235,-0.08190918225311289,False
2.766722,1729220760,13.394303158971164,9.485567807111133,13.406199459719405,2.9005205428237333,-19.717282678483603,0.9493211964513713,-0.30344711537723235,-0.08190918225311289,False
2.783389,1729237427,15.049500346217613,9.41033115407819,15.805822286100348,5.561566392631283,-21.971865822952832,0.9493211964513713,-0.30344711537723235,-0.08190918225311289,False
2.800056,1729254094,15.26506483644501,9.160500243113557,16.923788646236336,8.818108078550681,-23.710907825453763,0.9493211964513713,-0.30344711537723235,-0.08190918225311289,False
2.816723,1729270761,13.157194485148276,8.847518568727244,15.631168028439408,12.143979554982284,-25.27932667975945,0.9493211964513713,-0.30344711537723235,-0.08190918225311289,False
2.83339,1729287428,12.957518021759318,8.567288609792747,14.936719526562376,10.293388625340825,-24.034310464837024,0.9493211964513713,-0.30344711537723235,-0.08190918225311289,False
2.850057,1729304095,13.327515892428446,8.373460189489915,14.443399796819413,7.034797030690353,-22.196989315880252,0.9493211964513713,-0.30344711537723235,-0.08190918225311289,False
2.866724,1729320762,12.560160393155737,8.289918258769392,13.057831011870086,4.671001984678765,-20.13015790605118,0.9493211964513713,-0.30344711537723235,-0.08190918225311289,False
2.883391,1729337429,10.20928393257777,8.332032145640769,10.680146097809857,4.3171997249190195,-17.675609554015413,0.9493211964513713,-0.30344711537723235,-0.08190918225311289,False
2.900058,1729354096,6.857227696094859,8.480202090272293,7.7093759569345535,5.375179273737471,-15.102023492605507,0.9493211964513713,-0.30344711537723235,-0.08190918225311289,False
2.916725,1729370763,4.755966236108193,8.754286533201238,5.281255748142892,3.882661711118833,-12.060903798533237,0.9493211964513713,-0.30344711537723235,-0.08190918225311289,False
2.933392,1729387430,4.416087383843664,9.263756693903455,3.850327615338584,-0.1587532831461014,-9.523652643899622,0.9493211964513713,-0.30344711537723235,-0.08190918225311289,False
2.950059,1729404097,5.424544796465442,10.171369938061446,3.5018994713841316,-4.952987800545982,-8.112711935544441,0.9493211964513713,-0.30344711537723235,-0.08190918225311289,False
2.966726,1729420764,6.9544094244238215,11.63499226639028,4.13069649739316,-8.176726858051001,-7.559659962855868,0.9493211964513713,-0.30344711537723235,-0.08190918225311289,False
2.983393,1729437431,9.253528797878499,13.756532316682447,5.959855621522022,-9.851072104737955,-8.226064003068485,0.9493211964513713,-0.30344711537723235,-0.08190918225311289,False
3.00006,1729454098,12.02614840606978,16.562574572842227,9.08716145714724,-8.593966261955822,-10.487923141031693,0.9493211964513713,-0.30344711537723235,-0.08190918225311289,False
3.016727,1729470765,15.258268637119428,20.17802443240084,13.155954195534788,-5.678468194096877,-13.591708481300566,0.9493211964513713,-0.30344711537723235,-0.08190918225311289,False
3.033394,1729487432,20.1917824886199,24.53775607716419,19.081804012445648,-2.869370080209563,-15.54987395650469,0.9493211964513713,-0.30344711537723235,-0.08190918225311289,False
3.050061,1729504099,26.724673281182724,29.560196977180855,25.80147362053415,-3.079253393884409,-16.649598210563614,0.9493211964513713,-0.30344711537723235,-0.08190918225311289,False
3.066728,1729520766,32.722852571262024,35.18667668234295,31.529010397458176,-4.4412777787418785,-18.45165323750766,0.9493211964513713,-0.30344711537723235,-0.08190918225311289,False
3.083395,1729537433,38.17596280439897,41.24979012499547,36.39821343629337,-6.625670391040537,-20.500568107311874,0.9493211964513713,-0.30344711537723235,-0.08190918225311289,False
3.100062,1729554100,43.66689433925976,47.725347622720356,40.97867644473755,-9.819256697953435,-22.618967462175,0.9493211964513713,-0.30344711537723235,-0.08190918225311289,False
3.116729,1729570767,49.685633038676244,54.5019252227044,46.18672536613604,-12.95018049946772,-24.13964764375544,0.9493211964513713,-0.30344711537723235,-0.08190918225311289,False
3.133396,1729587434,56.494729785400395,61.36529432470981,52.1961937514064,-16.535992821181228,-24.335921412242428,0.9493211964513713,-0.30344711537723235,-0.08190918225311289,False
3.150063,1729604101,65.03998908244382,68.05409715812964,59.68320869807736,-21.89771852857033,-22.02454576273729,0.9493211964513713,-0.30344711537723235,-0.08190918225311289,False
3.16673,1729620768,74.84917024060672,74.3324106419418,68.4224984548268,-28.348285100886255,-16.596367180831688,0.9493211964513713,-0.30344711537723235,-0.08190918225311289,False
3.183397,1729637435,84.3124825089589,80.08736282395576,77.0728768315422,-34.294586951819106,-9.844213019321536,0.9493211964513713,-0.30344711537723235,-0.08190918225311289,False
3.200064,1729654102,92.13296480981379,85.24504245112328,84.54068594343926,-38.370070971834195,-3.671998429277298,0.9493211964513713,-0.30344711537723235,-0.08190918225311289,False
3.216731,1729670769,97.63811201353984,89.72163528941678,89.9021175486983,-40.880884644406,0.5579623532832862,0.9493211964513713,-0.30344711537723235,-0.08190918225311289,False
3.233398,1729687436,101.37003103068739,93.34004194686896,93.53131985308416,-42.47719682230616,2.972294627171313,0.9493211964513713,-0.30344711537723235,-0.08190918225311289,False
3.250065,1729704103,103.12365321733517,95.98446955073996,95.03189575916618,-43.001771603152086,0.8978877853655365,0.9493211964513713,-0.30344711537723235,-0.08190918225311289,False
3.266732,1729720770,103.11892681616115,97.53978741425794,94.79600131021192,-42.745676775912614,-2.7271567794154734,0.9493211964513713,-0.30344711537723235,-0.08190918225311289,False
3.283399,1729737437,103.8622498717597,97.97484334062264,95.38835099376098,-43.5680373147827,-1.8902544182834902,0.9493211964513713,-0.30344711537723235,-0.08190918225311289,True
3.300066,1729754104,103.97056081941993,97.39360693557767,95.87668012339373,-41.887105482631135,-3.7801972233405445,0.9493211964513713,-0.30344711537723235,-0.08190918225311289,False
3.316733,1729770771,102.00175672833015,95.95677865554327,94.85329303109691,-37.44782390068553,-8.050855879289843,0.9493211964513713,-0.30344711537723235,-0.08190918225311289,False
3.3334,1729787438,98.09428936357773,93.73215352288182,92.30697502434505,-31.557854007423238,-11.678051970858911,0.9493211964513713,-0.30344711537723235,-0.08190918225311289,False
3.350067,1729804105,93.02416250566391,90.76027595068122,88.67124879494625,-25.639485873437216,-13.842117699161893,0.9493211964513713,-0.30344711537723235,-0.08190918225311289,False
3.366734,1729820772,87.47121005941409,87.10280085097402,83.99840747086601,-21.63660257133794,-15.035369284376415,0.9493211964513713,-0.30344711537723235,-0.08190918225311289,False
3.383401,1729837439,81.75977605239864,82.66619063893258,78.45148632503461,-19.576682510647345,-17.2262422384773,0.9493211964513713,-0.30344711537723235,-0.08190918225311289,False
3.400068,1729854106,76.0483499374346,77.4861724172159,72.48605647738671,-18.549584133609557,-20.441424197671264,0.9493211964513713,-0.30344711537723235,-0.08190918225311289,False
3.416735,1729870773,70.00030789805484,71.72729827374984,66.31245526885863,-16.750010370188583,-24.82144489698393,0.9493211964513713,-0.30344711537723235,-0.08190918225311289,False
3.433402,1729887440,63.285863321848396,65.5296784822999,59.952470747588826,-13.218133905404331,-29.643386139476437,0.9493211964513713,-0.30344711537723235,-0.08190918225311289,False
3.450069,1729904107,55.9982921886435,59.124091711039945,53.73744934942721,-7.31372258876746,-34.57759482506674,0.9493211964513713,-0.30344711537723235,-0.08190918225311289,False
3.466736,1729920774,48.43283634879966,52.87739780587381,47.487550252188534,-1.0049729174324427,-38.02138135169986,0.9493211964513713,-0.30344711537723235,-0.08190918225311289,False
3.483403,1729937441,42.33887721640734,46.97709967767861,42.807281622947315,4.8983017121238746,-39.736094356857386,0.9493211964513713,-0.30344711537723235,-0.08190918225311289,False
3.50007,1729954108,37.51424888362399,41.62665393790943,38.68187644815934,7.454313270491706,-38.116258600966546,0.9493211964513713,-0.30344711537723235,-0.08190918225311289,False
3.516737,1729970775,34.48789617552054,36.687222324116426,35.227084422201955,5.379181693734035,-33.521680933675285,0.9493211964513713,-0.30344711537723235,-0.08190918225311289,False
3.533404,1729987442,32.2051341457446,31.98982623291145,31.70995596616824,0.5468490972960917,-28.513270258964596,0.9493211964513713,-0.30344711537723235,-0.08190918225311289,False
3.550071,1730004109,29.685939248937178,27.75915946355125,27.815401251360694,-4.472209121216487,-24.30091843065763,0.9493211964513713,-0.30344711537723235,-0.08190918225311289,False
3.566738,1730020776,26.150393418067694,24.073782702886703,23.742759474438657,-6.451171264269059,-21.006891890381517,0.9493211964513713,-0.30344711537723235,-0.08190918225311289,False
3.583405,1730037443,21.383155810493893,20.852659105328087,19.521820036069634,-4.599720009290118,-18.584785091725482,0.9493211964513713,-0.30344711537723235,-0.08190918225311289,False
3.600072,1730054110,15.624453883772032,17.960422138166518,15.610699739610325,2.0806540174914687,-18.357065819710613,0.9493211964513713,-0.30344711537723235,-0.08190918225311289,False
3.616739,1730070777,8.855064030639445,15.319527806688516,9.279092390416876,5.506753299358979,-21.787440136895995,0.9493211964513713,-0.30344711537723235,-0.08190918225311289,False
3.633406,1730087444,5.462645259848169,12.936766629271512,5.428579820457173,4.135605291678504,-19.918095645837468,0.9493211964513713,-0.30344711537723235,-0.08190918225311289,False
3.650073,1730104111,4.3840073094268535,10.831344719783752,5.917406363557619,9.772891038729629,-21.96825345117741,0.9493211964513713,-0.30344711537723235,-0.08190918225311289,False
3.66674,1730120778,5.1675859388489,8.994240831899633,7.058668173226422,10.998710416795271,-22.848813543056394,0.9493211964513713,-0.30344711537723235,-0.08190918225311289,False
3.683407,1730137445,9.321124117185347,7.438950042477289,10.817416806876885,9.644115886863007,-24.975933126881667,0.9493211964513713,-0.30344711537723235,-0.08190918225311289,False
3.700074,1730154112,14.320226979355796,6.228097339830692,14.895285627838343,6.310011236236262,-26.394224853028895,0.9493211964513713,-0.30344711537723235,-0.08190918225311289,False
3.716741,1730170779,15.358965980979,5.320049383880468,16.88906438408371,9.602389667985284,-28.16527543782419,0.9493211964513713,-0.30344711537723235,-0.08190918225311289,False
3.733408,1730187446,13.90460157131966,4.625133865053056,16.048359946262977,11.902112363829707,-28.672890703810797,0.9493211964513713,-0.30344711537723235,-0.08190918225311289,False
3.750075,1730204113,8.653298723612673,4.185035373126933,11.107542466081773,13.647886337530347,-28.29283551711373,0.9493211964513713,-0.30344711537723235,-0.08190918225311289,False
3.766742,1730220780,5.753744360610715,4.02617307005043,7.362694598776301,11.048679407276316,-26.66648854754433,0.9493211964513713,-0.30344711537723235,-0.08190918225311289,False
3.783409,1730237447,6.501173870440411,4.206160888204167,6.387747700194774,4.667131747702359,-23.44957249949812,0.9493211964513713,-0.30344711537723235,-0.08190918225311289,False
3.800076,1730254114,5.4726311529261045,4.801034873134515,4.62622142983004,1.7727450138905405,-20.58564699493668,0.9493211964513713,-0.30344711537723235,-0.08190918225311289,False
3.816743,1730270781,3.9676320678493635,5.967678652073449,3.1913119960097363,1.795989220808196,-18.92825336347313,0.9493211964513713,-0.30344711537723235,-0.08190918225311289,False
3.83341,1730287448,3.4962646466003005,7.814950796108781,2.4278158181722054,0.4559666113872026,-17.058007471944418,0.9493211964513713,-0.30344711537723235,-0.08190918225311289,False
3.850077,1730304115,5.137896934312624,10.403978550365514,3.373323279849815,-2.2829460033664666,-15.994962806092339,0.9493211964513713,-0.30344711537723235,-0.08190918225311289,False
3.866744,1730320782,8.48627817623553,13.6850540744609,6.196566947564116,-4.326489097030933,-16.58230755999789,0.9493211964513713,-0.30344711537723235,-0.08190918225311289,False
3.883411,1730337449,12.427003461322979,17.546630887660818,9.94203410848867,-5.334583352471348,-17.54887348813557,0.9493211964513713,-0.30344711537723235,-0.08190918225311289,False
3.900078,1730354116,16.913811111849004,22.0553945656431,14.360530034125354,-5.579864323409328,-20.207989387058692,0.9493211964513713,-0.30344711537723235,-0.08190918225311289,False
3.916745,1730370783,22.750022940957418,27.145601581566943,20.725435197061127,-4.215242724636536,-22.746934674256703,0.9493211964513713,-0.30344711537723235,-0.08190918225311289,False
3.933412,1730387450,29.152812866149052,32.81681112358282,27.9815896396201,-1.9830679092932708,-25.087523502097824,0.9493211964513713,-0.30344711537723235,-0.08190918225311289,False
3.950079,1730404117,34.250948949033464,39.23650406746619,33.66443131503536,-0.01917464587345853,-28.74073748614577,0.9493211964513713,-0.30344711537723235,-0.08190918225311289,False
3.966746,1730420784,39.66930529997713,46.43543125198353,38.965048329175815,-0.25680185844750636,-32.57743764984055,0.9493211964513713,-0.30344711537723235,-0.08190918225311289,False
3.983413,1730437451,46.57642452428196,54.12625225065088,45.379720479943316,-2.5408160749249205,-34.09689437496917,0.9493211964513713,-0.30344711537723235,-0.08190918225311289,False
4.00008,1730454118,54.29589026927055,62.01681808848274,52.81427004071973,-4.711663737535994,-34.13294405403258,0.9493211964513713,-0.30344711537723235,-0.08190918225311289,False
4.016747,1730470785,63.45185571991772,69.69111848454331,61.34411171606326,-8.63766629599508,-32.510070991425245,0.9493211964513713,-0.30344711537723235,-0.08190918225311289,False
4.033414,1730487452,74.70405179381463,77.01743421918694,71.37503823266867,-15.70140724335087,-27.457561721695086,0.9493211964513713,-0.30344711537723235,-0.08190918225311289,False
4.050081,1730504119,87.28156333975262,83.9800178993212,82.63420501338203,-24.13971205489632,-19.257829180889374,0.9493211964513713,-0.30344711537723235,-0.08190918225311289,False
4.066748,1730520786,98.28484053830985,90.32163564839792,92.7342784714761,-31.04107779468447,-10.966498121928199,0.9493211964513713,-0.30344711537723235,-0.08190918225311289,False
4.083415,1730537453,106.78163611219017,95.82959986218492,100.40504722283903,-37.10739493199974,-3.323469417129731,0.9493211964513713,-0.30344711537723235,-0.08190918225311289,False
4.100082,1730554120,111.99570968964996,100.35836684672378,105.19738880418667,-41.26585490220495,3.9683937450933233,0.9493211964513713,-0.30344711537723235,-0.08190918225311289,False
4.116749,1730570787,114.98929899874425,103.81300773999368,107.95829366352977,-44.08974425966528,9.881006490205895,0.9493211964513713,-0.30344711537723235,-0.08190918225311289,False
4.133416,1730587454,115.80024376198006,106.14391362755971,108.50121850303942,-45.43168759211155,11.244396102326643,0.9493211964513713,-0.30344711537723235,-0.08190918225311289,False
4.150083,1730604121,114.74423368055558,107.29424443457656,107.19973917290152,-45.40620866189125,8.958408913266341,0.9493211964513713,-0.30344711537723235,-0.08190918225311289,True
4.16675,1730620788,114.09671232045045,107.21030744551513,106.48297378567841,-45.33916492532062,8.308134525587505,0.9493211964513713,-0.30344711537723235,-0.08190918225311289,False
4.183417,1730637455,112.67180412889282,105.94987526867945,105.48479433923158,-42.79830857857461,4.722452972610143,0.9493211964513713,-0.30344711537723235,-0.08190918225311289,False
4.200084,1730654122,108.93133106631598,103.60626953860319,102.47953057825006,-38.03000796472738,-2.1072403265468296,0.9493211964513713,-0.30344711537723235,-0.08190918225311289,False
4.216751,1730670789,103.31447811832136,100.20178220696558,98.05679837181066,-31.79872829846807,-7.877097974267064,0.9493211964513713,-0.30344711537723235,-0.08190918225311289,False
4.233418,1730687456,96.79627437486049,95.88268353494179,92.8946383461321,-25.425774874388836,-11.737452975528504,0.9493211964513713,-0.30344711537723235,-0.08190918225311289,False
4.250085,1730704123,89.85132206238048,90.84976139995493,86.87533832175245,-20.39887312334752,-15.335286771395628,0.9493211964513713,-0.30344711537723235,-0.08190918225311289,False
4.266752,1730720790,82.71543848780101,84.95921738448106,80.02814383966934,-17.11452286655818,-19.741751161221384,0.9493211964513713,-0.30344711537723235,-0.08190918225311289,False
4.283419,1730737457,75.48415336124812,78.32003651107802,72.70295308393989,-14.898761237997348,-24.564656110270132,0.9493211964513713,-0.30344711537723235,-0.08190918225311289,False
4.300086,1730754124,68.09055225455369,71.21735150031085,65.11306954197265,-12.986456621934956,-29.349462001117427,0.9493211964513713,-0.30344711537723235,-0.08190918225311289,False
4.316753,1730770791,60.45413096138025,63.81115586752628,57.50219414403806,-10.526480703809433,-33.44200245467617,0.9493211964513713,-0.30344711537723235,-0.08190918225311289,False
4.33342,1730787458,52.67754039803027,56.4433191213941,50.192837554560576,-6.8576496720236575,-36.80710469696942,0.9493211964513713,-0.30344711537723235,-0.08190918225311289,False
4.350087,1730804125,45.13100765279564,49.49110005299469,43.81984613091985,-1.2791039834784201,-39.203376883071044,0.9493211964513713,-0.30344711537723235,-0.08190918225311289,False
4.366754,1730820792,38.72985027057459,43.09240359983198,38.876363834415855,4.491089292768562,-39.72521887688393,0.9493211964513713,-0.30344711537723235,-0.08190918225311289,False
4.383421,1730837459,33.25091652172297,37.16817188184809,34.65607748130247,9.11178408221472,-38.8658530290714,0.9493211964513713,-0.30344711537723235,-0.08190918225311289,False
4.400088,1730854126,28.551575103737218,31.643700530744216,30.564753733531408,11.189524863711615,-36.60876034483909,0.9493211964513713,-0.30344711537723235,-0.08190918225311289,False
4.416755,1730870793,25.227820517907727,26.513608791450856,26.765708230229006,9.076434081758562,-32.232554213669886,0.9493211964513713,-0.30344711537723235,-0.08190918225311289,False
4.433422,1730887460,22.60070522181381,21.879566885573634,23.43171411736246,6.0571579163426845,-27.614333784373365,0.9493211964513713,-0.30344711537723235,-0.08190918225311289,False
4.450089,1730904127,19.71224955086426,17.78531546335131,20.10074540820822,4.138680334579017,-23.8485415953845,0.9493211964513713,-0.30344711537723235,-0.08190918225311289,False
4.466756,1730920794,16.052295177623467,14.175845228019915,16.144629427073486,2.7751882027467496,-19.965248389126824,0.9493211964513713,-0.30344711537723235,-0.08190918225311289,False
4.483423,1730937461,10.269389228838287,10.988261466206556,11.407403794120476,7.158744041807318,-20.50755793472286,0.9493211964513713,-0.30344711537723235,-0.08190918225311289,False
4.50009,1730954128,2.237957726270733,8.210440134934766,4.129231186819813,11.181155521925668,-21.709879613048994,0.9493211964513713,-0.30344711537723235,-0.08190918225311289,False
4.516757,1730970795,-0.5056284219936114,5.833992001371395,1.9725131738364352,13.22986677853796,-20.800427209035476,0.9493211964513713,-0.30344711537723235,-0.08190918225311289,False
4.533424,1730987462,-0.6694116855161883,3.8133966015892446,2.529830391504244,15.443136614046722,-20.541042806933863,0.9493211964513713,-0.30344711537723235,-0.08190918225311289,False
4.550091,1731004129,0.1306198761675768,2.1648591932919095,3.538784594038128,16.4866936830074,-22.480682892539264,0.9493211964513713,-0.30344711537723235,-0.08190918225311289,False
4.566758,1731020796,5.302956140420259,0.9332526685624445,7.283033487845053,11.59045573862911,-24.093348780740193,0.9493211964513713,-0.30344711537723235,-0.08190918225311289,False
4.583425,1731037463,8.768690046190928,0.11464856681522961,10.437213056926014,9.981202830965774,-23.886793558856496,0.9493211964513713,-0.30344711537723235,-0.08190918225311289,False
4.600092,1731054130,7.31080289199703,-0.3264600263462428,10.434164610909493,14.86669055108694,-24.222457465529647,0.9493211964513713,-0.30344711537723235,-0.08190918225311289,False
4.616759,1731070797,3.095256058701727,-0.42822877605155885,6.9696575591327035,17.893616226403715,-24.12350654294387,0.9493211964513713,-0.30344711537723235,-0.08190918225311289,False
4.633426,1731087464,0.8006153411569867,-0.20553663141939255,3.827253208902432,15.012549017266265,-21.855858536193335,0.9493211964513713,-0.30344711537723235,-0.08190918225311289,False
4.650093,1731104131,0.38900855500655745,0.3290106438543503,1.6842428337921465,8.696105931646585,-18.26763999299554,0.9493211964513713,-0.30344711537723235,-0.08190918225311289,False
4.66676,1731120798,0.523850925373053,1.1497050436661929,0.2465216451213003,3.05055474260747,-15.66201449657787,0.9493211964513713,-0.30344711537723235,-0.08190918225311289,False
4.683427,1731137465,1.2083686246558565,2.3787615155238195,0.0018224937330027673,-0.5791968152213827,-13.408032168451438,0.9493211964513713,-0.30344711537723235,-0.08190918225311289,False
4.700094,1731154132,2.5479419073734637,4.178062625727336,0.6919647617493205,-3.328425083530039,-11.57870382836271,0.9493211964513713,-0.30344711537723235,-0.08190918225311289,False
4.716761,1731170799,4.70763034871666,6.743749174678201,2.60987050563733,-4.522933697102564,-11.291918799368315,0.9493211964513713,-0.30344711537723235,-0.08190918225311289,False
4.733428,1731187466,7.770107203138892,10.155283746459862,5.842497041502575,-4.22750867265381,-12.309165375410675,0.9493211964513713,-0.30344711537723235,-0.08190918225311289,False
4.750095,1731204133,11.260545336836445,14.225773641713692,9.836856037286706,-2.8729509036661565,-13.646562689866508,0.9493211964513713,-0.30344711537723235,-0.08190918225311289,False
4.766762,1731220800,15.316522379731472,18.78160449978214,14.264583982667823,-1.8639134146475953,-15.585668455615824,0.9493211964513713,-0.30344711537723235,-0.08190918225311289,False
4.783429,1731237467,20.950322722575063,23.933120629011096,20.30861503894754,-1.0845657184020923,-17.204099451530656,0.9493211964513713,-0.30344711537723235,-0.08190918225311289,False
4.800096,1731254134,27.005438810850396,29.665396344741154,26.22659040571835,-2.0476243702922376,-18.97214619163923,0.9493211964513713,-0.30344711537723235,-0.08190918225311289,False
4.816763,1731270801,32.48832250972226,35.96094757408874,31.340032171843852,-3.489722773713396,-21.303807155739037,0.9493211964513713,-0.30344711537723235,-0.08190918225311289,False
4.83343,1731287468,37.87881094098893,43.01203900025486,36.123163309763854,-5.584660163431582,-23.917164326920165,0.9493211964513713,-0.30344711537723235,-0.08190918225311289,False
4.850097,1731304135,43.6390691321235,50.683436290211596,41.27161209210748,-7.777412003489664,-26.44853391094372,0.9493211964513713,-0.30344711537723235,-0.08190918225311289,False
4.866764,1731320802,50.09941846462487,58.59436372876333,47.4825977294315,-9.130403296494901,-28.323387339063075,0.9493211964513713,-0.30344711537723235,-0.08190918225311289,False
4.883431,1731337469,57.96777511090271,66.39127641308916,55.12364023583441,-10.967826230694985,-29.019186531350666,0.9493211964513713,-0.30344711537723235,-0.08190918225311289,False
4.900098,1731354136,67.50377336564004,73.94270421996501,63.95179962810003,-15.152762521015486,-27.619252797760407,0.9493211964513713,-0.30344711537723235,-0.08190918225311289,False
4.916765,1731370803,79.44837802418563,81.15315320081876,74.5863148999815,-22.566414789002092,-22.728256609692757,0.9493211964513713,-0.30344711537723235,-0.08190918225311289,False
4.933432,1731387470,91.82935797834314,87.88086873019526,85.86652968780898,-30.39057706697356,-14.16039524615855,0.9493211964513713,-0.30344711537723235,-0.08190918225311289,False
4.950099,1731404137,103.04731453566909,93.97122490737543,96.3871124920507,-37.19737143122769,-3.9666930311702435,0.9493211964513713,-0.30344711537723235,-0.08190918225311289,False
4.966766,1731420804,110.42503950897613,99.26451220020151,103.3744711300758,-42.12743462329142,5.208543768467551,0.9493211964513713,-0.30344711537723235,-0.08190918225311289,False
4.983433,1731437471,114.28082501503603,103.6199961164863,107.20299249569099,-44.451867769341575,11.11818047984218,0.9493211964513713,-0.30344711537723235,-0.08190918225311289,False
5.0001,1731454138,117.41068588387904,106.92749198966457,109.96313863665779,-46.47078347881663,12.376140985317681,0.9493211964513713,-0.30344711537723235,-0.08190918225311289,False
5.016767,1731470805,118.01053350870532,109.05569368968278,109.91172028994906,-47.97104616921477,10.014870121493265,0.9493211964513713,-0.30344711537723235,-0.08190918225311289,False
5.033434,1731487472,117.54059078786008,109.9572865959142,109.05576664819965,-49.191895660461434,10.354649389406598,0.9493211964513713,-0.30344711537723235,-0.08190918225311289,True
5.050101,1731504139,116.86451591707998,109.7624355424582,108.6822262377863,-48.14076275821451,10.38519290491762,0.9493211964513713,-0.30344711537723235,-0.08190918225311289,False
5.066768,1731520806,114.7305169744859,108.57164530431618,107.45544100782706,-43.76002224269803,5.990846111940506,0.9493211964513713,-0.30344711537723235,-0.08190918225311289,False
5.083435,1731537473,110.62310318199545,106.39594725993743,104.73166918803021,-37.28183803538979,0.5689040449658285,0.9493211964513713,-0.30344711537723235,-0.08190918225311289,False
5.100102,1731554140,105.26394039667791,103.22237068707582,101.24080968898417,-29.541210374519597,-3.1383148224183617,0.9493211964513713,-0.30344711537723235,-0.08190918225311289,False
5.116769,1731570807,99.27646641208626,99.09304178514812,96.81786733773673,-22.73973049201744,-6.498235935061619,0.9493211964513713,-0.30344711537723235,-0.08190918225311289,False
5.133436,1731587474,92.98227038884295,94.10185251185827,91.20583248923997,-18.298937647631657,-11.149404238730817,0.9493211964513713,-0.30344711537723235,-0.08190918225311289,False
5.150103,1731604141,86.31826178785153,88.21356787842583,84.58132426983367,-15.493652991439006,-16.961121452802754,0.9493211964513713,-0.30344711537723235,-0.08190918225311289,False
5.16677,1731620808,79.05561915755314,81.6073560322147,77.32185304156702,-12.578009300880948,-23.232346912048143,0.9493211964513713,-0.30344711537723235,-0.08190918225311289,False
5.183437,1731637475,71.13335756754442,74.57339748783227,69.76287628646739,-8.168417941558332,-30.456360493832953,0.9493211964513713,-0.30344711537723235,-0.08190918225311289,False
5.200104,1731654142,63.02468796341423,67.32528739784826,62.43764005811212,-2.7379988326972318,-36.47738788988572,0.9493211964513713,-0.30344711537723235,-0.08190918225311289,False
5.216771,1731670809,55.35431148040652,60.16848893015412,55.75640972563837,2.67508260719216,-40.321169863523636,0.9493211964513713,-0.30344711537723235,-0.08190918225311289,False
5.233438,1731687476,48.527456685707,53.32754196238629,49.96438478895928,7.43159514390039,-41.7250082784803,0.9493211964513713,-0.30344711537723235,-0.08190918225311289,False
5.250105,1731704143,42.77072853943295,46.84722728093624,45.007218431930895,10.498105732932554,-40.25678147670115,0.9493211964513713,-0.30344711537723235,-0.08190918225311289,False
5.266772,1731720810,38.912910329546264,40.78597581142315,41.004731184326495,9.393758435207562,-35.45532676478003,0.9493211964513713,-0.30344711537723235,-0.08190918225311289,False
5.283439,1731737477,36.167639040104405,35.08397420948441,37.21756694268317,5.105716314891414,-29.946420436808232,0.9493211964513713,-0.30344711537723235,-0.08190918225311289,False
5.300106,1731754144,32.4189368443684,29.781202390284907,32.59216843118573,2.121582594503795,-26.732615722277398,0.9493211964513713,-0.30344711537723235,-0.08190918225311289,False
5.316773,1731770811,27.24159052247826,24.96362453783592,26.75090612432377,0.510461996331362,-25.255344253249763,0.9493211964513713,-0.30344711537723235,-0.08190918225311289,False
5.33344,1731787478,21.33414844870143,20.63017352221292,21.305566451469456,2.5451660051499387,-23.78248571629881,0.9493211964513713,-0.30344711537723235,-0.08190918225311289,False
5.350107,1731804145,15.7276150440481,16.714245770697033,17.260549840351388,7.864213189982409,-21.92110867975224,0.9493211964513713,-0.30344711537723235,-0.08190918225311289,False
5.366774,1731820812,10.069061534342572,13.210557262456124,13.185393447278546,14.330734149573011,-24.024974938293322,0.9493211964513713,-0.30344711537723235,-0.08190918225311289,False
5.383441,1731837479,3.956611133433915,10.114493453216035,6.404158649081529,13.209436083070745,-23.840195500769433,0.9493211964513713,-0.30344711537723235,-0.08190918225311289,False
5.400108,1731854146,1.9172723453013583,7.409590789496669,3.8433422454359243,11.388197452032736,-21.875200850522393,0.9493211964513713,-0.30344711537723235,-0.08190918225311289,False
5.416775,1731870813,1.4241304259686427,5.129835836473236,3.6314843522323352,12.327684425589876,-21.790520251500126,0.9493211964513713,-0.30344711537723235,-0.08190918225311289,False
5.433442,1731887480,2.2710679277406247,3.321792712527971,5.412352581274803,15.406727122717376,-22.89721141759806,0.9493211964513713,-0.30344711537723235,-0.08190918225311289,False
5.450109,1731904147,5.302799057319777,1.9859008326574346,8.16862805496524,14.648931137653765,-25.158122689566444,0.9493211964513713,-0.30344711537723235,-0.08190918225311289,False
5.466776,1731920814,7.302644507805913,1.0454793490075636,9.429899087580152,12.046357663367349,-25.313791578870873,0.9493211964513713,-0.30344711537723235,-0.08190918225311289,False
5.483443,1731937481,5.931458536883604,0.4519762374773836,7.895988070380886,11.532725240150171,-24.448540528076283,0.9493211964513713,-0.30344711537723235,-0.08190918225311289,False
5.50011,1731954148,3.4698886185229463,0.2066634439676439,4.89861592635602,9.881527943385207,-23.01827273899064,0.9493211964513713,-0.30344711537723235,-0.08190918225311289,False
5.516777,1731970815,1.8436527768397828,0.3250939589330259,2.5332212015167648,7.306217352911145,-21.038188738180985,0.9493211964513713,-0.30344711537723235,-0.08190918225311289,False
5.533444,1731987482,1.5989167942430516,0.8629320515024247,1.6193159952089935,4.575698315830151,-18.52669346588472,0.9493211964513713,-0.30344711537723235,-0.08190918225311289,False
5.550111,1732004149,1.9050298429342198,1.9136395452673898,1.2806951830041464,1.9140074187928313,-16.327801272108008,0.9493211964513713,-0.30344711537723235,-0.08190918225311289,False
5.566778,1732020816,2.6180937745423063,3.644677728798553,1.4308267112038524,-0.4742523485751844,-14.445599017048913,0.9493211964513713,-0.30344711537723235,-0.08190918225311289,False
5.583445,1732037483,4.170701965730915,6.20822764478281,2.7360132211555914,-1.537207035638577,-14.335921916753856,0.9493211964513713,-0.30344711537723235,-0.08190918225311289,False
5.600112,1732054150,7.1199593772271355,9.567840418054963,5.248829353537451,-3.031107009171971,-15.684588251487487,0.9493211964513713,-0.30344711537723235,-0.08190918225311289,False
5.616779,1732070817,10.575472197655802,13.647175232167372,8.776530636243214,-2.66374839090789,-18.346867681341138,0.9493211964513713,-0.30344711537723235,-0.08190918225311289,False
5.633446,1732087484,14.880663793864645,18.406445694987916,12.957322458798197,-2.7011516241640994,-22.313790423474966,0.9493211964513713,-0.30344711537723235,-0.08190918225311289,False
5.650113,1732104151,20.59950384491107,23.655900701577405,18.802878882001234,-2.249060053297666,-26.058368358159957,0.9493211964513713,-0.30344711537723235,-0.08190918225311289,False
5.66678,1732120818,26.542702247224426,29.449226777159932,24.912574797309155,-1.980554374647266,-28.800574219695385,0.9493211964513713,-0.30344711537723235,-0.08190918225311289,False
5.683447,1732137485,31.72167345123258,35.799610968459,30.260739906777033,-1.4853850505306891,-31.87840260914332,0.9493211964513713,-0.30344711537723235,-0.08190918225311289,False
5.700114,1732154152,36.348868238220305,42.70312306527974,35.19816390590023,-0.3461268134590376,-35.36638950637131,0.9493211964513713,-0.30344711537723235,-0.08190918225311289,False
5.716781,1732170819,42.18500772306933,50.17104296840052,41.13322412268616,-0.3438318802172705,-37.83934069620421,0.9493211964513713,-0.30344711537723235,-0.08190918225311289,False
5.733448,1732187486,49.45505863944332,58.02942902260488,48.413693579209365,-1.3413935457621269,-38.52106806575192,0.9493211964513713,-0.30344711537723235,-0.08190918225311289,False
5.750115,1732204153,57.852152560028635,65.94263828802721,56.685825781570145,-3.302918381330736,-37.8979929641092,0.9493211964513713,-0.30344711537723235,-0.08190918225311289,False
5.766782,1732220820,67.71889582280461,73.66466626946506,66.12841745455766,-7.014425629488758,-35.16868565286415,0.9493211964513713,-0.30344711537723235,-0.08190918225311289,False
5.783449,1732237487,79.80828732972282,81.05922611800383,77.37613015402829,-13.581559188538622,-28.074507819668217,0.9493211964513713,-0.30344711537723235,-0.08190918225311289,False
5.800116,1732254154,93.29382400883513,88.01570360106064,89.91905965319646,-22.092007439515672,-15.814549842475225,0.9493211964513713,-0.30344711537723235,-0.08190918225311289,False
5.816783,1732270821,104.00726675840458,94.34431430253427,100.21631282647442,-28.37293566818362,-3.997956399517175,0.9493211964513713,-0.30344711537723235,-0.08190918225311289,False
5.83345,1732287488,109.93564497792622,99.84146465876768,106.30168502701727,-31.673595323838125,6.38146904112284,0.9493211964513713,-0.30344711537723235,-0.08190918225311289,False
5.850117,1732304155,113.99291139764146,104.33648999945157,110.17205494464463,-34.722468958708696,13.000137131008723,0.9493211964513713,-0.30344711537723235,-0.08190918225311289,False
5.866784,1732320822,117.336826195091,107.7147319850527,112.19928907277236,-39.447222521362,13.174651997522695,0.9493211964513713,-0.30344711537723235,-0.08190918225311289,False
5.883451,1732337489,118.21144630592285,109.89574593482973,111.65180705224641,-43.31207278700209,10.469476252573708,0.9493211964513713,-0.30344711537723235,-0.08190918225311289,False
5.900118,1732354156,118.59069448630524,110.89427449465745,111.16744123284055,-45.96473140549016,10.052852465332094,0.9493211964513713,-0.30344711537723235,-0.08190918225311289,True
5.916785,1732370823,118.27812589111124,110.79711206493064,110.90542207475006,-45.090068364215384,7.591764261122954,0.9493211964513713,-0.30344711537723235,-0.08190918225311289,False
5.933452,1732387490,116.0169256665437,109.64251573692025,109.36520585928886,-41.28952672561466,3.2671810672909323,0.9493211964513713,-0.30344711537723235,-0.08190918225311289,False
5.950119,1732404157,111.82912302608075,107.3893523696666,106.82384770255572,-34.726125783585665,0.6251377399313863,0.9493211964513713,-0.30344711537723235,-0.08190918225311289,False
5.966786,1732420824,106.41153624503201,103.95712594931264,103.42022811057815,-27.00469527363987,-1.2865802481405901,0.9493211964513713,-0.30344711537723235,-0.08190918225311289,False
5.983453,1732437491,100.40361982016377,99.42220254964883,98.88505426426515,-20.489249362713227,-4.638017737131245,0.9493211964513713,-0.30344711537723235,-0.08190918225311289,False
6.00012,1732454158,94.08970253511887,93.84870428206762,93.1615632187094,-15.999399533816934,-10.521925352849356,0.9493211964513713,-0.30344711537723235,-0.08190918225311289,False
6.016787,1732470825,87.15573503797336,87.36676861050135,86.3999420604017,-12.255626487269634,-18.10373615023748,0.9493211964513713,-0.30344711537723235,-0.08190918225311289,False
6.033454,1732487492,79.04737419682257,80.14262864268554,78.54364788488537,-7.856715932908572,-26.462047696213517,0.9493211964513713,-0.30344711537723235,-0.08190918225311289,False
6.050121,1732504159,69.92420022001066,72.48392843627812,70.07801071074626,-2.223812451858695,-34.06465255025365,0.9493211964513713,-0.30344711537723235,-0.08190918225311289,False
6.066788,1732520826,60.92547333534366,64.7236687262153,61.86547277235048,3.029496665684646,-38.8469119263289,0.9493211964513713,-0.30344711537723235,-0.08190918225311289,False
6.083455,1732537493,52.675703634963796,57.28209229205254,54.36357605759246,7.2302625030427095,-40.637311198014835,0.9493211964513713,-0.30344711537723235,-0.08190918225311289,False
6.100122,1732554160,45.632637780765,50.18540881276044,47.79446138404574,9.512474749968936,-39.24143192626854,0.9493211964513713,-0.30344711537723235,-0.08190918225311289,False
6.116789,1732570827,40.19483359237982,43.45069599634337,42.21254249286166,8.80669227407214,-34.93253865205851,0.9493211964513713,-0.30344711537723235,-0.08190918225311289,False
6.133456,1732587494,35.651249206192375,37.134105903625084,37.028363973978394,6.215556318299733,-29.946448544468243,0.9493211964513713,-0.30344711537723235,-0.08190918225311289,False
6.150123,1732604161,30.88961286281104,31.219024330600277,31.627817133242754,3.889958829028243,-25.78966666330707,0.9493211964513713,-0.30344711537723235,-0.08190918225311289,False
6.16679,1732620828,25.398687187308823,25.791850032776424,25.931572101200853,3.363617171194134,-22.822033761961467,0.9493211964513713,-0.30344711537723235,-0.08190918225311289,False
6.183457,1732637495,19.254745635618136,20.935444714145095,20.43277563369186,5.886177844561344,-20.88874928689726,0.9493211964513713,-0.30344711537723235,-0.08190918225311289,False
6.200124,1732654162,13.159568987038567,16.624545715957485,15.500090746616095,10.203772066804142,-19.639648576331492,0.9493211964513713,-0.30344711537723235,-0.08190918225311289,False
6.216791,1732670829,8.370027096630995,12.80064978778425,10.937156100913933,12.00680966582503,-20.729578211369496,0.9493211964513713,-0.30344711537723235,-0.08190918225311289,False
6.233458,1732687496,4.018067674627637,9.472770733390577,5.009321896576052,7.956144044407818,-21.294794927905627,0.9493211964513713,-0.30344711537723235,-0.08190918225311289,False
6.250125,1732704163,1.5923103800903833,6.667893891860837,2.312481398242283,6.874937311122432,-18.93024305429615,0.9493211964513713,-0.30344711537723235,-0.08190918225311289,False
6.266792,1732720830,0.5824021951915983,4.35682755423369,1.62289603299837,8.05646875462547,-18.97006920392534,0.9493211964513713,-0.30344711537723235,-0.08190918225311289,False
6.283459,1732737497,1.7850688163338562,2.554451511023443,3.689495118129115,10.824524725753605,-19.956025875457325,0.9493211964513713,-0.30344711537723235,-0.08190918225311289,False
6.300126,1732754164,4.415593518402858,1.2667864610363513,6.798570723415559,12.776931075588749,-23.27025019115731,0.9493211964513713,-0.30344711537723235,-0.08190918225311289,False
6.316793,1732770831,8.340963354272409,0.4524220207312447,9.719772527780039,9.085921606862037,-23.66318376556087,0.9493211964513713,-0.30344711537723235,-0.08190918225311289,False
6.33346,1732787498,6.939470074058166,0.05360095305168,8.39851849423613,9.440777781416763,-23.180713587680323,0.9493211964513713,-0.30344711537723235,-0.08190918225311289,False
6.350127,1732804165,4.233596049747062,0.026150464113730676,5.734883100292556,9.858504651546715,-22.56453759766843,0.9493211964513713,-0.30344711537723235,-0.08190918225311289,False
6.366794,1732820832,2.3600704623640487,0.36059322634425484,3.312368305666228,7.830201576765375,-20.253885042311303,0.9493211964513713,-0.30344711537723235,-0.08190918225311289,False
6.383461,1732837499,1.7164223350475678,1.089275661419369,1.9567746628203633,4.934458984349297,-17.379249031366747,0.9493211964513713,-0.30344711537723235,-0.08190918225311289,False
6.400128,1732854166,1.9441262192751432,2.2096623860414675,1.5066606380234047,2.069877220342939,-14.763639909540304,0.9493211964513713,-0.30344711537723235,-0.08190918225311289,False
6.416795,1732870833,2.6674765909542417,3.7327229477859247,1.9432990504102696,0.519761627622798,-12.79148209947153,0.9493211964513713,-0.30344711537723235,-0.08190918225311289,False
6.433462,1732887500,3.692813052908716,5.772926931546959,2.7033300626921966,-0.7504996143474091,-11.794839288849301,0.9493211964513713,-0.30344711537723235,-0.08190918225311289,False
6.450129,1732904167,5.735322509982763,8.443746974424064,4.413699686509859,-1.943549208035124,-12.488190878361804,0.9493211964513713,-0.30344711537723235,-0.08190918225311289,False
6.466796,1732920834,9.173481353220335,11.732386328828328,7.384758513448202,-3.626514914602844,-13.794254875603231,0.9493211964513713,-0.30344711537723235,-0.08190918225311289,False
6.483463,1732937501,12.935076698566755,15.644503326214442,11.161167604810476,-3.596496210612456,-16.061146480063595,0.9493211964513713,-0.30344711537723235,-0.08190918225311289,False
6.50013,1732954168,16.89384685805769,20.08536692796464,15.000854301746338,-3.9135007027018864,-18.716283373008707,0.9493211964513713,-0.30344711537723235,-0.08190918225311289,False
6.516797,1732970835,22.415401219142638,24.945163199636756,20.776451646778373,-3.4893644117454894,-20.759525762831682,0.9493211964513713,-0.30344711537723235,-0.08190918225311289,False
6.533464,1732987502,28.180631300822494,30.209721776477522,26.983908790837564,-2.5686653279010008,-22.612100965146993,0.9493211964513713,-0.30344711537723235,-0.08190918225311289,False
6.550131,1733004169,33.18286478519286,35.98596564554086,32.24260372284894,-1.8930041259490846,-25.237818333201997,0.9493211964513713,-0.30344711537723235,-0.08190918225311289,False
6.566798,1733020836,37.73532602214461,42.31734254840192,37.01926628912452,-1.322119249932935,-27.570982675382574,0.9493211964513713,-0.30344711537723235,-0.08190918225311289,False
6.583465,1733037503,42.9143990897487,49.21802689409968,42.377979135961525,-1.2234105385647045,-29.059048442613484,0.9493211964513713,-0.30344711537723235,-0.08190918225311289,False
6.600132,1733054170,49.18966462019619,56.320794394865814,48.70903069995991,-2.029380544236408,-29.309262289850295,0.9493211964513713,-0.30344711537723235,-0.08190918225311289,False
6.616799,1733070837,56.695211908984945,63.37760542063215,55.905929495434144,-4.481501739453925,-28.44598435483321,0.9493211964513713,-0.30344711537723235,-0.08190918225311289,False
6.633466,1733087504,65.5350865663587,70.23219570019937,63.57492176841329,-10.2895106019711,-25.969023986990628,0.9493211964513713,-0.30344711537723235,-0.08190918225311289,False
6.650133,1733104171,76.34700089717198,76.75647814134699,72.55947218427322,-19.304676144465343,-20.439292330447092,0.9493211964513713,-0.30344711537723235,-0.08190918225311289,False
6.6668,1733120838,87.98115320963193,82.82903905573579,82.38091039648789,-29.189809751236933,-12.025553831671063,0.9493211964513713,-0.30344711537723235,-0.08190918225311289,False
6.683467,1733137505,97.03698909696918,88.29309043714262,90.51694321421382,-35.5630817669466,-4.678104941560477,0.9493211964513713,-0.30344711537723235,-0.08190918225311289,False
6.700134,1733154172,102.02313347918127,92.97044931692933,95.55754929813853,-37.87846872831488,1.4458398571871554,0.9493211964513713,-0.30344711537723235,-0.08190918225311289,False
6.716801,1733170839,104.90770571323398,96.74996394961684,98.93692370317994,-38.256388755700456,6.795890358211832,0.9493211964513713,-0.30344711537723235,-0.08190918225311289,False
6.733468,1733187506,105.97301885385177,99.58367648732285,100.12382348972349,-38.41392636614888,8.12956645240147,0.9493211964513713,-0.30344711537723235,-0.08190918225311289,False
6.750135,1733204173,106.12452320598743,101.38592420104943,100.24181579183737,-38.29084042217748,7.191431908157051,0.9493211964513713,-0.30344711537723235,-0.08190918225311289,False
6.766802,1733220840,107.49379677010336,102.04927286127038,101.62738911423082,-38.551364744678395,7.498307322204713,0.9493211964513713,-0.30344711537723235,-0.08190918225311289,True
6.783469,1733237507,108.15285418997505,101.62462405641773,102.78862338060047,-36.275418722665925,4.479080843650911,0.9493211964513713,-0.30344711537723235,-0.08190918225311289,False
6.800136,1733254174,106.48138613862936,100.19658758639545,102.0108497369671,-31.506408379439087,-1.7965450668191192,0.9493211964513713,-0.30344711537723235,-0.08190918225311289,False
6.816803,1733270841,102.96692860959556,97.87260973193355,99.91308187040896,-25.007410707289967,-7.279447667331173,0.9493211964513713,-0.30344711537723235,-0.08190918225311289,False
6.83347,1733287508,98.13157071106475,94.67265235369375,96.64070915660366,-17.960156391465688,-12.280643669684544,0.9493211964513713,-0.30344711537723235,-0.08190918225311289,False
6.850137,1733304175,92.32122894637114,90.4379290775686,91.94371410873275,-11.900685479133275,-18.23045478403447,0.9493211964513713,-0.30344711537723235,-0.08190918225311289,False
6.866804,1733320842,85.89377950586925,85.20670736951482,86.09590263543997,-7.394320738859237,-24.230335526362502,0.9493211964513713,-0.30344711537723235,-0.08190918225311289,False
6.883471,1733337509,78.92440365994678,79.15426881954731,79.39869174866026,-3.6456450814970447,-30.651510860387056,0.9493211964513713,-0.30344711537723235,-0.08190918225311289,False
6.900138,1733354176,71.51246982369915,72.41885253917289,72.25742924545557,0.1565132430567416,-37.01431401535981,0.9493211964513713,-0.30344711537723235,-0.08190918225311289,False
6.916805,1733370843,63.467316192435206,65.20529498692665,64.56219521456018,4.0460185488475755,-42.39044278496311,0.9493211964513713,-0.30344711537723235,-0.08190918225311289,False
6.933472,1733387510,55.42609769043035,58.13358799232063,56.740609910513484,6.992994624807074,-45.78724884090762,0.9493211964513713,-0.30344711537723235,-0.08190918225311289,False
6.950139,1733404177,48.04894274091817,51.42366519334775,49.18285755411517,8.014771858276287,-47.10132512687018,0.9493211964513713,-0.30344711537723235,-0.08190918225311289,False
6.966806,1733420844,41.26715847823549,45.03171934782288,42.20028351034177,8.239639978489858,-46.06550554737365,0.9493211964513713,-0.30344711537723235,-0.08190918225311289,False
6.983473,1733437511,34.897464138691674,38.904998988987025,35.697951966579005,8.161421281539978,-43.37193187730967,0.9493211964513713,-0.30344711537723235,-0.08190918225311289,False
7.00014,1733454178,29.308407175899067,33.04565207761018,29.616238212719498,6.437789451253729,-39.238228145164165,0.9493211964513713,-0.30344711537723235,-0.08190918225311289,False
7.016807,1733470845,25.507631767398664,27.505642053186733,24.517068609331613,1.3161884103688108,-32.961023715452356,0.9493211964513713,-0.30344711537723235,-0.08190918225311289,False
7.033474,1733487512,22.474608739193645,22.46244385476507,20.460186969351646,-2.937132935507793,-27.193692433881118,0.9493211964513713,-0.30344711537723235,-0.08190918225311289,False
7.050141,1733504179,18.66603410852231,18.01970594421935,16.790608567984354,-3.1129693215277596,-22.57488040423272,0.9493211964513713,-0.30344711537723235,-0.08190918225311289,False
7.066808,1733520846,12.167435353714191,14.190801428592653,12.550672720543554,4.544815402061794,-20.7459633699672,0.9493211964513713,-0.30344711537723235,-0.08190918225311289,False
7.083475,1733537513,4.5074883390803855,10.94681132161185,5.571430566131296,8.177299340844362,-21.57446963419379,0.9493211964513713,-0.30344711537723235,-0.08190918225311289,False
7.100142,1733554180,1.2130235210837725,8.234679441958662,2.446429926815453,8.512093244308915,-18.81234673546107,0.9493211964513713,-0.30344711537723235,-0.08190918225311289,False
7.116809,1733570847,0.24778292768092386,6.018252474447285,1.6854481829875412,9.421417843732328,-19.216543577028848,0.9493211964513713,-0.30344711537723235,-0.08190918225311289,False
7.133476,1733587514,-0.054154451586995216,4.280581448137872,2.3629551001412494,12.404699015381631,-18.730139129172787,0.9493211964513713,-0.30344711537723235,-0.08190918225311289,False
7.150143,1733604181,2.268450729900629,2.994008010055155,5.506871406467407,15.86694547024146,-23.474753600776733,0.9493211964513713,-0.30344711537723235,-0.08190918225311289,False
7.16681,1733620848,8.146566383640447,2.1477190257008907,10.305603279100097,11.777636359304541,-24.472062023546094,0.9493211964513713,-0.30344711537723235,-0.08190918225311289,False
7.183477,1733637515,8.11122218122226,1.69788480164329,9.663069840911835,9.791608935000793,-24.129879592817783,0.9493211964513713,-0.30344711537723235,-0.08190918225311289,False
7.200144,1733654182,5.551629965835458,1.589963049852728,6.919439756985931,9.540837959134953,-23.75016940788392,0.9493211964513713,-0.30344711537723235,-0.08190918225311289,False
7.216811,1733670849,3.169092538767358,1.7624448799094052,4.0481004426563265,8.087119329961366,-22.55566501078978,0.9493211964513713,-0.30344711537723235,-0.08190918225311289,False
7.233478,1733687516,2.5963501045898143,2.1756140978246337,2.686933928584166,5.133061600716579,-20.395241695619394,0.9493211964513713,-0.30344711537723235,-0.08190918225311289,False
7.250145,1733704183,2.860064910795924,2.793141829353399,2.4997898039003177,3.0116879290631737,-17.92482232169238,0.9493211964513713,-0.30344711537723235,-0.08190918225311289,False
7.266812,1733720850,3.6425375684540167,3.621730547002531,3.171387469309032,1.8725885094518178,-15.473989959695842,0.9493211964513713,-0.30344711537723235,-0.08190918225311289,False
7.283479,1733737517,4.6656633013955675,4.712171241654336,4.173754912851939,0.8067340099762157,-12.398957415165134,0.9493211964513713,-0.30344711537723235,-0.08190918225311289,False
7.300146,1733754184,5.628917924327807,6.046334305045837,5.088102898644888,-0.33582465300896774,-9.328954462764896,0.9493211964513713,-0.30344711537723235,-0.08190918225311289,False
7.316813,1733770851,6.190759454622458,7.533903225659135,6.337285854782176,1.1314838099024433,-7.146246702104802,0.9493211964513713,-0.30344711537723235,-0.08190918225311289,False
7.33348,1733787518,6.9569776212450245,8.953214659006651,7.668115484492761,2.4472953877699375,-5.951174558167666,0.9493211964513713,-0.30344711537723235,-0.08190918225311289,False
7.350147,1733804185,8.505880217617278,10.098118386147798,9.033904035025209,1.3953792486152496,-5.134778389574522,0.9493211964513713,-0.30344711537723235,-0.08190918225311289,False
7.366814,1733820852,10.541015617080623,11.12351485960286,10.536670854786292,-0.5543261472934322,-5.341037632454135,0.9493211964513713,-0.30344711537723235,-0.08190918225311289,False
7.383481,1733837519,12.709294154913328,12.16703367720439,12.056854779446189,-2.7687059768815097,-5.99039760098662,0.9493211964513713,-0.30344711537723235,-0.08190918225311289,False
7.400148,1733854186,14.97896703443902,13.229586422793673,13.840282426462194,-4.619134559314256,-6.174992244826207,0.9493211964513713,-0.30344711537723235,-0.08190918225311289,False
7.416815,1733870853,16.681291295600705,14.479192667349121,15.557460455533729,-4.9213514614349965,-5.936483123554287,0.9493211964513713,-0.30344711537723235,-0.08190918225311289,False
7.433482,1733887520,17.746959976677427,16.119698739705925,16.968068455547787,-4.0103233346887155,-5.973078091123603,0.9493211964513713,-0.30344711537723235,-0.08190918225311289,False
7.450149,1733904187,18.60809587134509,17.899631745640463,18.199384742946027,-2.9969788543222844,-5.969631627163184,0.9493211964513713,-0.30344711537723235,-0.08190918225311289,False
7.466816,1733920854,20.05068074227716,19.681946283116822,19.57305591056058,-3.5805366150985534,-5.498998133558537,0.9493211964513713,-0.30344711537723235,-0.08190918225311289,False
7.483483,1733937521,21.707257375455512,21.43079243747092,20.85522880313748,-5.3862520233901785,-4.173671715781319,0.9493211964513713,-0.30344711537723235,-0.08190918225311289,False
7.50015,1733954188,23.343219508004573,23.17649787992621,22.10331631655959,-7.710736387066577,-1.0698454185012285,0.9493211964513713,-0.30344711537723235,-0.08190918225311289,False
7.516817,1733970855,24.371966793164624,24.913975547275562,22.946967016889037,-9.384007509571427,2.3473233864189216,0.9493211964513713,-0.30344711537723235,-0.08190918225311289,False
7.533484,1733987522,25.01517281457362,26.61962790186267,23.832650751762593,-9.619702346892861,5.632830976051272,0.9493211964513713,-0.30344711537723235,-0.08190918225311289,False
7.550151,1734004189,25.967477643833316,28.259790991111018,24.979373436559626,-9.915290866935598,8.391969810046389,0.9493211964513713,-0.30344711537723235,-0.08190918225311289,False
7.566818,1734020856,27.167603959629982,29.796989979601925,26.107620514168087,-11.133560003988258,11.32964784056971,0.9493211964513713,-0.30344711537723235,-0.08190918225311289,False
7.583485,1734037523,28.844577794343703,31.176940596859254,28.254907880448297,-10.692142596882771,14.107660413100565,0.9493211964513713,-0.30344711537723235,-0.08190918225311289,False
7.600152,1734054190,31.686526639698734,32.37959332018973,30.69499646561225,-13.239471710065676,17.128794726311632,0.9493211964513713,-0.30344711537723235,-0.08190918225311289,False
7.616819,1734070857,34.2788322291325,33.432681650347526,32.63522348486536,-16.366533006031705,19.552097832014656,0.9493211964513713,-0.30344711537723235,-0.08190918225311289,False
7.633486,1734087524,35.65483961542136,34.3567827218905,33.66538976993811,-17.321501730115667,18.23031450537344,0.9493211964513713,-0.30344711537723235,-0.08190918225311289,False
7.650153,1734104191,37.20990300304823,35.1574084252441,34.55683476774519,-19.36126190859612,17.133533765465458,0.9493211964513713,-0.30344711537723235,-0.08190918225311289,False
7.66682,1734120858,37.85958904074296,35.83808549828298,34.36328679836289,-21.95447717011185,16.565568909504176,0.9493211964513713,-0.30344711537723235,-0.08190918225311289,False
7.683487,1734137525,38.71518341574578,36.37125143235762,34.146903304694725,-25.33444011882744,16.133727151821457,0.9493211964513713,-0.30344711537723235,-0.08190918225311289,False
7.700154,1734154192,39.342707238548634,36.7215678243484,34.65601932136124,-25.896221664355366,16.454348015218887,0.9493211964513713,-0.30344711537723235,-0.08190918225311289,False
7.716821,1734170859,39.27715676589399,36.87674960707903,35.292403488201906,-23.878803795093724,17.156391629900646,0.9493211964513713,-0.30344711537723235,-0.08190918225311289,True
7.733488,1734187526,38.49656973588169,36.86407242665142,35.27080551403542,-21.5872807088759,17.946627147116434,0.9493211964513713,-0.30344711537723235,-0.08190918225311289,False
7.750155,1734204193,37.4002821823825,36.70247960671513,34.823296381893805,-19.535568152031008,18.54328054359098,0.9493211964513713,-0.30344711537723235,-0.08190918225311289,False
7.766822,1734220860,36.08926436051552,36.39552300201555,33.943445650602364,-18.107261130444403,19.060209491000467,0.9493211964513713,-0.30344711537723235,-0.08190918225311289,False
7.783489,1734237527,34.85153531358243,35.91314852574432,32.83275281389312,-17.626412445034713,19.516967167596338,0.9493211964513713,-0.30344711537723235,-0.08190918225311289,False
7.800156,1734254194,33.82379268161082,35.22686285686406,31.72667414355288,-17.768853146898056,19.772639667205738,0.9493211964513713,-0.30344711537723235,-0.08190918225311289,False
7.816823,1734270861,32.906158526457446,34.344292364522296,30.770833480625367,-17.660561236928334,19.496400622077246,0.9493211964513713,-0.30344711537723235,-0.08190918225311289,False
7.83349,1734287528,32.1016356330117,33.290263237823595,29.994697713597546,-17.18252062661298,18.552192858994136,0.9493211964513713,-0.30344711537723235,-0.08190918225311289,False
7.850157,1734304195,31.33701581794398,32.117166356425656,29.332131325218686,-16.349623864609523,17.12245545847097,0.9493211964513713,-0.30344711537723235,-0.08190918225311289,False
7.866824,1734320862,30.378496344392335,30.91242916215632,28.539466259397095,-15.208602737789295,15.41063462495187,0.9493211964513713,-0.30344711537723235,-0.08190918225311289,False
7.883491,1734337529,29.27729840202529,29.701369157337588,27.601001974106204,-14.01101492020476,13.541361117178436,0.9493211964513713,-0.30344711537723235,-0.08190918225311289,False
7.900158,1734354196,28.120887883816952,28.4499553184645,26.60575624113333,-12.827232325588062,11.739209498881797,0.9493211964513713,-0.30344711537723235,-0.08190918225311289,False
7.916825,1734370863,27.025388500091083,27.181624285216078,25.60597779920301,-11.838331888548193,9.862857376432125,0.9493211964513713,-0.30344711537723235,-0.08190918225311289,False
7.933492,1734387530,25.968844166428173,25.863723182905105,24.610864807086944,-10.905811249841996,7.773858124389847,0.9493211964513713,-0.30344711537723235,-0.08190918225311289,False
7.950159,1734404197,24.91111275906126,24.519165028246686,23.575639469765505,-10.054632429082709,5.535797613433103,0.9493211964513713,-0.30344711537723235,-0.08190918225311289,False
7.966826,1734420864,23.696565799310417,23.16467669055855,22.47870101341074,-8.869060737324341,3.258174117817319,0.9493211964513713,-0.30344711537723235,-0.08190918225311289,False
7.983493,1734437531,22.360838044029848,21.790245121326276,21.2374558909989,-7.731354637657312,0.9648270431580906,0.9493211964513713,-0.30344711537723235,-0.08190918225311289,False
8.00016,1734454198,20.843287951207618,20.389388927550886,19.832039822890515,-6.562176950296343,-1.128036813421308,0.9493211964513713,-0.30344711537723235,-0.08190918225311289,False
8.016827,1734470865,19.28509692628592,18.97743644593629,18.32857351819844,-5.63440434085928,-2.9667968179733615,0.9493211964513713,-0.30344711537723235,-0.08190918225311289,False
8.033494,1734487532,17.749548961861553,17.49903195094459,16.769685925116843,-4.964709080571798,-4.768233011453204,0.9493211964513713,-0.30344711537723235,-0.08190918225311289,False
8.050161,1734504199,16.34491694768705,15.937389556944524,15.151758292662194,-4.9243364204638125,-6.520807569521134,0.9493211964513713,-0.30344711537723235,-0.08190918225311289,False
8.066828,1734520866,15.104493791873642,14.299808339085356,13.610859885181382,-5.190621193247057,-8.249319732892744,0.9493211964513713,-0.30344711537723235,-0.08190918225311289,False
8.083495,1734537533,13.759374005015651,12.655434884585452,12.112795023912332,-5.035170739754306,-9.765583573940175,0.9493211964513713,-0.30344711537723235,-0.08190918225311289,False
8.100162,1734554200,12.071954613993112,11.098079778756125,10.48556786733537,-4.260723164720726,-10.892999576296727,0.9493211964513713,-0.30344711537723235,-0.08190918225311289,False
8.116829,1734570867,10.27391497496487,9.675715136951299,8.73125670871057,-3.5958971841932703,-11.7366736692793,0.9493211964513713,-0.30344711537723235,-0.08190918225311289,False
8.133496,1734587534,8.440203898976188,8.396748938795387,6.877752587126571,-3.1799462274746313,-12.37248507482756,0.9493211964513713,-0.30344711537723235,-0.08190918225311289,False
8.150163,1734604201,6.680773444568073,7.252016771028361,5.0590306679126575,-2.954426369866186,-12.806553188144452,0.9493211964513713,-0.30344711537723235,-0.08190918225311289,False
8.16683,1734620868,5.165174451034225,6.225784338298653,3.439922728831641,-2.929420188462693,-13.161123276540641,0.9493211964513713,-0.30344711537723235,-0.08190918225311289,False
8.183497,1734637535,3.9982253369939693,5.320738624538769,2.3011469671509603,-2.555367687911042,-13.49832609142113,0.9493211964513713,-0.30344711537723235,-0.08190918225311289,False
8.200164,1734654202,3.194245718367805,4.548246576190966,1.641653968321808,-1.9346321741302737,-13.625924302697504,0.9493211964513713,-0.30344711537723235,-0.08190918225311289,False
8.216831,1734670869,2.5623106163549045,3.9226327474537213,1.1903080886408717,-1.2951976796365878,-13.510817077663146,0.9493211964513713,-0.30344711537723235,-0.08190918225311289,False
8.233498,1734687536,2.12083013244982,3.4524796659355754,0.7476311319578156,-1.3771129299093887,-12.948061952071502,0.9493211964513713,-0.30344711537723235,-0.08190918225311289,False
8.250165,1734704203,1.5708088967146432,3.14088901548255,-0.0049426597677326035,-2.346942423526244,-11.362416215787825,0.9493211964513713,-0.30344711537723235,-0.08190918225311289,False
8.266832,1734720870,0.612717246840823,2.9786406517372916,-0.9644739007614906,-2.5098211016381646,-10.182898040742144,0.9493211964513713,-0.30344711537723235,-0.08190918225311289,False
8.283499,1734737537,0.8280146662343787,2.954956325795636,-0.34364467842231605,-1.3697678627697816,-9.839553701746581,0.9493211964513713,-0.30344711537723235,-0.08190918225311289,False
8.300166,1734754204,2.003623564211348,3.058411434981399,1.3136725801259204,-0.3060199961731375,-8.924805426411854,0.9493211964513713,-0.30344711537723235,-0.08190918225311289,False
8.316833,1734770871,4.076947533734712,3.2823648587324716,3.2575708426637124,-1.2719994269903852,-8.129002991923363,0.9493211964513713,-0.30344711537723235,-0.08190918225311289,False
8.3335,1734787538,5.750059220725763,3.6222019923402917,4.66857948965339,-2.520075097908229,-7.578226011321423,0.9493211964513713,-0.30344711537723235,-0.08190918225311289,False
8.350167,1734804205,6.251797878570338,4.060774223073024,5.034721339121022,-3.1941220783972093,-6.963091404490987,0.9493211964513713,-0.30344711537723235,-0.08190918225311289,False
8.366834,1734820872,6.161310426221217,4.5643880905122645,4.986995971292632,-3.1828594159499977,-6.453220282825247,0.9493211964513713,-0.30344711537723235,-0.08190918225311289,False
8.383501,1734837539,5.891737280651146,5.103689355112196,4.8413914620327265,-2.8719027923214315,-6.001637112712425,0.9493211964513713,-0.30344711537723235,-0.08190918225311289,False
8.400168,1734854206,5.782502796156281,5.650504696328951,4.8154139966530645,-2.7533194477405907,-5.408422154407997,0.9493211964513713,-0.30344711537723235,-0.08190918225311289,False
8.416835,1734870873,6.096798167769276,6.1804785862222005,5.188936592690417,-2.798567695036008,-4.748813612480177,0.9493211964513713,-0.30344711537723235,-0.08190918225311289,False
8.433502,1734887540,6.65077977527963,6.677910141571082,5.818699659745831,-2.8014120738390367,-4.202733941068282,0.9493211964513713,-0.30344711537723235,-0.08190918225311289,False
8.450169,1734904207,7.2768226676483705,7.135739555977052,6.371549237569022,-3.253845325432704,-3.7622644550788076,0.9493211964513713,-0.30344711537723235,-0.08190918225311289,False
8.466836,1734920874,7.848360699846039,7.5521567584467935,6.759836599400545,-4.010827405201387,-3.4353729092872327,0.9493211964513713,-0.30344711537723235,-0.08190918225311289,False
8.483503,1734937541,8.228818453799013,7.9199004974271245,7.047020241145041,-4.415147877602304,-3.2539323789536927,0.9493211964513713,-0.30344711537723235,-0.08190918225311289,False
8.50017,1734954208,8.428829578961315,8.231310399699584,7.253477495877422,-4.454004943376343,-3.159020096549994,0.9493211964513713,-0.30344711537723235,-0.08190918225311289,False
8.516837,1734970875,8.51174632769831,8.46285380317434,7.370613818554924,-4.389696163169482,-3.051963339704025,0.9493211964513713,-0.30344711537723235,-0.08190918225311289,False
8.533504,1734987542,8.557061570049532,8.572192354776174,7.428876700318955,-4.403095117576415,-2.8802997978301037,0.9493211964513713,-0.30344711537723235,-0.08190918225311289,False
8.550171,1735004209,8.59859666478433,8.599308733879058,7.463660100177004,-4.498957556289749,-2.6291105664188668,0.9493211964513713,-0.30344711537723235,-0.08190918225311289,False
8.566838,1735020876,8.63780520163181,8.589695011197652,7.513943675446417,-4.543728706518681,-2.3591481181320537,0.9493211964513713,-0.30344711537723235,-0.08190918225311289,False
8.583505,1735037543,8.684859733500032,8.603343224554228,7.633503560707951,-4.392345230007979,-2.1087571164306933,0.9493211964513713,-0.30344711537723235,-0.08190918225311289,False
8.600172,1735054210,8.707461125371534,8.648065706464582,7.782268180169789,-4.063850432471822,-1.8774861475870488,0.9493211964513713,-0.30344711537723235,-0.08190918225311289,False
8.616839,1735070877,8.697287467279612,8.672928457218259,7.90654690865118,-3.702785962925017,-1.650526030945953,0.9493211964513713,-0.30344711537723235,-0.08190918225311289,False
8.633506,1735087544,8.684271111137853,8.636383034429105,7.966186408430483,-3.536910748618863,-1.414910906934746,0.9493211964513713,-0.30344711537723235,-0.08190918225311289,False
8.650173,1735104211,8.655927292213901,8.52425125515839,7.945261716990488,-3.578047356115946,-1.1589890418210278,0.9493211964513713,-0.30344711537723235,-0.08190918225311289,False
8.66684,1735120878,8.607257123203233,8.350303611657877,7.901895732231667,-3.63720393496489,-0.8482447152231013,0.9493211964513713,-0.30344711537723235,-0.08190918225311289,False
8.683507,1735137545,8.54020037858985,8.152367750800853,7.8810199839502495,-3.5625019533436357,-0.5482679267088387,0.9493211964513713,-0.30344711537723235,-0.08190918225311289,False
8.700174,1735154212,8.439510897973367,7.966216422268167,7.878411264777158,-3.3253346569479936,-0.22784919544008791,0.9493211964513713,-0.30344711537723235,-0.08190918225311289,False
8.716841,1735170879,8.291109203560364,7.819164924939107,7.845468963061905,-3.0351344819849806,0.12703730642360034,0.9493211964513713,-0.30344711537723235,-0.08190918225311289,False
8.733508,1735187546,8.068165026527886,7.718949115360841,7.768929961397986,-2.635613500449296,0.4817056136743915,0.9493211964513713,-0.30344711537723235,-0.08190918225311289,False
8.750175,1735204213,7.832988433638315,7.674195178366843,7.655681726366514,-2.309236351436118,0.8312322202509815,0.9493211964513713,-0.30344711537723235,-0.08190918225311289,False
8.766842,1735220880,7.62199830310022,7.685835739508265,7.525142959758468,-2.114246678257526,1.1718272282423512,0.9493211964513713,-0.30344711537723235,-0.08190918225311289,False
8.783509,1735237547,7.4388106735296295,7.753491636784769,7.393592382727544,-2.0159392940154683,1.5194413227550445,0.9493211964513713,-0.30344711537723235,-0.08190918225311289,False
8.800176,1735254214,7.299276563537888,7.878103197087672,7.304791204909892,-1.9124952287369676,1.8105377023314235,0.9493211964513713,-0.30344711537723235,-0.08190918225311289,False
8.816843,1735270881,7.248152173182253,8.059704392952742,7.28539651322387,-1.8443248571044675,1.957364901462966,0.9493211964513713,-0.30344711537723235,-0.08190918225311289,False
8.83351,1735287548,7.276354644168072,8.297460921139354,7.373792941879408,-1.6280768275070818,1.8364296401482707,0.9493211964513713,-0.30344711537723235,-0.08190918225311289,False
8.850177,1735304215,7.284772091570989,8.590144398949946,7.506566133969328,-1.1275069830853799,1.4180453244540523,0.9493211964513713,-0.30344711537723235,-0.08190918225311289,False
8.866844,1735320882,7.519386437762233,8.933346513404862,7.722307303694205,-1.0453637445680668,0.7498319679723044,0.9493211964513713,-0.30344711537723235,-0.08190918225311289,False
8.883511,1735337549,8.197578441519124,9.322355054293418,8.19881913780841,-1.568161740294989,-0.0704384058229262,0.9493211964513713,-0.30344711537723235,-0.08190918225311289,False
8.900178,1735354216,9.147870205126841,9.750800153110426,8.9565431830331,-2.13676943488679,-0.7837394070381115,0.9493211964513713,-0.30344711537723235,-0.08190918225311289,False
8.916845,1735370883,10.163983760696546,10.210575652229375,9.868804772549097,-2.5000330189959294,-1.270290537423981,0.9493211964513713,-0.30344711537723235,-0.08190918225311289,False
8.933512,1735387550,11.082250261383814,10.690413432483341,10.691405933516354,-2.8718160418765017,-1.5698576413951122,0.9493211964513713,-0.30344711537723235,-0.08190918225311289,False
8.950179,1735404217,11.808151801516637,11.17714630337877,11.280446396590985,-3.3913589080076036,-1.680457682526608,0.9493211964513713,-0.30344711537723235,-0.08190918225311289,False
8.966846,1735420884,12.32989954315341,11.656494370919237,11.685552516919424,-3.8692817648252853,-1.5845905616328637,0.9493211964513713,-0.30344711537723235,-0.08190918225311289,False
8.983513,1735437551,12.901646465984516,12.114770942567201,12.06732796817825,-4.646895055021754,-1.2592898518728635,0.9493211964513713,-0.30344711537723235,-0.08190918225311289,False
9.00018,1735454218,13.31126514362982,12.533479534883005,12.307897815391707,-5.356625613556503,-0.8426690618069952,0.9493211964513713,-0.30344711537723235,-0.08190918225311289,False
9.016847,1735470885,13.625278124655635,12.896063610443637,12.47070171520614,-6.025584131312762,-0.3111810984842603,0.9493211964513713,-0.30344711537723235,-0.08190918225311289,False
9.033514,1735487552,13.854977900876076,13.190578388400091,12.52948362840756,-6.757804913656958,0.2784160973710872,0.9493211964513713,-0.30344711537723235,-0.08190918225311289,False
9.050181,1735504219,13.997559223712102,13.409562575434215,12.550273526023277,-7.330855818004233,0.9016137673634758,0.9493211964513713,-0.30344711537723235,-0.08190918225311289,False
9.066848,1735520886,14.07182127031259,13.549292698589323,12.545333862520499,-7.761224349616769,1.5321012680244153,0.9493211964513713,-0.30344711537723235,-0.08190918225311289,False
9.083515,1735537553,14.072589564754177,13.610631888599233,12.468813443402535,-8.167631314839072,2.141462387514936,0.9493211964513713,-0.30344711537723235,-0.08190918225311289,False
9.100182,1735554220,13.995519546194192,13.59594899852952,12.287299648814002,-8.646420089683065,2.752409745718812,0.9493211964513713,-0.30344711537723235,-0.08190918225311289,False
9.116849,1735570887,13.849771195007417,13.503488376762325,11.982555945127611,-9.303662692203432,3.4347150025008784,0.9493211964513713,-0.30344711537723235,-0.08190918225311289,False
9.133516,1735587554,13.599839012179595,13.343952540852005,11.578697722500687,-9.92942547661945,4.123611192356642,0.9493211964513713,-0.30344711537723235,-0.08190918225311289,False
9.150183,1735604221,13.2810766698697,13.144092849898678,11.135892880483828,-10.420666697861362,4.703082872168627,0.9493211964513713,-0.30344711537723235,-0.08190918225311289,False
9.16685,1735620888,12.898691993324487,12.928093377912118,10.757692535457778,-10.474911341611268,5.189126708552104,0.9493211964513713,-0.30344711537723235,-0.08190918225311289,False
9.183517,1735637555,12.50137328779951,12.713361191035016,10.51966541737789,-10.00901983078924,5.555155047977778,0.9493211964513713,-0.30344711537723235,-0.08190918225311289,False
9.200184,1735654222,12.133182761286026,12.508974148986349,10.400345171680627,-9.219573978165865,5.742706931168723,0.9493211964513713,-0.30344711537723235,-0.08190918225311289,False
9.216851,1735670889,11.811673899751083,12.319265301865162,10.343681651074432,-8.351068899005162,5.793636744913428,0.9493211964513713,-0.30344711537723235,-0.08190918225311289,False
9.233518,1735687556,11.513363997606795,12.145535339465566,10.304196498306123,-7.4862146890301,5.7739600063812855,0.9493211964513713,-0.30344711537723235,-0.08190918225311289,False
9.250185,1735704223,11.312666279153246,12.000635632757238,10.296930578473903,-6.822451308650546,5.680966081712729,0.9493211964513713,-0.30344711537723235,-0.08190918225311289,False
9.266852,1735720890,11.256687050733557,11.885044603786554,10.292657734943257,-6.623541655298292,5.577978445754745,0.9493211964513713,-0.30344711537723235,-0.08190918225311289,False
9.283519,1735737557,11.329585666454575,11.801001217461666,10.27703028249366,-6.906132165409856,5.553770995538792,0.9493211964513713,-0.30344711537723235,-0.08190918225311289,False
9.300186,1735754224,11.478597272904075,11.752062132366305,10.265042873004159,-7.452451181406415,5.619544098910902,0.9493211964513713,-0.30344711537723235,-0.08190918225311289,False
9.316853,1735770891,11.666071684710472,11.741846696880305,10.304396673669393,-7.989242658621186,5.775482789721744,0.9493211964513713,-0.30344711537723235,-0.08190918225311289,False
9.33352,1735787558,11.865430698631817,11.775635966104193,10.41140606575623,-8.3759619414435,6.0144806712871395,0.9493211964513713,-0.30344711537723235,-0.08190918225311289,False
9.350187,1735804225,12.059568930891254,11.857241238221375,10.57088276844508,-8.604895631937783,6.3407646018705135,0.9493211964513713,-0.30344711537723235,-0.08190918225311289,False
9.366854,1735820892,12.23620200737434,11.987983605902953,10.77281423988667,-8.667370847496963,6.756135291641289,0.9493211964513713,-0.30344711537723235,-0.08190918225311289,False
9.383521,1735837559,12.4133961581666,12.166347484381733,11.01337718481718,-8.636032965207757,7.264844581395712,0.9493211964513713,-0.30344711537723235,-0.08190918225311289,False
9.400188,1735854226,12.588602859652433,12.387034506557335,11.271876680703668,-8.565677585022557,7.861153941582016,0.9493211964513713,-0.30344711537723235,-0.08190918225311289,False
9.416855,1735870893,12.768386439278707,12.645546782060851,11.542938076564232,-8.491777997393518,8.53404714835261,0.9493211964513713,-0.30344711537723235,-0.08190918225311289,False
9.433522,1735887560,12.95739185157814,12.936432539309823,11.829194000895363,-8.412256804961965,9.249631484697886,0.9493211964513713,-0.30344711537723235,-0.08190918225311289,False
9.450189,1735904227,13.181363289889662,13.254757558393223,12.130660009573562,-8.395788282564624,9.948201615009665,0.9493211964513713,-0.30344711537723235,-0.08190918225311289,False
9.466856,1735920894,13.418362991647552,13.595005854117653,12.43769582600168,-8.391154817451822,10.596113042820003,0.9493211964513713,-0.30344711537723235,-0.08190918225311289,False
9.483523,1735937561,13.669537024098933,13.951355883129441,12.72795007920858,-8.475643468564629,11.20664678964528,0.9493211964513713,-0.30344711537723235,-0.08190918225311289,False
9.50019,1735954228,13.938860892276974,14.311713726972869,13.019956956928302,-8.598609669512975,11.758455366831146,0.9493211964513713,-0.30344711537723235,-0.08190918225311289,False
9.516857,1735970895,14.268058571237473,14.669557631581057,13.341289554090544,-8.826090189077497,12.306360654959546,0.9493211964513713,-0.30344711537723235,-0.08190918225311289,False
9.533524,1735987562,14.669110144822604,15.027781466038352,13.72135364255759,-9.110154945867267,12.867347242431547,0.9493211964513713,-0.30344711537723235,-0.08190918225311289,False
9.550191,1736004229,15.114312410852643,15.389375186075252,14.151254292732077,-9.368620793006533,13.372080022683454,0.9493211964513713,-0.30344711537723235,-0.08190918225311289,False
9.566858,1736020896,15.577621285188803,15.746240765550958,14.608623310621727,-9.577922121331449,13.791973279158265,0.9493211964513713,-0.30344711537723235,-0.08190918225311289,False
9.583525,1736037563,16.0102919627014,16.108202765638143,15.059746357567892,-9.689499252661417,14.151490380846148,0.9493211964513713,-0.30344711537723235,-0.08190918225311289,False
9.600192,1736054230,16.39436643976285,16.44240680229339,15.476257701287366,-9.739944548845065,14.47668041415475,0.9493211964513713,-0.30344711537723235,-0.08190918225311289,False
9.616859,1736070897,16.72844407400269,16.74125429939356,15.848546147300718,-9.73821928623595,14.706448948949962,0.9493211964513713,-0.30344711537723235,-0.08190918225311289,False
9.633526,1736087564,17.03534438881263,16.99714668081515,16.157213345773528,-9.81263032451075,14.812710713832203,0.9493211964513713,-0.30344711537723235,-0.08190918225311289,False
9.650193,1736104231,17.3104004798013,17.20248537043464,16.396871727696606,-9.9766826366058,14.840032336302313,0.9493211964513713,-0.30344711537723235,-0.08190918225311289,False
9.66686,1736120898,17.51810314585754,17.349671792128532,16.56834654102141,-10.107171750948565,14.775064702300275,0.9493211964513713,-0.30344711537723235,-0.08190918225311289,False
9.683527,1736137565,17.6239238540165,17.431107369773322,16.66254224637157,-10.11014512791284,14.585873876969677,0.9493211964513713,-0.30344711537723235,-0.08190918225311289,False
9.700194,1736154232,17.60732282999738,17.439193527245493,16.64083548807075,-10.041921637163206,14.28422414086701,0.9493211964513713,-0.30344711537723235,-0.08190918225311289,False
9.716861,1736170899,17.481538142189272,17.366331688421553,16.503640037519805,-9.948732196038998,13.884562861766495,0.9493211964513713,-0.30344711537723235,-0.08190918225311289,False
9.733528,1736187566,17.24173361262884,17.204923277177983,16.281597849350558,-9.710002482906237,13.35438214471506,0.9493211964513713,-0.30344711537723235,-0.08190918225311289,False
9.750195,1736204233,16.98051825321165,16.94736971739128,16.03789025151068,-9.424971449793171,12.66296669919643,0.9493211964513713,-0.30344711537723235,-0.08190918225311289,False
9.766862,1736220900,16.664761275370434,16.586072432937936,15.687450202552942,-9.341542487402497,12.147280111511304,0.9493211964513713,-0.30344711537723235,-0.08190918225311289,False
9.783529,1736237567,16.14949240995782,16.113432847694455,15.111725240380322,-9.403827683862337,11.996151984394594,0.9493211964513713,-0.30344711537723235,-0.08190918225311289,False
9.800196,1736254234,15.40087696870222,15.521852385537311,14.254766194022332,-9.668150191631904,12.182870446824086,0.9493211964513713,-0.30344711537723235,-0.08190918225311289,False
9.816863,1736270901,14.596428392778625,14.803732470343009,13.523698072913591,-9.29412495425968,12.145429383815793,0.9493211964513713,-0.30344711537723235,-0.08190918225311289,False
