sep=,
DeviceTag:,DOT_Shank_R
FirmwareVersion:,2.2.1
AppVersion:,2023.6.0
SyncStatus:,Synced
OutputRate:,60Hz
FilterProfile:,Dynamic
Measurement Mode:,Custom modes - custom mode5
StartTime: ,2026-09-13_17:30:14_368 GMT+8
© Movella Technologies B. V. 2005-2026

PacketCounter,SampleTimeFine,Acc_X,Acc_Y,Acc_Z,Gyr_X,Gyr_Y,Gyr_Z,Quat_W,Quat_X,Quat_Y,Quat_Z
1,2278529916,-9.488028,0.316895,-0.717950,0.896886,0.234055,1.848897,0.680948,-0.015665,0.731393,0.033586,
2,2278546583,-9.510679,0.261601,-0.700347,1.002366,0.302127,1.789751,0.680961,-0.015711,0.731378,0.033622,
3,2278563250,-9.478370,0.299621,-0.693158,1.370555,0.353487,2.028110,0.680969,-0.015697,0.731371,0.033642,
4,2278579917,-9.482381,0.318720,-0.663952,1.115837,0.459729,2.012332,0.680965,-0.015708,0.731373,0.033687,
5,2278596584,-9.503466,0.293104,-0.701175,0.915949,0.464960,1.991913,0.680960,-0.015741,0.731374,0.033750,
6,2278613251,-9.507065,0.325663,-0.712623,1.057875,0.377717,1.929014,0.680966,-0.015742,0.731367,0.033771,
7,2278629918,-9.499204,0.295081,-0.740114,1.114479,0.378204,1.880248,0.680972,-0.015744,0.731360,0.033784,
8,2278646585,-9.497323,0.302392,-0.687479,1.289375,0.219161,1.816370,0.680995,-0.015758,0.731338,0.033791,
9,2278663252,-9.490226,0.330944,-0.727485,1.189729,0.176209,1.785634,0.681022,-0.015789,0.731312,0.033809,
10,2278679919,-9.500932,0.299318,-0.693990,1.517290,0.081109,1.764542,0.681060,-0.015786,0.731278,0.033787,
11,2278696586,-9.492856,0.305936,-0.690067,1.087009,0.212886,1.683888,0.681084,-0.015832,0.731254,0.033802,
12,2278713253,-9.495731,0.324075,-0.677171,1.067563,0.203954,1.615726,0.681108,-0.015892,0.731229,0.033815,
13,2278729920,-9.487534,0.305831,-0.676507,1.281026,0.003516,1.575435,0.681155,-0.015930,0.731185,0.033799,
14,2278746587,-9.507413,0.316578,-0.703397,1.096627,0.078330,1.507659,0.681194,-0.015996,0.731148,0.033797,
15,2278763254,-9.489278,0.317832,-0.675462,1.004690,0.104404,1.417938,0.681230,-0.016080,0.731113,0.033795,
16,2278779921,-9.486201,0.311303,-0.693553,0.932398,-0.211996,1.288210,0.681300,-0.016177,0.731045,0.033784,
17,2278796588,-9.552208,0.339233,-0.691969,0.960726,-0.521756,1.126440,0.681404,-0.016294,0.730947,0.033760,
18,2278813255,-9.483533,0.276535,-0.704684,0.980460,-0.444099,0.914918,0.681501,-0.016434,0.730856,0.033716,
19,2278829922,-9.487876,0.309280,-0.685070,1.265389,-0.736007,0.746770,0.681630,-0.016562,0.730737,0.033623,
20,2278846589,-9.586403,0.325246,-0.716958,1.106987,-0.894984,0.546748,0.681777,-0.016727,0.730601,0.033530,
21,2278863256,-9.480823,0.256120,-0.659480,1.533554,-0.996500,0.409925,0.681936,-0.016854,0.730456,0.033371,
22,2278879923,-9.522568,0.335484,-0.693185,1.821434,-1.237913,0.455189,0.682122,-0.016945,0.730289,0.033182,
23,2278896590,-9.494130,0.309232,-0.668074,1.033863,-1.166569,0.157243,0.682299,-0.017151,0.730125,0.033054,
24,2278913257,-9.487735,0.338800,-0.660350,0.829525,-1.451869,-0.257587,0.682508,-0.017423,0.729930,0.032908,
25,2278929924,-9.531384,0.319997,-0.650331,0.560860,-1.622065,-0.655928,0.682736,-0.017756,0.729715,0.032747,
26,2278946591,-9.476106,0.256380,-0.671880,0.182715,-1.685047,-0.875314,0.682970,-0.018157,0.729492,0.032610,
27,2278963258,-9.469730,0.230003,-0.721979,-0.011974,-1.704589,-0.773785,0.683206,-0.018557,0.729266,0.032495,
28,2278979925,-9.495591,0.139874,-0.636785,0.161226,-1.394048,-0.301974,0.683407,-0.018890,0.729073,0.032407,
29,2278996592,-9.455764,0.151248,-0.518519,1.008929,-0.956097,0.572092,0.683559,-0.019060,0.728930,0.032325,
30,2279013259,-9.512609,0.156753,-0.505509,1.184101,-0.319230,1.539528,0.683640,-0.019105,0.728853,0.032312,
31,2279029926,-9.495521,0.208150,-0.541399,0.932097,0.452705,2.286766,0.683635,-0.019105,0.728854,0.032403,
32,2279046593,-9.485312,0.275098,-0.516033,0.897548,0.783616,2.576434,0.683592,-0.019089,0.728889,0.032533,
33,2279063260,-9.512233,0.330082,-0.499282,0.133231,1.120126,2.490509,0.683513,-0.019153,0.728953,0.032729,
34,2279079927,-9.516935,0.308988,-0.588589,-1.476828,1.468549,2.317277,0.683393,-0.019396,0.729043,0.033077,
35,2279096594,-9.499990,0.187069,-0.714762,-1.698250,1.543620,2.214134,0.683265,-0.019662,0.729140,0.033430,
36,2279113261,-9.513653,0.145447,-0.705267,-0.217413,1.285188,2.776372,0.683166,-0.019726,0.729219,0.033687,
37,2279129928,-9.469631,0.170221,-0.630287,0.712603,1.388765,3.365221,0.683055,-0.019632,0.729316,0.033900,
38,2279146595,-9.499012,0.246611,-0.624825,0.634663,1.728953,3.797524,0.682908,-0.019477,0.729446,0.034142,
39,2279163262,-9.505508,0.218350,-0.649096,0.431311,1.846682,4.077778,0.682745,-0.019336,0.729588,0.034453,
40,2279179929,-9.537276,0.278604,-0.691366,0.923549,1.773878,4.044291,0.682588,-0.019179,0.729726,0.034734,
41,2279196596,-9.502165,0.305123,-0.711759,1.271203,1.572677,4.016116,0.682457,-0.018950,0.729845,0.034942,
42,2279213263,-9.528316,0.323297,-0.671891,1.318727,1.344635,3.821203,0.682349,-0.018755,0.729940,0.035144,
43,2279229930,-9.502367,0.329257,-0.717765,1.364075,1.048501,3.339083,0.682276,-0.018596,0.730006,0.035285,
44,2279246597,-9.505374,0.347354,-0.676074,1.871949,0.549386,2.916012,0.682260,-0.018429,0.730023,0.035332,
45,2279263264,-9.546603,0.355266,-0.702323,1.456140,0.379279,2.588375,0.682262,-0.018345,0.730020,0.035398,
46,2279279931,-9.484157,0.304327,-0.683482,1.312126,0.197141,2.347673,0.682284,-0.018300,0.729998,0.035456,
47,2279296598,-9.480323,0.248013,-0.697810,1.634455,0.046750,2.282572,0.682325,-0.018203,0.729962,0.035451,
48,2279313265,-9.494831,0.301740,-0.670459,1.839447,0.058519,2.523754,0.682363,-0.018084,0.729929,0.035468,
49,2279329932,-9.479186,0.285415,-0.638541,1.484698,0.230636,2.612553,0.682380,-0.017988,0.729912,0.035528,
50,2279346599,-9.494467,0.270746,-0.625271,1.528713,0.293259,2.697716,0.682391,-0.017887,0.729901,0.035599,
51,2279363266,-9.479892,0.289846,-0.660722,1.722013,0.407887,2.825666,0.682389,-0.017752,0.729903,0.035660,
52,2279379933,-9.507647,0.331382,-0.659135,1.626259,0.491821,2.883484,0.682377,-0.017630,0.729913,0.035745,
53,2279396600,-9.504313,0.305639,-0.606495,1.762032,0.552127,2.986601,0.682360,-0.017474,0.729930,0.035817,
54,2279413267,-9.506822,0.330663,-0.630493,1.771592,0.719384,2.867803,0.682325,-0.017329,0.729963,0.035874,
55,2279429934,-9.521287,0.379585,-0.640727,1.361238,0.716707,2.841050,0.682288,-0.017246,0.729994,0.035989,
56,2279446601,-9.503490,0.343861,-0.691837,0.884490,0.772050,2.481262,0.682247,-0.017234,0.730026,0.036105,
57,2279463268,-9.508190,0.293585,-0.691244,1.123956,0.639146,2.317302,0.682222,-0.017211,0.730047,0.036178,
58,2279479935,-9.505425,0.295720,-0.675124,1.644758,0.525073,2.418594,0.682210,-0.017128,0.730059,0.036207,
59,2279496602,-9.484492,0.323489,-0.697087,1.971986,0.389018,2.473751,0.682213,-0.016996,0.730059,0.036198,
60,2279513269,-9.497295,0.319791,-0.670775,1.682389,0.366652,2.389569,0.682218,-0.016910,0.730055,0.036220,
61,2279529936,-9.491383,0.353954,-0.696838,1.789361,0.310381,2.289039,0.682229,-0.016827,0.730047,0.036223,
62,2279546603,-9.497162,0.327363,-0.659757,1.981764,0.189131,2.102028,0.682256,-0.016738,0.730026,0.036182,
63,2279563270,-9.495288,0.365856,-0.630692,1.862607,0.161783,1.956823,0.682286,-0.016656,0.730002,0.036122,
64,2279579937,-9.521083,0.385417,-0.641279,1.005388,0.224636,1.739141,0.682308,-0.016707,0.729980,0.036153,
65,2279596604,-9.499751,0.299201,-0.699415,0.854369,0.223849,1.730400,0.682328,-0.016789,0.729956,0.036211,
66,2279613271,-9.491952,0.287808,-0.745902,1.590254,0.142663,1.782516,0.682360,-0.016761,0.729928,0.036170,
67,2279629938,-9.488403,0.326299,-0.665388,2.062315,-0.007082,1.816446,0.682409,-0.016695,0.729888,0.036095,
68,2279646605,-9.506164,0.337975,-0.593803,1.632560,0.318475,1.835797,0.682422,-0.016668,0.729878,0.036064,
69,2279663272,-9.497902,0.359348,-0.628201,1.028606,0.468508,1.842181,0.682416,-0.016717,0.729880,0.036109,
70,2279679939,-9.505844,0.308688,-0.702266,0.814119,0.409989,1.815281,0.682417,-0.016781,0.729875,0.036169,
71,2279696606,-9.489059,0.263124,-0.688895,1.676708,0.377195,2.087765,0.682422,-0.016733,0.729872,0.036165,
72,2279713273,-9.495253,0.307931,-0.646160,2.408055,0.323860,2.180114,0.682434,-0.016598,0.729867,0.036090,
73,2279729940,-9.486665,0.370383,-0.677604,2.254014,0.393059,2.147388,0.682439,-0.016476,0.729869,0.036023,
74,2279746607,-9.517691,0.381762,-0.601160,1.513909,0.542586,1.946687,0.682427,-0.016459,0.729881,0.036021,
75,2279763274,-9.507224,0.300096,-0.665926,1.481778,0.447883,1.973413,0.682423,-0.016460,0.729883,0.036042,
76,2279779941,-9.511043,0.317625,-0.658319,1.841009,0.625161,2.142522,0.682401,-0.016392,0.729905,0.036028,
77,2279796608,-9.491477,0.324319,-0.648069,1.522656,0.620551,2.231411,0.682380,-0.016337,0.729926,0.036047,
78,2279813275,-9.493914,0.280335,-0.678775,1.851228,0.548874,2.291908,0.682366,-0.016240,0.729941,0.036036,
79,2279829942,-9.495521,0.293065,-0.704076,2.635438,0.436037,2.390594,0.682365,-0.016075,0.729949,0.035969,
80,2279846609,-9.498475,0.382048,-0.623068,2.516851,0.391983,2.288783,0.682370,-0.015908,0.729952,0.035884,
81,2279863276,-9.495806,0.388461,-0.602141,1.829163,0.499685,2.051584,0.682364,-0.015834,0.729962,0.035848,
82,2279879943,-9.518624,0.342138,-0.649305,1.349514,0.637583,1.930141,0.682342,-0.015824,0.729982,0.035852,
83,2279896610,-9.489622,0.306808,-0.703291,1.542211,0.414433,1.789463,0.682346,-0.015790,0.729982,0.035807,
84,2279913277,-9.485229,0.306143,-0.698326,2.032297,0.207572,1.822363,0.682371,-0.015732,0.729963,0.035738,
85,2279929944,-9.479937,0.360772,-0.657607,2.220691,0.135229,1.782881,0.682405,-0.015650,0.729937,0.035638,
86,2279946611,-9.493630,0.360301,-0.600080,1.514242,0.398835,1.705902,0.682410,-0.015653,0.729934,0.035609,
87,2279963278,-9.509676,0.332690,-0.630855,0.969037,0.500888,1.677228,0.682402,-0.015713,0.729939,0.035635,
88,2279979945,-9.502598,0.311827,-0.660224,1.511642,0.525361,1.861281,0.682392,-0.015702,0.729949,0.035622,
89,2279996612,-9.514636,0.349727,-0.649784,1.981802,0.485482,1.732257,0.682388,-0.015662,0.729957,0.035552,
90,2280013279,-9.489492,0.357002,-0.685329,1.422557,0.462830,1.670221,0.682385,-0.015685,0.729960,0.035535,
91,2280029946,-9.494025,0.330407,-0.645080,1.292692,0.455503,1.590939,0.682384,-0.015724,0.729962,0.035519,
92,2280046613,-9.489234,0.344622,-0.634805,1.383336,0.504628,1.542570,0.682378,-0.015758,0.729968,0.035487,
93,2280063280,-9.513222,0.338976,-0.614881,1.240084,0.654962,1.621790,0.682354,-0.015805,0.729989,0.035484,
94,2280079947,-9.495008,0.331650,-0.680044,1.062869,0.720440,1.568861,0.682324,-0.015869,0.730015,0.035490,
95,2280096614,-9.481657,0.297373,-0.688399,1.260740,0.573974,1.767795,0.682310,-0.015889,0.730029,0.035491,
96,2280113281,-9.489447,0.309599,-0.675284,1.719400,0.564638,1.794214,0.682296,-0.015866,0.730044,0.035451,
97,2280129948,-9.507069,0.371074,-0.654033,1.664896,0.380970,1.736740,0.682303,-0.015850,0.730040,0.035409,
98,2280146615,-9.492727,0.357429,-0.643986,1.045440,0.453326,1.508018,0.682302,-0.015918,0.730039,0.035408,
99,2280163282,-9.495250,0.320788,-0.649429,0.743966,0.469167,1.499336,0.682298,-0.016021,0.730039,0.035441,
100,2280179949,-9.512281,0.313038,-0.655718,1.040573,0.339054,1.604014,0.682308,-0.016079,0.730027,0.035451,
101,2280196616,-9.492765,0.323713,-0.654936,1.084679,0.433668,1.635595,0.682309,-0.016118,0.730026,0.035449,
102,2280213283,-9.508528,0.332300,-0.685620,0.943610,0.369374,1.625689,0.682316,-0.016190,0.730017,0.035476,
103,2280229950,-9.505029,0.315085,-0.684791,1.054135,0.246721,1.572280,0.682337,-0.016240,0.729996,0.035473,
104,2280246617,-9.505830,0.324052,-0.640998,1.414058,0.115571,1.544695,0.682372,-0.016273,0.729964,0.035443,
105,2280263284,-9.495238,0.353006,-0.642762,1.067153,0.218464,1.406445,0.682395,-0.016361,0.729940,0.035441,
106,2280279951,-9.505395,0.319979,-0.642463,0.853799,0.176023,1.361930,0.682424,-0.016465,0.729911,0.035449,
107,2280296618,-9.511130,0.293012,-0.668844,0.989976,0.141670,1.422536,0.682456,-0.016549,0.729879,0.035448,
108,2280313285,-9.484042,0.311394,-0.682358,1.315218,0.126392,1.601415,0.682489,-0.016582,0.729848,0.035432,
109,2280329952,-9.499713,0.323980,-0.676212,1.165889,0.026607,1.503703,0.682534,-0.016632,0.729806,0.035415,
110,2280346619,-9.505411,0.337754,-0.638644,1.191317,-0.078529,1.397051,0.682590,-0.016701,0.729753,0.035394,
111,2280363286,-9.500015,0.292525,-0.643614,1.323837,-0.066094,1.312439,0.682646,-0.016750,0.729702,0.035337,
112,2280379953,-9.487294,0.338462,-0.661735,1.169457,-0.104871,1.290566,0.682705,-0.016828,0.729647,0.035305,
113,2280396620,-9.499184,0.304731,-0.647325,1.346133,-0.043798,1.276236,0.682759,-0.016883,0.729598,0.035245,
114,2280413287,-9.526085,0.285126,-0.604728,1.550663,-0.005891,1.462543,0.682808,-0.016904,0.729554,0.035187,
115,2280429954,-9.483124,0.345479,-0.636165,1.574336,0.078695,1.519755,0.682847,-0.016924,0.729520,0.035140,
116,2280446621,-9.510579,0.314099,-0.622290,1.104055,0.238166,1.508082,0.682869,-0.016981,0.729498,0.035129,
117,2280463288,-9.499727,0.279048,-0.664159,1.118775,0.308210,1.569674,0.682883,-0.017039,0.729484,0.035130,
118,2280479955,-9.482474,0.294395,-0.643975,1.076406,0.326453,1.666842,0.682895,-0.017079,0.729472,0.035135,
119,2280496622,-9.510503,0.289792,-0.649330,1.308021,0.284922,1.627284,0.682912,-0.017097,0.729456,0.035109,
120,2280513289,-9.516320,0.322286,-0.616566,1.205968,0.313006,1.684528,0.682925,-0.017138,0.729443,0.035116,
121,2280529956,-9.491330,0.302889,-0.579354,1.112533,0.520828,1.698000,0.682916,-0.017173,0.729450,0.035121,
122,2280546623,-9.521501,0.314756,-0.623875,1.036040,0.683046,1.821915,0.682888,-0.017212,0.729474,0.035153,
123,2280563290,-9.489746,0.303913,-0.639861,1.216219,0.632070,1.894943,0.682868,-0.017196,0.729493,0.035149,
124,2280579957,-9.491449,0.295572,-0.653411,1.244092,0.729328,1.961683,0.682835,-0.017207,0.729522,0.035179,
125,2280596624,-9.499580,0.292720,-0.662074,1.321980,0.636354,1.965051,0.682812,-0.017207,0.729543,0.035199,
126,2280613291,-9.496641,0.294231,-0.688513,1.510938,0.454389,1.905912,0.682809,-0.017196,0.729546,0.035197,
127,2280629958,-9.514868,0.315312,-0.659291,1.765221,0.403893,1.910547,0.682814,-0.017138,0.729546,0.035149,
128,2280646625,-9.494713,0.323697,-0.624546,1.559039,0.417109,1.805907,0.682816,-0.017120,0.729545,0.035121,
129,2280663292,-9.510703,0.324374,-0.631258,1.165300,0.551494,1.711242,0.682804,-0.017146,0.729556,0.035118,
130,2280679959,-9.527677,0.312362,-0.622142,1.215892,0.495689,1.766220,0.682797,-0.017171,0.729561,0.035126,
131,2280696626,-9.495456,0.303893,-0.635103,1.575572,0.501298,1.788388,0.682791,-0.017148,0.729569,0.035088,
132,2280713293,-9.501266,0.285248,-0.687053,1.563431,0.572988,1.843212,0.682778,-0.017102,0.729584,0.035042,
133,2280729960,-9.481718,0.299478,-0.673086,1.470598,0.458013,1.714277,0.682777,-0.017103,0.729587,0.035013,
134,2280746627,-9.482147,0.304682,-0.642519,1.519128,0.437362,1.651276,0.682777,-0.017112,0.729588,0.034979,
135,2280763294,-9.529779,0.337723,-0.612630,1.422498,0.398822,1.607613,0.682782,-0.017135,0.729585,0.034951,
136,2280779961,-9.491091,0.292567,-0.628447,1.212857,0.582081,1.623890,0.682767,-0.017178,0.729598,0.034946,
137,2280796628,-9.475458,0.296533,-0.617046,1.246628,0.685018,1.784264,0.682740,-0.017194,0.729623,0.034946,
138,2280813295,-9.539764,0.275780,-0.655624,1.341587,0.734053,2.013843,0.682707,-0.017186,0.729653,0.034968,
139,2280829962,-9.500312,0.265141,-0.635375,1.834657,0.745067,2.104077,0.682673,-0.017119,0.729687,0.034947,
140,2280846629,-9.506097,0.319029,-0.647827,1.929936,0.573155,2.019593,0.682658,-0.017050,0.729704,0.034906,
141,2280863296,-9.531033,0.362306,-0.686434,1.206288,0.578866,1.776888,0.682644,-0.017062,0.729718,0.034904,
142,2280879963,-9.480396,0.315979,-0.650951,0.904045,0.701397,1.544158,0.682615,-0.017149,0.729742,0.034928,
143,2280896630,-9.500339,0.285092,-0.665973,1.134201,0.437177,1.519467,0.682615,-0.017209,0.729741,0.034920,
144,2280913297,-9.507697,0.289129,-0.632769,1.230645,0.555290,1.686180,0.682603,-0.017228,0.729752,0.034906,
145,2280929964,-9.499590,0.283590,-0.670079,1.441156,0.497623,1.708463,0.682597,-0.017241,0.729758,0.034888,
146,2280946631,-9.502101,0.323052,-0.652304,1.671575,0.492161,1.739999,0.682592,-0.017220,0.729766,0.034840,
147,2280963298,-9.487034,0.310300,-0.640229,1.395796,0.609076,1.658570,0.682574,-0.017234,0.729783,0.034813,
148,2280979965,-9.500622,0.302801,-0.638090,1.400029,0.475343,1.699844,0.682571,-0.017237,0.729787,0.034785,
149,2280996632,-9.494662,0.301700,-0.633331,1.310813,0.510224,1.663231,0.682564,-0.017252,0.729794,0.034762,
150,2281013299,-9.509090,0.323076,-0.677251,1.228737,0.320280,1.713842,0.682577,-0.017267,0.729783,0.034751,
151,2281029966,-9.513793,0.290282,-0.666193,1.442360,0.297472,1.691802,0.682594,-0.017260,0.729769,0.034714,
152,2281046633,-9.491887,0.304693,-0.643260,1.518635,0.123665,1.560025,0.682628,-0.017276,0.729739,0.034670,
153,2281063300,-9.494071,0.298168,-0.648210,1.399279,0.198479,1.464886,0.682655,-0.017314,0.729715,0.034629,
154,2281079967,-9.512558,0.269652,-0.655202,1.373398,0.212220,1.581872,0.682679,-0.017343,0.729693,0.034604,
155,2281096634,-9.483800,0.281958,-0.631938,1.350065,0.380125,1.688652,0.682685,-0.017364,0.729687,0.034591,
156,2281113301,-9.504654,0.295089,-0.638703,1.493509,0.403996,1.697719,0.682689,-0.017367,0.729685,0.034561,
157,2281129968,-9.494689,0.298560,-0.647004,1.515126,0.458026,1.683401,0.682688,-0.017366,0.729688,0.034524,
158,2281146635,-9.498533,0.271170,-0.611473,1.674437,0.367241,1.781357,0.682696,-0.017335,0.729683,0.034477,
159,2281163302,-9.494875,0.295262,-0.634254,1.573177,0.425241,1.738379,0.682698,-0.017319,0.729683,0.034437,
160,2281179969,-9.515450,0.304531,-0.644510,1.476937,0.448856,1.703494,0.682697,-0.017332,0.729685,0.034417,
161,2281196636,-9.502426,0.285363,-0.641961,1.397743,0.359301,1.706824,0.682705,-0.017347,0.729678,0.034401,
162,2281213303,-9.493004,0.277136,-0.652451,1.334153,0.478240,1.781197,0.682700,-0.017362,0.729682,0.034401,
163,2281229970,-9.489184,0.287879,-0.626301,1.223090,0.531726,1.786159,0.682689,-0.017387,0.729691,0.034412,
164,2281246637,-9.498127,0.273499,-0.666753,1.217058,0.533020,1.904067,0.682678,-0.017391,0.729701,0.034427,
165,2281263304,-9.509226,0.273970,-0.625689,1.545445,0.575556,1.924922,0.682664,-0.017357,0.729716,0.034406,
166,2281279971,-9.494576,0.305849,-0.626106,1.404908,0.603448,2.175312,0.682643,-0.017326,0.729734,0.034439,
167,2281296638,-9.492357,0.314158,-0.659652,1.076380,0.664285,1.945445,0.682617,-0.017349,0.729756,0.034480,
168,2281313305,-9.509134,0.290057,-0.655490,1.023718,0.627824,1.891771,0.682595,-0.017381,0.729774,0.034521,
169,2281329972,-9.485448,0.282591,-0.679219,1.315692,0.514591,2.123120,0.682585,-0.017346,0.729783,0.034542,
170,2281346639,-9.497462,0.286565,-0.646756,1.608586,0.462713,2.065786,0.682581,-0.017305,0.729788,0.034541,
171,2281363306,-9.515320,0.307944,-0.620959,1.402135,0.485482,2.056271,0.682575,-0.017266,0.729794,0.034545,
172,2281379973,-9.505094,0.326723,-0.665279,0.977899,0.527026,2.028391,0.682563,-0.017291,0.729802,0.034607,
173,2281396640,-9.512074,0.296654,-0.680876,1.063523,0.478503,1.788682,0.682557,-0.017331,0.729805,0.034635,
174,2281413307,-9.502200,0.302500,-0.680261,1.519903,0.332434,1.789835,0.682570,-0.017304,0.729796,0.034597,
175,2281429974,-9.510310,0.321274,-0.635694,1.323773,0.299444,1.739583,0.682583,-0.017328,0.729783,0.034598,
176,2281446641,-9.496360,0.301579,-0.631249,0.992255,0.348557,1.720539,0.682592,-0.017381,0.729772,0.034626,
177,2281463308,-9.521303,0.301181,-0.655901,1.019321,0.315062,1.635422,0.682604,-0.017438,0.729759,0.034642,
178,2281479975,-9.495546,0.297522,-0.691910,1.235717,0.344664,1.652192,0.682615,-0.017453,0.729749,0.034619,
179,2281496642,-9.498848,0.296109,-0.659510,1.133247,0.394128,1.615764,0.682620,-0.017494,0.729744,0.034614,
180,2281513309,-9.483446,0.289641,-0.633143,1.109049,0.418377,1.710141,0.682622,-0.017528,0.729741,0.034621,
181,2281529976,-9.500563,0.262399,-0.627257,1.187514,0.393456,1.877597,0.682625,-0.017539,0.729736,0.034638,
182,2281546643,-9.507271,0.292133,-0.662012,1.365893,0.403304,1.869375,0.682629,-0.017514,0.729734,0.034620,
183,2281563310,-9.508129,0.307808,-0.611899,1.610943,0.459767,1.842174,0.682627,-0.017495,0.729738,0.034595,
184,2281579977,-9.490184,0.297878,-0.633900,1.064099,0.664797,1.913608,0.682600,-0.017526,0.729760,0.034638,
185,2281596644,-9.502581,0.285674,-0.658101,0.984034,0.691024,1.914018,0.682571,-0.017564,0.729784,0.034688,
186,2281613311,-9.501740,0.279719,-0.646893,1.124916,0.610690,1.921049,0.682551,-0.017577,0.729801,0.034716,
187,2281629978,-9.520305,0.328939,-0.660565,1.248176,0.553402,1.844423,0.682538,-0.017587,0.729813,0.034724,
188,2281646645,-9.493762,0.308953,-0.653815,1.082674,0.637628,1.830565,0.682515,-0.017623,0.729832,0.034756,
189,2281663312,-9.500495,0.281252,-0.651265,0.915481,0.767312,1.854430,0.682478,-0.017678,0.729863,0.034809,
190,2281679979,-9.490700,0.276664,-0.669218,1.237420,0.685556,1.833479,0.682451,-0.017693,0.729888,0.034819,
191,2281696646,-9.497228,0.267781,-0.683383,1.543914,0.789582,1.999436,0.682413,-0.017653,0.729925,0.034806,
192,2281713313,-9.483483,0.306623,-0.646805,1.657212,0.772178,2.037061,0.682377,-0.017592,0.729961,0.034780,
193,2281729980,-9.493802,0.307793,-0.648852,1.410613,0.721913,2.004187,0.682346,-0.017561,0.729991,0.034779,
194,2281746647,-9.492966,0.329581,-0.643542,1.070438,0.820240,1.825731,0.682304,-0.017595,0.730028,0.034806,
195,2281763314,-9.502578,0.300800,-0.679058,0.856918,0.710695,1.775825,0.682274,-0.017649,0.730053,0.034846,
196,2281779981,-9.501170,0.306691,-0.708189,1.005574,0.486392,1.612492,0.682269,-0.017698,0.730056,0.034849,
197,2281796648,-9.521709,0.305897,-0.666307,1.203022,0.381418,1.582423,0.682275,-0.017746,0.730049,0.034843,
198,2281813315,-9.496788,0.292071,-0.644427,1.171172,0.385145,1.585688,0.682280,-0.017796,0.730043,0.034839,
199,2281829982,-9.484510,0.296055,-0.667235,1.132946,0.358738,1.635761,0.682289,-0.017827,0.730035,0.034829,
200,2281846649,-9.486484,0.278508,-0.658558,1.061896,0.500107,1.589236,0.682285,-0.017840,0.730040,0.034795,
201,2281863316,-9.511088,0.281061,-0.684643,1.141276,0.465818,1.652992,0.682283,-0.017864,0.730042,0.034781,
202,2281879983,-9.502535,0.267202,-0.658714,1.367308,0.449708,1.698519,0.682282,-0.017868,0.730044,0.034754,
203,2281896650,-9.504597,0.307015,-0.633432,1.569962,0.508354,1.654625,0.682275,-0.017870,0.730052,0.034713,
204,2281913317,-9.506363,0.300335,-0.646701,1.062536,0.548233,1.776542,0.682263,-0.017900,0.730062,0.034729,
205,2281929984,-9.504457,0.291345,-0.644254,0.943591,0.546466,1.765848,0.682250,-0.017947,0.730072,0.034761,
206,2281946651,-9.508411,0.264928,-0.668054,1.146717,0.471513,1.770565,0.682246,-0.017965,0.730075,0.034765,
207,2281963318,-9.510956,0.290070,-0.676620,1.657699,0.409733,1.904951,0.682250,-0.017916,0.730074,0.034726,
208,2281979985,-9.505422,0.282632,-0.660149,1.459905,0.425971,1.889545,0.674279,0.136133,0.717494,-0.109628,
209,2281996652,-9.487397,0.314054,-0.631454,1.496320,0.407729,1.884608,0.674281,0.136135,0.717492,-0.109628,
210,2282013319,-9.499319,0.307560,-0.648741,1.143434,0.579878,1.893848,0.674271,0.136113,0.717511,-0.109592,
211,2282029986,-9.488841,0.292274,-0.673624,1.142973,0.565317,1.914927,0.674262,0.136104,0.717525,-0.109564,
212,2282046653,-9.514781,0.277774,-0.681438,1.287128,0.517799,1.976519,0.674257,0.136104,0.717534,-0.109536,
213,2282063320,-9.503831,0.269036,-0.700790,1.489270,0.541497,1.998924,0.674244,0.136148,0.717537,-0.109545,
214,2282079987,-9.516430,0.326479,-0.663121,1.636511,0.486193,1.921042,0.674231,0.136202,0.717533,-0.109583,
215,2282096654,-9.493997,0.289583,-0.662664,1.439171,0.604095,2.010988,0.674215,0.136218,0.717548,-0.109563,
216,2282113321,-9.488455,0.284007,-0.683986,1.482168,0.551838,2.039078,0.674203,0.136248,0.717555,-0.109552,
217,2282129988,-9.503346,0.304298,-0.684185,1.263443,0.480040,1.983287,0.674201,0.136258,0.717558,-0.109533,
218,2282146655,-9.507255,0.302673,-0.686305,1.253370,0.561443,1.959922,0.674189,0.136277,0.717567,-0.109523,
219,2282163322,-9.512727,0.279444,-0.666514,1.470700,0.477350,2.039533,0.674186,0.136302,0.717567,-0.109510,
220,2282179989,-9.506797,0.332886,-0.642894,1.489839,0.532514,1.966966,0.674175,0.136324,0.717574,-0.109506,
221,2282196656,-9.515481,0.281440,-0.667072,1.227610,0.437984,1.894002,0.674177,0.136314,0.717576,-0.109488,
222,2282213323,-9.479175,0.293076,-0.712747,1.470841,0.451930,1.874946,0.674171,0.136342,0.717574,-0.109509,
223,2282229990,-9.509642,0.278747,-0.660644,1.548870,0.350145,1.904900,0.674175,0.136378,0.717559,-0.109538,
224,2282246657,-9.510707,0.297172,-0.670097,1.474888,0.386540,1.808814,0.674174,0.136401,0.717551,-0.109570,
225,2282263324,-9.503462,0.287817,-0.669560,1.365816,0.374029,1.793023,0.674178,0.136399,0.717545,-0.109582,
226,2282279991,-9.494585,0.293967,-0.671713,1.495570,0.526725,1.864479,0.674165,0.136416,0.717552,-0.109594,
227,2282296658,-9.502156,0.289633,-0.655463,1.639770,0.415777,1.886523,0.674163,0.136434,0.717549,-0.109609,
228,2282313325,-9.498336,0.303908,-0.654085,1.449416,0.457244,1.892221,0.674158,0.136453,0.717548,-0.109618,
229,2282329992,-9.513056,0.310724,-0.703317,1.175027,0.450355,1.839229,0.674159,0.136437,0.717552,-0.109604,
230,2282346659,-9.499502,0.291798,-0.671531,1.297827,0.425677,1.778744,0.674160,0.136423,0.717554,-0.109604,
231,2282363326,-9.497462,0.313477,-0.646273,1.272381,0.250575,1.669686,0.674176,0.136403,0.717540,-0.109626,
232,2282379993,-9.530449,0.269184,-0.706332,1.202299,0.405219,1.744148,0.674180,0.136371,0.717543,-0.109616,
233,2282396660,-9.487321,0.323906,-0.679859,1.138350,0.404072,1.595806,0.674182,0.136332,0.717547,-0.109628,
234,2282413327,-9.498025,0.271660,-0.702110,1.314975,0.294873,1.554992,0.674191,0.136303,0.717539,-0.109662,
235,2282429994,-9.494165,0.269829,-0.673290,1.161299,0.361594,1.601364,0.674197,0.136260,0.717540,-0.109671,
236,2282446661,-9.498001,0.261221,-0.626876,1.555671,0.458858,1.817740,0.674187,0.136298,0.717536,-0.109714,
237,2282463328,-9.503500,0.301805,-0.643287,1.516445,0.472241,1.900354,0.674178,0.136335,0.717533,-0.109739,
238,2282479995,-9.506277,0.295928,-0.654083,1.286084,0.578520,1.756922,0.674162,0.136327,0.717550,-0.109744,
239,2282496662,-9.488905,0.272612,-0.655787,1.141885,0.538526,1.804024,0.674151,0.136323,0.717561,-0.109743,
240,2282513329,-9.510704,0.275055,-0.687709,1.027127,0.412883,1.759932,0.674157,0.136288,0.717565,-0.109724,
241,2282529996,-9.499975,0.286129,-0.689742,1.303872,0.367715,1.806842,0.674164,0.136272,0.717562,-0.109720,
242,2282546663,-9.502707,0.298607,-0.684659,1.230274,0.315068,1.730042,0.674174,0.136267,0.717550,-0.109741,
243,2282563330,-9.515258,0.309667,-0.672048,1.027345,0.372185,1.747855,0.674184,0.136229,0.717551,-0.109723,
244,2282579997,-9.491747,0.259261,-0.655330,0.813146,0.346328,1.794099,0.674201,0.136179,0.717550,-0.109683,
245,2282596664,-9.507932,0.248933,-0.681856,1.197715,0.468363,1.924660,0.674199,0.136192,0.717551,-0.109677,
246,2282613331,-9.503916,0.268908,-0.670635,1.547334,0.365320,1.987155,0.674201,0.136240,0.717536,-0.109699,
247,2282629998,-9.484820,0.287022,-0.668628,1.455781,0.380714,2.054811,0.674208,0.136270,0.717525,-0.109691,
248,2282646665,-9.509141,0.316088,-0.655001,1.171096,0.409361,1.985567,0.674216,0.136262,0.717524,-0.109656,
249,2282663332,-9.494311,0.280472,-0.721855,1.158866,0.359967,1.864329,0.674227,0.136244,0.717520,-0.109637,
250,2282679999,-9.500136,0.257419,-0.702093,1.430194,0.298471,1.823541,0.674237,0.136258,0.717505,-0.109661,
251,2282696666,-9.504908,0.277210,-0.639303,1.578069,0.403163,1.946239,0.674236,0.136289,0.717497,-0.109675,
252,2282713333,-9.509616,0.297111,-0.637190,1.217455,0.496829,1.976077,0.674234,0.136288,0.717504,-0.109646,
253,2282730000,-9.508557,0.276382,-0.678646,1.092734,0.559670,2.006288,0.674227,0.136287,0.717516,-0.109607,
254,2282746667,-9.503789,0.275542,-0.707882,1.481445,0.386861,2.081666,0.674232,0.136328,0.717505,-0.109603,
255,2282763334,-9.488297,0.305974,-0.692635,1.689343,0.320101,1.970981,0.674238,0.136374,0.717486,-0.109631,
256,2282780001,-9.515800,0.304121,-0.659484,1.409691,0.277943,1.954947,0.674251,0.136411,0.717464,-0.109650,
257,2282796668,-9.511847,0.300345,-0.642628,1.264787,0.317937,1.984440,0.674266,0.136419,0.717451,-0.109634,
258,2282813335,-9.499330,0.285870,-0.645307,1.251033,0.325121,1.863971,0.674275,0.136439,0.717436,-0.109652,
259,2282830002,-9.501301,0.295624,-0.672417,1.280500,0.421143,1.979574,0.674280,0.136443,0.717434,-0.109630,
260,2282846669,-9.493705,0.286515,-0.650457,1.194871,0.443049,1.868767,0.674282,0.136426,0.717438,-0.109609,
261,2282863336,-9.505898,0.291463,-0.680107,1.219459,0.417564,1.896864,0.674287,0.136413,0.717440,-0.109587,
262,2282880003,-9.494064,0.324659,-0.656656,1.310941,0.376026,1.877430,0.674294,0.136409,0.717435,-0.109580,
263,2282896670,-9.492181,0.290031,-0.649368,1.330433,0.348185,1.770267,0.674301,0.136399,0.717429,-0.109590,
264,2282913337,-9.490715,0.278997,-0.665968,1.449170,0.389509,1.885803,0.674304,0.136404,0.717424,-0.109591,
265,2282930004,-9.499566,0.289752,-0.645820,1.316896,0.363963,1.834734,0.674308,0.136427,0.717413,-0.109616,
266,2282946671,-9.511371,0.305970,-0.667639,1.280334,0.430953,1.799606,0.674306,0.136427,0.717413,-0.109625,
267,2282963338,-9.496208,0.269170,-0.651194,1.269397,0.450406,1.818470,0.674301,0.136447,0.717410,-0.109647,
268,2282980005,-9.505812,0.312770,-0.673104,1.338052,0.421566,1.871462,0.674301,0.136457,0.717408,-0.109652,
269,2282996672,-9.493758,0.297305,-0.661338,1.108402,0.397496,1.852925,0.674309,0.136432,0.717409,-0.109627,
270,2283013339,-9.507581,0.306328,-0.682081,1.251930,0.386259,1.867851,0.674316,0.136427,0.717405,-0.109619,
271,2283030006,-9.498155,0.290346,-0.633201,1.128201,0.454818,1.821306,0.674313,0.136428,0.717407,-0.109622,
272,2283046673,-9.499334,0.310176,-0.638925,1.101020,0.461983,1.780115,0.674311,0.136415,0.717412,-0.109619,
273,2283063340,-9.489066,0.285867,-0.671001,0.996507,0.546953,1.760252,0.674304,0.136371,0.717431,-0.109588,
274,2283080007,-9.481489,0.299626,-0.659522,1.180329,0.493960,1.763518,0.674298,0.136359,0.717439,-0.109589,
275,2283096674,-9.510470,0.293061,-0.652369,1.132638,0.470537,1.711255,0.674290,0.136365,0.717441,-0.109616,
276,2283113341,-9.512054,0.283531,-0.669245,1.267745,0.474277,1.700946,0.674282,0.136359,0.717447,-0.109636,
277,2283130008,-9.493904,0.278257,-0.665497,1.262047,0.627979,1.708079,0.674262,0.136328,0.717473,-0.109628,
278,2283146675,-9.515447,0.286637,-0.663485,1.371861,0.557044,1.854148,0.674245,0.136354,0.717481,-0.109647,
279,2283163342,-9.492348,0.280786,-0.677239,1.243785,0.672084,1.896819,0.674220,0.136370,0.717502,-0.109643,
280,2283180009,-9.518112,0.282053,-0.682389,1.454373,0.639684,2.056143,0.674194,0.136445,0.717509,-0.109665,
281,2283196676,-9.500073,0.300580,-0.687175,1.508114,0.720216,2.089100,0.674164,0.136490,0.717530,-0.109653,
282,2283213343,-9.495673,0.316982,-0.665306,1.451184,0.611010,1.932421,0.674144,0.136511,0.717545,-0.109652,
283,2283230010,-9.481514,0.299086,-0.658172,1.275365,0.708953,1.882437,0.674114,0.136537,0.717568,-0.109659,
284,2283246677,-9.505064,0.291051,-0.657566,1.158871,0.604490,1.908331,0.674099,0.136534,0.717586,-0.109636,
285,2283263344,-9.517222,0.267255,-0.710655,1.402097,0.516346,1.863894,0.674088,0.136547,0.717593,-0.109643,
286,2283280011,-9.495192,0.278908,-0.677153,1.645936,0.496925,1.870687,0.674075,0.136579,0.717594,-0.109671,
287,2283296678,-9.500307,0.315308,-0.680506,1.494968,0.393315,1.738507,0.674073,0.136590,0.717589,-0.109706,
288,2283313345,-9.522568,0.323960,-0.669995,1.361750,0.377262,1.629787,0.674073,0.136572,0.717587,-0.109735,
289,2283330012,-9.501736,0.285254,-0.666332,1.282787,0.342442,1.660715,0.674081,0.136535,0.717586,-0.109740,
290,2283346679,-9.497739,0.293767,-0.650044,1.318702,0.457705,1.708156,0.674075,0.136530,0.717590,-0.109761,
291,2283363346,-9.503297,0.292216,-0.713443,0.892679,0.451590,1.580816,0.674076,0.136465,0.717603,-0.109747,
292,2283380013,-9.494291,0.282317,-0.692229,1.130179,0.371467,1.577954,0.674079,0.136434,0.717603,-0.109770,
293,2283396680,-9.503861,0.298575,-0.641713,1.339243,0.371647,1.543043,0.674077,0.136421,0.717600,-0.109819,
294,2283413347,-9.488134,0.288995,-0.664650,1.051183,0.426810,1.482040,0.674078,0.136348,0.717613,-0.109820,
295,2283430014,-9.505669,0.286135,-0.676204,0.960752,0.384658,1.455628,0.674082,0.136284,0.717619,-0.109834,
296,2283446681,-9.483695,0.257710,-0.680339,1.219235,0.288072,1.532657,0.674095,0.136230,0.717615,-0.109849,
297,2283463348,-9.491165,0.293378,-0.645968,1.622597,0.298420,1.591439,0.674096,0.136245,0.717599,-0.109922,
298,2283480015,-9.511978,0.280645,-0.657810,1.345582,0.491860,1.675000,0.674086,0.136236,0.717608,-0.109944,
299,2283496682,-9.487272,0.265223,-0.669680,1.352831,0.476428,1.719720,0.674074,0.136258,0.717608,-0.109988,
300,2283513349,-9.507773,0.292151,-0.677576,1.519377,0.444553,1.785173,0.674064,0.136294,0.717603,-0.110035,
301,2283530016,-9.501378,0.285344,-0.667395,1.454705,0.424511,1.777579,0.674060,0.136303,0.717601,-0.110059,
302,2283546683,-9.506925,0.295187,-0.690343,1.308911,0.383742,1.722198,0.674064,0.136280,0.717601,-0.110064,
303,2283563350,-9.502889,0.291450,-0.661569,1.351388,0.416481,1.711601,0.674060,0.136290,0.717598,-0.110101,
304,2283580017,-9.514083,0.297254,-0.674183,1.308867,0.243161,1.602785,0.674070,0.136302,0.717576,-0.110165,
305,2283596684,-9.510370,0.282050,-0.657813,0.984507,0.455349,1.647761,0.674066,0.136277,0.717583,-0.110174,
306,2283613351,-9.496221,0.268254,-0.651906,0.833892,0.366550,1.640961,0.674077,0.136217,0.717587,-0.110155,
307,2283630018,-9.493247,0.268882,-0.668930,1.106225,0.285133,1.689017,0.674091,0.136200,0.717575,-0.110171,
308,2283646685,-9.497421,0.277330,-0.649592,1.385986,0.215781,1.670300,0.674109,0.136183,0.717557,-0.110198,
309,2283663352,-9.510784,0.286281,-0.684019,1.411586,0.202488,1.643548,0.674123,0.136199,0.717531,-0.110262,
310,2283680019,-9.499488,0.286877,-0.673272,1.528880,0.187197,1.519967,0.674136,0.136202,0.717506,-0.110339,
311,2283696686,-9.505381,0.300359,-0.632502,1.516867,0.141747,1.543556,0.674157,0.136185,0.717481,-0.110395,
312,2283713353,-9.510859,0.279442,-0.659992,1.261112,0.248770,1.598674,0.674171,0.136163,0.717467,-0.110429,
313,2283730020,-9.502579,0.266849,-0.676986,1.224793,0.340681,1.642011,0.674175,0.136163,0.717457,-0.110469,
314,2283746687,-9.507503,0.254462,-0.687270,1.425372,0.354429,1.816222,0.674178,0.136178,0.717447,-0.110493,
315,2283763354,-9.508994,0.277947,-0.660872,1.300286,0.385798,1.847271,0.674184,0.136171,0.717444,-0.110489,
316,2283780021,-9.506437,0.270995,-0.666602,1.468382,0.435538,1.867019,0.674177,0.136213,0.717437,-0.110525,
317,2283796688,-9.516484,0.259236,-0.634714,1.346927,0.471728,2.001562,0.674169,0.136270,0.717430,-0.110546,
318,2283813355,-9.502703,0.288639,-0.668485,1.347273,0.523581,2.016469,0.674158,0.136315,0.717431,-0.110551,
319,2283830022,-9.501732,0.265742,-0.680546,1.368826,0.486033,1.996260,0.674153,0.136341,0.717432,-0.110545,
320,2283846689,-9.495990,0.299709,-0.672509,1.318190,0.481756,1.879979,0.674147,0.136351,0.717436,-0.110546,
321,2283863356,-9.495740,0.294087,-0.675261,1.063945,0.515718,1.770216,0.674139,0.136339,0.717446,-0.110543,
322,2283880023,-9.519200,0.260438,-0.671612,1.229496,0.382600,1.771455,0.674142,0.136340,0.717441,-0.110559,
323,2283896690,-9.492565,0.242353,-0.650226,1.580381,0.352021,1.875260,0.674142,0.136391,0.717424,-0.110606,
324,2283913357,-9.505371,0.272527,-0.641172,1.760585,0.393661,2.035486,0.674140,0.136450,0.717410,-0.110632,
325,2283930024,-9.484959,0.288096,-0.692739,1.666362,0.412697,1.874030,0.674136,0.136481,0.717404,-0.110661,
326,2283946691,-9.512506,0.304209,-0.667369,1.407745,0.411538,1.823836,0.674135,0.136484,0.717402,-0.110671,
327,2283963358,-9.506166,0.270483,-0.654355,1.342163,0.425369,1.819955,0.674134,0.136485,0.717402,-0.110678,
328,2283980025,-9.500072,0.269685,-0.675370,1.367763,0.461317,1.893797,0.674127,0.136520,0.717399,-0.110700,
329,2283996692,-9.507434,0.285784,-0.678724,1.411164,0.391829,1.924288,0.674131,0.136529,0.717394,-0.110697,
330,2284013359,-9.491513,0.277603,-0.654655,1.321584,0.529114,1.812182,0.674114,0.136572,0.717395,-0.110739,
331,2284030026,-9.521523,0.259026,-0.672119,1.335619,0.482114,1.748983,0.674108,0.136546,0.717406,-0.110733,
332,2284046693,-9.491632,0.282259,-0.697624,1.415134,0.493000,1.906565,0.674098,0.136577,0.717407,-0.110750,
333,2284063360,-9.510530,0.272681,-0.686381,1.516060,0.337787,1.946367,0.674103,0.136625,0.717389,-0.110780,
334,2284080027,-9.514791,0.301370,-0.674472,1.659786,0.283308,1.823195,0.674110,0.136650,0.717371,-0.110819,
335,2284096694,-9.505999,0.286286,-0.671885,1.367097,0.299137,1.687243,0.674121,0.136632,0.717362,-0.110839,
336,2284113361,-9.506870,0.296820,-0.619360,1.149568,0.321971,1.587456,0.674130,0.136596,0.717357,-0.110857,
337,2284130028,-9.494125,0.251709,-0.682095,0.891930,0.351541,1.641793,0.674142,0.136535,0.717360,-0.110838,
338,2284146695,-9.483863,0.272980,-0.681328,1.223852,0.272545,1.765419,0.674156,0.136537,0.717344,-0.110859,
339,2284163362,-9.518743,0.282896,-0.650124,1.314092,0.242021,1.671248,0.674171,0.136521,0.717328,-0.110886,
340,2284180029,-9.492571,0.279433,-0.665200,1.271639,0.322368,1.689049,0.674179,0.136510,0.717319,-0.110910,
341,2284196696,-9.505164,0.289153,-0.673666,1.208580,0.170958,1.652653,0.674202,0.136493,0.717296,-0.110939,
342,2284213363,-9.501287,0.278600,-0.635629,1.387927,0.126887,1.651446,0.674227,0.136487,0.717267,-0.110982,
343,2284230030,-9.514678,0.277624,-0.644265,1.522995,0.198691,1.727654,0.674240,0.136528,0.717236,-0.111054,
344,2284246697,-9.505014,0.299239,-0.647546,1.123379,0.311034,1.658800,0.674250,0.136505,0.717228,-0.111070,
345,2284263364,-9.494229,0.259797,-0.646849,1.031020,0.443029,1.646813,0.674251,0.136451,0.717240,-0.111056,
346,2284280031,-9.516285,0.265362,-0.655140,1.058054,0.441134,1.659082,0.674252,0.136405,0.717249,-0.111046,
347,2284296698,-9.500543,0.278919,-0.667607,1.128809,0.437753,1.802090,0.674255,0.136375,0.717256,-0.111025,
348,2284313365,-9.500217,0.244327,-0.673445,1.143754,0.458218,1.685130,0.674251,0.136348,0.717264,-0.111028,
349,2284330032,-9.494620,0.263050,-0.663977,1.335811,0.478208,1.858425,0.674244,0.136368,0.717265,-0.111043,
350,2284346699,-9.497010,0.267965,-0.678140,1.571012,0.393379,1.779141,0.674243,0.136373,0.717261,-0.111066,
351,2284363366,-9.501164,0.268670,-0.650295,1.582180,0.350657,1.791307,0.674243,0.136401,0.717249,-0.111110,
352,2284380033,-9.486636,0.266059,-0.655958,1.457318,0.486994,1.840074,0.674235,0.136411,0.717253,-0.111121,
353,2284396700,-9.500197,0.277284,-0.617449,1.373052,0.510147,1.844800,0.674218,0.136468,0.717250,-0.111170,
354,2284413367,-9.494637,0.257614,-0.644283,1.473236,0.579263,1.815627,0.674197,0.136490,0.717262,-0.111194,
355,2284430034,-9.504793,0.290097,-0.665053,1.357537,0.557435,1.849787,0.674180,0.136517,0.717270,-0.111215,
356,2284446701,-9.501490,0.286022,-0.672332,1.244925,0.561168,1.778002,0.674164,0.136518,0.717283,-0.111224,
357,2284463368,-9.521059,0.261738,-0.673042,1.376510,0.388513,1.663449,0.674160,0.136532,0.717276,-0.111274,
358,2284480035,-9.502616,0.275763,-0.661025,1.400342,0.424755,1.710986,0.674152,0.136555,0.717272,-0.111322,
359,2284496702,-9.482326,0.279432,-0.659072,1.331457,0.450598,1.725777,0.674145,0.136563,0.717272,-0.111353,
360,2284513369,-9.507931,0.266631,-0.629563,1.341344,0.581671,1.734895,0.674126,0.136565,0.717287,-0.111372,
361,2284530036,-9.495842,0.270975,-0.689740,1.426758,0.528134,1.878811,0.674113,0.136583,0.717295,-0.111380,
362,2284546703,-9.496087,0.276239,-0.673260,1.384847,0.511543,1.796481,0.674099,0.136604,0.717299,-0.111407,
363,2284563370,-9.502135,0.263479,-0.690278,1.276198,0.436075,1.865674,0.674098,0.136609,0.717299,-0.111408,
364,2284580037,-9.502542,0.262634,-0.690842,1.532286,0.415419,1.647607,0.674090,0.136623,0.717296,-0.111463,
365,2284596704,-9.508087,0.296431,-0.651197,1.651219,0.288700,1.667752,0.674092,0.136657,0.717276,-0.111539,
366,2284613371,-9.500930,0.291471,-0.630543,1.363108,0.402747,1.686123,0.674089,0.136654,0.717274,-0.111569,
367,2284630038,-9.506886,0.248826,-0.666858,1.055346,0.359333,1.652813,0.674099,0.136604,0.717276,-0.111559,
368,2284646705,-9.496521,0.241074,-0.675540,1.272625,0.398924,1.702585,0.674098,0.136593,0.717275,-0.111578,
369,2284663372,-9.500846,0.283629,-0.669478,1.404133,0.269273,1.797429,0.674109,0.136615,0.717255,-0.111615,
370,2284680039,-9.523780,0.271880,-0.643244,1.499220,0.354422,1.797570,0.674111,0.136635,0.717245,-0.111648,
371,2284696706,-9.502807,0.301384,-0.645465,1.351870,0.381392,1.770600,0.674113,0.136633,0.717241,-0.111663,
372,2284713373,-9.507218,0.250242,-0.670160,1.213331,0.372389,1.760470,0.674117,0.136628,0.717236,-0.111676,
373,2284730040,-9.494958,0.255117,-0.654894,1.419514,0.317117,1.820865,0.674120,0.136673,0.717217,-0.111727,
374,2284746707,-9.482077,0.256582,-0.687456,1.555478,0.437958,1.843583,0.674115,0.136692,0.717215,-0.111749,
375,2284763374,-9.509429,0.258241,-0.672664,1.530801,0.422654,1.896217,0.674112,0.136711,0.717211,-0.111761,
376,2284780041,-9.501873,0.266659,-0.645957,1.461967,0.391125,1.863958,0.674114,0.136724,0.717206,-0.111773,
377,2284796708,-9.493139,0.271753,-0.652426,1.482495,0.320562,1.760239,0.674120,0.136729,0.717194,-0.111801,
378,2284813375,-9.508362,0.258664,-0.682029,1.286481,0.390895,1.892055,0.674122,0.136752,0.717186,-0.111814,
379,2284830042,-9.483942,0.270073,-0.697516,1.312881,0.296096,1.838569,0.674135,0.136751,0.717173,-0.111820,
380,2284846709,-9.507313,0.252490,-0.660783,1.314875,0.335912,1.843527,0.674142,0.136768,0.717160,-0.111839,
381,2284863376,-9.520022,0.264157,-0.659375,1.449788,0.387603,1.879645,0.674142,0.136796,0.717151,-0.111861,
382,2284880043,-9.489915,0.275158,-0.666853,1.271767,0.314287,1.700024,0.674145,0.136827,0.717134,-0.111921,
383,2284896710,-9.503727,0.268960,-0.678837,1.175335,0.212656,1.693454,0.674167,0.136799,0.717117,-0.111931,
384,2284913377,-9.501217,0.244575,-0.670067,1.610936,0.138859,1.708149,0.674189,0.136805,0.717087,-0.111977,
385,2284930044,-9.498140,0.272908,-0.647364,1.619561,0.102777,1.674155,0.674212,0.136825,0.717051,-0.112046,
386,2284946711,-9.509395,0.276196,-0.650827,1.289017,0.136548,1.699102,0.674240,0.136806,0.717026,-0.112066,
387,2284963378,-9.500399,0.264445,-0.672313,1.296035,0.086962,1.686411,0.674272,0.136793,0.716993,-0.112098,
388,2284980045,-9.502802,0.257762,-0.691595,1.604027,0.157012,1.657123,0.674289,0.136808,0.716964,-0.112162,
389,2284996712,-9.486647,0.262036,-0.647759,1.754515,0.075269,1.723613,0.674312,0.136852,0.716921,-0.112245,
390,2285013379,-9.517363,0.274626,-0.643727,1.473889,0.132565,1.632227,0.674335,0.136846,0.716893,-0.112294,
391,2285030046,-9.478106,0.289771,-0.610374,1.155024,0.226487,1.583921,0.674352,0.136817,0.716878,-0.112323,
392,2285046713,-9.511174,0.261653,-0.627576,0.940543,0.242533,1.624274,0.674375,0.136758,0.716869,-0.112314,
393,2285063380,-9.491010,0.230571,-0.635267,0.936957,0.381098,1.779167,0.674387,0.136705,0.716874,-0.112274,
394,2285080047,-9.489205,0.226772,-0.680844,1.209233,0.382583,1.931780,0.674393,0.136718,0.716867,-0.112270,
395,2285096714,-9.502294,0.265288,-0.695620,1.526715,0.376116,1.840894,0.674390,0.136762,0.716853,-0.112317,
396,2285113381,-9.509424,0.270140,-0.642954,1.538164,0.412166,1.869631,0.674384,0.136815,0.716842,-0.112364,
397,2285130048,-9.504891,0.293599,-0.643690,1.231817,0.350804,1.774883,0.674391,0.136805,0.716836,-0.112371,
398,2285146715,-9.516209,0.289493,-0.646671,0.924836,0.423083,1.640468,0.674397,0.136739,0.716848,-0.112345,
399,2285163382,-9.507585,0.243882,-0.694554,1.072167,0.428020,1.664704,0.674396,0.136714,0.716852,-0.112354,
400,2285180049,-9.498035,0.255158,-0.655962,1.471026,0.366181,1.701387,0.674396,0.136715,0.716846,-0.112387,
401,2285196716,-9.501943,0.269523,-0.622512,1.894245,0.271796,1.813129,0.674399,0.136769,0.716821,-0.112458,
402,2285213383,-9.510492,0.286823,-0.623018,1.418195,0.359775,1.607664,0.674399,0.136765,0.716816,-0.112504,
403,2285230050,-9.499146,0.225022,-0.632859,1.072429,0.511319,1.604648,0.674389,0.136727,0.716831,-0.112510,
404,2285246717,-9.495365,0.218477,-0.661612,1.602388,0.475826,1.835656,0.674375,0.136775,0.716827,-0.112558,
405,2285263384,-9.496896,0.254856,-0.643630,1.845376,0.406313,1.785775,0.674368,0.136805,0.716821,-0.112607,
406,2285280051,-9.492293,0.288878,-0.636038,1.535385,0.447755,1.805292,0.674356,0.136861,0.716812,-0.112668,
407,2285296718,-9.517016,0.273502,-0.632561,1.137351,0.460318,1.637746,0.674352,0.136819,0.716823,-0.112667,
408,2285313385,-9.503170,0.256606,-0.666810,1.108742,0.528832,1.604463,0.674337,0.136809,0.716835,-0.112698,
409,2285330052,-9.505563,0.265811,-0.686060,1.228936,0.488370,1.699108,0.674327,0.136805,0.716841,-0.112719,
410,2285346719,-9.515090,0.238832,-0.634870,1.397519,0.472093,1.574592,0.674317,0.136784,0.716850,-0.112752,
411,2285363386,-9.515884,0.266928,-0.619597,1.430284,0.469180,1.729645,0.674305,0.136805,0.716851,-0.112794,
412,2285380053,-9.499466,0.264285,-0.605346,1.181904,0.569684,1.757627,0.674290,0.136788,0.716869,-0.112790,
413,2285396720,-9.487552,0.234851,-0.648097,0.960021,0.667652,1.645174,0.674269,0.136732,0.716903,-0.112764,
414,2285413387,-9.507552,0.278578,-0.660600,1.015281,0.607616,1.673681,0.674254,0.136686,0.716929,-0.112745,
415,2285430054,-9.495266,0.273304,-0.707654,0.962404,0.604825,1.571896,0.674237,0.136627,0.716958,-0.112733,
416,2285446721,-9.495667,0.239962,-0.677433,1.218415,0.495023,1.581655,0.674220,0.136643,0.716961,-0.112796,
417,2285463388,-9.511419,0.251990,-0.645645,1.721692,0.541472,1.649349,0.674197,0.136661,0.716971,-0.112853,
418,2285480055,-9.503856,0.264834,-0.625423,1.314143,0.580826,1.698782,0.674177,0.136661,0.716986,-0.112876,
419,2285496722,-9.498605,0.271759,-0.632837,0.819092,0.810165,1.691141,0.674139,0.136638,0.717028,-0.112864,
420,2285513389,-9.502237,0.236119,-0.685654,0.976017,0.796036,1.720091,0.674101,0.136627,0.717066,-0.112860,
421,2285530056,-9.485550,0.235601,-0.662746,1.302438,0.667256,1.787939,0.674074,0.136630,0.717090,-0.112866,
422,2285546723,-9.498911,0.258217,-0.678264,1.517079,0.571714,1.905034,0.674054,0.136672,0.717097,-0.112891,
423,2285563390,-9.506464,0.266247,-0.673922,1.365599,0.507945,1.792511,0.674042,0.136684,0.717103,-0.112911,
424,2285580057,-9.480769,0.252076,-0.666990,1.213235,0.516083,1.752370,0.674031,0.136674,0.717114,-0.112916,
425,2285596724,-9.500937,0.258353,-0.677107,1.151566,0.506216,1.682979,0.674021,0.136658,0.717125,-0.112928,
426,2285613391,-9.483561,0.250045,-0.673305,1.174848,0.385926,1.668430,0.674023,0.136638,0.717124,-0.112944,
427,2285630058,-9.507423,0.257719,-0.656905,1.265671,0.477350,1.649913,0.674014,0.136622,0.717133,-0.112965,
428,2285646725,-9.503757,0.235552,-0.674378,1.179471,0.466721,1.718734,0.674010,0.136595,0.717142,-0.112962,
429,2285663392,-9.497340,0.248166,-0.691223,1.529238,0.530433,1.746767,0.673995,0.136598,0.717152,-0.112984,
430,2285680059,-9.506310,0.283665,-0.666451,1.231183,0.335328,1.666983,0.674002,0.136573,0.717148,-0.112999,
431,2285696726,-9.512199,0.238122,-0.642003,1.084781,0.363527,1.695618,0.674008,0.136549,0.717145,-0.113005,
432,2285713393,-9.491693,0.269841,-0.654198,1.045261,0.436383,1.716595,0.674009,0.136515,0.717152,-0.112995,
433,2285730060,-9.511510,0.245520,-0.670203,0.995303,0.482678,1.699294,0.674003,0.136500,0.717160,-0.113003,
434,2285746727,-9.491874,0.242013,-0.656516,0.955194,0.527077,1.895282,0.674001,0.136463,0.717177,-0.112951,
435,2285763394,-9.508944,0.221832,-0.690835,1.237177,0.400358,1.909331,0.674005,0.136469,0.717173,-0.112945,
436,2285780061,-9.499290,0.267875,-0.672526,1.488892,0.332530,1.941916,0.674012,0.136505,0.717157,-0.112965,
437,2285796728,-9.489338,0.267606,-0.640740,1.346312,0.328873,1.877853,0.674018,0.136534,0.717142,-0.112989,
438,2285813395,-9.526443,0.244986,-0.641723,1.248177,0.400512,1.938683,0.674023,0.136537,0.717139,-0.112975,
439,2285830062,-9.483183,0.237502,-0.667668,1.418920,0.457976,2.068740,0.674020,0.136581,0.717134,-0.112972,
440,2285846729,-9.499420,0.257069,-0.653249,1.582013,0.445706,2.113887,0.674015,0.136648,0.717124,-0.112985,
441,2285863396,-9.499361,0.269010,-0.649944,1.168650,0.503885,2.142906,0.674011,0.136686,0.717124,-0.112958,
442,2285880063,-9.514276,0.252588,-0.607638,0.943271,0.777646,2.095586,0.673986,0.136679,0.717160,-0.112887,
443,2285896730,-9.490270,0.240640,-0.651133,1.105643,0.722822,2.251209,0.673966,0.136709,0.717184,-0.112822,
444,2285913397,-9.492688,0.252475,-0.693050,1.056774,0.687413,2.066337,0.673938,0.136774,0.717197,-0.112826,
445,2285930064,-9.506802,0.240310,-0.686978,1.381824,0.550206,2.060164,0.673920,0.136857,0.717193,-0.112856,
446,2285946731,-9.506902,0.269100,-0.692581,1.404940,0.451597,1.893412,0.673911,0.136908,0.717185,-0.112894,
447,2285963398,-9.512302,0.274957,-0.670224,1.199692,0.455349,1.915439,0.673906,0.136944,0.717181,-0.112910,
448,2285980065,-9.496169,0.243449,-0.692111,1.067723,0.404341,1.831507,0.673911,0.136929,0.717181,-0.112897,
449,2285996732,-9.494081,0.236441,-0.669785,1.302066,0.449279,1.962836,0.673909,0.136945,0.717181,-0.112889,
450,2286013399,-9.494791,0.236601,-0.651085,1.407488,0.570555,2.086840,0.673893,0.137008,0.717183,-0.112896,
451,2286030066,-9.491566,0.280978,-0.632140,1.098676,0.703408,2.010437,0.673871,0.137009,0.717211,-0.112853,
452,2286046733,-9.488524,0.229109,-0.677863,0.935625,0.669010,2.096214,0.673849,0.137055,0.717225,-0.112832,
453,2286063400,-9.494451,0.258481,-0.697183,1.347209,0.524939,2.144174,0.673837,0.137135,0.717220,-0.112845,
454,2286080067,-9.498777,0.262908,-0.674767,1.410741,0.514617,2.169978,0.673830,0.137189,0.717218,-0.112830,
455,2286096734,-9.495240,0.277635,-0.644938,1.162733,0.637046,2.047960,0.673807,0.137246,0.717228,-0.112833,
456,2286113401,-9.500446,0.256573,-0.680599,0.939442,0.639133,2.046243,0.673794,0.137243,0.717250,-0.112780,
457,2286130068,-9.475625,0.245418,-0.683497,1.203880,0.683942,2.046166,0.673768,0.137284,0.717267,-0.112768,
458,2286146735,-9.495578,0.238487,-0.673665,1.440500,0.611098,2.177550,0.673746,0.137377,0.717268,-0.112784,
459,2286163402,-9.506381,0.275613,-0.654605,1.330420,0.728073,2.171310,0.673719,0.137420,0.717291,-0.112750,
460,2286180069,-9.495449,0.266584,-0.659608,1.111444,0.780566,2.068795,0.673688,0.137440,0.717323,-0.112711,
461,2286196736,-9.508790,0.254931,-0.670248,1.168253,0.816001,2.115948,0.673650,0.137491,0.717352,-0.112689,
462,2286213403,-9.480065,0.270608,-0.666912,1.357716,0.829211,2.128787,0.673610,0.137537,0.717384,-0.112664,
463,2286230070,-9.505638,0.293462,-0.689864,1.089071,0.877408,2.046474,0.673566,0.137571,0.717423,-0.112637,
464,2286246737,-9.500060,0.250632,-0.685185,0.841358,1.030136,2.013959,0.673512,0.137572,0.717483,-0.112577,
465,2286263404,-9.509858,0.254956,-0.660546,0.671238,0.904429,2.009630,0.673473,0.137562,0.717532,-0.112511,
466,2286280071,-9.495199,0.260590,-0.689198,1.106783,0.839232,2.079143,0.673429,0.137637,0.717558,-0.112516,
467,2286296738,-9.506034,0.256905,-0.710771,1.281461,0.640759,1.933458,0.673401,0.137697,0.717568,-0.112546,
468,2286313405,-9.490787,0.272949,-0.707687,1.386224,0.507759,1.892305,0.673384,0.137763,0.717564,-0.112595,
469,2286330072,-9.501689,0.262750,-0.719817,1.004633,0.496374,1.819552,0.673377,0.137764,0.717570,-0.112594,
470,2286346739,-9.488007,0.275192,-0.704993,1.003409,0.425600,1.709808,0.673374,0.137769,0.717569,-0.112620,
471,2286363406,-9.507862,0.255981,-0.726965,1.183313,0.347507,1.693979,0.673376,0.137778,0.717558,-0.112658,
472,2286380073,-9.490767,0.290484,-0.680515,1.309039,0.233229,1.657846,0.673388,0.137794,0.717536,-0.112716,
473,2286396740,-9.497710,0.294490,-0.671369,0.836965,0.283475,1.423061,0.673401,0.137727,0.717533,-0.112735,
474,2286413407,-9.514235,0.266137,-0.697260,0.595886,0.204780,1.420038,0.673426,0.137640,0.717526,-0.112735,
475,2286430074,-9.506600,0.239466,-0.687751,1.030239,0.083286,1.410575,0.673454,0.137608,0.717497,-0.112796,
476,2286446741,-9.490266,0.260260,-0.677393,1.090877,0.011507,1.460737,0.673488,0.137584,0.717459,-0.112860,
477,2286463408,-9.490831,0.271620,-0.681615,0.984746,-0.088062,1.355806,0.673539,0.137492,0.717425,-0.112885,
478,2286480075,-9.499156,0.255282,-0.680831,0.798918,-0.143188,1.244604,0.673589,0.137442,0.717375,-0.112967,
479,2286496742,-9.503799,0.256259,-0.672835,0.752968,-0.136733,1.185477,0.673639,0.137370,0.717330,-0.113040,
480,2286513409,-9.496724,0.262355,-0.685636,0.925944,-0.205478,1.289747,0.673695,0.137318,0.717275,-0.113116,
481,2286530076,-9.514557,0.249293,-0.694908,0.940620,-0.190174,1.147186,0.673744,0.137278,0.717219,-0.113230,
482,2286546743,-9.493334,0.258585,-0.610482,1.065610,-0.148669,1.285738,0.673792,0.137233,0.717169,-0.113313,
483,2286563410,-9.506037,0.251240,-0.640232,0.611791,0.012659,1.409448,0.673836,0.137157,0.717140,-0.113332,
484,2286580077,-9.478106,0.211744,-0.666009,1.083347,0.130977,1.599174,0.673861,0.137145,0.717112,-0.113375,
485,2286596744,-9.492555,0.221356,-0.694545,1.344251,0.152825,1.716365,0.673885,0.137137,0.717086,-0.113404,
486,2286613411,-9.491328,0.279709,-0.677392,1.248523,0.152120,1.830802,0.673909,0.137160,0.717054,-0.113436,
487,2286630078,-9.504315,0.265553,-0.642783,1.005996,0.224655,1.695055,0.673930,0.137128,0.717039,-0.113439,
488,2286646745,-9.495251,0.240271,-0.615584,1.129501,0.340566,1.720245,0.673934,0.137143,0.717027,-0.113477,
489,2286663412,-9.493377,0.265560,-0.648560,1.149466,0.394083,1.872628,0.673937,0.137154,0.717022,-0.113481,
490,2286680079,-9.508741,0.229693,-0.681826,0.991448,0.491335,1.957162,0.673934,0.137161,0.717026,-0.113460,
491,2286696746,-9.492554,0.247740,-0.707710,1.154038,0.332959,1.991394,0.673945,0.137185,0.717012,-0.113455,
492,2286713413,-9.485826,0.253557,-0.686287,1.147161,0.275471,1.812553,0.673960,0.137188,0.716996,-0.113467,
493,2286730080,-9.512383,0.266513,-0.664640,1.350513,0.228523,1.833299,0.673975,0.137214,0.716972,-0.113501,
494,2286746747,-9.485331,0.254393,-0.639111,1.246141,0.362272,1.768269,0.673978,0.137211,0.716966,-0.113515,
495,2286763414,-9.510912,0.272669,-0.642350,1.086881,0.317399,1.724535,0.673977,0.137278,0.716941,-0.113599,
496,2286780081,-9.494916,0.269036,-0.671330,0.902329,0.354960,1.584075,0.673980,0.137266,0.716935,-0.113635,
497,2286796748,-9.511270,0.216267,-0.646633,0.811004,0.451022,1.689291,0.673981,0.137222,0.716945,-0.113617,
498,2286813415,-9.503602,0.220105,-0.663292,1.116438,0.610114,1.822350,0.673963,0.137217,0.716965,-0.113608,
499,2286830082,-9.508049,0.253284,-0.659429,1.207568,0.582029,1.900853,0.673941,0.137270,0.716971,-0.113639,
500,2286846749,-9.497048,0.251325,-0.675657,1.338808,0.510929,1.857042,0.673917,0.137376,0.716958,-0.113730,
501,2286863416,-9.504759,0.277937,-0.688177,1.106987,0.388205,1.860116,0.673923,0.137360,0.716958,-0.113712,
502,2286880083,-9.502172,0.226362,-0.676597,1.077366,0.464954,1.848795,0.673921,0.137358,0.716963,-0.113705,
503,2286896750,-9.490427,0.259553,-0.662957,1.379903,0.451238,1.836283,0.673912,0.137385,0.716961,-0.113732,
504,2286913417,-9.504168,0.274424,-0.642249,1.050691,0.557480,1.755578,0.673895,0.137397,0.716971,-0.113752,
505,2286930084,-9.509958,0.230361,-0.664899,0.719890,0.683942,1.809851,0.673878,0.137340,0.717008,-0.113691,
506,2286946751,-9.505215,0.232155,-0.706826,1.179036,0.480718,1.742118,0.673870,0.137338,0.717014,-0.113705,
507,2286963418,-9.481327,0.243610,-0.655791,1.657519,0.444041,1.758933,0.673851,0.137419,0.717001,-0.113800,
508,2286980085,-9.536835,0.271157,-0.683267,1.513064,0.429006,1.661938,0.673833,0.137489,0.716988,-0.113902,
509,2286996752,-9.480070,0.227731,-0.631244,1.056415,0.527551,1.665908,0.673819,0.137480,0.717000,-0.113921,
510,2287013419,-9.481091,0.257624,-0.655213,1.304378,0.434327,1.670345,0.673805,0.137531,0.716991,-0.114001,
511,2287030086,-9.545875,0.240725,-0.674038,1.077712,0.479169,1.677036,0.673794,0.137543,0.716993,-0.114039,
512,2287046753,-9.486312,0.218095,-0.676911,1.383745,0.411487,1.810671,0.673785,0.137599,0.716981,-0.114098,
513,2287063420,-9.511810,0.272193,-0.645667,1.521119,0.359852,1.784341,0.673784,0.137627,0.716970,-0.114141,
514,2287080087,-9.514169,0.279451,-0.655326,1.329638,0.444861,1.755270,0.673776,0.137641,0.716970,-0.114172,
515,2287096754,-9.506027,0.249957,-0.655511,1.040753,0.515513,1.440260,0.673760,0.137605,0.716986,-0.114211,
516,2287113421,-9.480287,0.234412,-0.702599,0.927383,0.383054,1.633836,0.673762,0.137584,0.716985,-0.114228,
517,2287130088,-9.476005,0.187176,-0.695797,1.412784,0.473797,1.760579,0.673750,0.137608,0.716985,-0.114267,
518,2287146755,-9.484276,0.239237,-0.633644,1.822119,0.510813,1.945086,0.673730,0.137683,0.716981,-0.114321,
519,2287163422,-9.496256,0.275363,-0.618504,1.702470,0.681945,2.038124,0.673691,0.137794,0.716987,-0.114382,
520,2287180089,-9.526535,0.267448,-0.638473,1.318023,0.716406,2.003970,0.673656,0.137861,0.717004,-0.114403,
521,2287196756,-9.502357,0.244207,-0.666777,1.136096,0.801287,1.927465,0.673611,0.137925,0.717029,-0.114429,
522,2287213423,-9.495222,0.237957,-0.688320,1.585195,0.573007,1.894687,0.673579,0.138038,0.717023,-0.114521,
523,2287230090,-9.494015,0.257244,-0.688238,1.816453,0.490637,1.918558,0.673560,0.138114,0.717016,-0.114583,
524,2287246757,-9.489085,0.299462,-0.691276,1.342291,0.476236,1.582577,0.673542,0.138138,0.717017,-0.114654,
525,2287263424,-9.492759,0.258774,-0.679308,0.708044,0.278045,1.429861,0.673555,0.138081,0.717012,-0.114678,
526,2287280091,-9.493074,0.239126,-0.708824,0.939621,0.237129,1.531531,0.673568,0.138066,0.716995,-0.114726,
527,2287296758,-9.510077,0.233287,-0.695613,1.268117,0.263894,1.604411,0.673578,0.138052,0.716982,-0.114766,
528,2287313425,-9.493162,0.237843,-0.647503,1.198514,0.315324,1.599430,0.673575,0.138098,0.716962,-0.114857,
529,2287330092,-9.495457,0.208278,-0.619744,1.143549,0.609537,1.860999,0.673559,0.138084,0.716983,-0.114833,
530,2287346759,-9.491913,0.226323,-0.622377,1.238175,0.775546,2.141241,0.673519,0.138178,0.717000,-0.114848,
531,2287363426,-9.487895,0.241206,-0.659026,1.485876,0.761408,2.256306,0.673476,0.138320,0.717006,-0.114889,
532,2287380093,-9.506547,0.234918,-0.682862,1.588493,0.684198,2.295954,0.673446,0.138429,0.717013,-0.114896,
533,2287396760,-9.508148,0.253376,-0.703977,1.618319,0.674760,2.225788,0.673415,0.138533,0.717018,-0.114915,
534,2287413427,-9.510983,0.271484,-0.706326,1.532158,0.484227,2.089234,0.673398,0.138648,0.717003,-0.114973,
535,2287430094,-9.497652,0.302430,-0.669303,1.456022,0.361948,1.768900,0.673400,0.138653,0.716996,-0.114997,
536,2287446761,-9.515867,0.297138,-0.672904,1.094194,0.337044,1.500424,0.673401,0.138636,0.716991,-0.115049,
537,2287463428,-9.510627,0.255543,-0.692623,0.879790,0.305835,1.388727,0.673406,0.138591,0.716987,-0.115094,
538,2287480095,-9.492287,0.198686,-0.682932,1.279361,0.306923,1.591784,0.673411,0.138579,0.716978,-0.115136,
539,2287496762,-9.509446,0.205336,-0.673495,1.591733,0.303376,1.734191,0.673411,0.138624,0.716958,-0.115207,
540,2287513429,-9.502406,0.239598,-0.660202,1.721398,0.179359,1.737815,0.673418,0.138702,0.716919,-0.115314,
541,2287530096,-9.510641,0.267645,-0.669195,1.549114,0.237628,1.731681,0.673429,0.138716,0.716898,-0.115360,
542,2287546763,-9.487227,0.265593,-0.687718,1.198527,0.218111,1.632022,0.673443,0.138721,0.716876,-0.115411,
543,2287563430,-9.496041,0.255701,-0.645334,1.233053,0.242597,1.572165,0.673455,0.138706,0.716861,-0.115456,
544,2287580097,-9.514310,0.242325,-0.658113,0.746565,0.215665,1.534578,0.673475,0.138662,0.716847,-0.115475,
545,2287596764,-9.503439,0.211096,-0.665102,0.815976,0.308153,1.738558,0.673489,0.138640,0.716839,-0.115473,
546,2287613431,-9.506150,0.197103,-0.649618,1.225677,0.451533,2.055951,0.673485,0.138689,0.716833,-0.115476,
547,2287630098,-9.496395,0.226192,-0.702362,1.497735,0.469538,2.168416,0.673476,0.138778,0.716821,-0.115496,
548,2287646765,-9.494333,0.247252,-0.705590,1.519800,0.504525,2.084739,0.673462,0.138854,0.716815,-0.115520,
549,2287663432,-9.501568,0.271710,-0.673549,1.534181,0.403266,1.983287,0.673456,0.138927,0.716800,-0.115564,
550,2287680099,-9.502872,0.266342,-0.652756,1.490691,0.382494,1.832480,0.673452,0.138972,0.716787,-0.115612,
551,2287696766,-9.496052,0.264145,-0.650138,1.155651,0.417429,1.758267,0.673453,0.138949,0.716791,-0.115607,
552,2287713433,-9.509853,0.234027,-0.676350,1.045799,0.459882,1.819584,0.673451,0.138935,0.716798,-0.115594,
553,2287730100,-9.509019,0.211139,-0.688404,1.455320,0.375207,1.875125,0.673446,0.139002,0.716780,-0.115653,
554,2287746767,-9.493709,0.243364,-0.672676,1.489270,0.482486,1.910739,0.673429,0.139082,0.716771,-0.115714,
555,2287763434,-9.514129,0.242944,-0.668378,1.284791,0.457195,1.890670,0.673421,0.139121,0.716767,-0.115740,
556,2287780101,-9.499398,0.245923,-0.677849,1.147481,0.476851,1.855019,0.673412,0.139147,0.716767,-0.115758,
557,2287796768,-9.516105,0.250463,-0.651656,1.300274,0.562717,1.856146,0.673389,0.139203,0.716770,-0.115802,
558,2287813435,-9.495198,0.228311,-0.672494,1.205686,0.683750,1.892555,0.673352,0.139291,0.716779,-0.115861,
559,2287830102,-9.486382,0.225757,-0.702397,1.220701,0.502508,1.922118,0.673348,0.139285,0.716787,-0.115838,
560,2287846769,-9.507992,0.247876,-0.689717,1.756039,0.480565,1.984619,0.673336,0.139338,0.716784,-0.115864,
561,2287863436,-9.490211,0.254511,-0.655570,1.757127,0.448370,1.984914,0.673328,0.139391,0.716777,-0.115892,
562,2287880103,-9.493639,0.261002,-0.662131,1.629243,0.483497,1.972325,0.673318,0.139430,0.716776,-0.115906,
563,2287896770,-9.504425,0.245661,-0.640089,1.247076,0.641976,1.944343,0.673299,0.139432,0.716797,-0.115880,
564,2287913437,-9.489455,0.234102,-0.660409,1.204354,0.714626,2.000845,0.673275,0.139437,0.716826,-0.115843,
565,2287930104,-9.488569,0.250221,-0.677989,1.371989,0.646112,2.027917,0.673254,0.139460,0.716844,-0.115822,
566,2287946771,-9.505545,0.247860,-0.715496,1.428030,0.703523,2.106267,0.673216,0.139581,0.716848,-0.115874,
567,2287963438,-9.506729,0.262045,-0.691497,1.373769,0.513106,1.981789,0.673204,0.139621,0.716850,-0.115882,
568,2287980105,-9.513759,0.275169,-0.656098,1.421434,0.396978,1.891338,0.673203,0.139646,0.716843,-0.115900,
569,2287996772,-9.503415,0.265699,-0.632251,1.224537,0.573744,1.770267,0.673184,0.139652,0.716857,-0.115913,
570,2288013439,-9.496176,0.246615,-0.653056,1.047886,0.556622,1.730093,0.673167,0.139659,0.716869,-0.115933,
571,2288030106,-9.498495,0.238367,-0.694488,1.073460,0.495074,1.698756,0.673155,0.139669,0.716874,-0.115965,
572,2288046773,-9.496508,0.232936,-0.734924,1.432384,0.417468,1.745077,0.673145,0.139711,0.716865,-0.116025,
573,2288063440,-9.494336,0.252623,-0.685370,1.781229,0.310548,1.658262,0.673143,0.139741,0.716849,-0.116100,
574,2288080107,-9.514672,0.259831,-0.674239,1.486400,0.296133,1.628752,0.673142,0.139782,0.716828,-0.116186,
575,2288096774,-9.504570,0.240977,-0.661339,1.509670,0.252522,1.643599,0.673146,0.139811,0.716806,-0.116261,
576,2288113441,-9.500953,0.245729,-0.661569,1.524487,0.303901,1.656303,0.673147,0.139835,0.716790,-0.116327,
577,2288130108,-9.504294,0.248544,-0.671996,1.020109,0.396273,1.667227,0.673145,0.139839,0.716785,-0.116362,
578,2288146775,-9.493758,0.214585,-0.665025,1.252250,0.403330,1.683324,0.673141,0.139840,0.716784,-0.116394,
579,2288163442,-9.501515,0.243321,-0.674481,1.471302,0.469641,1.784558,0.673129,0.139858,0.716786,-0.116424,
580,2288180109,-9.485336,0.241893,-0.698006,1.625901,0.507317,1.752927,0.673111,0.139888,0.716790,-0.116471,
581,2288196776,-9.517056,0.238178,-0.658538,1.577723,0.440929,1.788285,0.673097,0.139946,0.716781,-0.116539,
582,2288213443,-9.503240,0.264537,-0.657724,1.345762,0.507535,1.626861,0.673082,0.139936,0.716792,-0.116570,
583,2288230110,-9.499867,0.231751,-0.660720,1.070950,0.496227,1.692365,0.673077,0.139884,0.716810,-0.116548,
584,2288246777,-9.494547,0.218441,-0.671436,1.449224,0.471715,1.750391,0.673065,0.139898,0.716813,-0.116580,
585,2288263444,-9.509429,0.249048,-0.654945,1.388958,0.461406,1.814525,0.673054,0.139936,0.716810,-0.116620,
586,2288280111,-9.502258,0.242282,-0.674820,1.283356,0.456566,1.812668,0.673042,0.139986,0.716803,-0.116670,
587,2288296778,-9.499186,0.231489,-0.689307,1.394528,0.556827,1.872231,0.673020,0.140039,0.716807,-0.116710,
588,2288313445,-9.496011,0.219613,-0.701343,1.716736,0.449932,1.746293,0.673002,0.140103,0.716798,-0.116793,
589,2288330112,-9.489940,0.265703,-0.654469,1.636786,0.444976,1.695285,0.672983,0.140164,0.716789,-0.116881,
590,2288346779,-9.502011,0.278749,-0.629052,0.940722,0.495830,1.606858,0.672973,0.140141,0.716800,-0.116899,
591,2288363446,-9.507663,0.230142,-0.658130,0.699668,0.792681,1.592105,0.672934,0.140115,0.716841,-0.116902,
592,2288380113,-9.500595,0.193100,-0.674874,1.265607,0.717367,1.838627,0.672896,0.140169,0.716860,-0.116941,
593,2288396780,-9.485873,0.216009,-0.671871,1.496320,0.688523,2.029787,0.672856,0.140285,0.716864,-0.117004,
594,2288413447,-9.494266,0.233985,-0.671166,1.324907,0.823026,2.037119,0.672809,0.140370,0.716888,-0.117030,
595,2288430114,-9.504700,0.230228,-0.645483,1.407424,0.864601,2.140959,0.672763,0.140428,0.716922,-0.117013,
596,2288446781,-9.491801,0.251307,-0.669896,1.614285,0.790325,2.064582,0.672717,0.140517,0.716943,-0.117044,
597,2288463448,-9.479404,0.268136,-0.698829,1.310596,0.746732,2.092679,0.672683,0.140577,0.716964,-0.117040,
598,2288480115,-9.490956,0.261295,-0.676970,0.829999,0.748141,1.971967,0.672652,0.140612,0.716989,-0.117027,
599,2288496782,-9.498278,0.216392,-0.677922,1.189883,0.745925,2.050354,0.672617,0.140673,0.717009,-0.117030,
600,2288513449,-9.498335,0.240177,-0.706486,1.563406,0.674555,1.980150,0.672579,0.140773,0.717015,-0.117090,
601,2288530116,-9.504268,0.269219,-0.701528,1.263039,0.587914,1.884301,0.672561,0.140788,0.717029,-0.117090,
602,2288546783,-9.505552,0.235475,-0.704947,1.200928,0.532309,1.773910,0.672547,0.140790,0.717040,-0.117101,
603,2288563450,-9.496536,0.242167,-0.659632,1.255541,0.589393,1.745000,0.672523,0.140813,0.717052,-0.117135,
604,2288580117,-9.521843,0.246849,-0.668795,1.110086,0.521276,1.728019,0.672512,0.140800,0.717065,-0.117139,
605,2288596784,-9.495394,0.226409,-0.684439,1.132856,0.635662,1.836616,0.672490,0.140798,0.717087,-0.117129,
606,2288613451,-9.514688,0.243234,-0.706943,1.114978,0.591199,1.806355,0.672471,0.140811,0.717101,-0.117139,
607,2288630118,-9.505719,0.256420,-0.693426,1.156567,0.565477,1.932798,0.672454,0.140851,0.717107,-0.117151,
608,2288646785,-9.500342,0.219262,-0.693967,1.254203,0.512395,1.744225,0.672435,0.140893,0.717107,-0.117204,
609,2288663452,-9.493235,0.225535,-0.643481,1.566684,0.539768,1.960735,0.672414,0.140967,0.717105,-0.117250,
610,2288680119,-9.502294,0.254274,-0.692941,1.458688,0.570081,1.918116,0.672396,0.140995,0.717115,-0.117259,
611,2288696786,-9.493318,0.224244,-0.708911,1.375741,0.437100,1.965986,0.672389,0.141052,0.717106,-0.117288,
612,2288713453,-9.511735,0.241871,-0.700525,1.519518,0.510058,1.914210,0.672370,0.141126,0.717101,-0.117343,
613,2288730120,-9.508917,0.254938,-0.698445,1.398569,0.484461,1.888570,0.672355,0.141188,0.717095,-0.117389,
614,2288746787,-9.502975,0.230508,-0.688946,1.375895,0.418159,1.942678,0.672352,0.141228,0.717087,-0.117409,
615,2288763454,-9.513165,0.262643,-0.681685,1.472327,0.403983,1.895692,0.672349,0.141261,0.717079,-0.117432,
616,2288780121,-9.496964,0.272579,-0.687141,1.205532,0.559183,1.826051,0.672335,0.141252,0.717095,-0.117422,
617,2288796788,-9.497423,0.229084,-0.674107,0.934793,0.473406,1.773519,0.672329,0.141254,0.717099,-0.117431,
618,2288813455,-9.498005,0.205839,-0.694998,1.119358,0.497661,1.779935,0.672317,0.141272,0.717103,-0.117455,
619,2288830122,-9.470603,0.241756,-0.692082,1.327154,0.425459,1.862920,0.672310,0.141317,0.717094,-0.117493,
620,2288846789,-9.498130,0.237821,-0.704303,1.237932,0.508367,1.880478,0.672295,0.141367,0.717093,-0.117527,
621,2288863456,-9.485824,0.246261,-0.672525,1.482303,0.441672,1.959147,0.672286,0.141436,0.717081,-0.117570,
622,2288880123,-9.489845,0.240571,-0.675303,1.583576,0.230008,1.832749,0.672293,0.141501,0.717049,-0.117644,
623,2288896790,-9.507884,0.270543,-0.682880,1.493336,0.394961,1.932286,0.672291,0.141542,0.717039,-0.117669,
624,2288913457,-9.486080,0.251589,-0.688411,1.308713,0.266673,1.809928,0.672303,0.141556,0.717021,-0.117694,
625,2288930124,-9.508425,0.241467,-0.688027,1.425084,0.280517,1.740850,0.672309,0.141584,0.717001,-0.117747,
626,2288946791,-9.502534,0.248666,-0.654346,1.212870,0.403163,1.837615,0.672307,0.141607,0.716995,-0.117769,
627,2288963458,-9.508120,0.235268,-0.641911,0.968026,0.536093,1.908268,0.672301,0.141594,0.717008,-0.117737,
628,2288980125,-9.494946,0.224318,-0.692947,1.325874,0.621934,1.975424,0.672272,0.141679,0.717012,-0.117782,
629,2288996792,-9.488874,0.204264,-0.715274,1.555536,0.671693,2.114764,0.672237,0.141790,0.717015,-0.117825,
630,2289013459,-9.485645,0.253541,-0.695803,1.958290,0.470960,2.118382,0.672215,0.141933,0.716993,-0.117911,
631,2289030126,-9.510923,0.267674,-0.705607,1.485645,0.462597,1.965320,0.672204,0.141998,0.716985,-0.117949,
632,2289046793,-9.509673,0.270969,-0.681820,1.404883,0.425062,1.914197,0.672201,0.142020,0.716981,-0.117957,
633,2289063460,-9.506548,0.237985,-0.672015,1.253505,0.454132,1.940950,0.672199,0.142029,0.716983,-0.117946,
634,2289080127,-9.502744,0.252074,-0.676134,1.222974,0.457897,1.967728,0.672193,0.142072,0.716978,-0.117959,
635,2289096794,-9.496698,0.213338,-0.694106,1.390007,0.530702,2.071229,0.672175,0.142162,0.716971,-0.117995,
636,2289113461,-9.492580,0.239073,-0.711544,1.619946,0.540575,2.041953,0.672146,0.142305,0.716955,-0.118087,
637,2289130128,-9.507195,0.264423,-0.733495,1.544030,0.397106,1.876508,0.672142,0.142347,0.716945,-0.118125,
638,2289146795,-9.514579,0.280293,-0.696452,1.761610,0.381111,1.722204,0.672129,0.142412,0.716929,-0.118216,
639,2289163462,-9.497428,0.266658,-0.682542,1.589339,0.250025,1.653895,0.672128,0.142478,0.716898,-0.118323,
640,2289180129,-9.492064,0.273215,-0.636930,1.349386,0.371455,1.600493,0.672123,0.142489,0.716891,-0.118383,
641,2289196796,-9.498637,0.237587,-0.617490,0.907106,0.547273,1.713944,0.672112,0.142466,0.716908,-0.118377,
642,2289213463,-9.508729,0.219016,-0.680545,0.995098,0.658522,1.931038,0.672088,0.142496,0.716925,-0.118374,
643,2289230130,-9.500670,0.230347,-0.749212,1.222129,0.556289,2.045065,0.672072,0.142553,0.716926,-0.118382,
644,2289246797,-9.487996,0.222176,-0.749220,1.643548,0.363937,1.963399,0.672068,0.142633,0.716905,-0.118439,
645,2289263464,-9.495044,0.270667,-0.718086,1.740223,0.275817,1.875087,0.672067,0.142730,0.716872,-0.118534,
646,2289280131,-9.496732,0.267904,-0.678429,1.504023,0.321932,1.811170,0.672070,0.142758,0.716856,-0.118573,
647,2289296798,-9.496040,0.255120,-0.641029,1.170737,0.435730,1.779436,0.672061,0.142796,0.716850,-0.118618,
648,2289313465,-9.491895,0.241701,-0.680010,1.142371,0.445591,1.783201,0.672057,0.142798,0.716851,-0.118629,
649,2289330132,-9.489253,0.228069,-0.712264,1.346914,0.365410,1.777489,0.672052,0.142854,0.716834,-0.118696,
650,2289346799,-9.498058,0.238236,-0.693475,1.460686,0.300200,1.853316,0.672060,0.142878,0.716817,-0.118723,
651,2289363466,-9.500368,0.259455,-0.676581,1.537174,0.327030,1.827768,0.672062,0.142907,0.716802,-0.118760,
652,2289380133,-9.509139,0.254458,-0.675363,1.384584,0.377915,1.778584,0.672063,0.142915,0.716797,-0.118784,
653,2289396800,-9.498382,0.275780,-0.672562,1.169585,0.535811,1.807738,0.672046,0.142943,0.716802,-0.118810,
654,2289413467,-9.493855,0.230349,-0.678354,1.026493,0.552338,1.848840,0.672035,0.142941,0.716815,-0.118799,
655,2289430134,-9.495857,0.234058,-0.712141,1.221463,0.646484,1.942717,0.672014,0.142954,0.716835,-0.118783,
656,2289446801,-9.492712,0.241342,-0.688861,1.209195,0.575409,1.945816,0.671994,0.143005,0.716840,-0.118803,
657,2289463468,-9.498016,0.248383,-0.689422,1.025629,0.606746,1.970148,0.671977,0.143030,0.716853,-0.118791,
658,2289480135,-9.485780,0.250747,-0.693531,1.123507,0.605158,1.960620,0.671962,0.143031,0.716871,-0.118760,
659,2289496802,-9.494081,0.246689,-0.725806,1.300760,0.505307,1.947711,0.671954,0.143050,0.716877,-0.118755,
660,2289513469,-9.500365,0.229451,-0.686651,1.373820,0.363988,1.873883,0.671954,0.143089,0.716863,-0.118789,
661,2289530136,-9.494068,0.242279,-0.689313,1.390648,0.383954,1.878224,0.671951,0.143139,0.716849,-0.118831,
662,2289546803,-9.494303,0.244215,-0.706673,1.194391,0.450598,1.871142,0.671947,0.143149,0.716850,-0.118833,
663,2289563470,-9.511869,0.270331,-0.688108,1.086907,0.384363,1.772687,0.671950,0.143149,0.716846,-0.118845,
664,2289580137,-9.494304,0.222796,-0.676122,1.238073,0.422987,1.699960,0.671944,0.143158,0.716844,-0.118880,
665,2289596804,-9.507011,0.247318,-0.696617,1.391442,0.283565,1.792216,0.671953,0.143171,0.716827,-0.118909,
666,2289613471,-9.495869,0.254605,-0.715971,1.128182,0.403419,1.768512,0.671950,0.143195,0.716820,-0.118943,
667,2289630138,-9.482923,0.219875,-0.710224,1.181379,0.350414,1.764184,0.671954,0.143200,0.716812,-0.118965,
668,2289646805,-9.505550,0.229295,-0.652820,1.480011,0.319717,1.741683,0.671959,0.143204,0.716801,-0.118996,
669,2289663472,-9.503968,0.267845,-0.650790,1.251533,0.366191,1.729184,0.671958,0.143219,0.716793,-0.119033,
670,2289680139,-9.497081,0.233472,-0.713774,1.004485,0.465761,1.755552,0.671957,0.143189,0.716803,-0.119017,
671,2289696806,-9.485562,0.253070,-0.736906,1.474003,0.279381,1.794155,0.671962,0.143231,0.716780,-0.119073,
672,2289713473,-9.497519,0.233035,-0.687079,1.563341,0.205267,1.706991,0.671970,0.143286,0.716748,-0.119161,
673,2289730140,-9.491401,0.248512,-0.636815,1.698525,0.278160,1.787325,0.671973,0.143327,0.716726,-0.119222,
674,2289746807,-9.504953,0.244722,-0.661995,1.343008,0.351656,1.823823,0.671976,0.143347,0.716715,-0.119247,
675,2289763474,-9.483660,0.254765,-0.685043,0.941542,0.634010,1.869055,0.671959,0.143336,0.716738,-0.119220,
676,2289780141,-9.512458,0.215809,-0.714137,0.984623,0.580121,1.882450,0.671946,0.143330,0.716754,-0.119198,
677,2289796808,-9.494569,0.232937,-0.742609,1.644688,0.322201,1.921484,0.671944,0.143416,0.716728,-0.119269,
678,2289813475,-9.497186,0.247799,-0.682775,1.820800,0.307141,1.923904,0.671945,0.143475,0.716706,-0.119321,
679,2289830142,-9.496177,0.280415,-0.667315,1.630293,0.256594,1.871040,0.671948,0.143560,0.716672,-0.119405,
680,2289846809,-9.497608,0.249573,-0.682488,1.158776,0.359289,1.769319,0.671952,0.143566,0.716664,-0.119425,
681,2289863476,-9.500091,0.236018,-0.667742,1.236933,0.341821,1.762724,0.671958,0.143563,0.716657,-0.119440,
682,2289880143,-9.486544,0.222303,-0.711891,1.359721,0.344177,1.818598,0.671960,0.143586,0.716645,-0.119470,
683,2289896810,-9.492613,0.223633,-0.692322,1.413456,0.379484,1.917437,0.671961,0.143620,0.716634,-0.119491,
684,2289913477,-9.491419,0.253275,-0.689427,1.630101,0.348890,1.862447,0.671960,0.143664,0.716619,-0.119536,
685,2289930144,-9.500089,0.269653,-0.681899,1.490204,0.266250,1.942217,0.671971,0.143705,0.716595,-0.119563,
686,2289946811,-9.493615,0.243670,-0.663046,1.382465,0.438240,1.930615,0.671967,0.143731,0.716592,-0.119572,
687,2289963478,-9.492958,0.229427,-0.687017,1.419616,0.479323,1.900866,0.671955,0.143780,0.716588,-0.119605,
688,2289980145,-9.506346,0.241155,-0.696389,1.511207,0.344753,1.837731,0.671956,0.143815,0.716574,-0.119646,
689,2289996812,-9.491668,0.266201,-0.688988,1.312619,0.456463,1.854353,0.671944,0.143867,0.716566,-0.119690,
690,2290013479,-9.504918,0.241904,-0.684140,1.158948,0.413369,1.752853,0.671944,0.143860,0.716567,-0.119700,
691,2290030146,-9.523304,0.239196,-0.648286,1.015691,0.626544,1.703891,0.671921,0.143850,0.716589,-0.119705,
692,2290046813,-9.484576,0.228965,-0.659541,0.984110,0.491079,1.805356,0.671918,0.143830,0.716599,-0.119688,
693,2290063480,-9.503146,0.223371,-0.718962,0.931861,0.701858,1.941218,0.671889,0.143868,0.716619,-0.119688,
694,2290080147,-9.505465,0.218049,-0.705923,1.301541,0.582247,1.970174,0.671868,0.143924,0.716624,-0.119709,
695,2290096814,-9.489978,0.245915,-0.685794,1.409832,0.599254,1.956714,0.671842,0.143997,0.716627,-0.119749,
696,2290113481,-9.484985,0.276397,-0.668870,1.198566,0.604569,1.857811,0.671820,0.144026,0.716639,-0.119765,
697,2290130148,-9.495735,0.249276,-0.722698,0.883286,0.598959,1.728492,0.671808,0.143968,0.716669,-0.119722,
698,2290146815,-9.486808,0.224044,-0.716259,1.021146,0.456950,1.843289,0.671807,0.143962,0.716672,-0.119712,
699,2290163482,-9.480324,0.247343,-0.718125,1.348861,0.598281,1.974553,0.671789,0.143983,0.716687,-0.119701,
700,2290180149,-9.498042,0.227245,-0.681974,1.501064,0.548912,2.028865,0.671767,0.144071,0.716682,-0.119745,
701,2290196816,-9.492888,0.239815,-0.665429,1.378840,0.645523,2.094024,0.671736,0.144181,0.716682,-0.119790,
702,2290213483,-9.507399,0.246668,-0.694671,1.302015,0.645011,2.039533,0.671714,0.144209,0.716700,-0.119770,
703,2290230150,-9.500117,0.215120,-0.707789,1.423535,0.579366,2.002971,0.671695,0.144258,0.716706,-0.119781,
704,2290246817,-9.489870,0.238472,-0.707036,1.583550,0.470845,2.081435,0.671682,0.144352,0.716693,-0.119823,
705,2290263484,-9.482032,0.261205,-0.717606,1.615387,0.366742,2.034769,0.671683,0.144405,0.716678,-0.119843,
706,2290280151,-9.507063,0.257843,-0.691785,1.424892,0.450419,1.991612,0.671674,0.144469,0.716668,-0.119874,
707,2290296818,-9.504273,0.263403,-0.709559,1.314790,0.379516,1.965250,0.671676,0.144512,0.716655,-0.119891,
708,2290313485,-9.515676,0.264953,-0.688371,1.346043,0.331793,1.911213,0.671685,0.144517,0.716646,-0.119889,
709,2290330152,-9.499023,0.276336,-0.703158,1.293230,0.377819,1.813808,0.671684,0.144540,0.716637,-0.119917,
710,2290346819,-9.511207,0.257781,-0.678406,1.135268,0.321683,1.728814,0.671690,0.144555,0.716623,-0.119954,
711,2290363486,-9.493400,0.242546,-0.666702,0.953964,0.350260,1.758433,0.671696,0.144552,0.716615,-0.119965,
712,2290380153,-9.487432,0.250796,-0.715205,1.170071,0.311047,1.868337,0.671706,0.144565,0.716602,-0.119976,
713,2290396820,-9.506127,0.226050,-0.711999,1.423253,0.227524,1.837782,0.671722,0.144583,0.716579,-0.120003,
714,2290413487,-9.496334,0.243592,-0.674920,1.626707,0.187056,1.838511,0.671734,0.144642,0.716544,-0.120072,
715,2290430154,-9.492412,0.244930,-0.685219,1.597880,0.236245,1.785058,0.671741,0.144690,0.716516,-0.120139,
716,2290446821,-9.508559,0.265079,-0.689621,1.433895,0.248859,1.718311,0.671751,0.144705,0.716496,-0.120185,
717,2290463488,-9.508286,0.250555,-0.734710,1.417586,0.185398,1.678118,0.671760,0.144762,0.716460,-0.120279,
718,2290480155,-9.485608,0.236862,-0.681071,1.751979,0.078228,1.674475,0.671781,0.144795,0.716420,-0.120362,
719,2290496822,-9.504272,0.262615,-0.618270,1.625670,0.208878,1.710051,0.671790,0.144831,0.716392,-0.120435,
720,2290513489,-9.496005,0.243158,-0.623899,1.221086,0.439911,1.832550,0.671785,0.144850,0.716390,-0.120452,
721,2290530156,-9.488688,0.240401,-0.696236,1.074152,0.510199,1.893553,0.671779,0.144854,0.716397,-0.120440,
722,2290546823,-9.492799,0.233095,-0.699451,1.511463,0.491962,1.944702,0.671766,0.144901,0.716396,-0.120465,
723,2290563490,-9.488702,0.266337,-0.724213,1.504720,0.367555,1.864169,0.671766,0.144927,0.716386,-0.120491,
724,2290580157,-9.495766,0.257946,-0.696758,1.121548,0.298510,1.838845,0.671779,0.144928,0.716372,-0.120495,
725,2290596824,-9.501606,0.260102,-0.720229,1.154486,0.309600,1.807021,0.671790,0.144929,0.716361,-0.120506,
726,2290613491,-9.495167,0.240898,-0.680940,1.149601,0.198895,1.715923,0.671811,0.144913,0.716341,-0.120522,
727,2290630158,-9.506866,0.239511,-0.699592,1.067877,0.369073,1.734204,0.671812,0.144923,0.716333,-0.120551,
728,2290646825,-9.486385,0.255491,-0.689632,1.077494,0.344792,1.779129,0.671818,0.144925,0.716325,-0.120565,
729,2290663492,-9.503769,0.224955,-0.701052,1.189826,0.438471,1.771922,0.671814,0.144924,0.716327,-0.120577,
730,2290680159,-9.502829,0.244618,-0.714217,1.346344,0.385958,1.895993,0.671812,0.144970,0.716314,-0.120610,
731,2290696826,-9.498626,0.229335,-0.716953,1.377688,0.420362,1.778181,0.671803,0.145013,0.716305,-0.120664,
732,2290713493,-9.497596,0.242812,-0.688247,1.602695,0.087115,1.772943,0.671823,0.145072,0.716260,-0.120749,
733,2290730160,-9.509242,0.265313,-0.664496,1.630165,0.129722,1.775504,0.671842,0.145112,0.716223,-0.120815,
734,2290746827,-9.501079,0.255192,-0.644958,1.241640,0.256793,1.691143,0.671851,0.145127,0.716203,-0.120864,
735,2290763494,-9.493546,0.234522,-0.656265,1.138299,0.334905,1.672618,0.671856,0.145117,0.716196,-0.120888,
736,2290780161,-9.492635,0.224211,-0.692954,1.340255,0.504116,1.842046,0.671842,0.145155,0.716196,-0.120921,
737,2290796828,-9.491685,0.234715,-0.680603,1.316025,0.454312,1.873896,0.671827,0.145237,0.716182,-0.120989,
738,2290813495,-9.494499,0.242708,-0.697907,1.263353,0.432246,1.781856,0.671820,0.145259,0.716179,-0.121021,
739,2290830162,-9.482305,0.223758,-0.693554,1.495487,0.327074,1.940789,0.671822,0.145316,0.716158,-0.121062,
740,2290846829,-9.502907,0.258785,-0.677728,1.660375,0.211490,1.750532,0.671831,0.145366,0.716127,-0.121138,
741,2290863496,-9.501615,0.284873,-0.637531,1.390238,0.413882,1.549780,0.671824,0.145344,0.716131,-0.121178,
742,2290880163,-9.493445,0.244146,-0.649077,0.914021,0.615749,1.577749,0.671803,0.145307,0.716158,-0.121182,
743,2290896830,-9.495669,0.217106,-0.673441,0.723232,0.648315,1.768909,0.671785,0.145278,0.716185,-0.121154,
744,2290913497,-9.488837,0.205789,-0.704741,1.200563,0.518792,1.867979,0.671775,0.145280,0.716195,-0.121147,
745,2290930164,-9.505738,0.227951,-0.703082,1.744500,0.508905,1.926145,0.671756,0.145349,0.716191,-0.121198,
746,2290946831,-9.515370,0.252611,-0.696198,1.546309,0.486507,1.866775,0.671737,0.145419,0.716184,-0.121259,
747,2290963498,-9.500395,0.241946,-0.698566,1.431551,0.390933,1.870361,0.671730,0.145482,0.716168,-0.121315,
748,2290980165,-9.510268,0.238058,-0.672086,1.506328,0.620396,1.968576,0.671705,0.145526,0.716180,-0.121327,
749,2290996832,-9.493650,0.238054,-0.673939,1.330304,0.700463,1.977166,0.671673,0.145579,0.716198,-0.121340,
750,2291013499,-9.488774,0.243329,-0.668705,1.328524,0.570516,1.983864,0.671652,0.145646,0.716199,-0.121369,
751,2291030166,-9.499906,0.244202,-0.684600,1.332213,0.682495,1.946379,0.671619,0.145708,0.716212,-0.121398,
752,2291046833,-9.493298,0.253362,-0.704774,1.187360,0.605990,1.875176,0.671598,0.145733,0.716226,-0.121406,
753,2291063500,-9.500383,0.238706,-0.705904,0.983547,0.585590,1.841611,0.671586,0.145708,0.716247,-0.121373,
754,2291080167,-9.494837,0.221042,-0.729524,1.124545,0.412332,1.846631,0.671587,0.145713,0.716245,-0.121375,
755,2291096834,-9.505890,0.239007,-0.727028,1.569380,0.181223,1.778661,0.671602,0.145747,0.716214,-0.121433,
756,2291113501,-9.513331,0.254565,-0.680960,1.751390,0.183816,1.697552,0.671607,0.145819,0.716176,-0.121542,
757,2291130168,-9.503592,0.251398,-0.644980,1.359785,0.206547,1.677728,0.671619,0.145842,0.716150,-0.121605,
758,2291146835,-9.509453,0.250350,-0.658502,0.938315,0.378396,1.559359,0.671622,0.145801,0.716153,-0.121619,
759,2291163502,-9.522066,0.210367,-0.713713,0.929735,0.364283,1.641089,0.671627,0.145774,0.716152,-0.121630,
760,2291180169,-9.483554,0.189766,-0.704637,1.350026,0.331486,1.846490,0.671620,0.145874,0.716122,-0.121724,
761,2291196836,-9.490515,0.233539,-0.691784,1.630114,0.188862,1.863471,0.671635,0.145915,0.716091,-0.121772,
762,2291213503,-9.506753,0.254310,-0.665273,1.313131,0.207700,1.741849,0.671650,0.145936,0.716065,-0.121819,
763,2291230170,-9.496219,0.253331,-0.677010,1.165410,0.330397,1.677574,0.671655,0.145925,0.716058,-0.121844,
764,2291246837,-9.492124,0.232369,-0.687801,1.339922,0.314057,1.704711,0.671658,0.145941,0.716044,-0.121890,
765,2291263504,-9.497472,0.222015,-0.684695,1.345800,0.347430,1.845568,0.671663,0.145956,0.716033,-0.121908,
766,2291280171,-9.487632,0.224816,-0.649410,1.571089,0.463404,1.860334,0.671653,0.145990,0.716031,-0.121938,
767,2291296838,-9.507006,0.248428,-0.687865,1.440913,0.551896,1.817484,0.671631,0.146033,0.716036,-0.121980,
768,2291313505,-9.489849,0.239684,-0.682795,1.314350,0.457400,1.831514,0.671623,0.146049,0.716037,-0.121997,
769,2291330172,-9.517639,0.233197,-0.697563,1.494379,0.415931,1.765182,0.671613,0.146089,0.716028,-0.122053,
770,2291346839,-9.490199,0.254378,-0.698821,1.327090,0.467605,1.821262,0.671600,0.146136,0.716024,-0.122098,
771,2291363506,-9.489220,0.232254,-0.669937,1.276735,0.382942,1.737175,0.671594,0.146175,0.716012,-0.122156,
772,2291380173,-9.495864,0.225560,-0.670705,1.443410,0.381892,1.783406,0.671594,0.146178,0.716008,-0.122175,
773,2291396840,-9.496957,0.233762,-0.664587,1.351755,0.522928,1.988487,0.671582,0.146212,0.716012,-0.122176,
774,2291413507,-9.488558,0.223857,-0.702167,1.406093,0.557569,1.979894,0.671564,0.146262,0.716016,-0.122192,
775,2291430174,-9.500452,0.232002,-0.710069,1.443461,0.375796,1.867889,0.671557,0.146336,0.715996,-0.122260,
776,2291446841,-9.510929,0.257139,-0.697998,1.282972,0.441864,1.894911,0.671551,0.146366,0.715992,-0.122276,
777,2291463508,-9.498901,0.241368,-0.666156,1.207568,0.366614,1.921484,0.671555,0.146392,0.715981,-0.122286,
778,2291480175,-9.493955,0.256455,-0.646777,1.280552,0.369585,1.879722,0.671556,0.146425,0.715970,-0.122311,
779,2291496842,-9.491493,0.246932,-0.694611,1.101839,0.367638,1.891965,0.671558,0.146467,0.715955,-0.122340,
780,2291513509,-9.494311,0.216294,-0.715516,1.234692,0.321471,1.894668,0.671558,0.146540,0.715929,-0.122399,
781,2291530176,-9.495652,0.238848,-0.714971,1.506264,0.218803,1.982314,0.671573,0.146596,0.715897,-0.122435,
782,2291546843,-9.503942,0.255902,-0.650507,1.945880,0.080008,1.896345,0.671593,0.146674,0.715848,-0.122519,
783,2291563510,-9.486520,0.285831,-0.651494,1.390917,0.192832,1.817663,0.671609,0.146705,0.715819,-0.122563,
784,2291580177,-9.486888,0.246457,-0.704206,0.729405,0.288008,1.743130,0.671631,0.146649,0.715816,-0.122529,
785,2291596844,-9.518435,0.191518,-0.724206,1.130487,0.268287,1.764184,0.671641,0.146670,0.715796,-0.122566,
786,2291613511,-9.513568,0.226759,-0.710068,1.868120,0.078317,1.924481,0.671661,0.146756,0.715745,-0.122651,
787,2291630178,-9.512642,0.262393,-0.671044,1.799855,0.142537,1.902811,0.671678,0.146819,0.715705,-0.122715,
788,2291646845,-9.500077,0.293222,-0.659249,1.307945,0.195636,1.841534,0.671703,0.146797,0.715688,-0.122705,
789,2291663512,-9.500110,0.242864,-0.676111,0.964363,0.299444,1.643714,0.671714,0.146771,0.715680,-0.122720,
790,2291680179,-9.488417,0.225854,-0.684025,1.195940,0.260590,1.668328,0.671725,0.146767,0.715665,-0.122755,
791,2291696846,-9.516841,0.209632,-0.713581,1.455640,0.246964,1.817970,0.671733,0.146818,0.715636,-0.122816,
792,2291713513,-9.489499,0.219744,-0.667960,1.831660,0.216741,1.988794,0.671743,0.146896,0.715601,-0.122876,
793,2291730180,-9.500984,0.243498,-0.656186,1.646109,0.289686,1.929834,0.671749,0.146946,0.715578,-0.122915,
794,2291746847,-9.519264,0.261106,-0.648189,1.352216,0.553676,2.005468,0.671734,0.146981,0.715585,-0.122912,
795,2291763514,-9.488044,0.214595,-0.670325,1.148441,0.630156,2.019952,0.671717,0.147001,0.715602,-0.122887,
796,2291780181,-9.501493,0.250535,-0.673624,1.516163,0.517127,2.023615,0.671696,0.147099,0.715592,-0.122942,
797,2291796848,-9.499918,0.239563,-0.667249,1.535308,0.580838,2.058717,0.671676,0.147159,0.715596,-0.122953,
798,2291813515,-9.512156,0.247807,-0.681014,1.545195,0.577547,1.928783,0.671649,0.147235,0.715597,-0.123005,
799,2291830182,-9.520743,0.261780,-0.663224,1.153846,0.587908,1.895513,0.671635,0.147236,0.715613,-0.122987,
800,2291846849,-9.505442,0.226915,-0.681540,1.166101,0.656498,1.930512,0.671606,0.147283,0.715628,-0.123003,
801,2291863516,-9.485531,0.237066,-0.694572,1.646993,0.719480,2.130266,0.671574,0.147346,0.715646,-0.122999,
802,2291880183,-9.517645,0.191405,-0.678633,1.000810,0.803631,2.111300,0.671539,0.147390,0.715675,-0.122970,
803,2291896850,-9.475760,0.265182,-0.736826,1.619805,0.680561,2.209985,0.671503,0.147513,0.715676,-0.123007,
804,2291913517,-9.516208,0.223998,-0.670068,1.689343,0.637814,2.117921,0.671472,0.147618,0.715677,-0.123048,
805,2291930184,-9.495503,0.253306,-0.699586,1.446023,0.608603,2.171157,0.671451,0.147691,0.715682,-0.123047,
806,2291946851,-9.482018,0.283520,-0.679430,1.020119,0.672931,2.002848,0.671433,0.147688,0.715708,-0.123001,
807,2291963518,-9.520233,0.244918,-0.687854,1.175847,0.430774,1.749802,0.671429,0.147685,0.715709,-0.123015,
808,2291980185,-9.503967,0.264297,-0.700515,1.483520,0.388692,1.652807,0.671424,0.147690,0.715705,-0.123060,
809,2291996852,-9.494965,0.231092,-0.696633,1.637081,0.366319,1.680827,0.671416,0.147721,0.715694,-0.123128,
810,2292013519,-9.484374,0.249125,-0.708042,1.680853,0.348480,1.657084,0.671408,0.147765,0.715679,-0.123213,
811,2292030186,-9.512485,0.266147,-0.637697,1.410792,0.432323,1.592899,0.671396,0.147770,0.715679,-0.123268,
812,2292046853,-9.490513,0.235756,-0.613992,1.314284,0.511710,1.691943,0.671378,0.147791,0.715684,-0.123314,
813,2292063520,-9.501382,0.252705,-0.695738,1.005190,0.601226,1.640115,0.671354,0.147793,0.715701,-0.123344,
814,2292080187,-9.493880,0.222376,-0.703267,0.905351,0.491604,1.573510,0.671344,0.147768,0.715712,-0.123364,
815,2292096854,-9.506446,0.241367,-0.747032,1.247499,0.477273,1.612339,0.671333,0.147746,0.715723,-0.123388,
816,2292113521,-9.485761,0.224457,-0.695339,1.574842,0.411449,1.527279,0.671319,0.147759,0.715720,-0.123465,
817,2292130188,-9.489381,0.260235,-0.657264,1.341267,0.344933,1.540700,0.671317,0.147749,0.715714,-0.123519,
818,2292146855,-9.513831,0.245982,-0.662697,0.911242,0.498084,1.440875,0.671309,0.147673,0.715737,-0.123519,
819,2292163522,-9.496681,0.212475,-0.684709,1.012797,0.512581,1.498042,0.671299,0.147609,0.715760,-0.123519,
820,2292180189,-9.487577,0.221492,-0.702846,1.132574,0.398233,1.600313,0.671301,0.147564,0.715767,-0.123525,
821,2292196856,-9.504389,0.239432,-0.669617,1.069157,0.570824,1.585714,0.671285,0.147520,0.715791,-0.123526,
822,2292213523,-9.493696,0.229079,-0.696041,0.968717,0.495804,1.600249,0.671276,0.147481,0.715806,-0.123530,
823,2292230190,-9.495988,0.232439,-0.680771,1.360630,0.448139,1.574893,0.671266,0.147469,0.715811,-0.123571,
824,2292246857,-9.479702,0.276218,-0.678097,1.145310,0.596443,1.552962,0.671241,0.147451,0.715832,-0.123602,
825,2292263524,-9.529766,0.226566,-0.668117,0.390209,0.540492,1.403243,0.671240,0.147321,0.715870,-0.123551,
826,2292280191,-9.496443,0.191710,-0.742631,0.948117,0.487164,1.549885,0.671227,0.147303,0.715879,-0.123584,
827,2292296858,-9.472217,0.202036,-0.740326,1.617961,0.349543,1.597483,0.671220,0.147326,0.715868,-0.123660,
828,2292313525,-9.510217,0.228265,-0.643921,1.995947,0.369079,1.740409,0.671204,0.147405,0.715848,-0.123766,
829,2292330192,-9.512253,0.253897,-0.664010,0.852397,0.560707,1.786505,0.671195,0.147375,0.715868,-0.123738,
830,2292346859,-9.499831,0.237252,-0.695452,0.950558,0.596590,1.698243,0.671179,0.147342,0.715892,-0.123724,
831,2292363526,-9.493062,0.215466,-0.758392,1.216187,0.413242,1.644982,0.671175,0.147329,0.715894,-0.123750,
832,2292380193,-9.501420,0.219109,-0.697275,1.687115,0.345522,1.683913,0.671169,0.147363,0.715881,-0.123822,
833,2292396860,-9.485411,0.241435,-0.714664,1.462460,0.302576,1.718126,0.671169,0.147400,0.715861,-0.123886,
834,2292413527,-9.506997,0.250653,-0.698209,1.406509,0.236725,1.658512,0.671178,0.147419,0.715838,-0.123948,
835,2292430194,-9.503225,0.245794,-0.724508,1.633162,0.151262,1.493176,0.671187,0.147444,0.715807,-0.124054,
836,2292446861,-9.514591,0.242139,-0.700761,1.782727,-0.049714,1.400957,0.671214,0.147453,0.715758,-0.124173,
837,2292463528,-9.503783,0.205591,-0.683867,1.803730,-0.050508,1.344558,0.671241,0.147459,0.715710,-0.124300,
838,2292480195,-9.505756,0.198466,-0.673402,2.371870,0.015515,1.602747,0.671249,0.147573,0.715648,-0.124482,
839,2292496862,-9.503168,0.240638,-0.704675,2.339496,0.009022,1.531748,0.671260,0.147655,0.715592,-0.124649,
840,2292513529,-9.494564,0.203145,-0.689035,2.516070,0.013556,1.671145,0.671272,0.147754,0.715532,-0.124807,
841,2292530196,-9.499949,0.251817,-0.624470,2.656210,0.033559,1.763812,0.671279,0.147881,0.715470,-0.124973,
842,2292546863,-9.507165,0.251580,-0.578234,1.934982,0.306232,1.652653,0.671272,0.147932,0.715449,-0.125072,
843,2292563530,-9.506129,0.226844,-0.694417,1.335248,0.303671,1.678394,0.671280,0.147916,0.715441,-0.125094,
844,2292580197,-9.478544,0.189630,-0.737571,1.417029,0.182766,1.695157,0.671298,0.147915,0.715418,-0.125134,
845,2292596864,-9.513570,0.188720,-0.750322,2.043984,0.034573,1.840569,0.671322,0.147975,0.715368,-0.125216,
846,2292613531,-9.502100,0.248563,-0.664071,2.137181,0.026592,1.855710,0.671343,0.148062,0.715312,-0.125320,
847,2292630198,-9.505554,0.272688,-0.659269,1.445305,0.139416,1.738878,0.671364,0.148082,0.715279,-0.125372,
848,2292646865,-9.504615,0.212237,-0.637444,1.227687,0.301775,1.744769,0.671375,0.148067,0.715270,-0.125381,
849,2292663532,-9.504474,0.186007,-0.642789,1.155088,0.262140,1.795265,0.671391,0.148060,0.715255,-0.125389,
850,2292680199,-9.496363,0.192391,-0.706972,1.468389,0.195988,1.898797,0.671411,0.148081,0.715229,-0.125409,
851,2292696866,-9.508057,0.224332,-0.687751,1.663090,0.108591,1.929731,0.671431,0.148156,0.715182,-0.125479,
852,2292713533,-9.481917,0.243420,-0.681973,1.659748,0.155680,1.833094,0.671450,0.148184,0.715151,-0.125522,
853,2292730200,-9.500683,0.231554,-0.632079,1.398716,0.129248,1.857427,0.671477,0.148196,0.715119,-0.125545,
854,2292746867,-9.504027,0.240335,-0.641873,1.060692,0.250729,1.744577,0.671496,0.148171,0.715107,-0.125544,
855,2292763534,-9.504378,0.198836,-0.688294,1.026832,0.335891,1.884461,0.671510,0.148154,0.715101,-0.125520,
856,2292780201,-9.486009,0.201351,-0.676066,1.153551,0.161405,1.996465,0.671540,0.148163,0.715073,-0.125507,
857,2292796868,-9.502645,0.215899,-0.724415,1.226816,0.192844,1.819994,0.671564,0.148155,0.715052,-0.125513,
858,2292813535,-9.511845,0.211520,-0.616524,1.221354,0.156929,1.828478,0.671591,0.148149,0.715026,-0.125520,
859,2292830202,-9.498312,0.223284,-0.650627,0.996923,0.214442,1.935577,0.671619,0.148128,0.715010,-0.125487,
860,2292846869,-9.498732,0.219897,-0.658454,0.960022,0.338337,1.851459,0.671628,0.148140,0.714998,-0.125495,
861,2292863536,-9.507658,0.214423,-0.661811,1.161017,0.361261,1.878365,0.671635,0.148146,0.714990,-0.125494,
862,2292880203,-9.510850,0.217275,-0.648996,0.959497,0.468296,1.853931,0.671636,0.148124,0.714999,-0.125467,
863,2292896870,-9.493890,0.215138,-0.671612,0.848478,0.536733,1.939899,0.671633,0.148099,0.715015,-0.125415,
864,2292913537,-9.496282,0.214272,-0.680260,0.876602,0.538187,2.089321,0.671633,0.148093,0.715027,-0.125351,
865,2292930204,-9.503964,0.200733,-0.656191,1.062242,0.637750,2.171490,0.671616,0.148144,0.715038,-0.125323,
866,2292946871,-9.497071,0.229847,-0.678343,1.265107,0.562372,2.195873,0.671605,0.148198,0.715041,-0.125300,
867,2292963538,-9.507920,0.235119,-0.676278,1.283446,0.507125,2.155738,0.671600,0.148239,0.715042,-0.125274,
868,2292980205,-9.503042,0.225521,-0.624794,1.202804,0.555725,2.071779,0.671589,0.148278,0.715047,-0.125260,
869,2292996872,-9.509247,0.234454,-0.643792,0.970107,0.647528,2.045046,0.671575,0.148274,0.715070,-0.125204,
870,2293013539,-9.502072,0.186375,-0.671902,1.053956,0.601034,2.030222,0.671560,0.148304,0.715082,-0.125185,
871,2293030206,-9.496367,0.209366,-0.685584,1.316384,0.549745,2.101554,0.671548,0.148346,0.715086,-0.125170,
872,2293046873,-9.482670,0.204622,-0.683215,1.330471,0.558210,2.125515,0.671536,0.148396,0.715090,-0.125157,
873,2293063540,-9.509519,0.244167,-0.678396,1.443410,0.506024,2.043144,0.671524,0.148453,0.715087,-0.125170,
874,2293080207,-9.518593,0.238856,-0.655456,1.365906,0.517818,1.983198,0.671514,0.148480,0.715092,-0.125166,
875,2293096874,-9.499146,0.256245,-0.648542,1.071706,0.528307,1.972043,0.671505,0.148498,0.715099,-0.125150,
876,2293113541,-9.496967,0.216630,-0.695351,0.594759,0.562833,1.985016,0.671507,0.148449,0.715122,-0.125063,
877,2293130208,-9.496535,0.200874,-0.685567,0.858365,0.536823,1.938850,0.671506,0.148415,0.715141,-0.125003,
878,2293146875,-9.511088,0.225867,-0.697205,1.381338,0.468949,2.081000,0.671500,0.148470,0.715135,-0.125008,
879,2293163542,-9.506472,0.260921,-0.687876,1.310256,0.401172,2.008279,0.671502,0.148499,0.715127,-0.125004,
880,2293180209,-9.509995,0.263045,-0.652753,0.910909,0.434692,1.698308,0.671502,0.148472,0.715133,-0.125001,
881,2293196876,-9.510677,0.206547,-0.674813,0.979859,0.396785,1.610494,0.671503,0.148439,0.715137,-0.125013,
882,2293213543,-9.488933,0.210905,-0.711161,1.348272,0.463532,1.861819,0.671494,0.148468,0.715136,-0.125036,
883,2293230210,-9.520012,0.216512,-0.663131,1.479012,0.421182,1.876418,0.671492,0.148482,0.715133,-0.125045,
884,2293246877,-9.491833,0.259159,-0.653735,1.167670,0.481580,1.973353,0.671488,0.148498,0.715136,-0.125031,
885,2293263544,-9.510002,0.227807,-0.659143,0.856943,0.469103,1.912648,0.671491,0.148479,0.715144,-0.124993,
886,2293280211,-9.508800,0.226118,-0.659481,1.121766,0.631782,1.955152,0.671469,0.148512,0.715158,-0.124991,
887,2293296878,-9.479739,0.205531,-0.627436,1.395181,0.771256,2.072138,0.671431,0.148567,0.715183,-0.124986,
888,2293313545,-9.493666,0.226809,-0.668251,1.290656,0.754685,2.193427,0.671400,0.148623,0.715205,-0.124958,
889,2293330212,-9.505275,0.224335,-0.705871,1.134316,0.779708,2.118804,0.671370,0.148653,0.715235,-0.124916,
890,2293346879,-9.490982,0.226666,-0.716991,1.405478,0.569748,2.161129,0.671355,0.148712,0.715238,-0.124905,
891,2293363546,-9.510509,0.260137,-0.696533,1.615323,0.434603,2.083933,0.671350,0.148774,0.715228,-0.124920,
892,2293380213,-9.508866,0.272343,-0.676053,1.267323,0.392457,1.822120,0.671350,0.148787,0.715222,-0.124938,
893,2293396880,-9.508269,0.241393,-0.674723,1.076521,0.418582,1.703353,0.671348,0.148773,0.715224,-0.124950,
894,2293413547,-9.514579,0.226840,-0.663616,1.028548,0.499352,1.801309,0.671346,0.148732,0.715241,-0.124914,
895,2293430214,-9.483478,0.208620,-0.698833,1.198655,0.464864,1.873038,0.671343,0.148734,0.715245,-0.124907,
896,2293446881,-9.492602,0.197329,-0.684195,1.479652,0.379856,1.937095,0.671345,0.148758,0.715237,-0.124916,
897,2293463548,-9.480763,0.226217,-0.696028,1.503523,0.453236,2.007901,0.671336,0.148819,0.715228,-0.124943,
898,2293480215,-9.517154,0.265904,-0.660274,1.235640,0.452199,1.935750,0.671333,0.148835,0.715228,-0.124938,
899,2293496882,-9.511076,0.239634,-0.686815,1.064201,0.318270,1.868479,0.671345,0.148835,0.715217,-0.124934,
900,2293513549,-9.502059,0.201403,-0.703625,1.224537,0.330526,1.918474,0.671352,0.148867,0.715201,-0.124952,
901,2293530216,-9.509880,0.218456,-0.652888,1.748470,0.309728,2.040967,0.671356,0.148940,0.715175,-0.124991,
902,2293546883,-9.500327,0.232335,-0.650438,1.583870,0.307013,2.060817,0.671359,0.149025,0.715146,-0.125036,
903,2293563550,-9.491345,0.221610,-0.676015,1.477999,0.354725,2.024543,0.671364,0.149069,0.715131,-0.125047,
904,2293580217,-9.492312,0.244644,-0.678479,1.393849,0.430185,2.021182,0.671363,0.149100,0.715126,-0.125043,
905,2293596884,-9.503480,0.241751,-0.671133,1.379429,0.388346,1.962605,0.671361,0.149155,0.715111,-0.125073,
906,2293613551,-9.494037,0.222073,-0.651038,1.346184,0.392431,1.975117,0.671361,0.149201,0.715099,-0.125092,
907,2293630218,-9.508874,0.252807,-0.678078,1.403774,0.406582,1.994480,0.671359,0.149248,0.715088,-0.125109,
908,2293646885,-9.491830,0.229487,-0.681642,1.332725,0.468937,1.951797,0.671352,0.149282,0.715086,-0.125118,
909,2293663552,-9.489418,0.249148,-0.667944,1.218018,0.471242,1.995671,0.671348,0.149308,0.715085,-0.125110,
910,2293680219,-9.516074,0.259645,-0.672637,1.077558,0.320165,1.904605,0.671358,0.149326,0.715070,-0.125116,
911,2293696886,-9.477465,0.221138,-0.683803,1.131294,0.308383,1.897267,0.671371,0.149333,0.715057,-0.125114,
912,2293713553,-9.504024,0.240876,-0.663971,1.258422,0.258592,1.885076,0.671386,0.149353,0.715036,-0.125131,
913,2293730220,-9.487289,0.235649,-0.650508,1.259588,0.439559,2.002958,0.671387,0.149370,0.715035,-0.125115,
914,2293746887,-9.507202,0.256613,-0.637678,0.700603,0.397989,1.792511,0.671399,0.149317,0.715042,-0.125069,
915,2293763554,-9.484032,0.264621,-0.732362,1.351896,0.225693,1.791448,0.671411,0.149350,0.715016,-0.125118,
916,2293780221,-9.530702,0.177861,-0.657701,1.355648,0.248975,1.721795,0.671421,0.149367,0.714995,-0.125165,
917,2293796888,-9.494127,0.236664,-0.657019,1.935110,0.391958,2.002919,0.671412,0.149450,0.714976,-0.125221,
918,2293813555,-9.500106,0.292055,-0.654802,1.457817,0.352232,1.909587,0.671411,0.149508,0.714957,-0.125266,
919,2293830222,-9.518783,0.250238,-0.660343,1.015678,0.425075,1.727929,0.671412,0.149486,0.714961,-0.125265,
920,2293846889,-9.508749,0.206112,-0.673139,0.873130,0.439661,1.809403,0.671412,0.149475,0.714964,-0.125255,
921,2293863556,-9.493744,0.242750,-0.695326,0.946114,0.314658,1.870438,0.671429,0.149458,0.714956,-0.125234,
922,2293880223,-9.491339,0.251027,-0.705750,1.289120,0.111300,1.826237,0.671455,0.149481,0.714920,-0.125270,
923,2293896890,-9.514557,0.225647,-0.655348,1.546066,0.181741,1.812604,0.671474,0.149497,0.714893,-0.125304,
924,2293913557,-9.506833,0.272498,-0.616348,1.688408,0.252727,1.842213,0.671479,0.149556,0.714865,-0.125371,
925,2293930224,-9.505955,0.238947,-0.654217,1.084025,0.290967,1.740133,0.671489,0.149551,0.714853,-0.125389,
926,2293946891,-9.483716,0.216684,-0.690558,1.271382,0.348109,1.784366,0.671494,0.149555,0.714844,-0.125406,
927,2293963558,-9.492178,0.231941,-0.713331,1.394182,0.358392,1.808545,0.671495,0.149577,0.714834,-0.125438,
928,2293980225,-9.500146,0.224838,-0.675845,1.595088,0.259309,1.797173,0.671499,0.149625,0.714808,-0.125502,
929,2293996892,-9.508262,0.239065,-0.636202,1.510439,0.271206,1.822235,0.671504,0.149675,0.714782,-0.125561,
930,2294013559,-9.501643,0.254657,-0.647775,1.307925,0.344158,1.853604,0.671506,0.149711,0.714767,-0.125596,
931,2294030226,-9.498453,0.231211,-0.622382,1.177256,0.472484,1.823093,0.671497,0.149734,0.714767,-0.125617,
932,2294046893,-9.487561,0.225410,-0.683299,1.345147,0.447140,1.916349,0.671492,0.149762,0.714764,-0.125629,
933,2294063560,-9.507697,0.218037,-0.691673,1.542813,0.482486,2.012473,0.671481,0.149821,0.714758,-0.125652,
934,2294080227,-9.503160,0.243802,-0.636604,1.723767,0.483023,1.985362,0.671462,0.149910,0.714747,-0.125710,
935,2294096894,-9.502676,0.266495,-0.651474,1.524474,0.433591,1.923149,0.671454,0.149958,0.714738,-0.125742,
936,2294113561,-9.502469,0.253444,-0.662714,1.247646,0.585135,1.827530,0.671435,0.149966,0.714754,-0.125746,
937,2294130228,-9.512712,0.238486,-0.677064,1.190574,0.454120,1.810094,0.671430,0.149973,0.714755,-0.125757,
938,2294146895,-9.505502,0.220791,-0.682236,1.383131,0.476428,1.780204,0.671419,0.149987,0.714758,-0.125781,
939,2294163562,-9.511127,0.258946,-0.676064,1.463772,0.342282,1.783380,0.671417,0.150025,0.714743,-0.125833,
940,2294180229,-9.500141,0.249715,-0.652397,1.203995,0.374285,1.671555,0.671421,0.149998,0.714744,-0.125843,
941,2294196896,-9.508718,0.215065,-0.658655,1.185849,0.411756,1.617333,0.671417,0.149977,0.714747,-0.125867,
942,2294213563,-9.508458,0.229897,-0.721230,1.291310,0.397360,1.798651,0.671418,0.149974,0.714746,-0.125874,
943,2294230230,-9.502492,0.246191,-0.677232,1.257590,0.298548,1.769742,0.671426,0.149987,0.714730,-0.125904,
944,2294246897,-9.501759,0.225707,-0.697426,1.268181,0.329040,1.732539,0.671433,0.149975,0.714724,-0.125918,
945,2294263564,-9.504375,0.221146,-0.640320,1.369044,0.392265,1.736214,0.671428,0.149994,0.714717,-0.125959,
946,2294280231,-9.496573,0.250730,-0.644999,1.253057,0.398899,1.866660,0.671431,0.149995,0.714715,-0.125956,
947,2294296898,-9.522449,0.234912,-0.653683,1.143485,0.582862,1.820058,0.671417,0.149981,0.714734,-0.125939,
948,2294313565,-9.497505,0.218828,-0.705058,1.321660,0.459473,1.848168,0.671410,0.149999,0.714734,-0.125955,
949,2294330232,-9.496768,0.227738,-0.714465,1.600928,0.379318,1.820980,0.671404,0.150043,0.714722,-0.126006,
950,2294346899,-9.515814,0.255851,-0.686797,1.568439,0.391304,1.792242,0.671398,0.150077,0.714712,-0.126052,
951,2294363566,-9.506881,0.245318,-0.625923,1.459943,0.347724,1.795021,0.671400,0.150089,0.714703,-0.126079,
952,2294380233,-9.508278,0.245421,-0.624414,1.112571,0.444925,1.770600,0.671399,0.150067,0.714710,-0.126069,
953,2294396900,-9.494574,0.217425,-0.652043,0.925380,0.567853,1.784341,0.671386,0.150051,0.714727,-0.126055,
954,2294413567,-9.501097,0.205130,-0.707992,1.006855,0.605286,1.921958,0.671366,0.150085,0.714738,-0.126060,
955,2294430234,-9.496753,0.229586,-0.706459,1.349130,0.385951,1.874305,0.671367,0.150104,0.714731,-0.126075,
956,2294446901,-9.495577,0.249349,-0.687254,1.546661,0.277898,1.751537,0.671372,0.150130,0.714712,-0.126125,
957,2294463568,-9.485029,0.255896,-0.643871,1.266042,0.251869,1.665562,0.671387,0.150102,0.714701,-0.126141,
958,2294480235,-9.513999,0.223677,-0.639652,1.023106,0.404495,1.602747,0.671389,0.150061,0.714707,-0.126147,
959,2294496902,-9.500908,0.224278,-0.667958,0.992562,0.508944,1.745691,0.671382,0.150032,0.714722,-0.126132,
960,2294513569,-9.497499,0.205809,-0.686056,0.980461,0.418275,1.700600,0.671386,0.149990,0.714730,-0.126118,
961,2294530236,-9.491525,0.213765,-0.679454,1.100740,0.540672,1.792504,0.671376,0.149972,0.714746,-0.126104,
962,2294546903,-9.478618,0.213802,-0.681118,1.227072,0.466362,1.724433,0.671364,0.149991,0.714746,-0.126142,
963,2294563570,-9.505419,0.228201,-0.671313,1.285822,0.472401,1.811279,0.671356,0.149999,0.714749,-0.126154,
964,2294580237,-9.493674,0.230862,-0.666563,1.278605,0.486981,1.853892,0.671344,0.150036,0.714748,-0.126183,
965,2294596904,-9.493963,0.236035,-0.657823,1.429272,0.494985,1.862357,0.671333,0.150054,0.714752,-0.126196,
966,2294613571,-9.493413,0.229620,-0.663152,1.333109,0.507958,1.884064,0.671321,0.150081,0.714756,-0.126210,
967,2294630238,-9.486905,0.235035,-0.674895,1.386781,0.474891,1.846311,0.671309,0.150112,0.714755,-0.126238,
968,2294646905,-9.495601,0.242368,-0.642396,1.351589,0.468706,1.892990,0.671304,0.150123,0.714757,-0.126238,
969,2294663572,-9.505987,0.233517,-0.669064,1.251110,0.510429,1.869324,0.671293,0.150142,0.714762,-0.126247,
970,2294680239,-9.507937,0.236614,-0.661698,1.004588,0.523543,1.833645,0.671283,0.150142,0.714772,-0.126242,
971,2294696906,-9.493595,0.216015,-0.674673,1.038563,0.524900,1.741734,0.671273,0.150128,0.714785,-0.126241,
972,2294713573,-9.500633,0.241111,-0.648883,1.366931,0.413050,1.816907,0.671268,0.150154,0.714779,-0.126271,
973,2294730240,-9.492620,0.212103,-0.662330,1.216315,0.506241,1.928336,0.671255,0.150197,0.714778,-0.126290,
974,2294746907,-9.497932,0.219915,-0.683382,1.102428,0.629195,1.878826,0.671236,0.150195,0.714800,-0.126272,
975,2294763574,-9.513513,0.208272,-0.662750,1.230620,0.489580,1.960326,0.671228,0.150228,0.714800,-0.126276,
976,2294780241,-9.487856,0.214983,-0.668753,1.506622,0.527615,1.988769,0.671211,0.150293,0.714797,-0.126307,
977,2294796908,-9.474182,0.234785,-0.686375,1.490986,0.553996,2.037125,0.671195,0.150337,0.714802,-0.126309,
978,2294813575,-9.505539,0.231256,-0.692927,1.379634,0.418108,1.861986,0.671190,0.150371,0.714795,-0.126338,
979,2294830242,-9.497069,0.244937,-0.689269,1.447073,0.412038,1.907973,0.671189,0.150391,0.714790,-0.126346,
980,2294846909,-9.487073,0.236835,-0.662991,1.570462,0.404854,1.890403,0.671181,0.150450,0.714777,-0.126396,
981,2294863576,-9.499125,0.250395,-0.670372,1.452667,0.361872,1.767914,0.671174,0.150504,0.714759,-0.126466,
982,2294880243,-9.515451,0.244530,-0.658877,1.034388,0.443068,1.795265,0.671177,0.150466,0.714769,-0.126436,
983,2294896910,-9.497400,0.223476,-0.702290,1.193213,0.367318,1.733256,0.671178,0.150472,0.714762,-0.126464,
984,2294913577,-9.522725,0.269362,-0.627385,1.185029,0.128749,1.590901,0.671204,0.150445,0.714738,-0.126498,
985,2294930244,-9.475101,0.291688,-0.744071,1.058989,0.182561,1.408436,0.671222,0.150390,0.714725,-0.126538,
986,2294946911,-9.499963,0.146066,-0.667230,0.904583,0.283027,1.262111,0.671228,0.150323,0.714724,-0.126589,
987,2294963578,-9.466769,0.221808,-0.664746,1.470035,0.141120,1.647006,0.671247,0.150330,0.714695,-0.126647,
988,2294980245,-9.512897,0.236438,-0.660895,0.887691,0.172841,1.513448,0.671275,0.150257,0.714684,-0.126648,
989,2294996912,-9.500730,0.226522,-0.671103,1.297827,0.178527,1.570065,0.671293,0.150235,0.714665,-0.126690,
990,2295013579,-9.496882,0.230169,-0.672326,1.170263,0.182766,1.456870,0.671310,0.150192,0.714649,-0.126734,
991,2295030246,-9.501966,0.208572,-0.665920,1.319175,0.133525,1.576929,0.671332,0.150174,0.714624,-0.126781,
992,2295046913,-9.486371,0.226537,-0.680281,1.067172,0.202488,1.518225,0.671354,0.150114,0.714614,-0.126794,
993,2295063580,-9.497090,0.216994,-0.671797,1.146713,0.150660,1.538523,0.671377,0.150072,0.714595,-0.126824,
994,2295080247,-9.492297,0.220882,-0.688996,1.378687,0.156231,1.565583,0.671395,0.150062,0.714571,-0.126880,
995,2295096914,-9.508750,0.229125,-0.653666,1.506507,0.177221,1.595165,0.671409,0.150065,0.714546,-0.126943,
996,2295113581,-9.490773,0.197671,-0.657525,1.298532,0.269580,1.647838,0.671415,0.150077,0.714528,-0.126998,
997,2295130248,-9.510652,0.233395,-0.660351,1.064163,0.336365,1.674308,0.671423,0.150047,0.714525,-0.127004,
998,2295146915,-9.503881,0.211564,-0.681730,1.056108,0.426061,1.699140,0.671425,0.150011,0.714533,-0.126996,
999,2295163582,-9.505587,0.191687,-0.674418,1.226727,0.375181,1.851357,0.671427,0.150030,0.714524,-0.127012,
1000,2295180249,-9.516012,0.202179,-0.646803,1.448850,0.338780,1.893257,0.671432,0.150050,0.714513,-0.127027,
1001,2295196916,-9.499219,0.223719,-0.660456,1.469753,0.353270,1.872794,0.671434,0.150076,0.714501,-0.127051,
1002,2295213583,-9.501674,0.223358,-0.647809,1.428055,0.387527,2.033450,0.671438,0.150106,0.714492,-0.127046,