sep=,
DeviceTag:,DOT_Thigh_L
FirmwareVersion:,2.2.1
AppVersion:,2023.6.0
SyncStatus:,Synced
OutputRate:,60Hz
FilterProfile:,Dynamic
Measurement Mode:,Custom modes - custom mode5
StartTime: ,2026-09-13_17:37:05_224 GMT+8
© Movella Technologies B. V. 2005-2026

PacketCounter,SampleTimeFine,Acc_X,Acc_Y,Acc_Z,Gyr_X,Gyr_Y,Gyr_Z,Quat_W,Quat_X,Quat_Y,Quat_Z
1,2689404800,-9.615277,0.441097,-0.130500,1.650425,-2.617298,3.314098,-0.506787,-0.486589,-0.528272,0.476787,
2,2689421467,-9.651954,0.380481,-0.081003,-0.784735,-2.191103,3.288754,-0.507106,-0.486539,-0.528180,0.476601,
3,2689438134,-9.684708,0.271723,-0.097544,-3.871846,-2.895273,2.853133,-0.507667,-0.486180,-0.528280,0.476259,
4,2689454801,-9.588933,0.193827,-0.164760,-5.171102,-2.418684,2.115884,-0.508232,-0.485700,-0.528558,0.475838,
5,2689471468,-9.734326,0.162687,-0.130933,-6.428610,-1.847239,1.665140,-0.508810,-0.485133,-0.528995,0.475313,
6,2689488135,-9.689068,0.069586,-0.232438,-8.302794,-2.358161,1.406310,-0.509541,-0.484370,-0.529542,0.474698,
7,2689504802,-9.544210,0.012560,-0.313854,-7.180368,-1.702156,1.827319,-0.510171,-0.483767,-0.530030,0.474091,
8,2689521469,-9.524918,-0.116600,-0.238297,-4.814112,-1.081663,2.695449,-0.510647,-0.483450,-0.530338,0.473558,
9,2689538136,-9.512289,-0.194264,-0.264572,-2.511594,-1.097171,3.524929,-0.511019,-0.483367,-0.530428,0.473141,
10,2689554803,-9.618719,-0.250038,-0.252662,-0.217849,-0.794596,3.652761,-0.511215,-0.483484,-0.530373,0.472870,
11,2689571470,-9.654463,-0.249692,-0.246360,1.197195,-0.922634,3.541718,-0.511313,-0.483689,-0.530219,0.472726,
12,2689588137,-9.615142,-0.223117,-0.230773,1.390814,-0.632877,2.873098,-0.511329,-0.483877,-0.530121,0.472627,
13,2689604804,-9.549620,-0.178084,-0.235327,0.971739,-0.825664,2.575542,-0.511369,-0.483997,-0.530059,0.472531,
14,2689621471,-9.612675,-0.152426,-0.241441,1.566697,-1.741881,2.637666,-0.511443,-0.484104,-0.529882,0.472540,
15,2689638138,-9.644095,-0.171326,-0.190686,1.361706,-2.206470,1.492548,-0.511487,-0.484075,-0.529766,0.472652,
16,2689654805,-9.647499,-0.354846,-0.345538,1.313003,-0.397868,0.440763,-0.511323,-0.484085,-0.529862,0.472711,
17,2689671472,-10.912550,-3.245800,-3.437302,-13.452841,50.395069,-33.503498,-0.505929,-0.483853,-0.537117,0.470560,
18,2689688139,-8.767506,0.879034,1.648415,46.843979,-2.662295,5.954212,-0.503106,-0.487478,-0.533527,0.473917,
19,2689704806,-9.814217,0.970144,1.420885,20.298950,-1.973142,9.077880,-0.502312,-0.489438,-0.531582,0.474925,
20,2689721473,-9.699079,1.213362,1.106002,-2.647641,-54.363865,16.886471,-0.507722,-0.486685,-0.526820,0.477301,
21,2689738140,-9.414072,-1.544182,-1.236742,-9.114731,-1.097338,2.904462,-0.508519,-0.486065,-0.527413,0.476428,
22,2689754807,-10.567378,-1.368648,-0.724836,9.304770,-0.858909,0.921347,-0.507859,-0.486672,-0.526887,0.477096,
23,2689771474,-9.824244,-0.770277,-0.119754,13.034419,-3.876202,-2.171856,-0.506951,-0.487107,-0.526094,0.478489,
24,2689788141,-9.685372,-0.161521,-0.154491,3.425564,-0.857616,-4.247495,-0.506345,-0.486882,-0.526341,0.479088,
25,2689804808,-9.802816,0.010985,-0.302506,-4.015636,2.994170,-5.099220,-0.505911,-0.486311,-0.527450,0.478906,
26,2689821475,-9.722402,0.158599,-0.333627,-4.971874,1.131653,-4.711880,-0.505713,-0.485569,-0.528461,0.478753,
27,2689838142,-9.402200,0.196622,-0.318036,-9.626369,-1.033498,-3.059220,-0.506125,-0.484461,-0.529518,0.478273,
28,2689854809,-9.326735,-0.038106,-0.207425,-9.694026,-2.011545,-0.734829,-0.506779,-0.483458,-0.530341,0.477683,
29,2689871476,-9.105318,-0.249804,-0.506241,-8.684628,-0.882857,1.429823,-0.507425,-0.482775,-0.531023,0.476930,
30,2689888143,-8.829959,-0.323401,-0.658961,-2.212579,0.774701,2.665571,-0.507573,-0.482779,-0.531291,0.476469,
31,2689904810,-8.721155,-0.183744,-0.600953,4.533045,2.015547,2.676291,-0.507154,-0.483368,-0.531182,0.476441,
32,2689921477,-8.732843,-0.132337,-0.620137,8.181167,1.600980,3.300012,-0.506552,-0.484245,-0.530745,0.476677,
33,2689938144,-9.026860,0.029743,-0.596735,10.873219,1.260997,2.969519,-0.505763,-0.485271,-0.530118,0.477169,
34,2689954811,-9.601729,0.466782,-0.668739,12.224159,0.606861,2.797299,-0.504916,-0.486336,-0.529361,0.477822,
35,2689971478,-9.692847,0.990020,-0.745951,10.455450,0.479438,4.931107,-0.504348,-0.487424,-0.528567,0.478191,
36,2689988145,-9.485351,1.222042,-0.766170,3.256098,1.617654,8.825761,-0.504473,-0.488361,-0.528081,0.477640,
37,2690004812,-9.486326,0.996705,-0.681074,-4.879811,1.670634,12.668746,-0.505438,-0.489000,-0.527889,0.476176,
38,2690021479,-9.735530,0.368926,-0.342700,-4.189587,-1.371343,14.098246,-0.506685,-0.489587,-0.527321,0.474875,
39,2690038146,-9.957615,-0.329675,-0.096472,3.081165,-4.540853,12.515302,-0.507546,-0.490368,-0.526130,0.474472,
40,2690054813,-9.969841,-0.871350,-0.014412,12.983314,-5.445931,8.873802,-0.507517,-0.491537,-0.524445,0.475158,
41,2690071480,-9.843768,-1.070488,-0.080292,17.842180,-3.302416,4.856411,-0.506696,-0.492903,-0.522868,0.476355,
42,2690088147,-9.780048,-0.145325,0.191303,11.488819,-2.221199,2.226020,-0.506064,-0.493674,-0.521996,0.477185,
43,2690104814,-10.001041,0.609339,-0.278169,-24.191826,-8.767465,2.759845,-0.508523,-0.491399,-0.523077,0.475732,
44,2690121481,-9.760311,0.089216,-1.110863,-23.291897,-6.902946,8.570971,-0.511172,-0.489756,-0.523810,0.473777,
45,2690138148,-8.371543,-2.250365,-0.208310,31.604382,13.535441,-4.937804,-0.507411,-0.492564,-0.523232,0.475544,
46,2690154815,-10.303654,0.863166,0.285673,3.087553,2.568691,-1.132837,-0.506788,-0.492793,-0.523535,0.475638,
47,2690171482,-9.535694,0.295220,-0.168007,0.175236,-3.190356,0.430569,-0.506919,-0.492527,-0.523504,0.475808,
48,2690188149,-9.734127,0.320448,-0.294186,8.930170,-0.114719,1.966575,-0.506293,-0.493236,-0.522984,0.476312,
49,2690204816,-9.778113,0.238589,-0.570686,14.956950,0.512568,2.593268,-0.505229,-0.494478,-0.522047,0.477182,
50,2690221483,-9.617437,0.271823,-0.471797,14.515824,-1.203695,3.493172,-0.504386,-0.495635,-0.520948,0.478073,
51,2690238150,-9.507061,0.325241,-0.330151,8.956694,-0.843759,3.564412,-0.503922,-0.496413,-0.520254,0.478511,
52,2690254817,-9.683508,0.421356,-0.150728,4.549616,0.212861,2.261659,-0.503605,-0.496843,-0.520037,0.478633,
53,2690271484,-9.709242,0.603607,-0.166042,-0.089990,0.215857,1.369645,-0.503560,-0.496865,-0.520209,0.478470,
54,2690288151,-9.668266,0.578964,-0.263933,-6.510774,-0.440743,0.243481,-0.503950,-0.496286,-0.520861,0.477951,
55,2690304818,-9.566148,0.362763,-0.337341,-10.911475,-1.159154,-1.212032,-0.504611,-0.495224,-0.521870,0.477256,
56,2690321485,-9.605371,0.069999,-0.396074,-11.209812,-1.893176,-1.912335,-0.505299,-0.494034,-0.522893,0.476640,
57,2690338152,-9.624410,-0.160808,-0.453511,-9.533845,-3.201563,-2.339619,-0.505935,-0.492842,-0.523734,0.476276,
58,2690354819,-9.554418,-0.246578,-0.412010,-9.169760,-2.502771,-2.232711,-0.506497,-0.491733,-0.524592,0.475881,
59,2690371486,-9.578184,-0.346996,-0.345068,-7.813821,-1.280879,-1.391052,-0.506927,-0.490871,-0.525384,0.475439,
60,2690388153,-9.543745,-0.425129,-0.369723,-4.444969,-0.719935,-0.048382,-0.507165,-0.490398,-0.525889,0.475114,
61,2690404820,-9.473919,-0.435223,-0.475289,2.136823,-0.665508,1.913659,-0.507065,-0.490565,-0.525802,0.475144,
62,2690421487,-9.408465,-0.438592,-0.521740,9.225089,-0.332043,3.232318,-0.506525,-0.491378,-0.525156,0.475595,
63,2690438154,-9.420660,-0.413035,-0.585066,13.121925,0.930696,3.620069,-0.505636,-0.492594,-0.524304,0.476223,
64,2690454821,-9.522828,-0.387048,-0.561734,14.610191,1.496289,3.198446,-0.504566,-0.493924,-0.523418,0.476954,
65,2690471488,-9.605995,-0.240383,-0.490292,17.957527,3.952627,3.456483,-0.503083,-0.495687,-0.522460,0.477741,
66,2690488155,-9.799140,0.179754,-0.316731,16.857702,4.768635,2.696656,-0.501560,-0.497366,-0.521690,0.478439,
67,2690504822,-9.858432,0.361473,-0.247648,13.584966,3.090129,3.130354,-0.500429,-0.498718,-0.520991,0.478976,
68,2690521489,-9.653946,0.423698,-0.163174,8.169819,1.627271,2.453896,-0.499753,-0.499523,-0.520612,0.479257,
69,2690538156,-9.667811,0.451076,-0.041907,-0.094639,0.272538,1.887406,-0.499741,-0.499589,-0.520749,0.479051,
70,2690554823,-9.678915,0.244731,-0.110837,-6.276239,-1.021153,1.319330,-0.500236,-0.499072,-0.521265,0.478512,
71,2690571490,-9.662665,0.130144,-0.184329,-6.447268,-2.227780,0.708851,-0.500792,-0.498412,-0.521748,0.478091,
72,2690588157,-9.554710,0.121346,-0.434319,-4.825689,-1.371150,1.269615,-0.501204,-0.497972,-0.522140,0.477690,
73,2690604824,-9.602662,0.045972,-0.635739,-4.847754,-2.061374,1.283830,-0.501671,-0.497483,-0.522481,0.477336,
74,2690621491,-9.499927,0.007165,-0.747540,-5.682856,-2.145640,1.123917,-0.502194,-0.496915,-0.522885,0.476936,
75,2690638158,-9.540703,0.016660,-0.685949,-5.178210,-0.177893,1.566454,-0.502561,-0.496553,-0.523365,0.476399,
76,2690654825,-9.532629,-0.070901,-0.496373,-4.231565,-1.112552,1.625145,-0.502934,-0.496201,-0.523707,0.475996,
77,2690671492,-9.619827,-0.136536,-0.299959,-4.111005,-1.631965,1.418732,-0.503324,-0.495805,-0.524017,0.475656,
78,2690688159,-9.676312,-0.193130,-0.323556,-1.949946,-1.976404,1.700997,-0.503603,-0.495564,-0.524132,0.475484,
79,2690704826,-9.605341,-0.093773,-0.370462,0.619757,-1.157950,2.546485,-0.503692,-0.495633,-0.524069,0.475388,
80,2690721493,-9.576746,0.043879,-0.453044,2.045629,-0.885482,3.341094,-0.503713,-0.495886,-0.523869,0.475322,
81,2690738160,-9.602151,0.161758,-0.436318,0.597602,-1.243048,3.345883,-0.503866,-0.496008,-0.523743,0.475171,
82,2690754827,-9.611279,0.090994,-0.433856,-1.864323,-1.702963,3.160435,-0.504220,-0.495904,-0.523767,0.474879,
83,2690771494,-9.605330,-0.074937,-0.396424,-2.524080,-1.831564,2.859664,-0.504609,-0.495719,-0.523848,0.474568,
84,2690788161,-9.593488,-0.216424,-0.316821,0.065601,-1.350647,2.660602,-0.504761,-0.495743,-0.523800,0.474434,
85,2690804828,-9.559466,-0.220253,-0.348708,2.429627,-0.623605,2.841813,-0.504700,-0.496004,-0.523629,0.474415,
86,2690821495,-9.616993,-0.196109,-0.345249,4.631705,-0.307813,2.957236,-0.504464,-0.496457,-0.523321,0.474532,
87,2690838162,-9.617876,-0.202763,-0.336768,6.430793,-0.697447,2.825088,-0.504118,-0.497005,-0.522870,0.474823,
88,2690854829,-9.582892,-0.199398,-0.312904,8.526859,-0.419843,2.184565,-0.503555,-0.497676,-0.522340,0.475301,
89,2690871496,-9.637054,-0.105616,-0.282232,10.540290,-0.441217,1.199898,-0.502779,-0.498418,-0.521740,0.476004,
90,2690888163,-9.671570,0.123998,-0.323262,11.166122,-0.767574,0.249692,-0.501915,-0.499110,-0.521140,0.476847,
91,2690904830,-9.531408,0.425956,-0.472645,9.315885,-0.701353,-0.329674,-0.501139,-0.499626,-0.520715,0.477587,
92,2690921497,-9.592785,0.710234,-0.522615,5.908358,0.395697,-0.324398,-0.500528,-0.499970,-0.520604,0.477987,
93,2690938164,-9.703203,0.859422,-0.543448,0.670675,0.240753,0.616363,-0.500375,-0.499993,-0.520779,0.477934,
94,2690954831,-9.626874,0.834692,-0.526439,-3.498899,-0.215044,2.215543,-0.500670,-0.499802,-0.521094,0.477481,
95,2690971498,-9.620779,0.723630,-0.450824,-3.293538,0.093173,3.870970,-0.501042,-0.499773,-0.521296,0.476901,
96,2690988165,-9.663781,0.673749,-0.413724,-4.430178,0.278711,4.582977,-0.501531,-0.499728,-0.521538,0.476168,
97,2691004832,-9.677163,0.617078,-0.321955,-16.080715,0.872017,3.350586,-0.502736,-0.498779,-0.522718,0.474597,
98,2691021499,-9.916633,0.407414,-0.251787,-16.757545,-0.269561,1.077995,-0.503916,-0.497525,-0.524023,0.473220,
99,2691038166,-9.750100,0.376844,-0.030351,-16.196604,2.799259,0.655334,-0.504789,-0.496489,-0.525541,0.471691,
100,2691054833,-10.059309,0.079728,-0.310270,-22.525770,1.854318,-1.483708,-0.506041,-0.494755,-0.527574,0.469900,
101,2691071500,-9.681955,-0.134441,-0.486197,-28.623838,0.289405,-2.679481,-0.507762,-0.492366,-0.529985,0.467834,
102,2691088167,-9.534665,-0.184822,-0.300454,-40.339989,-1.029099,-4.886777,-0.510260,-0.488838,-0.533240,0.465110,
103,2691104834,-9.392397,-0.255645,-0.469141,-51.450466,-3.639612,-7.215244,-0.513568,-0.484104,-0.537193,0.461860,
104,2691121501,-9.288532,-0.753555,-1.185488,-54.192352,-0.276223,-7.567723,-0.516751,-0.479334,-0.541572,0.458156,
105,2691138168,-9.118509,-1.135020,-1.165555,-37.778748,2.690583,-6.058242,-0.518630,-0.476091,-0.544948,0.455402,
106,2691154835,-9.222425,-0.881892,-0.718163,-25.398109,0.995190,-2.472707,-0.520013,-0.473942,-0.547114,0.453466,
107,2691171502,-9.455249,-0.572033,-0.252415,-18.383087,-0.071869,0.948305,-0.521215,-0.472520,-0.548496,0.451897,
108,2691188169,-9.484877,-0.178877,-0.436667,-7.554737,1.440542,5.216214,-0.521831,-0.472356,-0.548985,0.450763,
109,2691204836,-9.483958,-0.249817,-0.466404,2.562916,2.693208,7.199494,-0.521781,-0.473200,-0.548768,0.450199,
110,2691221503,-9.673637,0.028692,-0.335277,10.608511,2.581141,6.509721,-0.521139,-0.474591,-0.548063,0.450337,
111,2691238170,-9.736670,0.252000,-0.224426,8.386644,0.011763,4.869994,-0.520747,-0.475514,-0.547421,0.450598,
112,2691254837,-9.714788,0.230996,-0.206965,5.580015,-0.077581,3.217461,-0.520446,-0.476085,-0.547071,0.450767,
113,2691271504,-9.632471,0.302870,-0.406002,3.495769,0.469807,1.552111,-0.520138,-0.476403,-0.547013,0.450859,
114,2691288171,-9.661937,0.396786,-0.662008,-0.982170,-0.459248,-0.213751,-0.520097,-0.476180,-0.547301,0.450791,
115,2691304838,-9.609168,0.416804,-0.631526,-3.170903,-0.137220,-0.908201,-0.520137,-0.475757,-0.547804,0.450580,
116,2691321505,-9.558673,0.432879,-0.451674,-3.118987,0.698836,0.277430,-0.520185,-0.475488,-0.548285,0.450224,
117,2691338172,-9.529368,0.174504,-0.470051,-4.055079,0.031920,0.524004,-0.520367,-0.475123,-0.548759,0.449821,
118,2691354839,-9.547626,0.019490,-0.665085,0.489375,0.490426,-0.305688,-0.520143,-0.475066,-0.549027,0.449812,
119,2691371506,-9.604295,0.032092,-0.646648,2.925476,0.891418,-1.042232,-0.519671,-0.475161,-0.549218,0.450026,
120,2691388173,-9.651632,0.176275,-0.479225,0.495587,0.198991,-1.120479,-0.519417,-0.475021,-0.549520,0.450098,
121,2691404840,-9.641119,0.431158,-0.463040,0.507407,-0.396203,-0.781994,-0.519231,-0.474869,-0.549754,0.450188,
122,2691421507,-9.557249,0.499101,-0.489277,0.641297,-0.523421,-0.854580,-0.519042,-0.474713,-0.549973,0.450302,
123,2691438174,-9.522182,0.191173,-0.617395,-0.972271,-1.177915,-0.608532,-0.519033,-0.474413,-0.550232,0.450313,
124,2691454841,-9.568307,-0.043088,-0.570186,-0.253092,-0.318443,-0.921916,-0.518885,-0.474197,-0.550530,0.450346,
125,2691471508,-9.646269,-0.004546,-0.547483,0.325070,-0.712072,-1.460897,-0.518693,-0.473957,-0.550797,0.450494,
126,2691488175,-9.588705,0.082509,-0.671331,-0.790369,0.156526,-1.559352,-0.518501,-0.473681,-0.551210,0.450499,
127,2691504842,-9.617982,0.065836,-0.598342,-5.980579,-0.426375,-2.067636,-0.518680,-0.472934,-0.551954,0.450167,
128,2691521509,-9.560617,-0.036665,-0.534197,-3.568041,-1.113679,-1.738833,-0.518770,-0.472351,-0.552465,0.450050,
129,2691538176,-9.622466,-0.041253,-0.617610,-0.852877,-1.258006,-1.408417,-0.518706,-0.471989,-0.552763,0.450136,
130,2691554843,-9.610293,-0.049287,-0.542782,0.621665,-1.692359,-1.102473,-0.518596,-0.471735,-0.552912,0.450347,
131,2691571510,-9.555746,0.017431,-0.559766,0.508278,0.017269,-0.806313,-0.518375,-0.471607,-0.553177,0.450409,
132,2691588177,-9.582790,-0.043679,-0.505284,-1.408711,-0.177137,-0.964049,-0.518291,-0.471310,-0.553563,0.450343,
133,2691604844,-9.632745,-0.053468,-0.429623,-2.159087,-0.460952,-1.788432,-0.518228,-0.470871,-0.554033,0.450297,
134,2691621511,-9.674088,-0.001999,-0.468849,-3.632214,-1.088642,-2.604863,-0.518261,-0.470214,-0.554608,0.450237,
135,2691638178,-9.576260,-0.031840,-0.523842,-4.147183,-1.037391,-2.552843,-0.518329,-0.469525,-0.555217,0.450127,
136,2691654845,-9.551620,-0.181016,-0.666960,-4.462142,0.066318,-1.912551,-0.518371,-0.468936,-0.555885,0.449868,
137,2691671512,-9.657040,-0.218663,-0.499004,-4.740962,-0.192864,-1.527003,-0.518478,-0.468340,-0.556525,0.449575,
138,2691688179,-9.535424,-0.200298,-0.553876,-2.268722,-1.643759,-0.846909,-0.518578,-0.467890,-0.556848,0.449529,
139,2691704846,-9.586190,-0.141610,-0.523732,-1.130852,-0.601079,-0.772069,-0.518520,-0.467600,-0.557169,0.449499,
140,2691721513,-9.525325,-0.231760,-0.518021,0.556442,0.027899,-0.481237,-0.518316,-0.467502,-0.557407,0.449540,
141,2691738180,-9.635275,-0.174631,-0.566567,1.766105,1.118487,-1.019232,-0.517907,-0.467523,-0.557685,0.449646,
142,2691754847,-9.651200,-0.111456,-0.558238,0.643743,-0.421585,-0.519400,-0.517730,-0.467398,-0.557887,0.449728,
143,2691771514,-9.552508,-0.058089,-0.512488,-0.793238,-1.661739,-0.111069,-0.517779,-0.467118,-0.558061,0.449747,
144,2691788181,-9.566260,-0.106655,-0.521053,-3.409371,-0.186512,-0.730961,-0.517845,-0.466687,-0.558560,0.449500,
145,2691804848,-9.586675,-0.197727,-0.525158,-1.774832,0.163198,-1.105355,-0.517747,-0.466371,-0.559003,0.449390,
146,2691821515,-9.615627,-0.190922,-0.531494,-0.319698,0.040859,-1.488482,-0.517536,-0.466125,-0.559367,0.449435,
147,2691838182,-9.566391,-0.205625,-0.581331,-2.316566,-0.106370,-1.574720,-0.517465,-0.465712,-0.559857,0.449334,
148,2691854849,-9.589704,-0.213322,-0.622870,-1.912475,-0.153202,-1.348419,-0.517386,-0.465345,-0.560301,0.449252,
149,2691871516,-9.603609,-0.185356,-0.576586,-0.065966,-1.667144,-0.569947,-0.517356,-0.465081,-0.560458,0.449364,
150,2691888183,-9.560109,-0.204315,-0.561175,0.818332,-1.143453,-0.738606,-0.517212,-0.464904,-0.560608,0.449526,
151,2691904850,-9.604874,-0.233902,-0.665089,0.330295,-0.435198,-0.268434,-0.517075,-0.464775,-0.560811,0.449564,
152,2691921517,-9.575407,-0.241278,-0.645422,1.455013,-0.572649,0.193959,-0.516902,-0.464760,-0.560899,0.449669,
153,2691938184,-9.535524,-0.220008,-0.586426,0.349402,0.231686,-0.024588,-0.516725,-0.464696,-0.561135,0.449645,
154,2691954851,-9.600644,-0.146106,-0.580319,0.936868,-0.344606,-0.129178,-0.516548,-0.464629,-0.561295,0.449716,
155,2691971518,-9.622557,-0.117619,-0.609590,0.577752,-1.685226,-0.258202,-0.516496,-0.464438,-0.561387,0.449858,
156,2691988185,-9.613804,-0.225507,-0.593461,-1.629006,-1.788752,-0.469122,-0.516588,-0.464057,-0.561630,0.449843,
157,2692004852,-9.544896,-0.271300,-0.586876,-1.405548,-1.719111,-0.444227,-0.516660,-0.463699,-0.561862,0.449839,
158,2692021519,-9.577239,-0.266714,-0.658976,-2.280619,0.344613,-0.740092,-0.516604,-0.463386,-0.562326,0.449647,
159,2692038186,-9.588652,-0.290983,-0.753504,-1.529949,-0.080168,0.000788,-0.516580,-0.463162,-0.562659,0.449489,
160,2692054853,-9.590528,-0.294064,-0.737452,0.453620,-3.161260,0.940210,-0.516736,-0.462963,-0.562568,0.449630,
161,2692071520,-9.566632,-0.358302,-0.557114,1.212115,-1.904996,1.297021,-0.516761,-0.462932,-0.562497,0.449722,
162,2692088187,-9.560157,-0.319618,-0.559283,2.361548,-1.240116,0.980166,-0.516634,-0.463005,-0.562422,0.449887,
163,2692104854,-9.565233,-0.269898,-0.617300,1.180662,-1.499726,0.391573,-0.516568,-0.462924,-0.562444,0.450017,
164,2692121521,-9.566562,-0.296478,-0.702600,-0.159990,0.084029,0.443273,-0.516467,-0.462850,-0.562670,0.449926,
165,2692138188,-9.599256,-0.292151,-0.630267,-0.516493,-0.535818,0.354973,-0.516435,-0.462701,-0.562878,0.449855,
166,2692154855,-9.607291,-0.271870,-0.689217,-0.720383,-0.326344,0.246324,-0.516393,-0.462542,-0.563123,0.449761,
167,2692171522,-9.584597,-0.192086,-0.722952,0.504359,-1.617391,0.988477,-0.516422,-0.462451,-0.563141,0.449799,
168,2692188189,-9.595192,-0.199041,-0.636672,0.094133,-1.802609,1.151886,-0.516504,-0.462331,-0.563161,0.449803,
169,2692204856,-9.552455,-0.230193,-0.680652,-2.658598,-1.269084,0.641169,-0.516695,-0.461997,-0.563435,0.449584,
170,2692221523,-9.552756,-0.426645,-0.716610,-3.147954,-1.416472,0.508034,-0.516921,-0.461606,-0.563739,0.449345,
171,2692238190,-9.540480,-0.537656,-0.730702,-0.462117,-2.078765,0.748947,-0.517037,-0.461392,-0.563801,0.449352,
172,2692254857,-9.570065,-0.541702,-0.630965,1.536423,-1.758991,0.568416,-0.516981,-0.461335,-0.563769,0.449515,
173,2692271524,-9.586055,-0.351784,-0.656366,2.893716,-1.376170,0.536528,-0.516801,-0.461403,-0.563679,0.449766,
174,2692288191,-9.541536,-0.135451,-0.639903,4.172545,-1.301740,0.672660,-0.516537,-0.461583,-0.563501,0.450107,
175,2692304858,-9.572711,-0.081709,-0.615249,0.952895,-1.024598,0.552428,-0.516459,-0.461529,-0.563564,0.450174,
176,2692321525,-9.583494,-0.175913,-0.538336,-0.214686,-1.172806,0.371903,-0.516459,-0.461362,-0.563703,0.450169,
177,2692338192,-9.581115,-0.213645,-0.525477,0.544161,-1.158450,0.638454,-0.516425,-0.461276,-0.563776,0.450205,
178,2692354859,-9.655640,-0.238559,-0.549842,1.833312,-1.527695,0.963876,-0.516356,-0.461289,-0.563716,0.450348,
179,2692371526,-9.624835,-0.191824,-0.593028,1.998796,-1.558981,1.132549,-0.516289,-0.461326,-0.563630,0.450493,
180,2692388193,-9.605172,-0.165875,-0.564662,-0.438528,-1.320091,1.101391,-0.516365,-0.461193,-0.563725,0.450424,
181,2692404860,-9.537134,-0.262006,-0.562091,-1.067896,-1.355654,0.951531,-0.516475,-0.460999,-0.563867,0.450318,
182,2692421527,-9.553368,-0.280705,-0.547961,0.244633,-0.348781,1.280565,-0.516437,-0.460996,-0.563978,0.450227,
183,2692438194,-9.577047,-0.384465,-0.616078,-0.163998,-0.420138,0.839770,-0.516403,-0.460921,-0.564139,0.450141,
184,2692454861,-9.623134,-0.359811,-0.642674,1.238419,-1.218716,0.274626,-0.516304,-0.460853,-0.564186,0.450265,
185,2692471528,-9.629424,-0.240067,-0.613272,0.714498,-1.626163,0.377307,-0.516279,-0.460727,-0.564231,0.450366,
186,2692488195,-9.595287,-0.212883,-0.564567,-0.809976,-2.244863,0.810738,-0.516436,-0.460482,-0.564299,0.450351,
187,2692504862,-9.552432,-0.233183,-0.561239,-1.288165,-1.871456,1.003627,-0.516607,-0.460241,-0.564414,0.450257,
188,2692521529,-9.565149,-0.334431,-0.583402,-1.749540,-0.954739,1.026640,-0.516735,-0.460027,-0.564626,0.450062,
189,2692538196,-9.555986,-0.378414,-0.579600,1.365304,-0.792611,0.727779,-0.516622,-0.460034,-0.564667,0.450134,
190,2692554863,-9.591686,-0.330063,-0.645154,-0.834206,-1.316262,-0.050252,-0.516648,-0.459777,-0.564864,0.450119,
191,2692571530,-9.610174,-0.272306,-0.539083,-1.396328,-1.916611,-0.193414,-0.516751,-0.459427,-0.565063,0.450109,
192,2692588197,-9.559502,-0.232177,-0.634135,-0.746585,-1.545842,0.409067,-0.516820,-0.459199,-0.565206,0.450082,
193,2692604864,-9.590820,-0.258288,-0.570566,-0.490560,-1.075234,0.339452,-0.516829,-0.459015,-0.565373,0.450050,
194,2692621531,-9.535851,-0.311114,-0.580006,-0.104218,-1.023752,0.188785,-0.516798,-0.458852,-0.565528,0.450058,
195,2692638198,-9.609186,-0.360858,-0.577011,0.307077,-0.916077,0.307512,-0.516738,-0.458736,-0.565657,0.450083,
196,2692654865,-9.637263,-0.357703,-0.570322,1.685732,-1.718062,0.370891,-0.516656,-0.458677,-0.565630,0.450271,
197,2692671532,-9.561723,-0.354404,-0.536561,2.853543,-1.439587,0.803566,-0.516502,-0.458759,-0.565520,0.450503,
198,2692688199,-9.552137,-0.401266,-0.569664,0.682572,-1.333589,0.722208,-0.516478,-0.458678,-0.565565,0.450556,
199,2692704866,-9.583167,-0.438009,-0.569123,2.905280,-1.394996,0.857955,-0.516321,-0.458771,-0.565450,0.450785,
200,2692721533,-9.570998,-0.325112,-0.618938,3.092100,-0.541670,1.092106,-0.516095,-0.458954,-0.565372,0.450956,
201,2692738200,-9.575931,-0.318250,-0.584415,1.813770,0.249269,0.641541,-0.515861,-0.459055,-0.565467,0.451002,
202,2692754867,-9.564334,-0.360925,-0.614614,2.763117,-0.701007,0.904493,-0.515658,-0.459187,-0.565410,0.451170,
203,2692771534,-9.572701,-0.337133,-0.556953,2.178789,-0.881807,1.026666,-0.515518,-0.459273,-0.565371,0.451293,
204,2692788201,-9.601410,-0.318103,-0.596629,3.484755,-0.957838,0.979231,-0.515293,-0.459448,-0.565243,0.451531,
205,2692804868,-9.612562,-0.306210,-0.509723,3.194934,-0.866695,0.993753,-0.515081,-0.459609,-0.565139,0.451739,
206,2692821535,-9.598104,-0.307280,-0.565350,2.620378,-1.195921,0.869993,-0.514926,-0.459695,-0.565058,0.451931,
207,2692838202,-9.575501,-0.319960,-0.600845,0.561206,-0.980979,0.529062,-0.514869,-0.459612,-0.565150,0.451965,
208,2692854869,-9.516621,-0.284956,-0.645405,0.365948,-0.491200,0.484266,-0.514782,-0.459543,-0.565294,0.451953,
209,2692871536,-9.562470,-0.359599,-0.630086,0.795985,-0.237673,0.581056,-0.514651,-0.459532,-0.565423,0.451952,
210,2692888203,-9.611928,-0.439299,-0.608982,2.005020,-1.258698,0.558632,-0.514522,-0.459541,-0.565398,0.452121,
211,2692904870,-9.576174,-0.439066,-0.595569,1.681915,-2.226218,0.842741,-0.514513,-0.459486,-0.565302,0.452306,
212,2692921537,-9.557155,-0.425340,-0.585190,2.250479,-1.905598,0.958382,-0.514447,-0.459505,-0.565186,0.452508,
213,2692938204,-9.568871,-0.413390,-0.589926,1.939323,-0.846846,0.826618,-0.514307,-0.459559,-0.565177,0.452624,
214,2692954871,-9.587354,-0.423643,-0.594102,2.041531,-0.689379,0.619616,-0.514133,-0.459614,-0.565188,0.452753,
215,2692971538,-9.546376,-0.415447,-0.644912,1.177934,-1.563476,0.622792,-0.514088,-0.459546,-0.565190,0.452869,
216,2692988205,-9.557478,-0.391952,-0.663063,1.376061,-1.310102,0.656473,-0.514012,-0.459514,-0.565195,0.452982,
217,2693004872,-9.587366,-0.380346,-0.591832,1.212140,-2.033431,0.919349,-0.514023,-0.459443,-0.565140,0.453110,
218,2693021539,-9.538276,-0.422569,-0.625194,1.328806,-1.058509,0.908079,-0.513946,-0.459444,-0.565150,0.453184,
219,2693038206,-9.598580,-0.411442,-0.587836,1.160121,-0.770468,0.753788,-0.513846,-0.459438,-0.565204,0.453236,
220,2693054873,-9.584081,-0.427287,-0.636960,1.386614,-1.186867,0.806448,-0.513769,-0.459427,-0.565208,0.453330,
221,2693071540,-9.539912,-0.382656,-0.591891,2.146210,-0.861240,1.425750,-0.513655,-0.459544,-0.565145,0.453419,
222,2693088207,-9.573185,-0.407149,-0.623056,2.492596,-0.178623,1.678932,-0.513478,-0.459754,-0.565092,0.453472,
223,2693104874,-9.590668,-0.368687,-0.646487,3.889231,-0.365813,1.692583,-0.513224,-0.460056,-0.564933,0.453651,
224,2693121541,-9.645340,-0.241027,-0.566143,4.814029,-0.807850,1.464438,-0.512929,-0.460380,-0.564695,0.453952,
225,2693138208,-9.590673,-0.196042,-0.531253,2.378453,-0.784671,1.284535,-0.512784,-0.460508,-0.564632,0.454066,
226,2693154875,-9.560686,-0.241526,-0.621860,1.838883,-1.755558,1.367635,-0.512760,-0.460539,-0.564526,0.454193,
227,2693171542,-9.558432,-0.272016,-0.652121,0.510916,-2.036491,0.978898,-0.512822,-0.460420,-0.564512,0.454260,
228,2693188209,-9.593419,-0.352048,-0.580289,0.483702,-1.576769,1.164398,-0.512861,-0.460345,-0.564523,0.454279,
229,2693204876,-9.567874,-0.370192,-0.601690,0.761254,-1.043961,1.392902,-0.512852,-0.460345,-0.564539,0.454269,
230,2693221543,-9.559324,-0.414578,-0.618970,0.960713,-0.465549,1.407924,-0.512784,-0.460398,-0.564585,0.454235,
231,2693238210,-9.590075,-0.399907,-0.575668,1.527830,-0.656505,1.405695,-0.512693,-0.460482,-0.564579,0.454261,
232,2693254877,-9.626019,-0.401244,-0.600316,1.724919,-2.609486,1.312286,-0.512743,-0.460443,-0.564420,0.454440,
233,2693271544,-9.545040,-0.450943,-0.568053,1.076060,-1.769684,1.450620,-0.512777,-0.460423,-0.564358,0.454500,
234,2693288211,-9.548421,-0.480280,-0.597502,1.496813,-0.724635,1.524974,-0.512702,-0.460509,-0.564341,0.454518,
235,2693304878,-9.579403,-0.457046,-0.597951,2.485630,-0.108611,1.482175,-0.512507,-0.460706,-0.564307,0.454580,
236,2693321545,-9.596675,-0.410946,-0.604728,3.744238,-1.217641,1.714969,-0.512335,-0.460942,-0.564093,0.454802,
237,2693338212,-9.547295,-0.383726,-0.636398,2.355607,-0.221678,1.593578,-0.512165,-0.461131,-0.564052,0.454852,
238,2693354879,-9.582178,-0.382001,-0.547068,2.881589,-0.104397,1.680264,-0.511956,-0.461375,-0.563978,0.454931,
239,2693371546,-9.602378,-0.404654,-0.606472,1.068120,-1.074299,1.861614,-0.511960,-0.461434,-0.563941,0.454913,
240,2693388213,-9.567618,-0.390958,-0.633612,1.221707,-1.194474,1.797301,-0.511959,-0.461492,-0.563888,0.454922,
241,2693404880,-9.615443,-0.418105,-0.597026,0.670137,-0.728873,1.730938,-0.511952,-0.461534,-0.563910,0.454858,
242,2693421547,-9.567709,-0.388085,-0.591919,1.977332,-0.331710,2.174063,-0.511856,-0.461734,-0.563848,0.454841,
243,2693438214,-9.661223,-0.318034,-0.550250,3.293274,-0.843798,2.297325,-0.511721,-0.462009,-0.563651,0.454957,
244,2693454881,-9.561165,-0.244472,-0.601069,1.899995,-0.686702,1.865162,-0.511636,-0.462158,-0.563585,0.454983,
245,2693471548,-9.586131,-0.165868,-0.614677,-0.740578,-1.257404,1.374256,-0.511745,-0.462031,-0.563687,0.454865,
246,2693488215,-9.518674,-0.237590,-0.580418,-2.009022,-1.048750,1.752018,-0.511944,-0.461856,-0.563859,0.454604,
247,2693504882,-9.581453,-0.373300,-0.631333,-2.248181,-1.320796,2.128115,-0.512199,-0.461685,-0.563995,0.454321,
248,2693521549,-9.588968,-0.498341,-0.593048,-2.310624,-1.061992,2.153023,-0.512444,-0.461523,-0.564157,0.454009,
249,2693538216,-9.601439,-0.514732,-0.615372,-0.704196,-0.731947,2.321823,-0.512569,-0.461511,-0.564230,0.453788,
250,2693554883,-9.615949,-0.483558,-0.652996,0.559439,-1.518897,2.327048,-0.512674,-0.461542,-0.564161,0.453725,
251,2693571550,-9.521428,-0.456003,-0.700333,2.843016,-2.344343,2.334489,-0.512694,-0.461688,-0.563880,0.453902,
252,2693588217,-9.577024,-0.376189,-0.591287,2.822526,-1.525774,2.194554,-0.512640,-0.461875,-0.563671,0.454033,
253,2693604884,-9.585523,-0.320548,-0.592345,0.239178,-1.309565,1.605769,-0.512698,-0.461841,-0.563684,0.453987,
254,2693621551,-9.548600,-0.294553,-0.603156,-0.757982,-1.553820,1.315820,-0.512831,-0.461684,-0.563770,0.453889,
255,2693638218,-9.548671,-0.230779,-0.657060,0.017756,-0.505659,1.339025,-0.512825,-0.461659,-0.563879,0.453785,
256,2693654885,-9.596827,-0.293836,-0.637450,-1.285437,-0.974051,1.339563,-0.512944,-0.461507,-0.564039,0.453607,
257,2693671552,-9.608225,-0.383564,-0.640776,-2.095695,-1.648907,1.079620,-0.513156,-0.461228,-0.564220,0.453426,
258,2693688219,-9.583546,-0.461041,-0.614973,-1.404844,-2.204216,1.236946,-0.513378,-0.460975,-0.564304,0.453326,
259,2693704886,-9.541932,-0.425282,-0.696008,-0.639882,-1.936884,1.463529,-0.513544,-0.460815,-0.564344,0.453253,
260,2693721553,-9.572118,-0.324289,-0.600106,1.304986,-1.346434,1.839408,-0.513554,-0.460870,-0.564273,0.453273,
261,2693738220,-9.585670,-0.265651,-0.630144,1.513986,-1.282120,1.872551,-0.513549,-0.460946,-0.564193,0.453301,
262,2693754887,-9.581668,-0.270731,-0.595864,-0.307852,-1.617634,2.049445,-0.513704,-0.460880,-0.564194,0.453191,
263,2693771554,-9.563207,-0.377716,-0.618348,-0.838726,-1.646282,2.248814,-0.513910,-0.460788,-0.564216,0.453024,
264,2693788221,-9.583906,-0.419311,-0.601294,0.314543,-1.012611,2.618700,-0.514008,-0.460859,-0.564180,0.452885,
265,2693804888,-9.567539,-0.449364,-0.620481,1.007738,-1.548621,2.651164,-0.514110,-0.460944,-0.564060,0.452832,
266,2693821555,-9.602287,-0.403406,-0.596565,1.479819,-1.664057,2.470069,-0.514176,-0.461043,-0.563912,0.452840,
267,2693838222,-9.605452,-0.287381,-0.557483,1.747561,-1.436847,2.095958,-0.514181,-0.461148,-0.563788,0.452884,
268,2693854889,-9.550455,-0.307916,-0.550043,0.946165,-1.348944,1.793856,-0.514211,-0.461174,-0.563743,0.452878,
269,2693871556,-9.565780,-0.315806,-0.617849,0.689231,-1.311550,1.839395,-0.514262,-0.461184,-0.563717,0.452844,
270,2693888223,-9.616612,-0.342074,-0.526496,1.279668,-0.941228,2.045590,-0.514253,-0.461282,-0.563663,0.452820,
271,2693904890,-9.622125,-0.283945,-0.519636,1.821364,-1.243689,2.299899,-0.514250,-0.461422,-0.563534,0.452842,
272,2693921557,-9.555081,-0.287210,-0.587135,1.502755,-1.072122,2.213789,-0.514247,-0.461543,-0.563444,0.452834,
273,2693938224,-9.584713,-0.262116,-0.556370,1.339154,-1.026365,2.251644,-0.514257,-0.461654,-0.563369,0.452802,
274,2693954891,-9.564404,-0.319757,-0.550537,1.674373,-1.792799,2.054977,-0.514289,-0.461731,-0.563221,0.452871,
275,2693971558,-9.605618,-0.341300,-0.554558,1.016049,-1.546649,1.465821,-0.514309,-0.461724,-0.563177,0.452911,
276,2693988225,-9.637234,-0.326922,-0.560591,-0.005225,-1.514684,0.956103,-0.514363,-0.461598,-0.563239,0.452901,
277,2694004892,-9.601223,-0.247881,-0.541208,1.775363,-1.522867,1.116797,-0.514307,-0.461619,-0.563172,0.453026,
278,2694021559,-9.553526,-0.164352,-0.571554,2.066375,-1.479697,1.171032,-0.514243,-0.461656,-0.563095,0.453157,
279,2694038226,-9.575159,-0.169416,-0.565110,1.307906,-1.103562,0.918798,-0.514178,-0.461646,-0.563109,0.453224,
280,2694054893,-9.623961,-0.204446,-0.540191,0.738894,-1.584402,0.303120,-0.514141,-0.461522,-0.563158,0.453331,
281,2694071560,-9.691339,-0.089628,-0.567791,0.060491,-2.826989,-1.205692,-0.514151,-0.461143,-0.563258,0.453581,
282,2694088227,-9.652634,0.112768,-0.509004,-0.839149,-3.606243,-2.552511,-0.514205,-0.460523,-0.563459,0.453900,
283,2694104894,-9.604981,0.207507,-0.403902,-3.967741,-3.581847,-4.066260,-0.514354,-0.459563,-0.563955,0.454088,
284,2694121561,-9.635031,0.063658,-0.507458,-8.163807,-3.985760,-6.214693,-0.514682,-0.458074,-0.564850,0.454108,
285,2694138228,-9.750624,-0.057116,-0.424477,-11.340673,-6.326241,-10.217442,-0.515145,-0.455864,-0.566042,0.454323,
286,2694154895,-9.683694,-0.208005,-0.356482,-11.350168,-7.051621,-14.436156,-0.515393,-0.453246,-0.567461,0.454890,
287,2694171562,-9.505348,-0.418890,-0.412933,-12.738166,-5.330986,-18.176394,-0.515328,-0.450336,-0.569333,0.455515,
288,2694188229,-9.483839,-0.676768,-0.538917,-11.450770,-4.520446,-21.907164,-0.514859,-0.447259,-0.571418,0.456465,
289,2694204896,-9.482080,-0.732085,-0.562562,-8.848981,-3.282853,-25.249029,-0.513888,-0.444172,-0.573633,0.457793,
290,2694221563,-9.321256,-0.728599,-0.648463,-1.741898,-3.755510,-26.494421,-0.512407,-0.441474,-0.575410,0.459830,
291,2694238230,-9.219743,-0.867601,-0.574380,13.076163,-3.924326,-26.678183,-0.509966,-0.439845,-0.576184,0.463122,
292,2694254897,-9.180783,-1.015972,-0.366215,29.437845,-4.565658,-28.767220,-0.506378,-0.439198,-0.575926,0.467969,
293,2694271564,-9.186237,-1.265771,-0.250766,36.281879,-10.197673,-34.018188,-0.502443,-0.438213,-0.575096,0.474114,
294,2694288231,-8.909347,-1.664024,-0.419415,45.727577,-9.135405,-40.829102,-0.497314,-0.437391,-0.574088,0.481447,
295,2694304898,-8.722559,-1.995584,-0.222081,57.044113,-6.249517,-46.505264,-0.490776,-0.437072,-0.572799,0.489905,
296,2694321565,-8.584546,-1.907888,-0.157522,64.885895,-3.834804,-53.444218,-0.482980,-0.436849,-0.571490,0.499291,
297,2694338232,-8.949635,-1.897587,-0.194911,40.222305,-7.508516,-63.985512,-0.476224,-0.433690,-0.572304,0.507534,
298,2694354899,-8.983681,-2.223248,0.233576,40.003460,-9.283628,-77.784409,-0.468541,-0.429174,-0.573799,0.516752,
299,2694371566,-8.631058,-2.423981,-0.123876,44.405308,-2.420205,-90.607666,-0.458957,-0.424320,-0.576121,0.526683,
300,2694388233,-8.997746,-1.765926,-0.598926,65.048874,-14.309925,-85.914635,-0.449347,-0.420227,-0.575642,0.538640,
301,2694404900,-8.133155,-1.198135,0.203681,68.465157,-25.005091,-79.673508,-0.440800,-0.415936,-0.573671,0.550993,
302,2694421567,-8.361359,-0.840508,1.101554,59.100357,-17.005236,-75.627090,-0.432376,-0.411930,-0.572589,0.561699,
303,2694438234,-8.010180,-0.139819,0.740364,28.555183,-13.004713,-72.713188,-0.425615,-0.406503,-0.573983,0.569342,
304,2694454901,-8.849525,-1.096443,1.147164,-2.317532,-8.120043,-72.749825,-0.420214,-0.399515,-0.578165,0.574050,
305,2694471568,-8.379696,-3.206250,1.149487,-27.989105,-21.026588,-80.630463,-0.416672,-0.389161,-0.584076,0.577748,
306,2694488235,-8.374504,-4.514813,0.326227,-21.720854,-28.319082,-90.269508,-0.412507,-0.377682,-0.589456,0.582868,
307,2694504902,-8.704309,-4.704242,0.570032,-2.130221,-37.546654,-93.567230,-0.407691,-0.366234,-0.592677,0.590249,
308,2694521569,-8.001085,-3.952608,1.224592,5.355067,-36.079521,-93.156754,-0.402296,-0.355311,-0.595192,0.598045,
309,2694538236,-7.370872,-3.752545,1.109880,-15.258974,-29.746393,-92.092819,-0.397425,-0.343750,-0.599690,0.603540,
310,2694554903,-6.435015,-3.542429,-0.076825,-19.552324,-23.507576,-89.394814,-0.392382,-0.332655,-0.604670,0.608071,
311,2694571570,-7.180681,-3.788847,-0.444611,-14.593637,-33.088306,-84.018333,-0.388343,-0.321406,-0.608292,0.613081,
312,2694588237,-7.174500,-4.346987,0.409190,-10.508331,-28.065136,-88.599579,-0.383188,-0.310370,-0.611934,0.618363,
313,2694604904,-7.750136,-4.840459,-0.058839,-8.399183,-23.618437,-91.682594,-0.377191,-0.299518,-0.615656,0.623685,
314,2694621571,-8.233705,-5.243053,0.868553,-6.499020,-20.811455,-92.450745,-0.370717,-0.288897,-0.619272,0.628974,
315,2694638238,-7.609392,-5.490487,-0.899859,-17.636984,-21.926344,-97.504875,-0.364271,-0.277059,-0.623929,0.633448,
316,2694654905,-7.624599,-5.442109,-0.316726,-12.418140,-20.968443,-94.012398,-0.357772,-0.265842,-0.627882,0.638037,
317,2694671572,-7.591423,-4.826746,-0.005032,2.011997,-17.039682,-92.109497,-0.350462,-0.255862,-0.630503,0.643565,
318,2694688239,-7.627351,-4.710152,0.428379,-2.540657,-2.965176,-95.634804,-0.341632,-0.246594,-0.634276,0.648207,
319,2694704906,-7.592009,-6.062177,0.075451,-6.006393,-2.275645,-94.600494,-0.332893,-0.237266,-0.638247,0.652325,
320,2694721573,-8.267937,-6.224767,1.119710,4.695066,-5.240973,-94.848000,-0.323971,-0.228106,-0.640942,0.657421,
321,2694738240,-8.018535,-6.270618,0.085436,-2.307720,-8.831013,-98.616707,-0.315189,-0.217874,-0.644132,0.662027,
322,2694754907,-7.855949,-6.540254,0.506412,19.023321,-15.069556,-98.208275,-0.306287,-0.208010,-0.644828,0.668667,
323,2694771574,-7.248347,-6.983133,1.069447,28.221117,-21.417484,-94.785362,-0.297968,-0.198214,-0.644102,0.676061,
324,2694788241,-6.303967,-6.477219,1.812860,20.961233,-24.291626,-95.680061,-0.289973,-0.187694,-0.643849,0.682748,
325,2694804908,-5.363742,-6.705416,1.505148,7.032342,-24.671600,-95.154808,-0.282384,-0.176556,-0.644810,0.687972,
326,2694821575,-6.325448,-7.147245,1.048747,9.506135,-28.941025,-96.964355,-0.274890,-0.164885,-0.645256,0.693464,
327,2694838242,-5.698738,-7.772577,1.010373,3.746031,-28.048853,-99.976791,-0.267084,-0.152755,-0.646243,0.698356,
328,2694854909,-4.914999,-8.510366,1.233284,10.197227,-32.453548,-99.214317,-0.259565,-0.140465,-0.646235,0.703758,
329,2694871576,-4.016290,-8.573183,1.276877,27.801659,-36.469093,-98.324814,-0.252091,-0.128477,-0.644097,0.710691,
330,2694888243,-2.583859,-8.627494,0.687064,16.864202,-32.223923,-95.014603,-0.244705,-0.116806,-0.643031,0.716231,
331,2694904910,-3.538419,-8.840866,1.085551,11.510928,-26.165516,-89.237297,-0.237394,-0.106090,-0.642508,0.720814,
332,2694921577,-3.606790,-9.053172,1.187788,18.137951,-23.723154,-88.472633,-0.229788,-0.095911,-0.641241,0.725815,
333,2694938244,-3.959597,-9.305572,1.417629,17.855732,-26.565119,-87.810799,-0.222477,-0.085467,-0.639780,0.730671,
334,2694954911,-3.780241,-9.529224,1.460823,21.685083,-33.726101,-83.926872,-0.216157,-0.074731,-0.637511,0.735711,
335,2694971578,-3.581619,-9.583283,2.052001,14.986808,-28.680166,-81.089691,-0.209706,-0.064573,-0.635976,0.739857,
336,2694988245,-3.505714,-9.811546,2.243627,-0.629434,-22.638462,-77.793434,-0.203166,-0.054884,-0.636176,0.742287,
337,2695004912,-3.681689,-9.985488,2.232951,2.240266,-27.558470,-70.366768,-0.197833,-0.045429,-0.635778,0.744704,
338,2695021579,-4.269757,-11.235214,1.654422,7.982583,-29.075409,-66.045303,-0.193047,-0.036369,-0.634609,0.747449,
339,2695038246,-3.539772,-11.224730,2.047876,25.791456,-34.427723,-60.648323,-0.189225,-0.027721,-0.631252,0.751628,
340,2695054913,-2.015385,-11.022547,2.052424,31.618530,-26.906261,-52.803844,-0.185527,-0.020772,-0.627366,0.756016,
341,2695071580,-1.762870,-10.853228,1.814781,15.532217,-16.628496,-46.260410,-0.181644,-0.015115,-0.625458,0.758669,
342,2695088247,-1.608342,-11.012065,2.189928,9.668899,-13.263080,-38.683434,-0.178295,-0.010364,-0.624239,0.760545,
343,2695104914,-1.536476,-11.464594,2.267280,9.271229,-10.238016,-32.170792,-0.175387,-0.006527,-0.623112,0.762186,
344,2695121581,-1.398441,-11.189733,2.662640,7.289118,-5.115023,-25.644129,-0.172735,-0.003799,-0.622315,0.763460,
345,2695138248,-1.239507,-10.963391,2.490988,3.104717,1.568415,-18.558702,-0.170266,-0.002349,-0.622139,0.764164,
346,2695154915,-1.557488,-11.126680,2.445277,2.027675,1.859655,-9.217834,-0.168808,-0.001751,-0.622084,0.764534,
347,2695171582,-1.306687,-11.424022,2.916584,-1.307721,6.045155,-1.126997,-0.167872,-0.002267,-0.622498,0.764401,
348,2695188249,-1.147733,-11.501679,2.869190,-1.887542,10.024861,7.883241,-0.167577,-0.004029,-0.623070,0.763993,
349,2695204916,-1.175600,-11.330284,2.966103,2.831558,10.419101,16.249277,-0.168172,-0.006706,-0.623119,0.763803,
350,2695221583,-1.344744,-11.053272,2.744233,7.698155,8.770856,25.174427,-0.169901,-0.010129,-0.622571,0.763830,
351,2695238250,-1.566790,-10.398806,3.148238,6.982035,7.928839,34.734715,-0.172766,-0.014306,-0.622055,0.763541,
352,2695254917,-1.428935,-10.570878,2.825190,-3.296991,12.895484,41.230141,-0.175919,-0.019363,-0.622771,0.762124,
353,2695271584,-1.691778,-10.793003,2.687002,-6.972966,13.301249,47.912956,-0.179778,-0.024976,-0.623859,0.760168,
354,2695288251,-1.468425,-10.783208,2.645093,-10.086451,15.390972,54.394676,-0.184165,-0.031325,-0.625285,0.757707,
355,2695304918,-1.637843,-10.337626,2.506217,-11.935133,18.483521,61.396980,-0.189037,-0.038599,-0.626918,0.754817,
356,2695321585,-1.945734,-10.350529,2.267935,-14.506945,19.669210,68.543571,-0.194580,-0.046581,-0.628763,0.751416,
357,2695338252,-2.284446,-10.642679,2.034504,-15.266412,19.899357,74.764450,-0.200765,-0.055129,-0.630581,0.747678,
358,2695354919,-2.396958,-9.910344,2.057604,-14.798843,20.917480,80.821304,-0.207483,-0.064350,-0.632241,0.743694,
359,2695371586,-2.988208,-9.729140,2.029747,-24.420362,25.526667,85.153671,-0.214302,-0.074166,-0.634938,0.738530,
360,2695388253,-3.579659,-9.324556,1.776090,-28.135889,28.374884,90.281097,-0.221407,-0.084631,-0.637947,0.732693,
361,2695404920,-4.216290,-9.554950,1.615872,-29.236038,26.937342,94.750893,-0.229088,-0.095303,-0.640838,0.726473,
362,2695421587,-4.462795,-9.666434,1.624993,-24.291096,24.483946,97.566162,-0.237177,-0.106124,-0.642943,0.720492,
363,2695438254,-4.487914,-9.290156,1.318399,-19.273941,25.530146,100.377907,-0.245332,-0.117467,-0.644369,0.714704,
364,2695454921,-4.696342,-8.556152,1.104133,-20.284777,25.984560,103.111710,-0.253686,-0.129048,-0.645716,0.708547,
365,2695471588,-5.121675,-8.139652,1.082833,-22.065252,25.532320,105.183586,-0.262264,-0.140675,-0.647033,0.701980,
366,2695488255,-5.687310,-8.294770,0.860720,-21.823944,25.952631,106.699509,-0.270884,-0.152462,-0.648143,0.695189,
367,2695504922,-6.266617,-8.030487,0.730629,-19.916685,25.443401,107.846069,-0.279557,-0.164342,-0.648844,0.688361,
368,2695521589,-6.988272,-7.680062,0.219434,-18.149014,23.493479,109.073997,-0.288422,-0.176172,-0.649088,0.681513,
369,2695538256,-7.319838,-6.969397,0.408916,-12.803302,22.189310,110.267326,-0.297315,-0.188164,-0.648544,0.674972,
370,2695554923,-7.336998,-6.494504,0.105220,-11.278881,22.821386,110.272606,-0.306026,-0.200233,-0.647706,0.668379,
371,2695571590,-7.242478,-6.147453,0.343561,-9.502347,19.082298,109.980522,-0.314928,-0.211936,-0.646368,0.661899,
372,2695588257,-6.898463,-6.065222,0.226294,-21.271376,22.939241,108.400475,-0.323597,-0.223269,-0.646218,0.654093,
373,2695604924,-7.080036,-5.946234,0.271268,-17.266102,21.124569,110.391022,-0.332411,-0.234747,-0.645364,0.646453,
374,2695621591,-7.234118,-6.066336,0.142633,-13.513252,16.871523,113.093437,-0.341660,-0.246196,-0.643684,0.639004,
375,2695638258,-7.305192,-5.818564,0.383482,-6.463220,18.967857,116.100510,-0.350643,-0.258403,-0.641164,0.631811,
376,2695654925,-7.469626,-5.401668,0.467546,-5.196529,21.229076,117.772720,-0.359418,-0.270962,-0.638393,0.624381,
377,2695671592,-7.044979,-4.952575,-0.072347,-5.190765,18.791458,118.281815,-0.368360,-0.283267,-0.635283,0.616835,
378,2695688259,-6.766478,-4.640339,-0.201138,-0.938701,15.402822,117.314758,-0.377244,-0.295323,-0.631463,0.609692,
379,2695704926,-6.353846,-4.096558,0.167275,1.181781,21.289917,113.898994,-0.385087,-0.307621,-0.627745,0.602505,
380,2695721593,-6.841413,-3.954843,0.637338,6.138530,19.590279,110.649994,-0.392475,-0.319667,-0.623474,0.595865,
381,2695738260,-7.132358,-3.770298,0.284598,6.907778,19.905626,108.213142,-0.399487,-0.331482,-0.619107,0.589267,
382,2695754927,-7.228913,-3.560746,-0.619115,-0.125059,16.071449,105.979172,-0.406893,-0.342278,-0.615076,0.582207,
383,2695771594,-7.389211,-3.033173,-0.241263,-25.066730,20.714151,99.327225,-0.414469,-0.351316,-0.613620,0.572942,
384,2695788261,-7.720136,-2.937059,0.113058,-15.767631,19.027983,98.045738,-0.421522,-0.360582,-0.611219,0.564545,
385,2695804928,-8.011953,-2.374610,0.071036,-4.266241,10.841637,95.066513,-0.428370,-0.369545,-0.607405,0.557669,
386,2695821595,-7.854461,-1.961611,-0.204372,-21.532814,13.810617,88.242439,-0.435253,-0.377002,-0.605433,0.549432,
387,2695838262,-7.887047,-2.148087,-0.823506,-51.857895,13.342888,81.335083,-0.443206,-0.381824,-0.606120,0.538885,
388,2695854929,-8.020934,-3.035570,-0.083040,-69.256447,24.596312,78.865547,-0.450842,-0.386104,-0.608899,0.526219,
389,2695871596,-8.683575,-2.953944,-0.462957,-58.171833,21.630796,80.426003,-0.458133,-0.390933,-0.610408,0.514478,
390,2695888263,-8.604228,-3.195415,-1.596011,-13.070097,3.812847,88.883713,-0.464987,-0.398109,-0.606757,0.507091,
391,2695904930,-8.320062,-3.274188,-0.843453,18.653898,13.468688,91.702980,-0.469278,-0.408323,-0.601150,0.501667,
392,2695921597,-8.759023,-2.341792,0.250754,20.351492,13.709908,85.501953,-0.472913,-0.418057,-0.595700,0.496712,
393,2695938264,-8.915755,-1.153376,0.357007,20.342520,16.147171,80.317886,-0.475891,-0.427453,-0.590641,0.491888,
394,2695954931,-9.427948,-0.052133,0.864908,22.905239,0.559734,77.291634,-0.479766,-0.435592,-0.584426,0.488395,
395,2695971598,-8.867960,0.364952,1.302221,-8.405032,0.959580,75.993866,-0.485437,-0.441409,-0.580472,0.482245,
396,2695988265,-8.786169,-0.149977,0.221839,-22.482071,-3.597266,75.263695,-0.492287,-0.445797,-0.577159,0.475191,
397,2696004932,-8.692630,-1.059306,-0.608691,-34.865108,-1.732592,65.763992,-0.499066,-0.448576,-0.575381,0.467598,
398,2696021599,-8.987958,-2.921020,-1.369143,-27.292044,1.054430,51.651505,-0.504113,-0.450872,-0.574158,0.461439,
399,2696038266,-9.569304,-4.066226,-0.444350,-11.448937,-2.545862,32.589420,-0.507118,-0.452474,-0.572832,0.458216,
400,2696054933,-10.427520,-3.769098,-0.038780,-6.408707,1.184248,3.356705,-0.507526,-0.452256,-0.573361,0.457318,
401,2696071600,-10.477166,-1.773879,-0.063464,-1.808785,3.405771,-20.970522,-0.505825,-0.450493,-0.575344,0.458449,
402,2696088267,-9.335993,1.001689,-0.157760,-9.927717,-1.205850,-27.680433,-0.504587,-0.447257,-0.577960,0.459690,
403,2696104934,-8.948180,2.235994,-0.662055,-31.336454,-5.290394,-21.147821,-0.505507,-0.442713,-0.581268,0.458905,
404,2696121601,-9.670028,1.554508,-0.616685,-47.258553,-2.524089,-12.498577,-0.507774,-0.437896,-0.585260,0.455941,
405,2696138268,-9.854667,-0.396591,-0.874496,-36.195354,-4.233696,-2.288211,-0.510137,-0.434632,-0.587719,0.453256,
406,2696154935,-9.481316,-1.651891,-0.799864,-10.893626,-2.564806,8.470325,-0.511459,-0.434268,-0.587943,0.451822,
407,2696171602,-9.349749,-1.482745,-0.840046,17.594746,0.121360,13.790394,-0.511098,-0.436652,-0.586156,0.452255,
408,2696188269,-9.589332,-0.695511,-0.682197,31.036991,2.543563,15.194586,-0.509762,-0.440308,-0.583564,0.453568,
409,2696204936,-9.726099,0.047924,-0.387650,26.664843,0.703961,13.362603,-0.508729,-0.443353,-0.581231,0.454755,
410,2696221603,-9.651130,0.224459,-0.328654,12.912724,-0.832644,7.765718,-0.508338,-0.444801,-0.580048,0.455289,
411,2696238270,-9.664589,0.421931,-0.279435,-8.295931,0.250268,-0.918958,-0.508651,-0.444019,-0.580910,0.454603,
412,2696254937,-9.672219,0.173003,-0.188271,-27.206797,-0.952718,-8.095723,-0.509808,-0.441148,-0.583391,0.452923,
413,2696271604,-9.449072,-0.569060,-0.884233,-37.761211,-3.207790,-9.758273,-0.511710,-0.437192,-0.586490,0.450604,
414,2696288271,-9.214075,-1.368759,-1.052720,-30.433743,-0.712368,-7.663590,-0.513057,-0.434113,-0.589145,0.448582,
415,2696304938,-9.530191,-1.807503,-0.946282,-16.748417,0.092135,-5.744435,-0.513588,-0.432266,-0.590837,0.447532,
416,2696321605,-9.493721,-1.715761,-0.922848,-1.422875,0.369636,-2.386771,-0.513348,-0.431866,-0.591340,0.447529,
417,2696338272,-9.391786,-1.665450,-0.941961,14.070070,0.403496,1.422076,-0.512378,-0.432953,-0.590596,0.448572,
418,2696354939,-9.580069,-1.116973,-0.580276,18.586155,0.619117,3.087685,-0.511211,-0.434531,-0.589465,0.449862,
419,2696371606,-9.666994,-0.548278,-0.440874,15.388079,1.508634,2.253362,-0.510113,-0.435856,-0.588660,0.450882,
420,2696388273,-9.668423,-0.362063,-0.400824,5.563598,0.245415,-0.072881,-0.509591,-0.436168,-0.588551,0.451312,
421,2696404940,-9.606888,-0.415183,-0.403254,-4.926501,-0.152652,-1.953378,-0.509646,-0.435515,-0.589219,0.451008,
422,2696421607,-9.607320,-0.863310,-0.666610,-14.797185,-1.168683,-3.538551,-0.510307,-0.433927,-0.590558,0.450038,
423,2696438274,-9.485402,-1.377030,-0.968044,-18.956921,-1.330825,-5.738725,-0.511097,-0.431827,-0.592292,0.448882,
424,2696454941,-9.376067,-1.684801,-1.048044,-18.707054,-3.037824,-6.709422,-0.511950,-0.429547,-0.593938,0.447922,
425,2696471608,-9.331075,-1.889244,-0.968752,-7.488106,0.649250,-5.644401,-0.511849,-0.428432,-0.595058,0.447618,
426,2696488275,-9.474145,-1.523191,-0.901780,4.974890,1.207978,-3.164590,-0.511085,-0.428495,-0.595252,0.448174,
427,2696504942,-9.600049,-1.189828,-0.795366,18.021852,0.956578,-0.958595,-0.509670,-0.429700,-0.594437,0.449709,
428,2696521609,-9.517615,-0.654415,-0.775764,25.349260,0.803914,1.038796,-0.507936,-0.431606,-0.593002,0.451735,
429,2696538276,-9.715034,-0.279410,-0.481646,18.591352,1.256554,-0.343083,-0.506492,-0.432921,-0.592125,0.453247,
430,2696554943,-9.733458,-0.028591,-0.630808,10.127362,-0.604883,-3.407336,-0.505537,-0.433223,-0.591859,0.454371,
431,2696571610,-9.608020,0.273805,-0.641649,2.591602,-2.898449,-5.649855,-0.505105,-0.432625,-0.592063,0.455155,
432,2696588277,-9.541051,0.065399,-0.635446,-3.912162,-4.220398,-7.181637,-0.505094,-0.431330,-0.592694,0.455574,
433,2696604944,-9.529073,-0.419343,-0.690596,-9.650246,-4.952860,-10.185204,-0.505306,-0.429305,-0.593839,0.455762,
434,2696621611,-9.487617,-1.018903,-0.648132,-10.556746,-4.002168,-14.345049,-0.505213,-0.426914,-0.595368,0.456115,
435,2696638278,-9.555490,-1.448380,-0.764630,-15.035408,-4.068715,-20.708031,-0.504976,-0.423633,-0.597578,0.456546,
436,2696654945,-9.386281,-1.675109,-1.202404,-16.486681,-3.343583,-26.486759,-0.504371,-0.419783,-0.600282,0.457223,
437,2696671612,-9.335727,-1.338645,-0.953973,-8.490587,-2.787901,-30.112133,-0.502977,-0.416230,-0.602703,0.458819,
438,2696688279,-8.992519,-1.326290,-1.070094,1.282502,-2.510770,-29.732214,-0.500982,-0.413436,-0.604455,0.461216,
439,2696704946,-9.167615,-1.494267,-1.181427,6.036046,-8.990553,-30.780907,-0.499190,-0.410453,-0.605466,0.464487,
440,2696721613,-9.050109,-2.039725,-0.681089,18.884262,-8.667309,-33.147549,-0.496428,-0.408204,-0.605756,0.469029,
441,2696738280,-9.346727,-2.463936,0.172793,36.344501,-4.940519,-36.319393,-0.492062,-0.407172,-0.605285,0.475096,
442,2696754947,-9.327183,-2.519864,-0.354743,27.487007,0.178362,-46.608284,-0.487028,-0.404927,-0.606366,0.480788,
443,2696771614,-9.254081,-2.976341,-1.703285,40.406940,-9.765299,-51.465927,-0.481732,-0.402443,-0.606078,0.488512,
444,2696788281,-9.073239,-1.489072,0.430786,68.244232,-17.454319,-51.347294,-0.475430,-0.401321,-0.603189,0.499069,
445,2696804948,-8.768888,-1.252285,0.901166,62.601833,-11.730894,-54.452988,-0.468659,-0.399891,-0.601192,0.508933,
446,2696821615,-8.876424,-1.006185,-0.404949,24.800100,-4.589692,-63.163097,-0.462759,-0.395603,-0.602911,0.515607,
447,2696838282,-8.481251,-1.869000,-0.640972,28.440773,-10.348973,-67.727470,-0.456762,-0.390683,-0.604165,0.523181,
448,2696854949,-8.079350,-2.454369,0.160895,7.004487,-11.197585,-70.031563,-0.451830,-0.384028,-0.607056,0.529013,
449,2696871616,-8.370376,-2.738620,0.450066,-0.223143,-22.867435,-73.784859,-0.447988,-0.375622,-0.609873,0.535042,
450,2696888283,-8.136764,-3.202893,0.844428,10.627748,-13.411271,-73.436630,-0.442685,-0.368642,-0.612364,0.541426,
451,2696904950,-8.626945,-3.290885,1.048086,18.339464,-21.387939,-75.628937,-0.437448,-0.361287,-0.613772,0.548994,
452,2696921617,-8.838097,-3.616869,-0.200277,5.154123,-38.434147,-77.865921,-0.434180,-0.351476,-0.615172,0.556340,
453,2696938284,-7.972500,-4.518713,-0.855829,22.970701,-38.094391,-73.549210,-0.430251,-0.343147,-0.614833,0.564902,
454,2696954951,-7.816592,-4.236185,0.611370,35.469967,-30.097134,-78.623405,-0.424493,-0.335747,-0.614117,0.574403,
455,2696971618,-7.298411,-3.968422,-0.089924,21.131107,-34.631836,-83.244095,-0.419378,-0.326609,-0.614433,0.583027,
456,2696988285,-6.768903,-3.967371,0.046756,11.780727,-12.591588,-83.365265,-0.412655,-0.318704,-0.616787,0.589675,
457,2697004952,-7.646152,-4.285158,-0.812432,39.774902,-28.794172,-78.379135,-0.406446,-0.311482,-0.615432,0.599186,
458,2697021619,-7.211212,-4.984558,0.554168,26.972057,-37.932201,-76.569344,-0.401720,-0.302814,-0.614461,0.607752,
459,2697038286,-7.239681,-4.693864,0.445049,8.085855,-28.511023,-83.986359,-0.396259,-0.293160,-0.615931,0.614544,
460,2697054953,-7.102562,-4.709747,-0.102249,6.675301,-23.765610,-86.197662,-0.390168,-0.283600,-0.617788,0.621029,
461,2697071620,-7.710366,-4.938354,0.398028,0.292717,-14.180126,-88.207184,-0.383229,-0.274314,-0.620742,0.626551,
462,2697088287,-7.934103,-5.532382,0.357869,-15.342300,-11.408318,-88.945801,-0.376528,-0.264293,-0.625194,0.630482,
463,2697104954,-7.699137,-5.572612,0.610346,-0.794527,-6.070997,-86.077766,-0.368979,-0.255772,-0.628389,0.635266,
464,2697121621,-7.199789,-5.466311,0.719814,20.962261,-21.165033,-85.235893,-0.362016,-0.247058,-0.628625,0.642446,
465,2697138288,-6.847423,-6.030009,1.032434,24.794155,-16.297234,-85.962440,-0.354340,-0.238892,-0.628673,0.649726,
466,2697154955,-6.697480,-5.748251,-0.002909,15.556522,-20.145876,-89.687294,-0.346919,-0.229502,-0.629410,0.656367,
467,2697171622,-6.804532,-5.288248,1.104320,23.825291,-27.036421,-91.605721,-0.339602,-0.219650,-0.628949,0.663963,
468,2697188289,-6.433826,-5.203052,1.113460,11.017837,-34.125572,-93.145348,-0.333122,-0.208295,-0.629291,0.670548,
469,2697204956,-6.200997,-5.258554,1.778351,-1.161691,-34.734604,-92.838509,-0.327026,-0.196273,-0.630648,0.675880,
470,2697221623,-5.198143,-5.634311,1.008475,-17.757664,-27.163219,-94.193672,-0.320506,-0.184040,-0.633900,0.679393,
471,2697238290,-5.174350,-6.767040,1.250900,-26.297789,-25.129807,-98.071106,-0.313571,-0.171211,-0.638052,0.682092,
472,2697254957,-5.629879,-8.168177,0.045672,-21.702736,-28.335684,-98.540657,-0.306699,-0.158190,-0.641461,0.685156,
473,2697271624,-5.739329,-8.544261,0.633951,-8.958477,-26.045765,-96.837936,-0.299416,-0.146084,-0.643518,0.689125,
474,2697288291,-5.361613,-8.390523,0.905985,7.469581,-20.098421,-94.200508,-0.291431,-0.135508,-0.643995,0.694244,
475,2697304958,-5.203334,-8.442073,1.214467,28.749311,-21.013678,-90.381874,-0.283437,-0.126071,-0.642080,0.701072,
476,2697321625,-5.010876,-7.959113,1.565003,23.419191,-30.363630,-88.906441,-0.276508,-0.115572,-0.640165,0.707372,
477,2697338292,-4.617600,-8.258887,1.909381,8.935749,-27.702019,-84.738960,-0.269951,-0.105131,-0.639658,0.711977,
478,2697354959,-5.234946,-9.045554,1.645392,-2.971784,-23.259968,-86.083000,-0.262976,-0.094539,-0.640468,0.715337,
479,2697371626,-5.225119,-8.969963,1.075422,-3.568927,-23.855103,-81.801811,-0.256470,-0.084248,-0.641151,0.718366,
480,2697388293,-4.854885,-9.566915,1.453115,2.553070,-21.741135,-74.499016,-0.250417,-0.075074,-0.641092,0.721565,
481,2697404960,-4.961983,-10.011785,1.553628,9.561339,-24.226944,-70.289566,-0.244929,-0.066279,-0.640080,0.725199,
482,2697421627,-4.999413,-9.559947,1.985210,33.905235,-29.898621,-67.812950,-0.239964,-0.057974,-0.636189,0.730971,
483,2697438294,-3.485195,-9.624220,2.095539,31.451591,-26.644762,-63.367031,-0.235160,-0.050334,-0.632552,0.736236,
484,2697454961,-4.248805,-9.105294,2.599116,29.338860,-27.304758,-62.400772,-0.230506,-0.042633,-0.629035,0.741191,
485,2697471628,-3.923138,-8.887555,2.590770,36.383801,-34.374073,-61.394165,-0.226535,-0.034492,-0.624437,0.746706,
486,2697488295,-2.472157,-8.554770,2.752509,38.589844,-38.333008,-58.204346,-0.223228,-0.026278,-0.619369,0.752237,
487,2697504962,-2.055259,-8.823338,2.877708,21.858498,-30.959728,-56.407444,-0.219492,-0.018487,-0.616291,0.756086,
488,2697521629,-1.959215,-9.082878,2.476665,12.673095,-27.666876,-56.140766,-0.215493,-0.010787,-0.614271,0.759024,
489,2697538296,-2.238893,-9.365472,2.573254,6.678148,-27.980314,-55.571476,-0.211575,-0.002913,-0.612848,0.761344,
490,2697554963,-2.350982,-9.648774,2.532715,-3.663047,-21.223951,-55.944492,-0.207001,0.004566,-0.612729,0.762688,
491,2697571630,-2.247590,-9.789845,2.575396,-3.957134,-21.751972,-55.401310,-0.202519,0.012061,-0.612578,0.763929,
492,2697588297,-1.689628,-10.213219,2.570634,1.838776,-20.527416,-52.915024,-0.198199,0.019026,-0.611779,0.765560,
493,2697604964,-1.423906,-10.538250,2.845412,4.979456,-18.568945,-47.652042,-0.194288,0.025213,-0.610661,0.767274,
494,2697621631,-1.368695,-10.748105,2.729305,3.826202,-18.086033,-43.095070,-0.190828,0.030972,-0.609670,0.768718,
495,2697638298,-1.572613,-10.382801,2.981996,6.583115,-19.946148,-37.346851,-0.188180,0.036351,-0.608319,0.770205,
496,2697654965,-1.665376,-10.443621,3.173334,-2.866420,-11.252044,-34.329266,-0.185043,0.040747,-0.608258,0.770792,
497,2697671632,-1.622581,-10.054361,3.060870,-3.230963,-12.996477,-27.217730,-0.182852,0.044718,-0.608219,0.771126,
498,2697688299,-1.278362,-10.823156,2.826882,-0.557334,-14.721698,-24.376366,-0.181146,0.048560,-0.607840,0.771594,
499,2697704966,-0.664287,-11.056654,2.857026,5.974284,-14.823037,-19.418888,-0.180048,0.051801,-0.606751,0.772497,
500,2697721633,-0.463845,-11.406991,2.667537,1.493907,-12.976790,-11.651921,-0.179625,0.054267,-0.606266,0.772807,
501,2697738300,-0.792787,-11.124598,2.836151,-3.529674,-4.438784,-3.228328,-0.179355,0.055161,-0.606633,0.772518,
502,2697754967,-0.839900,-11.284892,2.753484,-6.265187,1.844889,2.976356,-0.179206,0.054872,-0.607521,0.771876,
503,2697771634,-0.632908,-11.071176,3.002192,-1.584646,4.789315,11.655085,-0.179808,0.053364,-0.608028,0.771442,
504,2697788301,-0.803279,-11.664361,2.631579,-3.098757,9.236587,18.128380,-0.180730,0.050824,-0.608867,0.770736,
505,2697804968,-0.898013,-11.596516,2.965345,1.697019,12.412072,26.474585,-0.182340,0.047062,-0.609307,0.770248,
506,2697821635,-0.880014,-11.000852,2.992225,1.648307,13.574064,35.898991,-0.184898,0.042335,-0.609832,0.769496,
507,2697838302,-1.262588,-10.470156,3.412133,-1.847304,17.109756,43.485825,-0.187963,0.036632,-0.610869,0.768223,
508,2697854969,-1.527787,-10.778481,2.971926,-9.758758,19.613632,49.643784,-0.191441,0.030317,-0.612858,0.766052,
509,2697871636,-1.807098,-10.720288,2.945496,-11.703401,21.318834,55.660831,-0.195417,0.023327,-0.615096,0.763495,
510,2697888303,-1.920519,-11.056180,2.589960,-10.645683,20.985346,61.318958,-0.200038,0.015836,-0.617175,0.760808,
511,2697904970,-1.909485,-10.552605,2.546434,-4.713114,18.538418,67.901680,-0.205601,0.007850,-0.618483,0.758383,
512,2697921637,-1.719053,-10.300670,2.169173,-12.408151,24.611567,73.534142,-0.211207,-0.001082,-0.620757,0.755017,
513,2697938304,-2.307622,-10.160610,2.119709,-18.984240,29.606001,78.359184,-0.216862,-0.010796,-0.623818,0.750803,
514,2697954971,-2.847323,-10.007936,1.935740,-19.031672,29.066479,82.805138,-0.223017,-0.020850,-0.626760,0.746324,
515,2697971638,-3.119246,-9.632800,1.874420,-15.160039,30.841105,86.099121,-0.229318,-0.031520,-0.629221,0.741957,
516,2697988305,-3.778576,-9.414820,1.991265,-12.543863,27.602167,88.882912,-0.236160,-0.042175,-0.631165,0.737618,
517,2698004972,-3.983848,-9.491025,1.999107,-14.515484,28.334364,90.694702,-0.243098,-0.052999,-0.633216,0.732892,
518,2698021639,-4.087049,-9.348547,1.980623,-10.187267,27.514174,91.004501,-0.250065,-0.063908,-0.634654,0.728421,
519,2698038306,-4.014778,-9.238705,1.619308,-16.584229,29.797476,91.237343,-0.256857,-0.074835,-0.636728,0.723188,
520,2698054973,-4.264089,-8.758434,1.574014,-14.079271,28.616043,94.739655,-0.264046,-0.086039,-0.638327,0.717924,
521,2698071640,-4.708116,-8.102621,1.678257,-13.122821,28.863443,99.076157,-0.271592,-0.097684,-0.639645,0.712425,
522,2698088307,-5.336413,-7.544419,1.661882,-14.684019,28.493465,102.028992,-0.279440,-0.109485,-0.640920,0.706504,
523,2698104974,-6.124735,-7.876180,1.554665,-19.334255,26.779564,102.740639,-0.287530,-0.120964,-0.642437,0.699978,
524,2698121641,-6.367693,-8.208095,1.520063,-12.118668,22.085958,101.431549,-0.295730,-0.132114,-0.642896,0.694100,
525,2698138308,-6.055002,-7.978972,1.373488,-9.822903,22.803982,98.337570,-0.303443,-0.143120,-0.643072,0.688402,
526,2698154975,-5.670314,-7.355080,1.611437,-3.765935,20.991798,100.087975,-0.311308,-0.154342,-0.642387,0.683084,
527,2698171642,-5.624751,-6.761190,1.507212,-9.629049,21.265835,102.924110,-0.319492,-0.165557,-0.642090,0.676931,
528,2698188309,-5.708455,-6.300709,1.340014,-15.590088,19.017372,106.957283,-0.328351,-0.176613,-0.642023,0.669925,
529,2698204976,-6.061623,-6.302258,1.122033,-21.712307,19.893677,109.500389,-0.337449,-0.187655,-0.642363,0.662029,
530,2698221643,-6.486548,-6.640858,0.859995,-24.185652,19.131733,110.241180,-0.346666,-0.198520,-0.642711,0.653708,
531,2698238310,-6.736833,-6.428310,0.706126,-21.967361,18.852657,109.987251,-0.355726,-0.209391,-0.642667,0.645440,
532,2698254977,-7.056814,-5.839482,0.727853,-18.717194,18.416187,109.179176,-0.364557,-0.220259,-0.642150,0.637359,
533,2698271644,-7.095050,-5.534967,0.026995,-25.922220,15.028781,110.981934,-0.374006,-0.230540,-0.641891,0.628447,
534,2698288311,-7.021356,-5.443408,0.250769,-23.232418,12.972577,114.738121,-0.383794,-0.241067,-0.640968,0.619474,
535,2698304978,-6.883807,-5.272876,0.463694,-15.945691,13.680656,116.420097,-0.393303,-0.252151,-0.639184,0.610882,
536,2698321645,-6.896207,-4.953821,-0.146588,-16.900646,13.574195,115.631180,-0.402672,-0.263025,-0.637322,0.602074,
537,2698338312,-7.107820,-5.006966,0.105092,-4.354185,10.347120,118.766663,-0.412018,-0.274566,-0.633868,0.594193,
538,2698354979,-7.235669,-4.576543,0.157968,-5.767339,13.628548,116.454414,-0.420799,-0.286012,-0.630641,0.586017,
539,2698371646,-7.141320,-4.387264,0.468559,1.455374,15.781601,113.300125,-0.428696,-0.297716,-0.626886,0.578445,
540,2698388313,-7.078702,-3.797299,-0.843166,-10.866033,21.810223,109.841492,-0.436172,-0.308763,-0.624526,0.569549,
541,2698404980,-7.424034,-3.388378,-0.060805,7.100674,19.954639,114.833954,-0.443304,-0.321167,-0.620165,0.561897,
542,2698421647,-7.685887,-2.773155,0.747578,3.762546,17.040785,113.317184,-0.450608,-0.332891,-0.615789,0.554021,
543,2698438314,-7.006392,-2.626935,0.243043,-14.477527,17.564121,107.384018,-0.458153,-0.342843,-0.613043,0.544732,
544,2698454981,-7.141263,-2.658324,0.254953,-18.400469,23.511551,101.671371,-0.464800,-0.352414,-0.611141,0.535044,
545,2698471648,-7.305584,-2.747571,-0.427396,-29.841742,18.306910,93.008507,-0.471720,-0.359958,-0.610087,0.525075,
546,2698488315,-7.502894,-2.947961,0.017939,-29.819328,23.765371,91.649452,-0.477954,-0.367727,-0.609352,0.514807,
547,2698504982,-7.873719,-3.073358,0.486606,-36.445259,20.091768,90.262321,-0.484665,-0.374561,-0.608807,0.504140,
548,2698521649,-8.075988,-3.663204,0.249377,-17.636374,16.300486,88.293488,-0.490452,-0.382198,-0.606607,0.495387,
549,2698538316,-8.412082,-4.140027,0.474544,6.455130,16.746460,78.638290,-0.494088,-0.390675,-0.603148,0.489349,
550,2698554983,-8.704662,-3.972503,0.711007,15.817970,15.954923,66.752083,-0.496357,-0.398677,-0.599571,0.484975,
551,2698571650,-9.016228,-3.129776,0.827989,15.958351,8.996310,56.737736,-0.498472,-0.405288,-0.596012,0.481701,
552,2698588317,-9.259908,-1.891134,-0.047557,7.474153,7.889454,44.330009,-0.500286,-0.410108,-0.593666,0.478629,
553,2698604984,-9.690073,-0.618835,-0.241845,14.222923,6.949637,33.668053,-0.501021,-0.414421,-0.591395,0.476954,
554,2698621651,-9.390995,0.332925,0.118975,5.894674,7.185200,30.091103,-0.501975,-0.417821,-0.589923,0.474802,
555,2698638318,-9.528985,0.411304,0.020075,-8.540666,1.987006,25.802664,-0.503951,-0.419439,-0.589317,0.472027,
556,2698654985,-9.865412,-0.079083,0.017709,-26.577784,0.923322,15.741163,-0.506418,-0.418791,-0.590475,0.468502,
557,2698671652,-9.989950,-0.338201,-0.027390,-37.964981,0.921748,6.483178,-0.508933,-0.416494,-0.592958,0.464671,
558,2698688319,-9.589569,-0.461471,-0.608171,-41.981136,0.734929,1.239643,-0.511337,-0.413422,-0.595995,0.460875,
559,2698704986,-9.238659,-0.614406,-0.972314,-42.498821,0.685010,3.006444,-0.513874,-0.410446,-0.598933,0.456888,
560,2698721653,-9.446196,-1.036186,-1.008920,-34.376835,1.918367,5.992239,-0.516002,-0.408409,-0.601224,0.453292,
561,2698738320,-9.720611,-1.630273,-1.046807,-15.729328,2.020287,7.982097,-0.517134,-0.407943,-0.602165,0.451167,
562,2698754987,-9.404761,-1.609162,-0.815168,1.250073,0.191961,11.250876,-0.517630,-0.408916,-0.601660,0.450391,
563,2698771654,-9.341320,-1.215068,-0.735648,11.373544,3.686601,14.423227,-0.517425,-0.411158,-0.600562,0.450050,
564,2698788321,-9.444849,-0.630118,-0.635647,17.809656,4.039855,16.453932,-0.516933,-0.414083,-0.598943,0.450092,
565,2698804988,-9.646503,-0.491143,-0.507599,18.588539,3.174656,15.767154,-0.516418,-0.416945,-0.597241,0.450302,
566,2698821655,-9.527842,-0.597777,-0.266778,14.254016,1.257348,12.645408,-0.516123,-0.419078,-0.595865,0.450483,
567,2698838322,-9.653476,-0.681863,-0.015329,4.980063,2.242744,6.428743,-0.515899,-0.420041,-0.595546,0.450264,
568,2698854989,-9.792164,-0.876415,-0.145827,-2.654756,2.322374,0.024467,-0.515714,-0.419880,-0.596125,0.449861,
569,2698871656,-9.626692,-0.770146,-0.440383,-5.769018,-1.279252,-3.999936,-0.515767,-0.418899,-0.596883,0.449710,
570,2698888323,-9.441862,-0.787858,-0.781313,-9.509397,-0.686792,-5.954533,-0.515868,-0.417507,-0.598046,0.449343,
571,2698904990,-9.417587,-0.892835,-0.987128,-12.637750,2.351894,-5.982708,-0.515892,-0.416076,-0.599640,0.448517,
572,2698921657,-9.439492,-0.973382,-0.893955,-9.168952,1.520838,-3.824874,-0.515917,-0.415038,-0.600813,0.447880,
573,2698938324,-9.572752,-1.159065,-0.554394,-3.425302,1.068018,-1.538209,-0.515783,-0.414601,-0.601438,0.447600,
574,2698954991,-9.586474,-1.391763,-0.600439,-1.449307,-0.005340,0.460945,-0.515752,-0.414415,-0.601735,0.447409,
575,2698971658,-9.540469,-1.520685,-0.827932,4.211247,0.864153,2.109341,-0.515411,-0.414854,-0.601629,0.447538,
576,2698988325,-9.315585,-1.468739,-1.188663,6.096420,6.071601,1.018252,-0.514429,-0.415677,-0.601856,0.447599,
577,2699004992,-9.977501,-0.476796,1.112784,28.529350,17.988991,-1.232411,-0.510895,-0.418754,-0.601641,0.449063,
578,2699021659,-9.500170,-0.973277,-1.470522,-0.019965,-14.691430,1.651783,-0.512142,-0.417821,-0.600679,0.449800,
579,2699038326,-9.174719,-0.949279,-1.661197,-3.815319,-1.021063,-0.627255,-0.512273,-0.417299,-0.601121,0.449545,
580,2699054993,-9.634200,-0.710271,-0.797505,-7.377905,-2.859915,-1.322704,-0.512738,-0.416333,-0.601699,0.449138,
581,2699071660,-9.393258,-0.979906,-0.714717,-14.460721,1.042085,-3.381493,-0.513151,-0.414909,-0.603155,0.448029,
582,2699088327,-9.485597,-1.393322,-0.777609,-9.584635,1.011657,-2.672545,-0.513319,-0.413909,-0.604244,0.447293,
583,2699104994,-9.512587,-1.631782,-0.925689,-4.510692,-0.658170,-2.591596,-0.513331,-0.413185,-0.604874,0.447098,
584,2699121661,-9.513935,-1.665470,-0.837545,1.897984,-0.622120,-2.556480,-0.512955,-0.412943,-0.605088,0.447463,
585,2699138328,-9.356782,-1.354148,-0.978204,7.824328,-0.807415,-2.074027,-0.512271,-0.413174,-0.604872,0.448324,
586,2699154995,-9.502789,-1.064096,-0.866677,9.140503,-0.947158,-2.044458,-0.511523,-0.413497,-0.604557,0.449305,
587,2699171662,-9.588146,-1.089473,-0.758779,9.087228,-1.658397,-2.539269,-0.510807,-0.413725,-0.604221,0.450360,
588,2699188329,-9.546184,-0.860682,-0.858462,0.497303,0.446449,-4.607789,-0.510285,-0.413269,-0.604729,0.450688,
589,2699204996,-9.396085,-0.730863,-0.833116,-2.494524,-0.359077,-4.686190,-0.510009,-0.412532,-0.605377,0.450806,
590,2699221663,-9.369821,-0.917117,-0.745008,-4.616728,-2.853537,-3.992162,-0.510127,-0.411537,-0.605935,0.450833,
591,2699238330,-9.425054,-1.422600,-0.850247,-5.293801,-2.506191,-4.516468,-0.510219,-0.410467,-0.606594,0.450817,
592,2699254997,-9.452086,-1.827399,-0.844517,-2.531163,-1.000138,-6.112280,-0.509908,-0.409558,-0.607279,0.451074,
593,2699271664,-9.575607,-1.827870,-0.826810,4.055842,-0.313730,-8.289846,-0.508998,-0.408989,-0.607712,0.452034,
594,2699288331,-9.478269,-1.585798,-0.855176,6.038024,-0.678724,-10.635833,-0.507846,-0.408333,-0.608126,0.453364,
595,2699304998,-9.561939,-1.398567,-0.729697,11.416185,-2.199851,-11.601244,-0.506444,-0.407887,-0.608127,0.455328,
596,2699321665,-9.566711,-1.066127,-0.656370,8.585431,-5.132342,-13.548056,-0.505336,-0.406864,-0.608211,0.457357,
597,2699338332,-9.435809,-0.764222,-0.556711,8.339046,-3.576598,-13.226215,-0.504125,-0.405952,-0.608403,0.459245,
598,2699354999,-9.323266,-0.762195,-0.572231,5.414266,-3.880749,-11.111258,-0.503254,-0.404993,-0.608638,0.460733,
599,2699371666,-9.448976,-1.377010,-0.386215,11.824080,-4.850870,-10.358861,-0.502139,-0.404504,-0.608326,0.462787,
600,2699388333,-9.456542,-2.182860,-0.260733,16.441710,-3.209392,-14.344354,-0.500335,-0.404104,-0.608052,0.465442,
601,2699405000,-9.395517,-2.709613,-0.231169,3.710590,1.201155,-25.072483,-0.498154,-0.402122,-0.609586,0.467489,
602,2699421667,-9.180179,-2.930938,-0.144459,13.438678,2.157181,-32.239868,-0.494821,-0.400263,-0.610933,0.470852,
603,2699438334,-9.050845,-2.553136,-0.519203,33.029228,-1.237962,-35.620342,-0.490399,-0.399267,-0.610867,0.476377,
604,2699455001,-9.218587,-1.994419,-0.365343,36.881630,-6.681270,-39.603806,-0.485935,-0.397795,-0.610340,0.482815,
605,2699471668,-9.178261,-2.048784,-0.485322,30.041317,-3.336101,-44.496895,-0.481195,-0.395614,-0.610775,0.488768,
606,2699488335,-9.098784,-2.116785,-0.792640,37.253544,-13.705654,-44.574196,-0.476923,-0.393166,-0.609933,0.495930,
607,2699505002,-8.334803,-2.290414,-0.258220,24.198023,-10.329127,-49.157932,-0.472733,-0.389622,-0.610485,0.502022,
608,2699521669,-8.260855,-3.010149,-0.087325,40.607723,-5.682411,-54.999886,-0.466735,-0.386996,-0.610437,0.509666,
609,2699538336,-8.253403,-2.947813,0.190295,53.910957,-16.211651,-60.410954,-0.460465,-0.383963,-0.608917,0.519388,
610,2699555003,-8.273812,-2.458464,-0.162981,45.230289,-20.311426,-70.152390,-0.454237,-0.379119,-0.608230,0.529143,
611,2699571670,-8.296185,-2.922149,-0.424320,19.826437,-25.394455,-74.777809,-0.449435,-0.371740,-0.609326,0.537158,
612,2699588337,-8.224303,-2.993850,-0.302669,-1.860071,-16.798643,-75.310753,-0.444941,-0.363516,-0.612624,0.542748,
613,2699605004,-8.154478,-2.272020,-0.158035,-12.003073,-17.499832,-71.214912,-0.441313,-0.354899,-0.616384,0.547137,
614,2699621671,-8.178913,-2.442269,0.195427,-3.208158,-18.934229,-65.228973,-0.437787,-0.347231,-0.618975,0.551945,
615,2699638338,-8.865893,-3.156057,0.156813,33.687267,-23.794111,-61.878803,-0.433056,-0.341785,-0.618057,0.560045,
616,2699655005,-9.178538,-4.132019,1.078251,53.604259,-26.080582,-63.216270,-0.427370,-0.337237,-0.615353,0.570057,
617,2699671672,-8.631444,-4.222044,0.135702,25.433821,-15.974476,-70.866798,-0.421465,-0.331042,-0.615901,0.577447,
618,2699688339,-8.750081,-3.848907,-0.803829,-0.843176,-15.304358,-77.308083,-0.416167,-0.322669,-0.618925,0.582770,
619,2699705006,-7.919490,-3.284214,0.358728,17.402754,-22.516680,-74.572899,-0.410837,-0.314993,-0.619753,0.589829,
620,2699721673,-7.436717,-3.037977,1.233102,24.470114,-25.386387,-76.120537,-0.405253,-0.307312,-0.619784,0.597660,
621,2699738340,-6.330857,-3.098343,0.172171,20.135256,-28.942698,-75.547340,-0.400172,-0.299072,-0.619862,0.605135,
622,2699755007,-7.208719,-4.126265,-0.405800,-8.179179,-18.789660,-77.746361,-0.395156,-0.289836,-0.623030,0.609656,
623,2699771674,-7.742536,-4.673360,-0.499394,1.033795,-15.002688,-76.266602,-0.389486,-0.281560,-0.625451,0.614684,
624,2699788341,-9.225719,-4.982246,0.242858,-2.054249,-21.895050,-76.900543,-0.384459,-0.272396,-0.627698,0.619666,
625,2699805008,-8.909882,-5.805819,0.081967,-11.478077,-18.341990,-80.898430,-0.379065,-0.262621,-0.631061,0.623780,
626,2699821675,-7.261523,-6.200291,-0.136553,6.267669,1.057411,-77.342812,-0.371480,-0.255873,-0.633658,0.628497,
627,2699838342,-9.343928,-5.529931,0.892966,11.081371,-4.580752,-72.544853,-0.364627,-0.249277,-0.635252,0.633532,
628,2699855009,-8.283694,-5.956264,0.785119,16.717068,-7.687119,-70.790756,-0.357977,-0.242830,-0.636024,0.639030,
629,2699871676,-7.737020,-5.306402,1.286506,18.304214,-9.930202,-74.762108,-0.351064,-0.235858,-0.636593,0.644883,
630,2699888343,-7.340278,-5.434953,1.150784,26.605349,-20.649845,-77.205200,-0.344580,-0.228045,-0.635829,0.651906,
631,2699905010,-6.274240,-5.725604,0.971677,11.110126,-25.721813,-79.566254,-0.338803,-0.218721,-0.636262,0.657681,
632,2699921677,-5.485071,-6.249974,1.381132,-0.996000,-21.419088,-80.060524,-0.332915,-0.209135,-0.637983,0.662124,
633,2699938344,-5.605316,-6.701569,1.006655,7.758064,-23.397207,-79.248390,-0.326972,-0.199827,-0.638645,0.667300,
634,2699955011,-6.543071,-7.161454,0.749878,-0.454983,-25.590118,-82.104515,-0.321144,-0.189618,-0.639985,0.671811,
635,2699971678,-5.785003,-7.314005,0.731143,-0.233901,-22.483246,-84.123253,-0.314768,-0.179500,-0.641400,0.676244,
636,2699988345,-4.622447,-7.219433,-0.122278,1.369938,-25.658674,-82.920555,-0.308716,-0.169229,-0.642376,0.680742,
637,2700005012,-4.070156,-7.559223,0.682316,13.103627,-30.667177,-77.925537,-0.303289,-0.159431,-0.641739,0.686126,
638,2700021679,-4.768806,-8.020492,0.986937,12.521185,-28.530548,-77.532951,-0.297669,-0.149832,-0.641148,0.691284,
639,2700038346,-5.294352,-7.561060,1.170315,11.726126,-28.656223,-80.287262,-0.291753,-0.139904,-0.640592,0.696383,
640,2700055013,-5.310426,-7.226586,1.862701,11.753763,-26.135139,-81.117722,-0.285471,-0.130133,-0.640054,0.701357,
641,2700071680,-4.975057,-7.268816,1.945864,-3.266905,-28.586000,-79.196495,-0.279854,-0.119648,-0.640810,0.704789,
642,2700088347,-4.371485,-7.895611,1.853359,-15.135995,-31.373480,-78.062485,-0.274776,-0.108481,-0.642550,0.707007,
643,2700105014,-4.270882,-9.070363,1.455780,-9.643543,-30.955442,-78.934868,-0.269438,-0.097478,-0.643653,0.709656,
644,2700121681,-4.124910,-9.619755,1.504149,6.163772,-34.244907,-77.947693,-0.264242,-0.086829,-0.642881,0.713681,
645,2700138348,-4.595658,-9.065607,1.147519,20.988337,-40.874069,-73.285965,-0.259923,-0.076487,-0.640155,0.718882,
646,2700155015,-4.395762,-8.775950,1.400727,27.609106,-39.088421,-69.744270,-0.255692,-0.066897,-0.636664,0.724434,
647,2700171682,-3.623442,-9.310096,1.766658,16.751028,-30.312941,-69.517700,-0.250738,-0.057835,-0.634552,0.728786,
648,2700188349,-3.065035,-9.293057,1.663082,-3.155289,-26.560171,-68.676384,-0.245666,-0.048519,-0.634600,0.731147,
649,2700205016,-2.985601,-8.849598,2.055879,-1.923958,-28.225410,-65.921890,-0.241001,-0.039315,-0.634367,0.733452,
650,2700221683,-3.112972,-9.240593,2.281788,4.972264,-25.444347,-61.284790,-0.236511,-0.031075,-0.633402,0.736137,
651,2700238350,-3.497244,-9.810484,2.083973,7.243802,-25.905109,-57.209927,-0.232468,-0.023236,-0.632102,0.738827,
652,2700255017,-3.082223,-10.003906,2.550950,16.993654,-24.495361,-53.354645,-0.228661,-0.016236,-0.629735,0.742215,
653,2700271684,-3.034950,-10.132728,2.338583,22.002441,-20.962366,-53.864010,-0.224445,-0.009735,-0.626896,0.746010,
654,2700288351,-2.070804,-10.350533,2.163546,8.286366,-10.954488,-53.209625,-0.219390,-0.003932,-0.625823,0.748463,
655,2700305018,-2.117823,-9.319273,2.497052,11.767448,-12.098835,-48.436295,-0.214943,0.001450,-0.624294,0.751035,
656,2700321685,-2.570911,-9.332767,2.251876,7.613722,-11.334424,-44.653538,-0.210821,0.006544,-0.623210,0.753074,
657,2700338352,-2.694028,-9.974362,2.550444,1.669929,-16.655376,-43.611038,-0.207281,0.012307,-0.622585,0.754500,
658,2700355019,-2.772151,-9.851339,2.483184,8.535146,-20.745131,-41.643143,-0.204335,0.018126,-0.621056,0.756444,
659,2700371686,-2.254738,-9.699574,2.710190,16.880020,-21.187462,-38.675682,-0.201767,0.023477,-0.618574,0.759015,
660,2700388353,-1.825958,-10.127274,2.705771,5.999624,-15.692645,-36.785290,-0.198867,0.028371,-0.617435,0.760539,
661,2700405020,-1.670962,-9.693179,2.348385,7.485943,-15.341773,-32.870022,-0.196369,0.032829,-0.616138,0.762060,
662,2700421687,-1.460921,-9.926052,1.938045,6.906204,-14.123219,-29.884838,-0.194082,0.036904,-0.614936,0.763428,
663,2700438354,-1.051929,-10.221545,2.334936,1.965608,-10.365888,-28.207634,-0.191615,0.040549,-0.614385,0.764310,
664,2700455021,-1.550505,-9.656029,2.191234,-2.584034,-12.131489,-24.816662,-0.189654,0.044211,-0.614298,0.764666,
665,2700471688,-1.509400,-10.089407,2.248446,0.376514,-9.420701,-20.926291,-0.187895,0.047147,-0.613973,0.765186,
666,2700488355,-1.027363,-10.739582,2.340604,-0.695450,-5.551537,-20.806639,-0.185799,0.049666,-0.613866,0.765624,
667,2700505022,-0.691131,-10.451078,2.435592,8.138209,-2.672215,-17.140156,-0.183917,0.051296,-0.612875,0.766764,
668,2700521689,-0.795489,-10.107224,2.444714,10.151658,1.157496,-12.129146,-0.182266,0.051998,-0.611794,0.767973,
669,2700538356,-1.033945,-9.798538,2.556341,7.436209,-0.854171,-7.683250,-0.181268,0.052603,-0.610994,0.768805,
670,2700555023,-0.845362,-10.553793,2.600038,-1.348137,3.442481,-6.262369,-0.179977,0.052835,-0.611299,0.768849,
671,2700571690,-0.957926,-10.528132,2.437578,-2.155655,6.373703,-3.238842,-0.178761,0.052487,-0.611794,0.768764,
672,2700588357,-0.734175,-10.320203,2.613436,2.722420,7.076797,1.800426,-0.178083,0.051486,-0.611798,0.768985,
673,2700605024,-0.825114,-10.293201,2.580999,2.159811,12.059651,5.449100,-0.177364,0.049617,-0.612021,0.769097,
674,2700621691,-1.180270,-10.287768,2.471711,-1.245483,14.453985,9.485693,-0.176857,0.047209,-0.612711,0.768815,
675,2700638358,-0.926903,-10.391162,2.641886,2.189473,14.314913,13.758424,-0.176864,0.044347,-0.613040,0.768723,
676,2700655025,-0.626123,-10.249775,2.471528,-4.502122,20.634762,16.826515,-0.176604,0.040676,-0.614291,0.767986,
677,2700671692,-0.700772,-10.196337,2.422950,-7.397227,21.418043,21.450762,-0.176771,0.036578,-0.615901,0.766863,
678,2700688359,-0.833138,-10.715646,2.176821,-5.481616,22.060371,26.729897,-0.177474,0.031887,-0.617329,0.765761,
679,2700705026,-1.098456,-10.474278,2.686452,-2.546851,22.859974,31.608791,-0.178659,0.026590,-0.618455,0.764779,
680,2700721693,-1.138133,-10.390116,2.600401,-5.548441,27.259871,34.709965,-0.179774,0.020602,-0.620019,0.763435,
681,2700738360,-1.536432,-10.338749,2.483768,-5.166241,29.717716,39.231331,-0.181163,0.013923,-0.621589,0.761979,
682,2700755027,-1.893561,-10.160204,2.712608,-0.721658,28.541471,45.157269,-0.183314,0.006721,-0.622614,0.760725,
683,2700771694,-2.066311,-10.006738,2.787984,-2.541691,26.468895,49.068737,-0.186071,-0.000558,-0.623750,0.759153,
684,2700788361,-2.027073,-10.384398,2.597823,-10.438727,26.518524,52.390533,-0.189179,-0.007930,-0.625716,0.756722,
685,2700805028,-2.170903,-10.257032,2.662110,-11.557927,27.301256,57.708134,-0.192787,-0.015841,-0.627770,0.753980,
686,2700821695,-2.724639,-10.489371,2.565715,-11.756987,27.214682,64.301003,-0.197108,-0.024337,-0.629768,0.750964,
687,2700838362,-3.376575,-10.261436,2.327920,-12.291531,27.076656,70.612419,-0.202111,-0.033379,-0.631728,0.747634,
688,2700855029,-4.097689,-9.959859,2.419273,-13.788321,27.592852,76.016045,-0.207636,-0.042925,-0.633756,0.743907,
689,2700871696,-4.699209,-10.005496,2.145369,-18.566175,27.564264,79.968506,-0.213589,-0.052682,-0.636182,0.739511,
690,2700888363,-4.883526,-9.836579,2.078793,-16.119276,23.475138,84.391983,-0.220344,-0.062476,-0.638083,0.735116,
691,2700905030,-4.778079,-9.654365,2.111781,-18.204861,23.669081,88.191368,-0.227468,-0.072565,-0.640067,0.730278,
692,2700921697,-4.817644,-9.454144,1.773195,-21.105894,23.381229,91.743217,-0.234984,-0.082845,-0.642194,0.724918,
693,2700938364,-4.745033,-8.824162,1.833847,-23.439764,24.879858,94.960899,-0.242679,-0.093486,-0.644447,0.719065,
694,2700955031,-4.973950,-8.928464,1.461861,-25.022591,25.644318,96.339928,-0.250412,-0.104256,-0.646736,0.712851,
695,2700971698,-5.350500,-8.264542,1.591698,-18.846979,21.688381,98.110069,-0.258554,-0.114986,-0.648072,0.707057,
696,2700988365,-5.664573,-8.098641,1.128925,-16.997793,19.095123,100.456879,-0.267088,-0.125708,-0.648939,0.701241,
697,2701005032,-6.053325,-8.115451,1.284187,-17.789671,13.301978,102.428642,-0.276325,-0.135966,-0.649480,0.695221,
698,2701021699,-5.916128,-7.976610,1.015236,-10.752007,11.350733,102.894669,-0.285596,-0.146329,-0.649075,0.689727,
699,2701038366,-5.641853,-7.400927,1.056810,-6.163750,10.978038,102.900063,-0.294738,-0.156808,-0.648050,0.684523,
700,2701055033,-5.209701,-6.771626,1.073492,-13.904953,14.973218,103.672752,-0.303695,-0.167396,-0.647802,0.678306,
701,2701071700,-5.259503,-6.845135,0.963326,-24.449047,16.353075,105.319550,-0.312871,-0.177773,-0.648460,0.670826,
702,2701088367,-5.448951,-6.909026,0.766762,-27.257765,10.773387,104.739975,-0.322511,-0.187380,-0.648993,0.663086,
703,2701105034,-5.764501,-6.881054,0.719283,-16.400681,7.580379,103.600914,-0.331971,-0.197035,-0.648206,0.656354,
704,2701121701,-5.921958,-6.544883,0.713704,-13.201780,11.165677,103.048485,-0.340873,-0.207090,-0.647156,0.649699,
705,2701138368,-5.962699,-6.018167,0.639416,-19.136286,13.086056,102.370941,-0.349631,-0.216921,-0.646635,0.642313,
706,2701155035,-5.833763,-5.557094,0.773202,-17.173716,6.018917,100.469673,-0.358737,-0.225967,-0.645488,0.635289,
707,2701171702,-5.464472,-5.650249,0.523542,-13.353329,2.414890,96.388947,-0.367606,-0.234449,-0.643801,0.628824,
708,2701188369,-5.460400,-5.963109,0.340405,-24.636995,3.152636,92.995781,-0.376409,-0.242032,-0.643177,0.621337,
709,2701205036,-5.890632,-5.749524,0.148411,-30.243244,5.529978,90.198158,-0.384862,-0.249216,-0.643166,0.613277,
710,2701221703,-6.161922,-5.533788,0.040866,-34.428101,11.370500,87.939148,-0.392648,-0.256428,-0.643817,0.604626,
711,2701238370,-7.054096,-5.436182,-0.447663,-25.149923,10.593750,86.228264,-0.399939,-0.263895,-0.643556,0.596862,
712,2701255037,-7.856892,-4.829424,-0.820684,-20.761215,6.949901,86.944817,-0.407397,-0.271324,-0.642567,0.589507,
713,2701271704,-8.271265,-4.834108,-0.393704,-10.171285,3.357150,91.242744,-0.415071,-0.279425,-0.640179,0.582931,
714,2701288371,-8.163541,-4.705091,-0.525898,-9.946220,13.070479,90.645058,-0.421703,-0.288254,-0.638274,0.575918,
715,2701305038,-8.098002,-4.134994,0.203750,3.307635,14.251868,88.720009,-0.427440,-0.297770,-0.635302,0.570104,
716,2701321705,-8.111586,-3.878221,-0.374304,5.216199,16.957224,85.746193,-0.432532,-0.307310,-0.632364,0.564440,
717,2701338372,-8.291057,-3.301721,-0.388463,-4.232155,20.261009,86.259918,-0.437715,-0.316525,-0.630285,0.557636,
718,2701355039,-8.631790,-2.282528,0.535269,-5.824014,20.627565,85.607506,-0.442814,-0.325557,-0.628287,0.550621,
719,2701371706,-8.543092,-2.458796,-0.708150,-18.621378,22.816761,84.652771,-0.448170,-0.333801,-0.627397,0.542304,
720,2701388373,-8.653388,-2.113449,0.090057,-4.704846,11.575388,86.654457,-0.453962,-0.342193,-0.624477,0.535584,
721,2701405040,-8.136600,-2.110359,0.470350,-7.228312,24.977289,85.520035,-0.458500,-0.351305,-0.622595,0.527956,
722,2701421707,-8.021539,-2.706392,0.241062,-25.166212,29.797497,81.475891,-0.463132,-0.359166,-0.622513,0.518638,
723,2701438374,-8.239644,-3.495048,-0.286822,-1.562833,13.234673,79.489082,-0.467810,-0.367133,-0.619544,0.512378,
724,2701455041,-8.226215,-3.129485,0.574199,13.085329,17.404470,73.099434,-0.470794,-0.375785,-0.616031,0.507586,
725,2701471708,-8.458189,-2.743557,0.113231,-0.099328,11.348969,63.942574,-0.474318,-0.382228,-0.613514,0.502518,
726,2701488375,-8.363619,-2.064066,0.516853,-0.954891,8.878535,57.065548,-0.477570,-0.387789,-0.611224,0.497947,
727,2701505042,-8.644214,-1.513165,0.347336,-9.969529,8.656487,49.513016,-0.480776,-0.392012,-0.609960,0.493081,
728,2701521709,-9.032483,-1.970439,0.499566,-12.945042,7.987736,44.773918,-0.483846,-0.395540,-0.609103,0.488297,
729,2701538376,-9.174642,-2.765782,-0.038735,-20.644732,2.982521,36.341820,-0.487183,-0.397406,-0.608902,0.483693,
730,2701555043,-9.403394,-2.673956,-0.316716,-26.596899,0.207470,24.944290,-0.490289,-0.397627,-0.609565,0.479520,
731,2701571710,-9.312231,-2.394900,-0.263488,-27.909189,1.342296,18.155960,-0.492882,-0.397218,-0.610779,0.475640,
732,2701588377,-9.187407,-1.671395,-1.266120,-24.739569,-2.794099,17.733631,-0.495621,-0.396708,-0.611487,0.472299,
733,2701605044,-9.252295,-1.540777,-1.487968,-17.342897,-6.509880,18.160004,-0.498288,-0.396510,-0.611383,0.469787,
734,2701621711,-9.323931,-1.683972,-1.003680,-16.702213,-2.710904,15.544345,-0.500394,-0.396381,-0.611654,0.467298,
735,2701638378,-9.197523,-1.923897,-1.140375,-20.166140,1.863616,14.723601,-0.502230,-0.396231,-0.612535,0.464291,
736,2701655045,-9.307227,-2.298959,-1.027217,-2.540272,4.517800,21.332655,-0.503256,-0.398134,-0.612030,0.462213,
737,2701671712,-9.584156,-1.875708,-0.688861,15.742716,2.807463,27.341785,-0.503769,-0.401786,-0.609817,0.461418,
738,2701688379,-9.571612,-1.815903,-0.689530,29.794077,2.866060,30.198788,-0.503632,-0.406711,-0.606484,0.461647,
739,2701705046,-9.545417,-1.405239,-0.292976,37.780403,-0.822558,28.008751,-0.503180,-0.411765,-0.602449,0.462941,
740,2701721713,-9.391047,-0.715439,-0.412942,31.426329,-4.032177,22.426554,-0.502999,-0.415635,-0.598918,0.464260,
741,2701738380,-9.397938,0.088885,-0.515163,11.530476,1.589520,15.889545,-0.503083,-0.417857,-0.597523,0.463971,
742,2701755047,-9.562123,0.108834,-0.344903,-2.592122,0.485444,12.495142,-0.503891,-0.418674,-0.597204,0.462768,
743,2701771714,-9.556918,-0.586242,-0.331621,-10.427950,-1.559264,10.903879,-0.505242,-0.418637,-0.597358,0.461125,
744,2701788381,-9.366063,-1.474046,-0.454746,-13.755274,-0.935517,8.900684,-0.506606,-0.418221,-0.597899,0.459301,
745,2701805048,-9.525025,-2.134498,-0.641913,-13.953591,-0.422687,2.721575,-0.507522,-0.417287,-0.598864,0.457880,
746,2701821715,-9.342937,-2.305178,-0.678772,-3.374025,-4.038098,-0.592575,-0.507885,-0.416598,-0.599061,0.457848,
747,2701838382,-9.379437,-1.851623,-0.715549,4.034493,-1.494988,-3.320008,-0.507397,-0.416390,-0.599115,0.458507,
748,2701855049,-9.490139,-1.123433,-0.850880,4.884310,2.249583,-3.689151,-0.506507,-0.416462,-0.599410,0.459038,
749,2701871716,-9.524857,-0.678266,-0.666904,2.988420,-0.076684,-2.547171,-0.506011,-0.416339,-0.599591,0.459461,
750,2701888383,-9.473650,-0.577912,-0.524422,-0.203557,-0.114194,-2.726395,-0.505699,-0.415964,-0.599993,0.459620,
751,2701905050,-9.568593,-0.778760,-0.567424,-8.230797,-0.904244,-4.404259,-0.505830,-0.414799,-0.600973,0.459248,
752,2701921717,-9.572280,-1.487598,-0.580730,-13.561818,0.039514,-5.199036,-0.506144,-0.413232,-0.602425,0.458412,
753,2701938384,-9.453627,-1.698699,-0.633718,-8.993237,-1.750065,-4.644403,-0.506373,-0.411927,-0.603406,0.458042,
754,2701955051,-9.505066,-1.636277,-0.674875,-1.884583,-2.045430,-5.038991,-0.506177,-0.411092,-0.603913,0.458341,
755,2701971718,-9.449830,-1.395597,-0.782630,2.266885,-0.597339,-6.493448,-0.505506,-0.410531,-0.604337,0.459025,
756,2701988385,-9.512621,-0.976862,-0.685159,4.806307,1.474491,-6.728842,-0.504487,-0.410274,-0.604756,0.459824,
757,2702005052,-9.541453,-0.759935,-0.798039,-4.856554,0.921039,-6.975954,-0.504075,-0.409250,-0.605794,0.459822,
758,2702021719,-9.528924,-0.585978,-0.509987,-6.244684,0.505883,-4.919470,-0.503918,-0.408275,-0.606771,0.459572,
759,2702038386,-9.519863,-0.910508,-0.436526,-8.284442,0.441813,-2.968423,-0.504019,-0.407320,-0.607761,0.459000,
760,2702055053,-9.581826,-1.503144,-0.558853,-8.434905,-0.723789,-1.682076,-0.504316,-0.406388,-0.608599,0.458389,
761,2702071720,-9.514939,-1.891298,-0.613411,-1.273822,-1.719714,-2.254532,-0.504238,-0.405861,-0.608921,0.458515,
762,2702088387,-9.481103,-1.796809,-0.582546,1.392415,0.169255,-4.331851,-0.503696,-0.405472,-0.609325,0.458917,
763,2702105054,-9.349612,-1.441072,-0.595046,4.599921,1.106655,-5.215759,-0.502823,-0.405302,-0.609636,0.459612,
764,2702121721,-9.464426,-1.086087,-0.597188,7.782862,-1.564667,-6.939225,-0.501885,-0.405036,-0.609637,0.460869,
765,2702138388,-9.458988,-0.850680,-0.363544,3.034292,0.247015,-9.508052,-0.500893,-0.404315,-0.610238,0.461785,
766,2702155055,-9.461854,-0.943161,-0.403970,-12.076455,2.665562,-14.656823,-0.500226,-0.402197,-0.612330,0.461589,
767,2702171722,-9.588395,-1.437743,-0.540121,-14.511594,2.602018,-18.284788,-0.499457,-0.399569,-0.614785,0.461439,
768,2702188389,-9.440574,-1.901259,-0.819137,-7.701905,2.125685,-20.003691,-0.498212,-0.397243,-0.616842,0.462047,
769,2702205056,-9.071299,-2.223167,-1.093548,-3.401884,1.836222,-20.001987,-0.496740,-0.395205,-0.618582,0.463053,
770,2702221723,-9.200392,-2.441468,-1.066457,7.197648,2.466027,-20.605309,-0.494558,-0.393921,-0.619681,0.465010,
771,2702238390,-9.317532,-2.553748,-0.745938,17.951012,3.008534,-22.069515,-0.491603,-0.393306,-0.620166,0.468007,
772,2702255057,-9.175233,-2.454211,-0.728451,16.987019,4.430787,-24.312458,-0.488410,-0.392508,-0.620937,0.470988,
773,2702271724,-9.292860,-2.406359,-0.846355,24.966776,1.153006,-28.684305,-0.484749,-0.391649,-0.621160,0.475173,
774,2702288391,-9.310305,-1.875888,-0.513436,24.740425,0.899812,-33.483265,-0.480773,-0.390308,-0.621633,0.479676,
775,2702305058,-8.990049,-1.713448,-0.450610,17.559364,4.351001,-36.054817,-0.476697,-0.388460,-0.622971,0.483493,
776,2702321725,-8.666999,-2.113371,-0.171021,20.666603,-0.338538,-37.638973,-0.472743,-0.386343,-0.623829,0.487946,
777,2702338392,-8.227740,-3.364220,-0.912361,28.580845,-1.123548,-37.640343,-0.468394,-0.384698,-0.624042,0.493137,
778,2702355059,-8.181577,-4.587502,-0.647398,38.008366,4.859036,-43.115002,-0.462555,-0.383604,-0.624256,0.499194,
779,2702371726,-8.277172,-5.361411,-0.764504,65.457626,6.503192,-51.402763,-0.454380,-0.383678,-0.622983,0.508155,
780,2702388393,-8.759181,-4.513453,-0.386003,103.285149,-8.187357,-55.630783,-0.445007,-0.384692,-0.618044,0.521538,
781,2702405060,-8.477668,-2.903610,-0.197702,83.279907,-24.551371,-68.539543,-0.437122,-0.381901,-0.614116,0.534730,
782,2702421727,-8.484796,-1.508202,-0.339034,85.998726,-21.529444,-69.102921,-0.428666,-0.379378,-0.610034,0.547883,
783,2702438394,-8.224345,-0.382600,0.438213,71.860535,-22.574100,-62.130825,-0.421537,-0.376421,-0.606485,0.559276,
784,2702455061,-7.614777,-1.724869,0.451796,30.637367,-10.117684,-58.148357,-0.415828,-0.372246,-0.606744,0.566022,
785,2702471728,-8.561786,-3.296009,0.746563,-6.770880,-4.873345,-68.026711,-0.410827,-0.365331,-0.610874,0.569725,
786,2702488395,-8.915973,-4.021139,-0.302776,8.135485,-27.933504,-76.897659,-0.406295,-0.356560,-0.612787,0.576438,
787,2702505062,-8.160114,-4.027909,0.097989,33.754730,-34.971062,-77.776001,-0.400917,-0.348567,-0.612083,0.585764,
788,2702521729,-8.171197,-4.156348,0.477702,27.733599,-27.749001,-77.560753,-0.395156,-0.340808,-0.612196,0.594068,
789,2702538396,-8.158157,-4.113739,0.165170,24.081984,-24.134346,-73.755646,-0.389523,-0.333438,-0.612550,0.601558,
790,2702555063,-8.978121,-3.932590,-0.458463,42.740459,-35.029926,-70.997612,-0.384136,-0.326365,-0.610425,0.610988,
791,2702571730,-8.135954,-2.918234,-0.331755,19.544403,-43.423996,-71.771812,-0.380457,-0.317117,-0.609828,0.618707,
792,2702588397,-8.139813,-3.574780,0.827258,3.832785,-39.083740,-73.741943,-0.376888,-0.307178,-0.610881,0.624836,
793,2702605064,-7.466778,-3.952013,0.663555,-13.600274,-38.202675,-79.110748,-0.373472,-0.295837,-0.613708,0.629572,
794,2702621731,-6.683616,-4.793680,-0.351612,-17.920073,-26.539526,-83.306770,-0.368751,-0.284904,-0.617640,0.633540,
795,2702638398,-7.079803,-5.596821,0.283345,-26.308268,-19.084747,-85.374695,-0.363453,-0.273973,-0.622720,0.636443,
796,2702655065,-7.873802,-6.484980,-0.348166,-34.370106,-22.835403,-80.736748,-0.359179,-0.262637,-0.628051,0.638407,
797,2702671732,-7.791305,-6.313528,-0.014299,-14.962870,-24.485615,-76.792740,-0.354621,-0.252477,-0.631241,0.641898,
798,2702688399,-6.948145,-6.143427,1.122425,-4.635432,-22.190113,-78.822464,-0.349228,-0.242838,-0.633569,0.646265,
799,2702705066,-6.626945,-5.852984,0.199782,7.462263,-24.752409,-83.784439,-0.343127,-0.233081,-0.634705,0.651987,
800,2702721733,-5.931042,-6.168366,1.466484,12.284951,-20.927258,-83.182640,-0.336510,-0.223947,-0.635449,0.657885,
801,2702738400,-6.452448,-7.051079,0.967534,7.699064,-18.452023,-83.571564,-0.329723,-0.214753,-0.636663,0.663191,
802,2702755067,-6.401984,-6.270292,0.450992,13.175073,-28.942633,-82.997925,-0.323733,-0.204821,-0.636724,0.669199,
803,2702771734,-5.145163,-6.316700,1.002597,6.034150,-30.985624,-81.679184,-0.318222,-0.194448,-0.637236,0.674428,
804,2702788401,-4.740217,-6.979468,1.284755,3.805090,-34.729359,-84.588974,-0.312782,-0.183302,-0.637766,0.679575,
805,2702805068,-4.090824,-6.766653,0.884263,4.061781,-27.418018,-84.541634,-0.306607,-0.172862,-0.638490,0.684428,
806,2702821735,-4.680050,-7.695866,1.026889,-14.113823,-19.110725,-83.988953,-0.300120,-0.162461,-0.641271,0.687245,
807,2702838402,-5.780531,-8.984211,0.892336,-13.745533,-23.157101,-83.668816,-0.293983,-0.151673,-0.643725,0.690063,
808,2702855069,-5.890852,-8.465261,1.277536,7.267747,-30.738356,-79.884659,-0.288424,-0.141353,-0.643557,0.694741,
809,2702871736,-5.286442,-8.057404,1.602729,5.690875,-31.028351,-75.911972,-0.283281,-0.131285,-0.643356,0.699005,
810,2702888403,-5.065958,-8.054750,1.507540,5.987325,-35.574520,-70.495125,-0.279060,-0.121246,-0.642745,0.703067,
811,2702905070,-5.355453,-8.031314,2.120031,4.055847,-35.703392,-66.584961,-0.275252,-0.111468,-0.642173,0.706699,
812,2702921737,-5.069361,-8.200553,1.828398,-0.852087,-33.207825,-65.028664,-0.271416,-0.101880,-0.642104,0.709687,
813,2702938404,-5.021072,-8.515819,1.453921,-12.632962,-31.974762,-64.971497,-0.267613,-0.091947,-0.643224,0.711472,
814,2702955071,-5.155880,-8.780503,1.530199,-11.910944,-32.516563,-63.428333,-0.263982,-0.082123,-0.644153,0.713187,
815,2702971738,-4.291454,-9.305404,0.916208,-6.509967,-31.034153,-59.048256,-0.260579,-0.073068,-0.644458,0.715146,
816,2702988405,-3.799464,-9.677603,1.460751,-0.081334,-23.437519,-58.160995,-0.256464,-0.065123,-0.644314,0.717526,
817,2703005072,-3.735575,-9.619003,1.061769,2.452185,-20.670750,-56.649414,-0.252203,-0.057699,-0.643942,0.720002,
818,2703021739,-3.884281,-9.070667,1.367791,6.939396,-17.398991,-52.901546,-0.247971,-0.051128,-0.643140,0.722680,
819,2703038406,-3.532355,-9.266647,1.504510,-14.216639,-7.592935,-51.129185,-0.243143,-0.044979,-0.644860,0.723196,
820,2703055073,-3.752627,-9.578746,1.393127,-17.046423,-5.982137,-50.572060,-0.238227,-0.038951,-0.646890,0.723370,
821,2703071740,-3.518848,-10.009688,1.388942,-12.181938,-5.187064,-47.472168,-0.233525,-0.033471,-0.648379,0.723844,
822,2703088407,-3.406189,-10.021273,1.417343,0.679196,-4.139462,-43.056110,-0.229116,-0.028954,-0.648496,0.725341,
823,2703105074,-3.415651,-10.304452,1.544201,1.295440,-7.594835,-39.169655,-0.225432,-0.024458,-0.648392,0.726753,
824,2703121741,-3.084811,-9.971000,1.680868,12.971841,-9.806614,-34.468357,-0.222405,-0.020555,-0.646942,0.729094,
825,2703138408,-2.907267,-9.779831,2.161602,18.394537,-9.512180,-31.176365,-0.219675,-0.017166,-0.644897,0.731816,
826,2703155075,-2.569981,-10.066905,1.816132,7.231879,-5.276093,-29.626171,-0.216734,-0.014016,-0.644155,0.733413,
827,2703171742,-2.948980,-9.603631,2.352409,5.112060,-6.883715,-27.846487,-0.214134,-0.010795,-0.643571,0.734742,
828,2703188409,-2.449127,-9.670864,2.124629,2.644767,-6.441992,-24.424236,-0.211857,-0.007862,-0.643248,0.735721,
829,2703205076,-2.463811,-9.764222,1.811804,2.435151,-3.606018,-20.633789,-0.209717,-0.005579,-0.643023,0.736552,
830,2703221743,-2.518577,-9.908854,1.512710,1.342881,-5.082333,-15.801805,-0.208231,-0.003556,-0.642860,0.737128,
831,2703238410,-2.859714,-10.142768,1.266530,2.852495,-2.748783,-15.407971,-0.206569,-0.001868,-0.642602,0.737827,
832,2703255077,-2.409086,-10.004435,1.467871,9.401528,-2.341157,-13.580456,-0.205064,-0.000594,-0.641648,0.739078,
833,2703271744,-2.357298,-9.610187,1.691889,8.369781,-1.050582,-10.493146,-0.203767,0.000287,-0.640841,0.740136,
834,2703288411,-2.415639,-10.052399,1.610163,-0.840981,7.922659,-9.572535,-0.201727,0.000395,-0.641288,0.740308,
835,2703305078,-3.282742,-9.435045,2.054318,2.154790,2.835537,-7.679969,-0.200370,0.000779,-0.641261,0.740699,
836,2703321745,-2.719354,-9.894355,1.942646,-0.281394,2.967468,-6.097578,-0.199168,0.001076,-0.641500,0.740816,
837,2703338412,-2.542462,-10.204815,2.026969,-4.075519,5.019583,-3.568733,-0.198049,0.001022,-0.642206,0.740504,
838,2703355079,-2.413231,-10.473118,2.067227,4.091315,-0.469442,0.032996,-0.197833,0.000986,-0.641874,0.740850,
839,2703371746,-2.608527,-9.919630,2.515864,7.338763,0.344087,3.982487,-0.197967,0.000400,-0.641216,0.741384,
840,2703388413,-2.796407,-9.896349,2.030375,5.609931,0.425830,7.701043,-0.198493,-0.000490,-0.640746,0.741650,
841,2703405080,-2.687546,-10.072752,2.249428,-1.215861,3.621566,10.800078,-0.199055,-0.001817,-0.641103,0.741188,
842,2703421747,-2.729117,-10.048440,2.095420,-5.225904,6.030366,11.731912,-0.199494,-0.003375,-0.641960,0.740323,
843,2703438414,-2.837792,-10.340456,1.889048,1.136251,3.748800,14.845409,-0.200478,-0.005162,-0.642061,0.739959,
844,2703455081,-2.764696,-10.448336,1.942300,3.794201,3.594203,20.055742,-0.202034,-0.007498,-0.641864,0.739687,
845,2703471748,-2.474549,-10.509403,1.842763,-0.533719,5.967895,24.435717,-0.203842,-0.010371,-0.642191,0.738871,
846,2703488415,-2.624110,-10.308214,2.113878,0.019178,8.070235,28.850931,-0.205925,-0.013898,-0.642504,0.737963,
847,2703505082,-2.876833,-10.103292,1.926764,-3.073383,8.792933,33.203049,-0.208409,-0.017816,-0.643149,0.736618,
848,2703521749,-3.080435,-10.162472,2.010424,-5.048225,7.360314,37.347050,-0.211470,-0.021908,-0.643935,0.734948,
849,2703538416,-3.134104,-10.376835,2.027035,-10.642288,9.668057,40.748356,-0.214690,-0.026393,-0.645356,0.732616,
850,2703555083,-3.262868,-10.437187,1.887360,-12.425249,11.779810,46.375832,-0.218308,-0.031574,-0.646984,0.729901,
851,2703571750,-3.309153,-10.400229,1.850740,-7.562059,11.650149,51.970448,-0.222499,-0.037421,-0.648030,0.727427,
852,2703588417,-3.513003,-10.501369,1.685616,-8.141081,11.535529,57.112415,-0.227233,-0.043719,-0.649064,0.724685,
853,2703605084,-3.709166,-10.028795,1.697155,-0.756648,9.993492,62.382774,-0.232605,-0.050594,-0.649186,0.722421,
854,2703621751,-3.814227,-9.631638,1.627768,-1.599296,13.142723,66.531960,-0.238100,-0.058157,-0.649416,0.719851,
855,2703638418,-4.054919,-9.470620,1.459701,-5.921112,15.415281,70.068169,-0.243762,-0.066135,-0.650081,0.716659,
856,2703655085,-4.323118,-9.639528,1.348639,-11.322797,19.011532,72.755371,-0.249388,-0.074542,-0.651338,0.712746,
857,2703671752,-4.651898,-9.500358,1.377779,-8.549976,19.249859,76.267212,-0.255296,-0.083400,-0.652198,0.708877,
858,2703688419,-4.895605,-9.400703,1.373479,-3.908475,18.113731,79.560051,-0.261561,-0.092614,-0.652409,0.705245,
859,2703705086,-4.963394,-8.767003,0.937703,-5.254338,17.514345,83.652420,-0.268283,-0.102090,-0.652587,0.701236,
860,2703721753,-5.045629,-8.577493,1.215934,-14.302060,20.070702,87.462166,-0.275236,-0.111813,-0.653626,0.696071,
861,2703738420,-5.476763,-8.439285,0.858240,-20.725237,22.254316,89.846664,-0.282277,-0.121703,-0.655248,0.690042,
862,2703755087,-5.937236,-8.273537,0.798891,-18.654968,21.045574,91.249168,-0.289485,-0.131670,-0.656465,0.684043,
863,2703771754,-6.372200,-8.079937,1.054893,-14.596773,19.508472,93.533600,-0.296937,-0.141851,-0.657043,0.678233,
864,2703788421,-6.641993,-7.699388,0.775550,-11.905976,18.433376,96.719131,-0.304693,-0.152321,-0.657114,0.672430,
865,2703805088,-6.703789,-7.531993,0.624165,-9.301862,17.930908,101.847572,-0.312874,-0.163313,-0.656654,0.666516,
866,2703821755,-6.575413,-7.352297,0.816017,-9.713091,16.914326,105.967224,-0.321488,-0.174540,-0.655938,0.660247,
867,2703838422,-6.394526,-6.875181,0.866641,-5.171163,14.824678,107.576820,-0.330257,-0.185886,-0.654490,0.654232,
868,2703855089,-6.101772,-6.423477,0.554728,-11.021013,15.998456,108.367439,-0.339073,-0.197099,-0.653469,0.647425,
869,2703871756,-6.367927,-6.234813,0.473857,-13.972065,17.902372,109.655861,-0.347831,-0.208422,-0.652616,0.640051,
870,2703888423,-6.494366,-5.873117,0.583786,-7.171537,12.855967,110.439362,-0.356844,-0.219640,-0.650682,0.633271,
871,2703905090,-6.564119,-5.575561,0.618402,1.927354,7.690777,109.681602,-0.365896,-0.230727,-0.647502,0.627396,
872,2703921757,-6.240784,-5.519722,0.553604,7.308373,7.215305,108.672508,-0.374629,-0.241906,-0.643678,0.621942,
873,2703938424,-6.200247,-5.364522,0.102413,-0.918021,5.114257,105.421600,-0.383466,-0.252085,-0.640446,0.615821,
874,2703955091,-5.834982,-5.218379,0.403940,1.784230,9.504619,104.206787,-0.391599,-0.262637,-0.637115,0.609718,
875,2703971758,-5.999638,-4.974778,0.200707,-9.666753,15.661786,100.369095,-0.399172,-0.272670,-0.635156,0.602403,
876,2703988425,-6.347478,-4.862109,0.368942,-18.737820,16.850452,95.443497,-0.406480,-0.281768,-0.634124,0.594363,
877,2704005092,-6.807020,-4.180540,0.061643,-13.992311,7.540437,94.484955,-0.414290,-0.290198,-0.632047,0.587082,
878,2704021759,-7.359106,-3.617917,-0.337953,-29.231960,11.677130,96.347588,-0.422438,-0.298177,-0.631314,0.577996,
879,2704038426,-8.422950,-3.600906,-0.092743,-51.102364,16.974543,94.248810,-0.430775,-0.304995,-0.632691,0.566668,
880,2704055093,-8.521549,-3.633821,-0.252226,-23.911894,13.484611,94.982880,-0.438189,-0.313227,-0.631435,0.557825,
881,2704071760,-8.536347,-3.492390,-0.459073,-19.726099,12.368220,90.211647,-0.445043,-0.321136,-0.629866,0.549615,
882,2704088427,-7.538060,-3.881386,-0.317900,-10.572325,15.410186,93.390694,-0.451364,-0.330113,-0.627497,0.541795,
883,2704105094,-7.471107,-4.061031,-1.239010,-0.802139,13.865281,95.393242,-0.457431,-0.339733,-0.624041,0.534706,
884,2704121761,-7.191333,-3.852832,-0.592222,1.237154,21.436192,94.855835,-0.462580,-0.349962,-0.620836,0.527359,
885,2704138428,-7.495185,-3.461179,-0.264708,6.311696,25.508804,93.079865,-0.466877,-0.360617,-0.617485,0.520281,
886,2704155095,-7.854342,-2.917910,-0.404387,30.932400,25.783859,92.897011,-0.469750,-0.372876,-0.612175,0.515306,
887,2704171762,-8.092892,-2.234506,0.444697,42.567146,24.298433,88.460358,-0.471692,-0.385343,-0.606002,0.511642,
888,2704188429,-8.556256,-2.276085,0.666595,27.622299,22.095526,81.779404,-0.474080,-0.395961,-0.601052,0.507147,
889,2704205096,-8.940310,-1.903094,0.862113,29.698397,22.848455,78.899086,-0.475994,-0.406462,-0.596071,0.502909,
890,2704221763,-9.329346,-1.260593,1.509389,31.493416,12.474713,75.041145,-0.478348,-0.415933,-0.590381,0.499633,
891,2704238430,-9.734009,-0.896487,1.836089,23.042322,3.694277,63.985355,-0.481104,-0.423175,-0.585297,0.496879,
892,2704255097,-9.654315,-0.383202,1.063303,5.151527,-1.928694,52.968792,-0.484607,-0.427784,-0.581748,0.493685,
893,2704271764,-9.277161,0.121415,0.194373,-11.893118,-1.549068,45.180557,-0.488554,-0.430539,-0.579905,0.489552,
894,2704288431,-8.852287,0.206845,-0.986739,-39.069118,0.179144,38.924488,-0.493592,-0.430944,-0.580476,0.483427,
895,2704305098,-9.157353,-0.282571,-1.355006,-49.368328,4.586278,36.642292,-0.498708,-0.430698,-0.582189,0.476283,
896,2704321765,-9.191996,-1.358568,-1.868649,-48.973083,6.598460,34.528442,-0.503442,-0.430406,-0.584107,0.469164,
897,2704338432,-9.402431,-2.693096,-1.480545,-36.379181,5.085040,31.549273,-0.507280,-0.430650,-0.585207,0.463401,
898,2704355099,-9.586065,-3.688359,-0.494851,-19.126255,2.205856,23.489820,-0.509717,-0.431266,-0.585420,0.459871,
899,2704371766,-9.610501,-3.917876,0.073611,-4.491586,2.382283,10.658262,-0.510363,-0.431890,-0.585461,0.458515,
900,2704388433,-9.750006,-2.910674,-0.311823,3.609630,1.098740,-2.599843,-0.509724,-0.431900,-0.585699,0.458912,
901,2704405100,-9.644156,-1.055367,-0.416011,5.169792,1.735985,-11.469514,-0.508338,-0.431308,-0.586437,0.460062,
902,2704421767,-9.483929,0.540402,-0.635632,-3.058171,-1.205616,-12.108114,-0.507669,-0.429848,-0.587549,0.460747,
903,2704438434,-9.179761,1.015824,-0.584313,-16.090391,-0.902849,-6.485873,-0.508166,-0.427930,-0.589200,0.459876,
904,2704455101,-9.458565,0.102304,-1.119259,-23.619028,0.378089,0.101574,-0.509462,-0.426106,-0.591030,0.457784,
905,2704471768,-9.565997,-0.994464,-1.339294,-22.418001,-0.486719,2.696759,-0.510921,-0.424527,-0.592550,0.455654,
906,2704488435,-9.535707,-1.590983,-0.833869,-0.894626,0.947548,3.657910,-0.510984,-0.424719,-0.592690,0.455221,
907,2704505102,-9.541023,-1.223236,-0.210875,18.945564,1.313517,4.417408,-0.509839,-0.426474,-0.591495,0.456418,
908,2704521769,-9.767174,-0.644996,-0.188460,27.964104,1.271873,5.709246,-0.508219,-0.429003,-0.589610,0.458290,
909,2704538436,-9.761424,-0.098765,-0.262273,25.106991,1.558991,5.072549,-0.506701,-0.431275,-0.587969,0.459942,
910,2704555103,-9.647635,0.133469,-0.227697,18.261230,2.036218,3.754397,-0.505480,-0.432959,-0.586898,0.461072,
911,2704571770,-9.723628,0.305017,-0.524114,7.211813,-0.859127,-0.343556,-0.504926,-0.433287,-0.586609,0.461738,
912,2704588437,-9.592721,0.268616,-0.664533,-3.139503,-2.983457,-2.318807,-0.505073,-0.432542,-0.586983,0.461800,
913,2704605104,-9.450829,-0.216288,-0.922657,-17.321424,-1.262464,-2.931517,-0.505923,-0.430820,-0.588471,0.460583,
914,2704621771,-9.479666,-0.942936,-0.800503,-24.365759,-0.848845,-3.450999,-0.507141,-0.428561,-0.590486,0.458769,
915,2704638438,-9.437993,-1.552637,-0.873921,-18.246456,0.006435,-3.268671,-0.507910,-0.426820,-0.592139,0.457409,
916,2704655105,-9.502789,-1.883037,-0.853593,-8.902719,0.095593,-2.892084,-0.508112,-0.425804,-0.593151,0.456819,
917,2704671772,-9.538996,-2.011595,-0.771586,0.438995,0.360966,-2.878701,-0.507712,-0.425495,-0.593562,0.457019,
918,2704688439,-9.546849,-1.734109,-0.516523,11.078054,-0.516890,-2.136408,-0.506776,-0.425975,-0.593155,0.458137,
919,2704705106,-9.402815,-1.170908,-0.789848,13.565718,-0.417026,-2.066856,-0.505682,-0.426651,-0.592582,0.459457,
920,2704721773,-9.476515,-0.662558,-0.750679,11.419164,1.121625,-2.167450,-0.504582,-0.427265,-0.592268,0.460498,
921,2704738440,-9.531385,-0.639026,-0.817196,3.119057,0.404316,-3.557566,-0.503967,-0.427102,-0.592543,0.460970,
922,2704755107,-9.575299,-0.703268,-0.477703,-0.874469,-0.034513,-3.291680,-0.503653,-0.426639,-0.593038,0.461106,
923,2704771774,-9.539702,-0.822094,-0.524604,-5.131672,-1.628981,-4.422456,-0.503665,-0.425658,-0.593770,0.461056,
924,2704788441,-9.550544,-1.077677,-0.524974,-4.105525,-1.542179,-5.485703,-0.503535,-0.424666,-0.594505,0.461167,
925,2704805108,-9.487205,-1.312581,-0.535087,-2.009368,-0.270752,-7.032095,-0.503059,-0.423778,-0.595287,0.461493,
926,2704821775,-9.446553,-1.499266,-0.555775,4.101472,-0.654891,-7.192139,-0.502230,-0.423298,-0.595639,0.462383,
927,2704838442,-9.436961,-1.677911,-0.782224,6.263057,-0.702915,-7.446780,-0.501253,-0.422949,-0.595857,0.463480,
928,2704855109,-9.454522,-1.575078,-0.824090,13.614998,1.107936,-8.352154,-0.499604,-0.423178,-0.595765,0.465167,
929,2704871776,-9.537714,-1.243894,-0.752391,9.697379,3.517517,-10.639768,-0.497829,-0.423084,-0.596250,0.466531,
930,2704888443,-9.449227,-1.010710,-0.508634,19.943268,2.378098,-9.711265,-0.495581,-0.423731,-0.595897,0.468783,
931,2704905110,-9.671698,-0.705194,-0.332230,17.496387,0.518011,-11.183891,-0.493542,-0.423946,-0.595659,0.471037,
932,2704921777,-9.639972,-0.675865,-0.265361,11.062975,-1.133594,-14.610550,-0.491801,-0.423282,-0.595951,0.473080,
933,2704938444,-9.475801,-0.784588,-0.212852,7.348528,-1.727246,-15.957279,-0.490245,-0.422193,-0.596534,0.474930,
934,2704955111,-9.514363,-1.026235,-0.313077,2.013090,1.135534,-18.267010,-0.488608,-0.420720,-0.597826,0.476299,
935,2704971778,-9.647457,-1.386079,-0.559983,-0.185180,-0.630278,-22.288307,-0.486974,-0.418613,-0.599384,0.477868,
936,2704988445,-9.302966,-1.480283,-0.565053,3.097395,-0.421727,-25.028196,-0.484922,-0.416506,-0.600889,0.479900,
937,2705005112,-9.261745,-1.683727,-0.668501,-3.987613,1.956655,-28.200659,-0.482866,-0.413786,-0.603237,0.481379,
938,2705021779,-9.292958,-1.671352,-0.840151,-2.661026,1.475059,-29.133148,-0.480698,-0.411036,-0.605501,0.483060,
939,2705038446,-9.181430,-1.842573,-0.943686,8.319547,-1.554183,-26.711317,-0.478300,-0.409045,-0.606626,0.485711,
940,2705055113,-9.086020,-2.320761,-0.814895,17.391243,-4.229055,-25.473877,-0.475677,-0.407599,-0.606838,0.489225,
941,2705071780,-9.243307,-3.060302,-0.795346,17.872862,-0.927568,-28.780174,-0.472488,-0.406119,-0.607427,0.492803,
942,2705088447,-9.188760,-3.174814,-0.781382,18.608305,1.588873,-33.519169,-0.468676,-0.404434,-0.608400,0.496614,
943,2705105114,-9.076219,-2.523146,-0.424748,31.021606,4.607705,-36.882614,-0.463603,-0.403498,-0.608855,0.501554,
944,2705121781,-9.162769,-2.125799,-0.674365,30.311459,1.747769,-40.347668,-0.458552,-0.401983,-0.609337,0.506801,
945,2705138448,-8.915024,-2.103421,-0.693658,27.658119,-11.168627,-43.026974,-0.454577,-0.399078,-0.609275,0.512718,
946,2705155115,-8.436188,-2.066416,0.019655,7.007942,-15.087708,-50.832855,-0.451539,-0.393802,-0.610909,0.517516,
947,2705171782,-8.196568,-2.717313,0.511840,-11.659743,-10.853879,-60.815624,-0.448410,-0.386703,-0.614752,0.521028,
948,2705188449,-8.391050,-3.301930,0.208009,-24.258026,-9.700658,-70.329788,-0.445118,-0.377978,-0.620094,0.523914,
949,2705205116,-7.918839,-3.933306,-1.401482,-22.579712,-18.506210,-70.590874,-0.442451,-0.368619,-0.624675,0.527387,
950,2705221783,-7.575436,-4.343538,-0.693498,-9.837448,-19.212400,-70.260544,-0.439137,-0.360011,-0.628139,0.531970,
951,2705238450,-7.628375,-4.174654,-1.159834,5.678362,-22.056343,-74.838264,-0.434861,-0.351711,-0.630382,0.538344,
952,2705255117,-8.099824,-4.073354,-0.301320,32.812103,-20.098095,-75.003334,-0.428942,-0.345214,-0.630542,0.547039,
953,2705271784,-8.101117,-4.036054,-0.416469,33.445038,-26.234013,-71.615372,-0.423758,-0.338527,-0.630004,0.555808,
954,2705288451,-8.246965,-3.939188,0.102265,31.018188,-25.221899,-68.461639,-0.418796,-0.332013,-0.629480,0.564031,
955,2705305118,-8.567248,-3.178906,-0.387738,43.804119,-21.266417,-68.102310,-0.412824,-0.326588,-0.628042,0.573131,
956,2705321785,-8.097286,-2.985816,-0.196709,40.763500,-16.985189,-66.787865,-0.406656,-0.321410,-0.626961,0.581589,
957,2705338452,-8.388696,-4.039917,0.364187,20.411661,-12.119933,-70.131943,-0.400661,-0.315095,-0.627964,0.588086,
958,2705355119,-8.192071,-4.816454,-0.005124,35.393291,-15.585770,-70.073799,-0.394249,-0.309319,-0.627402,0.596033,
959,2705371786,-7.564029,-4.581244,0.266776,39.553448,-20.487293,-73.024239,-0.387780,-0.303039,-0.626239,0.604663,
960,2705388453,-6.995070,-3.933962,-0.129415,28.568649,-24.017155,-79.390991,-0.381498,-0.295205,-0.626021,0.612707,
961,2705405120,-6.518079,-4.552634,-0.170886,14.916321,-18.320642,-78.277313,-0.375324,-0.287178,-0.627191,0.619105,
962,2705421787,-7.019397,-4.924128,-0.384289,-26.679205,-7.282525,-82.529854,-0.369440,-0.277442,-0.632789,0.621384,
963,2705438454,-7.754383,-5.211550,0.271962,-22.771751,-6.919667,-82.347542,-0.363320,-0.267919,-0.637942,0.623897,
964,2705455121,-7.283332,-5.611746,0.201142,-11.626813,-8.916327,-85.891472,-0.356568,-0.258428,-0.642014,0.627608,
965,2705471788,-6.546577,-5.143963,0.475257,7.138107,-10.445841,-93.637817,-0.348483,-0.249003,-0.644468,0.633418,
966,2705488455,-6.137650,-5.349673,0.548672,8.827085,-9.949462,-93.259369,-0.340259,-0.239698,-0.646653,0.639224,
967,2705505122,-6.338318,-6.413310,0.527584,19.499050,-8.649815,-88.293053,-0.331940,-0.231465,-0.647617,0.645625,
968,2705521789,-7.002257,-7.386468,1.153928,10.459000,-6.115246,-85.881416,-0.323855,-0.223219,-0.649360,0.650862,
969,2705538456,-7.504423,-7.142931,-0.128414,21.991892,-14.029184,-88.122978,-0.315872,-0.214515,-0.649600,0.657440,
970,2705555123,-7.849460,-5.445588,0.680073,24.885204,-21.123163,-88.669678,-0.308359,-0.205174,-0.649132,0.664414,
971,2705571790,-6.966995,-5.411773,1.008182,33.750202,-30.166115,-86.541542,-0.301577,-0.195514,-0.647210,0.672268,
972,2705588457,-6.681571,-6.040787,1.339358,14.827130,-22.865282,-87.914192,-0.294457,-0.185576,-0.647371,0.678061,
973,2705605124,-6.540303,-7.253845,1.277190,-17.320002,-14.938015,-87.880104,-0.287408,-0.175012,-0.650923,0.680489,
974,2705621791,-7.513758,-9.130974,0.415527,-9.094059,-23.991598,-83.437233,-0.281392,-0.164278,-0.653058,0.683627,
975,2705638458,-7.136645,-9.254117,1.045245,14.077129,-26.295893,-82.792770,-0.275064,-0.154307,-0.652670,0.688876,
976,2705655125,-6.174966,-7.922446,0.958700,26.367809,-28.649570,-77.999802,-0.269119,-0.145021,-0.650741,0.695039,
977,2705671792,-5.465189,-6.593850,1.548435,29.097887,-35.985142,-74.832809,-0.264083,-0.135371,-0.648075,0.701379,
978,2705688459,-5.283189,-7.028176,1.857658,15.439322,-41.614098,-73.628242,-0.259930,-0.124719,-0.646457,0.706381,
979,2705705126,-4.876659,-8.242639,1.299031,-6.301965,-38.719845,-72.643150,-0.255960,-0.113615,-0.647066,0.709141,
980,2705721793,-5.172466,-9.078421,1.547800,-18.138298,-37.073326,-72.857109,-0.251967,-0.102198,-0.648864,0.710664,
981,2705738460,-4.862442,-9.865516,0.541434,-6.296175,-34.723568,-70.529732,-0.247784,-0.091668,-0.649396,0.713081,
982,2705755127,-3.803356,-9.423506,0.861838,17.076397,-34.657619,-67.767815,-0.243537,-0.082236,-0.647384,0.717510,
983,2705771794,-3.260546,-9.154416,0.548773,16.007343,-28.020258,-66.752571,-0.238752,-0.073542,-0.645626,0.721634,
984,2705788461,-3.806166,-8.758811,1.116097,17.919634,-24.567854,-64.001282,-0.233879,-0.065522,-0.643685,0.725725,
985,2705805128,-3.243881,-9.579553,0.699411,6.380660,-19.846745,-61.457783,-0.228921,-0.057841,-0.643034,0.728530,
986,2705821795,-2.772301,-10.142067,1.901271,10.707466,-17.550396,-59.255089,-0.223927,-0.050750,-0.641925,0.731582,
987,2705838462,-2.421595,-9.206627,1.856500,10.159896,-15.024594,-56.783863,-0.218948,-0.044139,-0.640885,0.734424,
988,2705855129,-2.734111,-9.340297,2.134255,3.599961,-10.841713,-53.544361,-0.213946,-0.038058,-0.640614,0.736473,
989,2705871796,-2.975708,-9.624608,2.045205,-0.370632,-10.504451,-49.198101,-0.209386,-0.032292,-0.640715,0.737969,
990,2705888463,-3.151076,-9.959146,2.092517,10.755991,-13.303843,-47.863476,-0.205171,-0.026692,-0.639493,0.740433,
991,2705905130,-2.735768,-10.005638,2.362990,16.221560,-13.990834,-46.234802,-0.201164,-0.021334,-0.637619,0.743316,
992,2705921797,-2.255249,-9.924778,1.713340,3.262192,-13.616283,-43.410820,-0.197458,-0.015897,-0.637116,0.744876,
993,2705938464,-1.805506,-9.396211,2.123211,8.493704,-18.489180,-37.204647,-0.194853,-0.010656,-0.635865,0.746722,
994,2705955131,-1.381909,-9.990221,1.902204,3.341749,-16.259169,-31.425758,-0.192665,-0.006036,-0.635207,0.747901,
995,2705971798,-1.766174,-9.990122,1.707610,1.973292,-12.901310,-26.840643,-0.190667,-0.002174,-0.634772,0.748803,
996,2705988465,-2.329239,-11.137912,1.209694,4.704316,-10.690948,-25.114431,-0.188650,0.001212,-0.634088,0.749894,
997,2706005132,-1.683290,-10.450566,2.216637,17.491936,-7.105575,-23.577387,-0.186471,0.003711,-0.632097,0.752109,
998,2706021799,-0.883957,-10.206893,2.196712,11.375587,1.259039,-19.322126,-0.183981,0.005070,-0.630994,0.753639,
999,2706038466,-1.238543,-9.637170,2.436013,6.515524,1.322212,-14.956935,-0.181958,0.006153,-0.630423,0.754599,
1000,2706055133,-1.792244,-10.170131,2.100667,0.442889,2.538828,-11.959139,-0.180140,0.006996,-0.630550,0.754921,
1001,2706071800,-2.462104,-9.730518,2.675081,7.353006,-0.314665,-8.164526,-0.179013,0.007615,-0.629846,0.755771,
1002,2706088467,-2.582896,-9.873934,2.168641,5.200193,-1.241064,-6.881200,-0.178108,0.008276,-0.629353,0.756388,
1003,2706105134,-1.942216,-9.868644,2.298193,4.266775,-0.334476,-4.910121,-0.177336,0.008680,-0.628988,0.756868,
1004,2706121801,-1.686419,-9.864274,2.472131,4.343179,5.318408,-1.696317,-0.176399,0.008167,-0.628764,0.757279,
1005,2706138468,-1.893224,-9.739549,2.306148,8.830167,0.188439,1.635070,-0.176304,0.007799,-0.627917,0.758008,
1006,2706155135,-1.849193,-9.261284,2.265820,16.988289,-1.532781,4.158451,-0.176651,0.007184,-0.626127,0.759412,
1007,2706171802,-1.966322,-9.674489,1.992347,0.961879,1.827818,2.965932,-0.176538,0.006725,-0.626190,0.759391,
1008,2706188469,-1.963655,-9.347275,2.192666,0.865767,1.334633,2.986127,-0.176475,0.006317,-0.626251,0.759359,
1009,2706205136,-1.812231,-9.282462,2.171342,7.375504,-0.198076,4.983573,-0.176773,0.005735,-0.625555,0.759867,
1010,2706221803,-1.555383,-9.838479,1.913087,1.355443,1.959468,6.262837,-0.177013,0.004951,-0.625581,0.759796,
1011,2706238470,-1.475814,-9.694145,2.066386,0.540204,3.403858,7.261682,-0.177235,0.003932,-0.625734,0.759624,
1012,2706255137,-1.569000,-9.479081,2.352527,6.534103,2.909687,8.844011,-0.177678,0.002672,-0.625212,0.759956,
1013,2706271804,-1.343342,-9.142654,2.479069,4.627699,6.612619,9.127533,-0.177811,0.001030,-0.624994,0.760108,
1014,2706288471,-1.668247,-9.559018,2.153028,-8.361567,10.683546,7.742912,-0.177422,-0.000605,-0.626316,0.759111,
1015,2706305138,-2.230013,-9.604621,2.531850,-4.996874,7.125054,8.959988,-0.177487,-0.002040,-0.627170,0.758387,
1016,2706321805,-2.287918,-9.404333,2.290393,-3.793307,4.838786,12.060458,-0.178108,-0.003544,-0.627830,0.757689,
1017,2706338472,-2.434526,-10.165209,2.247312,-10.792181,6.091098,14.685220,-0.178900,-0.005238,-0.629289,0.756282,
1018,2706355139,-2.185001,-10.047564,2.510391,-5.732371,5.400654,16.132374,-0.179919,-0.007132,-0.630168,0.755292,
1019,2706371806,-2.005362,-10.274985,2.103881,-6.945073,6.078485,18.409481,-0.181126,-0.009277,-0.631191,0.754125,
1020,2706388473,-1.747517,-10.120985,2.400229,-9.783066,6.898190,24.727482,-0.182953,-0.012018,-0.632531,0.752521,
1021,2706405140,-1.956530,-10.359598,2.014174,-11.978492,7.773619,30.093765,-0.185286,-0.015289,-0.634113,0.750557,
1022,2706421807,-2.046384,-10.315489,2.267163,-8.495355,11.223972,36.026287,-0.187936,-0.019577,-0.635378,0.748726,
1023,2706438474,-2.399069,-10.813056,1.811786,-10.734291,13.251147,40.395824,-0.190875,-0.024429,-0.636908,0.746537,
1024,2706455141,-2.561937,-10.516673,2.099292,-3.166536,11.020317,46.602806,-0.194660,-0.029823,-0.637504,0.744853,
1025,2706471808,-2.660900,-10.330362,2.250691,-3.411236,13.376488,51.666470,-0.198765,-0.035933,-0.638139,0.742953,
1026,2706488475,-2.531535,-10.196723,2.020977,-11.770535,18.274218,57.079403,-0.203032,-0.042830,-0.639747,0.740046,
1027,2706505142,-2.641019,-10.264744,1.988393,-9.326645,16.388332,62.430279,-0.208017,-0.050090,-0.640950,0.737158,
1028,2706521809,-2.494272,-10.046225,1.639388,-2.886882,12.288113,68.613472,-0.213981,-0.057678,-0.641234,0.734645,
1029,2706538476,-2.593760,-9.773165,1.722434,-9.495718,16.080536,73.770905,-0.220173,-0.065938,-0.642229,0.731244,
1030,2706555143,-2.955893,-9.371516,1.343836,-18.255739,20.801273,78.049065,-0.226432,-0.074807,-0.644181,0.726748,
1031,2706571810,-3.677824,-9.390333,1.136084,-21.323614,21.978886,80.407028,-0.232820,-0.083897,-0.646377,0.721770,
1032,2706588477,-4.285264,-9.417482,1.069097,-18.904634,21.197987,83.020134,-0.239497,-0.093229,-0.648159,0.716826,
1033,2706605144,-4.753797,-9.243589,1.199965,-13.112242,18.120750,86.786606,-0.246743,-0.102787,-0.649073,0.712219,
1034,2706621811,-4.742615,-9.108727,0.761984,-16.463972,20.822023,90.041451,-0.254079,-0.112794,-0.650270,0.707015,
1035,2706638478,-4.771087,-8.767126,1.144464,-16.891571,27.227617,91.484512,-0.260915,-0.123557,-0.651601,0.701478,
1036,2706655145,-4.859826,-8.604786,1.437093,-14.085383,30.216057,93.270454,-0.267541,-0.134869,-0.652599,0.695950,
1037,2706671812,-5.182872,-8.028890,1.001332,-21.166828,30.870499,94.990623,-0.274360,-0.146104,-0.654168,0.689524,
1038,2706688479,-5.970552,-7.809331,0.954844,-19.917189,25.976200,98.425087,-0.281903,-0.157194,-0.655200,0.683032,
1039,2706705146,-6.785040,-7.400321,0.850607,-14.429669,21.806160,100.811302,-0.289887,-0.168282,-0.655315,0.676911,
1040,2706721813,-7.441057,-6.891635,0.912775,-10.100948,15.707803,102.728600,-0.298478,-0.179106,-0.654551,0.671114,
1041,2706738480,-7.414533,-6.407936,0.782218,-14.997623,15.937910,103.965271,-0.307229,-0.189819,-0.654093,0.664636,
1042,2706755147,-7.251452,-6.299234,0.374246,-14.989015,13.234913,106.024872,-0.316355,-0.200413,-0.653302,0.657989,
1043,2706771814,-6.983676,-6.205427,0.379407,-5.972492,11.057373,105.421753,-0.325297,-0.211114,-0.651411,0.652132,
1044,2706788481,-6.843382,-6.020813,0.187237,1.644443,13.420678,103.368202,-0.333518,-0.222164,-0.648822,0.646868,
1045,2706805148,-7.072243,-5.972050,0.371212,6.623646,16.258541,101.201683,-0.341035,-0.233471,-0.645828,0.641944,
1046,2706821815,-6.985453,-5.733870,0.389668,7.553738,17.347101,100.283531,-0.348257,-0.244788,-0.642694,0.636977,
1047,2706838482,-6.790631,-5.287986,0.251344,10.838619,16.803982,99.660278,-0.355282,-0.256113,-0.639111,0.632232,
1048,2706855149,-6.529493,-5.328650,0.101060,-3.324409,21.213963,95.229095,-0.361946,-0.266648,-0.637093,0.626104,
1049,2706871816,-6.337919,-4.942083,0.324886,-2.994062,16.084719,91.372452,-0.368654,-0.276326,-0.634804,0.620291,
1050,2706888483,-6.475166,-4.763345,0.469687,-3.947916,14.774497,89.657288,-0.375302,-0.285628,-0.632490,0.614427,
1051,2706905150,-6.946592,-5.075623,-0.610730,-11.520428,17.722139,88.538399,-0.381829,-0.294629,-0.630952,0.607700,
1052,2706921817,-7.774558,-4.842098,0.109398,4.254670,16.530788,89.773811,-0.387833,-0.304463,-0.627792,0.602299,
1053,2706938484,-8.295743,-4.376137,-0.014246,14.891571,14.922039,89.576996,-0.393427,-0.314684,-0.623511,0.597848,
1054,2706955151,-8.534827,-4.269405,-0.026463,9.615395,9.081355,87.450371,-0.399539,-0.323847,-0.619349,0.593210,
1055,2706971818,-8.476948,-3.822155,0.019327,11.006963,11.015721,85.758904,-0.405201,-0.333052,-0.615162,0.588612,
1056,2706988485,-8.216677,-3.331828,0.148396,8.665671,17.665039,83.039757,-0.410090,-0.342398,-0.611603,0.583550,
1057,2707005152,-8.435041,-2.424736,0.412122,-2.990655,20.726997,83.363571,-0.415254,-0.351288,-0.609107,0.577191,
1058,2707021819,-8.410121,-2.665106,-0.202632,0.354522,19.904886,87.119507,-0.420570,-0.360588,-0.605992,0.570851,
1059,2707038486,-8.533291,-2.695112,-0.541224,-1.093537,13.676871,85.464485,-0.426306,-0.369079,-0.602606,0.564720,
1060,2707055153,-8.106376,-2.378003,-0.146914,-7.302809,17.731804,84.598274,-0.431883,-0.377385,-0.599935,0.557794,
1061,2707071820,-8.630648,-2.297271,-0.228027,-5.220854,16.228304,82.019463,-0.437204,-0.385420,-0.597052,0.551210,
1062,2707088487,-7.988267,-2.617364,-0.429421,-5.095182,13.746474,81.868042,-0.442658,-0.393194,-0.593925,0.544707,
1063,2707105154,-7.185630,-3.597393,-0.244490,6.602699,21.371716,83.350433,-0.446836,-0.402396,-0.590188,0.538603,
1064,2707121821,-7.584929,-4.382947,-0.345205,7.251942,24.387789,78.893402,-0.450303,-0.411435,-0.586770,0.532587,
1065,2707138488,-8.574102,-4.049920,0.138217,24.289005,18.356525,69.008827,-0.452441,-0.420225,-0.582154,0.528966,
1066,2707155155,-8.920862,-3.227793,0.196690,26.879768,9.230141,58.401962,-0.454327,-0.427538,-0.577331,0.526770,
1067,2707171822,-8.864301,-2.013523,0.714473,13.511882,10.170235,51.351856,-0.456393,-0.433416,-0.573991,0.523822,
1068,2707188489,-8.913257,-0.943506,0.545815,10.133101,3.639678,47.005756,-0.458865,-0.438192,-0.570717,0.521261,
1069,2707205156,-9.066331,-0.910508,0.573691,-9.568744,-3.317172,39.870316,-0.462612,-0.440516,-0.568903,0.517963,
1070,2707221823,-9.473186,-1.610950,0.020089,-42.654461,-1.940706,30.969889,-0.467672,-0.439960,-0.570219,0.512415,
1071,2707238490,-9.157973,-1.959026,0.150396,-43.140469,-3.605136,27.347679,-0.472600,-0.438914,-0.571660,0.507156,
1072,2707255157,-9.338952,-2.104355,-0.203254,-34.937492,-2.000749,24.162388,-0.476618,-0.438271,-0.572781,0.502668,
1073,2707271824,-9.211884,-2.348878,-0.896215,-40.855206,-0.900037,17.912601,-0.480442,-0.436755,-0.574789,0.498034,
1074,2707288491,-9.451664,-2.645235,-0.792445,-22.766167,-1.075724,17.046997,-0.483054,-0.436406,-0.575512,0.494968,
1075,2707305158,-9.357281,-2.360773,-0.739069,-1.691747,1.141835,19.812662,-0.484333,-0.437918,-0.574695,0.493330,
1076,2707321825,-9.242336,-1.833113,-0.285311,11.980325,-1.645172,22.944071,-0.485194,-0.440452,-0.572495,0.492785,
1077,2707338492,-9.371431,-1.754972,-0.470416,23.952175,1.280954,23.752100,-0.485099,-0.444107,-0.569577,0.492979,
1078,2707355159,-9.771370,-1.478305,-0.177092,38.673256,2.544646,21.373041,-0.483762,-0.448677,-0.565832,0.494466,
1079,2707371826,-9.789860,-0.869140,0.284792,40.915039,2.297328,16.764120,-0.481944,-0.452986,-0.562189,0.496464,
1080,2707388493,-9.590997,-0.440608,-0.011680,32.153801,-0.470750,9.274414,-0.480374,-0.455853,-0.559461,0.498438,
1081,2707405160,-9.602561,-0.317750,-0.225772,27.029776,-1.216901,5.499042,-0.478926,-0.457998,-0.557289,0.500296,
1082,2707421827,-9.683372,-0.044381,-0.114322,12.841196,-2.617888,1.430861,-0.478237,-0.458718,-0.556318,0.501375,
1083,2707438494,-9.602213,0.501878,-0.016539,0.633268,-2.341564,-1.876425,-0.478097,-0.458339,-0.556477,0.501679,
1084,2707455161,-9.774896,0.513813,-0.073812,-16.902861,0.074885,-4.308457,-0.478752,-0.456720,-0.558242,0.500567,
1085,2707471828,-9.734673,-0.393610,-0.164119,-24.334343,-1.246009,-5.252062,-0.479934,-0.454404,-0.560514,0.499003,
1086,2707488495,-9.470189,-0.799348,-0.418805,-24.262630,-2.829492,-5.777226,-0.481195,-0.451929,-0.562696,0.497578,
1087,2707505162,-9.433197,-1.156437,-0.119999,-20.936342,-0.465396,-5.727701,-0.482044,-0.449861,-0.564790,0.496256,
1088,2707521829,-9.558778,-1.511137,-0.086294,-10.453509,-1.681103,-5.280983,-0.482336,-0.448474,-0.566009,0.495838,
1089,2707538496,-9.560554,-1.310457,-0.434718,-4.796747,-1.166595,-4.474821,-0.482271,-0.447583,-0.566804,0.495799,
1090,2707555163,-9.617467,-1.012833,-0.585606,-0.568717,-1.213747,-2.650543,-0.482067,-0.447135,-0.567170,0.495983,
1091,2707571830,-9.603116,-0.926835,-0.538167,-0.136657,1.185542,-0.413619,-0.481797,-0.447075,-0.567529,0.495889,
1092,2707588497,-9.508564,-1.005624,-0.591716,4.011467,-0.934428,1.470649,-0.481569,-0.447308,-0.567316,0.496143,
1093,2707605164,-9.370214,-0.989008,-0.386503,3.104137,0.323034,1.312043,-0.481286,-0.447557,-0.567267,0.496250,
1094,2707621831,-9.554753,-0.950936,-0.424985,-0.176817,1.681864,-0.622786,-0.480966,-0.447518,-0.567674,0.496130,
1095,2707638498,-9.572017,-0.844846,-0.459686,-6.658560,1.631600,-1.781300,-0.480986,-0.446923,-0.568622,0.495562,
1096,2707655165,-9.560219,-1.071833,-0.493620,-8.150475,-1.825161,-0.570856,-0.481476,-0.446073,-0.569355,0.495009,
1097,2707671832,-9.477915,-1.375383,-0.411424,-10.522828,-1.373943,-0.559484,-0.482081,-0.445089,-0.570289,0.494229,
1098,2707688499,-9.387957,-1.601618,-0.489890,-8.361959,0.137649,-0.720537,-0.482409,-0.444353,-0.571183,0.493540,
1099,2707705166,-9.436608,-1.622635,-0.715465,-7.817894,-0.091514,-1.120402,-0.482692,-0.443604,-0.572046,0.492936,
1100,2707721833,-9.392936,-1.707596,-0.821651,-2.837157,-1.278637,-0.915961,-0.482766,-0.443136,-0.572455,0.492811,
1101,2707738500,-9.351090,-1.534256,-0.545580,-2.224706,-0.482863,-1.674225,-0.482679,-0.442705,-0.572925,0.492737,
1102,2707755167,-9.384844,-1.433851,-0.535186,-0.435582,1.637747,-1.290509,-0.482329,-0.442585,-0.573389,0.492648,
1103,2707771834,-9.561047,-1.386221,-0.598854,-2.522108,2.232384,-1.743905,-0.482031,-0.442322,-0.574074,0.492378,
1104,2707788501,-9.529874,-1.373018,-0.620767,-1.763857,-1.546226,-0.951268,-0.482053,-0.441905,-0.574390,0.492361,
1105,2707805168,-9.542326,-1.215190,-0.525993,-3.001450,-1.735350,-0.071895,-0.482234,-0.441462,-0.574725,0.492191,
1106,2707821835,-9.520489,-1.146906,-0.521621,-3.519672,-0.575953,0.227089,-0.482374,-0.441090,-0.575158,0.491881,
1107,2707838502,-9.439714,-1.192718,-0.707670,-2.926276,0.375975,0.603275,-0.482422,-0.440861,-0.575591,0.491533,
1108,2707855169,-9.404462,-1.382748,-0.647878,-2.757450,-0.075762,1.771931,-0.482582,-0.440709,-0.575905,0.491145,
1109,2707871836,-9.447903,-1.581078,-0.686913,-2.198466,-1.951150,2.284134,-0.482899,-0.440506,-0.576014,0.490887,
1110,2707888503,-9.428077,-1.514773,-0.580515,-1.864566,-1.713592,2.115769,-0.483162,-0.440328,-0.576127,0.490655,
1111,2707905170,-9.437647,-1.398872,-0.566377,1.099905,-0.277181,2.257676,-0.483126,-0.440474,-0.576120,0.490569,
1112,2707921837,-9.471011,-1.342821,-0.610761,1.217071,0.800390,1.926888,-0.482968,-0.440677,-0.576202,0.490446,
1113,2707938504,-9.548347,-1.230570,-0.544316,-0.314498,-0.761696,1.653319,-0.483019,-0.440637,-0.576301,0.490315,
1114,2707955171,-9.503486,-1.077000,-0.564155,-1.298500,-2.209569,1.819392,-0.483266,-0.440438,-0.576358,0.490183,
1115,2707971838,-9.565510,-0.976026,-0.474492,-2.126942,-0.969095,2.487934,-0.483510,-0.440326,-0.576518,0.489855,
1116,2707988505,-9.513983,-1.107788,-0.666060,-3.227290,-1.487099,2.762272,-0.483887,-0.440123,-0.576702,0.489448,
1117,2708005172,-9.478328,-1.256953,-0.609349,-1.621642,-0.790741,3.192258,-0.484134,-0.440118,-0.576793,0.489101,
1118,2708021839,-9.450436,-1.360304,-0.618183,-0.216530,-1.086555,3.358689,-0.484327,-0.440206,-0.576753,0.488878,
1119,2708038506,-9.461949,-1.345079,-0.643126,0.827796,-1.424297,3.160985,-0.484469,-0.440327,-0.576627,0.488778,
1120,2708055173,-9.454611,-1.325582,-0.576359,0.449560,-3.089531,2.845526,-0.484751,-0.440276,-0.576431,0.488775,
1121,2708071840,-9.394484,-1.412117,-0.636446,-0.395703,-1.198226,2.645171,-0.484915,-0.440283,-0.576440,0.488594,
1122,2708088507,-9.488026,-1.284836,-0.606510,1.442334,-0.353058,2.291344,-0.484865,-0.440451,-0.576401,0.488537,
1123,2708105174,-9.479809,-1.154804,-0.582220,4.050322,0.386297,2.073841,-0.484571,-0.440836,-0.576244,0.488668,
1124,2708121841,-9.490463,-1.087167,-0.584565,4.480090,0.597768,2.463717,-0.484259,-0.441300,-0.576045,0.488794,
1125,2708138508,-9.515234,-1.125086,-0.589147,7.047482,-0.797605,1.893835,-0.483858,-0.441797,-0.575602,0.489263,
1126,2708155175,-9.551435,-1.127828,-0.431323,6.777269,-0.502035,1.038742,-0.483388,-0.442224,-0.575254,0.489752,
1127,2708171842,-9.547957,-0.955454,-0.382358,6.191403,-1.332296,0.625558,-0.482996,-0.442515,-0.574915,0.490273,
1128,2708188509,-9.584370,-0.886059,-0.355356,6.767023,0.425433,0.684186,-0.482423,-0.442977,-0.574654,0.490725,
1129,2708205176,-9.613346,-0.916943,-0.528130,2.215992,3.081560,0.215563,-0.481888,-0.443270,-0.574934,0.490658,
1130,2708221843,-9.691678,-1.016242,-0.476783,4.093006,2.973603,0.147523,-0.481236,-0.443680,-0.575077,0.490760,
1131,2708238510,-9.618127,-1.036347,-0.267022,9.396873,1.339589,1.291834,-0.480458,-0.444440,-0.574653,0.491331,
1132,2708255177,-9.688909,-0.930483,-0.189127,10.035065,-1.474319,2.188395,-0.479939,-0.445117,-0.573928,0.492073,