sep=,
DeviceTag:, DOT_Thigh_R
FirmwareVersion:,2.2.1
AppVersion:,2023.6.0
SyncStatus:,Synced
OutputRate:,60Hz
FilterProfile:,Dynamic
Measurement Mode:,Custom modes - custom mode5
StartTime: ,2026-09-13_17:30:14_367 GMT+8
© Movella Technologies B. V. 2005-2026

PacketCounter,SampleTimeFine,Acc_X,Acc_Y,Acc_Z,Gyr_X,Gyr_Y,Gyr_Z,Quat_W,Quat_X,Quat_Y,Quat_Z
1,2278513249,9.829819,1.985441,-0.035841,-3.082489,-1.860584,1.870105,0.695967,0.033761,-0.709680,-0.104141,
2,2278529916,9.836997,1.971760,-0.049594,-3.757089,-1.974496,1.747356,0.695932,0.033462,-0.709709,-0.104276,
3,2278546583,9.845011,1.936436,-0.054279,-3.734793,-2.002299,1.832557,0.695898,0.033176,-0.709741,-0.104381,
4,2278563250,9.838061,1.895326,-0.037078,-3.461031,-1.819629,1.796661,0.695877,0.032904,-0.709758,-0.104481,
5,2278579917,9.833983,1.917670,-0.051604,-2.673589,-2.038804,1.673743,0.695830,0.032728,-0.709810,-0.104506,
6,2278596584,9.844410,1.894198,-0.017278,-2.418800,-1.691220,1.687947,0.695815,0.032573,-0.709830,-0.104510,
7,2278613251,9.854881,1.889280,-0.052291,-2.431900,-1.699236,1.717658,0.695803,0.032426,-0.709851,-0.104499,
8,2278629918,9.865685,1.895057,-0.025386,-3.220221,-1.989787,1.713419,0.695765,0.032203,-0.709888,-0.104565,
9,2278646585,9.850426,1.892093,-0.039360,-3.245948,-2.010046,1.807187,0.695724,0.031953,-0.709929,-0.104638,
10,2278663252,9.830059,1.910484,-0.064777,-3.034349,-2.061861,1.873140,0.695679,0.031725,-0.709978,-0.104675,
11,2278679919,9.848808,1.878247,-0.037277,-3.067890,-1.859931,1.907551,0.695655,0.031484,-0.710006,-0.104720,
12,2278696586,9.874158,1.863925,-0.023355,-3.064956,-1.785384,2.127384,0.695640,0.031215,-0.710028,-0.104747,
13,2278713253,9.838388,1.854230,-0.051314,-2.965618,-1.781171,2.159938,0.695630,0.030982,-0.710050,-0.104733,
14,2278729920,9.840253,1.890134,-0.030623,-2.826003,-1.889808,2.085534,0.695606,0.030760,-0.710085,-0.104722,
15,2278746587,9.844530,1.937325,0.011225,-3.694773,-2.107541,2.110916,0.695565,0.030455,-0.710129,-0.104787,
16,2278763254,9.845414,1.983400,0.021060,-5.383512,-2.561206,2.354826,0.695486,0.029931,-0.710194,-0.105021,
17,2278779921,9.844419,2.059036,0.172381,-10.044651,-3.814398,2.316407,0.695295,0.028914,-0.710314,-0.105751,
18,2278796588,9.928745,1.967631,0.122339,-10.657832,-5.179594,2.410150,0.694969,0.027822,-0.710562,-0.106524,
19,2278813255,9.863400,1.877986,-0.122699,-6.143771,-5.588833,2.842274,0.694583,0.027110,-0.710922,-0.106813,
20,2278829922,9.792902,1.721351,-0.443457,1.852343,-6.402125,3.831321,0.694099,0.027092,-0.711492,-0.106176,
21,2278846589,9.912015,1.772028,-0.091687,4.604633,-6.998416,4.848723,0.693561,0.027266,-0.712166,-0.105127,
22,2278863256,9.919423,1.791981,-0.120014,-1.205129,-6.601021,4.627095,0.693082,0.026889,-0.712710,-0.104693,
23,2278879923,9.792671,1.665925,-0.418622,-0.149092,-7.655817,4.467028,0.692492,0.026665,-0.713374,-0.104125,
24,2278896590,9.791442,1.731779,-0.115505,5.671992,-8.745665,4.261219,0.691753,0.026943,-0.714235,-0.103066,
25,2278913257,9.821657,1.732753,-0.131592,3.401079,-8.212536,4.317169,0.691081,0.027027,-0.715006,-0.102202,
26,2278929924,9.904062,1.772892,-0.288339,4.519422,-7.616805,4.975138,0.690481,0.027217,-0.715734,-0.101102,
27,2278946591,9.879873,1.776201,-0.378884,3.553052,-3.840049,5.508774,0.690278,0.027265,-0.716071,-0.100079,
28,2278963258,9.787868,1.701964,-0.334545,3.097312,-5.420672,4.923472,0.689900,0.027278,-0.716558,-0.099194,
29,2278979925,9.834225,1.817685,-0.288988,3.249811,-6.495921,4.085643,0.689397,0.027377,-0.717150,-0.098381,
30,2278996592,9.855993,1.872968,-0.199245,1.901442,-6.361542,2.909712,0.688895,0.027467,-0.717705,-0.097826,
31,2279013259,9.902101,1.770932,-0.188772,0.620244,-5.449550,0.853908,0.688464,0.027655,-0.718141,-0.097607,
32,2279029926,9.965489,1.832061,-0.159474,5.222667,-3.050025,-0.275375,0.688247,0.028457,-0.718398,-0.097010,
33,2279046593,9.887242,1.840629,-0.165830,3.065757,-2.153183,-0.581818,0.688128,0.029088,-0.718534,-0.096666,
34,2279063260,9.853780,1.926966,-0.148751,0.041922,-3.492163,-0.560649,0.687882,0.029394,-0.718760,-0.096641,
35,2279079927,9.887591,1.971762,-0.206949,-1.261669,-2.576996,-0.261096,0.687742,0.029552,-0.718877,-0.096719,
36,2279096594,9.836632,1.902116,-0.473190,1.607920,-1.062901,-0.156276,0.687749,0.030007,-0.718883,-0.096479,
37,2279113261,9.778097,1.895561,-0.383337,2.671277,-1.693741,-0.253017,0.687685,0.030570,-0.718967,-0.096141,
38,2279129928,9.862936,1.853355,-0.194790,-0.664534,-2.533993,-0.600246,0.687542,0.030824,-0.719086,-0.096190,
39,2279146595,9.863026,1.865645,-0.232768,-3.976129,-1.945003,-1.126434,0.687468,0.030809,-0.719097,-0.096636,
40,2279163262,9.895255,1.793565,-0.354564,-2.156141,-0.076467,-1.537684,0.687576,0.031047,-0.718946,-0.096924,
41,2279179929,9.870968,1.833052,-0.340452,1.928630,0.783307,-1.269993,0.687758,0.031677,-0.718767,-0.096754,
42,2279196596,9.827562,1.792186,-0.252481,-0.194464,-1.791467,-0.903193,0.687686,0.032019,-0.718817,-0.096781,
43,2279213263,9.854454,1.790574,-0.246904,-2.771051,-2.248360,-0.726952,0.687581,0.032079,-0.718876,-0.097062,
44,2279229930,9.865832,1.833390,-0.374885,-2.858518,-1.643452,0.155962,0.687552,0.032047,-0.718879,-0.097262,
45,2279246597,9.861141,1.790372,-0.272457,-2.069288,0.133346,0.952684,0.687716,0.032035,-0.718719,-0.097290,
46,2279263264,9.872559,1.716743,-0.244912,-5.355692,-1.690720,1.352178,0.687710,0.031627,-0.718696,-0.097631,
47,2279279931,9.881457,1.711968,-0.267267,-4.442317,-1.516028,1.138837,0.687715,0.031335,-0.718668,-0.097897,
48,2279296598,9.845370,1.685706,-0.345478,-5.296154,-1.332363,0.601352,0.687736,0.031017,-0.718606,-0.098305,
49,2279313265,9.831767,1.704628,-0.470935,-1.482668,-1.557764,0.787687,0.687719,0.031057,-0.718622,-0.098296,
50,2279329932,9.835594,1.801684,-0.249757,4.328245,-1.940124,0.923523,0.687636,0.031658,-0.718760,-0.097669,
51,2279346599,9.838881,1.911613,-0.195023,3.674687,-1.113525,0.632525,0.687639,0.032237,-0.718804,-0.097135,
52,2279363266,9.843304,1.902823,-0.293680,-0.798105,-1.477213,0.218534,0.687619,0.032406,-0.718819,-0.097111,
53,2279379933,9.859111,1.791937,-0.315508,-1.298385,-1.096889,0.065204,0.687638,0.032547,-0.718788,-0.097154,
54,2279396600,9.877687,1.758384,-0.287700,0.765890,-1.327506,-0.287733,0.687620,0.032940,-0.718808,-0.097005,
55,2279413267,9.885020,1.773793,-0.167941,-0.145711,-0.951396,-0.520450,0.687646,0.033293,-0.718774,-0.096952,
56,2279429934,9.899185,1.808523,-0.154006,-1.977480,-0.752424,-0.229464,0.687706,0.033448,-0.718696,-0.097049,
57,2279446601,9.884952,1.851131,-0.364830,0.610844,0.341872,0.254545,0.687871,0.033802,-0.718549,-0.096845,
58,2279463268,9.809738,1.914805,-0.284551,0.174286,0.214718,-0.071118,0.688021,0.034148,-0.718406,-0.096716,
59,2279479935,9.833260,1.854206,-0.204847,-2.796484,-0.917472,-0.314575,0.688064,0.034196,-0.718333,-0.096938,
60,2279496602,9.844920,1.893951,-0.274078,-4.156878,-1.218896,-0.436799,0.688077,0.034092,-0.718271,-0.097339,
61,2279513269,9.847442,1.857156,-0.277325,-4.152100,-0.375098,-0.064595,0.688182,0.033951,-0.718128,-0.097708,
62,2279529936,9.816276,1.789374,-0.229938,-4.655980,-0.524689,0.299675,0.688281,0.033746,-0.717993,-0.098069,
63,2279546603,9.861175,1.782614,-0.282267,-2.692945,-0.508053,0.541766,0.688377,0.033712,-0.717885,-0.098200,
64,2279563270,9.857912,1.801275,-0.215951,-3.339359,-0.809464,0.310048,0.688440,0.033630,-0.717797,-0.098427,
65,2279579937,9.868273,1.829187,-0.300037,-1.735811,-0.506926,0.547260,0.688532,0.033700,-0.717703,-0.098449,
66,2279596604,9.884857,1.873262,-0.223413,-1.973266,0.333919,0.296537,0.688707,0.033775,-0.717520,-0.098527,
67,2279613271,9.824956,1.801689,-0.226131,-1.133208,-0.253053,0.230649,0.688815,0.033927,-0.717409,-0.098531,
68,2279629938,9.820630,1.844554,-0.293488,-1.562784,-0.358219,0.204293,0.688919,0.034067,-0.717299,-0.098555,
69,2279646605,9.863906,1.887836,-0.274969,0.593885,0.342610,0.302959,0.689082,0.034393,-0.717152,-0.098369,
70,2279663272,9.832000,1.962522,-0.308786,1.149056,0.272628,0.659418,0.689239,0.034726,-0.717023,-0.098100,
71,2279679939,9.858609,1.998021,-0.181873,-1.302521,-0.390658,0.493076,0.689338,0.034833,-0.716923,-0.098095,
72,2279696606,9.823513,1.923856,-0.178456,-3.157687,-1.098183,0.154784,0.689367,0.034776,-0.716866,-0.098325,
73,2279713273,9.870017,1.903597,-0.228728,-3.843058,-0.889324,0.131758,0.689422,0.034659,-0.716778,-0.098624,
74,2279729940,9.843761,1.809120,-0.221555,-2.130772,0.140633,0.379587,0.689578,0.034701,-0.716613,-0.098716,
75,2279746607,9.842558,1.799573,-0.215135,-2.350977,-0.092577,0.617721,0.689714,0.034687,-0.716469,-0.098814,
76,2279763274,9.852468,1.887749,-0.253429,-2.258336,-0.803176,0.625212,0.689777,0.034682,-0.716398,-0.098894,
77,2279779941,9.844488,1.980730,-0.149524,-2.595078,-0.667864,0.571285,0.689855,0.034646,-0.716308,-0.099018,
78,2279796608,9.863057,1.961644,-0.191580,-3.253837,-0.153061,0.263574,0.689982,0.034564,-0.716156,-0.099260,
79,2279813275,9.819970,1.877528,-0.283074,-3.948659,-0.508720,0.041473,0.690075,0.034449,-0.716028,-0.099579,
80,2279829942,9.824425,1.863600,-0.296432,-1.047366,-0.906027,0.122775,0.690112,0.034605,-0.715982,-0.099594,
81,2279846609,9.841421,1.858698,-0.166422,-1.893662,-1.219498,0.335622,0.690123,0.034641,-0.715956,-0.099687,
82,2279863276,9.825534,1.870708,-0.197421,-2.484176,-1.624729,0.388064,0.690100,0.034635,-0.715962,-0.099810,
83,2279879943,9.880627,1.904447,-0.122515,-3.172159,-1.859534,0.372979,0.690052,0.034535,-0.715982,-0.100030,
84,2279896610,9.845772,1.919433,-0.161164,-3.403339,-1.054987,0.565804,0.690092,0.034410,-0.715920,-0.100244,
85,2279913277,9.818389,1.896274,-0.217674,-1.868216,0.161290,1.051933,0.690259,0.034409,-0.715759,-0.100242,
86,2279929944,9.782898,1.878693,-0.227523,-4.339176,-0.499063,1.010095,0.690372,0.034172,-0.715627,-0.100487,
87,2279946611,9.842543,1.887032,-0.286013,-3.020442,-1.614778,1.033159,0.690359,0.034029,-0.715628,-0.100616,
88,2279963278,9.873901,1.924477,-0.099099,-3.568080,-1.700120,0.949738,0.690339,0.033839,-0.715629,-0.100811,
89,2279979945,9.819339,1.893094,-0.113853,-3.490589,-1.640699,0.843484,0.690323,0.033669,-0.715625,-0.101008,
90,2279996612,9.862177,1.900554,-0.109676,-4.138577,-1.546316,0.937841,0.690322,0.033429,-0.715601,-0.101259,
91,2280013279,9.836566,1.806080,-0.259555,-4.359941,-1.123825,0.755255,0.690362,0.033178,-0.715532,-0.101563,
92,2280029946,9.853160,1.837785,-0.257515,-3.080914,-1.398761,1.024719,0.690372,0.033036,-0.715510,-0.101696,
93,2280046613,9.855816,1.932774,-0.260381,-1.002443,-0.973462,1.212716,0.690416,0.033068,-0.715477,-0.101613,
94,2280063280,9.862370,1.985297,-0.126587,-2.170664,-1.852093,0.872260,0.690374,0.033038,-0.715514,-0.101657,
95,2280079947,9.888040,1.952691,-0.166400,-2.771192,-0.927461,0.568327,0.690424,0.032980,-0.715447,-0.101803,
96,2280096614,9.860834,1.899045,-0.187193,-2.730263,-1.050530,0.273153,0.690456,0.032953,-0.715393,-0.101976,
97,2280113281,9.808026,1.821819,-0.263188,-3.214099,-0.729693,0.380598,0.690526,0.032874,-0.715299,-0.102186,
98,2280129948,9.824871,1.853211,-0.235381,-1.465251,-0.348499,0.616581,0.690632,0.032953,-0.715192,-0.102185,
99,2280146615,9.819036,1.863505,-0.253844,-1.705768,-1.187469,0.843753,0.690655,0.032969,-0.715168,-0.102194,
100,2280163282,9.839815,1.895987,-0.242031,-0.871472,-2.128185,1.104349,0.690579,0.033024,-0.715253,-0.102098,
101,2280179949,9.867224,1.917948,-0.167327,-0.777559,-1.892687,1.061627,0.690528,0.033103,-0.715315,-0.101989,
102,2280196616,9.835133,1.894166,-0.223090,-0.946108,-1.219126,0.645639,0.690539,0.033208,-0.715305,-0.101946,
103,2280213283,9.830022,1.902845,-0.261627,-0.121814,-1.323741,0.909424,0.690541,0.033378,-0.715319,-0.101781,
104,2280229950,9.844669,1.918852,-0.218149,-0.646068,-1.549594,1.185669,0.690526,0.033463,-0.715349,-0.101643,
105,2280246617,9.821393,1.920115,-0.211756,-1.725489,-1.861301,1.116771,0.690481,0.033430,-0.715394,-0.101638,
106,2280263284,9.861756,1.864453,-0.200058,-1.083750,-1.254651,1.144113,0.690499,0.033484,-0.715388,-0.101545,
107,2280279951,9.838133,1.890359,-0.216332,-0.586582,-1.106558,1.194250,0.690528,0.033570,-0.715375,-0.101409,
108,2280296618,9.813449,1.893680,-0.231257,-1.031065,-1.899412,1.310109,0.690480,0.033597,-0.715435,-0.101303,
109,2280313285,9.880230,1.878034,-0.244219,-1.925972,-2.468808,1.091722,0.690374,0.033539,-0.715537,-0.101322,
110,2280329952,9.842431,1.873700,-0.248055,-0.801152,-1.447553,1.011567,0.690369,0.033636,-0.715554,-0.101211,
111,2280346619,9.838489,1.888547,-0.214991,0.662530,-0.998140,1.026154,0.690402,0.033873,-0.715547,-0.100954,
112,2280363286,9.833062,1.931507,-0.162211,-0.238942,-0.732823,1.331409,0.690473,0.034005,-0.715501,-0.100747,
113,2280379953,9.837111,1.902707,-0.195662,-1.723184,-0.871075,1.211500,0.690534,0.033986,-0.715447,-0.100718,
114,2280396620,9.835703,1.881312,-0.196399,-2.982907,-1.560556,1.169739,0.690530,0.033845,-0.715444,-0.100818,
115,2280413287,9.873871,1.868226,-0.174492,-3.024219,-1.382817,0.994304,0.690538,0.033694,-0.715422,-0.100966,
116,2280429954,9.847953,1.847621,-0.221888,-2.808023,-1.188071,0.801505,0.690566,0.033609,-0.715382,-0.101089,
117,2280446621,9.841925,1.869658,-0.181749,0.262818,-0.177944,0.854433,0.690684,0.033839,-0.715286,-0.100885,
118,2280463288,9.838588,1.858946,-0.194778,-0.744984,-0.681375,0.788314,0.690753,0.033963,-0.715225,-0.100798,
119,2280479955,9.804736,1.912695,-0.224907,0.275983,-1.315712,0.623202,0.690748,0.034191,-0.715243,-0.100631,
120,2280496622,9.829423,1.908964,-0.258260,0.319525,-1.661009,0.503847,0.690707,0.034446,-0.715295,-0.100459,
121,2280513289,9.852956,1.960201,-0.195399,0.828731,-1.404870,0.613866,0.690691,0.034741,-0.715328,-0.100224,
122,2280529956,9.837258,1.962213,-0.143621,0.172149,-1.163431,0.460151,0.690701,0.034989,-0.715328,-0.100073,
123,2280546623,9.863279,1.985758,-0.085001,-1.118202,-1.126950,0.199874,0.690717,0.035131,-0.715304,-0.100086,
124,2280563290,9.858095,1.937751,-0.153235,-2.697696,-0.910455,0.272564,0.690765,0.035112,-0.715235,-0.100253,
125,2280579957,9.787539,1.890946,-0.229757,-2.697350,-1.252807,0.111947,0.690777,0.035118,-0.715200,-0.100424,
126,2280596624,9.803941,1.852134,-0.255693,-1.904112,-1.274783,0.128121,0.690782,0.035195,-0.715177,-0.100519,
127,2280613291,9.817972,1.892394,-0.261996,-0.625629,-1.759144,0.490592,0.690736,0.035356,-0.715225,-0.100446,
128,2280629958,9.855069,1.956600,-0.239256,-0.152063,-1.386748,0.824786,0.690729,0.035521,-0.715243,-0.100301,
129,2280646625,9.829841,1.958644,-0.178168,-1.856946,-1.401194,0.823775,0.690728,0.035518,-0.715239,-0.100333,
130,2280663292,9.841510,1.939806,-0.166967,-3.436367,-2.044585,0.431273,0.690664,0.035390,-0.715275,-0.100567,
131,2280679959,9.872763,1.926081,-0.192876,-3.500924,-1.765100,0.417903,0.690630,0.035268,-0.715281,-0.100802,
132,2280696626,9.857130,1.893057,-0.146486,-2.068776,-1.082969,0.721414,0.690664,0.035277,-0.715241,-0.100846,
133,2280713293,9.815202,1.925129,-0.167264,-1.291022,-1.024198,0.912462,0.690703,0.035340,-0.715208,-0.100794,
134,2280729960,9.812276,1.933131,-0.201866,-2.001774,-1.253678,1.108511,0.690725,0.035311,-0.715188,-0.100795,
135,2280746627,9.806330,1.971184,-0.212521,-2.527051,-1.254510,1.443833,0.690751,0.035161,-0.715162,-0.100848,
136,2280763294,9.836266,1.972895,-0.216964,-3.089097,-1.787664,1.375191,0.690726,0.034973,-0.715182,-0.100951,
137,2280779961,9.882094,1.941087,-0.154199,-3.687076,-1.765970,1.204034,0.690701,0.034724,-0.715190,-0.101152,
138,2280796628,9.827924,1.911202,-0.156811,-3.745947,-1.456709,0.885450,0.690706,0.034531,-0.715164,-0.101367,
139,2280813295,9.840492,1.931410,-0.194739,-2.874347,-2.043727,0.590213,0.690642,0.034453,-0.715207,-0.101517,
140,2280829962,9.873373,1.959668,-0.213900,-2.255531,-1.274065,0.609909,0.690655,0.034439,-0.715183,-0.101605,
141,2280846629,9.799751,1.865771,-0.230828,-2.164926,-1.333154,0.457654,0.690658,0.034443,-0.715166,-0.101705,
142,2280863296,9.891492,1.843433,-0.240461,-2.012646,-1.555267,0.703946,0.690642,0.034437,-0.715174,-0.101762,
143,2280879963,9.858495,1.801288,-0.258633,-2.717034,-1.528105,0.665655,0.690630,0.034364,-0.715169,-0.101896,
144,2280896630,9.829031,1.809849,-0.185616,-1.491850,-1.114655,0.672457,0.690656,0.034418,-0.715141,-0.101902,
145,2280913297,9.848066,1.890352,-0.156122,-0.713634,-1.217743,0.844880,0.690670,0.034535,-0.715135,-0.101806,
146,2280929964,9.852581,2.026177,-0.168516,-0.295250,-1.012816,0.978463,0.690705,0.034679,-0.715116,-0.101656,
147,2280946631,9.804453,2.047073,-0.214070,-1.596260,-0.865645,0.782269,0.690757,0.034704,-0.715063,-0.101671,
148,2280963298,9.833616,1.976973,-0.220774,-2.244031,-0.943316,0.697440,0.690803,0.034671,-0.715006,-0.101763,
149,2280979965,9.830341,1.907086,-0.204986,-3.538075,-1.670128,0.589816,0.690782,0.034533,-0.715003,-0.101979,
150,2280996632,9.855291,1.864411,-0.207281,-4.538456,-2.050783,0.611791,0.690724,0.034269,-0.715023,-0.102317,
151,2281013299,9.855460,1.804058,-0.251509,-3.659927,-1.813084,0.743197,0.690689,0.034087,-0.715033,-0.102544,
152,2281029966,9.834153,1.818236,-0.270723,1.040638,-1.451100,0.911639,0.690671,0.034368,-0.715077,-0.102262,
153,2281046633,9.830403,1.876565,-0.186692,1.847438,-0.859511,1.021082,0.690712,0.034725,-0.715074,-0.101885,
154,2281063300,9.807657,1.922050,-0.207531,0.941990,-1.347253,1.198834,0.690711,0.034972,-0.715107,-0.101579,
155,2281079967,9.840849,2.040491,-0.164676,-0.494854,-2.315514,1.091224,0.690612,0.035054,-0.715217,-0.101455,
156,2281096634,9.827772,2.080329,-0.195864,-3.296496,-1.788778,1.044518,0.690581,0.034876,-0.715231,-0.101617,
157,2281113301,9.836130,2.017649,-0.174115,-3.623531,-1.695048,0.960252,0.690562,0.034680,-0.715232,-0.101815,
158,2281129968,9.823175,1.925233,-0.170683,-1.675404,-1.246416,1.123303,0.690584,0.034683,-0.715215,-0.101780,
159,2281146635,9.830509,1.887008,-0.168479,-1.996433,-2.141171,1.071219,0.690513,0.034639,-0.715284,-0.101794,
160,2281163302,9.848045,1.877416,-0.202748,-3.083641,-1.959359,1.335683,0.690469,0.034451,-0.715320,-0.101904,
161,2281179969,9.871138,1.925095,-0.226529,-2.509263,-1.629698,1.190408,0.690452,0.034328,-0.715331,-0.101979,
162,2281196636,9.823766,1.927713,-0.250645,-0.462578,-1.327250,1.398844,0.690459,0.034394,-0.715344,-0.101818,
163,2281213303,9.803219,1.921247,-0.190849,0.258259,-1.630940,1.295318,0.690433,0.034556,-0.715396,-0.101578,
164,2281229970,9.803385,1.949605,-0.188925,-1.111322,-1.669039,1.189435,0.690408,0.034592,-0.715431,-0.101488,
165,2281246637,9.843913,1.977574,-0.209404,-1.441265,-2.485853,1.518775,0.690304,0.034545,-0.715545,-0.101409,
166,2281263304,9.846142,1.982529,-0.229496,-1.710468,-1.519270,1.414104,0.690300,0.034501,-0.715558,-0.101358,
167,2281279971,9.832579,1.904770,-0.220316,-1.371253,-1.161997,1.147788,0.690325,0.034501,-0.715539,-0.101319,
168,2281296638,9.836677,1.887315,-0.176735,-2.317156,-1.361866,0.937444,0.690334,0.034445,-0.715524,-0.101381,
169,2281313305,9.844006,1.894020,-0.263953,-1.846548,-1.449653,1.217800,0.690337,0.034412,-0.715526,-0.101361,
170,2281329972,9.820345,1.931563,-0.274253,-1.703244,-2.693854,1.358133,0.690209,0.034345,-0.715657,-0.101333,
171,2281346639,9.829349,1.912531,-0.264656,-1.806349,-1.359471,1.109190,0.690218,0.034325,-0.715650,-0.101322,
172,2281363306,9.841771,1.842344,-0.205390,-2.082517,-1.327609,1.176385,0.690233,0.034267,-0.715636,-0.101336,
173,2281379973,9.867854,1.811596,-0.224624,-1.153865,-1.130506,1.262776,0.690266,0.034299,-0.715617,-0.101242,
174,2281396640,9.836272,1.889406,-0.206841,-1.640878,-1.092996,1.336272,0.690303,0.034259,-0.715589,-0.101207,
175,2281413307,9.844805,1.869425,-0.234329,-1.135578,-1.870700,1.234218,0.690254,0.034265,-0.715644,-0.101136,
176,2281429974,9.858349,1.860315,-0.206294,-0.074666,-1.713746,1.168067,0.690217,0.034389,-0.715700,-0.100959,
177,2281446641,9.858863,1.839296,-0.213832,-0.278244,-0.874353,1.258563,0.690270,0.034510,-0.715669,-0.100776,
178,2281463308,9.848277,1.889253,-0.226433,-0.059870,-0.814279,1.324029,0.690331,0.034652,-0.715634,-0.100559,
179,2281479975,9.834157,1.921241,-0.225041,0.267621,-1.028696,1.269602,0.690366,0.034824,-0.715626,-0.100318,
180,2281496642,9.835823,1.987848,-0.175202,-0.346309,-1.121452,1.212537,0.690393,0.034940,-0.715617,-0.100147,
181,2281513309,9.834424,1.903815,-0.175517,-1.413642,-1.287909,1.263379,0.690410,0.034944,-0.715610,-0.100080,
182,2281529976,9.855881,1.919399,-0.201954,-1.642811,-1.043333,1.326796,0.690458,0.034944,-0.715574,-0.100008,
183,2281546643,9.841036,1.928855,-0.219901,-1.892856,-0.567257,0.990181,0.690547,0.034934,-0.715487,-0.100020,
184,2281563310,9.826895,1.912625,-0.281502,-1.812278,-1.666554,0.941721,0.690522,0.034924,-0.715510,-0.100030,
185,2281579977,9.867953,1.890471,-0.149364,-0.759570,-1.195255,0.687464,0.690536,0.035049,-0.715501,-0.099958,
186,2281596644,9.850689,1.869340,-0.144766,-0.673422,-1.246980,0.686862,0.690544,0.035183,-0.715498,-0.099877,
187,2281613311,9.823609,1.869569,-0.210801,-0.716366,-1.495321,0.735916,0.690527,0.035306,-0.715519,-0.099794,
188,2281629978,9.847841,1.927732,-0.292921,-0.184450,-1.138676,1.108037,0.690551,0.035448,-0.715514,-0.099617,
189,2281646645,9.834427,1.965328,-0.250882,-0.582702,-2.053268,1.151310,0.690480,0.035524,-0.715596,-0.099490,
190,2281663312,9.834930,1.944161,-0.176650,-0.771493,-1.784373,0.959586,0.690430,0.035558,-0.715649,-0.099447,
191,2281679979,9.836326,1.946610,-0.128425,-1.822190,-1.554921,0.990449,0.690415,0.035530,-0.715662,-0.099467,
192,2281696646,9.863289,1.952082,-0.178821,-2.329911,-1.198457,1.255861,0.690443,0.035428,-0.715634,-0.099511,
193,2281713313,9.797773,1.920067,-0.263631,-2.446474,-1.199660,1.191253,0.690471,0.035328,-0.715604,-0.099567,
194,2281729980,9.845961,1.908519,-0.265655,-1.707125,-1.870547,0.747231,0.690424,0.035362,-0.715647,-0.099571,
195,2281746647,9.861725,1.846013,-0.191702,-3.003653,-2.241714,0.715177,0.690337,0.035220,-0.715712,-0.099759,
196,2281763314,9.850702,1.771100,-0.215618,-2.184802,-1.608772,0.903853,0.690317,0.035163,-0.715725,-0.099825,
197,2281779981,9.837542,1.785505,-0.249753,-1.001982,-1.244265,1.216584,0.690333,0.035198,-0.715720,-0.099736,
198,2281796648,9.843074,1.834206,-0.243713,-0.281897,-1.174131,1.788802,0.690364,0.035264,-0.715720,-0.099496,
199,2281813315,9.843256,1.940486,-0.258438,0.126226,-1.840170,1.679815,0.690322,0.035369,-0.715793,-0.099232,
200,2281829982,9.849843,2.035958,-0.248832,-1.438870,-1.776830,1.488424,0.690292,0.035353,-0.715835,-0.099135,
201,2281846649,9.844899,1.968757,-0.215986,-2.591237,-1.399760,1.387395,0.690303,0.035207,-0.715824,-0.099195,
202,2281863316,9.826559,1.911010,-0.208722,-2.879123,-1.567203,1.301349,0.690296,0.035040,-0.715825,-0.099294,
203,2281879983,9.853951,1.844726,-0.207033,-1.504516,-1.683215,1.340216,0.690273,0.035013,-0.715856,-0.099238,
204,2281896650,9.828642,1.832467,-0.231397,-0.102438,-1.680846,1.246295,0.690238,0.035121,-0.715909,-0.099061,
205,2281913317,9.862363,1.838681,-0.177222,-0.523408,-1.276345,1.315756,0.690253,0.035212,-0.715913,-0.098894,
206,2281929984,9.875174,1.908127,-0.192470,-1.066039,-0.924298,1.311659,0.690304,0.035232,-0.715876,-0.098802,
207,2281946651,9.838176,1.916118,-0.232601,-0.780547,-0.576836,1.212806,0.690388,0.035298,-0.715807,-0.098687,
208,2281963318,9.839917,1.917439,-0.280096,-1.312858,-0.703546,1.064957,0.272307,-0.594542,-0.400068,-0.642117,
209,2281979985,9.842015,1.929216,-0.264721,-0.843913,-1.544727,1.124404,0.272393,-0.594528,-0.400142,-0.642048,
210,2281996652,9.831332,1.931693,-0.229932,-0.966662,-1.951918,1.082335,0.272434,-0.594559,-0.400219,-0.641954,
211,2282013319,9.858326,1.971386,-0.207823,-0.579039,-1.991516,1.110778,0.272516,-0.594575,-0.400336,-0.641832,
212,2282029986,9.838684,1.891358,-0.183522,-2.072554,-1.635025,0.979257,0.272475,-0.594612,-0.400310,-0.641832,
213,2282046653,9.878329,1.834203,-0.203219,-1.890153,-1.024546,1.272906,0.272513,-0.594600,-0.400251,-0.641863,
214,2282063320,9.883488,1.821381,-0.240818,-0.587555,-0.286837,1.338872,0.272728,-0.594463,-0.400293,-0.641873,
215,2282079987,9.818792,1.894845,-0.259095,-1.119569,-0.813895,1.262405,0.272842,-0.594401,-0.400297,-0.641878,
216,2282096654,9.834879,1.893931,-0.299220,-1.573760,-1.948691,0.868059,0.272816,-0.594440,-0.400339,-0.641827,
217,2282113321,9.844382,1.910107,-0.193671,-1.850761,-1.697456,0.943757,0.272785,-0.594472,-0.400337,-0.641812,
218,2282129988,9.856538,1.854915,-0.184802,-2.657971,-1.221124,1.134816,0.272718,-0.594510,-0.400213,-0.641882,
219,2282146655,9.857393,1.853306,-0.271839,-1.521588,-1.186656,1.075215,0.272761,-0.594487,-0.400213,-0.641885,
220,2282163322,9.852823,1.894061,-0.178081,-1.048174,-1.443903,0.822225,0.272811,-0.594452,-0.400294,-0.641847,
221,2282179989,9.845427,1.866518,-0.222300,-1.454801,-1.121952,0.957051,0.272845,-0.594418,-0.400301,-0.641859,
222,2282196656,9.872574,1.876216,-0.191830,-1.563399,-1.101257,1.049000,0.272881,-0.594391,-0.400291,-0.641875,
223,2282213323,9.817521,1.877348,-0.211483,-1.936961,-1.220061,1.001066,0.272879,-0.594383,-0.400260,-0.641902,
224,2282229990,9.847256,1.873273,-0.245551,-2.089471,-0.774797,1.165589,0.272906,-0.594349,-0.400183,-0.641971,
225,2282246657,9.844166,1.884543,-0.241287,-0.835819,-1.181014,1.279194,0.273038,-0.594303,-0.400238,-0.641922,
226,2282263324,9.849922,1.871118,-0.211638,-0.778408,-1.051709,1.208337,0.273201,-0.594224,-0.400324,-0.641873,
227,2282279991,9.837972,1.876268,-0.190891,-1.512635,-0.892910,1.024655,0.273263,-0.594167,-0.400323,-0.641900,
228,2282296658,9.869353,1.855405,-0.185255,-1.918302,-0.867310,0.851642,0.273278,-0.594112,-0.400300,-0.641960,
229,2282313325,9.843446,1.864967,-0.194436,-1.428446,-0.984104,0.938007,0.273339,-0.594051,-0.400323,-0.641975,
230,2282329992,9.853437,1.874664,-0.200375,-1.307338,-1.553708,1.033502,0.273384,-0.594045,-0.400369,-0.641932,
231,2282346659,9.844109,1.846542,-0.233558,-1.107083,-1.057881,1.119589,0.273481,-0.593992,-0.400405,-0.641917,
232,2282363326,9.835006,1.889191,-0.242017,-0.930343,-1.255599,0.914482,0.273554,-0.593945,-0.400475,-0.641887,
233,2282379993,9.839538,1.914903,-0.218688,-1.617391,-1.167798,1.104721,0.273596,-0.593923,-0.400466,-0.641895,
234,2282396660,9.846060,1.855978,-0.234760,-1.390808,-1.613959,1.292654,0.273648,-0.593946,-0.400478,-0.641844,
235,2282413327,9.874844,1.876537,-0.227053,-1.185830,-1.458502,1.319880,0.273738,-0.593942,-0.400508,-0.641790,
236,2282429994,9.846630,1.883165,-0.199647,-1.070163,-1.519115,1.352677,0.273833,-0.593945,-0.400546,-0.641724,
237,2282446661,9.859363,1.906081,-0.223477,-1.699441,-1.192553,1.351755,0.273880,-0.593949,-0.400501,-0.641728,
238,2282463328,9.821682,1.942732,-0.253188,-1.417612,-1.040631,1.075048,0.273938,-0.593910,-0.400503,-0.641738,
239,2282479995,9.829718,1.925634,-0.208514,-2.010802,-1.131172,0.921961,0.273926,-0.593893,-0.400467,-0.641781,
240,2282496662,9.856752,1.849865,-0.212717,-2.476064,-1.497331,0.834467,0.273840,-0.593927,-0.400405,-0.641825,
241,2282513329,9.836318,1.795968,-0.213359,-2.229816,-2.082120,0.970190,0.273766,-0.594006,-0.400390,-0.641793,
242,2282529996,9.871290,1.763071,-0.202103,-1.546789,-1.558507,1.074331,0.273795,-0.594012,-0.400411,-0.641762,
243,2282546663,9.842437,1.791450,-0.265447,0.040731,-1.103664,1.015319,0.273942,-0.593935,-0.400531,-0.641696,
244,2282563330,9.874275,1.892121,-0.255959,1.873076,-1.143607,1.275493,0.274300,-0.593784,-0.400829,-0.641497,
245,2282579997,9.826087,1.986647,-0.271859,1.037026,-1.114767,1.190690,0.274564,-0.593668,-0.401042,-0.641357,
246,2282596664,9.810507,1.976880,-0.191343,-0.918433,-1.837609,0.979359,0.274615,-0.593674,-0.401135,-0.641272,
247,2282613331,9.847641,1.989797,-0.204809,-2.273998,-1.115087,0.934345,0.274589,-0.593664,-0.401079,-0.641328,
248,2282629998,9.828574,1.932518,-0.234710,-3.602055,-1.857689,1.050614,0.274412,-0.593784,-0.400916,-0.641394,
249,2282646665,9.879714,1.816329,-0.214198,-3.197464,-1.968797,1.077469,0.274270,-0.593897,-0.400795,-0.641425,
250,2282663332,9.865969,1.798149,-0.201019,-3.176577,-1.233687,1.131703,0.274151,-0.593961,-0.400618,-0.641527,
251,2282679999,9.833547,1.817268,-0.248865,-1.836989,-1.360231,1.293295,0.274178,-0.593980,-0.400577,-0.641524,
252,2282696666,9.843000,1.882736,-0.256914,0.062168,-0.977585,1.481227,0.274414,-0.593894,-0.400688,-0.641434,
253,2282713333,9.855474,1.956310,-0.249593,-0.282354,-1.360060,1.260330,0.274561,-0.593854,-0.400785,-0.641347,
254,2282730000,9.845667,1.922179,-0.188232,-1.844447,-2.149687,0.950647,0.274493,-0.593936,-0.400790,-0.641297,
255,2282746667,9.866288,1.880118,-0.238381,-2.613482,-1.576884,0.897885,0.274391,-0.593990,-0.400709,-0.641342,
256,2282763334,9.822461,1.825061,-0.209846,-2.515987,-1.585695,1.022337,0.274318,-0.594042,-0.400635,-0.641371,
257,2282780001,9.863358,1.815444,-0.225260,-1.116099,-1.483334,1.075471,0.274363,-0.594040,-0.400669,-0.641332,
258,2282796668,9.843715,1.877916,-0.229998,-0.107471,-1.821883,1.431257,0.274521,-0.594043,-0.400793,-0.641185,
259,2282813335,9.858851,1.828102,-0.188059,-1.312433,-1.492401,1.335401,0.274616,-0.594038,-0.400827,-0.641127,
260,2282830002,9.857537,1.836164,-0.175878,-1.268828,-0.924016,1.207363,0.274707,-0.593989,-0.400827,-0.641133,
261,2282846669,9.850989,1.889832,-0.194833,-1.603022,-1.471808,1.328998,0.274754,-0.594008,-0.400813,-0.641104,
262,2282863336,9.842668,1.905913,-0.221212,-1.078552,-1.093971,1.442959,0.274859,-0.593990,-0.400806,-0.641081,
263,2282880003,9.831513,1.891071,-0.238580,-1.656232,-1.639456,1.148839,0.274856,-0.594028,-0.400791,-0.641055,
264,2282896670,9.847933,1.842963,-0.260348,-3.017778,-1.702707,1.213831,0.274766,-0.594113,-0.400672,-0.641090,
265,2282913337,9.830417,1.780952,-0.216634,-1.754790,-1.947795,1.247140,0.274759,-0.594181,-0.400665,-0.641034,
266,2282930004,9.862348,1.844297,-0.158205,-1.628545,-1.414244,1.153602,0.274787,-0.594188,-0.400657,-0.641021,
267,2282946671,9.842080,1.868813,-0.232688,-0.982529,-1.772911,1.377457,0.274862,-0.594221,-0.400696,-0.640934,
268,2282963338,9.857790,1.860659,-0.303668,-0.335590,-1.322268,1.138055,0.275005,-0.594168,-0.400806,-0.640853,
269,2282980005,9.846997,1.827051,-0.237726,-1.122451,-1.370203,1.156727,0.275085,-0.594147,-0.400849,-0.640811,
270,2282996672,9.845719,1.814648,-0.173701,-1.223352,-1.864912,1.209950,0.275138,-0.594175,-0.400903,-0.640728,
271,2283013339,9.855548,1.878331,-0.211772,-1.542794,-2.120975,1.256309,0.275131,-0.594257,-0.400913,-0.640649,
272,2283030006,9.880680,1.870532,-0.279244,-0.344875,-1.401104,1.121843,0.275273,-0.594207,-0.401032,-0.640560,
273,2283046673,9.847033,1.851101,-0.205980,-0.700882,-1.388471,0.917124,0.275354,-0.594165,-0.401125,-0.640505,
274,2283063340,9.856218,1.830924,-0.150572,-1.615367,-1.844511,0.995073,0.275344,-0.594202,-0.401150,-0.640460,
275,2283080007,9.842417,1.839508,-0.197636,-2.534108,-1.730330,1.244540,0.275282,-0.594281,-0.401062,-0.640468,
276,2283096674,9.844863,1.842062,-0.278266,-1.166748,-1.149536,1.409038,0.275391,-0.594258,-0.401067,-0.640440,
277,2283113341,9.852268,1.866844,-0.253625,-0.896521,-1.312164,1.302374,0.275489,-0.594244,-0.401098,-0.640392,
278,2283130008,9.848767,1.863984,-0.183812,-1.863439,-1.725054,1.202139,0.275485,-0.594291,-0.401079,-0.640362,
279,2283146675,9.847097,1.837953,-0.195658,-2.369879,-1.847956,1.030738,0.275409,-0.594362,-0.401028,-0.640360,
280,2283163342,9.858806,1.821789,-0.260790,-2.739637,-1.148909,0.794064,0.275329,-0.594364,-0.400943,-0.640446,
281,2283180009,9.850305,1.799485,-0.298367,-2.251779,-1.184446,0.602046,0.275266,-0.594342,-0.400916,-0.640510,
282,2283196676,9.844207,1.826420,-0.245600,-0.394500,-0.944648,0.634100,0.275379,-0.594226,-0.401049,-0.640486,
283,2283213343,9.873051,1.872622,-0.189454,-1.583972,-1.081792,0.669678,0.275373,-0.594179,-0.401064,-0.640523,
284,2283230010,9.840653,1.877622,-0.236537,-2.417749,-0.748608,0.719224,0.275311,-0.594143,-0.400975,-0.640638,
285,2283246677,9.834705,1.780639,-0.289262,-1.635012,-1.149255,0.611894,0.275283,-0.594107,-0.400984,-0.640678,
286,2283263344,9.849344,1.803284,-0.268002,-0.749274,-1.343322,0.676079,0.275337,-0.594051,-0.401088,-0.640643,
287,2283280011,9.839063,1.835786,-0.223261,-0.805225,-1.628417,0.804079,0.275363,-0.594041,-0.401171,-0.640588,
288,2283296678,9.849890,1.889914,-0.189944,-0.962512,-1.650828,0.882402,0.275415,-0.594024,-0.401263,-0.640524,
289,2283313345,9.870690,1.873390,-0.166930,-2.143348,-1.448667,0.990206,0.275389,-0.594041,-0.401230,-0.640540,
290,2283330012,9.879932,1.829245,-0.236702,-1.879076,-0.979443,0.992447,0.275406,-0.594008,-0.401196,-0.640585,
291,2283346679,9.868664,1.827141,-0.220111,-3.205634,-0.679671,0.702537,0.275282,-0.593994,-0.401036,-0.640751,
292,2283363346,9.829024,1.744416,-0.182245,-2.400524,-0.846871,0.441031,0.275206,-0.593940,-0.400993,-0.640861,
293,2283380013,9.870735,1.759983,-0.284890,-0.046602,-1.329069,0.507727,0.275272,-0.593865,-0.401144,-0.640808,
294,2283396680,9.834428,1.815406,-0.288247,0.279189,-1.745469,0.588929,0.275372,-0.593807,-0.401358,-0.640685,
295,2283413347,9.833686,1.826892,-0.230603,-0.038470,-1.285245,0.628401,0.275480,-0.593717,-0.401524,-0.640617,
296,2283430014,9.831292,1.917299,-0.181228,1.595281,-0.921071,0.999516,0.275795,-0.593543,-0.401805,-0.640466,
297,2283446681,9.822138,1.997190,-0.186010,0.746220,-1.026506,1.019840,0.276027,-0.593418,-0.402005,-0.640357,
298,2283463348,9.843624,2.014357,-0.217460,-1.233034,-1.654837,0.843702,0.276042,-0.593416,-0.402066,-0.640314,
299,2283480015,9.847146,1.956345,-0.242489,-3.369543,-2.677629,0.673172,0.275807,-0.593579,-0.401995,-0.640309,
300,2283496682,9.861765,1.895043,-0.223472,-5.056191,-2.117710,0.777134,0.275448,-0.593776,-0.401715,-0.640456,
301,2283513349,9.824301,1.862252,-0.209366,-3.666432,-1.926203,0.903161,0.275262,-0.593889,-0.401574,-0.640520,
302,2283530016,9.877231,1.804155,-0.225316,-2.658611,-1.577627,0.993587,0.275177,-0.593943,-0.401491,-0.640559,
303,2283546683,9.833861,1.782180,-0.247270,-1.147154,-1.801277,0.951301,0.275194,-0.593962,-0.401551,-0.640496,
304,2283563350,9.870495,1.804561,-0.240304,-1.451382,-1.755994,1.025936,0.275219,-0.593977,-0.401598,-0.640442,
305,2283580017,9.846013,1.788360,-0.287834,-1.775144,-1.777513,0.976383,0.275200,-0.594011,-0.401610,-0.640411,
306,2283596684,9.858405,1.855312,-0.282284,-1.271850,-1.400041,0.977169,0.275205,-0.594016,-0.401615,-0.640401,
307,2283613351,9.834831,1.877322,-0.287086,-0.502022,-2.057571,0.758296,0.275251,-0.594018,-0.401767,-0.640284,
308,2283630018,9.834823,1.916775,-0.189370,-0.732690,-1.532818,0.581248,0.275294,-0.593968,-0.401896,-0.640231,
309,2283646685,9.851537,1.844923,-0.203362,-1.627341,-0.933429,1.088661,0.275332,-0.593934,-0.401863,-0.640267,
310,2283663352,9.844166,1.816675,-0.265931,-1.436706,-0.922864,1.259152,0.275409,-0.593897,-0.401840,-0.640282,
311,2283680019,9.845819,1.859098,-0.280496,-1.280648,-1.638931,1.204034,0.275436,-0.593929,-0.401848,-0.640237,
312,2283696686,9.829312,1.876512,-0.257732,-1.650649,-1.672573,1.084474,0.275425,-0.593966,-0.401841,-0.640211,
313,2283713353,9.883326,1.886870,-0.234893,-1.992028,-1.183358,0.947100,0.275411,-0.593958,-0.401803,-0.640249,
314,2283730020,9.826558,1.886213,-0.234391,-2.161955,-0.749748,1.163284,0.275429,-0.593927,-0.401716,-0.640324,
315,2283746687,9.830926,1.861711,-0.198674,-2.842412,-1.202486,0.860914,0.275353,-0.593936,-0.401627,-0.640404,
316,2283763354,9.834660,1.860180,-0.272514,-2.173212,-1.812777,0.739509,0.275258,-0.593987,-0.401608,-0.640410,
317,2283780021,9.861320,1.868149,-0.225013,-1.102358,-1.419994,0.937137,0.275301,-0.593967,-0.401659,-0.640378,
318,2283796688,9.847906,1.859011,-0.225153,-0.010027,-0.842607,0.748333,0.275463,-0.593833,-0.401814,-0.640335,
319,2283813355,9.884549,1.838246,-0.235277,0.243583,-0.799475,0.618387,0.275628,-0.593684,-0.401992,-0.640291,
320,2283830022,9.837626,1.866171,-0.250712,-0.374022,-0.675855,0.723014,0.275776,-0.593541,-0.402117,-0.640281,
321,2283846689,9.835164,1.883529,-0.189421,-1.211890,-0.636924,0.732901,0.275844,-0.593436,-0.402151,-0.640327,
322,2283863356,9.816009,1.883906,-0.188463,-1.899937,-1.437769,0.914585,0.275819,-0.593446,-0.402136,-0.640339,
323,2283880023,9.900125,1.925530,-0.203958,-2.691536,-2.051065,1.030034,0.275713,-0.593543,-0.402071,-0.640335,
324,2283896690,9.839485,1.888848,-0.267022,-3.159262,-1.383009,1.004319,0.275560,-0.593624,-0.401899,-0.640435,
325,2283913357,9.852300,1.873471,-0.285697,-2.966386,-1.257315,0.842485,0.275451,-0.593653,-0.401787,-0.640525,
326,2283930024,9.834109,1.826546,-0.224062,-2.346853,-0.826251,0.907877,0.275394,-0.593641,-0.401680,-0.640627,
327,2283946691,9.827832,1.829310,-0.210199,-1.963751,-1.717408,0.915071,0.275357,-0.593674,-0.401676,-0.640615,
328,2283963358,9.876747,1.872358,-0.198935,-1.598950,-1.388131,1.116669,0.275382,-0.593677,-0.401671,-0.640604,
329,2283980025,9.829439,1.884468,-0.187538,-1.780185,-1.029848,1.017868,0.275381,-0.593662,-0.401622,-0.640649,
330,2283996692,9.858751,1.871239,-0.267088,-1.354399,-0.921737,0.884733,0.275437,-0.593596,-0.401644,-0.640672,
331,2284013359,9.822668,1.824390,-0.290757,-1.505860,-1.308502,0.767529,0.275452,-0.593562,-0.401683,-0.640673,
332,2284030026,9.857310,1.837212,-0.242131,-2.103955,-1.344014,0.695891,0.275392,-0.593561,-0.401661,-0.640714,
333,2284046693,9.832621,1.832926,-0.255298,-1.309475,-1.516272,0.934345,0.275411,-0.593558,-0.401696,-0.640686,
334,2284063360,9.892266,1.869098,-0.204663,-1.789982,-1.355117,0.933717,0.275383,-0.593569,-0.401668,-0.640706,
335,2284080027,9.853289,1.860056,-0.217104,-1.764805,-1.491223,0.911293,0.275362,-0.593581,-0.401663,-0.640707,
336,2284096694,9.846693,1.848507,-0.262170,-1.224658,-1.404703,0.899191,0.275387,-0.593566,-0.401702,-0.640686,
337,2284113361,9.834445,1.875578,-0.256112,-1.398102,-1.178985,0.979789,0.275440,-0.593526,-0.401728,-0.640683,
338,2284130028,9.860758,1.838557,-0.230787,-1.920581,-0.955507,1.010594,0.275438,-0.593506,-0.401670,-0.640739,
339,2284146695,9.850118,1.840933,-0.213066,-2.211337,-1.537095,0.782641,0.275369,-0.593529,-0.401642,-0.640765,
340,2284163362,9.869937,1.838686,-0.235613,-2.357649,-0.997999,0.738766,0.275317,-0.593504,-0.401583,-0.640848,
341,2284180029,9.824313,1.853495,-0.226063,-1.015351,-1.002980,0.869045,0.275391,-0.593434,-0.401637,-0.640846,
342,2284196696,9.843299,1.856700,-0.214860,-0.660283,-1.714719,1.026294,0.275483,-0.593417,-0.401752,-0.640751,
343,2284213363,9.861627,1.836723,-0.264242,-0.099352,-0.904205,0.901932,0.275626,-0.593316,-0.401866,-0.640712,
344,2284230030,9.852601,1.865614,-0.187196,-0.469788,-1.130314,0.741853,0.275721,-0.593233,-0.401982,-0.640675,
345,2284246697,9.868922,1.838426,-0.168214,-0.406141,-0.900402,0.717008,0.275844,-0.593117,-0.402105,-0.640652,
346,2284263364,9.826594,1.877799,-0.190881,-0.229887,-1.573452,0.616427,0.275932,-0.593052,-0.402280,-0.640564,
347,2284280031,9.849367,1.912043,-0.203262,-0.847447,-1.038198,0.515103,0.275961,-0.592974,-0.402359,-0.640575,
348,2284296698,9.854161,1.896699,-0.209056,-1.851333,-0.866376,0.585561,0.275941,-0.592911,-0.402350,-0.640647,
349,2284313365,9.849529,1.913085,-0.260688,-0.262697,-0.428872,0.620973,0.276112,-0.592729,-0.402493,-0.640652,
350,2284330032,9.838900,1.906706,-0.219300,-1.660894,-0.900735,0.723706,0.276098,-0.592683,-0.402472,-0.640714,
351,2284346699,9.821790,1.875740,-0.218051,-1.790866,-1.277690,0.769591,0.276089,-0.592658,-0.402481,-0.640735,
352,2284363366,9.850198,1.874341,-0.231471,-2.404072,-1.465175,0.671853,0.275998,-0.592676,-0.402441,-0.640783,
353,2284380033,9.843659,1.882805,-0.208608,-3.146815,-1.792018,0.760896,0.275848,-0.592748,-0.402351,-0.640837,
354,2284396700,9.844409,1.886419,-0.252495,-1.884518,-1.821050,0.654808,0.275775,-0.592780,-0.402371,-0.640826,
355,2284413367,9.854587,1.877494,-0.251142,-1.067307,-1.142429,0.491399,0.275795,-0.592707,-0.402454,-0.640833,
356,2284430034,9.830628,1.871460,-0.193891,-1.034791,-0.843849,0.580045,0.275855,-0.592603,-0.402529,-0.640857,
357,2284446701,9.842766,1.869437,-0.186761,-1.819437,-0.929933,0.769873,0.275842,-0.592561,-0.402502,-0.640918,
358,2284463368,9.834668,1.867119,-0.186403,-1.975562,-1.517285,0.897042,0.275800,-0.592583,-0.402479,-0.640930,
359,2284480035,9.847938,1.847605,-0.200105,-1.950868,-1.515478,1.022209,0.275756,-0.592622,-0.402433,-0.640942,
360,2284496702,9.866811,1.871659,-0.209786,-2.478259,-1.529449,0.882236,0.275671,-0.592663,-0.402368,-0.640982,
361,2284513369,9.863336,1.894948,-0.312859,-2.160918,-1.206563,0.649288,0.275582,-0.592665,-0.402313,-0.641053,
362,2284530036,9.840254,1.900270,-0.230484,-1.933221,-1.060955,0.346354,0.275491,-0.592628,-0.402298,-0.641135,
363,2284546703,9.819353,1.899463,-0.184655,-1.913947,-1.352005,0.376257,0.275427,-0.592594,-0.402331,-0.641173,
364,2284563370,9.833661,1.846977,-0.189699,-2.273601,-1.718830,0.479860,0.275334,-0.592607,-0.402347,-0.641192,
365,2284580037,9.854646,1.841632,-0.201038,-2.139966,-1.493515,0.982330,0.275289,-0.592637,-0.402302,-0.641211,
366,2284596704,9.841851,1.845162,-0.226345,-1.302880,-1.265280,1.208811,0.275355,-0.592623,-0.402311,-0.641190,
367,2284613371,9.861682,1.880955,-0.246351,-2.011250,-1.419072,1.011004,0.275353,-0.592627,-0.402295,-0.641197,
368,2284630038,9.831158,1.885535,-0.213630,-1.704589,-1.371599,0.957409,0.275354,-0.592625,-0.402292,-0.641201,
369,2284646705,9.837528,1.893126,-0.240479,-1.313562,-1.589133,0.792652,0.275354,-0.592621,-0.402343,-0.641172,
370,2284663372,9.832702,1.897365,-0.202098,-1.360495,-1.311818,0.768490,0.275374,-0.592587,-0.402388,-0.641167,
371,2284680039,9.840259,1.885010,-0.240817,-1.249272,-1.313419,0.893864,0.275394,-0.592568,-0.402414,-0.641160,
372,2284696706,9.865052,1.868510,-0.217958,-1.581431,-1.315187,1.019213,0.275411,-0.592561,-0.402411,-0.641161,
373,2284713373,9.854952,1.877409,-0.218224,-1.308322,-1.334844,0.745938,0.275429,-0.592527,-0.402462,-0.641152,
374,2284730040,9.835938,1.900541,-0.243101,-1.401053,-1.348047,0.687246,0.275466,-0.592473,-0.402540,-0.641137,
375,2284746707,9.827618,1.916992,-0.205811,-1.669282,-1.373917,0.794615,0.275445,-0.592466,-0.402545,-0.641149,
376,2284763374,9.829581,1.935248,-0.232994,-1.954774,-1.370804,0.805142,0.275411,-0.592464,-0.402532,-0.641173,
377,2284780041,9.857679,1.942320,-0.227946,-2.588368,-0.922313,0.594106,0.275325,-0.592436,-0.402456,-0.641285,
378,2284796708,9.830727,1.843713,-0.244699,-2.898397,-0.808631,0.582516,0.275220,-0.592408,-0.402350,-0.641423,
379,2284813375,9.844355,1.832261,-0.199551,-2.445885,-1.547443,0.896950,0.275145,-0.592445,-0.402292,-0.641456,
380,2284830042,9.854851,1.811380,-0.206191,-1.644357,-1.819725,0.933594,0.275118,-0.592484,-0.402311,-0.641420,
381,2284846709,9.853282,1.839286,-0.243366,-0.988830,-1.220561,0.731876,0.275153,-0.592435,-0.402373,-0.641411,
382,2284863376,9.868547,1.883884,-0.223574,-0.197640,-0.852070,0.764763,0.275300,-0.592311,-0.402509,-0.641378,
383,2284880043,9.854186,1.870034,-0.228249,-0.820861,-0.852275,0.749268,0.275379,-0.592218,-0.402577,-0.641387,
384,2284896710,9.824181,1.901251,-0.221488,-1.391832,-1.061582,0.703702,0.275423,-0.592146,-0.402632,-0.641400,
385,2284913377,9.833586,1.928182,-0.210176,-2.137521,-1.938472,0.718609,0.275341,-0.592194,-0.402639,-0.641386,
386,2284930044,9.832545,1.904434,-0.207999,-2.357329,-1.484435,0.783012,0.275262,-0.592219,-0.402595,-0.641425,
387,2284946711,9.838877,1.875049,-0.214142,-2.632422,-1.490672,0.815297,0.275172,-0.592251,-0.402529,-0.641475,
388,2284963378,9.843981,1.851494,-0.211471,-1.432083,-1.065002,1.281794,0.275248,-0.592226,-0.402515,-0.641475,
389,2284980045,9.853588,1.890260,-0.194728,-0.933877,-1.109183,1.300850,0.275369,-0.592185,-0.402548,-0.641440,
390,2284996712,9.826130,1.895883,-0.201770,-2.065788,-1.367826,1.087318,0.275356,-0.592201,-0.402504,-0.641458,
391,2285013379,9.850614,1.880199,-0.205197,-2.768989,-1.702079,1.059027,0.275257,-0.592277,-0.402407,-0.641492,
392,2285030046,9.833615,1.911123,-0.203594,-2.203269,-1.289932,1.033056,0.275255,-0.592274,-0.402373,-0.641517,
393,2285046713,9.852180,1.931527,-0.170605,-2.335340,-1.104023,1.015076,0.275217,-0.592279,-0.402289,-0.641581,
394,2285063380,9.866343,1.909824,-0.188754,-2.694520,-1.117956,0.788570,0.275136,-0.592280,-0.402201,-0.641670,
395,2285080047,9.838840,1.885046,-0.280446,-1.755110,-1.121260,0.421796,0.275090,-0.592229,-0.402223,-0.641723,
396,2285096714,9.823645,1.808640,-0.280181,-0.829992,-1.300984,0.221006,0.275106,-0.592140,-0.402365,-0.641709,
397,2285113381,9.834077,1.839854,-0.222817,-0.465447,-1.444646,0.397272,0.275154,-0.592064,-0.402525,-0.641659,
398,2285130048,9.848292,1.839707,-0.179852,-0.174525,-1.372393,0.379894,0.275229,-0.591968,-0.402712,-0.641597,
399,2285146715,9.858153,1.893235,-0.158964,-0.654315,-1.147411,0.388308,0.275287,-0.591866,-0.402851,-0.641579,
400,2285163382,9.841154,1.907709,-0.176901,-0.367286,-1.100117,0.532712,0.275391,-0.591752,-0.403009,-0.641540,
401,2285180049,9.834447,1.921642,-0.224350,-0.860369,-1.237603,0.977522,0.275481,-0.591701,-0.403083,-0.641502,
402,2285196716,9.827602,1.946618,-0.233368,-1.599052,-1.624639,1.094872,0.275504,-0.591716,-0.403101,-0.641467,
403,2285213383,9.816161,1.963519,-0.204473,-1.983524,-1.905444,0.966169,0.275459,-0.591770,-0.403100,-0.641438,
404,2285230050,9.843038,1.959637,-0.235709,-3.071462,-1.873415,0.776571,0.275300,-0.591856,-0.403008,-0.641484,
405,2285246717,9.832848,1.951298,-0.136555,-2.623163,-1.539400,0.595809,0.275164,-0.591895,-0.402943,-0.641548,
406,2285263384,9.843040,1.881520,-0.186471,-3.175129,-1.116419,0.897911,0.275070,-0.591910,-0.402818,-0.641653,
407,2285280051,9.850562,1.806704,-0.216763,-3.408999,-1.238156,0.870416,0.274936,-0.591951,-0.402669,-0.641766,
408,2285296718,9.856962,1.809286,-0.223433,-1.810011,-1.388977,0.824569,0.274917,-0.591945,-0.402670,-0.641779,
409,2285313385,9.842105,1.891957,-0.235745,-0.877440,-1.276396,0.616683,0.274990,-0.591864,-0.402794,-0.641745,
410,2285330052,9.839363,1.889962,-0.169317,-2.230315,-1.587475,0.470102,0.274895,-0.591869,-0.402799,-0.641777,
411,2285346719,9.846642,1.924105,-0.185911,-2.473982,-1.870649,0.620538,0.274771,-0.591923,-0.402774,-0.641796,
412,2285363386,9.848800,1.919955,-0.204805,-1.188231,-1.274897,0.800336,0.274809,-0.591881,-0.402830,-0.641783,
413,2285380053,9.840754,1.922520,-0.164220,-1.233059,-1.257968,0.676937,0.274809,-0.591847,-0.402870,-0.641790,
414,2285396720,9.834159,1.929043,-0.194761,-2.181293,-1.226170,0.638877,0.274720,-0.591849,-0.402818,-0.641859,
415,2285413387,9.814049,1.912663,-0.216045,-0.842517,-1.333205,0.718302,0.274781,-0.591791,-0.402919,-0.641823,
416,2285430054,9.818812,1.952546,-0.183266,-1.043141,-1.477315,0.917901,0.274826,-0.591771,-0.402982,-0.641782,
417,2285446721,9.830268,1.913662,-0.177819,-2.072247,-1.765419,1.142691,0.274808,-0.591820,-0.402961,-0.641758,
418,2285463388,9.845633,1.900281,-0.229221,-1.433735,-1.713822,1.283894,0.274880,-0.591835,-0.403003,-0.641687,
419,2285480055,9.846655,1.893255,-0.239042,-1.510035,-1.431878,1.026448,0.274912,-0.591827,-0.403024,-0.641667,
420,2285496722,9.838069,1.882303,-0.208427,-1.551464,-1.366911,0.892916,0.274913,-0.591819,-0.403033,-0.641668,
421,2285513389,9.828314,1.913141,-0.223895,-0.577835,-1.817119,0.635329,0.274964,-0.591789,-0.403188,-0.641577,
422,2285530056,9.843054,1.912482,-0.197417,-0.135299,-1.540053,0.798713,0.275077,-0.591729,-0.403353,-0.641480,
423,2285546723,9.803394,1.917299,-0.186860,-0.220462,-0.811856,1.101803,0.275258,-0.591619,-0.403459,-0.641437,
424,2285563390,9.826111,1.877693,-0.230589,-0.949527,-1.221034,0.952440,0.275336,-0.591571,-0.403523,-0.641408,
425,2285580057,9.833170,1.844257,-0.251082,-0.556807,-0.979622,1.085037,0.275480,-0.591487,-0.403608,-0.641370,
426,2285596724,9.850001,1.868906,-0.201965,0.155066,-1.324176,1.461211,0.275665,-0.591452,-0.403709,-0.641259,
427,2285613391,9.878717,1.868488,-0.220853,1.434279,-0.625552,1.544619,0.276036,-0.591288,-0.403919,-0.641119,
428,2285630058,9.800084,1.854749,-0.223882,3.348073,-0.857065,1.480395,0.276567,-0.591054,-0.404337,-0.640842,
429,2285646725,9.831471,1.847310,-0.199674,5.354841,-0.883049,1.544388,0.277208,-0.590788,-0.404874,-0.640471,
430,2285663392,9.869346,1.865202,-0.252461,4.884285,-0.821656,1.545720,0.277870,-0.590498,-0.405418,-0.640107,
431,2285680059,9.877208,1.915606,-0.272718,3.499073,-1.492567,1.462453,0.278353,-0.590330,-0.405857,-0.639775,
432,2285696726,9.880720,1.939585,-0.332609,1.150529,-0.999830,1.384053,0.278633,-0.590220,-0.406042,-0.639636,
433,2285713393,9.824847,1.948097,-0.266719,2.518193,-0.727201,1.062446,0.279022,-0.590007,-0.406377,-0.639451,
434,2285730060,9.843513,1.940196,-0.189064,1.814282,-0.984130,0.978604,0.279345,-0.589831,-0.406679,-0.639280,
435,2285746727,9.817080,1.904718,-0.220093,0.702921,-1.565435,1.115503,0.279555,-0.589758,-0.406894,-0.639119,
436,2285763394,9.842918,1.978292,-0.212310,0.270003,-1.604021,1.564968,0.279766,-0.589735,-0.407028,-0.638963,
437,2285780061,9.835845,1.958782,-0.229526,-0.461362,-1.670806,1.698385,0.279950,-0.589737,-0.407112,-0.638826,
438,2285796728,9.822139,1.951589,-0.239437,-2.377166,-2.101522,1.431218,0.279868,-0.589875,-0.407011,-0.638800,
439,2285813395,9.859977,1.914837,-0.297316,-2.291889,-1.788663,1.427184,0.279852,-0.589954,-0.406942,-0.638777,
440,2285830062,9.828785,1.914677,-0.228953,-1.982718,-1.619568,1.401585,0.279824,-0.590032,-0.406857,-0.638771,
441,2285846729,9.834248,1.860004,-0.209488,-1.807027,-1.433364,1.394157,0.279850,-0.590068,-0.406807,-0.638759,
442,2285863396,9.872065,1.860234,-0.213063,-2.496482,-1.850069,1.206019,0.279780,-0.590155,-0.406730,-0.638758,
443,2285880063,9.874889,1.868482,-0.186429,-1.533061,-1.649868,1.196837,0.279851,-0.590155,-0.406779,-0.638696,
444,2285896730,9.829913,1.861512,-0.230914,-1.566810,-1.167856,1.225366,0.279895,-0.590148,-0.406752,-0.638700,
445,2285913397,9.823298,1.841885,-0.278894,-1.393907,-1.706792,0.729162,0.279874,-0.590155,-0.406804,-0.638670,
446,2285930064,9.842219,1.890291,-0.282359,-0.390030,-1.279598,1.152527,0.280040,-0.590085,-0.406928,-0.638583,
447,2285946731,9.818053,1.890667,-0.202375,-0.752207,-2.011609,1.559218,0.280128,-0.590147,-0.406976,-0.638456,
448,2285963398,9.848634,1.892422,-0.224788,-1.566434,-1.918481,1.622584,0.280201,-0.590210,-0.406978,-0.638365,
449,2285980065,9.826412,1.913020,-0.256630,-1.706561,-2.001799,1.748585,0.280268,-0.590294,-0.406959,-0.638270,
450,2285996732,9.852375,1.910869,-0.234678,-3.813898,-2.217458,1.538293,0.280080,-0.590498,-0.406734,-0.638308,
451,2286013399,9.840819,1.880103,-0.221340,-3.891863,-2.029781,1.594410,0.279925,-0.590676,-0.406510,-0.638353,
452,2286030066,9.845430,1.869974,-0.275187,-2.470217,-2.069634,1.317293,0.279865,-0.590783,-0.406445,-0.638322,
453,2286046733,9.842998,1.828505,-0.255466,-1.682844,-2.061080,0.832957,0.279817,-0.590836,-0.406483,-0.638270,
454,2286063400,9.845737,1.792443,-0.234037,-0.678916,-1.930711,1.006611,0.279880,-0.590845,-0.406596,-0.638162,
455,2286080067,9.832273,1.821694,-0.292343,-0.334573,-1.651670,1.374991,0.280019,-0.590839,-0.406693,-0.638045,
456,2286096734,9.858187,1.837412,-0.295395,0.114867,-2.588535,1.335363,0.280145,-0.590894,-0.406880,-0.637819,
457,2286113401,9.850268,1.885318,-0.241389,1.136186,-2.417711,1.574995,0.280361,-0.590925,-0.407108,-0.637550,
458,2286130068,9.821218,1.931910,-0.254201,1.759343,-1.464419,1.592707,0.280711,-0.590830,-0.407372,-0.637316,
459,2286146735,9.822081,1.879285,-0.271409,1.967638,-0.986563,1.424124,0.281095,-0.590668,-0.407655,-0.637115,
460,2286163402,9.847599,1.895566,-0.184793,-0.159183,-1.343783,1.506673,0.281259,-0.590647,-0.407726,-0.637017,
461,2286180069,9.824782,1.888685,-0.255233,-0.762593,-2.711642,1.416312,0.281291,-0.590766,-0.407813,-0.636836,
462,2286196736,9.874479,1.854620,-0.234085,-0.249173,-2.176260,1.416376,0.281377,-0.590828,-0.407906,-0.636681,
463,2286213403,9.867304,1.802785,-0.229347,-0.647784,-1.435758,1.192713,0.281461,-0.590819,-0.407959,-0.636619,
464,2286230070,9.846696,1.823784,-0.239190,-0.997871,-1.069804,1.191906,0.281607,-0.590745,-0.408029,-0.636577,
465,2286246737,9.814213,1.827785,-0.305760,-1.714054,-1.946989,1.214595,0.281592,-0.590814,-0.408023,-0.636523,
466,2286263404,9.848074,1.842193,-0.318820,-2.245081,-1.625779,0.689744,0.281511,-0.590839,-0.408007,-0.636547,
467,2286280071,9.854630,1.774466,-0.310384,-0.084868,-1.202106,0.858211,0.281666,-0.590740,-0.408167,-0.636467,
468,2286296738,9.873405,1.839243,-0.255535,0.581223,-0.470352,1.135545,0.281949,-0.590562,-0.408336,-0.636400,
469,2286313405,9.824189,1.828325,-0.215715,-2.691242,-1.382650,0.916122,0.281833,-0.590616,-0.408220,-0.636475,
470,2286330072,9.829379,1.824517,-0.377502,-1.194218,-1.671792,0.934102,0.281859,-0.590619,-0.408279,-0.636423,
471,2286346739,9.856391,1.829514,-0.357560,-2.081070,-1.578050,1.175911,0.281820,-0.590674,-0.408216,-0.636429,
472,2286363406,9.824825,1.782119,-0.247501,-1.775101,-1.723709,1.395309,0.281817,-0.590744,-0.408167,-0.636397,
473,2286380073,9.860144,1.801274,-0.234824,-0.630085,-1.231664,1.784136,0.281979,-0.590744,-0.408171,-0.636322,
474,2286396740,9.860288,1.794968,-0.295675,-0.864211,-0.592178,1.451209,0.282121,-0.590680,-0.408150,-0.636333,
475,2286413407,9.848318,1.751859,-0.307869,-0.480481,-1.527938,1.620432,0.282279,-0.590681,-0.408209,-0.636223,
476,2286430074,9.856613,1.838150,-0.254765,0.563020,-2.620298,1.705543,0.282458,-0.590753,-0.408392,-0.635960,
477,2286446741,9.858389,1.888618,-0.286842,0.233261,-1.446003,1.792562,0.282684,-0.590737,-0.408485,-0.635814,
478,2286463408,9.809183,1.923205,-0.318656,-0.689545,-0.854773,1.647082,0.282865,-0.590688,-0.408494,-0.635775,
479,2286480075,9.859643,1.872331,-0.302798,-2.636238,-1.660753,1.649797,0.282842,-0.590786,-0.408364,-0.635777,
480,2286496742,9.818296,1.793939,-0.275152,-3.039024,-1.823676,1.575316,0.282761,-0.590916,-0.408205,-0.635795,
481,2286513409,9.847536,1.785456,-0.239764,-1.482399,-2.323200,1.662744,0.282799,-0.591028,-0.408209,-0.635671,
482,2286530076,9.875456,1.797765,-0.255984,-0.864275,-1.561722,2.181926,0.282956,-0.591093,-0.408169,-0.635566,
483,2286546743,9.836576,1.892522,-0.370003,-0.541209,-1.164981,2.626525,0.283222,-0.591125,-0.408120,-0.635450,
484,2286563410,9.864054,1.899389,-0.273277,-1.381805,-1.158539,2.252618,0.283363,-0.591179,-0.408008,-0.635408,
485,2286580077,9.831968,1.867859,-0.295081,-1.077808,-1.700005,1.596113,0.283450,-0.591224,-0.408015,-0.635323,
486,2286596744,9.860628,1.831480,-0.243614,-2.128313,-1.828324,1.098906,0.283382,-0.591302,-0.407962,-0.635315,
487,2286613411,9.855252,1.809919,-0.277120,-2.012779,-1.438931,1.373186,0.283384,-0.591348,-0.407890,-0.635318,
488,2286630078,9.873259,1.791454,-0.268379,-0.272455,-1.614599,1.798236,0.283595,-0.591343,-0.407978,-0.635171,
489,2286646745,9.869677,1.810357,-0.254557,0.208865,-1.186752,1.541737,0.283817,-0.591286,-0.408086,-0.635056,
490,2286663412,9.858384,1.838604,-0.299516,0.095362,-0.335795,1.403262,0.284084,-0.591135,-0.408176,-0.635020,
491,2286680079,9.842397,1.843483,-0.282447,-1.047956,-1.330682,1.467307,0.284221,-0.591113,-0.408215,-0.634953,
492,2286696746,9.851943,1.862549,-0.271211,-1.263910,-1.864310,1.502486,0.284267,-0.591179,-0.408213,-0.634872,
493,2286713413,9.832564,1.840732,-0.250759,-1.237221,-2.106081,1.329651,0.284308,-0.591242,-0.408259,-0.634766,
494,2286730080,9.888936,1.808565,-0.230013,-2.831509,-2.009636,1.516099,0.284233,-0.591374,-0.408136,-0.634756,
495,2286746747,9.862706,1.757645,-0.313398,-3.368007,-1.137409,1.842277,0.284200,-0.591463,-0.407906,-0.634835,
496,2286763414,9.853546,1.777301,-0.332017,-1.546917,-1.856677,1.822171,0.284282,-0.591540,-0.407877,-0.634746,
497,2286780081,9.869904,1.766877,-0.258909,-0.501565,-2.337517,1.699588,0.284383,-0.591630,-0.407949,-0.634570,
498,2286796748,9.868644,1.774123,-0.294102,-1.205641,-1.943338,1.518519,0.284463,-0.591682,-0.407983,-0.634464,
499,2286813415,9.872290,1.788160,-0.249387,-1.504259,-0.760351,1.371899,0.284582,-0.591623,-0.407960,-0.634480,
500,2286830082,9.852424,1.760623,-0.349569,-0.511665,-0.944404,1.225651,0.284723,-0.591556,-0.408015,-0.634444,
501,2286846749,9.860178,1.796606,-0.277387,0.015451,-1.663160,1.090723,0.284868,-0.591516,-0.408172,-0.634315,
502,2286863416,9.841312,1.771548,-0.285767,-1.557905,-2.266583,1.156164,0.284820,-0.591619,-0.408177,-0.634237,
503,2286880083,9.892399,1.712381,-0.350136,-0.751182,-1.850684,0.970318,0.284896,-0.591610,-0.408298,-0.634134,
504,2286896750,9.870732,1.754428,-0.238086,0.054152,-0.616869,0.848517,0.285103,-0.591446,-0.408453,-0.634094,
505,2286913417,9.850382,1.789097,-0.267025,0.236681,-0.998524,0.891456,0.285271,-0.591336,-0.408603,-0.634025,
506,2286930084,9.850417,1.831587,-0.264801,-0.516006,-1.727256,0.949943,0.285369,-0.591306,-0.408740,-0.633920,
507,2286946751,9.867384,1.859569,-0.316794,-1.148538,-1.411593,1.096998,0.285443,-0.591283,-0.408791,-0.633875,
508,2286963418,9.834718,1.838233,-0.316889,-2.204386,-1.699850,1.040738,0.285397,-0.591332,-0.408755,-0.633873,
509,2286980085,9.838665,1.773503,-0.258028,-2.901509,-1.598386,1.017099,0.285264,-0.591418,-0.408625,-0.633936,
510,2286996752,9.880342,1.760718,-0.275140,-3.851895,-2.085566,1.117284,0.285044,-0.591586,-0.408431,-0.634003,
511,2287013419,9.857251,1.705025,-0.331078,-2.964325,-2.239229,1.093733,0.284883,-0.591735,-0.408322,-0.634008,
512,2287030086,9.874951,1.722476,-0.340302,-1.070867,-1.284080,1.020442,0.284955,-0.591698,-0.408373,-0.633977,
513,2287046753,9.850527,1.771705,-0.248498,-0.531438,-1.257545,0.785638,0.285047,-0.591627,-0.408487,-0.633928,
514,2287063420,9.847064,1.771102,-0.295097,-1.022766,-1.935219,0.702704,0.285061,-0.591627,-0.408601,-0.633849,
515,2287080087,9.855659,1.797656,-0.359520,-0.471171,-1.673508,0.977144,0.285167,-0.591593,-0.408736,-0.633746,
516,2287096754,9.845762,1.852987,-0.269662,-0.874123,-1.464445,1.265940,0.285260,-0.591584,-0.408785,-0.633680,
517,2287113421,9.833007,1.868877,-0.288337,-1.604418,-1.087170,1.379724,0.285333,-0.591572,-0.408749,-0.633682,
518,2287130088,9.825117,1.916012,-0.252967,-3.348297,-2.218649,0.960495,0.285194,-0.591684,-0.408676,-0.633688,
519,2287146755,9.872874,1.922474,-0.383641,-3.738000,-1.726207,1.072129,0.285059,-0.591774,-0.408534,-0.633756,
520,2287163422,9.860463,1.846264,-0.322355,-4.159284,-1.587270,0.975978,0.284824,-0.591903,-0.408300,-0.633891,
521,2287180089,9.893261,1.753028,-0.264689,-3.997131,-1.455365,0.907708,0.284636,-0.591989,-0.408110,-0.634018,
522,2287196756,9.876772,1.686526,-0.252861,-4.831119,-1.183409,0.819062,0.284374,-0.592086,-0.407829,-0.634226,
523,2287213423,9.885553,1.657487,-0.298063,-3.342675,-2.051078,0.594362,0.284136,-0.592208,-0.407712,-0.634294,
524,2287230090,9.867873,1.657373,-0.321959,-2.625814,-1.826083,0.572604,0.284022,-0.592246,-0.407700,-0.634317,
525,2287246757,9.866495,1.673502,-0.444779,-1.168848,-1.625664,0.749050,0.284062,-0.592215,-0.407799,-0.634264,
526,2287263424,9.877837,1.752563,-0.349676,1.215560,-0.580102,1.060449,0.284391,-0.592012,-0.408042,-0.634150,
527,2287280091,9.826612,1.786247,-0.298438,0.625404,-0.894882,1.158686,0.284652,-0.591874,-0.408227,-0.634042,
528,2287296758,9.834565,1.849606,-0.265645,-0.299976,-1.320091,1.222039,0.284812,-0.591818,-0.408338,-0.633951,
529,2287313425,9.839290,1.885588,-0.304222,-1.185125,-1.527541,1.338360,0.284869,-0.591841,-0.408342,-0.633902,
530,2287330092,9.849754,1.964571,-0.292428,-0.792095,-1.582102,1.160114,0.284963,-0.591827,-0.408421,-0.633821,
531,2287346759,9.853027,1.899934,-0.273703,-3.022786,-1.836328,0.516922,0.284775,-0.591901,-0.408347,-0.633885,
532,2287363426,9.857858,1.847446,-0.292325,-3.345224,-2.122038,0.089728,0.284516,-0.591981,-0.408304,-0.633955,
533,2287380093,9.879671,1.721923,-0.312796,-3.318369,-1.385020,-0.063558,0.284273,-0.591992,-0.408231,-0.634099,
534,2287396760,9.824516,1.649924,-0.325640,-1.985266,-1.256290,0.242981,0.284201,-0.591942,-0.408267,-0.634155,
535,2287413427,9.868211,1.671229,-0.286706,-0.591743,-1.212851,0.654347,0.284289,-0.591855,-0.408394,-0.634115,
536,2287430094,9.858385,1.670458,-0.266734,-0.166739,-0.801076,1.128054,0.284493,-0.591734,-0.408513,-0.634060,
537,2287446761,9.861989,1.772043,-0.339145,-0.167738,-0.589374,1.307099,0.284709,-0.591615,-0.408592,-0.634024,
538,2287463428,9.856568,1.820521,-0.348701,0.208942,-1.745480,1.369121,0.284910,-0.591580,-0.408763,-0.633856,
539,2287480095,9.876550,1.907580,-0.258860,-1.832934,-1.899233,1.178126,0.284905,-0.591634,-0.408765,-0.633806,
540,2287496762,9.842592,1.871330,-0.387694,-4.003365,-2.383763,0.885427,0.284647,-0.591813,-0.408604,-0.633859,
541,2287513429,9.898063,1.791503,-0.316816,-3.206403,-1.322742,0.947036,0.284524,-0.591866,-0.408463,-0.633956,
542,2287530096,9.827673,1.758868,-0.295583,-3.005535,-1.009256,0.948957,0.284446,-0.591875,-0.408337,-0.634063,
543,2287546763,9.837098,1.705234,-0.387943,-2.297292,-2.177925,0.849106,0.284346,-0.591961,-0.408328,-0.634034,
544,2287563430,9.874417,1.745919,-0.251076,-1.200723,-2.176016,1.156573,0.284328,-0.592045,-0.408357,-0.633945,
545,2287580097,9.875228,1.783898,-0.334388,-0.824281,-1.188224,1.369748,0.284457,-0.592012,-0.408394,-0.633894,
546,2287596764,9.877348,1.848624,-0.330316,1.043609,-0.448978,1.196837,0.284713,-0.591863,-0.408530,-0.633830,
547,2287613431,9.851501,1.893021,-0.261165,1.006253,-0.235765,0.780054,0.284982,-0.591644,-0.408730,-0.633786,
548,2287630098,9.815761,1.912925,-0.262124,-0.178303,-1.233892,0.524362,0.285092,-0.591534,-0.408907,-0.633724,
549,2287646765,9.849501,1.875229,-0.270787,-2.218111,-1.979542,0.454670,0.284920,-0.591609,-0.408882,-0.633748,
550,2287663432,9.869599,1.769164,-0.319099,-3.485082,-1.811343,0.733618,0.284714,-0.591713,-0.408745,-0.633832,
551,2287680099,9.831920,1.721783,-0.293806,-3.408884,-1.333439,0.954649,0.284574,-0.591775,-0.408587,-0.633938,
552,2287696766,9.871242,1.699248,-0.316425,-1.317069,-1.487637,1.140245,0.284608,-0.591785,-0.408598,-0.633907,
553,2287713433,9.867613,1.805768,-0.313115,0.080353,-1.027159,1.150311,0.284805,-0.591686,-0.408732,-0.633824,
554,2287730100,9.887919,1.824688,-0.238368,0.094620,-0.954893,0.833636,0.284954,-0.591577,-0.408869,-0.633771,
555,2287746767,9.847039,1.820837,-0.300369,-1.504080,-1.062248,0.732248,0.284989,-0.591512,-0.408909,-0.633789,
556,2287763434,9.858387,1.791224,-0.372729,-2.522499,-1.584818,0.543847,0.284885,-0.591528,-0.408889,-0.633834,
557,2287780101,9.845321,1.750476,-0.353345,-1.544062,-1.294671,0.716714,0.284867,-0.591509,-0.408904,-0.633851,
558,2287796768,9.870225,1.842249,-0.287673,-1.478941,-1.829938,0.650249,0.284840,-0.591516,-0.408974,-0.633811,
559,2287813435,9.868012,1.847946,-0.286581,-1.130032,-0.936874,0.629887,0.284895,-0.591424,-0.409042,-0.633828,
560,2287830102,9.864929,1.816033,-0.238438,-0.868130,-0.547817,0.689820,0.284987,-0.591300,-0.409100,-0.633866,
561,2287846769,9.838558,1.785038,-0.337558,-1.925845,-1.275973,0.730186,0.284940,-0.591293,-0.409079,-0.633907,
562,2287863436,9.848303,1.779014,-0.373607,-2.016699,-1.541196,0.871595,0.284904,-0.591309,-0.409067,-0.633915,
563,2287880103,9.867780,1.865278,-0.291788,-1.837634,-2.223644,0.889010,0.284808,-0.591406,-0.409066,-0.633869,
564,2287896770,9.856175,1.880248,-0.256346,-2.058851,-0.929370,0.930670,0.284801,-0.591377,-0.409013,-0.633933,
565,2287913437,9.850178,1.842169,-0.276101,-2.704509,-0.611503,0.534582,0.284741,-0.591309,-0.408940,-0.634071,
566,2287930104,9.838790,1.755939,-0.344392,-2.659008,-0.873470,0.491604,0.284643,-0.591275,-0.408865,-0.634194,
567,2287946771,9.854933,1.710475,-0.328800,-1.635294,-1.734236,0.688950,0.284597,-0.591292,-0.408899,-0.634177,
568,2287963438,9.852438,1.730619,-0.295609,-0.967866,-1.690579,0.812915,0.284620,-0.591287,-0.408981,-0.634120,
569,2287980105,9.867320,1.757300,-0.269123,-0.862751,-1.904791,0.839719,0.284640,-0.591299,-0.409077,-0.634037,
570,2287996772,9.892329,1.813587,-0.299312,-0.742781,-1.069049,0.866522,0.284734,-0.591223,-0.409158,-0.634013,
571,2288013439,9.846353,1.838316,-0.275221,-0.997269,-0.761555,0.853255,0.284838,-0.591119,-0.409218,-0.634025,
572,2288030106,9.859975,1.884102,-0.296936,-1.492657,-0.939389,0.836145,0.284859,-0.591070,-0.409214,-0.634064,
573,2288046773,9.834274,1.881016,-0.317135,-2.162070,-1.526543,0.661915,0.284776,-0.591089,-0.409193,-0.634097,
574,2288063440,9.851839,1.820870,-0.322869,-3.974873,-1.791852,0.898948,0.284537,-0.591225,-0.408989,-0.634208,
575,2288080107,9.863692,1.783292,-0.337466,-3.967394,-1.391269,1.276031,0.284332,-0.591363,-0.408714,-0.634350,
576,2288096774,9.840645,1.815833,-0.306628,-3.410305,-1.968374,1.370286,0.284188,-0.591512,-0.408541,-0.634387,
577,2288113441,9.832034,1.814310,-0.265300,-3.348002,-2.024300,1.362026,0.284082,-0.591639,-0.408412,-0.634399,
578,2288130108,9.871840,1.828004,-0.250371,-2.573039,-2.044163,1.118526,0.283981,-0.591745,-0.408339,-0.634391,
579,2288146775,9.880934,1.775203,-0.300376,-3.295061,-1.419443,1.092234,0.283850,-0.591825,-0.408175,-0.634482,
580,2288163442,9.866766,1.767672,-0.322546,-2.490118,-1.352978,0.906478,0.283780,-0.591850,-0.408103,-0.634536,
581,2288180109,9.860280,1.773646,-0.269372,-1.757364,-2.020611,0.774137,0.283708,-0.591908,-0.408126,-0.634500,
582,2288196776,9.862309,1.777260,-0.290738,-1.449230,-1.996535,0.983880,0.283699,-0.591953,-0.408172,-0.634432,
583,2288213443,9.851777,1.797664,-0.335472,-1.131470,-1.364573,1.066647,0.283773,-0.591924,-0.408224,-0.634392,
584,2288230110,9.879539,1.841262,-0.312360,-0.772569,-1.447245,1.151003,0.283878,-0.591896,-0.408302,-0.634321,
585,2288246777,9.833726,1.839026,-0.297915,-2.216587,-1.641825,0.770231,0.283817,-0.591919,-0.408293,-0.634333,
586,2288263444,9.836603,1.860911,-0.314963,-1.699019,-1.897747,0.844380,0.283783,-0.591955,-0.408327,-0.634293,
587,2288280111,9.872646,1.825176,-0.296828,-2.140812,-1.762269,0.923536,0.283748,-0.591986,-0.408328,-0.634278,
588,2288296778,9.833444,1.805502,-0.340966,-2.968102,-1.848135,1.081810,0.283611,-0.592096,-0.408205,-0.634316,
589,2288313445,9.845954,1.793109,-0.284528,-2.190257,-2.174428,0.958190,0.283538,-0.592178,-0.408204,-0.634273,
590,2288330112,9.860168,1.764580,-0.339661,-2.249448,-0.426874,1.271920,0.283574,-0.592132,-0.408082,-0.634378,
591,2288346779,9.859090,1.737000,-0.284076,-1.554845,-0.647989,1.273957,0.283634,-0.592093,-0.408010,-0.634434,
592,2288363446,9.856849,1.818553,-0.284932,-1.316454,-1.882380,1.353061,0.283663,-0.592153,-0.408019,-0.634359,
593,2288380113,9.872015,1.877965,-0.306067,-1.798114,-2.320690,1.158879,0.283623,-0.592252,-0.408033,-0.634276,
594,2288396780,9.831987,1.888624,-0.263262,-1.443746,-1.535663,1.064252,0.283658,-0.592253,-0.408062,-0.634240,
595,2288413447,9.858157,1.852414,-0.364898,-0.591948,-1.279009,0.784677,0.283734,-0.592192,-0.408163,-0.634198,
596,2288430114,9.866242,1.815124,-0.304147,-2.858262,-0.971643,0.666385,0.283603,-0.592203,-0.408034,-0.634329,
597,2288446781,9.856176,1.794976,-0.319574,-3.076495,-1.843807,0.741750,0.283443,-0.592285,-0.407948,-0.634380,
598,2288463448,9.858653,1.778851,-0.291549,-2.936739,-1.711645,0.828782,0.283301,-0.592361,-0.407851,-0.634435,
599,2288480115,9.851093,1.718751,-0.302909,-2.077305,-1.210085,1.033569,0.283288,-0.592363,-0.407801,-0.634471,
600,2288496782,9.847041,1.720758,-0.364454,0.198069,-0.743959,0.906337,0.283489,-0.592219,-0.407955,-0.634417,
601,2288513449,9.872182,1.754982,-0.319548,-0.797259,-0.899697,0.888255,0.283593,-0.592130,-0.408024,-0.634409,
602,2288530116,9.834371,1.830443,-0.304904,-1.583505,-1.677593,0.914700,0.283596,-0.592140,-0.408061,-0.634374,
603,2288546783,9.840443,1.870489,-0.307494,-1.579177,-2.091572,1.019174,0.283579,-0.592197,-0.408101,-0.634303,
604,2288563450,9.864845,1.789304,-0.325943,-2.366473,-1.667745,1.164360,0.283519,-0.592266,-0.408025,-0.634314,
605,2288580117,9.884873,1.748115,-0.322258,-1.310117,-1.196159,1.092838,0.283577,-0.592240,-0.408039,-0.634304,
606,2288596784,9.860627,1.729430,-0.321807,-1.988967,-0.940755,0.765122,0.283579,-0.592187,-0.408025,-0.634361,
607,2288613451,9.860423,1.734936,-0.316666,-0.846051,-1.310909,0.512081,0.283598,-0.592130,-0.408119,-0.634346,
608,2288630118,9.844153,1.782353,-0.259645,-0.335206,-1.458874,0.589086,0.283686,-0.592051,-0.408285,-0.634273,
609,2288646785,9.860330,1.849572,-0.314032,-0.309197,-1.401655,0.796459,0.283805,-0.591976,-0.408438,-0.634191,
610,2288663452,9.859053,1.886583,-0.320025,-0.997154,-0.760287,0.768400,0.283911,-0.591861,-0.408514,-0.634202,
611,2288680119,9.843963,1.895035,-0.369853,-1.877347,-0.147452,0.499288,0.283943,-0.591716,-0.408497,-0.634334,
612,2288696786,9.821915,1.846425,-0.289532,-2.945384,-1.535353,0.366563,0.283751,-0.591759,-0.408417,-0.634432,
613,2288713453,9.857357,1.810308,-0.312872,-2.537565,-1.541565,0.620871,0.283649,-0.591781,-0.408381,-0.634480,
614,2288730120,9.851147,1.772824,-0.338995,-1.656719,-1.467454,0.849759,0.283638,-0.591780,-0.408394,-0.634477,
615,2288746787,9.860840,1.756264,-0.304333,-2.027892,-1.377828,1.069478,0.283615,-0.591802,-0.408347,-0.634497,
616,2288763454,9.871925,1.807252,-0.329905,-1.673931,-1.819513,1.067838,0.283605,-0.591845,-0.408358,-0.634455,
617,2288780121,9.854104,1.837497,-0.338204,-1.709059,-1.495167,0.913791,0.283583,-0.591859,-0.408352,-0.634455,
618,2288796788,9.872208,1.853369,-0.321555,-2.472765,-1.297424,0.796485,0.283508,-0.591873,-0.408289,-0.634517,
619,2288813455,9.838161,1.757098,-0.301465,-2.941234,-0.761043,0.549028,0.283410,-0.591835,-0.408189,-0.634659,
620,2288830122,9.857428,1.742634,-0.315577,-2.200182,-1.490813,0.444515,0.283314,-0.591834,-0.408189,-0.634703,
621,2288846789,9.844295,1.752228,-0.293894,-0.307980,-0.752847,0.591532,0.283436,-0.591698,-0.408318,-0.634693,
622,2288863456,9.818715,1.809318,-0.349817,0.271066,-1.345397,0.716816,0.283582,-0.591600,-0.408513,-0.634593,
623,2288880123,9.854431,1.878014,-0.273789,-0.126347,-1.547558,0.763636,0.283667,-0.591553,-0.408658,-0.634506,
624,2288896790,9.864820,1.837787,-0.288830,-1.845139,-0.944673,0.905544,0.283660,-0.591525,-0.408613,-0.634564,
625,2288913457,9.842903,1.834977,-0.325602,-2.234990,-0.739080,0.887141,0.283642,-0.591485,-0.408536,-0.634659,
626,2288930124,9.862793,1.799086,-0.319684,-2.880410,-1.223797,0.873208,0.283518,-0.591529,-0.408403,-0.634759,
627,2288946791,9.859651,1.813559,-0.282480,-2.546940,-0.956109,0.996789,0.283479,-0.591523,-0.408305,-0.634845,
628,2288963458,9.843180,1.796445,-0.288992,-0.984501,-1.080933,0.797381,0.283545,-0.591455,-0.408370,-0.634837,
629,2288980125,9.874147,1.831189,-0.267058,-1.204552,-1.120504,0.558069,0.283573,-0.591382,-0.408442,-0.634847,
630,2288996792,9.857365,1.798479,-0.331542,-0.746098,-0.935094,0.384876,0.283624,-0.591270,-0.408553,-0.634857,
631,2289013459,9.823040,1.810877,-0.307391,-0.753423,-1.179811,0.451686,0.283638,-0.591202,-0.408642,-0.634856,
632,2289030126,9.852187,1.805512,-0.268150,-1.800522,-1.308130,0.498724,0.283593,-0.591170,-0.408667,-0.634890,
633,2289046793,9.853665,1.820865,-0.292760,-1.968567,-1.176827,0.673428,0.283567,-0.591137,-0.408666,-0.634933,
634,2289063460,9.854626,1.832490,-0.288537,-2.170459,-1.053374,0.686171,0.283506,-0.591119,-0.408614,-0.635010,
635,2289080127,9.822579,1.818138,-0.304664,-1.658730,-1.335894,0.691601,0.283481,-0.591102,-0.408630,-0.635028,
636,2289096794,9.827000,1.858956,-0.257212,-0.862661,-1.458425,0.774637,0.283526,-0.591066,-0.408718,-0.634984,
637,2289113461,9.845387,1.876027,-0.297461,-2.693862,-1.439482,0.710661,0.283401,-0.591106,-0.408634,-0.635057,
638,2289130128,9.861045,1.843133,-0.318336,-3.183607,-1.206115,0.603659,0.283237,-0.591138,-0.408503,-0.635184,
639,2289146795,9.851756,1.823312,-0.290595,-2.740110,-0.645555,0.775380,0.283165,-0.591108,-0.408381,-0.635324,
640,2289163462,9.860469,1.743985,-0.272066,-2.182445,-1.086183,1.202535,0.283146,-0.591125,-0.408283,-0.635378,
641,2289180129,9.844514,1.734460,-0.280907,-2.010661,-1.543690,1.172748,0.283114,-0.591175,-0.408225,-0.635383,
642,2289196796,9.852032,1.782558,-0.301682,-1.132402,-0.939333,0.821342,0.283150,-0.591119,-0.408243,-0.635407,
643,2289213463,9.843615,1.871081,-0.284156,-1.703181,-1.459540,0.509622,0.283096,-0.591104,-0.408275,-0.635425,
644,2289230130,9.859621,1.920705,-0.321659,-2.180717,-1.020628,0.511262,0.283011,-0.591079,-0.408229,-0.635516,
645,2289246797,9.817558,1.893250,-0.314513,-2.680484,-1.659357,0.438560,0.282858,-0.591117,-0.408188,-0.635575,
646,2289263464,9.873036,1.833276,-0.328300,-1.842834,-1.334345,0.698337,0.282826,-0.591101,-0.408193,-0.635601,
647,2289280131,9.853111,1.789889,-0.303046,-1.467465,-1.244276,1.017890,0.282851,-0.591088,-0.408192,-0.635603,
648,2289296798,9.852230,1.805169,-0.247094,-1.570545,-1.821140,0.994483,0.282837,-0.591126,-0.408214,-0.635559,
649,2289313465,9.886754,1.856042,-0.275135,-2.468539,-1.742791,1.087291,0.282754,-0.591203,-0.408137,-0.635574,
650,2289330132,9.825143,1.847670,-0.279622,-2.332613,-1.501365,0.800493,0.282683,-0.591227,-0.408098,-0.635609,
651,2289346799,9.856800,1.856454,-0.349464,-1.537825,-1.341132,0.828961,0.282685,-0.591210,-0.408117,-0.635612,
652,2289363466,9.845350,1.847461,-0.271767,-1.769274,-1.318913,1.001553,0.282691,-0.591206,-0.408104,-0.635620,
653,2289380133,9.856744,1.832299,-0.248663,-2.683737,-0.970875,1.008302,0.282642,-0.591207,-0.407994,-0.635712,
654,2289396800,9.846501,1.803777,-0.308882,-1.864899,-1.318683,0.904519,0.282643,-0.591193,-0.407993,-0.635725,
655,2289413467,9.871667,1.853552,-0.281535,-1.937422,-1.299537,0.669535,0.282596,-0.591181,-0.407985,-0.635762,
656,2289430134,9.811092,1.811758,-0.322148,-1.264128,-1.145874,0.872721,0.282636,-0.591138,-0.408017,-0.635764,
657,2289446801,9.858325,1.887232,-0.298422,-0.463667,-1.480632,0.867752,0.282709,-0.591103,-0.408121,-0.635697,
658,2289463468,9.827073,1.854564,-0.272118,-0.802917,-1.390917,0.891382,0.282773,-0.591067,-0.408201,-0.635651,
659,2289480135,9.863787,1.890515,-0.301878,-0.878311,-1.039235,0.895388,0.282836,-0.591011,-0.408245,-0.635647,
660,2289496802,9.840789,1.859662,-0.270767,-2.446269,-0.606752,0.921679,0.282822,-0.590962,-0.408151,-0.635759,
661,2289513469,9.835066,1.800126,-0.324842,-2.944346,-1.337367,0.799443,0.282695,-0.591005,-0.408037,-0.635849,
662,2289530136,9.859841,1.774125,-0.319452,-1.560082,-1.951688,1.100571,0.282643,-0.591087,-0.408017,-0.635808,
663,2289546803,9.848546,1.788651,-0.260343,-1.681102,-1.234929,1.123213,0.282652,-0.591093,-0.407980,-0.635823,
664,2289563470,9.840313,1.808019,-0.284096,-0.976407,-1.712119,1.119550,0.282695,-0.591112,-0.408031,-0.635754,
665,2289580137,9.871892,1.853881,-0.286569,-1.315481,-1.768237,1.099957,0.282690,-0.591157,-0.408041,-0.635707,
666,2289596804,9.813795,1.833166,-0.304650,-2.172290,-1.254254,1.045337,0.282668,-0.591168,-0.407984,-0.635744,
667,2289613471,9.861269,1.862271,-0.284524,-2.035761,-1.394496,1.019840,0.282645,-0.591185,-0.407945,-0.635762,
668,2289630138,9.852343,1.808802,-0.379528,-1.665120,-0.987754,0.992332,0.282678,-0.591147,-0.407929,-0.635794,
669,2289646805,9.834956,1.791400,-0.290791,-1.281659,-1.107278,0.826898,0.282714,-0.591099,-0.407961,-0.635802,
670,2289663472,9.839382,1.742407,-0.252917,-0.544206,-1.026121,0.926226,0.282837,-0.591012,-0.408057,-0.635766,
671,2289680139,9.862622,1.825437,-0.286795,-0.208910,-0.874059,1.052804,0.283008,-0.590906,-0.408166,-0.635718,
672,2289696806,9.814627,1.868950,-0.218321,-0.870819,-1.172818,1.079428,0.283080,-0.590874,-0.408199,-0.635695,
673,2289713473,9.843131,1.909600,-0.307906,-1.230050,-1.712478,1.157508,0.283110,-0.590902,-0.408227,-0.635637,
674,2289730140,9.856766,1.881605,-0.295250,-1.820410,-1.573811,0.982100,0.283092,-0.590925,-0.408220,-0.635629,
675,2289746807,9.866967,1.804545,-0.301769,-1.960153,-0.709741,0.910346,0.283106,-0.590869,-0.408170,-0.635707,
676,2289763474,9.854187,1.775678,-0.300342,-1.165608,-0.743101,0.728227,0.283184,-0.590764,-0.408223,-0.635735,
677,2289780141,9.832666,1.787177,-0.276074,-1.009819,-1.139112,0.467413,0.283214,-0.590683,-0.408317,-0.635737,
678,2289796808,9.855324,1.816437,-0.298042,0.094645,-0.950078,0.727010,0.283369,-0.590557,-0.408479,-0.635681,
679,2289813475,9.850779,1.836152,-0.300895,0.428558,-0.694232,0.937188,0.283591,-0.590404,-0.408646,-0.635617,
680,2289830142,9.835987,1.803998,-0.239010,0.644461,-1.059021,1.006787,0.283815,-0.590281,-0.408841,-0.635507,
681,2289846809,9.826075,1.812759,-0.301493,-0.052237,-1.301509,1.105822,0.283964,-0.590220,-0.408964,-0.635416,
682,2289863476,9.876252,1.914197,-0.263992,-0.081679,-1.233034,1.326860,0.284132,-0.590170,-0.409059,-0.635327,
683,2289880143,9.831667,1.915141,-0.290551,-1.384200,-1.157694,1.336848,0.284166,-0.590184,-0.409006,-0.635332,
684,2289896810,9.829022,1.905761,-0.269325,-2.745809,-1.684150,1.130679,0.284071,-0.590268,-0.408901,-0.635365,
685,2289913477,9.837223,1.833609,-0.284118,-2.492039,-1.926178,1.084807,0.283983,-0.590357,-0.408837,-0.635362,
686,2289930144,9.844099,1.816183,-0.235886,-2.412716,-1.853745,1.246653,0.283901,-0.590459,-0.408745,-0.635363,
687,2289946811,9.848705,1.825947,-0.296900,-2.097552,-1.805849,1.291245,0.283858,-0.590544,-0.408680,-0.635346,
688,2289963478,9.882544,1.803116,-0.229490,-1.987558,-1.313688,1.184427,0.283854,-0.590565,-0.408624,-0.635364,
689,2289980145,9.825374,1.766280,-0.277378,-1.193296,-0.792982,1.095897,0.283947,-0.590496,-0.408633,-0.635380,
690,2289996812,9.830531,1.806910,-0.293212,-0.982101,-1.458718,1.222753,0.284031,-0.590487,-0.408678,-0.635322,
691,2290013479,9.850834,1.803082,-0.305298,-0.845129,-2.016718,1.278042,0.284088,-0.590534,-0.408745,-0.635210,
692,2290030146,9.846039,1.843709,-0.311398,-0.217042,-1.501288,1.554915,0.284271,-0.590514,-0.408839,-0.635086,
693,2290046813,9.843806,1.831639,-0.236578,-0.785042,-1.477136,1.284112,0.284343,-0.590524,-0.408868,-0.635026,
694,2290063480,9.858770,1.816351,-0.249334,-1.538081,-1.561594,0.919413,0.284332,-0.590538,-0.408881,-0.635010,
695,2290080147,9.869713,1.838175,-0.267370,-2.280107,-1.127048,0.903623,0.284285,-0.590540,-0.408811,-0.635075,
696,2290096814,9.854603,1.829357,-0.235556,-2.237794,-1.257750,1.149389,0.284254,-0.590567,-0.408728,-0.635116,
697,2290113481,9.854692,1.822234,-0.280955,-2.063551,-1.628417,1.154396,0.284229,-0.590614,-0.408687,-0.635110,
698,2290130148,9.843626,1.809490,-0.327491,-1.038416,-1.364273,1.274392,0.284295,-0.590617,-0.408697,-0.635071,
699,2290146815,9.848192,1.851703,-0.295379,-0.235624,-1.238502,1.361091,0.284464,-0.590568,-0.408786,-0.634984,
700,2290163482,9.867129,1.835846,-0.320512,-1.180438,-1.483423,1.446445,0.284545,-0.590587,-0.408791,-0.634927,
701,2290180149,9.867061,1.866450,-0.274088,-2.206257,-1.726591,1.277312,0.284505,-0.590662,-0.408723,-0.634919,
702,2290196816,9.850399,1.856958,-0.240884,-2.751175,-1.887156,1.027870,0.284378,-0.590764,-0.408626,-0.634944,
703,2290213483,9.840639,1.843767,-0.344880,-2.389652,-1.361955,1.029829,0.284336,-0.590788,-0.408560,-0.634982,
704,2290230150,9.863268,1.807640,-0.356017,-1.657539,-0.851084,1.228059,0.284403,-0.590748,-0.408522,-0.635014,
705,2290246817,9.837096,1.848921,-0.289808,-2.639248,-1.389848,1.252916,0.284350,-0.590804,-0.408408,-0.635059,
706,2290263484,9.831859,1.799188,-0.286712,-3.848027,-1.760067,1.066737,0.284156,-0.590932,-0.408215,-0.635151,
707,2290280151,9.845243,1.741894,-0.288189,-3.771752,-1.957131,1.157035,0.283935,-0.591099,-0.408002,-0.635231,
708,2290296818,9.860922,1.732745,-0.322244,-2.637493,-1.861134,1.485876,0.283868,-0.591217,-0.407880,-0.635229,
709,2290313485,9.874549,1.751502,-0.315759,-0.875365,-1.177096,1.472557,0.284001,-0.591193,-0.407903,-0.635178,
710,2290330152,9.867143,1.785401,-0.263886,-0.968852,-1.573734,1.396309,0.284059,-0.591228,-0.407906,-0.635118,
711,2290346819,9.834908,1.793799,-0.298362,-2.186646,-1.860430,1.065777,0.284001,-0.591296,-0.407871,-0.635102,
712,2290363486,9.882876,1.779576,-0.273014,-3.212064,-1.880431,1.074998,0.283870,-0.591400,-0.407754,-0.635139,
713,2290380153,9.852616,1.804447,-0.256885,-2.225769,-1.529911,1.203880,0.283828,-0.591457,-0.407677,-0.635154,
714,2290396820,9.836192,1.824221,-0.366098,-1.452266,-1.131147,1.182186,0.283880,-0.591439,-0.407663,-0.635157,
715,2290413487,9.838282,1.848274,-0.376209,0.236130,-1.868203,1.097882,0.284037,-0.591408,-0.407852,-0.634995,
716,2290430154,9.830331,1.783984,-0.261705,-2.198786,-1.756353,1.083155,0.283958,-0.591486,-0.407783,-0.635001,
717,2290446821,9.874413,1.717639,-0.272554,-3.210476,-2.120540,1.288287,0.283810,-0.591639,-0.407638,-0.635018,
718,2290463488,9.886478,1.780586,-0.239110,-2.150391,-1.437397,1.483571,0.283810,-0.591697,-0.407544,-0.635024,
719,2290480155,9.854886,1.819339,-0.260445,-2.200476,-0.944686,1.402494,0.283836,-0.591702,-0.407440,-0.635074,
720,2290496822,9.860512,1.787896,-0.318116,-1.227553,-0.737159,1.115683,0.283935,-0.591628,-0.407445,-0.635096,
721,2290513489,9.834787,1.790821,-0.325794,-0.309542,-0.624105,0.944295,0.284073,-0.591516,-0.407517,-0.635093,
722,2290530156,9.864930,1.797693,-0.283022,-1.056242,-1.610098,0.694498,0.284099,-0.591488,-0.407613,-0.635045,
723,2290546823,9.866586,1.787558,-0.307563,-1.567395,-1.162368,0.645254,0.284103,-0.591439,-0.407647,-0.635068,
724,2290563490,9.839655,1.787974,-0.259883,-1.784591,-1.882380,0.651145,0.284018,-0.591482,-0.407665,-0.635054,
725,2290580157,9.878424,1.770733,-0.292643,-1.665389,-1.236850,0.737652,0.284009,-0.591453,-0.407678,-0.635076,
726,2290596824,9.858049,1.736074,-0.333465,-0.463859,-0.717937,0.918068,0.284142,-0.591344,-0.407757,-0.635068,
727,2290613491,9.854401,1.777944,-0.298203,0.083286,-1.131351,0.999683,0.284326,-0.591241,-0.407914,-0.634980,
728,2290630158,9.852979,1.836931,-0.264712,-0.864518,-1.192310,1.012925,0.284405,-0.591198,-0.407967,-0.634951,
729,2290646825,9.845474,1.847162,-0.276329,-1.049275,-1.519268,0.772204,0.284436,-0.591172,-0.408046,-0.634911,
730,2290663492,9.869322,1.886264,-0.242409,-2.344663,-1.435233,0.821623,0.284368,-0.591193,-0.407999,-0.634951,
731,2290680159,9.825943,1.802447,-0.336839,-1.948858,-1.098772,0.818140,0.284357,-0.591164,-0.407980,-0.634996,
732,2290696826,9.854235,1.807785,-0.349761,-0.860523,-1.520472,0.727740,0.284399,-0.591129,-0.408079,-0.634946,
733,2290713493,9.842393,1.758588,-0.238779,-2.303091,-1.655192,0.974692,0.284328,-0.591182,-0.408025,-0.634963,
734,2290730160,9.850664,1.752638,-0.261789,-1.039158,-2.059965,1.036386,0.284354,-0.591220,-0.408106,-0.634864,
735,2290746827,9.881577,1.781990,-0.228984,-0.514303,-1.835803,1.061294,0.284425,-0.591228,-0.408209,-0.634759,
736,2290763494,9.871256,1.791417,-0.229021,-1.057241,-0.643724,1.168573,0.284520,-0.591160,-0.408194,-0.634789,
737,2290780161,9.850888,1.844068,-0.299165,-0.629509,-0.912824,1.045875,0.284650,-0.591075,-0.408265,-0.634764,
738,2290796828,9.845430,1.889492,-0.327482,-1.491466,-1.075272,0.742326,0.284660,-0.591029,-0.408281,-0.634792,
739,2290813495,9.829197,1.865580,-0.298506,-2.236385,-1.052208,0.678192,0.284578,-0.591023,-0.408212,-0.634879,
740,2290830162,9.815046,1.773256,-0.254960,-2.316374,-2.195379,0.770680,0.284452,-0.591117,-0.408194,-0.634860,
741,2290846829,9.889956,1.750708,-0.274236,-1.633360,-2.113534,1.134316,0.284424,-0.591195,-0.408205,-0.634792,
742,2290863496,9.888013,1.744272,-0.335286,-1.140815,-0.951179,1.239174,0.284516,-0.591154,-0.408205,-0.634789,
743,2290880163,9.846851,1.761974,-0.256089,-0.812384,-1.080946,1.000439,0.284603,-0.591098,-0.408258,-0.634768,
744,2290896830,9.844723,1.843469,-0.253897,-0.822755,-1.035648,0.704475,0.284672,-0.591017,-0.408339,-0.634760,
745,2290913497,9.852808,1.889724,-0.296210,-0.195105,-0.884957,0.580710,0.284796,-0.590886,-0.408486,-0.634732,
746,2290930164,9.838422,1.895547,-0.293641,-0.580269,-1.268494,0.760768,0.284889,-0.590812,-0.408606,-0.634682,
747,2290946831,9.864115,1.862164,-0.343149,-2.030152,-1.339582,1.019802,0.284904,-0.590802,-0.408598,-0.634690,
748,2290963498,9.817533,1.787622,-0.354319,-2.269247,-1.666362,0.991090,0.284830,-0.590861,-0.408541,-0.634705,
749,2290980165,9.865665,1.801208,-0.305038,-3.025820,-2.048171,0.652823,0.284662,-0.590950,-0.408481,-0.634736,
750,2290996832,9.863485,1.796223,-0.288995,-2.265430,-1.570993,0.962954,0.284607,-0.590987,-0.408437,-0.634754,
751,2291013499,9.846169,1.825330,-0.228257,-1.719752,-1.739691,0.732389,0.284547,-0.591018,-0.408452,-0.634743,
752,2291030166,9.858803,1.865371,-0.241265,-2.192012,-1.499342,0.752251,0.284478,-0.591037,-0.408424,-0.634774,
753,2291046833,9.855791,1.822059,-0.331346,-1.816004,-0.883164,0.865088,0.284497,-0.590984,-0.408405,-0.634827,
754,2291063500,9.863042,1.775411,-0.372851,-2.460689,-1.673777,0.949623,0.284408,-0.591045,-0.408340,-0.634852,
755,2291080167,9.840011,1.706175,-0.329664,-2.948545,-1.812976,0.832738,0.284243,-0.591142,-0.408231,-0.634906,
756,2291096834,9.862438,1.750358,-0.253570,-1.867832,-2.401357,0.774125,0.284136,-0.591242,-0.408256,-0.634845,
757,2291113501,9.861633,1.775095,-0.233302,-1.076412,-1.611333,1.173619,0.284192,-0.591252,-0.408298,-0.634784,
758,2291130168,9.871088,1.810635,-0.289940,-1.383009,-1.122080,1.283715,0.284267,-0.591232,-0.408287,-0.634776,
759,2291146835,9.866832,1.793398,-0.320448,-1.520741,-1.376055,0.984738,0.284266,-0.591237,-0.408280,-0.634775,
760,2291163502,9.881460,1.803434,-0.294766,-1.478211,-1.149255,0.967411,0.284298,-0.591208,-0.408285,-0.634785,
761,2291180169,9.841755,1.845891,-0.310341,-1.673201,-1.464598,0.669458,0.284252,-0.591207,-0.408296,-0.634799,
762,2291196836,9.829440,1.808305,-0.325355,-2.362311,-1.690131,0.667281,0.284160,-0.591239,-0.408279,-0.634822,
763,2291213503,9.893382,1.797154,-0.267505,-2.088473,-0.868399,0.839796,0.284137,-0.591206,-0.408220,-0.634901,
764,2291230170,9.850054,1.786479,-0.284939,-2.439904,-1.265178,1.004472,0.284080,-0.591231,-0.408135,-0.634957,
765,2291246837,9.850554,1.812140,-0.302237,-1.727706,-2.081413,0.957005,0.284037,-0.591296,-0.408159,-0.634901,
766,2291263504,9.867495,1.892720,-0.316512,-0.253668,-1.568522,0.767004,0.284127,-0.591245,-0.408308,-0.634812,
767,2291280171,9.854184,1.881626,-0.264205,-1.347049,-1.067153,0.644038,0.284158,-0.591175,-0.408361,-0.634829,
768,2291296838,9.852878,1.810796,-0.256539,-2.115507,-0.850675,0.637494,0.284126,-0.591122,-0.408327,-0.634915,
769,2291313505,9.856546,1.792272,-0.273536,-2.695532,-0.867272,0.825376,0.284056,-0.591110,-0.408219,-0.635027,
770,2291330172,9.846855,1.789796,-0.257278,-3.602273,-1.606621,0.970267,0.283854,-0.591226,-0.408024,-0.635135,
771,2291346839,9.840342,1.783777,-0.364583,-2.116467,-1.850582,1.035515,0.283802,-0.591288,-0.407999,-0.635116,
772,2291363506,9.861754,1.817032,-0.327520,-0.799872,-1.105201,0.711540,0.283872,-0.591211,-0.408087,-0.635101,
773,2291380173,9.848433,1.817063,-0.330038,-0.946082,-1.250924,0.702614,0.283906,-0.591161,-0.408156,-0.635087,
774,2291396840,9.854806,1.868723,-0.269259,-2.008740,-1.520267,0.757476,0.283851,-0.591176,-0.408146,-0.635105,
775,2291413507,9.863354,1.859054,-0.269542,-2.410821,-1.698186,0.468860,0.283730,-0.591202,-0.408136,-0.635140,
776,2291430174,9.843830,1.815868,-0.326077,-1.621599,-1.511086,0.399371,0.283676,-0.591178,-0.408192,-0.635151,
777,2291446841,9.867526,1.736371,-0.370782,-1.130096,-0.773337,0.640196,0.283728,-0.591082,-0.408240,-0.635187,
778,2291463508,9.843452,1.796021,-0.325147,-0.488293,-1.243625,0.815579,0.283829,-0.591009,-0.408356,-0.635135,
779,2291480175,9.867637,1.850392,-0.261508,-0.957352,-1.103242,0.721529,0.283890,-0.590936,-0.408433,-0.635125,
780,2291496842,9.857428,1.862274,-0.270006,-1.255265,-1.193001,0.588420,0.283894,-0.590885,-0.408484,-0.635138,
781,2291513509,9.832161,1.822978,-0.307749,-1.628263,-1.566831,0.516294,0.283845,-0.590875,-0.408530,-0.635140,
782,2291530176,9.838632,1.816630,-0.332835,-2.286753,-1.372725,0.744043,0.283747,-0.590903,-0.408465,-0.635200,
783,2291546843,9.857656,1.834329,-0.315531,-3.053008,-1.915356,1.014090,0.283591,-0.591020,-0.408341,-0.635241,
784,2291563510,9.857568,1.837367,-0.272742,-1.178786,-1.727384,0.888793,0.283625,-0.591015,-0.408421,-0.635179,
785,2291580177,9.864215,1.773168,-0.291205,-1.464086,-1.047611,0.520098,0.283633,-0.590943,-0.408470,-0.635211,
786,2291596844,9.880647,1.743511,-0.277232,-1.537082,-0.192044,0.511249,0.283689,-0.590790,-0.408483,-0.635319,
787,2291613511,9.831631,1.780278,-0.265182,-1.944146,-1.239153,0.415239,0.283630,-0.590752,-0.408501,-0.635369,
788,2291630178,9.837515,1.831724,-0.301221,-2.217586,-2.046788,0.584207,0.283493,-0.590824,-0.408493,-0.635368,
789,2291646845,9.843309,1.866980,-0.264124,-0.932418,-1.436591,0.623535,0.283504,-0.590791,-0.408571,-0.635344,
790,2291663512,9.886424,1.876916,-0.266337,-0.785977,-0.980582,0.824774,0.283587,-0.590712,-0.408641,-0.635335,
791,2291680179,9.858045,1.856728,-0.280770,-0.659284,-0.906318,0.833674,0.283680,-0.590626,-0.408713,-0.635328,
792,2291696846,9.869620,1.844063,-0.285738,-0.678557,-0.766690,0.572975,0.283767,-0.590505,-0.408811,-0.635339,
793,2291713513,9.830782,1.868004,-0.290287,-1.695919,-1.594122,0.485956,0.283680,-0.590515,-0.408828,-0.635357,
794,2291730180,9.845329,1.869858,-0.269330,-2.456719,-1.628007,0.311931,0.283530,-0.590537,-0.408811,-0.635414,
795,2291746847,9.852633,1.876716,-0.276866,-2.173635,-0.967750,0.572578,0.283466,-0.590503,-0.408769,-0.635501,
796,2291763514,9.852427,1.874635,-0.287715,-2.493716,-0.960451,0.506677,0.283370,-0.590477,-0.408704,-0.635610,
797,2291780181,9.835844,1.869608,-0.262269,-3.166188,-1.239421,0.180804,0.283176,-0.590481,-0.408623,-0.635745,
798,2291796848,9.857068,1.800054,-0.295032,-1.902819,-1.418239,0.160329,0.283088,-0.590442,-0.408677,-0.635786,
799,2291813515,9.853122,1.779409,-0.266513,-1.524532,-1.185573,0.310599,0.283009,-0.590406,-0.408695,-0.635843,
800,2291830182,9.884021,1.804039,-0.236500,-2.732363,-0.955968,0.470473,0.282876,-0.590396,-0.408597,-0.635975,
801,2291846849,9.866760,1.806022,-0.356043,-1.579189,-1.092817,0.467425,0.282842,-0.590345,-0.408620,-0.636022,
802,2291863516,9.829826,1.873391,-0.300236,-0.470979,-1.050723,0.397554,0.282896,-0.590242,-0.408748,-0.636011,
803,2291880183,9.833719,1.875426,-0.302485,-0.840468,-1.112744,0.178066,0.282916,-0.590134,-0.408882,-0.636017,
804,2291896850,9.836079,1.880582,-0.298784,-1.453034,-1.153673,-0.194682,0.282841,-0.590036,-0.408989,-0.636072,
805,2291913517,9.840999,1.860401,-0.274706,-2.395812,-1.435566,0.309075,0.282706,-0.590038,-0.408968,-0.636144,
806,2291930184,9.870236,1.802608,-0.250945,-2.544340,-1.511649,0.197301,0.282557,-0.590038,-0.408959,-0.636216,
807,2291946851,9.842177,1.805527,-0.256060,-1.794118,-1.409031,0.030153,0.282457,-0.589992,-0.409024,-0.636261,
808,2291963518,9.821265,1.779993,-0.310097,-0.455703,-1.316943,0.318558,0.282508,-0.589897,-0.409187,-0.636222,
809,2291980185,9.855384,1.898350,-0.303579,0.961853,-1.420852,0.680433,0.282703,-0.589777,-0.409451,-0.636077,
810,2291996852,9.842008,1.915408,-0.237741,-1.253934,-1.371086,0.828923,0.282690,-0.589775,-0.409462,-0.636077,
811,2292013519,9.835689,1.875486,-0.270837,-1.990081,-1.525915,0.684045,0.282625,-0.589787,-0.409456,-0.636098,
812,2292030186,9.840140,1.853971,-0.231106,-2.329424,-1.776458,0.664797,0.282517,-0.589834,-0.409433,-0.636117,
813,2292046853,9.845287,1.822267,-0.261539,-2.024786,-1.686891,0.984482,0.282434,-0.589902,-0.409373,-0.636130,
814,2292063520,9.857296,1.838199,-0.283691,-2.111050,-1.363377,0.639158,0.282376,-0.589894,-0.409364,-0.636169,
815,2292080187,9.862443,1.836277,-0.306606,-0.078260,-0.869654,0.445565,0.282474,-0.589765,-0.409511,-0.636151,
816,2292096854,9.864748,1.831344,-0.271455,-0.514111,-0.375226,0.599817,0.282589,-0.589610,-0.409595,-0.636190,
817,2292113521,9.824512,1.875639,-0.279928,-0.294098,-0.462514,0.647175,0.282710,-0.589464,-0.409687,-0.636211,
818,2292130188,9.825363,1.876533,-0.256424,-0.928127,-1.505476,0.721491,0.282742,-0.589432,-0.409776,-0.636169,
819,2292146855,9.862472,1.899354,-0.315570,-1.296144,-2.001522,0.821685,0.282714,-0.589473,-0.409835,-0.636105,
820,2292163522,9.849096,1.902123,-0.308146,-1.875516,-1.105611,0.689641,0.282663,-0.589456,-0.409802,-0.636165,
821,2292180189,9.809551,1.879638,-0.287888,-1.547391,-1.362122,0.692292,0.282635,-0.589443,-0.409819,-0.636179,
822,2292196856,9.856188,1.872464,-0.264924,-1.628673,-1.520652,0.713768,0.282585,-0.589454,-0.409826,-0.636186,
823,2292213523,9.852301,1.892148,-0.280868,-1.900321,-1.299704,0.854369,0.282552,-0.589455,-0.409800,-0.636217,
824,2292230190,9.831322,1.917779,-0.250709,-2.713883,-1.042424,0.673864,0.282431,-0.589466,-0.409688,-0.636333,
825,2292246857,9.846090,1.860594,-0.293248,-2.340629,-0.514124,0.718071,0.282400,-0.589401,-0.409605,-0.636460,
826,2292263524,9.864448,1.844471,-0.326304,-1.470412,-1.226362,0.915148,0.282414,-0.589381,-0.409610,-0.636469,
827,2292280191,9.838452,1.805748,-0.309559,-0.091117,-2.178796,0.754019,0.282478,-0.589382,-0.409799,-0.636319,
828,2292296858,9.852415,1.870527,-0.239966,-1.244034,-2.076729,0.690243,0.282453,-0.589410,-0.409891,-0.636245,
829,2292313525,9.828648,1.883891,-0.286033,-0.951735,-1.579169,0.649186,0.282447,-0.589397,-0.409964,-0.636212,
830,2292330192,9.864584,1.901175,-0.300839,-0.751131,-1.083430,0.746693,0.282506,-0.589330,-0.410036,-0.636201,
831,2292346859,9.827714,1.915348,-0.316418,-1.521868,-1.041105,0.489042,0.282486,-0.589271,-0.410065,-0.636246,
832,2292363526,9.849496,1.929204,-0.266971,-3.190510,-1.146104,0.667153,0.282334,-0.589301,-0.409929,-0.636374,
833,2292380193,9.823874,1.872677,-0.246374,-2.381661,-0.768714,0.687272,0.282295,-0.589250,-0.409867,-0.636477,
834,2292396860,9.829517,1.818073,-0.308574,-1.596516,-0.996372,0.872362,0.282321,-0.589203,-0.409867,-0.636509,
835,2292413527,9.835795,1.794573,-0.283443,-0.745073,-1.474600,0.962608,0.282396,-0.589174,-0.409954,-0.636448,
836,2292430194,9.858081,1.872144,-0.253795,-1.018848,-1.630364,1.160185,0.282440,-0.589192,-0.409990,-0.636388,
837,2292446861,9.850377,1.878880,-0.278213,-1.212620,-1.081061,1.549575,0.282555,-0.589179,-0.409970,-0.636362,
838,2292463528,9.814721,1.912106,-0.299620,-1.882329,-1.810408,1.586662,0.282562,-0.589270,-0.409904,-0.636317,
839,2292480195,9.834224,1.930848,-0.330800,-2.867163,-2.281451,1.325617,0.282430,-0.589430,-0.409787,-0.636302,
840,2292496862,9.859802,1.940477,-0.307636,-2.730324,-2.665533,1.026868,0.282266,-0.589598,-0.409731,-0.636255,
841,2292513529,9.858403,1.920758,-0.233481,-2.045405,-2.147830,0.976760,0.282183,-0.589691,-0.409716,-0.636217,
842,2292530196,9.843522,1.885769,-0.223245,-2.705649,-1.826838,1.261086,0.282086,-0.589798,-0.409602,-0.636233,
843,2292546863,9.842349,1.858731,-0.235023,-3.362077,-1.431084,1.114787,0.281956,-0.589879,-0.409434,-0.636324,
844,2292563530,9.885760,1.843664,-0.267520,-2.295705,-0.767766,1.316743,0.281976,-0.589867,-0.409321,-0.636399,
845,2292580197,9.798957,1.849679,-0.358677,-2.581722,-0.666763,1.157841,0.281944,-0.589860,-0.409174,-0.636515,
846,2292596864,9.807587,1.851497,-0.399727,-1.706536,-1.493413,1.236780,0.281967,-0.589884,-0.409154,-0.636495,
847,2292613531,9.838482,1.862624,-0.324126,-1.078986,-2.414394,1.189652,0.281972,-0.589972,-0.409223,-0.636366,
848,2292630198,9.868696,1.875785,-0.251954,-3.139669,-1.993219,1.083104,0.281809,-0.590104,-0.409087,-0.636404,
849,2292646865,9.867863,1.874386,-0.240559,-2.366472,-1.816132,1.315410,0.281756,-0.590195,-0.409007,-0.636395,
850,2292663532,9.829004,1.893352,-0.274187,-2.207162,-1.465021,1.118193,0.281709,-0.590240,-0.408934,-0.636420,
851,2292680199,9.824212,1.882269,-0.319000,-1.469156,-1.234529,1.009438,0.281750,-0.590215,-0.408948,-0.636416,
852,2292696866,9.848619,1.897267,-0.244250,-1.192194,-1.136436,1.256130,0.281838,-0.590188,-0.408960,-0.636395,
853,2292713533,9.832279,1.854002,-0.296196,-1.781056,-1.495180,1.435265,0.281862,-0.590234,-0.408907,-0.636376,
854,2292730200,9.831532,1.856536,-0.244321,-2.843509,-1.555088,1.501192,0.281780,-0.590344,-0.408736,-0.636420,
855,2292746867,9.856911,1.866650,-0.280285,-2.375565,-1.612294,1.684105,0.281765,-0.590442,-0.408608,-0.636417,
856,2292763534,9.875279,1.918118,-0.304509,-2.422270,-1.410658,1.376343,0.281762,-0.590485,-0.408524,-0.636433,
857,2292780201,9.829020,1.864542,-0.307692,-2.679255,-1.192118,1.066839,0.281692,-0.590518,-0.408407,-0.636508,
858,2292796868,9.820314,1.818519,-0.273939,-2.575191,-1.371842,1.195492,0.281620,-0.590579,-0.408283,-0.636563,
859,2292813535,9.833242,1.839888,-0.263661,-1.955325,-2.365294,1.569604,0.281601,-0.590714,-0.408248,-0.636469,
860,2292830202,9.878422,1.785702,-0.227655,-2.715650,-1.301432,1.683106,0.281591,-0.590787,-0.408090,-0.636507,
861,2292846869,9.871298,1.817821,-0.286933,-1.326341,-1.370408,1.266798,0.281656,-0.590786,-0.408098,-0.636474,
862,2292863536,9.860235,1.847404,-0.283353,-0.083963,-0.757836,1.136023,0.281854,-0.590669,-0.408208,-0.636424,
863,2292880203,9.859632,1.914110,-0.246921,-0.959836,-0.509731,1.115977,0.281974,-0.590573,-0.408215,-0.636455,
864,2292896870,9.831661,1.884194,-0.237460,-1.187866,-0.990917,1.100571,0.282041,-0.590532,-0.408220,-0.636461,
865,2292913537,9.834640,1.902576,-0.314120,-0.884624,-1.302316,0.939762,0.282084,-0.590509,-0.408262,-0.636436,
866,2292930204,9.841684,1.900908,-0.285389,-1.419097,-1.827197,0.884426,0.282079,-0.590531,-0.408313,-0.636385,
867,2292946871,9.824422,1.854548,-0.296872,-2.643256,-1.676761,1.096998,0.281988,-0.590608,-0.408218,-0.636414,
868,2292963538,9.852957,1.872198,-0.303527,-2.713857,-1.800035,1.179330,0.281875,-0.590715,-0.408100,-0.636442,
869,2292980205,9.883059,1.854509,-0.247880,-2.928748,-1.187802,1.385743,0.281820,-0.590773,-0.407937,-0.636517,
870,2292996872,9.837019,1.819725,-0.291072,-1.838659,-1.366015,1.258486,0.281829,-0.590800,-0.407888,-0.636519,
871,2293013539,9.866627,1.825703,-0.315524,-0.683334,-1.178684,1.182558,0.281916,-0.590773,-0.407920,-0.636485,
872,2293030206,9.845006,1.808097,-0.223102,-1.493067,-1.242816,1.120975,0.281942,-0.590771,-0.407903,-0.636486,
873,2293046873,9.860186,1.825198,-0.299988,-1.973446,-1.425462,1.326808,0.281954,-0.590805,-0.407848,-0.636484,
874,2293063540,9.836834,1.854173,-0.318751,-2.995162,-1.996971,1.118334,0.281824,-0.590922,-0.407739,-0.636503,
875,2293080207,9.853077,1.823254,-0.249642,-2.785035,-1.511738,1.080389,0.281731,-0.590988,-0.407627,-0.636555,
876,2293096874,9.836532,1.806688,-0.285160,-2.439277,-1.159974,1.220055,0.281705,-0.591012,-0.407524,-0.636610,
877,2293113541,9.851065,1.837730,-0.368199,-0.348704,-1.070278,1.012989,0.281836,-0.590937,-0.407620,-0.636560,
878,2293130208,9.847307,1.832280,-0.250220,-0.215505,-1.436450,1.002103,0.281970,-0.590879,-0.407758,-0.636466,
879,2293146875,9.830367,1.839102,-0.248517,-1.467966,-1.496768,0.799981,0.281959,-0.590877,-0.407785,-0.636456,
880,2293163542,9.853235,1.833475,-0.248319,-1.641825,-1.439267,1.130500,0.281961,-0.590899,-0.407761,-0.636449,
881,2293180209,9.853867,1.839984,-0.220046,-1.779968,-0.967609,1.416875,0.282021,-0.590891,-0.407694,-0.636473,
882,2293196876,9.858914,1.827148,-0.278099,-2.678077,-1.032883,1.261854,0.281990,-0.590914,-0.407563,-0.636550,
883,2293213543,9.841475,1.826582,-0.394766,-0.138701,-1.946874,1.026190,0.282098,-0.590905,-0.407722,-0.636408,
884,2293230210,9.877204,1.869703,-0.287782,0.507330,-1.022638,1.082950,0.282312,-0.590794,-0.407890,-0.636310,
885,2293246877,9.797539,1.845987,-0.256988,-0.857692,-1.292775,1.037820,0.282384,-0.590764,-0.407942,-0.636272,
886,2293263544,9.859993,1.882486,-0.222543,-1.745275,-1.595300,0.988657,0.282362,-0.590792,-0.407934,-0.636261,
887,2293280211,9.843851,1.922946,-0.198787,-2.540485,-1.231536,1.342304,0.282334,-0.590835,-0.407814,-0.636310,
888,2293296878,9.805505,1.953509,-0.216766,-3.095999,-1.866359,1.152821,0.282213,-0.590942,-0.407693,-0.636342,
889,2293313545,9.847708,1.932351,-0.335720,-3.380058,-1.621694,0.900011,0.282059,-0.591023,-0.407558,-0.636421,
890,2293330212,9.843049,1.847414,-0.394438,-2.288777,-1.484743,0.634587,0.281976,-0.591035,-0.407536,-0.636461,
891,2293346879,9.849973,1.767104,-0.262055,-3.442885,-1.422376,0.748999,0.281808,-0.591095,-0.407394,-0.636571,
892,2293363546,9.845053,1.692586,-0.271710,-3.349092,-1.701106,1.280718,0.281681,-0.591208,-0.407227,-0.636629,
893,2293380213,9.875299,1.705657,-0.266783,-1.635589,-1.923130,1.599366,0.281711,-0.591295,-0.407194,-0.636555,
894,2293396880,9.869434,1.792619,-0.232613,-0.988710,-1.259042,1.632991,0.281846,-0.591292,-0.407198,-0.636497,
895,2293413547,9.870745,1.876748,-0.286753,-2.001428,-1.425833,1.333480,0.281836,-0.591341,-0.407120,-0.636506,
896,2293430214,9.836879,1.896299,-0.339331,-2.070684,-0.959810,1.186348,0.281832,-0.591341,-0.407029,-0.636565,
897,2293446881,9.832639,1.900848,-0.324200,-1.771387,-1.266727,1.039459,0.281827,-0.591345,-0.406996,-0.636584,
898,2293463548,9.827400,1.831738,-0.305160,-2.342410,-1.068587,1.008622,0.281798,-0.591344,-0.406918,-0.636649,
899,2293480215,9.842565,1.791152,-0.280014,-2.948099,-1.279252,0.990155,0.281678,-0.591401,-0.406772,-0.636742,
900,2293496882,9.851858,1.754497,-0.255896,-2.092007,-1.377694,1.195658,0.281667,-0.591429,-0.406713,-0.636758,
901,2293513549,9.861547,1.828964,-0.235926,-1.995677,-1.363389,1.435496,0.281696,-0.591462,-0.406649,-0.636756,
902,2293530216,9.814733,1.899511,-0.310715,-0.721497,-1.454379,1.514101,0.281839,-0.591454,-0.406702,-0.636666,
903,2293546883,9.847519,1.930509,-0.315280,-1.117636,-1.232611,1.286878,0.281929,-0.591435,-0.406719,-0.636633,
904,2293563550,9.832535,1.911834,-0.307686,-3.041755,-1.249949,1.094234,0.281832,-0.591487,-0.406573,-0.636721,
905,2293580217,9.835307,1.831203,-0.303556,-3.655687,-1.758888,1.027012,0.281653,-0.591602,-0.406403,-0.636802,
906,2293596884,9.871466,1.791839,-0.262455,-3.964219,-2.159061,1.103837,0.281414,-0.591783,-0.406197,-0.636871,
907,2293613551,9.853555,1.783631,-0.228609,-3.303129,-1.870854,1.260753,0.281276,-0.591910,-0.406041,-0.636913,
908,2293630218,9.872195,1.741830,-0.268675,-1.222302,-1.256866,1.242414,0.281349,-0.591896,-0.406051,-0.636887,
909,2293646885,9.861778,1.768373,-0.295537,-0.292292,-1.011061,1.140271,0.281508,-0.591816,-0.406145,-0.636831,
910,2293663552,9.833948,1.819964,-0.313244,-0.623516,-1.256905,1.101813,0.281624,-0.591766,-0.406227,-0.636774,
911,2293680219,9.851065,1.877549,-0.286738,-1.312190,-1.469081,1.165346,0.281658,-0.591779,-0.406233,-0.636744,
912,2293696886,9.847878,1.858800,-0.233530,-1.971102,-1.241601,1.088264,0.281658,-0.591783,-0.406190,-0.636768,
913,2293713553,9.853664,1.849627,-0.239889,-2.092263,-0.914450,1.337028,0.281714,-0.591761,-0.406123,-0.636806,
914,2293730220,9.837556,1.825196,-0.295018,-2.236898,-1.339275,1.294984,0.281715,-0.591789,-0.406052,-0.636824,
915,2293746887,9.848737,1.835552,-0.293809,-1.812848,-1.043242,1.325492,0.281769,-0.591778,-0.406001,-0.636843,
916,2293763554,9.840904,1.845717,-0.278092,-2.238306,-0.969300,1.365445,0.281769,-0.591795,-0.405881,-0.636904,
917,2293780221,9.866314,1.802400,-0.225104,-2.649276,-1.985650,1.385295,0.281694,-0.591913,-0.405781,-0.636891,
918,2293796888,9.872172,1.766565,-0.270762,-2.514950,-1.644066,1.206185,0.281620,-0.591992,-0.405681,-0.636914,
919,2293813555,9.856298,1.787031,-0.277578,-2.199568,-1.461922,1.134957,0.281599,-0.592023,-0.405629,-0.636928,
920,2293830222,9.858836,1.803314,-0.298881,-1.081099,-1.047969,1.288440,0.281706,-0.591984,-0.405643,-0.636908,
921,2293846889,9.866421,1.851481,-0.270201,-1.486151,-0.948374,1.256079,0.281767,-0.591959,-0.405607,-0.636927,
922,2293863556,9.829605,1.789783,-0.313912,-2.071670,-0.969236,0.912561,0.281759,-0.591930,-0.405561,-0.636987,
923,2293880223,9.847143,1.783327,-0.280820,-1.685085,-1.359650,1.018777,0.281775,-0.591926,-0.405560,-0.636984,
924,2293896890,9.871831,1.776509,-0.260903,-1.952482,-1.783451,1.218403,0.281755,-0.591988,-0.405528,-0.636956,
925,2293913557,9.878643,1.811977,-0.268437,-1.733493,-1.821998,1.218338,0.281765,-0.592035,-0.405531,-0.636905,
926,2293930224,9.868116,1.810097,-0.253782,-1.558357,-1.133251,1.131938,0.281830,-0.592003,-0.405536,-0.636904,
927,2293946891,9.833599,1.798234,-0.301366,-0.808158,-0.882063,0.991243,0.281932,-0.591926,-0.405585,-0.636899,
928,2293963558,9.838118,1.832600,-0.294570,0.026605,-1.116816,1.043135,0.282112,-0.591830,-0.405731,-0.636815,
929,2293980225,9.857026,1.846826,-0.289099,-1.417586,-1.737732,1.241313,0.282142,-0.591868,-0.405744,-0.636759,
930,2293996892,9.868503,1.863169,-0.292298,-2.635329,-1.449884,1.289196,0.282090,-0.591931,-0.405630,-0.636796,
931,2294013559,9.833759,1.803644,-0.251729,-2.248795,-1.506231,0.924356,0.282036,-0.591960,-0.405587,-0.636820,
932,2294030226,9.852222,1.815964,-0.236282,-1.811778,-1.386287,0.762100,0.282002,-0.591956,-0.405586,-0.636839,
933,2294046893,9.848103,1.837510,-0.273032,-1.719458,-1.599219,0.840270,0.281979,-0.591969,-0.405602,-0.636828,
934,2294063560,9.868032,1.849116,-0.297989,-0.328304,-0.707000,0.738894,0.282127,-0.591830,-0.405726,-0.636812,
935,2294080227,9.833140,1.837612,-0.246304,-1.366207,-1.056178,0.864371,0.282190,-0.591765,-0.405770,-0.636816,
936,2294096894,9.842113,1.816182,-0.253215,-2.968678,-1.119275,0.860619,0.282080,-0.591791,-0.405640,-0.636923,
937,2294113561,9.876928,1.783139,-0.260045,-3.079138,-1.498420,0.878523,0.281952,-0.591850,-0.405525,-0.636998,
938,2294130228,9.849566,1.756435,-0.253354,-2.573974,-1.583121,1.010466,0.281875,-0.591905,-0.405449,-0.637031,
939,2294146895,9.861411,1.784500,-0.241169,-2.413190,-1.496832,1.279566,0.281838,-0.591962,-0.405358,-0.637051,
940,2294163562,9.872048,1.756602,-0.306011,-1.662098,-1.044473,0.972777,0.281869,-0.591926,-0.405349,-0.637077,
941,2294180229,9.854945,1.778216,-0.266325,-1.426807,-1.500699,0.937815,0.281887,-0.591922,-0.405381,-0.637052,
942,2294196896,9.840087,1.802833,-0.340153,-0.624258,-1.492862,1.038499,0.281981,-0.591892,-0.405475,-0.636978,
943,2294213563,9.868146,1.888106,-0.256754,-0.939743,-1.550298,0.953106,0.282042,-0.591872,-0.405555,-0.636919,
944,2294230230,9.844868,1.882882,-0.233550,-2.270822,-1.559481,0.897706,0.281971,-0.591912,-0.405506,-0.636945,
945,2294246897,9.818508,1.801679,-0.293361,-1.713835,-1.550580,0.919925,0.281973,-0.591914,-0.405527,-0.636928,
946,2294263564,9.862421,1.799426,-0.268758,-0.957147,-1.219664,1.162221,0.282081,-0.591871,-0.405583,-0.636886,
947,2294280231,9.837315,1.807193,-0.290877,-1.349332,-1.277343,0.936552,0.282140,-0.591829,-0.405632,-0.636867,
948,2294296898,9.859900,1.865928,-0.268794,-1.342054,-1.695996,1.011490,0.282158,-0.591846,-0.405670,-0.636818,
949,2294313565,9.852594,1.893683,-0.226375,-1.566242,-1.664185,0.932322,0.282155,-0.591862,-0.405698,-0.636788,
950,2294330232,9.826648,1.862792,-0.235002,-2.677551,-1.607543,0.692625,0.282037,-0.591904,-0.405640,-0.636837,
951,2294346899,9.849713,1.750334,-0.319231,-2.727881,-1.453572,0.974544,0.281951,-0.591950,-0.405547,-0.636892,
952,2294363566,9.843609,1.725941,-0.337613,-0.930778,-1.652839,1.307163,0.282046,-0.591956,-0.405607,-0.636806,
953,2294380233,9.865047,1.810725,-0.300869,-0.024012,-1.620054,0.945999,0.282150,-0.591924,-0.405747,-0.636701,
954,2294396900,9.838976,1.855736,-0.221658,-0.812448,-1.658153,0.953798,0.282208,-0.591914,-0.405836,-0.636628,
955,2294413567,9.847382,1.878965,-0.211918,-2.271987,-1.724247,0.758219,0.282116,-0.591960,-0.405807,-0.636644,
956,2294430234,9.845699,1.807923,-0.300770,-2.143348,-1.359420,1.059988,0.282094,-0.591978,-0.405759,-0.636668,
957,2294446901,9.857729,1.790455,-0.338784,-1.608311,-1.373007,1.278733,0.282135,-0.591990,-0.405738,-0.636651,
958,2294463568,9.848968,1.755849,-0.280969,-0.251660,-1.146993,1.403244,0.282319,-0.591932,-0.405825,-0.636568,
959,2294480235,9.875254,1.794807,-0.240677,-0.238365,-1.132171,1.378290,0.282511,-0.591866,-0.405922,-0.636483,
960,2294496902,9.879578,1.837876,-0.224831,-1.545995,-1.012637,1.096448,0.282581,-0.591819,-0.405926,-0.636493,
961,2294513569,9.851425,1.876355,-0.222623,-2.874680,-1.720034,0.949098,0.282463,-0.591895,-0.405833,-0.636534,
962,2294530236,9.862919,1.831565,-0.290924,-2.823480,-2.468168,1.029086,0.282313,-0.592043,-0.405768,-0.636504,
963,2294546903,9.857888,1.824861,-0.324396,-1.793619,-1.600819,1.221745,0.282316,-0.592083,-0.405742,-0.636483,
964,2294563570,9.854174,1.798868,-0.334878,-1.208561,-1.496870,1.021262,0.282370,-0.592068,-0.405795,-0.636439,
965,2294580237,9.860868,1.807442,-0.284981,-1.236684,-1.015659,1.078224,0.282441,-0.592023,-0.405807,-0.636441,
966,2294596904,9.849245,1.833646,-0.254615,-1.762807,-1.251027,0.986070,0.282469,-0.592000,-0.405812,-0.636447,
967,2294613571,9.873775,1.835800,-0.219774,-1.820410,-1.022305,0.973788,0.282499,-0.591961,-0.405797,-0.636479,
968,2294630238,9.848578,1.791161,-0.251607,-1.148115,-1.039735,1.087394,0.282580,-0.591913,-0.405822,-0.636472,
969,2294646905,9.860861,1.742447,-0.352927,-0.903299,-1.739540,1.200827,0.282674,-0.591913,-0.405908,-0.636377,
970,2294663572,9.862955,1.808849,-0.306922,-1.167709,-1.360700,1.237638,0.282777,-0.591886,-0.405956,-0.636325,
971,2294680239,9.861273,1.809059,-0.252217,-1.201082,-1.622539,1.148608,0.282827,-0.591896,-0.405996,-0.636267,
972,2294696906,9.861901,1.840703,-0.267800,-2.126712,-1.699608,1.025001,0.282782,-0.591944,-0.405965,-0.636263,
973,2294713573,9.839634,1.803375,-0.286680,-1.991900,-1.005926,0.917082,0.282791,-0.591908,-0.405937,-0.636310,
974,2294730240,9.864039,1.797015,-0.274227,-1.323229,-1.637087,1.084256,0.282834,-0.591915,-0.405981,-0.636256,
975,2294746907,9.838155,1.825200,-0.301478,-0.786797,-1.720136,1.338629,0.282957,-0.591912,-0.406071,-0.636147,
976,2294763574,9.842422,1.846196,-0.308640,-0.432752,-1.780608,1.069375,0.283064,-0.591896,-0.406202,-0.636031,
977,2294780241,9.863553,1.865389,-0.265672,-1.990542,-1.623896,1.098625,0.283041,-0.591936,-0.406173,-0.636022,
978,2294796908,9.855912,1.833805,-0.260674,-3.397205,-1.019552,0.951096,0.282929,-0.591963,-0.406010,-0.636150,
979,2294813575,9.839437,1.803458,-0.302477,-2.698485,-1.431452,0.979047,0.282852,-0.592003,-0.405924,-0.636203,
980,2294830242,9.857846,1.782714,-0.302733,-3.295804,-1.938664,1.096537,0.282704,-0.592122,-0.405792,-0.636242,
981,2294846909,9.869696,1.768520,-0.330981,-2.456616,-1.889615,1.214048,0.282630,-0.592217,-0.405715,-0.636236,
982,2294863576,9.855587,1.735828,-0.265455,-1.367116,-1.693678,1.156830,0.282681,-0.592229,-0.405759,-0.636174,
983,2294880243,9.871456,1.742008,-0.241403,-2.548528,-1.595351,1.277978,0.282636,-0.592295,-0.405669,-0.636190,
984,2294896910,9.859363,1.762456,-0.291876,-1.858650,-1.612217,1.252263,0.282656,-0.592327,-0.405654,-0.636161,
985,2294913577,9.873610,1.820312,-0.301581,-2.323367,-1.770350,1.183096,0.282609,-0.592396,-0.405597,-0.636154,
986,2294930244,9.843044,1.821714,-0.315534,-1.780851,-1.333436,1.478538,0.282646,-0.592430,-0.405533,-0.636147,
987,2294946911,9.875193,1.783199,-0.297945,-1.639443,-1.373455,1.595511,0.282723,-0.592455,-0.405492,-0.636115,
988,2294963578,9.827577,1.726106,-0.267269,-2.811711,-1.526543,1.008327,0.282632,-0.592512,-0.405394,-0.636165,
989,2294980245,9.859918,1.731865,-0.277812,-2.528537,-1.951598,0.921001,0.282531,-0.592591,-0.405348,-0.636165,
990,2294996912,9.869306,1.772503,-0.245967,-1.766947,-1.539544,1.170295,0.282554,-0.592609,-0.405343,-0.636142,
991,2295013579,9.863009,1.792788,-0.319253,-1.327135,-1.233661,1.353766,0.282644,-0.592595,-0.405345,-0.636113,
992,2295030246,9.845387,1.816781,-0.299595,-0.446621,-1.024124,1.433613,0.282853,-0.592516,-0.405435,-0.636037,
993,2295046913,9.841277,1.827361,-0.294588,-1.615969,-1.358113,1.171711,0.282890,-0.592516,-0.405428,-0.636024,
994,2295063580,9.854335,1.798712,-0.319230,-2.252458,-1.456236,0.933397,0.282847,-0.592537,-0.405389,-0.636049,
995,2295080247,9.859428,1.818881,-0.237512,-1.697174,-1.664032,1.007917,0.282840,-0.592563,-0.405397,-0.636023,
996,2295096914,9.879269,1.812507,-0.218663,-2.478067,-1.587603,1.185439,0.282801,-0.592614,-0.405328,-0.636037,
997,2295113581,9.855337,1.767599,-0.296828,-1.967222,-1.445978,1.141385,0.282833,-0.592615,-0.405326,-0.636023,
998,2295130248,9.858247,1.793858,-0.316051,-1.511418,-1.117790,1.069362,0.282886,-0.592582,-0.405330,-0.636027,
999,2295146915,9.889778,1.823361,-0.333081,-1.468350,-0.669362,1.017740,0.282969,-0.592500,-0.405326,-0.636069,
1000,2295163582,9.862341,1.807473,-0.300059,-2.145063,-1.314713,0.869353,0.282949,-0.592492,-0.405308,-0.636097,
1001,2295180249,9.840262,1.791368,-0.288166,-1.691935,-1.745969,0.771879,0.282910,-0.592515,-0.405335,-0.636076,
1002,2295196916,9.857267,1.769530,-0.290948,-1.418944,-1.611257,0.515283,0.282899,-0.592486,-0.405423,-0.636052,
1003,2295213583,9.877773,1.775826,-0.285445,-0.902822,-1.069740,0.600573,0.282961,-0.592398,-0.405519,-0.636046,