time_s,SampleTimeFine,knee_flexion_estimate_deg,knee_flexion_estimate_smooth_deg,relative_rotvec_x_deg,relative_rotvec_y_deg,relative_rotvec_z_deg,dominant_axis_x,dominant_axis_y,dominant_axis_z,is_peak
0.0,641172194,-5.844025434967446,-5.722073034174643,-14.835564452715364,-3.5075319553573903,-5.799720783345875,0.021194432912868603,0.2443489120150033,0.9694557262766497,False
0.016667,641188861,-5.753839077675985,-5.713553981933804,-15.324646899889803,-3.54937196388406,-5.685454871075076,0.021194432912868603,0.2443489120150033,0.9694557262766497,False
0.033334,641205528,-5.726257239006988,-5.723438489862016,-15.805713055563531,-3.682129838090374,-5.6130255653805365,0.021194432912868603,0.2443489120150033,0.9694557262766497,False
0.050001,641222195,-5.724001737397073,-5.748307891935716,-16.324091270377952,-3.8106122305202694,-5.56698244499787,0.021194432912868603,0.2443489120150033,0.9694557262766497,False
0.066668,641238862,-5.763522167539733,-5.784743522131343,-16.85801500071675,-3.995455161255985,-5.5494860817295075,0.021194432912868603,0.2443489120150033,0.9694557262766497,False
0.083335,641255529,-5.798915275684901,-5.829326714425333,-17.43228080253821,-4.1409822828126055,-5.536759844365258,0.021194432912868603,0.2443489120150033,0.9694557262766497,False
0.100002,641272196,-5.810133207615372,-5.878638802794126,-18.01766868954183,-4.336348610258063,-5.48629175118868,0.021194432912868603,0.2443489120150033,0.9694557262766497,False
0.116669,641288863,-5.835829916375159,-5.929261121214157,-18.57087452592036,-4.6247226614944745,-5.428019816361612,0.021194432912868603,0.2443489120150033,0.9694557262766497,False
0.133336,641305530,-5.864191170677099,-5.977775003661867,-19.05601555593066,-4.901717951792686,-5.376852412647308,0.021194432912868603,0.2443489120150033,0.9694557262766497,False
0.150003,641322197,-5.885847250159563,-6.020761784113691,-19.420045685646624,-5.188510055298745,-5.3189470647034,0.021194432912868603,0.2443489120150033,0.9694557262766497,False
0.16667,641338864,-5.949412566808218,-6.054802796546068,-19.627250422164895,-5.474186780871135,-5.307981048378793,0.021194432912868603,0.2443489120150033,0.9694557262766497,False
0.183337,641355531,-6.071019852503862,-6.076479374935435,-19.736516649512257,-5.994219617009809,-5.299957981887715,0.021194432912868603,0.2443489120150033,0.9694557262766497,False
0.200004,641372198,-6.183507259852194,-6.082372853258231,-19.856137234645562,-6.630769140153144,-5.25293358943082,0.021194432912868603,0.2443489120150033,0.9694557262766497,False
0.216671,641388865,-6.164246397563317,-6.069064565490892,-20.08719753395652,-7.020163126459407,-5.129868607743844,0.021194432912868603,0.2443489120150033,0.9694557262766497,False
0.233338,641405532,-6.08875115363029,-6.033135845609858,-20.432100026387293,-7.637789915780374,-4.888783136445556,0.021194432912868603,0.2443489120150033,0.9694557262766497,False
0.250005,641422199,-6.066953363298576,-5.9711680275914265,-20.653536699748653,-8.534324835629969,-4.635488075471979,0.021194432912868603,0.2443489120150033,0.9694557262766497,False
0.266672,641438866,-6.011624167885705,-5.85799676127061,-20.722595306473977,-9.403726911033884,-4.357775233769841,0.021194432912868603,0.2443489120150033,0.9694557262766497,False
0.283339,641455533,-5.852507048764502,-5.707253754895943,-20.735572381941754,-10.247308622614607,-3.9807384858402015,0.021194432912868603,0.2443489120150033,0.9694557262766497,False
0.300006,641472200,-5.656121769113484,-5.525414615821349,-20.721719018115042,-11.393238759603564,-3.489639785017872,0.021194432912868603,0.2443489120150033,0.9694557262766497,False
0.316673,641488867,-5.4479019260883375,-5.316660111987085,-20.643634685046216,-12.730600349580461,-2.9394880608166125,0.021194432912868603,0.2443489120150033,0.9694557262766497,False
0.33334,641505534,-5.180372933473681,-5.076017758795174,-20.486274853509194,-13.852865042747679,-2.3841063322893015,0.021194432912868603,0.2443489120150033,0.9694557262766497,False
0.350007,641522201,-4.9134909824876685,-4.79814878821931,-20.286115384898274,-14.435730256343062,-1.96628202698988,0.021194432912868603,0.2443489120150033,0.9694557262766497,False
0.366674,641538868,-4.607138524804748,-4.4711536414419815,-19.674483737914887,-13.321996616712298,-1.9443628530871484,0.021194432912868603,0.2443489120150033,0.9694557262766497,False
0.383341,641555535,-4.152125666367711,-4.037183107846844,-18.61304141038294,-10.896024977524998,-2.109679675748995,0.021194432912868603,0.2443489120150033,0.9694557262766497,False
0.400008,641572202,-3.5852353712127685,-3.40747407277948,-17.2801533306086,-7.869027403523205,-2.317015679099632,0.021194432912868603,0.2443489120150033,0.9694557262766497,False
0.416675,641588869,-2.9681294619430574,-2.6882631630329916,-15.759694492247933,-4.795116967148935,-2.488478923712913,0.021194432912868603,0.2443489120150033,0.9694557262766497,False
0.433342,641605536,-2.348957476707046,-1.9424323748092782,-14.202864962497964,-2.161002803613992,-2.5477565804583455,0.021194432912868603,0.2443489120150033,0.9694557262766497,False
0.450009,641622203,-1.721582686726372,-1.1961320971798073,-12.74547530127152,-0.25826691573410526,-2.4120569348151064,0.021194432912868603,0.2443489120150033,0.9694557262766497,False
0.466676,641638870,-1.1036732378539815,-0.467699739782548,-11.489865489783702,0.6128202007586344,-2.021684985364381,0.021194432912868603,0.2443489120150033,0.9694557262766497,False
0.483343,641655537,-0.5276925412575503,0.23920012437195337,-10.480311091228039,0.5369069938162545,-1.4304944259465704,0.021194432912868603,0.2443489120150033,0.9694557262766497,False
0.50001,641672204,0.028425569521451144,0.9149592025383072,-9.653067419172912,-0.11286587130196164,-0.7111666381827589,0.021194432912868603,0.2443489120150033,0.9694557262766497,False
0.516677,641688871,0.6530925640676952,1.539381865587432,-8.827606824007372,-0.9069803685840842,0.11528970948688239,0.021194432912868603,0.2443489120150033,0.9694557262766497,False
0.533344,641705538,1.380352778420859,2.100153487218199,-7.931324639530029,-1.5271014613756664,1.0021687208333814,0.021194432912868603,0.2443489120150033,0.9694557262766497,False
0.550011,641722205,2.315195372625454,2.590829041888636,-6.862796213285602,-1.4168909497014546,1.9153263798621853,0.021194432912868603,0.2443489120150033,0.9694557262766497,False
0.566678,641738872,3.4862369817319014,3.000577410387983,-5.63978997162924,-0.39785282803334115,2.839679916331476,0.021194432912868603,0.2443489120150033,0.9694557262766497,False
0.583345,641755539,4.699518657506132,3.3211557460246275,-4.256859457856848,1.3608653054516036,3.6176735522198955,0.021194432912868603,0.2443489120150033,0.9694557262766497,False
0.600012,641772206,5.9788666767555405,3.550735753705243,-2.989838586753952,3.532479823760076,4.3622795883360395,0.021194432912868603,0.2443489120150033,0.9694557262766497,False
0.616679,641788873,7.186595800455257,3.686940577132954,-1.2762711584249946,5.718090996453299,5.019719948310783,0.021194432912868603,0.2443489120150033,0.9694557262766497,False
0.633346,641805540,7.1019567149363025,3.7299529202844126,0.10379482201750544,6.503726958997059,4.704225299350485,0.021194432912868603,0.2443489120150033,0.9694557262766497,False
0.650013,641822207,4.490832000616803,3.685789965248346,-0.6136526628704327,2.4860939733422427,3.039152280480564,0.021194432912868603,0.2443489120150033,0.9694557262766497,False
0.66668,641838874,3.213857652261548,3.5617068939609435,-0.3454548017013034,-0.0072195915625736,2.3445148929426964,0.021194432912868603,0.2443489120150033,0.9694557262766497,False
0.683347,641855541,2.6906867843282263,3.3591959516670897,0.04068586248260508,0.1662043741407748,1.7527077148307637,0.021194432912868603,0.2443489120150033,0.9694557262766497,False
0.700014,641872208,2.2874532335643925,3.080945573877719,-0.10295349240457391,-0.599567436580391,1.5329207957211126,0.021194432912868603,0.2443489120150033,0.9694557262766497,False
0.716681,641888875,1.9372242028764821,2.7344736853015426,-0.2437734786904751,-0.6410863428609446,1.1852006036368794,0.021194432912868603,0.2443489120150033,0.9694557262766497,False
0.733348,641905542,1.4816291112153257,2.3285347319819962,-0.29350553347053615,0.3373333935113878,0.46973023377993495,0.021194432912868603,0.2443489120150033,0.9694557262766497,False
0.750015,641922209,0.9828648925123895,1.8707100011472575,-0.4052644263183212,0.5269146262715153,-0.09008854452968311,0.021194432912868603,0.2443489120150033,0.9694557262766497,False
0.766682,641938876,0.5660402142931733,1.3706412394222105,-0.4435979866790536,0.3309256693157565,-0.4698093732059734,0.021194432912868603,0.2443489120150033,0.9694557262766497,False
0.783349,641955543,0.18131246795553324,0.8444523197229628,-0.3292910154944862,-0.34549265023333126,-0.6986680320466088,0.021194432912868603,0.2443489120150033,0.9694557262766497,False
0.800016,641972210,-0.18131246795553324,0.31089898443920283,-0.10825353668358466,-0.9879287522962145,-0.9156259927330025,0.021194432912868603,0.2443489120150033,0.9694557262766497,False
0.816683,641988877,-0.44600459962547856,-0.20120361376331547,0.25112294793180423,-1.1027962128378013,-1.1675623801659523,0.021194432912868603,0.2443489120150033,0.9694557262766497,False
0.83335,642005544,-0.6479776001908414,-0.6627211773658465,0.751804273383469,-0.6158823197483059,-1.509570301067299,0.021194432912868603,0.2443489120150033,0.9694557262766497,False
0.850017,642022211,-0.8393066095742067,-1.0544622993679655,1.1989148796769777,0.044873631789519024,-1.883244160718538,0.021194432912868603,0.2443489120150033,0.9694557262766497,False
0.866684,642038878,-1.0514679447506765,-1.3524507001130441,1.491086085455707,0.3714804822916635,-2.1907979341315804,0.021194432912868603,0.2443489120150033,0.9694557262766497,False
0.883351,642055545,-1.2877729752351499,-1.5248821656551474,1.6807226817214571,0.14384269904598299,-2.3813184715073694,0.021194432912868603,0.2443489120150033,0.9694557262766497,False
0.900018,642072212,-1.520239909986337,-1.6028638430222908,1.8035891394438375,-0.4577507680779909,-2.4721656428555705,0.021194432912868603,0.2443489120150033,0.9694557262766497,False
0.916685,642088879,-1.7546957402073682,-1.7059055021416734,1.87760594796201,-1.2668865635259463,-2.5116858831048487,0.021194432912868603,0.2443489120150033,0.9694557262766497,False
0.933352,642105546,-1.8742843486391418,-1.7792497732590138,1.9018695074718175,-1.9217327345999544,-2.470520425475993,0.021194432912868603,0.2443489120150033,0.9694557262766497,False
0.950019,642122213,-1.893503842917498,-1.7892123837682348,1.9489717460148408,-2.1539581769225506,-2.4328433725993115,0.021194432912868603,0.2443489120150033,0.9694557262766497,False
0.966686,642138880,-1.8666762539991342,-1.7374299650110523,2.07887455079009,-2.0807689054741694,-2.426457672231586,0.021194432912868603,0.2443489120150033,0.9694557262766497,False
0.983353,642155547,-1.8128301155320363,-1.6324550398946935,2.2472302262268933,-1.8924390334851828,-2.422063726265143,0.021194432912868603,0.2443489120150033,0.9694557262766497,False
1.00002,642172214,-1.7276531756163274,-1.4794140429465985,2.2964704311744972,-1.7565388630799361,-2.369532948908506,0.021194432912868603,0.2443489120150033,0.9694557262766497,False
1.016687,642188881,-1.6227991495284355,-1.2774512483255163,2.1988604068508657,-1.826312521732783,-2.2416550794824253,0.021194432912868603,0.2443489120150033,0.9694557262766497,False
1.033354,642205548,-1.522945436418596,-1.0255327388322253,2.006377220744238,-2.017026476150807,-2.0863782284900596,0.021194432912868603,0.2443489120150033,0.9694557262766497,False
1.050021,642222215,-1.4079677097333971,-0.7354633599435434,1.6635963860449616,-2.394163472521208,-1.8652275549495725,0.021194432912868603,0.2443489120150033,0.9694557262766497,False
1.066688,642238882,-1.3177910763302272,-0.43661331106420065,1.1543683099793134,-3.0367837529968287,-1.5991060673159387,0.021194432912868603,0.2443489120150033,0.9694557262766497,False
1.083355,642255549,-1.130061674538338,-0.16026252277919112,0.5593475411013168,-3.5847664811667705,-1.254335796810986,0.021194432912868603,0.2443489120150033,0.9694557262766497,False
1.100022,642272216,-0.7189693495312622,0.0671938838439414,0.007419160949918126,-3.6572704053695966,-0.7999505401262714,0.021194432912868603,0.2443489120150033,0.9694557262766497,False
1.116689,642288883,-0.04697889802999877,0.24988596266378715,-0.6750086046907124,-3.443123855073705,-0.14584367662161787,0.021194432912868603,0.2443489120150033,0.9694557262766497,False
1.133356,642305550,0.6447796485438975,0.3704613697613561,-1.4944982272554177,-3.409796214295674,0.5772255390611211,0.021194432912868603,0.2443489120150033,0.9694557262766497,False
1.150023,642322217,1.1947617468416645,0.41143109878474493,-2.1282427863596656,-3.381709064656438,1.151311467173765,0.021194432912868603,0.2443489120150033,0.9694557262766497,False
1.16669,642338884,1.487782745914441,0.3515154405740033,-2.3887717974764344,-3.2549794620152346,1.4273184223577275,0.021194432912868603,0.2443489120150033,0.9694557262766497,False
1.183357,642355551,1.4795405491488611,0.174224717801028,-2.3734541006395604,-2.69210709814845,1.276611079652283,0.021194432912868603,0.2443489120150033,0.9694557262766497,False
1.200024,642372218,1.2444869909364604,-0.1094146573562417,-2.2574000388456184,-1.689383681741829,0.7788806304820997,0.021194432912868603,0.2443489120150033,0.9694557262766497,False
1.216691,642388885,0.9611740587133419,-0.47257727018219803,-2.184231585035499,-0.2559442191023385,0.12374697968263719,0.021194432912868603,0.2443489120150033,0.9694557262766497,False
1.233358,642405552,0.7299781749574448,-0.9016411763558795,-2.005712421703287,1.9193502883478923,-0.6669135132295926,0.021194432912868603,0.2443489120150033,0.9694557262766497,False
1.250025,642422219,0.28581812710370136,-1.3845686356103408,-1.784005055359814,3.8220765625652477,-1.6094919930462217,0.021194432912868603,0.2443489120150033,0.9694557262766497,False
1.266692,642438886,-0.5528840140955454,-1.8835996549148255,-1.5519268437338094,4.806939203117923,-2.7279247307161296,0.021194432912868603,0.2443489120150033,0.9694557262766497,False
1.283359,642455553,-1.7763302973895838,-2.418385547765344,-1.3781682907699422,4.9902026717237,-4.03990751856221,0.021194432912868603,0.2443489120150033,0.9694557262766497,False
1.300026,642472220,-3.2364115516489274,-2.97002935694994,-1.3797692514052076,4.448791565735847,-5.409494671556855,0.021194432912868603,0.2443489120150033,0.9694557262766497,False
1.316693,642488887,-4.570696195892987,-3.537484494903582,-1.5779108808958577,3.4546428601932355,-6.530913588092164,0.021194432912868603,0.2443489120150033,0.9694557262766497,False
1.33336,642505554,-5.547492197059188,-4.120648141473473,-2.112036782209585,1.7133812780179847,-7.087927299816466,0.021194432912868603,0.2443489120150033,0.9694557262766497,False
1.350027,642522221,-6.143029577113678,-4.728690995993898,-2.3089291562031913,0.6471567161253114,-7.42918429300717,0.021194432912868603,0.2443489120150033,0.9694557262766497,False
1.366694,642538888,-6.993577826087754,-5.394555680081545,-2.3250535355702335,0.4548604225101399,-8.25771012456095,0.021194432912868603,0.2443489120150033,0.9694557262766497,False
1.383361,642555555,-7.696436096331048,-6.069507443983751,-2.394241398773276,0.7296709823150107,-9.050465805079249,0.021194432912868603,0.2443489120150033,0.9694557262766497,False
1.400028,642572222,-8.192334234993238,-6.7077478321787805,-1.5603668588487924,2.3411066251803785,-9.986376706608958,0.021194432912868603,0.2443489120150033,0.9694557262766497,False
1.416695,642588889,-8.274088686539729,-7.334366006242561,-0.6895744289831985,3.787957049096176,-10.45441946288548,0.021194432912868603,0.2443489120150033,0.9694557262766497,False
1.433362,642605556,-7.910560326193538,-7.916071638217906,0.45960843175724175,5.174885818566384,-10.454133172929444,0.021194432912868603,0.2443489120150033,0.9694557262766497,False
1.450029,642622223,-7.455984651991706,-8.388388500768103,1.3345674356480208,6.514417179890385,-10.341989440527746,0.021194432912868603,0.2443489120150033,0.9694557262766497,False
1.466696,642638890,-7.250742610436921,-8.761879288118374,1.9379075270081065,9.016504491716983,-10.774116159254266,0.021194432912868603,0.2443489120150033,0.9694557262766497,False
1.483363,642655557,-7.11069542408802,-9.03349475728708,2.4943353236498873,12.578061577427878,-11.539502926405008,0.021194432912868603,0.2443489120150033,0.9694557262766497,False
1.50003,642672224,-7.033648300142239,-9.192572521688357,2.410511073277917,14.445448950463776,-11.928866082745166,0.021194432912868603,0.2443489120150033,0.9694557262766497,False
1.516697,642688891,-7.654471506118615,-9.252050374450507,1.5637916708166704,13.707709236785236,-12.364792717208799,0.021194432912868603,0.2443489120150033,0.9694557262766497,False
1.533364,642705558,-7.827970336306159,-9.254358362876314,1.3382488613592183,11.953134699573493,-12.096590886092685,0.021194432912868603,0.2443489120150033,0.9694557262766497,False
1.550031,642722225,-8.342024383777916,-9.231694518733368,1.1384013207066095,10.462605992947603,-12.246787868214462,0.021194432912868603,0.2443489120150033,0.9694557262766497,False
1.566698,642738892,-8.850845414420423,-9.198310332216769,1.6726427876992949,10.200250835920132,-12.717193855854818,0.021194432912868603,0.2443489120150033,0.9694557262766497,False
1.583365,642755559,-9.363477127054919,-9.140875084419612,2.65531465395919,9.963835289617172,-13.207872275883046,0.021194432912868603,0.2443489120150033,0.9694557262766497,False
1.600032,642772226,-9.481053489913041,-8.99957587154911,3.584760511579222,6.998698180330266,-12.602117345586835,0.021194432912868603,0.2443489120150033,0.9694557262766497,False
1.616699,642788893,-8.255132748634104,-8.663718907503187,4.968814458354214,3.950598553822039,-10.59956449290211,0.021194432912868603,0.2443489120150033,0.9694557262766497,False
1.633366,642805560,-7.045161347442615,-8.050081468933552,6.035236624381415,3.3993606774643825,-9.235847174356909,0.021194432912868603,0.2443489120150033,0.9694557262766497,False
1.650033,642822227,-6.032542442943731,-7.040754756438745,5.900135432056507,3.2241885196487634,-8.144218753224006,0.021194432912868603,0.2443489120150033,0.9694557262766497,False
1.6667,642838894,-3.7895741365418982,-5.494661849250978,5.393391744376386,9.780663189148106,-7.472046748163985,0.021194432912868603,0.2443489120150033,0.9694557262766497,False
1.683367,642855561,-1.5234840524838296,-3.2595241922606397,5.595174920391671,15.329516384999636,-6.537545936854895,0.021194432912868603,0.2443489120150033,0.9694557262766497,False
1.700034,642872228,-0.1929584490385884,-0.23369307486418342,6.434526502897123,16.37009892683952,-5.4457262879634865,0.021194432912868603,0.2443489120150033,0.9694557262766497,False
1.716701,642888895,1.6274494879996202,3.6609106408870233,6.228970505333425,14.949245843024698,-3.2053470461558784,0.021194432912868603,0.2443489120150033,0.9694557262766497,False
1.733368,642905562,3.9027166148948993,8.463761321274843,6.105636229840907,14.18780030187357,-0.66377712225108,0.021194432912868603,0.2443489120150033,0.9694557262766497,False
1.750035,642922229,6.678315756210931,14.158473786419755,6.296587623422681,14.58643477863348,2.094622319462135,0.021194432912868603,0.2443489120150033,0.9694557262766497,False
1.766702,642938896,10.299649058355042,20.611022523043385,6.838646407674675,15.07777673670609,5.6943594772663095,0.021194432912868603,0.2443489120150033,0.9694557262766497,False
1.783369,642955563,15.375603465210828,27.570343101885914,7.913047394160802,15.928422012474526,10.692348254114044,0.021194432912868603,0.2443489120150033,0.9694557262766497,False
1.800036,642972230,21.929523632702463,34.82320554372435,8.345653591506162,17.568081513882564,17.030030463509622,0.021194432912868603,0.2443489120150033,0.9694557262766497,False
1.816703,642988897,29.95473857994176,42.123158230558985,6.9117399360408465,19.339327945001273,24.893003046007216,0.021194432912868603,0.2443489120150033,0.9694557262766497,False
1.83337,643005564,39.51795510364459,49.331754699210464,3.953800321230618,20.241514657488075,34.59479734137115,0.021194432912868603,0.2443489120150033,0.9694557262766497,False
1.850037,643022231,50.17392840439302,56.114560837427206,0.4236123269413454,21.048078239153007,45.46038966725163,0.021194432912868603,0.2443489120150033,0.9694557262766497,False
1.866704,643038898,60.98333399849344,62.09525351551053,-3.4801421932929357,21.04752893431693,56.695846206623926,0.021194432912868603,0.2443489120150033,0.9694557262766497,False
1.883371,643055565,71.65932907231291,67.15092340008624,-8.506205087066498,19.374050983885205,68.2398825558536,0.021194432912868603,0.2443489120150033,0.9694557262766497,False
1.900038,643072232,81.48130727335882,71.16869104502541,-13.709994692141514,17.652841115505765,78.91891105483738,0.021194432912868603,0.2443489120150033,0.9694557262766497,False
1.916705,643088899,89.43796803578843,74.09567702994195,-17.768311734845735,16.915523743542753,87.40082205448705,0.021194432912868603,0.2443489120150033,0.9694557262766497,False
1.933372,643105566,94.7014444656296,75.9857016401353,-19.099904714559376,17.413216159839934,92.73380224877936,0.021194432912868603,0.2443489120150033,0.9694557262766497,False
1.950039,643122233,97.54622910588269,76.84557004625877,-17.64399418535217,19.961086120361895,94.99420272918259,0.021194432912868603,0.2443489120150033,0.9694557262766497,True
1.966706,643138900,97.2424264768529,76.53626912289926,-12.723681585841081,22.645656279921962,93.89662020611719,0.021194432912868603,0.2443489120150033,0.9694557262766497,False
1.983373,643155567,93.1114010267316,74.94483341398379,-4.983556703511961,25.75462595003829,88.68261586630976,0.021194432912868603,0.2443489120150033,0.9694557262766497,False
2.00004,643172234,85.31865357010437,71.97728527674343,3.818493668501015,28.853891880005033,79.67075081258584,0.021194432912868603,0.2443489120150033,0.9694557262766497,False
2.016707,643188901,75.50515053211429,67.8276422384607,10.686694898260706,31.06881561763249,68.8396374475642,0.021194432912868603,0.2443489120150033,0.9694557262766497,False
2.033374,643205568,65.09246579674634,62.62509054671299,14.915179002452353,32.52246136348748,57.640052443107884,0.021194432912868603,0.2443489120150033,0.9694557262766497,False
2.050041,643222235,54.4874587348189,56.49685415080564,17.1647419001877,33.05212271139987,46.5182372289609,0.021194432912868603,0.2443489120150033,0.9694557262766497,False
2.066708,643238902,43.76492918400838,49.659781292605885,18.672685499869875,32.54886466361529,35.55175498983537,0.021194432912868603,0.2443489120150033,0.9694557262766497,False
2.083375,643255569,30.84853954307591,42.288825748567376,17.28924117598119,29.630706822453877,22.99417314316192,0.021194432912868603,0.2443489120150033,0.9694557262766497,False
2.100042,643272236,19.96953817748608,34.739345450778664,11.718980379115056,25.18519433107963,13.014669753807304,0.021194432912868603,0.2443489120150033,0.9694557262766497,False
2.116709,643288903,13.731059473583459,27.233141580189933,8.655707736102913,19.90001457009341,7.978723995122311,0.021194432912868603,0.2443489120150033,0.9694557262766497,False
2.133376,643305570,9.344409853856172,19.971093873303047,6.334385056038426,16.14394357718135,4.451323466497746,0.021194432912868603,0.2443489120150033,0.9694557262766497,False
2.150043,643322237,6.044974176975031,13.112562635803359,3.9291479103340863,13.246875191172581,1.8307163953939374,0.021194432912868603,0.2443489120150033,0.9694557262766497,False
2.16671,643338904,2.6407146566893096,6.9109945010273135,2.014624156325226,11.03030957942977,-1.0802642743687365,0.021194432912868603,0.2443489120150033,0.9694557262766497,False
2.183377,643355571,-1.501080955473724,1.523130567660119,0.5405567600204974,8.55580887241765,-4.696635748648698,0.021194432912868603,0.2443489120150033,0.9694557262766497,False
2.200044,643372238,-6.557970605885681,-2.9126939067227076,-1.2329532162774324,5.5880616054062076,-9.126064736459805,0.021194432912868603,0.2443489120150033,0.9694557262766497,False
2.216711,643388905,-10.46308671852516,-6.29785856565637,-2.0602100724907824,1.2200297739811983,-12.035180615196019,0.021194432912868603,0.2443489120150033,0.9694557262766497,False
2.233378,643405572,-11.669732047861407,-8.67734236264029,-1.8669710061211602,-2.3323831058963624,-12.388691033721928,0.021194432912868603,0.2443489120150033,0.9694557262766497,False
2.250045,643422239,-9.397003154527527,-10.196831829647696,0.1201298495423024,0.4561691199822284,-10.790646199826265,0.021194432912868603,0.2443489120150033,0.9694557262766497,False
2.266712,643438906,-9.09475821778683,-11.080524497342426,0.9629658455698709,0.6231345112321783,-10.539388006730869,0.021194432912868603,0.2443489120150033,0.9694557262766497,False
2.283379,643455573,-9.206969848114566,-11.503546352487668,2.069617807717475,7.922353097477284,-12.519078836529909,0.021194432912868603,0.2443489120150033,0.9694557262766497,False
2.300046,643472240,-8.587888736425068,-11.601048199510192,0.4611093993825138,11.24331252364648,-12.682366631010892,0.021194432912868603,0.2443489120150033,0.9694557262766497,False
2.316713,643488907,-8.44395059202006,-11.549857263173719,1.015064646738339,12.241223217749367,-12.797525077433978,0.021194432912868603,0.2443489120150033,0.9694557262766497,False
2.33338,643505574,-7.22321132278854,-11.429830378205741,1.3619698849134068,12.109660164967313,-11.512748408956051,0.021194432912868603,0.2443489120150033,0.9694557262766497,False
2.350047,643522241,-8.087233884708734,-11.406865877377687,2.2855349636958273,9.367759612872067,-11.733095328856907,0.021194432912868603,0.2443489120150033,0.9694557262766497,False
2.366714,643538908,-8.350094802623635,-11.382436464627231,1.9408474975389998,7.179608324418148,-11.445184373714682,0.021194432912868603,0.2443489120150033,0.9694557262766497,False
2.383381,643555575,-7.8845112532659325,-11.053551927309625,2.109684510842752,3.744837690900771,-10.102897586751356,0.021194432912868603,0.2443489120150033,0.9694557262766497,False
2.400048,643572242,-5.484089268061882,-10.1393547061278,3.378587119924053,2.7333323509328076,-7.399640003894399,0.021194432912868603,0.2443489120150033,0.9694557262766497,False
2.416715,643588909,-3.5446485516699915,-8.378838977033638,2.868061762707771,1.057394971654099,-4.965516997451547,0.021194432912868603,0.2443489120150033,0.9694557262766497,False
2.433382,643605576,-1.415986942442431,-5.697521833451708,2.1047622971818143,4.734039519969583,-3.679790192698422,0.021194432912868603,0.2443489120150033,0.9694557262766497,False
2.450049,643622243,-0.2900574892672144,-2.121916801463396,0.899174616506635,9.991454020179606,-3.8171479999041056,0.021194432912868603,0.2443489120150033,0.9694557262766497,False
2.466716,643638910,-0.12932475437455448,2.2801285376943823,0.3774321133913734,12.358899687303447,-4.23665349213074,0.021194432912868603,0.2443489120150033,0.9694557262766497,False
2.483383,643655577,0.3295610466219656,7.444818306996457,0.6594894443947699,13.255091474614499,-3.995359061358566,0.021194432912868603,0.2443489120150033,0.9694557262766497,False
2.50005,643672244,1.4948228525645864,13.303279326753023,-0.1528383054814745,13.811678235940342,-2.9159108369534406,0.021194432912868603,0.2443489120150033,0.9694557262766497,False
2.516717,643688911,4.185542175696759,19.829037782587033,-1.2459443415551854,15.022672380072267,-0.4217464119395611,0.021194432912868603,0.2443489120150033,0.9694557262766497,False
2.533384,643705578,8.400137743185908,26.753612120816882,-0.8853721107788302,15.804291579937244,3.720748736199521,0.021194432912868603,0.2443489120150033,0.9694557262766497,False
2.550051,643722245,14.594006322273593,33.90109196446491,1.0778658882184493,16.049666286948945,10.004998398357994,0.021194432912868603,0.2443489120150033,0.9694557262766497,False
2.566718,643738912,24.46230763783892,41.07489512969726,2.3363027106735164,17.64931900554901,19.753515842947337,0.021194432912868603,0.2443489120150033,0.9694557262766497,False
2.583385,643755579,36.57158492049891,47.899514845731986,1.882085225884482,19.69123640958243,31.739585504114302,0.021194432912868603,0.2443489120150033,0.9694557262766497,False
2.600052,643772246,50.396853442789485,54.14778413844041,-0.41827321736346723,20.786298955975465,45.774724607835694,0.021194432912868603,0.2443489120150033,0.9694557262766497,False
2.616719,643788913,64.50298767769165,59.543583834093,-4.023933485153988,20.503580187171124,60.47538168462012,0.021194432912868603,0.2443489120150033,0.9694557262766497,False
2.633386,643805580,77.7764472823077,64.00675122719427,-8.239989247256343,18.479512938311387,74.76937652123681,0.021194432912868603,0.2443489120150033,0.9694557262766497,False
2.650053,643822247,87.87612332499505,67.50500773396838,-13.596697802673928,16.157652345890543,85.88958785240499,0.021194432912868603,0.2443489120150033,0.9694557262766497,False
2.66672,643838914,93.3675293892887,70.0651512454866,-18.94504403391069,16.21910779473141,91.65544647401843,0.021194432912868603,0.2443489120150033,0.9694557262766497,False
2.683387,643855581,95.58593599213276,71.59275990994826,-19.20369291818766,16.74611181203819,93.8165721492053,0.021194432912868603,0.2443489120150033,0.9694557262766497,False
2.700054,643872248,94.68901031989732,72.00342360212534,-15.001982648035922,18.424196970581495,92.37657155547454,0.021194432912868603,0.2443489120150033,0.9694557262766497,True
2.716721,643888915,89.88734145445687,71.06703151694485,-8.097773518752547,20.14913389978083,86.83791106892072,0.021194432912868603,0.2443489120150033,0.9694557262766497,False
2.733388,643905582,82.09181222456252,68.79703570640201,-0.4720904539994578,21.557128760320214,78.27517525198698,0.021194432912868603,0.2443489120150033,0.9694557262766497,False
2.750055,643922249,72.95583956083067,65.19682260742093,4.026578454881397,22.65876084650509,68.47534453841058,0.021194432912868603,0.2443489120150033,0.9694557262766497,False
2.766722,643938916,63.23949001108932,60.40159958545641,5.528489516595539,23.264617263108644,58.26732596573955,0.021194432912868603,0.2443489120150033,0.9694557262766497,False
2.783389,643955583,52.70896915915411,54.577243875075766,6.753644002017393,23.26313481885174,47.378613065578975,0.021194432912868603,0.2443489120150033,0.9694557262766497,False
2.800056,643972250,40.46329447269228,47.70997366481569,8.00890632744914,22.205599928769125,34.98622480671764,0.021194432912868603,0.2443489120150033,0.9694557262766497,False
2.816723,643988917,28.074963189911177,40.184040932495485,7.858735663058638,20.263336514449808,22.700404809224672,0.021194432912868603,0.2443489120150033,0.9694557262766497,False
2.83339,644005584,18.780151502778686,32.270180700742664,6.758585592509248,21.89121352584603,12.726494351205707,0.021194432912868603,0.2443489120150033,0.9694557262766497,False
2.850057,644022251,12.34226892430595,24.307314822956286,5.306424687262667,21.9947023590968,6.091439174314897,0.021194432912868603,0.2443489120150033,0.9694557262766497,False
2.866724,644038918,7.275517149605514,16.509211834111532,3.5868137394432282,20.719477369110198,1.2240629455148264,0.021194432912868603,0.2443489120150033,0.9694557262766497,False
2.883391,644055585,2.3493642527689413,9.180022184408008,1.200806098368385,19.480280462972644,-3.4927965027589707,0.021194432912868603,0.2443489120150033,0.9694557262766497,False
2.900058,644072252,-3.02859029613967,2.610372094468042,-0.5871610342884579,16.696147621427578,-8.299369554449408,0.021194432912868603,0.2443489120150033,0.9694557262766497,False
2.916725,644088919,-8.380773162279006,-3.023676212146589,-1.512883002816842,12.799838041885877,-12.817888129991553,0.021194432912868603,0.2443489120150033,0.9694557262766497,False
2.933392,644105586,-13.125638040608766,-7.707653194368149,-2.5871201736812752,6.687223260207691,-16.148093080772536,0.021194432912868603,0.2443489120150033,0.9694557262766497,False
2.950059,644122253,-16.388104399112365,-11.436260123903969,-3.7910832341356415,1.9825967558786444,-18.301238005127555,0.021194432912868603,0.2443489120150033,0.9694557262766497,False
2.966726,644138920,-15.495362752073152,-14.228809837118513,-1.4989643972282662,-0.9886219981691449,-16.681591521566393,0.021194432912868603,0.2443489120150033,0.9694557262766497,False
2.983393,644155587,-15.11876797196934,-16.19499495195218,-0.777522576893149,0.02013175811290117,-16.563157699482957,0.021194432912868603,0.2443489120150033,0.9694557262766497,False
3.00006,644172254,-13.838341683633706,-17.480089924341637,0.7333691820254058,10.912693215173876,-18.020864027346253,0.021194432912868603,0.2443489120150033,0.9694557262766497,False
3.016727,644188921,-13.862142727955245,-18.221774201674798,-2.041364492204927,15.51789982604937,-19.145484093051646,0.021194432912868603,0.2443489120150033,0.9694557262766497,False
3.033394,644205588,-15.004372914238258,-18.52465053429789,-2.7960465867579307,15.839739390422244,-20.388321947323632,0.021194432912868603,0.2443489120150033,0.9694557262766497,False
3.050061,644222255,-12.641435923782698,-18.468957317992913,-2.1775488710035336,14.69777144844716,-17.676628328898733,0.021194432912868603,0.2443489120150033,0.9694557262766497,False
3.066728,644238922,-13.87348013036492,-18.091022008799687,1.372278917460829,11.753464962050842,-18.282991972925174,0.021194432912868603,0.2443489120150033,0.9694557262766497,False
3.083395,644255589,-14.027160374717425,-17.334068016394152,-2.702631766055637,10.211247356603009,-17.963715535283658,0.021194432912868603,0.2443489120150033,0.9694557262766497,False
3.100062,644272256,-14.682687280547361,-16.037113966322842,-3.169023559216959,4.7163050933899715,-17.244712956362598,0.021194432912868603,0.2443489120150033,0.9694557262766497,False
3.116729,644288923,-12.538736172873925,-13.95015446936151,-2.4251661358097847,0.8952717945110628,-14.086393584182517,0.021194432912868603,0.2443489120150033,0.9694557262766497,False
3.133396,644305590,-9.768167327387264,-10.889691127899615,-1.8528169304956705,-0.7217792162291138,-10.833472591172567,0.021194432912868603,0.2443489120150033,0.9694557262766497,False
3.150063,644322257,-6.954575417402512,-6.820298948066542,-2.850894921109777,0.7241542061546175,-8.27385766381185,0.021194432912868603,0.2443489120150033,0.9694557262766497,False
3.16673,644338924,-4.586226599250707,-1.8575024398431954,-4.023153870281952,5.975777280920852,-7.1289205954244865,0.021194432912868603,0.2443489120150033,0.9694557262766497,False
3.183397,644355591,-1.900541320077263,3.897592397848473,-4.530925282899192,8.798530582747789,-5.058985420734091,0.021194432912868603,0.2443489120150033,0.9694557262766497,False
3.200064,644372258,1.601838647203775,10.311552448979254,-4.168974975176707,11.066001936993796,-2.025680858570041,0.021194432912868603,0.2443489120150033,0.9694557262766497,False
3.216731,644388925,5.768864240857305,17.22117684868415,-3.3571874649570246,13.35642914377239,1.6775896718866066,0.021194432912868603,0.2443489120150033,0.9694557262766497,False
3.233398,644405592,10.650806869079197,24.58577589039459,-1.949534638803389,16.38873929240624,5.918285175241081,0.021194432912868603,0.2443489120150033,0.9694557262766497,False
3.250065,644422259,16.91666873223744,32.17543368296615,0.4825651227076312,19.345243944480817,11.583212457600105,0.021194432912868603,0.2443489120150033,0.9694557262766497,False
3.266732,644438926,25.70513227499,39.95451551574143,3.620896414379083,22.72907724121324,19.727073174745602,0.021194432912868603,0.2443489120150033,0.9694557262766497,False
3.283399,644455593,37.270611394661785,47.60307752512529,5.945332016851233,25.96191011619058,30.791296675393575,0.021194432912868603,0.2443489120150033,0.9694557262766497,False
3.300066,644472260,51.01104436867081,54.733260249276334,6.359617018626613,27.24861136504875,44.63127721748222,0.021194432912868603,0.2443489120150033,0.9694557262766497,False
3.316733,644488927,64.53363630434158,61.23786162396544,4.825728632562015,26.006716559990245,58.926471004045524,0.021194432912868603,0.2443489120150033,0.9694557262766497,False
3.3334,644505594,76.37082110469485,66.76888514684,3.200391583781798,20.76005875467,72.49454602523103,0.021194432912868603,0.2443489120150033,0.9694557262766497,False
3.350067,644522261,87.16153644018222,71.28543850716933,-2.597648801220706,17.225873567269314,84.64278085394925,0.021194432912868603,0.2443489120150033,0.9694557262766497,False
3.366734,644538928,94.69728909596593,74.69188498544955,-10.828604520140976,15.550928309139389,93.01807219115145,0.021194432912868603,0.2443489120150033,0.9694557262766497,False
3.383401,644555595,98.04882595670612,77.02804610364942,-16.656014865459543,15.737642650070912,96.55554376343957,0.021194432912868603,0.2443489120150033,0.9694557262766497,False
3.400068,644572262,97.84116775922007,78.23975489941215,-18.31124955505751,15.6107567139956,96.40951131179163,0.021194432912868603,0.2443489120150033,0.9694557262766497,False
3.416735,644588929,95.5111016743063,78.28803017152983,-14.352865311309948,15.953787543747927,93.83303366918496,0.021194432912868603,0.2443489120150033,0.9694557262766497,True
3.433402,644605596,90.30949622837232,77.12459063990222,-9.308745942383188,15.59985363046472,88.4464758436685,0.021194432912868603,0.2443489120150033,0.9694557262766497,False
3.450069,644622263,82.7371656427738,74.64599660755829,-3.6532445556846396,15.086552289895824,80.64130135129112,0.021194432912868603,0.2443489120150033,0.9694557262766497,False
3.466736,644638930,74.12475029985944,70.86308124791911,0.3697598316824841,15.575875795288024,71.54625341182451,0.021194432912868603,0.2443489120150033,0.9694557262766497,False
3.483403,644655597,65.48208123442429,65.92808628305434,2.066974148309999,17.0547457103124,62.22143272106931,0.021194432912868603,0.2443489120150033,0.9694557262766497,False
3.50007,644672264,56.77307390657587,59.905896515178384,3.772733522518627,18.410284701711895,52.85908211319549,0.021194432912868603,0.2443489120150033,0.9694557262766497,False
3.516737,644688931,45.22908817016405,52.987559959476656,8.087495051865014,19.125571858554927,40.676767873748474,0.021194432912868603,0.2443489120150033,0.9694557262766497,False
3.533404,644705598,34.30265741030826,45.43757246252745,9.32713863639529,20.642207914497448,28.9967165151112,0.021194432912868603,0.2443489120150033,0.9694557262766497,False
3.550071,644722265,25.911126991535152,37.531793601456684,8.724467457881145,23.27690600808403,19.689903926340413,0.021194432912868603,0.2443489120150033,0.9694557262766497,False
3.566738,644738932,20.32657220446199,29.739525941784905,9.4943985213175,25.676748234811733,13.307692022536937,0.021194432912868603,0.2443489120150033,0.9694557262766497,False
3.583405,644755599,16.208820669775875,22.288429968905696,8.29566607981745,24.86127229159108,9.291949667983108,0.021194432912868603,0.2443489120150033,0.9694557262766497,False
3.600072,644772266,11.79379055313965,15.325769085533679,4.619172172200844,18.828421152334766,6.338758280969811,0.021194432912868603,0.2443489120150033,0.9694557262766497,False
3.616739,644788933,6.634563212004501,9.05604557596779,1.7816022218421248,12.27938451840876,2.7296850823634937,0.021194432912868603,0.2443489120150033,0.9694557262766497,False
3.633406,644805600,1.6286676975225083,3.611124481467229,-0.43781217225391966,8.607668361251694,-1.4599610527630196,0.021194432912868603,0.2443489120150033,0.9694557262766497,False
3.650073,644822267,-2.6335967334617068,-1.0115369836761166,-1.9677072480534463,6.757103282895764,-5.3566378235897965,0.021194432912868603,0.2443489120150033,0.9694557262766497,False
3.66674,644838934,-6.632160385536564,-4.7578909437151795,-3.074140812598342,3.1788651373483354,-8.555107581700867,0.021194432912868603,0.2443489120150033,0.9694557262766497,False
3.683407,644855601,-10.530287007930683,-7.630673830225053,-3.322852080816019,2.3002807479411125,-12.34916860867195,0.021194432912868603,0.2443489120150033,0.9694557262766497,False
3.700074,644872268,-11.908054117002846,-9.748742734818077,-2.4495113371928348,0.9590027025096546,-13.45137184580797,0.021194432912868603,0.2443489120150033,0.9694557262766497,False
3.716741,644888935,-11.675380555132257,-11.238446092364057,-1.548408683579312,-1.7005133367598926,-12.560743187468866,0.021194432912868603,0.2443489120150033,0.9694557262766497,False
3.733408,644905602,-12.479521535405006,-12.189000132023892,-0.12967783218863027,3.037202990957081,-14.615366160183056,0.021194432912868603,0.2443489120150033,0.9694557262766497,False
3.750075,644922269,-12.142890052301102,-12.680802617912065,-0.11661435093135503,9.01934458988324,-15.776198110201747,0.021194432912868603,0.2443489120150033,0.9694557262766497,False
3.766742,644938936,-11.993645699492161,-12.812207202788455,-1.8977728759613783,12.58830192134428,-16.482858378151008,0.021194432912868603,0.2443489120150033,0.9694557262766497,False
3.783409,644955603,-11.639906954486609,-12.84632222600273,-3.2481391811343796,10.327536397332539,-15.51863220067327,0.021194432912868603,0.2443489120150033,0.9694557262766497,False
3.800076,644972270,-9.758034890883367,-12.861444877007191,0.47509312220783106,7.895717729495056,-13.045932883870409,0.021194432912868603,0.2443489120150033,0.9694557262766497,False
3.816743,644988937,-10.009557068380236,-12.781838145755325,-2.2223833849439485,4.222955343354289,-12.32069625732385,0.021194432912868603,0.2443489120150033,0.9694557262766497,False
3.83341,645005604,-9.454567360987603,-12.36136856235474,-2.2374192727235913,2.999272597494692,-11.439465780310815,0.021194432912868603,0.2443489120150033,0.9694557262766497,False
3.850077,645022271,-7.618528395048241,-11.33179458813296,-2.1129916472589376,3.082963266232007,-9.569393718237277,0.021194432912868603,0.2443489120150033,0.9694557262766497,False
3.866744,645038938,-4.920788149427092,-9.438649477880348,-0.69859072919551,3.8531799557274726,-7.011709913861299,0.021194432912868603,0.2443489120150033,0.9694557262766497,False
3.883411,645055605,-2.51495331109199,-6.550810479195322,-0.6140771979971245,2.169989568341789,-4.10767903804976,0.021194432912868603,0.2443489120150033,0.9694557262766497,False
3.900078,645072272,0.3610022969651775,-2.6948172084163398,-0.5294391044738519,6.364009762677377,-2.200054553422683,0.021194432912868603,0.2443489120150033,0.9694557262766497,False
3.916745,645088939,1.786100019143781,2.0876790662038314,-1.2210065470963263,9.475677869092637,-1.499225864524154,0.021194432912868603,0.2443489120150033,0.9694557262766497,False
3.933412,645105606,3.175837028827946,7.71169660451482,-1.8933897241373832,9.583786593910956,-0.07825170016102082,0.021194432912868603,0.2443489120150033,0.9694557262766497,False
3.950079,645122273,5.4080514700792985,14.022002632339134,-1.765255909601226,10.321921159119357,2.0354460007706074,0.021194432912868603,0.2443489120150033,0.9694557262766497,False
3.966746,645138940,8.399481948111246,20.90633574578315,-1.7771418035777127,12.640922176416073,4.53688773920878,0.021194432912868603,0.2443489120150033,0.9694557262766497,False
3.983413,645155607,12.20891504090113,28.210614214367332,-1.2065734085451445,15.783304853635585,7.661839553708936,0.021194432912868603,0.2443489120150033,0.9694557262766497,False
4.00008,645172274,17.62617388446506,35.664899879035076,0.9513333485706453,18.2451541459646,12.582098321752278,0.021194432912868603,0.2443489120150033,0.9694557262766497,False
4.016747,645188941,25.294723358664882,43.167310021456345,3.7287643793693235,20.488042344331475,19.866222718671928,0.021194432912868603,0.2443489120150033,0.9694557262766497,False
4.033414,645205608,35.83265218948655,50.32354954485254,5.618497880830907,23.571311457926264,29.917722011961622,0.021194432912868603,0.2443489120150033,0.9694557262766497,False
4.050081,645222275,48.978351433564406,56.88862574079319,5.009130478478768,27.467732567595554,42.50883664551734,0.021194432912868603,0.2443489120150033,0.9694557262766497,False
4.066748,645238942,64.2677587412366,62.72654434168597,2.2231059165944504,30.926111602703283,57.469194267501,0.021194432912868603,0.2443489120150033,0.9694557262766497,False
4.083415,645255609,79.12934350186465,67.61431516974375,-0.6573790810752511,30.635085456827767,72.93534349162924,0.021194432912868603,0.2443489120150033,0.9694557262766497,False
4.100082,645272276,91.57749964570436,71.5404853941053,-3.300175163346214,27.153978927442363,86.71088056794586,0.021194432912868603,0.2443489120150033,0.9694557262766497,False
4.116749,645288943,98.74075676690202,74.50182673093133,-7.233664635574436,24.95926493181283,94.73899465917717,0.021194432912868603,0.2443489120150033,0.9694557262766497,False
4.133416,645305610,100.58957542043045,76.45354420025271,-11.576490294530595,24.19234807328691,96.93430654698265,0.021194432912868603,0.2443489120150033,0.9694557262766497,False
4.150083,645322277,99.7187043007078,77.31732551997162,-13.082310885320323,24.858424850960812,95.9010347687833,0.021194432912868603,0.2443489120150033,0.9694557262766497,True
4.16675,645338944,96.23026479492697,77.07079234375817,-10.43381689060412,25.979060064164926,91.96233109651837,0.021194432912868603,0.2443489120150033,0.9694557262766497,False
4.183417,645355611,89.78202932814288,75.5326123121232,-4.90406705925724,26.46795790064917,85.06681554913453,0.021194432912868603,0.2443489120150033,0.9694557262766497,False
4.200084,645372278,80.89055818877813,72.59347737757992,0.8659064080628046,25.31986144061321,76.05843476668231,0.021194432912868603,0.2443489120150033,0.9694557262766497,False
4.216751,645388945,71.08154666773336,68.48206190182798,3.8541340710883487,24.38548323029696,66.1105529281632,0.021194432912868603,0.2443489120150033,0.9694557262766497,False
4.233418,645405612,60.93589660874664,63.22555991408451,5.843130343558772,24.070612684410218,55.68112623266371,0.021194432912868603,0.2443489120150033,0.9694557262766497,False
4.250085,645422279,50.359560264234474,56.914695871128856,9.079756447654928,24.17288498921209,44.67502803081324,0.021194432912868603,0.2443489120150033,0.9694557262766497,False
4.266752,645438946,37.948560742830956,49.72967123970312,10.899086762761787,22.09687191817816,32.356479244327026,0.021194432912868603,0.2443489120150033,0.9694557262766497,False
4.283419,645455613,29.039084566403165,41.84146876976254,6.607014817414308,25.37583384124502,22.433675486273003,0.021194432912868603,0.2443489120150033,0.9694557262766497,False
4.300086,645472280,22.024413839166648,33.65369604029222,5.5020783918783716,23.87212148858796,15.601159498795074,0.021194432912868603,0.2443489120150033,0.9694557262766497,False
4.316753,645488947,17.06157177885436,25.50670607899108,3.471131595795077,21.379991989480214,11.154491078420557,0.021194432912868603,0.2443489120150033,0.9694557262766497,False
4.33342,645505614,12.745452089706871,17.752755616403547,0.8469016158518932,21.57328036626026,6.711038622880864,0.021194432912868603,0.2443489120150033,0.9694557262766497,False
4.350087,645522281,7.518434939718438,10.75604932924452,-1.6789467702481362,18.45222352180356,2.161211062955268,0.021194432912868603,0.2443489120150033,0.9694557262766497,False
4.366754,645538948,1.9384593077654932,4.697232892435125,-3.7343223538024644,11.216079824862582,-1.7257836397089237,0.021194432912868603,0.2443489120150033,0.9694557262766497,False
4.383421,645555615,-3.0244919040997207,-0.3664752715433035,-4.515855275978975,5.192084621714494,-5.309681590622287,0.021194432912868603,0.2443489120150033,0.9694557262766497,False
4.400088,645572282,-7.394830894395231,-4.522050195659986,-4.521717512352878,0.10430780555592381,-8.535225500632793,0.021194432912868603,0.2443489120150033,0.9694557262766497,False
4.416755,645588949,-11.200298330629638,-7.804675524864792,-5.097532869198381,-0.6301042863827072,-12.26289501941226,0.021194432912868603,0.2443489120150033,0.9694557262766497,False
4.433422,645605616,-12.663886205485989,-10.250560703496136,-4.486144646292045,-1.6110832942720354,-13.538708565837371,0.021194432912868603,0.2443489120150033,0.9694557262766497,False
4.450089,645622283,-11.172686369828275,-11.962970978001593,-1.9233607036898186,-0.40222147908038036,-12.361244775529379,0.021194432912868603,0.2443489120150033,0.9694557262766497,False
4.466756,645638950,-12.6339507674821,-13.105012406640805,-0.1705156637868579,2.9087893143475054,-14.741401781940489,0.021194432912868603,0.2443489120150033,0.9694557262766497,False
4.483423,645655617,-12.969806985728944,-13.810400289679711,1.4482045461328479,8.980950917387851,-16.653701752092857,0.021194432912868603,0.2443489120150033,0.9694557262766497,False
4.50009,645672284,-12.844992727637477,-14.19143661022892,-1.1929666734909594,9.74834620508961,-16.66063329020857,0.021194432912868603,0.2443489120150033,0.9694557262766497,False
4.516757,645688951,-12.768638177320831,-14.305178799133797,-1.6905728497166257,7.3067932431386495,-15.955606931201462,0.021194432912868603,0.2443489120150033,0.9694557262766497,False
4.533424,645705618,-10.900205237475285,-14.292506525716549,0.8923821865794493,6.447044492816217,-13.86807751700948,0.021194432912868603,0.2443489120150033,0.9694557262766497,False
4.550091,645722285,-10.365200793640724,-13.9596783053206,-0.7874638828532905,2.6828641725740083,-12.33073944767792,0.021194432912868603,0.2443489120150033,0.9694557262766497,False
4.566758,645738952,-9.151646353932016,-13.086216148917744,-0.7912688655223153,1.402612782563376,-10.756182634984635,0.021194432912868603,0.2443489120150033,0.9694557262766497,False
4.583425,645755619,-6.64218621426146,-11.398247532280731,-0.21959238772504752,2.2707356814199753,-8.398964215263865,0.021194432912868603,0.2443489120150033,0.9694557262766497,False
4.600092,645772286,-5.053180737232441,-8.615425695885548,-0.478083890248025,3.5182572581002183,-7.068678073354269,0.021194432912868603,0.2443489120150033,0.9694557262766497,False
4.616759,645788953,-2.845140294896607,-4.688178593439411,-1.0589136482038204,5.758151650050114,-5.34293135112001,0.021194432912868603,0.2443489120150033,0.9694557262766497,False
4.633426,645805620,-1.4122832549177318,0.2859816156893392,-1.4849314866738093,10.162725746806652,-4.96577812159775,0.021194432912868603,0.2443489120150033,0.9694557262766497,False
4.650093,645822287,0.5442787502600475,6.182317533262758,-2.324541253331414,9.024132778940054,-2.64223621048058,0.021194432912868603,0.2443489120150033,0.9694557262766497,False
4.66676,645838954,3.5167818168086376,12.76568275400502,-2.4875670015828644,6.925640470887361,0.9564042664564157,0.021194432912868603,0.2443489120150033,0.9694557262766497,False
4.683427,645855621,6.926209777645439,19.74125130871099,-2.552988793962715,7.0084613384578445,4.453807250257962,0.021194432912868603,0.2443489120150033,0.9694557262766497,False
4.700094,645872288,10.930559533318993,26.913331785656872,-3.1592505409400045,9.196279452376206,8.046140617713895,0.021194432912868603,0.2443489120150033,0.9694557262766497,False
4.716761,645888955,16.540852664701955,34.2001067376263,-2.3691509679890697,12.036754935882621,13.099987010273486,0.021194432912868603,0.2443489120150033,0.9694557262766497,False
4.733428,645905622,24.47253721039759,41.26253037032325,0.6431447222326245,15.193176634233144,20.420148464348895,0.021194432912868603,0.2443489120150033,0.9694557262766497,False
4.750095,645922289,35.10571068365416,47.78403576735722,4.146273399000985,17.928710297311085,30.622266730403396,0.021194432912868603,0.2443489120150033,0.9694557262766497,False
4.766762,645938956,47.35586424536566,53.53983134731534,6.134150228612989,22.385782759706576,42.091527812962525,0.021194432912868603,0.2443489120150033,0.9694557262766497,False
4.783429,645955623,61.215356813347924,58.4034010250549,6.55232046409871,25.362299999683042,55.62832024411374,0.021194432912868603,0.2443489120150033,0.9694557262766497,False
4.800096,645972290,75.17409449531277,62.40579437251865,5.148567562169937,27.608760961387773,69.49132478627175,0.021194432912868603,0.2443489120150033,0.9694557262766497,False
4.816763,645988957,87.17215350133084,65.46859820020838,4.986004267187289,27.34163735248593,81.93828391912534,0.021194432912868603,0.2443489120150033,0.9694557262766497,False
4.83343,646005624,95.63252353358178,67.53195293835816,2.5979979578752825,26.003665886956885,91.05465107662486,0.021194432912868603,0.2443489120150033,0.9694557262766497,False
4.850097,646022291,97.55808928847715,68.57711936397763,-0.04911714697611252,26.058895093125347,93.08483627086594,0.021194432912868603,0.2443489120150033,0.9694557262766497,True
4.866764,646038958,94.01593663667822,68.56501187761354,0.4746195198891512,24.03150096572788,89.9306319876669,0.021194432912868603,0.2443489120150033,0.9694557262766497,False
4.883431,646055625,86.88287684045774,67.34571942296378,3.685744928996881,23.45212338834335,82.64866200569347,0.021194432912868603,0.2443489120150033,0.9694557262766497,False
4.900098,646072292,76.69492582293296,64.86967215409054,6.086903227415309,22.347591141570934,72.36562309736,0.021194432912868603,0.2443489120150033,0.9694557262766497,False
4.916765,646088959,65.30558129616561,61.27584536980729,6.809466412297069,18.625581632097184,61.53976526280608,0.021194432912868603,0.2443489120150033,0.9694557262766497,False
4.933432,646105626,54.07060101631342,56.587764087164594,6.729239705851189,14.5809861680967,50.97199291235251,0.021194432912868603,0.2443489120150033,0.9694557262766497,False
4.950099,646122293,43.488350822685184,50.91570962723221,5.931453209133668,11.575460524130321,40.83130842966272,0.021194432912868603,0.2443489120150033,0.9694557262766497,False
4.966766,646138960,32.99994636852558,44.35314241697214,4.936148969130589,9.447326622455764,30.57060020740614,0.021194432912868603,0.2443489120150033,0.9694557262766497,False
4.983433,646155627,22.167202952923265,37.06251670419978,4.402009382793052,9.506405396631752,19.39334046210192,0.021194432912868603,0.2443489120150033,0.9694557262766497,False
5.0001,646172294,15.04948780474564,29.34107590966309,2.977094566393818,11.878562914756413,11.484625512504598,0.021194432912868603,0.2443489120150033,0.9694557262766497,False
5.016767,646188961,10.507889839122258,21.490253367534415,3.074670868574194,15.696849194043923,5.835414321444292,0.021194432912868603,0.2443489120150033,0.9694557262766497,False
5.033434,646205628,6.719497217291384,13.79407467667311,3.062255017400793,14.794477915065785,2.155374131928564,0.021194432912868603,0.2443489120150033,0.9694557262766497,False
5.050101,646222295,2.753911256920618,6.614519498609143,0.777587774045953,12.42273502188912,-1.2874142778577455,0.021194432912868603,0.2443489120150033,0.9694557262766497,False
5.066768,646238962,-2.281194995172932,0.2725234562117871,-1.0354375422270188,9.537539695109258,-5.714316665749091,0.021194432912868603,0.2443489120150033,0.9694557262766497,False
5.083435,646255629,-6.83782342747452,-4.973813384697945,-1.824944645332406,6.309256637301077,-9.583567960519682,0.021194432912868603,0.2443489120150033,0.9694557262766497,False
5.100102,646272296,-10.480657338312962,-8.988493444558411,-2.3412989972181393,2.2028733406011085,-12.29488288812147,0.021194432912868603,0.2443489120150033,0.9694557262766497,False
5.116769,646288963,-14.781485820676666,-11.859869965432978,-2.767938195229374,1.7159754698844822,-16.599167269996013,0.021194432912868603,0.2443489120150033,0.9694557262766497,False
5.133436,646305630,-15.371231701275853,-13.779335756788765,-1.4768300965115,1.8178810142958188,-17.26140555080093,0.021194432912868603,0.2443489120150033,0.9694557262766497,False
5.150103,646322297,-14.898379333378488,-14.92900858263381,-0.16381094718813632,-1.8390613185778,-15.880637439704119,0.021194432912868603,0.2443489120150033,0.9694557262766497,False
5.16677,646338964,-16.027207570122805,-15.522871972250812,1.3174060274986104,2.4824138456453606,-18.166630997896878,0.021194432912868603,0.2443489120150033,0.9694557262766497,False
5.183437,646355631,-15.601066252366593,-15.732303221550737,3.290140791770432,10.545727434938184,-19.80252992205977,0.021194432912868603,0.2443489120150033,0.9694557262766497,False
5.200104,646372298,-15.488936654079055,-15.704956676681332,0.2591247754727262,10.47441671067228,-19.602629135938813,0.021194432912868603,0.2443489120150033,0.9694557262766497,False
5.216771,646388965,-14.934654714269966,-15.599813329644292,-0.07334646221516074,8.172313877110343,-18.443375782311673,0.021194432912868603,0.2443489120150033,0.9694557262766497,False
5.233438,646405632,-13.740805699578834,-15.545778287970307,2.4758828959068344,5.861589015854736,-16.685231904570177,0.021194432912868603,0.2443489120150033,0.9694557262766497,False
5.250105,646422299,-13.235826113614248,-15.604357827332436,1.0441773638086824,3.7566577177155893,-15.602499174305489,0.021194432912868603,0.2443489120150033,0.9694557262766497,False
5.266772,646438966,-12.190384408489908,-15.570160444215308,0.9799594818763432,0.6608446264280927,-13.742423176509924,0.021194432912868603,0.2443489120150033,0.9694557262766497,False
5.283439,646455633,-10.20518165392374,-15.200214611727747,1.7404784166627398,-0.2596809979806118,-11.479283806281504,0.021194432912868603,0.2443489120150033,0.9694557262766497,False
5.300106,646472300,-7.960587279495554,-14.262034116009549,2.2975942128826685,0.5395683270630275,-9.377598434962202,0.021194432912868603,0.2443489120150033,0.9694557262766497,False
5.316773,646488967,-5.543980463215366,-12.450642101262742,1.9898467116238758,1.676843871508707,-7.164771948968586,0.021194432912868603,0.2443489120150033,0.9694557262766497,False
5.33344,646505634,-3.8833666057946243,-9.752466418763353,1.4048063590573436,6.8462617928019425,-6.741986462229702,0.021194432912868603,0.2443489120150033,0.9694557262766497,False
5.350107,646522301,-2.9662849741477295,-6.122730446186081,0.6986201043688003,11.05555185631367,-6.841513027408028,0.021194432912868603,0.2443489120150033,0.9694557262766497,False
5.366774,646538968,-2.9181858445953615,-1.5661472031417496,0.46655536753052307,11.656189878975338,-6.938214335949001,0.021194432912868603,0.2443489120150033,0.9694557262766497,False
5.383441,646555635,-2.5351747074443844,3.69219720926645,0.3215014310213445,10.698416508137912,-6.298560211072363,0.021194432912868603,0.2443489120150033,0.9694557262766497,False
5.400108,646572302,-1.506085149293884,9.59788695141719,-0.24411353176294082,11.502118984919411,-5.427253148920484,0.021194432912868603,0.2443489120150033,0.9694557262766497,False
5.416775,646588969,0.3605989382202245,15.99433103681181,-0.1864067239723658,13.25722678910453,-3.9453883219999173,0.021194432912868603,0.2443489120150033,0.9694557262766497,False
5.433442,646605636,3.4448081865077187,22.643863784173966,1.284205641020074,13.214353825805153,-0.7853508575972724,0.021194432912868603,0.2443489120150033,0.9694557262766497,False
5.450109,646622303,8.691736485304222,29.43810209825174,3.643558135836101,12.144978368164274,4.844843221714216,0.021194432912868603,0.2443489120150033,0.9694557262766497,False
5.466776,646638970,17.54453965238376,36.10780991307222,5.629367083113648,14.175714736215774,13.42131208469077,0.021194432912868603,0.2443489120150033,0.9694557262766497,False
5.483443,646655637,29.6455297426184,42.29377598966067,7.341711837234153,20.252909472221894,24.334385993704156,0.021194432912868603,0.2443489120150033,0.9694557262766497,False
5.50011,646672304,43.46710195751341,47.86765898318176,7.798711440478135,25.532615827930798,37.25070132847312,0.021194432912868603,0.2443489120150033,0.9694557262766497,False
5.516777,646688971,58.035678491635686,52.6890752336106,6.329079422318011,29.886614459541292,51.21299930238418,0.021194432912868603,0.2443489120150033,0.9694557262766497,False
5.533444,646705638,72.03154053792166,56.731907250358375,3.0268098514330117,31.32252010561254,65.36010207670809,0.021194432912868603,0.2443489120150033,0.9694557262766497,False
5.550111,646722305,83.49948744755437,59.947867901680105,-2.2529417025997507,30.60099698506111,77.48665032496392,0.021194432912868603,0.2443489120150033,0.9694557262766497,False
5.566778,646738972,88.33494524979677,62.296924827248944,-3.9893749415048454,30.07994420265708,82.64374937033915,0.021194432912868603,0.2443489120150033,0.9694557262766497,False
5.583445,646755639,89.58617628645662,63.77176375411499,-1.536447356087604,27.7934310103097,84.45708606093802,0.021194432912868603,0.2443489120150033,0.9694557262766497,False
5.600112,646772306,86.70059862242647,64.06579604854674,3.8293324522134826,28.23722475796829,81.25142874274606,0.021194432912868603,0.2443489120150033,0.9694557262766497,True
5.616779,646788973,80.04733527377032,63.22903541516006,10.368174256583902,27.548111408836974,74.41927940785072,0.021194432912868603,0.2443489120150033,0.9694557262766497,False
5.633446,646805640,71.80679728925531,61.27070633738966,13.62441365731857,26.319097099228994,66.15769137907161,0.021194432912868603,0.2443489120150033,0.9694557262766497,False
5.650113,646822307,63.098872467646174,58.19010711643388,14.372098234343467,25.16420505597798,57.45015092193807,0.021194432912868603,0.2443489120150033,0.9694557262766497,False
5.66678,646838974,54.19096213460904,54.03351321585716,12.885258529887624,24.79081379717665,48.38820036276642,0.021194432912868603,0.2443489120150033,0.9694557262766497,False
5.683447,646855641,43.93676043127965,48.815455252206576,11.680934867729507,22.34987038837392,38.45248631316314,0.021194432912868603,0.2443489120150033,0.9694557262766497,False
5.700114,646872308,32.64839377301343,42.66061246012266,10.18181728355423,18.753701520858,27.747640821293118,0.021194432912868603,0.2443489120150033,0.9694557262766497,False
5.716781,646888975,22.148636360440328,35.77834762869712,7.629134956703966,14.998686582738902,17.919320986499216,0.021194432912868603,0.2443489120150033,0.9694557262766497,False
5.733448,646905642,16.11643895884047,28.499219595869526,4.1868324412121005,17.781971106857714,11.07080576583461,0.021194432912868603,0.2443489120150033,0.9694557262766497,False
5.750115,646922309,11.237879130583167,21.109815133549258,1.0332543982594684,14.354830481290058,6.971285448311165,0.021194432912868603,0.2443489120150033,0.9694557262766497,False
5.766782,646938976,6.804839598055065,13.951919148177211,-1.6668866120132766,9.610922596832085,3.653297057940909,0.021194432912868603,0.2443489120150033,0.9694557262766497,False
5.783449,646955643,1.7615024410133742,7.319733979631846,-4.729265253245979,4.726729516712111,-0.2509395261417915,0.021194432912868603,0.2443489120150033,0.9694557262766497,False
5.800116,646972310,-2.677093999228871,1.5194591603432468,-5.599554084469641,2.0778685444184726,-4.142715873500684,0.021194432912868603,0.2443489120150033,0.9694557262766497,False
5.816783,646988977,-6.904257404524681,-3.2178999590283457,-6.3766881747909,-3.214053794731309,-7.152257148913671,0.021194432912868603,0.2443489120150033,0.9694557262766497,False
5.83345,647005644,-11.49849389714523,-6.948111292604799,-8.031152830541787,-6.287203385640491,-11.08049253939995,0.021194432912868603,0.2443489120150033,0.9694557262766497,False
5.850117,647022311,-10.354416390856116,-9.689218627740537,-5.271098420850148,-3.9773466528289028,-10.542903535005053,0.021194432912868603,0.2443489120150033,0.9694557262766497,False
5.866784,647038978,-10.225780865797478,-11.541913171724682,-4.663570451996962,-2.7709936632364043,-10.727555315773227,0.021194432912868603,0.2443489120150033,0.9694557262766497,False
5.883451,647055645,-10.944531996293385,-12.65265326399591,-2.313818784263521,3.554411119242322,-13.114625192724345,0.021194432912868603,0.2443489120150033,0.9694557262766497,False
5.900118,647072312,-11.241763084712478,-13.126947662290593,-2.630179924690188,8.44673729393974,-14.647403360087376,0.021194432912868603,0.2443489120150033,0.9694557262766497,False
5.916785,647088979,-11.526201743777479,-13.047545343581026,-4.429987003237568,8.131989263903622,-14.822124521037118,0.021194432912868603,0.2443489120150033,0.9694557262766497,False
5.933452,647105646,-10.476110059880485,-12.476808721004684,-3.382432442078683,7.567980715818384,-13.619692885920776,0.021194432912868603,0.2443489120150033,0.9694557262766497,False
5.950119,647122313,-9.400043010508082,-11.521672513422748,0.36576586651650445,6.688561314026792,-12.370010973717916,0.021194432912868603,0.2443489120150033,0.9694557262766497,False
5.966786,647138980,-8.530409202231345,-10.260298996685167,-2.3335887869380514,4.677173862638173,-10.906998897630476,0.021194432912868603,0.2443489120150033,0.9694557262766497,False
5.983453,647155647,-7.970410772787206,-8.691576817670423,-1.8543755526612629,2.178227296227336,-9.709980178846548,0.021194432912868603,0.2443489120150033,0.9694557262766497,False
6.00012,647172314,-5.680584687700204,-6.58465661819385,-1.0543277694843025,2.773039462446169,-7.515421146716611,0.021194432912868603,0.2443489120150033,0.9694557262766497,False
6.016787,647188981,-2.974075638035781,-3.753143457189288,-0.6328137695238846,2.4416038647581484,-4.649316845244231,0.021194432912868603,0.2443489120150033,0.9694557262766497,False
6.033454,647205648,1.0525488204721507,0.02608199558748253,-0.289409276953264,5.186065592391113,-1.1950694082048847,0.021194432912868603,0.2443489120150033,0.9694557262766497,False
6.050121,647222315,5.332344329945724,4.8595441122221725,-0.6619444164254717,8.94360959324606,2.280632782939678,0.021194432912868603,0.2443489120150033,0.9694557262766497,False
6.066788,647238982,9.112500871145434,10.631285567420115,0.07611534955660926,8.118749497671423,6.371657615145774,0.021194432912868603,0.2443489120150033,0.9694557262766497,False
6.083455,647255649,12.73991951615876,17.204973580640605,0.9404986216928909,7.608465410125358,10.223082483913823,0.021194432912868603,0.2443489120150033,0.9694557262766497,False
6.100122,647272316,16.947091620080986,24.38223065204146,2.051263846294797,9.632901739400493,14.028270436697877,0.021194432912868603,0.2443489120150033,0.9694557262766497,False
6.116789,647288983,21.763694761562796,32.17799060987483,3.7861427533946723,13.428451438444098,18.002041309359484,0.021194432912868603,0.2443489120150033,0.9694557262766497,False
6.133456,647305650,27.27816203419603,40.24925726848932,5.97292152148613,17.407284757273658,22.639587947471362,0.021194432912868603,0.2443489120150033,0.9694557262766497,False
6.150123,647322317,34.034238605229135,48.26382435247117,9.003196732012947,22.068001994190574,28.367554960109548,0.021194432912868603,0.2443489120150033,0.9694557262766497,False
6.16679,647338984,42.523651839857926,56.02713916447455,12.25355011593097,26.95358349755438,35.82198234354262,0.021194432912868603,0.2443489120150033,0.9694557262766497,False
6.183457,647355651,52.679057542223966,63.19550481675426,14.636899026584427,31.322442249151344,45.144085298961485,0.021194432912868603,0.2443489120150033,0.9694557262766497,False
6.200124,647372318,64.09231744226028,69.48006753879861,15.104249362594858,34.09264329795031,56.20849883701214,0.021194432912868603,0.2443489120150033,0.9694557262766497,False
6.216791,647388985,75.92646073278999,74.7170971566703,12.817712659426869,34.51855202099843,68.35813547016778,0.021194432912868603,0.2443489120150033,0.9694557262766497,False
6.233458,647405652,87.96561467410355,78.78067747752087,8.818961199876076,33.91977412327923,81.0149444467162,0.021194432912868603,0.2443489120150033,0.9694557262766497,False
6.250125,647422319,99.52168620626924,81.56704377868435,3.7960203939710864,31.954847080645077,93.54017625466486,0.021194432912868603,0.2443489120150033,0.9694557262766497,False
6.266792,647438986,108.18632700987634,83.12912720681459,-2.046793961122793,29.671880688133395,103.18096339050608,0.021194432912868603,0.2443489120150033,0.9694557262766497,False
6.283459,647455653,111.08955870389063,83.43939578070169,-8.157794959554224,30.347355669854426,106.13901422263947,0.021194432912868603,0.2443489120150033,0.9694557262766497,True
6.300126,647472320,107.40223894732405,82.49669590131471,-8.429979739921528,32.47508406524695,101.80518137282678,0.021194432912868603,0.2443489120150033,0.9694557262766497,False
6.316793,647488987,101.43980181462739,80.32196264674171,-6.125654922969555,32.441839342194925,95.61288964065344,0.021194432912868603,0.2443489120150033,0.9694557262766497,False
6.33346,647505654,92.55490073470854,76.99950121242074,-0.3138348394127626,33.05532942633736,86.1663675384566,0.021194432912868603,0.2443489120150033,0.9694557262766497,False
6.350127,647522321,80.53912654481364,72.56457761396092,3.4429268033224147,31.744533099340536,74.02026880803729,0.021194432912868603,0.2443489120150033,0.9694557262766497,False
6.366794,647538988,67.48045990564117,66.87122830165256,5.5947119401035605,28.213732373321434,61.393054529807294,0.021194432912868603,0.2443489120150033,0.9694557262766497,False
6.383461,647555655,54.90730127108554,60.15645934918987,5.951298797415635,25.10990856684521,49.19827347880742,0.021194432912868603,0.2443489120150033,0.9694557262766497,False
6.400128,647572322,42.899591012047054,52.62327251650473,5.625144738512427,23.201267932196593,37.30043943277668,0.021194432912868603,0.2443489120150033,0.9694557262766497,False
6.416795,647588989,30.028239428369744,44.47478259343295,6.6195825287164665,22.315801920846603,24.224993975465654,0.021194432912868603,0.2443489120150033,0.9694557262766497,False
6.433462,647605656,19.50212118576251,35.98656778432225,5.326009649496205,22.783655737918092,13.27759227106272,0.021194432912868603,0.2443489120150033,0.9694557262766497,False
6.450129,647622323,12.96424656368973,27.3766547288076,4.420395532771356,25.570640462765287,5.851077439486791,0.021194432912868603,0.2443489120150033,0.9694557262766497,False
6.466796,647638990,7.77782501660394,19.013212523504198,3.716089004414269,22.634161244908046,1.2567792710820034,0.021194432912868603,0.2443489120150033,0.9694557262766497,False
6.483463,647655657,3.380794000078612,11.142455547642102,2.8017397734424767,18.073470333442685,-2.1092868136172256,0.021194432912868603,0.2443489120150033,0.9694557262766497,False
6.50013,647672324,-0.5567165838937903,4.047846503695339,1.3945951533028975,15.376325574446007,-5.460283126560032,0.021194432912868603,0.2443489120150033,0.9694557262766497,False
6.516797,647688991,-4.865296429651243,-2.0200524675646996,0.5090860625276851,10.459090375362335,-8.645875648234421,0.021194432912868603,0.2443489120150033,0.9694557262766497,False
6.533464,647705658,-8.718301916225462,-6.892432467871394,0.36909020466985343,3.241885578130904,-10.79813712568985,0.021194432912868603,0.2443489120150033,0.9694557262766497,False
6.550131,647722325,-11.015327106645696,-10.643156965286318,-0.2066886390025398,-4.345939154331159,-11.242453616616237,0.021194432912868603,0.2443489120150033,0.9694557262766497,False
6.566798,647738992,-12.5148926463171,-13.459275567287596,-0.20893314235940152,-6.291326722284836,-12.298886216124478,0.021194432912868603,0.2443489120150033,0.9694557262766497,False
6.583465,647755659,-15.257274747088655,-15.363945220344027,-0.7313705297192256,-6.042219429135046,-15.179036755225367,0.021194432912868603,0.2443489120150033,0.9694557262766497,False
6.600132,647772326,-18.07324993571806,-16.486891961204766,-2.090761710068078,-1.7772031073929482,-19.1290013153463,0.021194432912868603,0.2443489120150033,0.9694557262766497,False
6.616799,647788993,-15.464149597783578,-17.047545578266533,-0.8208584718836045,-0.7907553943599167,-16.714091619058063,0.021194432912868603,0.2443489120150033,0.9694557262766497,False
6.633466,647805660,-14.385166525918606,-17.20721623442852,1.2349257051789786,3.2672070507960944,-16.668856769873468,0.021194432912868603,0.2443489120150033,0.9694557262766497,False
6.650133,647822327,-14.145292198997499,-17.07965598043716,2.791282738776531,11.033556920866392,-18.412939426839472,0.021194432912868603,0.2443489120150033,0.9694557262766497,False
6.6668,647838994,-13.91995444848335,-16.76298093627164,-0.318626642082049,13.820162546999713,-18.814869629681468,0.021194432912868603,0.2443489120150033,0.9694557262766497,False
6.683467,647855661,-14.16537986087653,-16.434354751327813,-1.2827765576267924,10.234498922427246,-18.14319150537276,0.021194432912868603,0.2443489120150033,0.9694557262766497,False
6.700134,647872328,-12.875670385328862,-16.07410981369305,-0.08106787109943253,7.386598738003586,-16.121313455789554,0.021194432912868603,0.2443489120150033,0.9694557262766497,False
6.716801,647888995,-12.831349726732755,-15.530861015620738,4.2205427756799105,3.4279730110550677,-15.17187726718173,0.021194432912868603,0.2443489120150033,0.9694557262766497,False
6.733468,647905662,-11.933671323953222,-14.678806324201538,0.027254973383342197,1.7035793507326713,-13.719612417519851,0.021194432912868603,0.2443489120150033,0.9694557262766497,False
6.750135,647922329,-10.632342691236586,-13.337304176996104,0.28282598878313175,-0.06413627293590873,-11.937322321604174,0.021194432912868603,0.2443489120150033,0.9694557262766497,False
6.766802,647938996,-8.579939844215176,-11.296271364009709,0.8644509752536627,0.3848605919558385,-9.946139343868165,0.021194432912868603,0.2443489120150033,0.9694557262766497,False
6.783469,647955663,-6.776586367639894,-8.325834752625468,1.2688628895887624,2.0434296064832504,-8.512847834494323,0.021194432912868603,0.2443489120150033,0.9694557262766497,False
6.800136,647972330,-4.307091087166233,-4.289163768677089,0.9154181910202238,4.60751242043816,-6.604090740834562,0.021194432912868603,0.2443489120150033,0.9694557262766497,False
6.816803,647988997,-1.4948042216392619,0.8523694010986202,1.0839455859477938,13.023465831766666,-5.8281027890965325,0.021194432912868603,0.2443489120150033,0.9694557262766497,False
6.83347,648005664,1.0859519276298333,7.00605888512394,1.731088139067621,16.4672795890995,-4.048188412106259,0.021194432912868603,0.2443489120150033,0.9694557262766497,False
6.850137,648022331,3.969014602661621,13.871524246239362,2.394285304744579,15.962661488289369,-0.9616013818719638,0.021194432912868603,0.2443489120150033,0.9694557262766497,False
6.866804,648038998,7.761178931194725,21.135770107608867,2.989287446853186,15.872316168127456,2.959804488654118,0.021194432912868603,0.2443489120150033,0.9694557262766497,False
6.883471,648055665,12.69436169443355,28.778847745380478,4.077500758375193,18.349086813619984,7.400360534684019,0.021194432912868603,0.2443489120150033,0.9694557262766497,False
6.900138,648072332,19.316399141820057,36.53201389263104,6.1838062902952124,21.258367399272437,13.451710577018568,0.021194432912868603,0.2443489120150033,0.9694557262766497,False
6.916805,648088999,27.7142299055138,43.95097019057158,9.296190303087796,23.259292099955523,21.541756943572867,0.021194432912868603,0.2443489120150033,0.9694557262766497,False
6.933472,648105666,38.22977208556269,50.77630536312376,12.117359314127581,26.645832386322294,31.473362283838064,0.021194432912868603,0.2443489120150033,0.9694557262766497,False
6.950139,648122333,50.405454920788735,56.787011973756776,12.49362746814079,31.433730050101993,42.81765595502364,0.021194432912868603,0.2443489120150033,0.9694557262766497,False
6.966806,648139000,64.27327202970746,61.888157617884595,10.245181802047894,34.852807847714935,56.3097869985335,0.021194432912868603,0.2443489120150033,0.9694557262766497,False
6.983473,648155667,78.47892091800587,65.95599093971602,5.577076134566206,37.129639926957296,70.49119304592118,0.021194432912868603,0.2443489120150033,0.9694557262766497,False
7.00014,648172334,91.07731107614569,68.98820507000302,-0.23868299881282132,36.14252250324783,83.86246167850743,0.021194432912868603,0.2443489120150033,0.9694557262766497,False
7.016807,648189001,100.16467560673341,70.92462185633613,-5.187723639691556,31.37329441435284,94.5464073754263,0.021194432912868603,0.2443489120150033,0.9694557262766497,False
7.033474,648205668,102.62550854990567,71.7115288516317,-8.687015821859971,28.660537938673322,97.84501860984088,0.021194432912868603,0.2443489120150033,0.9694557262766497,True
7.050141,648222335,99.03006279326269,71.3217070908077,-9.885686125882748,25.97514534646759,94.83934461970182,0.021194432912868603,0.2443489120150033,0.9694557262766497,False
7.066808,648239002,91.14624489619865,69.79575842083985,-7.9344857957067365,25.212791675220643,86.8566260884037,0.021194432912868603,0.2443489120150033,0.9694557262766497,False
7.083475,648255669,80.21931574177937,66.94429050993145,-4.928100013962907,25.999673303670917,75.32136855897852,0.021194432912868603,0.2443489120150033,0.9694557262766497,False
7.100142,648272336,67.86330602289752,62.83702086019767,-3.5712234033897206,24.919107629611343,62.81875232408342,0.021194432912868603,0.2443489120150033,0.9694557262766497,False
7.116809,648289003,55.217811130363046,57.60547997971061,-2.0813551018883087,22.09727277391089,50.453505305054115,0.021194432912868603,0.2443489120150033,0.9694557262766497,False
7.133476,648305670,42.846458669684296,51.383748489865575,-0.1818936387757388,19.858187523171214,38.21520281973106,0.021194432912868603,0.2443489120150033,0.9694557262766497,False
7.150143,648322337,29.743458964271518,44.29543315494638,3.897645946655348,20.742059232928646,24.387406499833727,0.021194432912868603,0.2443489120150033,0.9694557262766497,False
7.16681,648339004,20.625478054546182,36.577741145749236,4.308243726109301,23.1517071279093,14.365826478219159,0.021194432912868603,0.2443489120150033,0.9694557262766497,False
7.183477,648355671,13.560080560841106,28.459340961541095,4.192048569062188,25.059213152026317,6.599580304383296,0.021194432912868603,0.2443489120150033,0.9694557262766497,False
7.200144,648372338,7.939103744905483,20.21788069782636,4.225122555815169,22.834305040808577,1.3615650073644459,0.021194432912868603,0.2443489120150033,0.9694557262766497,False
7.216811,648389005,3.967535893593616,12.182585768031943,3.8524103432298964,19.50909827338971,-1.8888750963680094,0.021194432912868603,0.2443489120150033,0.9694557262766497,False
7.233478,648405672,-0.14936712994338486,4.6818612128248605,1.8836376095587006,17.0610588057785,-5.475423844484555,0.021194432912868603,0.2443489120150033,0.9694557262766497,False
7.250145,648422339,-4.898102094497188,-1.9011664270799504,0.8158444707472828,12.026160878645626,-9.08139755649019,0.021194432912868603,0.2443489120150033,0.9694557262766497,False
7.266812,648439006,-9.266836889587369,-7.364645815781904,0.07259419494636198,4.142166813228063,-11.584386180926117,0.021194432912868603,0.2443489120150033,0.9694557262766497,False
7.283479,648455673,-12.494162792433984,-11.5578895194932,-0.8615072247831527,-2.4125435603218937,-13.240874209306371,0.021194432912868603,0.2443489120150033,0.9694557262766497,False
7.300146,648472340,-15.754787205859493,-14.558231028985507,-1.4842383982000724,-7.490645913467485,-15.310692499990441,0.021194432912868603,0.2443489120150033,0.9694557262766497,False
7.316813,648489007,-19.419108908903986,-16.541062496432996,-2.4119766986444846,-7.940306953874414,-18.95684624798259,0.021194432912868603,0.2443489120150033,0.9694557262766497,False
7.33348,648505674,-18.080649993545748,-17.700707836370157,0.9255463856629638,-2.6170631303266414,-18.990893012086527,0.021194432912868603,0.2443489120150033,0.9694557262766497,False
7.350147,648522341,-16.76707052764922,-18.245458414605352,1.8588890098465911,-2.513018572827601,-17.68255619024014,0.021194432912868603,0.2443489120150033,0.9694557262766497,False
7.366814,648539008,-16.31299595945907,-18.32886931139785,3.887646365555977,5.162547366923582,-19.193135724989965,0.021194432912868603,0.2443489120150033,0.9694557262766497,False
7.383481,648555675,-16.094982620439204,-18.075964762675362,5.2177618001005355,9.404612795155584,-20.066534842101667,0.021194432912868603,0.2443489120150033,0.9694557262766497,False
7.400148,648572342,-15.192478631532595,-17.56765602669949,3.0991761525694104,11.227360652128214,-19.54869814162384,0.021194432912868603,0.2443489120150033,0.9694557262766497,False
7.416815,648589009,-14.819271155814281,-16.936427445567656,2.923726567828735,8.267199451589965,-18.41379515524624,0.021194432912868603,0.2443489120150033,0.9694557262766497,False
7.433482,648605676,-14.050652529222017,-16.02530973389493,5.333048978353921,4.33648060650737,-16.68290509792054,0.021194432912868603,0.2443489120150033,0.9694557262766497,False
7.450149,648622343,-12.590352700723663,-14.738015026180607,3.913287706845958,0.16181393576771116,-14.093342671813678,0.021194432912868603,0.2443489120150033,0.9694557262766497,False
7.466816,648639010,-11.031319982167991,-12.983348415246992,3.787465402182165,-3.3801200328122225,-11.589703674368971,0.021194432912868603,0.2443489120150033,0.9694557262766497,False
7.483483,648655677,-8.376379529003621,-10.630251487856421,3.5755834627184497,-2.4832356362851695,-9.072540303130303,0.021194432912868603,0.2443489120150033,0.9694557262766497,False
7.50015,648672344,-6.489150394036536,-7.619242925529891,2.5597109079228146,-3.1237677552628105,-6.9421972167135655,0.021194432912868603,0.2443489120150033,0.9694557262766497,False
7.516817,648689011,-3.5026680610728174,-3.903108833906189,1.8804641140467946,1.4116019419423158,-4.989899776851093,0.021194432912868603,0.2443489120150033,0.9694557262766497,False
7.533484,648705678,-0.7584970145402253,0.5857206382108512,1.4967481941215255,7.7355967107675685,-3.7448275019779897,0.021194432912868603,0.2443489120150033,0.9694557262766497,False
7.550151,648722345,1.7156898210744105,5.773825080965077,1.664708213299974,11.083031140435232,-2.04007192363646,0.021194432912868603,0.2443489120150033,0.9694557262766497,False
7.566818,648739012,4.463046349433886,11.469129111622534,1.1036040493026538,11.174374385423636,0.7830886562687487,0.021194432912868603,0.2443489120150033,0.9694557262766497,False
7.583485,648755679,8.023478626831814,17.408363900300166,0.14638827749715508,11.573076143936055,4.376133173447253,0.021194432912868603,0.2443489120150033,0.9694557262766497,False
7.600152,648772346,12.84920842331404,23.58725938860778,0.39034908260217654,14.956234207260653,8.495855286963542,0.021194432912868603,0.2443489120150033,0.9694557262766497,False
7.616819,648789013,18.7705223693647,29.81191034527068,2.449919296203823,17.513799252517163,13.914075165128619,0.021194432912868603,0.2443489120150033,0.9694557262766497,False
7.633486,648805680,26.089652764717158,35.871572915878744,5.275002295014312,18.532802166625657,21.145206943350605,0.021194432912868603,0.2443489120150033,0.9694557262766497,False
7.650153,648822347,34.442331001974445,41.58385378311761,6.771077325891426,19.337879769652833,29.52542454255742,0.021194432912868603,0.2443489120150033,0.9694557262766497,False
7.66682,648839014,43.68375388640514,46.84876991014684,6.29755969631868,22.25331829033357,38.33353651718514,0.021194432912868603,0.2443489120150033,0.9694557262766497,False
7.683487,648855681,52.79064210269645,51.37165057667631,3.921784602677166,24.360672336798554,47.2481383080659,0.021194432912868603,0.2443489120150033,0.9694557262766497,False
7.700154,648872348,61.59195787191182,55.04331887055406,0.5233243090516793,25.718478872422843,56.058819834507815,0.021194432912868603,0.2443489120150033,0.9694557262766497,False
7.716821,648889015,69.64756458384096,57.808000656246605,-2.8989614143623714,26.787395240239533,64.1736324580878,0.021194432912868603,0.2443489120150033,0.9694557262766497,False
7.733488,648905682,76.1996363355146,59.57619807341217,-4.440229995416487,25.857128963967437,71.20030467536336,0.021194432912868603,0.2443489120150033,0.9694557262766497,False
7.750155,648922349,80.30814481152254,60.34194278963765,-4.483339964764312,23.501581368507832,76.03291077848553,0.021194432912868603,0.2443489120150033,0.9694557262766497,True
7.766822,648939016,80.40869221725912,60.07283524667277,-4.414896289205789,21.265823580224506,76.69864697091745,0.021194432912868603,0.2443489120150033,0.9694557262766497,False
7.783489,648955683,75.51279829751775,58.9336062449502,-3.6583174518581076,20.69165163328998,71.7766781184191,0.021194432912868603,0.2443489120150033,0.9694557262766497,False
7.800156,648972350,68.35722708454051,56.96911029335763,-2.2371231884187517,21.05985157314514,64.27178472622593,0.021194432912868603,0.2443489120150033,0.9694557262766497,False
7.816823,648989017,59.87872494471325,54.05830734286046,-0.13497842608550822,21.666746749999785,55.32722970725568,0.021194432912868603,0.2443489120150033,0.9694557262766497,False
7.83349,649005684,50.91030049448577,50.23813502334221,0.5607946649175711,21.253235983035104,46.16525374531438,0.021194432912868603,0.2443489120150033,0.9694557262766497,False
7.850157,649022351,42.403493745128706,45.599295788829636,-1.690508314248901,18.815790933256004,38.05399667575252,0.021194432912868603,0.2443489120150033,0.9694557262766497,False
7.866824,649039018,34.35884490038002,40.237001651794216,-3.8846063960034654,14.358194918170918,30.927381961538483,0.021194432912868603,0.2443489120150033,0.9694557262766497,False
7.883491,649055685,26.430670983330987,34.32070352417393,-4.694175008193569,9.592586107004548,23.968276910683635,0.021194432912868603,0.2443489120150033,0.9694557262766497,False
7.900158,649072352,18.712682033908,28.062290925631345,-6.029036129340438,5.064482257507377,17.177600557559877,0.021194432912868603,0.2443489120150033,0.9694557262766497,False
7.916825,649089019,10.655182344942533,21.699930014321392,-7.630365271015824,1.1623370168174514,9.884770890167577,0.021194432912868603,0.2443489120150033,0.9694557262766497,False
7.933492,649105686,5.675422719466194,15.499863186126046,-10.172409373320779,-1.2529846584823496,5.412466378217683,0.021194432912868603,0.2443489120150033,0.9694557262766497,False
7.950159,649122353,1.6378148623286648,9.648963839818132,-10.577659182775859,-2.274281145121097,1.5139220409751724,0.021194432912868603,0.2443489120150033,0.9694557262766497,False
7.966826,649139020,-1.7199763053752712,4.342109718623263,-9.844013407298752,-2.1035252450248447,-2.008739489323751,0.021194432912868603,0.2443489120150033,0.9694557262766497,False
7.983493,649155687,-3.7535838013755725,-0.22777661890369283,-8.758249947902268,-0.01742017915559595,-4.655953869964287,0.021194432912868603,0.2443489120150033,0.9694557262766497,False
8.00016,649172354,-4.487958228319403,-3.9234413041757854,-7.582814976859514,3.0823893567371368,-6.220462852705945,0.021194432912868603,0.2443489120150033,0.9694557262766497,False
8.016827,649189021,-4.856527967860454,-6.690021523700334,-6.731990497963528,4.516684680126416,-6.980756452176295,0.021194432912868603,0.2443489120150033,0.9694557262766497,False
8.033494,649205688,-7.178979134429966,-8.599078147148322,-6.92898135131884,3.082779013578158,-9.010661185575989,0.021194432912868603,0.2443489120150033,0.9694557262766497,False
8.050161,649222355,-10.584718302362036,-9.834953678545041,-9.167037211542443,-6.446900616004504,-10.07284274363653,0.021194432912868603,0.2443489120150033,0.9694557262766497,False
8.066828,649239022,-11.425868660837267,-10.523059068020782,-9.604980261122787,-12.009799719807118,-9.528805583943015,0.021194432912868603,0.2443489120150033,0.9694557262766497,False
8.083495,649255689,-11.842121939294783,-10.786723269469162,-7.499329018926791,-13.96334769413092,-9.511820837553165,0.021194432912868603,0.2443489120150033,0.9694557262766497,False
8.100162,649272356,-12.052583065135902,-10.734031231426735,-6.548196037357983,-17.453662788326348,-8.869981474516141,0.021194432912868603,0.2443489120150033,0.9694557262766497,False
8.116829,649289023,-11.060368175492453,-10.434351621808194,-5.419955015120777,-13.985133889097781,-8.745405184031128,0.021194432912868603,0.2443489120150033,0.9694557262766497,False
8.133496,649305690,-9.871601975280699,-9.948753364188335,-3.3535282353876004,-7.340474621877072,-9.239131502028918,0.021194432912868603,0.2443489120150033,0.9694557262766497,False
8.150163,649322357,-8.492482981393215,-9.356625384826382,-2.18729013401371,-3.803524450597475,-8.733537178122514,0.021194432912868603,0.2443489120150033,0.9694557262766497,False
8.16683,649339024,-7.313745233546369,-8.737800974213696,-1.5567584549842763,-0.015474749749915133,-8.486214730158618,0.021194432912868603,0.2443489120150033,0.9694557262766497,False
8.183497,649355691,-6.724551982660118,-8.205104614511542,-0.5508766897099834,2.7417971996066557,-8.595412335362807,0.021194432912868603,0.2443489120150033,0.9694557262766497,False
8.200164,649372358,-5.878305602774115,-7.692240116156411,0.03489444680436446,5.880349411492654,-8.526374139249116,0.021194432912868603,0.2443489120150033,0.9694557262766497,False
8.216831,649389025,-4.956066134477999,-7.204898727740207,0.47254553427089885,9.232671999028977,-8.429590632635461,0.021194432912868603,0.2443489120150033,0.9694557262766497,False
8.233498,649405692,-4.4119612987152,-6.7519639237568,1.1294969859025947,11.653638401112044,-8.49290387367993,0.021194432912868603,0.2443489120150033,0.9694557262766497,False
8.250165,649422359,-4.181245799016279,-6.300069589827144,1.5518780662821765,12.650350042008066,-8.51537218474158,0.021194432912868603,0.2443489120150033,0.9694557262766497,False
8.266832,649439026,-4.093969991360369,-5.802221325286231,1.666479960842856,12.569292705609255,-8.407421759968933,0.021194432912868603,0.2443489120150033,0.9694557262766497,False
8.283499,649455693,-4.121061199096644,-5.249980698846455,1.5430834741507935,11.750709698313273,-8.226346984410537,0.021194432912868603,0.2443489120150033,0.9694557262766497,False
8.300166,649472360,-4.451988161594723,-4.761950883461745,1.288062597792693,9.548300121030929,-8.007013147274627,0.021194432912868603,0.2443489120150033,0.9694557262766497,False
8.316833,649489027,-4.876509823164001,-4.44181074284722,1.0854610536887743,6.659830361012391,-7.712449095741497,0.021194432912868603,0.2443489120150033,0.9694557262766497,False
8.3335,649505694,-5.2151724980004595,-4.209092578098684,0.94293701220225,3.9715938914444355,-7.38110266158199,0.021194432912868603,0.2443489120150033,0.9694557262766497,False
8.350167,649522361,-5.361017271118343,-4.065844788172825,0.9029238121093133,2.0284005144974517,-7.04089066167396,0.021194432912868603,0.2443489120150033,0.9694557262766497,False
8.366834,649539028,-5.272980922969773,-4.018163622583782,1.0027127507790168,1.010925211911704,-6.695810064072759,0.021194432912868603,0.2443489120150033,0.9694557262766497,False
8.383501,649555695,-5.098647766421682,-4.012640526535717,1.2915139530980433,1.2302663123595137,-6.5775824684444455,0.021194432912868603,0.2443489120150033,0.9694557262766497,False
8.400168,649572362,-4.862502981267992,-4.0325982150303705,1.7070570196166466,2.5855125028583172,-6.684668685833275,0.021194432912868603,0.2443489120150033,0.9694557262766497,False
8.416835,649589029,-4.557263613085896,-4.057052488831292,2.173891708289874,4.6508704032337596,-6.900586626707849,0.021194432912868603,0.2443489120150033,0.9694557262766497,False
8.433502,649605696,-4.229908356758396,-4.08095810660667,2.676540238387219,6.887738592773496,-7.137703594947621,0.021194432912868603,0.2443489120150033,0.9694557262766497,False
8.450169,649622363,-3.8491351768300377,-4.122486926285274,3.095916821751451,8.9325407543954,-7.269489347456307,0.021194432912868603,0.2443489120150033,0.9694557262766497,False
8.466836,649639030,-3.549074855851202,-4.159905030119731,3.4876772406501515,10.514970546751652,-7.367387389076336,0.021194432912868603,0.2443489120150033,0.9694557262766497,False
8.483503,649655697,-3.392426182361904,-4.176004478992171,3.75063109879323,11.477594728608336,-7.454179032729281,0.021194432912868603,0.2443489120150033,0.9694557262766497,False
8.50017,649672364,-3.3996766544439887,-4.179280684834422,4.025125534087211,11.741072124182597,-7.534067818597254,0.021194432912868603,0.2443489120150033,0.9694557262766497,False
8.516837,649689031,-3.5441929712494686,-4.181827957148926,4.24698315148262,11.646201566095346,-7.664075762360468,0.021194432912868603,0.2443489120150033,0.9694557262766497,False
8.533504,649705698,-3.747568734414689,-4.191060453440742,4.414762960635719,11.335255342565883,-7.799154019273545,0.021194432912868603,0.2443489120150033,0.9694557262766497,False
8.550171,649722365,-4.007599296780439,-4.214473037767623,4.547761116915259,10.629003116461082,-7.892275775494836,0.021194432912868603,0.2443489120150033,0.9694557262766497,False
8.566838,649739032,-4.303203139557707,-4.271385709828998,4.591813391946581,9.71891328384184,-7.968770290219573,0.021194432912868603,0.2443489120150033,0.9694557262766497,False
8.583505,649755699,-4.582881047966202,-4.37338199984272,4.568586465619826,8.794129656465634,-8.023662692456869,0.021194432912868603,0.2443489120150033,0.9694557262766497,False
8.600172,649772366,-4.822003237958614,-4.523510282084853,4.500905194017406,7.999524247884151,-8.068560830220235,0.021194432912868603,0.2443489120150033,0.9694557262766497,False
8.616839,649789033,-5.05139433327117,-4.718056381343688,4.431922900057819,7.275477972812087,-8.121177090835445,0.021194432912868603,0.2443489120150033,0.9694557262766497,False
8.633506,649805700,-5.2602064514573525,-4.947704701438492,4.421683855359006,6.95057778963378,-8.254454039606859,0.021194432912868603,0.2443489120150033,0.9694557262766497,False
8.650173,649822367,-5.44741899768152,-5.206577407150914,4.485598725654526,7.038416717523894,-8.471101924006852,0.021194432912868603,0.2443489120150033,0.9694557262766497,False
8.66684,649839034,-5.6093257370217025,-5.488803901558385,4.664197517538747,7.426303933223029,-8.739780370617392,0.021194432912868603,0.2443489120150033,0.9694557262766497,False
8.683507,649855701,-5.7773160811599045,-5.785023321427163,4.8254975773027144,7.832566026781961,-9.018987249953037,0.021194432912868603,0.2443489120150033,0.9694557262766497,False
8.700174,649872368,-5.969275399894852,-6.086213670458644,4.9162021753142575,7.978658544205829,-9.25579981675295,0.021194432912868603,0.2443489120150033,0.9694557262766497,False
8.716841,649889035,-6.202371205277896,-6.3826557930528125,4.933477583803371,7.798393848746416,-9.45118209211127,0.021194432912868603,0.2443489120150033,0.9694557262766497,False
8.733508,649905702,-6.507531523630303,-6.670409424107013,4.939755043517523,7.3964028350228475,-9.664773381631313,0.021194432912868603,0.2443489120150033,0.9694557262766497,False
8.750175,649922369,-6.854466418644089,-6.950067808018586,4.94046089456632,6.874513145541443,-9.891113452005234,0.021194432912868603,0.2443489120150033,0.9694557262766497,False
8.766842,649939036,-7.204417074364349,-7.224456986545135,4.9269340789820975,6.313541017605172,-10.110402510433262,0.021194432912868603,0.2443489120150033,0.9694557262766497,False
8.783509,649955703,-7.543039651509247,-7.498512702195833,4.884562217242546,5.681427856973409,-10.299445043811243,0.021194432912868603,0.2443489120150033,0.9694557262766497,False
8.800176,649972370,-7.868143109533936,-7.775653223589581,4.80180748946897,4.938931306884571,-10.445837798490862,0.021194432912868603,0.2443489120150033,0.9694557262766497,False
8.816843,649989037,-8.184664635249053,-8.060730411147844,4.692878241774397,4.19045947558114,-10.581299945828016,0.021194432912868603,0.2443489120150033,0.9694557262766497,False
8.83351,650005704,-8.503611891976659,-8.358208600434285,4.558694321858779,3.5695920424590573,-10.750874500285933,0.021194432912868603,0.2443489120150033,0.9694557262766497,False
8.850177,650022371,-8.824170963666846,-8.670628711866152,4.470844325040851,3.06384904845696,-10.952141443369552,0.021194432912868603,0.2443489120150033,0.9694557262766497,False
8.866844,650039038,-9.131547823188084,-8.997747964204152,4.407047546618999,2.824660359655144,-11.207521055243905,0.021194432912868603,0.2443489120150033,0.9694557262766497,False
8.883511,650055705,-9.42281303034275,-9.338392807231928,4.334545815247376,2.7161376787515183,-11.479025124930715,0.021194432912868603,0.2443489120150033,0.9694557262766497,False
8.900178,650072372,-9.713377634133764,-9.688967226948069,4.361479490516255,2.5303533745406703,-11.732506793562466,0.021194432912868603,0.2443489120150033,0.9694557262766497,False
8.916845,650089039,-9.992234319119573,-10.04353459609975,4.398851827875354,2.1917233777453213,-11.935615500699017,0.021194432912868603,0.2443489120150033,0.9694557262766497,False
8.933512,650105706,-10.293580034979737,-10.398407960480343,4.39757293569739,1.7004799161531936,-12.122610945851962,0.021194432912868603,0.2443489120150033,0.9694557262766497,False
8.950179,650122373,-10.641341582905163,-10.75132016017012,4.396781279467033,1.2006256185896709,-12.355324941272224,0.021194432912868603,0.2443489120150033,0.9694557262766497,False
8.966846,650139040,-11.001896031137667,-11.100574398951032,4.4116603773799365,0.8395080411094354,-12.636545741478663,0.021194432912868603,0.2443489120150033,0.9694557262766497,False
8.983513,650155707,-11.386055611180339,-11.44898316159652,4.409707313477936,0.5139526277585872,-12.950710758665883,0.021194432912868603,0.2443489120150033,0.9694557262766497,False
9.00018,650172374,-11.79300562964151,-11.803656231020122,4.349191988626433,0.07052460394128489,-13.257394465031284,0.021194432912868603,0.2443489120150033,0.9694557262766497,False
9.016847,650189041,-12.246240396187583,-12.172336208943076,4.221525999639007,-0.6472131358846671,-13.54121405060989,0.021194432912868603,0.2443489120150033,0.9694557262766497,False
9.033514,650205708,-12.726830226247294,-12.560256947515974,4.07834437872773,-1.4663123976042973,-13.827363439229112,0.021194432912868603,0.2443489120150033,0.9694557262766497,False
9.050181,650222375,-13.217966783522819,-12.972731388565865,3.914594552275318,-2.193054961154056,-14.147220457390063,0.021194432912868603,0.2443489120150033,0.9694557262766497,False
9.066848,650239042,-13.701095271391562,-13.416937054243991,3.7314689822167795,-2.740165134967648,-14.503669401028779,0.021194432912868603,0.2443489120150033,0.9694557262766497,False
9.083515,650255709,-14.16960181089102,-13.899504045103996,3.5124893869666516,-2.979239019783836,-14.921891643182935,0.021194432912868603,0.2443489120150033,0.9694557262766497,False
9.100182,650272376,-14.60291502859857,-14.42587804320792,3.2527051698327103,-2.9421814125849797,-15.372517920077952,0.021194432912868603,0.2443489120150033,0.9694557262766497,False
9.116849,650289043,-15.011505069916037,-14.999416247984655,2.936338971279472,-2.7248295704701797,-15.841847785237468,0.021194432912868603,0.2443489120150033,0.9694557262766497,False
9.133516,650305710,-15.431539622335919,-15.619108498294224,2.6371511174174045,-2.308241316548407,-16.37357533932256,0.021194432912868603,0.2443489120150033,0.9694557262766497,False
9.150183,650322377,-15.902992152095639,-16.280607673654448,2.2829669543324083,-1.8467355800964746,-16.96845987735308,0.021194432912868603,0.2443489120150033,0.9694557262766497,False
9.16685,650339044,-16.486767614017197,-16.977565684350136,1.8105909008078207,-1.6669708156946934,-17.605610215634158,0.021194432912868603,0.2443489120150033,0.9694557262766497,False
9.183517,650355711,-17.147817429600547,-17.70352620283487,1.4604675353594236,-1.4978673511876963,-18.32245511957056,0.021194432912868603,0.2443489120150033,0.9694557262766497,False
9.200184,650372378,-17.902478564950336,-18.455550727567232,1.2359547292801243,-1.3942551680881146,-19.122099927418052,0.021194432912868603,0.2443489120150033,0.9694557262766497,False
9.216851,650389045,-18.785182968851558,-19.23579296755053,1.0446319079243318,-1.664928224124656,-19.960210154035178,0.021194432912868603,0.2443489120150033,0.9694557262766497,False
9.233518,650405712,-19.750839856506563,-20.04117252452985,0.816758986854855,-2.302243790044735,-20.790676015809037,0.021194432912868603,0.2443489120150033,0.9694557262766497,False
9.250185,650422379,-20.7668453388719,-20.869435738288374,0.4612518447852962,-3.2126745348370496,-21.60144841813057,0.021194432912868603,0.2443489120150033,0.9694557262766497,False
9.266852,650439046,-21.80515749622397,-21.721941446396652,-0.056166216956743405,-4.31839287348572,-22.382468821010384,0.021194432912868603,0.2443489120150033,0.9694557262766497,False
9.283519,650455713,-22.880761920029173,-22.59998579951098,-0.7908080136047009,-5.370030034811193,-23.210838482006707,0.021194432912868603,0.2443489120150033,0.9694557262766497,False
9.300186,650472380,-23.969427563197392,-23.50770907862909,-1.5368170316103666,-6.079177586182518,-24.138756021782328,0.021194432912868603,0.2443489120150033,0.9694557262766497,False
9.316853,650489047,-25.00489875476847,-24.449771983440794,-2.2829746349440594,-6.539272816964198,-25.07457290402859,0.021194432912868603,0.2443489120150033,0.9694557262766497,False
9.33352,650505714,-25.964364985340303,-25.425160879000597,-3.05925796305917,-6.846246266698275,-25.969925516495397,0.021194432912868603,0.2443489120150033,0.9694557262766497,False
9.350187,650522381,-26.843756299434613,-26.43721610497048,-3.8457383587783402,-7.002432573255006,-26.820462917721574,0.021194432912868603,0.2443489120150033,0.9694557262766497,False
9.366854,650539048,-27.649369085066986,-27.480817597208347,-4.747129692609572,-7.047087119434648,-27.620496376374224,0.021194432912868603,0.2443489120150033,0.9694557262766497,False
9.383521,650555715,-28.427639307047794,-28.551197304523438,-5.856660771788712,-7.064461184693007,-28.39465138487337,0.021194432912868603,0.2443489120150033,0.9694557262766497,False
9.400188,650572382,-29.22872829815391,-29.640617094356443,-7.0769622420974265,-7.2862468509929466,-29.13840098339141,0.021194432912868603,0.2443489120150033,0.9694557262766497,False
9.416855,650589049,-30.112671892114136,-30.736934937303467,-8.333494764484076,-7.693884411133684,-29.919980053850786,0.021194432912868603,0.2443489120150033,0.9694557262766497,False
9.433522,650605716,-31.083645803139568,-31.833249470680112,-9.618822217735982,-8.199827832555393,-30.765924203493,0.021194432912868603,0.2443489120150033,0.9694557262766497,False
9.450189,650622383,-32.11492714176389,-32.92044464877561,-10.890490308506454,-8.481491159944365,-31.73090372925019,0.021194432912868603,0.2443489120150033,0.9694557262766497,False
9.466856,650639050,-33.12917640115707,-33.983596866562266,-12.216436864576206,-8.50190459165276,-32.742975294399805,0.021194432912868603,0.2443489120150033,0.9694557262766497,False
9.483523,650655717,-34.2022241885478,-35.012273800818754,-13.595701587595018,-8.578742801715103,-33.80031055266533,0.021194432912868603,0.2443489120150033,0.9694557262766497,False
9.50019,650672384,-35.33865618721191,-36.00311625645618,-14.932708302636192,-8.794022064773728,-34.88905717329145,0.021194432912868603,0.2443489120150033,0.9694557262766497,False
9.516857,650689051,-36.46403789069623,-36.9463477420681,-16.32228741542762,-9.407285616606595,-35.86494503994617,0.021194432912868603,0.2443489120150033,0.9694557262766497,False
9.533524,650705718,-37.59914669794017,-37.823326359899454,-17.80961211997234,-10.420416516723648,-36.74794397140759,0.021194432912868603,0.2443489120150033,0.9694557262766497,False
9.550191,650722385,-38.65314009327412,-38.61692251125844,-19.390978748448212,-11.365768457303933,-37.562299373996346,0.021194432912868603,0.2443489120150033,0.9694557262766497,False
9.566858,650739052,-39.55546934082812,-39.310802591659964,-20.898683434948815,-11.886992524730191,-38.32872299478981,0.021194432912868603,0.2443489120150033,0.9694557262766497,False
9.583525,650755719,-40.35470371945158,-39.889797158610804,-22.26274676862566,-12.332420404535778,-39.01104813256359,0.021194432912868603,0.2443489120150033,0.9694557262766497,False
9.600192,650772386,-40.885451959831784,-40.33462540620248,-23.519512683466687,-12.691510596076721,-39.440534998861004,0.021194432912868603,0.2443489120150033,0.9694557262766497,False
9.616859,650789053,-41.21574416614269,-40.621295676842095,-24.757946555239357,-13.243980050079807,-39.61491015402222,0.021194432912868603,0.2443489120150033,0.9694557262766497,False
9.633526,650805720,-41.264046484813356,-40.7210245061191,-26.066282525896863,-13.823120766022901,-39.490160234192764,0.021194432912868603,0.2443489120150033,0.9694557262766497,False
9.650193,650822387,-41.044456353377164,-40.605614306665565,-27.180081163274167,-14.128027767837105,-39.16245041982737,0.021194432912868603,0.2443489120150033,0.9694557262766497,False
9.66686,650839054,-40.63732368993318,-40.25058580507696,-27.763157430929216,-14.086655390775997,-38.740170858354446,0.021194432912868603,0.2443489120150033,0.9694557262766497,False
9.683527,650855721,-39.968828968433286,-39.63808418586404,-27.6394012814287,-13.163616776600682,-38.285969302744135,0.021194432912868603,0.2443489120150033,0.9694557262766497,False
9.700194,650872388,-39.01843126579893,-38.75442367748423,-27.705831161836027,-12.710133023665565,-37.41847493261764,0.021194432912868603,0.2443489120150033,0.9694557262766497,False
9.716861,650889055,-37.91172917807283,-37.58859299941396,-27.857798159348835,-13.149796059926123,-36.16276609143231,0.021194432912868603,0.2443489120150033,0.9694557262766497,False
9.733528,650905722,-36.60881690375478,-36.130051114008914,-28.386508867236362,-14.083118177183618,-34.57200315088931,0.021194432912868603,0.2443489120150033,0.9694557262766497,False
9.750195,650922389,-34.902916610609694,-34.37042844803148,-27.81866224241787,-13.738727677895614,-32.911572851175045,0.021194432912868603,0.2443489120150033,0.9694557262766497,False
9.766862,650939056,-32.84890496219089,-32.3000618940004,-26.353172276974796,-12.154532528586467,-31.224177528037018,0.021194432912868603,0.2443489120150033,0.9694557262766497,False
9.783529,650955723,-30.5859086329738,-29.910061875369575,-24.11760936570654,-9.859507146343935,-29.517211607860784,0.021194432912868603,0.2443489120150033,0.9694557262766497,False
9.800196,650972390,-28.107843350398735,-27.20058641498558,-21.533894737116487,-8.035412523324633,-27.477315069974022,0.021194432912868603,0.2443489120150033,0.9694557262766497,False
9.816863,650989057,-25.381497554038017,-24.180120364947324,-18.816191519213273,-6.96490540203899,-24.99430496214121,0.021194432912868603,0.2443489120150033,0.9694557262766497,False
9.83353,651005724,-22.291130589736724,-20.87238492849529,-16.093835487421043,-6.3106727413101575,-22.030985384670423,0.021194432912868603,0.2443489120150033,0.9694557262766497,False
9.850197,651022391,-18.847704372690075,-17.284230676182254,-13.489530996233688,-6.2661944487847725,-18.547214907798896,0.021194432912868603,0.2443489120150033,0.9694557262766497,False
9.866864,651039058,-15.104978357651671,-13.462636356574826,-10.979725994343964,-6.650585409382718,-14.64455330937505,0.021194432912868603,0.2443489120150033,0.9694557262766497,False
9.883531,651055725,-11.157377529460994,-9.495353141573533,-8.632226956142759,-7.172613963060551,-10.49232240564451,0.021194432912868603,0.2443489120150033,0.9694557262766497,False
9.900198,651072392,-7.065487371793781,-5.4421785524575075,-6.432436571656737,-7.720018497138231,-6.181630914528122,0.021194432912868603,0.2443489120150033,0.9694557262766497,False
9.916865,651089059,-2.862482173480711,-1.3947953223329237,-4.427610654003314,-8.522409193429695,-1.6877925416492505,0.021194432912868603,0.2443489120150033,0.9694557262766497,False
9.933532,651105726,1.4404906314727295,2.588374816727574,-2.5871162600064572,-9.413463581004903,2.935103191151484,0.021194432912868603,0.2443489120150033,0.9694557262766497,False
9.950199,651122393,5.8179838793079295,6.50023792096712,-0.8157972878112371,-10.077053233193997,7.579047658362555,0.021194432912868603,0.2443489120150033,0.9694557262766497,False
9.966866,651139060,10.235553926159236,10.289183438040917,0.9147925598461563,-10.483939511724941,12.200520588442274,0.021194432912868603,0.2443489120150033,0.9694557262766497,False
9.983533,651155727,14.66958854020201,13.852173024405106,2.541461298831425,-10.533829881260592,16.751268838744515,0.021194432912868603,0.2443489120150033,0.9694557262766497,False
10.0002,651172394,18.946791618786822,17.08393264056589,3.9690125800893106,-10.356771699583819,21.087395647560587,0.021194432912868603,0.2443489120150033,0.9694557262766497,False
10.016867,651189061,22.81521858814734,19.956935764968673,4.974328598674052,-10.278401496675656,25.035972244591296,0.021194432912868603,0.2443489120150033,0.9694557262766497,False
10.033534,651205728,26.093031433951072,22.732694788995488,5.2839078465539515,-10.57444298356897,28.484906335969146,0.021194432912868603,0.2443489120150033,0.9694557262766497,False
10.050201,651222395,28.64217904954226,25.20381938303138,5.12292217998882,-10.37270169160407,31.067040086331527,0.021194432912868603,0.2443489120150033,0.9694557262766497,False
10.066868,651239062,30.418359192982084,27.336662675035107,4.806449377228299,-9.088822419950056,32.58250186763639,0.021194432912868603,0.2443489120150033,0.9694557262766497,False
10.083535,651255729,31.55632879170147,29.097577792964962,5.129881875393251,-6.868680789609609,33.189672904423176,0.021194432912868603,0.2443489120150033,0.9694557262766497,False
10.100202,651272396,31.342051559809978,30.45291786477923,6.589907038714955,-5.594458249503679,32.61556053031393,0.021194432912868603,0.2443489120150033,0.9694557262766497,False
10.116869,651289063,30.49016771635945,31.369036018436226,7.029025226167884,-5.099083307385281,31.602378591274924,0.021194432912868603,0.2443489120150033,0.9694557262766497,False
10.133536,651305730,29.766764179021276,31.812285381894235,6.320603961837428,-4.07177524762241,30.612740249801252,0.021194432912868603,0.2443489120150033,0.9694557262766497,False
10.150203,651322397,28.738892885964596,31.749019083111527,5.974358196770348,-3.188543180769289,29.337437446899337,0.021194432912868603,0.2443489120150033,0.9694557262766497,False
10.16687,651339064,28.179252895054198,31.145590250046432,6.3174265244630075,-4.283018370855373,29.02852462135809,0.021194432912868603,0.2443489120150033,0.9694557262766497,False
10.183537,651355731,27.466901200252074,29.968352010657206,6.358367101602189,-3.5785761472583557,28.115281165226886,0.021194432912868603,0.2443489120150033,0.9694557262766497,False
10.200204,651372398,25.494512376431853,28.1836574929022,5.335312941596562,-2.6177847618289496,25.860950161214483,0.021194432912868603,0.2443489120150033,0.9694557262766497,False
10.216871,651389065,23.0585455359757,25.75785982473967,5.36754461065582,-3.2357123987169985,23.503276711386558,0.021194432912868603,0.2443489120150033,0.9694557262766497,False
10.233538,651405732,21.2521352348338,22.657312134127892,5.57553507118327,-2.724734445146315,21.50661467148404,0.021194432912868603,0.2443489120150033,0.9694557262766497,False
10.250205,651422399,20.55664974655843,18.848367549025184,3.8988857626541074,-1.4237604575128462,20.497964756978963,0.021194432912868603,0.2443489120150033,0.9694557262766497,False
10.266872,651439066,19.91235276948711,14.297379197389866,5.8755476208236885,1.9225815075764743,18.946716791905523,0.021194432912868603,0.2443489120150033,0.9694557262766497,False
