PacketCounter,SampleTimeFine,Acc_X,Acc_Y,Acc_Z,Gyr_X,Gyr_Y,Gyr_Z,Quat_W,Quat_X,Quat_Y,Quat_Z,Acc_X_filtered,Acc_Y_filtered,Acc_Z_filtered,Gyr_X_filtered,Gyr_Y_filtered,Gyr_Z_filtered
1,2278513249,9.829819,1.985441,-0.035841,-3.082489,-1.860584,1.870105,0.695967,0.033761,-0.70968,-0.104141,9.82978325850858,1.9853493061202152,-0.036068783336416874,-3.0732181687941296,-1.8587320381856334,1.8708490719862068
2,2278529916,9.836997,1.97176,-0.049594,-3.757089,-1.974496,1.747356,0.695932,0.033462,-0.709709,-0.104276,9.834702617434374,1.9599393256859665,-0.04504399502583321,-3.53017953433147,-1.9440810527461905,1.831058322772205
3,2278546583,9.845011,1.936436,-0.054279,-3.734793,-2.002299,1.832557,0.695898,0.033176,-0.709741,-0.104381,9.837828941441494,1.9358636711858013,-0.048620702487795195,-3.660035908775628,-1.9740848648073064,1.7908455609064005
4,2278563250,9.838061,1.895326,-0.037078,-3.461031,-1.819629,1.796661,0.695877,0.032904,-0.709758,-0.104481,9.839723678601784,1.9150717522858165,-0.04593807311179644,-3.372441799487616,-1.9310545440177465,1.751124827595615
5,2278579917,9.833983,1.91767,-0.051604,-2.673589,-2.038804,1.673743,0.69583,0.032728,-0.70981,-0.104506,9.84256209581122,1.9000541637777517,-0.04051342571130921,-2.878354121954121,-1.8490933358054225,1.7165204344641454
6,2278596584,9.84441,1.894198,-0.017278,-2.4188,-1.69122,1.687947,0.695815,0.032573,-0.70983,-0.10451,9.847065027789753,1.8928451906999477,-0.03674608216550784,-2.5172713262615396,-1.792333158434831,1.6962861898872361
7,2278613251,9.854881,1.88928,-0.052291,-2.4319,-1.699236,1.717658,0.695803,0.032426,-0.709851,-0.104499,9.85117523178855,1.8936951537579576,-0.03617233136035655,-2.5135056275236227,-1.8092990658315187,1.6993878217642526
8,2278629918,9.865685,1.895057,-0.025386,-3.220221,-1.989787,1.713419,0.695765,0.032203,-0.709888,-0.104565,9.85249586899093,1.8992905275189425,-0.037031345441186775,-2.8432537309226875,-1.8944045836832375,1.729493468823839
9,2278646585,9.850426,1.892093,-0.03936,-3.245948,-2.010046,1.807187,0.695724,0.031953,-0.709929,-0.104638,9.85139097629274,1.9022044801261435,-0.0375480610897384,-3.2675641819271446,-1.9890016207474512,1.785503787875109
10,2278663252,9.830059,1.910484,-0.064777,-3.034349,-2.061861,1.87314,0.695679,0.031725,-0.709978,-0.104675,9.850360287575668,1.8946659224871591,-0.03934574574269897,-3.466859382092588,-2.022275392023984,1.8646205381008174
11,2278679919,9.848808,1.878247,-0.037277,-3.06789,-1.859931,1.907551,0.695655,0.031484,-0.710006,-0.10472,9.8503868258032,1.8761669080984968,-0.04588059069777864,-3.2214911607327883,-1.958091325891938,1.961755727552089
12,2278696586,9.874158,1.863925,-0.023355,-3.064956,-1.785384,2.127384,0.69564,0.031215,-0.710028,-0.104747,9.84959255250143,1.8584314546074259,-0.05493102406608985,-2.624803985655726,-1.8207474092124363,2.0646346768595425
13,2278713253,9.838388,1.85423,-0.051314,-2.965618,-1.781171,2.159938,0.69563,0.030982,-0.71005,-0.104733,9.846479802405101,1.8605480932658054,-0.052944510769835605,-2.2172504004478166,-1.7019457248674772,2.150008213181641
14,2278729920,9.840253,1.890134,-0.030623,-2.826003,-1.889808,2.085534,0.695606,0.03076,-0.710085,-0.104722,9.843280848343804,1.8945238251922745,-0.022674759536932165,-2.7828223754790127,-1.7503667816344946,2.1888094356186487
15,2278746587,9.84453,1.937325,0.011225,-3.694773,-2.107541,2.110916,0.695565,0.030455,-0.710129,-0.104787,9.84444127600447,1.9512907624083122,0.0359394980123227,-4.700893700164459,-2.119664473082074,2.169165876898155
16,2278763254,9.845414,1.9834,0.02106,-5.383512,-2.561206,2.354826,0.695486,0.029931,-0.710194,-0.105021,9.85174017264423,2.000325548280106,0.09118587369644268,-7.283255666387943,-2.867214207217055,2.135933117863128
17,2278779921,9.844419,2.059036,0.172381,-10.044651,-3.814398,2.316407,0.695295,0.028914,-0.710314,-0.105751,9.862072581898754,2.0076363609025334,0.09448821930340329,-8.889774900031705,-3.8714869319948093,2.2111338004034593
18,2278796588,9.928745,1.967631,0.122339,-10.657832,-5.179594,2.41015,0.694969,0.027822,-0.710562,-0.106524,9.87064214872012,1.960666630528423,0.021345137750534288,-8.095850036083934,-4.873744278188191,2.537958026713124
19,2278813255,9.8634,1.877986,-0.122699,-6.143771,-5.588833,2.842274,0.694583,0.02711,-0.710922,-0.106813,9.875023712988046,1.8786900144501713,-0.10009813114553992,-4.998468834783861,-5.6564358490401085,3.149510251692614
20,2278829922,9.792902,1.721351,-0.443457,1.852343,-6.402125,3.831321,0.694099,0.027092,-0.711492,-0.106176,9.87433394775964,1.7978442515911648,-0.20750742285341497,-1.2633051169269103,-6.215322837940155,3.8761414546362265
21,2278846589,9.912015,1.772028,-0.091687,4.604633,-6.998416,4.848723,0.693561,0.027266,-0.712166,-0.105127,9.866422043848994,1.7446843086365256,-0.2542716059988652,1.3155288542225598,-6.741715554407435,4.423558358824034
22,2278863256,9.919423,1.791981,-0.120014,-1.205129,-6.601021,4.627095,0.693082,0.026889,-0.71271,-0.104693,9.850947318708656,1.7230280810422207,-0.24058493543645515,2.281511110066012,-7.384320207981916,4.599301118780903
23,2278879923,9.792671,1.665925,-0.418622,-0.149092,-7.655817,4.467028,0.692492,0.026665,-0.713374,-0.104125,9.83530768042201,1.7216877309621734,-0.20310587784566078,2.4997178501953945,-7.999391181949157,4.487078679142573
24,2278896590,9.791442,1.731779,-0.115505,5.671992,-8.745665,4.261219,0.691753,0.026943,-0.714235,-0.103066,9.830732280507224,1.7286339800410082,-0.18473977867819427,2.9165950625799786,-8.188537443344858,4.386251045037137
25,2278913257,9.821657,1.732753,-0.131592,3.401079,-8.212536,4.317169,0.691081,0.027027,-0.715006,-0.102202,9.838965314695894,1.7376116259462833,-0.20893828338922582,3.629703456108156,-7.681921654127162,4.549723028637524
26,2278929924,9.904062,1.772892,-0.288339,4.519422,-7.616805,4.975138,0.690481,0.027217,-0.715734,-0.101102,9.848008997175192,1.7476589212531308,-0.2665509524322317,4.098540358542847,-6.705521212763066,4.944386929985224
27,2278946591,9.879873,1.776201,-0.378884,3.553052,-3.840049,5.508774,0.690278,0.027265,-0.716071,-0.100079,9.846267011451408,1.7605335434548368,-0.32178969260194207,3.921439425605204,-5.872523165720986,5.23843384797134
28,2278963258,9.787868,1.701964,-0.334545,3.097312,-5.420672,4.923472,0.6899,0.027278,-0.716558,-0.099194,9.838273175895127,1.776792706736204,-0.3378649341888841,3.2605657412520284,-5.618426219061574,5.02429220053058
29,2278979925,9.834225,1.817685,-0.288988,3.249811,-6.495921,4.085643,0.689397,0.027377,-0.71715,-0.098381,9.840964000880872,1.7928987399343783,-0.303026376111783,2.640061757665423,-5.767099381333734,4.10412561467107
30,2278996592,9.855993,1.872968,-0.199245,1.901442,-6.361542,2.909712,0.688895,0.027467,-0.717705,-0.097826,9.864025967734735,1.8048538269743744,-0.23545179955591686,2.438362651794346,-5.7247216978179685,2.6393242020700614
31,2279013259,9.902101,1.770932,-0.188772,0.620244,-5.44955,0.853908,0.688464,0.027655,-0.718141,-0.097607,9.89734107487742,1.8158031640293373,-0.16844419999538898,2.5497860337387603,-5.088865370025427,1.0752060826548213
32,2279029926,9.965489,1.832061,-0.159474,5.222667,-3.050025,-0.275375,0.688247,0.028457,-0.718398,-0.09701,9.91901770125271,1.8356975391287234,-0.1331499944273948,2.5302770231956155,-4.0060471926956485,-0.10523048868791612
33,2279046593,9.887242,1.840629,-0.16583,3.065757,-2.153183,-0.581818,0.688128,0.029088,-0.718534,-0.096666,9.914111077846119,1.8695058138193683,-0.1473403859005614,2.1072113183687353,-2.9587552383670785,-0.6423430023992073
34,2279063260,9.85378,1.926966,-0.148751,0.041922,-3.492163,-0.560649,0.687882,0.029394,-0.71876,-0.096641,9.88543407378535,1.9075686040414492,-0.2068255066872055,1.4767428263684383,-2.3132034437696536,-0.6115932237260628
35,2279079927,9.887591,1.971762,-0.206949,-1.261669,-2.576996,-0.261096,0.687742,0.029552,-0.718877,-0.096719,9.849707528861892,1.931288421088804,-0.28205829095974183,0.9868624524096422,-2.101246004205534,-0.3300779590441365
36,2279096594,9.836632,1.902116,-0.47319,1.60792,-1.062901,-0.156276,0.687749,0.030007,-0.718883,-0.096479,9.826039906009305,1.928667312847149,-0.3323726218132929,0.6264421475898628,-2.107425100272022,-0.14541532324757167
37,2279113261,9.778097,1.895561,-0.383337,2.671277,-1.693741,-0.253017,0.687685,0.03057,-0.718967,-0.096141,9.825080296003357,1.9029438470622404,-0.33613256739432656,0.0775256084270739,-2.043630505017849,-0.25192611719442537
38,2279129928,9.862936,1.853355,-0.19479,-0.664534,-2.533993,-0.600246,0.687542,0.030824,-0.719086,-0.09619,9.843148844632303,1.8674328944000254,-0.3083355320343007,-0.7141201567337468,-1.7122051297603273,-0.6263618725584259
39,2279146595,9.863026,1.865645,-0.232768,-3.976129,-1.945003,-1.126434,0.687468,0.030809,-0.719097,-0.096636,9.86487684976659,1.835240539451292,-0.2832303822453096,-1.3097485933209208,-1.1638359193278867,-1.0850281819135728
40,2279163262,9.895255,1.793565,-0.354564,-2.156141,-0.076467,-1.537684,0.687576,0.031047,-0.718946,-0.096924,9.874640736407162,1.8141491102083604,-0.28066743150802387,-1.287375292317269,-0.7104849031493855,-1.4018517795887795
41,2279179929,9.870968,1.833052,-0.340452,1.92863,0.783307,-1.269993,0.687758,0.031677,-0.718767,-0.096754,9.8685378612679,1.8068485892281894,-0.293508725805947,-0.814667111185323,-0.6578252413636849,-1.4136663146430644
42,2279196596,9.827562,1.792186,-0.252481,-0.194464,-1.791467,-0.903193,0.687686,0.032019,-0.718817,-0.096781,9.856017115907418,1.810742798298871,-0.3031466983491573,-0.54208292386891,-0.9790036971250609,-1.072785905127756
43,2279213263,9.854454,1.790574,-0.246904,-2.771051,-2.24836,-0.726952,0.687581,0.032079,-0.718876,-0.097062,9.849967389778035,1.8161055741036172,-0.299036041938757,-1.0172331667037395,-1.3316031315941657,-0.45609887140594174
44,2279229930,9.865832,1.83339,-0.374885,-2.858518,-1.643452,0.155962,0.687552,0.032047,-0.718879,-0.097262,9.85534889836023,1.8081614554159113,-0.28516697850776435,-2.2936286173485745,-1.4261898231865928,0.2528668492121868
45,2279246597,9.861141,1.790372,-0.272457,-2.069288,0.133346,0.952684,0.687716,0.032035,-0.718719,-0.09729,9.866387633415385,1.7771083005318933,-0.2757611210732425,-3.9205247755782175,-1.300316882432946,0.826568592817875
46,2279263264,9.872559,1.716743,-0.244912,-5.355692,-1.69072,1.352178,0.68771,0.031627,-0.718696,-0.097631,9.87283391375481,1.7301065983668587,-0.28445651308441233,-5.0947738851946465,-1.199159136250018,1.1083083488655174
47,2279279931,9.881457,1.711968,-0.267267,-4.442317,-1.516028,1.138837,0.687715,0.031335,-0.718668,-0.097897,9.868411661257618,1.6927116664810682,-0.3105161872069381,-4.9711822039157125,-1.2729417834068872,1.1068678406465373
48,2279296598,9.84537,1.685706,-0.345478,-5.296154,-1.332363,0.601352,0.687736,0.031017,-0.718606,-0.098305,9.854853539576517,1.693649331122929,-0.33502486771101103,-3.2317594503301335,-1.4548244404408956,0.9687105023672075
49,2279313265,9.831767,1.704628,-0.470935,-1.482668,-1.557764,0.787687,0.687719,0.031057,-0.718622,-0.098296,9.83968611193852,1.7415818295676262,-0.3371590855663896,-0.5559137927145442,-1.5849392624253529,0.835212893549821
50,2279329932,9.835594,1.801684,-0.249757,4.328245,-1.940124,0.923523,0.687636,0.031658,-0.71876,-0.097669,9.830797722852015,1.812881275465986,-0.31551009037850036,1.6500911585893516,-1.5830421415472369,0.7250458121800873
51,2279346599,9.838881,1.911613,-0.195023,3.674687,-1.113525,0.632525,0.687639,0.032237,-0.718804,-0.097135,9.832441812037766,1.8647979694187584,-0.2876318853574166,2.2793868803555917,-1.4958327300492207,0.5588424055804359
52,2279363266,9.843304,1.902823,-0.29368,-0.798105,-1.477213,0.218534,0.687619,0.032406,-0.718819,-0.097111,9.844472494203597,1.8675019726419544,-0.26815732549320137,1.3846113043570178,-1.4060041568595603,0.28568279500885596
53,2279379933,9.859111,1.791937,-0.315508,-1.298385,-1.096889,0.065204,0.687638,0.032547,-0.718788,-0.097154,9.863004970973678,1.8280341655632746,-0.2555531980956485,0.004035523635964322,-1.3158585892769898,-0.030194239910837417
54,2279396600,9.877687,1.758384,-0.2877,0.76589,-1.327506,-0.287733,0.68762,0.03294,-0.718808,-0.097005,9.880992565660883,1.7836674546630342,-0.24336782792587677,-0.8041286257291361,-1.1369014359546765,-0.24951646002093691
55,2279413267,9.88502,1.773793,-0.167941,-0.145711,-0.951396,-0.52045,0.687646,0.033293,-0.718774,-0.096952,9.890037452131354,1.7710520913526888,-0.234996508807954,-0.7343448218754367,-0.808942628355455,-0.28357101721639966
56,2279429934,9.899185,1.808523,-0.154006,-1.97748,-0.752424,-0.229464,0.687706,0.033448,-0.718696,-0.097049,9.8848001280056,1.7994772270168402,-0.23873890681930535,-0.2620372559107658,-0.4213585761794936,-0.18283178108735104
57,2279446601,9.884952,1.851131,-0.36483,0.610844,0.341872,0.254545,0.687871,0.033802,-0.718549,-0.096845,9.86741893465334,1.8488156222728593,-0.2530067248159572,-0.1466342557447987,-0.1792259547189273,-0.09428691733508762
58,2279463268,9.809738,1.914805,-0.284551,0.174286,0.214718,-0.071118,0.688021,0.034148,-0.718406,-0.096716,9.846870324795294,1.888186852384537,-0.265792345658701,-0.8542662428488867,-0.21776007561688007,-0.11853907921175325
59,2279479935,9.83326,1.854206,-0.204847,-2.796484,-0.917472,-0.314575,0.688064,0.034196,-0.718333,-0.096938,9.832544556639277,1.8970063440762965,-0.26845354919051906,-2.229004574192989,-0.46165990862232176,-0.20989177382685562
60,2279496602,9.84492,1.893951,-0.274078,-4.156878,-1.218896,-0.436799,0.688077,0.034092,-0.718271,-0.097339,9.82829400857949,1.8747428463080005,-0.2634883233515095,-3.6134302301157293,-0.6973875259478208,-0.2266934665105023
61,2279513269,9.847442,1.857156,-0.277325,-4.1521,-0.375098,-0.064595,0.688182,0.033951,-0.718128,-0.097708,9.832600346273779,1.8377110996619581,-0.25823250081785487,-4.3445981313884925,-0.7754596263051384,-0.07845359400856905
62,2279529936,9.816276,1.789374,-0.229938,-4.65598,-0.524689,0.299675,0.688281,0.033746,-0.717993,-0.098069,9.842360617825321,1.807660282562776,-0.255820088615546,-4.220923671109428,-0.7102531155864189,0.1837149181995853
63,2279546603,9.861175,1.782614,-0.282267,-2.692945,-0.508053,0.541766,0.688377,0.033712,-0.717885,-0.0982,9.85429217875532,1.7980657466136591,-0.25391975747541407,-3.5566297079856604,-0.5967946547745803,0.41469785535435105
64,2279563270,9.857912,1.801275,-0.215951,-3.339359,-0.809464,0.310048,0.68844,0.03363,-0.717797,-0.098427,9.863744276004486,1.8061188264929031,-0.2500518806521237,-2.831459542625291,-0.48721684586441066,0.4986091211342637
65,2279579937,9.868273,1.829187,-0.300037,-1.735811,-0.506926,0.54726,0.688532,0.0337,-0.717703,-0.098449,9.865623257150704,1.8180314208840191,-0.246554795328764,-2.2835731240119306,-0.36712420711813365,0.43165028098820185
66,2279596604,9.884857,1.873262,-0.223413,-1.973266,0.333919,0.296537,0.688707,0.033775,-0.71752,-0.098527,9.858545434153594,1.8249943333247125,-0.24948205190971556,-1.7942063530762011,-0.2120180361404755,0.30993491982869514
67,2279613271,9.824956,1.801689,-0.226131,-1.133208,-0.253053,0.230649,0.688815,0.033927,-0.717409,-0.098531,9.847234689562582,1.8340975315141057,-0.261082287697661,-1.1405804323596354,-0.03754104369844599,0.24839969212045293
68,2279629938,9.82063,1.844554,-0.293488,-1.562784,-0.358219,0.204293,0.688919,0.034067,-0.717299,-0.098555,9.83905382294406,1.8604882658303175,-0.27347006230041104,-0.37063242779445327,0.088084386252874,0.29312576142071295
69,2279646605,9.863906,1.887836,-0.274969,0.593885,0.34261,0.302959,0.689082,0.034393,-0.717152,-0.098369,9.837794725648871,1.9067870283731727,-0.27311278648417714,0.09424102187764807,0.07357419211972963,0.38925169884537464
70,2279663272,9.832,1.962522,-0.308786,1.149056,0.272628,0.659418,0.689239,0.034726,-0.717023,-0.0981,9.841455319573685,1.9521230037446415,-0.25450702250317864,-0.19056599855663012,-0.11688088493752742,0.4350753141377491
71,2279679939,9.858609,1.998021,-0.181873,-1.302521,-0.390658,0.493076,0.689338,0.034833,-0.716923,-0.098095,9.845608923323631,1.9655611580337076,-0.22793268708158412,-1.1966760775307006,-0.3939081616190728,0.3835134141840042
72,2279696606,9.823513,1.923856,-0.178456,-3.157687,-1.098183,0.154784,0.689367,0.034776,-0.716866,-0.098325,9.847701460509589,1.933819637227755,-0.2102635781392565,-2.338920250758184,-0.5890003048778274,0.29449388734465454
73,2279713273,9.870017,1.903597,-0.228728,-3.843058,-0.889324,0.131758,0.689422,0.034659,-0.716778,-0.098624,9.848206994711123,1.8772358813794625,-0.20797898075782717,-2.9651612464313497,-0.6049880577255987,0.27721366590655017
74,2279729940,9.843761,1.80912,-0.221555,-2.130772,0.140633,0.379587,0.689578,0.034701,-0.716613,-0.098716,9.848925372791037,1.8369685256890727,-0.21218416477809937,-2.9245618430212845,-0.49976278781252337,0.37591867520711003
75,2279746607,9.842558,1.799573,-0.215135,-2.350977,-0.092577,0.617721,0.689714,0.034687,-0.716469,-0.098814,9.85054255701468,1.8420871785251065,-0.21150872172211288,-2.617206063383283,-0.39702327637974344,0.5185406151523676
76,2279763274,9.852468,1.887749,-0.253429,-2.258336,-0.803176,0.625212,0.689777,0.034682,-0.716398,-0.098894,9.851260868591824,1.884992694154797,-0.20712756764399917,-2.5141174782875604,-0.3506268125661892,0.5815078467515487
77,2279779941,9.844488,1.98073,-0.149524,-2.595078,-0.667864,0.571285,0.689855,0.034646,-0.716308,-0.099018,9.848058605011104,1.9284847846253312,-0.21109715011011354,-2.6922824396562604,-0.3446625660823054,0.502704954095457
78,2279796608,9.863057,1.961644,-0.19158,-3.253837,-0.153061,0.263574,0.689982,0.034564,-0.716156,-0.09926,9.84038411248045,1.9388440128972884,-0.2287408600355128,-2.850087795809338,-0.4002238202511175,0.3320641940221643
79,2279813275,9.81997,1.877528,-0.283074,-3.948659,-0.50872,0.041473,0.690075,0.034449,-0.716028,-0.099579,9.832612989875736,1.9136025748863705,-0.2464013071273659,-2.719965632099086,-0.6015894371185125,0.18023706082034263
80,2279829942,9.824425,1.8636,-0.296432,-1.047366,-0.906027,0.122775,0.690112,0.034605,-0.715982,-0.099594,9.831226662791618,1.8787730442512103,-0.24217072437646747,-2.389497319375086,-0.9761042888558865,0.12728657888903958
81,2279846609,9.841421,1.858698,-0.166422,-1.893662,-1.219498,0.335622,0.690123,0.034641,-0.715956,-0.099687,9.838092512027433,1.8619922378031286,-0.21024905817731127,-2.1894589417799666,-1.3774008030657203,0.18180827002642275
82,2279863276,9.825534,1.870708,-0.197421,-2.484176,-1.624729,0.388064,0.6901,0.034635,-0.715962,-0.09981,9.846889024597166,1.8697720066507508,-0.17147779225488416,-2.32279205197138,-1.54685187167846,0.3126873903928258
83,2279879943,9.880627,1.904447,-0.122515,-3.172159,-1.859534,0.372979,0.690052,0.034535,-0.715982,-0.10003,9.847996750943995,1.888108982417766,-0.15643909976507442,-2.6791832703436427,-1.3407357125449475,0.4936823204816624
84,2279896610,9.845772,1.919433,-0.161164,-3.403339,-1.054987,0.565804,0.690092,0.03441,-0.71592,-0.100244,9.838291121449334,1.9006198286780462,-0.17652855315355376,-3.0012841395243335,-0.9086943172351156,0.7036006810894383
85,2279913277,9.818389,1.896274,-0.217674,-1.868216,0.16129,1.051933,0.690259,0.034409,-0.715759,-0.100242,9.825439495687018,1.9035217286520556,-0.21106822533681768,-3.1543091996145023,-0.6097437748996796,0.8994164487473806
86,2279929944,9.782898,1.878693,-0.227523,-4.339176,-0.499063,1.010095,0.690372,0.034172,-0.715627,-0.100487,9.82081181516841,1.9035587118992718,-0.2244920254157265,-3.2147712732355394,-0.7043405774090488,1.0189185722480658
87,2279946611,9.842543,1.887032,-0.286013,-3.020442,-1.614778,1.033159,0.690359,0.034029,-0.715628,-0.100616,9.828041193683122,1.9044879879214414,-0.19993889649261898,-3.3524197795763664,-1.1209741936841926,1.0249782208735165
88,2279963278,9.873901,1.924477,-0.099099,-3.56808,-1.70012,0.949738,0.690339,0.033839,-0.715629,-0.100811,9.840027743803006,1.9000759149401123,-0.1575612021126962,-3.6435411627685994,-1.5380681823317852,0.9454354411745076
89,2279979945,9.819339,1.893094,-0.113853,-3.490589,-1.640699,0.843484,0.690323,0.033669,-0.715625,-0.101008,9.847271045487952,1.8833014846714948,-0.13702565578158515,-3.952457950832651,-1.6860891353019416,0.8636659786767051
90,2279996612,9.862177,1.900554,-0.109676,-4.138577,-1.546316,0.937841,0.690322,0.033429,-0.715601,-0.101259,9.847480236483678,1.8609171584380473,-0.15893113906412057,-3.990888958898754,-1.5598363178851014,0.8601915966932373
91,2280013279,9.836566,1.80608,-0.259555,-4.359941,-1.123825,0.755255,0.690362,0.033178,-0.715532,-0.101563,9.846527175766049,1.853380511909014,-0.2040869176880896,-3.5690463405625796,-1.3621003794756346,0.9456060299373121
92,2280029946,9.85316,1.837785,-0.257515,-3.080914,-1.398761,1.024719,0.690372,0.033036,-0.71551,-0.101696,9.851206868720546,1.8754452094281764,-0.23282643406315617,-2.8371004906419497,-1.2779179568900931,1.0386910641824048
93,2280046613,9.855816,1.932774,-0.260381,-1.002443,-0.973462,1.212716,0.690416,0.033068,-0.715477,-0.101613,9.861569663058575,1.9169807684042435,-0.22422862824145595,-2.2291804263964563,-1.3084484240636687,1.0218298499971121
94,2280063280,9.86237,1.985297,-0.126587,-2.170664,-1.852093,0.87226,0.690374,0.033038,-0.715514,-0.101657,9.86978171851722,1.9473273337731203,-0.19447646343966046,-2.096232616566567,-1.3034163646428865,0.843934447622023
95,2280079947,9.88804,1.952691,-0.1664,-2.771192,-0.927461,0.568327,0.690424,0.03298,-0.715447,-0.101803,9.866783373145301,1.9419034608287535,-0.17746706591191155,-2.385069144443417,-1.141505800987497,0.5827814751923388
96,2280096614,9.860834,1.899045,-0.187193,-2.730263,-1.05053,0.273153,0.690456,0.032953,-0.715393,-0.101976,9.851234033289668,1.9045490690718347,-0.19082351468003966,-2.6990701347923425,-0.8796743963014335,0.3986611372104741
97,2280113281,9.808026,1.821819,-0.263188,-3.214099,-0.729693,0.380598,0.690526,0.032874,-0.715299,-0.102186,9.832147713334745,1.8633062238878106,-0.22217924369794273,-2.661540209740884,-0.724425560775181,0.4099957996295034
98,2280129948,9.824871,1.853211,-0.235381,-1.465251,-0.348499,0.616581,0.690632,0.032953,-0.715192,-0.102185,9.821783274657523,1.8454258364407075,-0.24535571015683816,-2.2063017541210033,-0.8441985481128315,0.5992936962706794
99,2280146615,9.819036,1.863505,-0.253844,-1.705768,-1.187469,0.843753,0.690655,0.032969,-0.715168,-0.102194,9.825207602328277,1.8568223373822574,-0.24595236243168095,-1.556268904067409,-1.200412759234047,0.8320686724142323
100,2280163282,9.839815,1.895987,-0.242031,-0.871472,-2.128185,1.104349,0.690579,0.033024,-0.715253,-0.102098,9.836656019892798,1.8829496436241189,-0.23130215425350795,-0.9913676732096922,-1.5703439644511183,0.9698379306876906
101,2280179949,9.867224,1.917948,-0.167327,-0.777559,-1.892687,1.061627,0.690528,0.033103,-0.715315,-0.101989,9.845728946173823,1.9052245050336745,-0.21884654602391942,-0.660880165006788,-1.7435054232273834,0.976616080926642
102,2280196616,9.835133,1.894166,-0.22309,-0.946108,-1.219126,0.645639,0.690539,0.033208,-0.715305,-0.101946,9.846588633842057,1.9149274482060101,-0.21767258446240917,-0.5648721893121285,-1.686016070519964,0.927961981453558
103,2280213283,9.830022,1.902845,-0.261627,-0.121814,-1.323741,0.909424,0.690541,0.033378,-0.715319,-0.101781,9.841336540924907,1.914139094907303,-0.2221893420182543,-0.6338586372736028,-1.5183210499743598,0.9252502846110238
104,2280229950,9.844669,1.918852,-0.218149,-0.646068,-1.549594,1.185669,0.690526,0.033463,-0.715349,-0.101643,9.83591002666029,1.9083166028908576,-0.22230417896055113,-0.7944458675926661,-1.3806542619497504,1.0055254320439224
105,2280246617,9.821393,1.920115,-0.211756,-1.725489,-1.861301,1.116771,0.690481,0.03343,-0.715394,-0.101638,9.834344830915235,1.9007131802714539,-0.2165118403031433,-0.9929003504612993,-1.3547442421860276,1.1261598304342422
106,2280263284,9.861756,1.864453,-0.200058,-1.08375,-1.254651,1.144113,0.690499,0.033484,-0.715388,-0.101545,9.836963497767613,1.892366216401603,-0.21293813503240097,-1.188655877350852,-1.466640698858749,1.215712170272725
107,2280279951,9.838133,1.890359,-0.216332,-0.586582,-1.106558,1.19425,0.690528,0.03357,-0.715375,-0.101409,9.841997498253932,1.884341993129164,-0.2187365776430533,-1.3125070938230796,-1.675048025407646,1.2301181804090917
108,2280296618,9.813449,1.89368,-0.231257,-1.031065,-1.899412,1.310109,0.69048,0.033597,-0.715435,-0.101303,9.84692087122587,1.8790022111617994,-0.23085490371083803,-1.2397763104899417,-1.8427359735959954,1.177402195678174
109,2280313285,9.88023,1.878034,-0.244219,-1.925972,-2.468808,1.091722,0.690374,0.033539,-0.715537,-0.101322,9.848746044953288,1.8795239283291125,-0.23811650564557724,-0.8900609078523077,-1.8023768503263546,1.1092141186362061
110,2280329952,9.842431,1.8737,-0.248055,-0.801152,-1.447553,1.011567,0.690369,0.033636,-0.715554,-0.101211,9.84560076746513,1.887383289549758,-0.23194662290737317,-0.4168686692615571,-1.5200733898442471,1.0847972873389933
111,2280346619,9.838489,1.888547,-0.214991,0.66253,-0.99814,1.026154,0.690402,0.033873,-0.715547,-0.100954,9.839372426872467,1.8991731336016653,-0.21450722866215827,-0.2236544051768936,-1.1716325170633772,1.1241053160128465
112,2280363286,9.833062,1.931507,-0.162211,-0.238942,-0.732823,1.331409,0.690473,0.034005,-0.715501,-0.100747,9.835560043359234,1.9068609370947793,-0.19613254958733153,-0.6511983016734543,-0.9967058124996534,1.1879093921005701
113,2280379953,9.837111,1.902707,-0.195662,-1.723184,-0.871075,1.2115,0.690534,0.033986,-0.715447,-0.100718,9.838730846338256,1.9033096470745539,-0.1854268392558293,-1.6000951140031703,-1.061309185800786,1.2094919998002063
114,2280396620,9.835703,1.881312,-0.196399,-2.982907,-1.560556,1.169739,0.69053,0.033845,-0.715444,-0.100818,9.847578723953548,1.8883786832026417,-0.18305249000443735,-2.5179845774189897,-1.1927206608706205,1.1509079479698217
115,2280413287,9.873871,1.868226,-0.174492,-3.024219,-1.382817,0.994304,0.690538,0.033694,-0.715422,-0.100966,9.854930632900231,1.869406577119546,-0.18518315820615974,-2.815536749530829,-1.1703908120022066,1.0294628437399413
116,2280429954,9.847953,1.847621,-0.221888,-2.808023,-1.188071,0.801505,0.690566,0.033609,-0.715382,-0.101089,9.853455697444883,1.856053198021863,-0.19080966044643233,-2.3113928683848286,-0.9692739475306497,0.8942288267230314
117,2280446621,9.841925,1.869658,-0.181749,0.262818,-0.177944,0.854433,0.690684,0.033839,-0.715286,-0.100885,9.842264307290279,1.8550092296519085,-0.20265604483541974,-1.2954038097173013,-0.788057547084241,0.784623270015832
118,2280463288,9.838588,1.858946,-0.194778,-0.744984,-0.681375,0.788314,0.690753,0.033963,-0.715225,-0.100798,9.828495250497843,1.868456455095131,-0.21957478935078237,-0.22951712739433716,-0.8322560343624041,0.7112508267152798
119,2280479955,9.804736,1.912695,-0.224907,0.275983,-1.315712,0.623202,0.690748,0.034191,-0.715243,-0.100631,9.822188906725843,1.8948661256321535,-0.2302163196722852,0.5427652145021084,-1.0942506296771035,0.6626521974168924
120,2280496622,9.829423,1.908964,-0.25826,0.319525,-1.661009,0.503847,0.690707,0.034446,-0.715295,-0.100459,9.828331668110131,1.9287775957250854,-0.21936991356100297,0.8326141390882171,-1.3649742061854861,0.6152740442118074
121,2280513289,9.852956,1.960201,-0.195399,0.828731,-1.40487,0.613866,0.690691,0.034741,-0.715328,-0.100224,9.842396322887385,1.9595547036330432,-0.18453664622203264,0.5301463527945722,-1.4443529658766523,0.5394837808450569
122,2280529956,9.837258,1.962213,-0.143621,0.172149,-1.163431,0.460151,0.690701,0.034989,-0.715328,-0.100073,9.853170084880263,1.9733111419828442,-0.14509096162970012,-0.333175383151184,-1.3162300776762828,0.4161194035046616
123,2280546623,9.863279,1.985758,-0.085001,-1.118202,-1.12695,0.199874,0.690717,0.035131,-0.715304,-0.100086,9.851113349509097,1.9609799024752437,-0.13030343431451372,-1.4315756131762614,-1.129789928024631,0.26402302393703353
124,2280563290,9.858095,1.937751,-0.153235,-2.697696,-0.910455,0.272564,0.690765,0.035112,-0.715235,-0.100253,9.83603057131829,1.927939061934694,-0.15469176359206413,-2.201333964744451,-1.0466517037497,0.1496539950160726
125,2280579957,9.787539,1.890946,-0.229757,-2.69735,-1.252807,0.111947,0.690777,0.035118,-0.7152,-0.100424,9.817685810640045,1.8946864098890932,-0.20439164137938434,-2.224152922671792,-1.1190457026389915,0.15187138118668722
126,2280596624,9.803941,1.852134,-0.255693,-1.904112,-1.274783,0.128121,0.690782,0.035195,-0.715177,-0.100519,9.808329328892917,1.8834715830797855,-0.24786958112330945,-1.6272214914356051,-1.2914448715766271,0.29512193604186654
127,2280613291,9.817972,1.892394,-0.261996,-0.625629,-1.759144,0.490592,0.690736,0.035356,-0.715225,-0.100446,9.813610496814093,1.900319046696706,-0.2602193546362718,-1.049105775537928,-1.4821069896260068,0.5079595746780311
128,2280629958,9.855069,1.9566,-0.239256,-0.152063,-1.386748,0.824786,0.690729,0.035521,-0.715243,-0.100301,9.829770950022859,1.9295999817667155,-0.23916687276363346,-1.1043459375102918,-1.6392164875556334,0.6618479618608758
129,2280646625,9.829841,1.958644,-0.178168,-1.856946,-1.401194,0.823775,0.690728,0.035518,-0.715239,-0.100333,9.84772926311627,1.9477357085912874,-0.20188957802110644,-1.8212486367717942,-1.7264854382294113,0.675227750151752
130,2280663292,9.84151,1.939806,-0.166967,-3.436367,-2.044585,0.431273,0.690664,0.03539,-0.715275,-0.100567,9.858450581341186,1.9435350576580896,-0.16993746915638147,-2.6198415623248947,-1.6983099669931598,0.5896347650437955
131,2280679959,9.872763,1.926081,-0.192876,-3.500924,-1.7651,0.417903,0.69063,0.035268,-0.715281,-0.100802,9.856472603995158,1.9262034387645164,-0.15656856589014945,-2.8735101786751875,-1.5352704658878862,0.5386026570098745
132,2280696626,9.85713,1.893057,-0.146486,-2.068776,-1.082969,0.721414,0.690664,0.035277,-0.715241,-0.100846,9.842679304606692,1.9148065033508315,-0.16326046631195834,-2.4943292702121505,-1.3046525489808944,0.6358252111927145
133,2280713293,9.815202,1.925129,-0.167264,-1.291022,-1.024198,0.912462,0.690703,0.03534,-0.715208,-0.100794,9.825367838204393,1.9204730657909699,-0.18207855118676392,-1.972339037971953,-1.146221288076723,0.8846740326739495
134,2280729960,9.812276,1.933131,-0.201866,-2.001774,-1.253678,1.108511,0.690725,0.035311,-0.715188,-0.100795,9.81597655577993,1.937902518856722,-0.19978249173011636,-1.8825873521397556,-1.1689785033823388,1.1775892603840439
135,2280746627,9.80633,1.971184,-0.212521,-2.527051,-1.25451,1.443833,0.690751,0.035161,-0.715162,-0.100848,9.820512883622936,1.9527270170713298,-0.2042956246738996,-2.377431740739803,-1.3603053270656371,1.3701610371734743
136,2280763294,9.836266,1.972895,-0.216964,-3.089097,-1.787664,1.375191,0.690726,0.034973,-0.715182,-0.100951,9.834474058447674,1.9561193465366338,-0.1929846321550976,-3.106355447343754,-1.5974800297346317,1.3698536484217605
137,2280779961,9.882094,1.941087,-0.154199,-3.687076,-1.76597,1.204034,0.690701,0.034724,-0.71519,-0.101152,9.847143616549406,1.9513597906183842,-0.1761427941832811,-3.5545709167482853,-1.743524638738781,1.1854466021457413
138,2280796628,9.827924,1.911202,-0.156811,-3.745947,-1.456709,0.88545,0.690706,0.034531,-0.715164,-0.101367,9.851292750187255,1.9457129234267272,-0.17002457586239722,-3.4626523755913983,-1.7398336751210968,0.9127685458928703
139,2280813295,9.840492,1.93141,-0.194739,-2.874347,-2.043727,0.590213,0.690642,0.034453,-0.715207,-0.101517,9.848527904509961,1.9376382782423462,-0.18382109751886377,-2.9917421642060256,-1.630314820260247,0.6711954291245927
140,2280829962,9.873373,1.959668,-0.2139,-2.255531,-1.274065,0.609909,0.690655,0.034439,-0.715183,-0.101605,9.845796221234542,1.9160500945536048,-0.21179126404291806,-2.5306041604788807,-1.513004202467665,0.5371597589103585
141,2280846629,9.799751,1.865771,-0.230828,-2.164926,-1.333154,0.457654,0.690658,0.034443,-0.715166,-0.101705,9.847805971881215,1.8752070784619765,-0.23701477620958705,-2.3245949002552635,-1.4583124299334274,0.5192027958754161
142,2280863296,9.891492,1.843433,-0.240461,-2.012646,-1.555267,0.703946,0.690642,0.034437,-0.715174,-0.101762,9.852966586212945,1.8294620229089797,-0.24340015790691313,-2.258285275381694,-1.4523675876356965,0.5812083198935811
143,2280879963,9.858495,1.801288,-0.258633,-2.717034,-1.528105,0.665655,0.69063,0.034364,-0.715169,-0.101896,9.855728563066949,1.8093667448494541,-0.2271824611211757,-2.003004219704156,-1.4138039137813783,0.6804065995160926
144,2280896630,9.829031,1.809849,-0.185616,-1.49185,-1.114655,0.672457,0.690656,0.034418,-0.715141,-0.101902,9.851959965037718,1.838434082857374,-0.19971582342570537,-1.4087457396457677,-1.2766939461991318,0.7831296085594961
145,2280913297,9.848066,1.890352,-0.156122,-0.713634,-1.217743,0.84488,0.69067,0.034535,-0.715135,-0.101806,9.842276297523469,1.9099722077192358,-0.17884219117122024,-0.7653257598880023,-1.070653765292463,0.8566221759916053
146,2280929964,9.852581,2.026177,-0.168516,-0.29525,-1.012816,0.978463,0.690705,0.034679,-0.715116,-0.101656,9.831579131834152,1.9860836816643896,-0.17548393376967947,-0.6447789714971165,-0.9249084130276809,0.8673002800630328
147,2280946631,9.804453,2.047073,-0.21407,-1.59626,-0.865645,0.782269,0.690757,0.034704,-0.715063,-0.101671,9.826054095605864,2.022289198646092,-0.18749790282639514,-1.4078040064875776,-0.9773853523409439,0.803013787749846
148,2280963298,9.833616,1.976973,-0.220774,-2.244031,-0.943316,0.69744,0.690803,0.034671,-0.715006,-0.101763,9.82907331149927,1.9978681317282436,-0.2054827591272899,-2.773964113762973,-1.246452738999107,0.6965471211233157
149,2280979965,9.830341,1.907086,-0.204986,-3.538075,-1.670128,0.589816,0.690782,0.034533,-0.715003,-0.101979,9.838171447927351,1.9277279758202126,-0.22202176270245266,-3.8559586958344285,-1.5794649186861647,0.616631764189637
150,2280996632,9.855291,1.864411,-0.207281,-4.538456,-2.050783,0.611791,0.690724,0.034269,-0.715023,-0.102317,9.84621475035795,1.8502397612749024,-0.23395453693213367,-3.7422355232448345,-1.7570247267892574,0.6256412705920876
151,2281013299,9.85546,1.804058,-0.251509,-3.659927,-1.813084,0.743197,0.690689,0.034087,-0.715033,-0.102544,9.846940957106435,1.8047181650105004,-0.23876505704929674,-2.252338702707933,-1.6846974757385174,0.7369501520888718
152,2281029966,9.834153,1.818236,-0.270723,1.040638,-1.4511,0.911639,0.690671,0.034368,-0.715077,-0.102262,9.84008038219482,1.8134917957687393,-0.2336499486274905,-0.21578191324449114,-1.484102987785149,0.9046444293478251
153,2281046633,9.830403,1.876565,-0.186692,1.847438,-0.859511,1.021082,0.690712,0.034725,-0.715074,-0.101885,9.830948348433346,1.8735837806678568,-0.21912287338658065,1.082354837606352,-1.37382226791552,1.0522675629077143
154,2281063300,9.807657,1.92205,-0.207531,0.94199,-1.347253,1.198834,0.690711,0.034972,-0.715107,-0.101579,9.825096904265802,1.9577554821345045,-0.20051556950737875,0.8839264822376287,-1.4575570811153027,1.1210261988178902
155,2281079967,9.840849,2.040491,-0.164676,-0.494854,-2.315514,1.091224,0.690612,0.035054,-0.715217,-0.101455,9.823925998186327,2.0259631961196987,-0.18413060583117216,-0.5048979887953423,-1.6477913060737523,1.105825620634771
156,2281096634,9.827772,2.080329,-0.195864,-3.296496,-1.788778,1.044518,0.690581,0.034876,-0.715231,-0.101617,9.825633902117524,2.0460991133939723,-0.17329663974264564,-2.0842064306542643,-1.7924010729619888,1.0542173575413387
157,2281113301,9.83613,2.017649,-0.174115,-3.623531,-1.695048,0.960252,0.690562,0.03468,-0.715232,-0.101815,9.829152071198317,2.013430214499027,-0.16915682392612658,-3.0167701770327393,-1.8314071012987758,1.0286305153717525
158,2281129968,9.823175,1.925233,-0.170683,-1.675404,-1.246416,1.123303,0.690584,0.034683,-0.715215,-0.10178,9.8351458801827,1.9530526778068684,-0.1732164978192931,-3.137634169598492,-1.8050816231929716,1.0613665773703997
159,2281146635,9.830509,1.887008,-0.168479,-1.996433,-2.141171,1.071219,0.690513,0.034639,-0.715284,-0.101794,9.842619999663096,1.9012400840837724,-0.18616948764761543,-2.7582173328748327,-1.7558842768578458,1.1379501237131837
160,2281163302,9.848045,1.877416,-0.202748,-3.083641,-1.959359,1.335683,0.690469,0.034451,-0.71532,-0.101904,9.84656737849522,1.8810488982085856,-0.20404352295494085,-2.1857114129215445,-1.6898605340473813,1.2188414771278162
161,2281179969,9.871138,1.925095,-0.226529,-2.509263,-1.629698,1.190408,0.690452,0.034328,-0.715331,-0.101979,9.841775784876972,1.8922811879633816,-0.2182669618586304,-1.548687630867422,-1.6299260444310424,1.2762046292029787
162,2281196636,9.823766,1.927713,-0.250645,-0.462578,-1.32725,1.398844,0.690459,0.034394,-0.715344,-0.101818,9.8295464504182,1.919848800953479,-0.22195557848575356,-0.9654016361973112,-1.6354274389281571,1.3116973681357806
163,2281213303,9.803219,1.921247,-0.190849,0.258259,-1.63094,1.295318,0.690433,0.034556,-0.715396,-0.101578,9.81858003699547,1.9473547677468872,-0.2158661804569882,-0.6434313262590489,-1.7244940144966978,1.3407935321470112
164,2281229970,9.803385,1.949605,-0.188925,-1.111322,-1.669039,1.189435,0.690408,0.034592,-0.715431,-0.101488,9.81737828521557,1.9636044775523367,-0.20694239239670909,-0.7240474156288805,-1.8106580053458532,1.3627013849045375
165,2281246637,9.843913,1.977574,-0.209404,-1.441265,-2.485853,1.518775,0.690304,0.034545,-0.715545,-0.101409,9.826154185205572,1.9631967850489644,-0.201818958462216,-1.118284725986748,-1.7770324378603037,1.3532421206864036
166,2281263304,9.846142,1.982529,-0.229496,-1.710468,-1.51927,1.414104,0.6903,0.034501,-0.715558,-0.101358,9.837122851818057,1.947782414960328,-0.2034762574081434,-1.5724351898363764,-1.624244541702208,1.2950955438250413
167,2281279971,9.832579,1.90477,-0.220316,-1.371253,-1.161997,1.147788,0.690325,0.034501,-0.715539,-0.101319,9.84215728541323,1.9267123943391646,-0.21278955023081153,-1.8719881047141107,-1.4983027021095623,1.2102426294647226
168,2281296638,9.836677,1.887315,-0.176735,-2.317156,-1.361866,0.937444,0.690334,0.034445,-0.715524,-0.101381,9.8394159065608,1.9110563372856957,-0.22890612979847652,-1.9624099962276225,-1.5327195773287055,1.1481633036884642
169,2281313305,9.844006,1.89402,-0.263953,-1.846548,-1.449653,1.2178,0.690337,0.034412,-0.715526,-0.101361,9.833486910816278,1.9038446120266193,-0.2464240527186664,-1.9190011686203787,-1.6825078035395615,1.1392854302547413
170,2281329972,9.820345,1.931563,-0.274253,-1.703244,-2.693854,1.358133,0.690209,0.034345,-0.715657,-0.101333,9.830584527844783,1.898101198722836,-0.25585878363977327,-1.8467710098923271,-1.761934505178508,1.171202766606877
171,2281346639,9.829349,1.912531,-0.264656,-1.806349,-1.359471,1.10919,0.690218,0.034325,-0.71565,-0.101322,9.833537001514298,1.8863765698866786,-0.25088816530937486,-1.7988629032937533,-1.6543801883216556,1.2116862695534065
172,2281363306,9.841771,1.842344,-0.20539,-2.082517,-1.327609,1.176385,0.690233,0.034267,-0.715636,-0.101336,9.840352803126422,1.8700764692901701,-0.23497641416679765,-1.7519535277171945,-1.4450421478204445,1.2405641928175148
173,2281379973,9.867854,1.811596,-0.224624,-1.153865,-1.130506,1.262776,0.690266,0.034299,-0.715617,-0.101242,9.847018027360766,1.8568795849902022,-0.2189468284391033,-1.6342968640697082,-1.3184259423793863,1.2544928008565819
174,2281396640,9.836272,1.889406,-0.206841,-1.640878,-1.092996,1.336272,0.690303,0.034259,-0.715589,-0.101207,9.851287296296926,1.8512119530287277,-0.211907292321155,-1.3780723764770415,-1.347192889323355,1.2556913859912537
175,2281413307,9.844805,1.869425,-0.234329,-1.135578,-1.8707,1.234218,0.690254,0.034265,-0.715644,-0.101136,9.853373785725529,1.8516359471162271,-0.21479583167102956,-0.9692193594207331,-1.4211383405296976,1.2482103430736122
176,2281429974,9.858349,1.860315,-0.206294,-0.074666,-1.713746,1.168067,0.690217,0.034389,-0.7157,-0.100959,9.853665861390727,1.8571231206738292,-0.22112883701710742,-0.4765613639413331,-1.3873798065659857,1.2400577966658202
177,2281446641,9.858863,1.839296,-0.213832,-0.278244,-0.874353,1.258563,0.69027,0.03451,-0.715669,-0.100776,9.85146639374328,1.8705818211452887,-0.22245627629316297,-0.04527435688125364,-1.2240479089032938,1.2402871679086087
178,2281463308,9.848277,1.889253,-0.226433,-0.05987,-0.814279,1.324029,0.690331,0.034652,-0.715634,-0.100559,9.846576241859225,1.8933813031677043,-0.21460493925466423,0.15035460107544218,-1.0481618200576197,1.2536263472885651
179,2281479975,9.834157,1.921241,-0.225041,0.267621,-1.028696,1.269602,0.690366,0.034824,-0.715626,-0.100318,9.840927221803687,1.9193311084823783,-0.20159918064377388,-0.012181288738244297,-0.9732790170528547,1.2775081992779407
180,2281496642,9.835823,1.987848,-0.175202,-0.346309,-1.121452,1.212537,0.690393,0.03494,-0.715617,-0.100147,9.837490215120205,1.9377696616763767,-0.19349262627645236,-0.5153147586811743,-1.0018192432644444,1.297497036623624
181,2281513309,9.834424,1.903815,-0.175517,-1.413642,-1.287909,1.263379,0.69041,0.034944,-0.71561,-0.10008,9.83775583231298,1.9422260027290832,-0.1971640057372578,-1.1679258489673852,-1.060454533419359,1.2836512400530302
182,2281529976,9.855881,1.919399,-0.201954,-1.642811,-1.043333,1.326796,0.690458,0.034944,-0.715574,-0.100008,9.840855194605558,1.9339116466572748,-0.2078019878617122,-1.684276347614514,-1.0986024895734503,1.2032543887388147
183,2281546643,9.841036,1.928855,-0.219901,-1.892856,-0.567257,0.990181,0.690547,0.034934,-0.715487,-0.10002,9.844760676800586,1.917862507627434,-0.21242091302090732,-1.8439877562307947,-1.1221817662494447,1.051916791685804
184,2281563310,9.826895,1.912625,-0.281502,-1.812278,-1.666554,0.941721,0.690522,0.034924,-0.71551,-0.10003,9.847529268824209,1.899348316171752,-0.20490019544618676,-1.6157106169035662,-1.1547887661464817,0.8748327911964615
185,2281579977,9.867953,1.890471,-0.149364,-0.75957,-1.195255,0.687464,0.690536,0.035049,-0.715501,-0.099958,9.847750310365276,1.8846106234759736,-0.19539259640871592,-1.1523444725453158,-1.2097972617698052,0.7480965649815468
186,2281596644,9.850689,1.86934,-0.144766,-0.673422,-1.24698,0.686862,0.690544,0.035183,-0.715498,-0.099877,9.845172651368125,1.880966122423552,-0.1994948576815054,-0.6791219042394729,-1.3014577190113037,0.7273989975935827
187,2281613311,9.823609,1.869569,-0.210801,-0.716366,-1.495321,0.735916,0.690527,0.035306,-0.715519,-0.099794,9.841300050065172,1.8922464982214353,-0.2175548642991123,-0.37796650824090705,-1.440505720211064,0.8083774028335998
188,2281629978,9.847841,1.927732,-0.292921,-0.18445,-1.138676,1.108037,0.690551,0.035448,-0.715514,-0.099617,9.838424075349886,1.9143850373012352,-0.23083331079244365,-0.34101242725856695,-1.5941446013490927,0.9366946808190785
189,2281646645,9.834427,1.965328,-0.250882,-0.582702,-2.053268,1.15131,0.69048,0.035524,-0.715596,-0.09949,9.837503019548986,1.9378761857991593,-0.22247116545696488,-0.5761228705746564,-1.6779701888403629,1.0554129268472183
190,2281663312,9.83493,1.944161,-0.17665,-0.771493,-1.784373,0.959586,0.69043,0.035558,-0.715649,-0.099447,9.837404662898972,1.954849410809129,-0.1985701192257543,-1.0204463761285962,-1.631098652341782,1.135260583677603
191,2281679979,9.836326,1.94661,-0.128425,-1.82219,-1.554921,0.990449,0.690415,0.03553,-0.715662,-0.099467,9.836654337129904,1.9618096136904593,-0.18267725567209758,-1.5634364577392086,-1.5047314829531329,1.1597975461729357
192,2281696646,9.863289,1.952082,-0.178821,-2.329911,-1.198457,1.255861,0.690443,0.035428,-0.715634,-0.099511,9.835710416575097,1.9554181812362388,-0.19000137420322397,-2.0881101792739805,-1.4391580119339693,1.1069686430569639
193,2281713313,9.797773,1.920067,-0.263631,-2.446474,-1.19966,1.191253,0.690471,0.035328,-0.715604,-0.099567,9.836738733872295,1.9296337233510399,-0.21247633908978766,-2.4890178400672243,-1.5225811886132985,0.9774193001336344
194,2281729980,9.845961,1.908519,-0.265655,-1.707125,-1.870547,0.747231,0.690424,0.035362,-0.715647,-0.099571,9.840691191821415,1.8822223253012555,-0.23071637062597558,-2.640779402912341,-1.6862476437047274,0.8403592963147797
195,2281746647,9.861725,1.846013,-0.191702,-3.003653,-2.241714,0.715177,0.690337,0.03522,-0.715712,-0.099759,9.845465804234305,1.8258821412511153,-0.23560086341341108,-2.4012197290287096,-1.7711036822916442,0.8155523039449353
196,2281763314,9.850702,1.7711,-0.215618,-2.184802,-1.608772,0.903853,0.690317,0.035163,-0.715725,-0.099825,9.848010226261087,1.7892572169992462,-0.23393365730767024,-1.7464028191845538,-1.6981426171671063,0.9772834600459211
197,2281779981,9.837542,1.785505,-0.249753,-1.001982,-1.244265,1.216584,0.690333,0.035198,-0.71572,-0.099736,9.847632598495066,1.799740652060721,-0.23587428601250499,-0.9370679878415376,-1.543823527070717,1.2721616308451396
198,2281796648,9.843074,1.834206,-0.243713,-0.281897,-1.174131,1.788802,0.690364,0.035264,-0.71572,-0.099496,9.846007367719954,1.8592185760266258,-0.2426083094372124,-0.4580430085522472,-1.4431616743436213,1.5452804406211917
199,2281813315,9.843256,1.940486,-0.258438,0.126226,-1.84017,1.679815,0.690322,0.035369,-0.715793,-0.099232,9.844377657236853,1.935773403720229,-0.2472330668250855,-0.6581599776213586,-1.4552702653265837,1.6589953547876297
200,2281829982,9.849843,2.035958,-0.248832,-1.43887,-1.77683,1.488424,0.690292,0.035353,-0.715835,-0.099135,9.842328352837297,1.9833222131314465,-0.24379472143721703,-1.3966388092304842,-1.5438930452209545,1.5930068367060453
201,2281846649,9.844899,1.968757,-0.215986,-2.591237,-1.39976,1.387395,0.690303,0.035207,-0.715824,-0.099195,9.839695348044575,1.9752038531134926,-0.23258077552180703,-2.09398726180223,-1.648686418254146,1.4389787318288452
202,2281863316,9.826559,1.91101,-0.208722,-2.879123,-1.567203,1.301349,0.690296,0.03504,-0.715825,-0.099294,9.838455818118279,1.9229756907853714,-0.2178229325823739,-2.207350127267539,-1.721409560122581,1.3115224600495112
203,2281879983,9.853951,1.844726,-0.207033,-1.504516,-1.683215,1.340216,0.690273,0.035013,-0.715856,-0.099238,9.84139959460391,1.8647280316294976,-0.20374667302928426,-1.6889282913040764,-1.7007929600769431,1.2658051241847508
204,2281896650,9.828642,1.832467,-0.231397,-0.102438,-1.680846,1.246295,0.690238,0.035121,-0.715909,-0.099061,9.848601350244717,1.8350922854637413,-0.1946890472560848,-0.9781965277137494,-1.5184409232413418,1.281571962250479
205,2281913317,9.862363,1.838681,-0.177222,-0.523408,-1.276345,1.315756,0.690253,0.035212,-0.715913,-0.098894,9.85582677194538,1.8434160853387953,-0.19653243460544828,-0.5635244331802162,-1.1813518642478198,1.3024223799427326
206,2281929984,9.875174,1.908127,-0.19247,-1.066039,-0.924298,1.311659,0.690304,0.035232,-0.715876,-0.098802,9.857415723336459,1.8753336162147107,-0.21302587936502604,-0.5798939510773498,-0.840891961727732,1.2845364993784174
207,2281946651,9.838176,1.916118,-0.232601,-0.780547,-0.576836,1.212806,0.690388,0.035298,-0.715807,-0.098687,9.851385665861292,1.910288354057769,-0.2386117325585826,-0.8091805851602377,-0.7294351792022847,1.2212129202123856
208,2281963318,9.839917,1.917439,-0.280096,-1.312858,-0.703546,1.064957,0.272307,-0.594542,-0.400068,-0.642117,9.841751762477529,1.9357568621551133,-0.25787203336636977,-0.9884842979502999,-0.975145903235545,1.137502146626142
209,2281979985,9.842015,1.929216,-0.264721,-0.843913,-1.544727,1.124404,0.272393,-0.594528,-0.400142,-0.642048,9.835744849887323,1.9474919154075496,-0.2564395977069396,-1.056222302917716,-1.4545749676368191,1.0697892262536521
210,2281996652,9.831332,1.931693,-0.229932,-0.966662,-1.951918,1.082335,0.272434,-0.594559,-0.400219,-0.641954,9.8384320122076,1.9428937676901206,-0.23429623207172862,-1.1149684405194826,-1.8438446287208685,1.0477966931537803
211,2282013319,9.858326,1.971386,-0.207823,-0.579039,-1.991516,1.110778,0.272516,-0.594575,-0.400336,-0.641832,9.848863718133297,1.9207226892251545,-0.2077625310066597,-1.2269611649462013,-1.8593423650822078,1.082493579634267
212,2282029986,9.838684,1.891358,-0.183522,-2.072554,-1.635025,0.979257,0.272475,-0.594612,-0.40031,-0.641832,9.86024009821844,1.8879408329473961,-0.19703028444558873,-1.3192646436166333,-1.493334971495099,1.1554634598123126
213,2282046653,9.878329,1.834203,-0.203219,-1.890153,-1.024546,1.272906,0.272513,-0.5946,-0.400251,-0.641863,9.864412476587574,1.8609852238498605,-0.2098512363438806,-1.3090369687307744,-1.031031910323014,1.2191808853284984
214,2282063320,9.883488,1.821381,-0.240818,-0.587555,-0.286837,1.338872,0.272728,-0.594463,-0.400293,-0.641873,9.858291589713398,1.8542639218187538,-0.23556679071451286,-1.2612418306432485,-0.8166004484928536,1.225034425483216
215,2282079987,9.818792,1.894845,-0.259095,-1.119569,-0.813895,1.262405,0.272842,-0.594401,-0.400297,-0.641878,9.846875217545591,1.8668542765757725,-0.25462388269064895,-1.3393884237853853,-0.9685169391643158,1.1650615083824334
216,2282096654,9.834879,1.893931,-0.29922,-1.57376,-1.948691,0.868059,0.272816,-0.59444,-0.400339,-0.641827,9.83916791706052,1.883469372173722,-0.25489270017006105,-1.5916467875830014,-1.3064213590028075,1.080560578825889
217,2282113321,9.844382,1.910107,-0.193671,-1.850761,-1.697456,0.943757,0.272785,-0.594472,-0.400337,-0.641812,9.840374122488583,1.8893884442032234,-0.23970909606264015,-1.8528969949785397,-1.547057238278592,1.01964366788088
218,2282129988,9.856538,1.854915,-0.184802,-2.657971,-1.221124,1.134816,0.272718,-0.59451,-0.400213,-0.641882,9.848138642416767,1.8828299774716544,-0.22121753890642226,-1.9082917289637142,-1.5538094527666404,0.9917362610864413
219,2282146655,9.857393,1.853306,-0.271839,-1.521588,-1.186656,1.075215,0.272761,-0.594487,-0.400213,-0.641885,9.855826515563436,1.8728037054049511,-0.20837732580409482,-1.7337832728626514,-1.3984119168155473,0.9736141690985791
220,2282163322,9.852823,1.894061,-0.178081,-1.048174,-1.443903,0.822225,0.272811,-0.594452,-0.400294,-0.641847,9.858291931434128,1.8679710666262648,-0.2029310302327273,-1.5262607356292521,-1.2302273253950573,0.9531185117539924
221,2282179989,9.845427,1.866518,-0.2223,-1.454801,-1.121952,0.957051,0.272845,-0.594418,-0.400301,-0.641859,9.854730373288897,1.86977616227033,-0.20400919494139852,-1.4837510539884493,-1.1344073209758432,0.9509385842617255
222,2282196656,9.872574,1.876216,-0.19183,-1.563399,-1.101257,1.049,0.272881,-0.594391,-0.400291,-0.641875,9.847871178471577,1.874522028596631,-0.21142488391740602,-1.5911514395608668,-1.1031331741099855,0.9958541397930936
223,2282213323,9.817521,1.877348,-0.211483,-1.936961,-1.220061,1.001066,0.272879,-0.594383,-0.40026,-0.641902,9.841688018470682,1.8785227181072328,-0.22296320631656869,-1.6568410651016845,-1.0894956558011517,1.0853596342520335
224,2282229990,9.847256,1.873273,-0.245551,-2.089471,-0.774797,1.165589,0.272906,-0.594349,-0.400183,-0.641971,9.839227474169402,1.880186099733704,-0.23169172816090913,-1.549101216074682,-1.0597306951448118,1.1742242569289965
225,2282246657,9.844166,1.884543,-0.241287,-0.835819,-1.181014,1.279194,0.273038,-0.594303,-0.400238,-0.641922,9.841308172293218,1.879013436215493,-0.22971285031563415,-1.351043807661613,-1.0100944363145778,1.2043211285278401
226,2282263324,9.849922,1.871118,-0.211638,-0.778408,-1.051709,1.208337,0.273201,-0.594224,-0.400324,-0.641873,9.846518523663933,1.8747608715699937,-0.21566630736942932,-1.2554645864963008,-0.9630183327621566,1.1525883622556239
227,2282279991,9.837972,1.876268,-0.190891,-1.512635,-0.89291,1.024655,0.273263,-0.594167,-0.400323,-0.6419,9.852097965120642,1.8682449934553158,-0.19757586942737962,-1.334651073178819,-0.9530156495831359,1.0533839468721853
228,2282296658,9.869353,1.855405,-0.185255,-1.918302,-0.86731,0.851642,0.273278,-0.594112,-0.4003,-0.64196,9.85500393891814,1.8623444428395106,-0.187324312085498,-1.4645371335255484,-0.9988630517580782,0.9698541553587254
229,2282313325,9.843446,1.864967,-0.194436,-1.428446,-0.984104,0.938007,0.273339,-0.594051,-0.400323,-0.641975,9.853224494199027,1.8610871369388844,-0.19168065747237634,-1.480543748738553,-1.0804500445214535,0.9407580112657651
230,2282329992,9.853437,1.874664,-0.200375,-1.307338,-1.553708,1.033502,0.273384,-0.594045,-0.400369,-0.641932,9.84731077814721,1.8665341128042803,-0.20758557422102666,-1.3621728391219698,-1.1562401805779525,0.958407871958312
231,2282346659,9.844109,1.846542,-0.233558,-1.107083,-1.057881,1.119589,0.273481,-0.593992,-0.400405,-0.641917,9.840916149720018,1.8757855768065017,-0.22498234597711808,-1.2348547578561169,-1.2123099113512055,0.9973375168174924
232,2282363326,9.835006,1.889191,-0.242017,-0.930343,-1.255599,0.914482,0.273554,-0.593945,-0.400475,-0.641887,9.838944836709752,1.8818806865830027,-0.23434666983692887,-1.2125427164250355,-1.277968626494247,1.0522774377630788
233,2282379993,9.839538,1.914903,-0.218688,-1.617391,-1.167798,1.104721,0.273596,-0.593923,-0.400466,-0.641895,9.843769080332992,1.8800636753914883,-0.23301332779574332,-1.2755565278875372,-1.3754799945528078,1.1365859701954066
234,2282396660,9.84606,1.855978,-0.23476,-1.390808,-1.613959,1.292654,0.273648,-0.593946,-0.400478,-0.641844,9.85246345732429,1.8744676283156854,-0.2259206579226254,-1.3121635864298156,-1.464800554697962,1.2465747705233878
235,2282413327,9.874844,1.876537,-0.227053,-1.18583,-1.458502,1.31988,0.273738,-0.593942,-0.400508,-0.64179,9.858249006049157,1.8766403701361292,-0.22078664399432146,-1.262938334070013,-1.4659305082814669,1.3397769451903412
236,2282429994,9.84663,1.883165,-0.199647,-1.070163,-1.519115,1.352677,0.273833,-0.593945,-0.400546,-0.641724,9.85585867620117,1.8940943837108262,-0.22154224371094933,-1.2103992418701641,-1.3509514723074163,1.3567536135637221
237,2282446661,9.859363,1.906081,-0.223477,-1.699441,-1.192553,1.351755,0.27388,-0.593949,-0.400501,-0.641728,9.846303241143412,1.918910223894875,-0.22515102932367517,-1.3249958181863517,-1.2045803259419732,1.2684783566104876
238,2282463328,9.821682,1.942732,-0.253188,-1.417612,-1.040631,1.075048,0.273938,-0.59391,-0.400503,-0.641738,9.836477288434763,1.9293187711706303,-0.2250344602936037,-1.703630500927854,-1.1695257554008807,1.107162045986523
239,2282479995,9.829718,1.925634,-0.208514,-2.010802,-1.131172,0.921961,0.273926,-0.593893,-0.400467,-0.641781,9.833769855823453,1.9062922219523466,-0.2186988263200242,-2.215064787780886,-1.3108837106651352,0.9523493681960069
240,2282496662,9.856752,1.849865,-0.212717,-2.476064,-1.497331,0.834467,0.27384,-0.593927,-0.400405,-0.641825,9.840378418233456,1.852442360224692,-0.2118849005704514,-2.489189822945141,-1.533701978737253,0.8808189899893277
241,2282513329,9.836318,1.795968,-0.213359,-2.229816,-2.08212,0.97019,0.273766,-0.594006,-0.40039,-0.641793,9.851779467267407,1.7961523604992913,-0.21385901630588372,-2.130692430353573,-1.6537721996348038,0.9186000789995042
242,2282529996,9.87129,1.763071,-0.202103,-1.546789,-1.558507,1.074331,0.273795,-0.594012,-0.400411,-0.641762,9.859893992635788,1.7748909498166983,-0.2276776045227832,-1.064216960185998,-1.5666281948952474,1.0290556428199293
243,2282546663,9.842437,1.79145,-0.265447,0.040731,-1.103664,1.015319,0.273942,-0.593935,-0.400531,-0.641696,9.858466554821728,1.8089022314880647,-0.24538018159286681,0.2658745931308522,-1.346791882040342,1.1393856969039007
244,2282563330,9.874275,1.892121,-0.255959,1.873076,-1.143607,1.275493,0.2743,-0.593784,-0.400829,-0.641497,9.84758317583201,1.8849948083840766,-0.25386146187245445,1.0863547314386761,-1.1788498377007146,1.1841027479819184
245,2282579997,9.826087,1.986647,-0.271859,1.037026,-1.114767,1.19069,0.274564,-0.593668,-0.401042,-0.641357,9.834382306035884,1.9628578923895663,-0.24633344921532424,0.8085174919108624,-1.197809072875994,1.1419638531301592
246,2282596664,9.810507,1.97688,-0.191343,-0.918433,-1.837609,0.979359,0.274615,-0.593674,-0.401135,-0.641272,9.828354295047834,1.9996409874708214,-0.22813570799100658,-0.5272642008786486,-1.3904384900952527,1.0479990092284117
247,2282613331,9.847641,1.989797,-0.204809,-2.273998,-1.115087,0.934345,0.274589,-0.593664,-0.401079,-0.641328,9.833866681428765,1.9762693986609758,-0.21165157307325472,-2.241953748095402,-1.6206889781929021,0.9720219719690445
248,2282629998,9.828574,1.932518,-0.23471,-3.602055,-1.857689,1.050614,0.274412,-0.593784,-0.400916,-0.641394,9.846387947746129,1.9091281970632674,-0.20649572801241153,-3.443951163323575,-1.7315761272947838,0.9755534155382009
249,2282646665,9.879714,1.816329,-0.214198,-3.197464,-1.968797,1.077469,0.27427,-0.593897,-0.400795,-0.641425,9.856510463330459,1.8399881918765013,-0.21403875932160202,-3.569458373389688,-1.6509795116312935,1.0735824570015564
250,2282663332,9.865969,1.798149,-0.201019,-3.176577,-1.233687,1.131703,0.274151,-0.593961,-0.400618,-0.641527,9.858251118938,1.8093804437215217,-0.2282782758926297,-2.6979721912923225,-1.4443795607399625,1.221037949017238
251,2282679999,9.833547,1.817268,-0.248865,-1.836989,-1.360231,1.293295,0.274178,-0.59398,-0.400577,-0.641524,9.853465353757937,1.8300176986510743,-0.23997317479374597,-1.4803739344638283,-1.2719129112938878,1.3320988624759862
252,2282696666,9.843,1.882736,-0.256914,0.062168,-0.977585,1.481227,0.274414,-0.593894,-0.400688,-0.641434,9.84835579020598,1.8795372856785286,-0.24218531503842466,-0.7127261410146837,-1.2645756121944982,1.3313291843954045
253,2282713333,9.855474,1.95631,-0.249593,-0.282354,-1.36006,1.26033,0.274561,-0.593854,-0.400785,-0.641347,9.846719279352403,1.9188920555598799,-0.23519285108701266,-0.7949075050590563,-1.4203897299997514,1.21189990361234
254,2282730000,9.845667,1.922179,-0.188232,-1.844447,-2.149687,0.950647,0.274493,-0.593936,-0.40079,-0.641297,9.847490124632687,1.9217847921412374,-0.22610866799577084,-1.4650377799022554,-1.6206000151893076,1.0515495618078454
255,2282746667,9.866288,1.880118,-0.238381,-2.613482,-1.576884,0.897885,0.274391,-0.59399,-0.400709,-0.641342,9.848059837072036,1.8911062773391667,-0.22175784158624867,-2.058552906285424,-1.7436328916169472,0.9595769622802443
256,2282763334,9.822461,1.825061,-0.209846,-2.515987,-1.585695,1.022337,0.274318,-0.594042,-0.400635,-0.641371,9.84810049824532,1.8509569837593354,-0.22154491879853794,-2.085254382622286,-1.7503897354412479,0.99416036655986
257,2282780001,9.863358,1.815444,-0.22526,-1.116099,-1.483334,1.075471,0.274363,-0.59404,-0.400669,-0.641332,9.849326803085976,1.8253656548673667,-0.2185400424786776,-1.5956871706831166,-1.6671520195098575,1.1236969159833918
258,2282796668,9.843715,1.877916,-0.229998,-0.107471,-1.821883,1.431257,0.274521,-0.594043,-0.400793,-0.641185,9.852403299181313,1.8238744723698557,-0.2082494319753107,-1.0288009941697445,-1.5280748197345386,1.2634178271103258
259,2282813335,9.858851,1.828102,-0.188059,-1.312433,-1.492401,1.335401,0.274616,-0.594038,-0.400827,-0.641127,9.855257568551059,1.8418645466874337,-0.1955477349062768,-0.7730866880436734,-1.365994216805293,1.3457859566774908
260,2282830002,9.857537,1.836164,-0.175878,-1.268828,-0.924016,1.207363,0.274707,-0.593989,-0.400827,-0.641133,9.854759436148102,1.8674666366080168,-0.19137600458796497,-0.9079096258582194,-1.239128441286001,1.3584216960541657
261,2282846669,9.850989,1.889832,-0.194833,-1.603022,-1.471808,1.328998,0.274754,-0.594008,-0.400813,-0.641104,9.8498785419512,1.886678736568643,-0.2015452521567077,-1.2870843658470699,-1.221198153020685,1.3279537915399873
262,2282863336,9.842668,1.905913,-0.221212,-1.078552,-1.093971,1.442959,0.274859,-0.59399,-0.400806,-0.641081,9.843088531961895,1.8883163798111282,-0.21938151549683438,-1.7281705646738732,-1.3425936460051253,1.2849541039315397
263,2282880003,9.831513,1.891071,-0.23858,-1.656232,-1.639456,1.148839,0.274856,-0.594028,-0.400791,-0.641055,9.838602954634895,1.8711989566000544,-0.23112330362887246,-2.0731419077490463,-1.5460894364951379,1.2478367339263803
264,2282896670,9.847933,1.842963,-0.260348,-3.017778,-1.702707,1.213831,0.274766,-0.594113,-0.400672,-0.64109,9.839010821225067,1.8469663039092015,-0.22955761559217747,-2.173446557572704,-1.713460951676589,1.224907547263566
265,2282913337,9.830417,1.780952,-0.216634,-1.75479,-1.947795,1.24714,0.274759,-0.594181,-0.400665,-0.641034,9.843297625670488,1.831476819819002,-0.2213337693126466,-1.9522749243983086,-1.750287681110253,1.2169041751048666
266,2282930004,9.862348,1.844297,-0.158205,-1.628545,-1.414244,1.153602,0.274787,-0.594188,-0.400657,-0.641021,9.847937964445897,1.8311397644164202,-0.21909013795241966,-1.5061737776355737,-1.6591292581350756,1.2183792485663285
267,2282946671,9.84208,1.868813,-0.232688,-0.982529,-1.772911,1.377457,0.274862,-0.594221,-0.400696,-0.640934,9.850071006986198,1.8391346285854044,-0.22701433071877042,-1.07664510485609,-1.5366990587660048,1.223573430605232
268,2282963338,9.85779,1.860659,-0.303668,-0.33559,-1.322268,1.138055,0.275005,-0.594168,-0.400806,-0.640853,9.849961033411429,1.8454931374248507,-0.23708648321356535,-0.864842238292524,-1.4939405085446003,1.229843621079392
269,2282980005,9.846997,1.827051,-0.237726,-1.122451,-1.370203,1.156727,0.275085,-0.594147,-0.400849,-0.640811,9.850434560661203,1.8478313949304765,-0.23957745196123817,-0.8740321420052968,-1.5649656174140392,1.2300201042942713
270,2282996672,9.845719,1.814648,-0.173701,-1.223352,-1.864912,1.20995,0.275138,-0.594175,-0.400903,-0.640728,9.853656503728537,1.8500271784577063,-0.23293458222932095,-0.9561983373716199,-1.6851161806329698,1.205805624803841
271,2283013339,9.855548,1.878331,-0.211772,-1.542794,-2.120975,1.256309,0.275131,-0.594257,-0.400913,-0.640649,9.858410648447913,1.8533817728961905,-0.2219220507466183,-1.0053942115876564,-1.757831510753932,1.1436718387750393
272,2283030006,9.88068,1.870532,-0.279244,-0.344875,-1.401104,1.121843,0.275273,-0.594207,-0.401032,-0.64056,9.860950505433927,1.8540106233009486,-0.21129472661790233,-1.059579175530069,-1.7388740315214348,1.0648205866302949
273,2283046673,9.847033,1.851101,-0.20598,-0.700882,-1.388471,0.917124,0.275354,-0.594165,-0.401125,-0.640505,9.85875700894058,1.8494851020138583,-0.20487050394463613,-1.1923750918959648,-1.6525829203692766,1.027222909486615
274,2283063340,9.856218,1.830924,-0.150572,-1.615367,-1.844511,0.995073,0.275344,-0.594202,-0.40115,-0.64046,9.853119625935234,1.844099424282704,-0.20611622236983854,-1.3670646049006987,-1.5483899493555071,1.0790017067240047
275,2283080007,9.842417,1.839508,-0.197636,-2.534108,-1.73033,1.24454,0.275282,-0.594281,-0.401062,-0.640468,9.84780901902575,1.8445364563326694,-0.21431407371369815,-1.480230052372991,-1.4702377708649708,1.203707176827226
276,2283096674,9.844863,1.842062,-0.278266,-1.166748,-1.149536,1.409038,0.275391,-0.594258,-0.401067,-0.64044,9.845617481239266,1.8510923231362093,-0.22284655705899037,-1.5322815301085462,-1.4532054980890778,1.318269338483333
277,2283113341,9.852268,1.866844,-0.253625,-0.896521,-1.312164,1.302374,0.275489,-0.594244,-0.401098,-0.640392,9.84651044025062,1.8557104017263513,-0.22633661153267032,-1.6490560772710734,-1.5030511654416097,1.3318199378408933
278,2283130008,9.848767,1.863984,-0.183812,-1.863439,-1.725054,1.202139,0.275485,-0.594291,-0.401079,-0.640362,9.848724347324243,1.8502162453037163,-0.22768069878364822,-1.8903639055337171,-1.5669609438576062,1.2123867418245393
279,2283146675,9.847097,1.837953,-0.195658,-2.369879,-1.847956,1.030738,0.275409,-0.594362,-0.401028,-0.64036,9.850914819310615,1.8361759881608162,-0.23312026444390604,-2.117535796872751,-1.556400562509484,1.0065508842460815
280,2283163342,9.858806,1.821789,-0.26079,-2.739637,-1.148909,0.794064,0.275329,-0.594364,-0.400943,-0.640446,9.852926552148404,1.8249227747958938,-0.2418433122282866,-2.1360030054078916,-1.4205782471038428,0.8030258028856951
281,2283180009,9.850305,1.799485,-0.298367,-2.251779,-1.184446,0.602046,0.275266,-0.594342,-0.400916,-0.64051,9.854743577391165,1.826148673045557,-0.24650035837773163,-1.9407202723802888,-1.193158635637323,0.6724116819577153
282,2283196676,9.844207,1.82642,-0.2456,-0.3945,-0.944648,0.6341,0.275379,-0.594226,-0.401049,-0.640486,9.855258828234467,1.8366594123165034,-0.24458307045758299,-1.7268935133573158,-0.9703719003611107,0.6272974263963093
283,2283213343,9.873051,1.872622,-0.189454,-1.583972,-1.081792,0.669678,0.275373,-0.594179,-0.401064,-0.640523,9.852770619415475,1.8428112146015148,-0.2430773424054656,-1.6373073377177287,-0.8565634539367987,0.6306241060350684
284,2283230010,9.840653,1.877622,-0.236537,-2.417749,-0.748608,0.719224,0.275311,-0.594143,-0.400975,-0.640638,9.847162847975948,1.835902328448327,-0.24826033797896047,-1.5850070312493099,-0.9173165189553754,0.6423804160857802
285,2283246677,9.834705,1.780639,-0.289262,-1.635012,-1.149255,0.611894,0.275283,-0.594107,-0.400984,-0.640678,9.841354956907796,1.82351117926193,-0.25491998049694564,-1.397098436468779,-1.1424653897340151,0.6598805514661616
286,2283263344,9.849344,1.803284,-0.268002,-0.749274,-1.343322,0.676079,0.275337,-0.594051,-0.401088,-0.640643,9.839874759043942,1.8223145359643225,-0.25079926424687715,-1.0925323961951898,-1.4269330534980644,0.7116550239094102
287,2283280011,9.839063,1.835786,-0.223261,-0.805225,-1.628417,0.804079,0.275363,-0.594041,-0.401171,-0.640588,9.845350161061496,1.8391992777208077,-0.23113576331448554,-0.9322416036935149,-1.6056724627741856,0.8114614558284927
288,2283296678,9.84989,1.889914,-0.189944,-0.962512,-1.650828,0.882402,0.275415,-0.594024,-0.401263,-0.640524,9.855905457178437,1.8617260234057524,-0.20539137076132127,-1.171077584094511,-1.5550208109948387,0.9209430941188546
289,2283313345,9.87069,1.87339,-0.16693,-2.143348,-1.448667,0.990206,0.275389,-0.594041,-0.40123,-0.64054,9.865902794407432,1.8682709500688515,-0.1894127460902624,-1.7788115509065656,-1.2985867426254911,0.9637944260136768
290,2283330012,9.879932,1.829245,-0.236702,-1.879076,-0.979443,0.992447,0.275406,-0.594008,-0.401196,-0.640585,9.869842718136322,1.8469960679215933,-0.19307008646578236,-2.401095921481985,-1.0150623849074765,0.8863684458158
291,2283346679,9.868664,1.827141,-0.220111,-3.205634,-0.679671,0.702537,0.275282,-0.593994,-0.401036,-0.640751,9.866182776625443,1.8061238536152353,-0.21448843578950844,-2.585942872420346,-0.907454304345884,0.7130000968232221
292,2283363346,9.829024,1.744416,-0.182245,-2.400524,-0.846871,0.441031,0.275206,-0.59394,-0.400993,-0.640861,9.85751475143825,1.7688714114050645,-0.24174533458629488,-2.0850147883618453,-1.0281448677786669,0.5424640939973698
293,2283380013,9.870735,1.759983,-0.28489,-0.046602,-1.329069,0.507727,0.275272,-0.593865,-0.401144,-0.640808,9.847505034444023,1.7593082661058095,-0.2587552381588867,-1.0075964627762712,-1.2297763819913672,0.48153307244541316
294,2283396680,9.834428,1.815406,-0.288247,0.279189,-1.745469,0.588929,0.275372,-0.593807,-0.401358,-0.640685,9.838558097839233,1.7892388342571819,-0.25463425980939247,0.24075771840447266,-1.3142480714876856,0.5675968725181988
295,2283413347,9.833686,1.826892,-0.230603,-0.03847,-1.285245,0.628401,0.27548,-0.593717,-0.401524,-0.640617,9.832208802748307,1.852210285684473,-0.2326609514506143,1.1278920179202643,-1.2443560220679684,0.7414711634806561
296,2283430014,9.831292,1.917299,-0.181228,1.595281,-0.921071,0.999516,0.275795,-0.593543,-0.401805,-0.640466,9.830023360327155,1.9257667981170647,-0.20922619194401276,1.1795674581296602,-1.1905845092717489,0.891088139540836
297,2283446681,9.822138,1.99719,-0.18601,0.74622,-1.026506,1.01984,0.276027,-0.593418,-0.402005,-0.640357,9.832729803506348,1.9810241908107609,-0.20017707024652737,0.201729457168364,-1.3473186367807382,0.9338904413475332
298,2283463348,9.843624,2.014357,-0.21746,-1.233034,-1.654837,0.843702,0.276042,-0.593416,-0.402066,-0.640314,9.838784253759044,1.9965077461524519,-0.20722807321871042,-1.5082913973565086,-1.71117857191925,0.8749196507682491
299,2283480015,9.847146,1.956345,-0.242489,-3.369543,-2.677629,0.673172,0.275807,-0.593579,-0.401995,-0.640309,9.844967933159385,1.9688269630203088,-0.21884831329710275,-3.197784237011272,-2.066005298557065,0.7936343376511841
300,2283496682,9.861765,1.895043,-0.223472,-5.056191,-2.11771,0.777134,0.275448,-0.593776,-0.401715,-0.640456,9.848965794165698,1.9126456681911992,-0.22395204033895486,-4.078267983069229,-2.1892679335754717,0.7735104750517502
301,2283513349,9.824301,1.862252,-0.209366,-3.666432,-1.926203,0.903161,0.275262,-0.593889,-0.401574,-0.64052,9.851023943834466,1.850791253582631,-0.22308009047668398,-3.857971198628381,-2.052878785076715,0.8389874531146216
302,2283530016,9.877231,1.804155,-0.225316,-2.658611,-1.577627,0.993587,0.275177,-0.593943,-0.401491,-0.640559,9.852769192196787,1.803272235685403,-0.2261545513106373,-2.9079485630607222,-1.8197274564664823,0.9482120789562392
303,2283546683,9.833861,1.78218,-0.24727,-1.147154,-1.801277,0.951301,0.275194,-0.593962,-0.401551,-0.640496,9.854753820285778,1.7818492244293798,-0.2406317323963783,-1.9017966840944758,-1.6742406655729742,1.0315504183342359
304,2283563350,9.870495,1.804561,-0.240304,-1.451382,-1.755994,1.025936,0.275219,-0.593977,-0.401598,-0.640442,9.85559930715726,1.78907735331785,-0.26221387065405005,-1.287613896703091,-1.6740872137631428,1.0367154529307556
305,2283580017,9.846013,1.78836,-0.287834,-1.775144,-1.777513,0.976383,0.2752,-0.594011,-0.40161,-0.640411,9.853535798572178,1.8180084077183123,-0.27679154463567957,-1.0784118946637498,-1.7382131588506287,0.9584454696610427
306,2283596684,9.858405,1.855312,-0.282284,-1.27185,-1.400041,0.977169,0.275205,-0.594016,-0.401615,-0.640401,9.848581096482766,1.8530111751589833,-0.27260377294351434,-1.057246419041324,-1.7403876383791057,0.8473841286715215
307,2283613351,9.834831,1.877322,-0.287086,-0.502022,-2.057571,0.758296,0.275251,-0.594018,-0.401767,-0.640284,9.843078958488547,1.875835316334367,-0.2523184638904783,-1.0695437775205954,-1.618557957950217,0.7870971172901753
308,2283630018,9.834823,1.916775,-0.18937,-0.73269,-1.532818,0.581248,0.275294,-0.593968,-0.401896,-0.640231,9.840035548266595,1.8768113248011347,-0.23262098230523479,-1.0971883655912122,-1.426037288242437,0.836698558387793
309,2283646685,9.851537,1.844923,-0.203362,-1.627341,-0.933429,1.088661,0.275332,-0.593934,-0.401863,-0.640267,9.840910865113447,1.862341421916419,-0.2294535674236019,-1.158395321299552,-1.2822725417418983,0.9780503984749997
310,2283663352,9.844166,1.816675,-0.265931,-1.436706,-0.922864,1.259152,0.275409,-0.593897,-0.40184,-0.640282,9.844736751989943,1.8494404599677938,-0.24291283883185374,-1.2537580749042037,-1.253743324611931,1.124340173939459
311,2283680019,9.845819,1.859098,-0.280496,-1.280648,-1.638931,1.204034,0.275436,-0.593929,-0.401848,-0.640237,9.848687530749475,1.850721235613692,-0.2579172379197055,-1.4110461471552014,-1.2877701957669252,1.1909302613816946
312,2283696686,9.829312,1.876512,-0.257732,-1.650649,-1.672573,1.084474,0.275425,-0.593966,-0.401841,-0.640211,9.84947608746711,1.864448786760335,-0.25970595927562196,-1.6930365409298274,-1.2889125305893183,1.1586540660277052
313,2283713353,9.883326,1.88687,-0.234893,-1.992028,-1.183358,0.9471,0.275411,-0.593958,-0.401803,-0.640249,9.845641357958728,1.8787740108204116,-0.2472626742270887,-2.0954845258965276,-1.2483415264458007,1.070680795661914
314,2283730020,9.826558,1.886213,-0.234391,-2.161955,-0.749748,1.163284,0.275429,-0.593927,-0.401716,-0.640324,9.839756695289005,1.8836807974469396,-0.2319494535049299,-2.446712831468663,-1.248349870679256,0.9809621320217655
315,2283746687,9.830926,1.861711,-0.198674,-2.842412,-1.202486,0.860914,0.275353,-0.593936,-0.401627,-0.640404,9.837473394773491,1.8779004226220979,-0.22547048673027262,-2.4646610666467814,-1.3262646243714147,0.9128141613163193
316,2283763354,9.83466,1.86018,-0.272514,-2.173212,-1.812777,0.739509,0.275258,-0.593987,-0.401608,-0.64041,9.842440911815299,1.8665055105754986,-0.23020320828979401,-1.9753028245074238,-1.3846303319317088,0.8565291164391826
317,2283780021,9.86132,1.868149,-0.225013,-1.102358,-1.419994,0.937137,0.275301,-0.593967,-0.401659,-0.640378,9.851815438531991,1.8553643461050706,-0.23906651251405867,-1.1095769888621312,-1.284479312338818,0.7943524001827247
318,2283796688,9.847906,1.859011,-0.225153,-0.010027,-0.842607,0.748333,0.275463,-0.593833,-0.401814,-0.640335,9.858052312268407,1.8490214192266383,-0.2419897894375977,-0.2786395466941512,-1.0195355266270087,0.728612593314264
319,2283813355,9.884549,1.838246,-0.235277,0.243583,-0.799475,0.618387,0.275628,-0.593684,-0.401992,-0.640291,9.856148968219797,1.85129506219653,-0.23314225509718134,0.07896630064535,-0.7631029331863315,0.6896289150688557
320,2283830022,9.837626,1.866171,-0.250712,-0.374022,-0.675855,0.723014,0.275776,-0.593541,-0.402117,-0.640281,9.848894312425507,1.8640767430282064,-0.21582430904969532,-0.22611671402443811,-0.7252900928645295,0.7115515272769014
321,2283846689,9.835164,1.883529,-0.189421,-1.21189,-0.636924,0.732901,0.275844,-0.593436,-0.402151,-0.640327,9.843993815529885,1.8838440944356059,-0.20224011586003243,-1.0439181971610485,-0.9598847666478144,0.7946981825988959
322,2283863356,9.816009,1.883906,-0.188463,-1.899937,-1.437769,0.914585,0.275819,-0.593446,-0.402136,-0.640339,9.845743165255262,1.9005825741761213,-0.20517719738375761,-2.009244528953391,-1.3083586541229841,0.8942383050125484
323,2283880023,9.900125,1.92553,-0.203958,-2.691536,-2.051065,1.030034,0.275713,-0.593543,-0.402071,-0.640335,9.850718557009392,1.9030048170518747,-0.22558424314060152,-2.750387602003099,-1.53848793116815,0.9538149291190052
324,2283896690,9.839485,1.888848,-0.267022,-3.159262,-1.383009,1.004319,0.27556,-0.593624,-0.401899,-0.640435,9.852519229993288,1.887639834519308,-0.2484315456152969,-3.0495680091150765,-1.545085998032322,0.9552643857176353
325,2283913357,9.8523,1.873471,-0.285697,-2.966386,-1.257315,0.842485,0.275451,-0.593653,-0.401787,-0.640525,9.84937978085311,1.8636707838714983,-0.254373222427235,-2.90185214085459,-1.412568958023235,0.9333344396241046
326,2283930024,9.834109,1.826546,-0.224062,-2.346853,-0.826251,0.907877,0.275394,-0.593641,-0.40168,-0.640627,9.845256168510458,1.8470343872053565,-0.237884255012107,-2.474529959019308,-1.28924619562354,0.936654485858999
327,2283946691,9.827832,1.82931,-0.210199,-1.963751,-1.717408,0.915071,0.275357,-0.593674,-0.401676,-0.640615,9.844012141332133,1.8471478626099338,-0.213614590033296,-1.9982598337312045,-1.2341084148407895,0.9739772692128587
328,2283963358,9.876747,1.872358,-0.198935,-1.59895,-1.388131,1.116669,0.275382,-0.593677,-0.401671,-0.640604,9.844897279381014,1.8585776981078694,-0.2036856663518705,-1.6524391770442588,-1.206017809654566,1.0036902808737795
329,2283980025,9.829439,1.884468,-0.187538,-1.780185,-1.029848,1.017868,0.275381,-0.593662,-0.401622,-0.640649,9.844710518311718,1.8666546697392432,-0.21771396831038226,-1.5076834507563968,-1.168212317571686,0.9789717664041759
330,2283996692,9.858751,1.871239,-0.267088,-1.354399,-0.921737,0.884733,0.275437,-0.593596,-0.401644,-0.640672,9.842945820378544,1.8618518564627438,-0.2444367502467055,-1.5356588578487727,-1.1503739348539896,0.9000056144982949
331,2284013359,9.822668,1.82439,-0.290757,-1.50586,-1.308502,0.767529,0.275452,-0.593562,-0.401683,-0.640673,9.842910829123332,1.8482644946613271,-0.2625737731717476,-1.6483925256274248,-1.2015491632353053,0.8176751901285838
332,2284030026,9.85731,1.837212,-0.242131,-2.103955,-1.344014,0.695891,0.275392,-0.593561,-0.401661,-0.640714,9.847449556021456,1.8381976848001274,-0.2601656815683276,-1.7388619700286445,-1.31753791440354,0.7872826383091371
333,2284046693,9.832621,1.832926,-0.255298,-1.309475,-1.516272,0.934345,0.275411,-0.593558,-0.401696,-0.640686,9.85469493071076,1.8397756424917378,-0.24387044528891855,-1.7257714381983495,-1.4346444406532124,0.822695205821971
334,2284063360,9.892266,1.869098,-0.204663,-1.789982,-1.355117,0.933717,0.275383,-0.593569,-0.401668,-0.640706,9.859292326118416,1.8503709119009466,-0.23032418651587694,-1.60256203492087,-1.4829854023297648,0.8931606802979067
335,2284080027,9.853289,1.860056,-0.217104,-1.764805,-1.491223,0.911293,0.275362,-0.593581,-0.401663,-0.640707,9.858020110717867,1.8606016620846313,-0.22954001651403075,-1.461460634646791,-1.437586676484651,0.9539058790538493
336,2284096694,9.846693,1.848507,-0.26217,-1.224658,-1.404703,0.899191,0.275387,-0.593566,-0.401702,-0.640686,9.853197778125065,1.8629675323463628,-0.23711976026177706,-1.4481181501995337,-1.3303196631063459,0.974016697237144
337,2284113361,9.834445,1.875578,-0.256112,-1.398102,-1.178985,0.979789,0.27544,-0.593526,-0.401728,-0.640683,9.849718175270887,1.8570467969357038,-0.24167999102773569,-1.640597050177944,-1.2241829667376105,0.9463696190745807
338,2284130028,9.860758,1.838557,-0.230787,-1.920581,-0.955507,1.010594,0.275438,-0.593506,-0.40167,-0.640739,9.849490695383007,1.8483762196891784,-0.2378467853853476,-1.9388147808338467,-1.1699417556916991,0.8893607734218775
339,2284146695,9.850118,1.840933,-0.213066,-2.211337,-1.537095,0.782641,0.275369,-0.593529,-0.401642,-0.640765,9.850218598379346,1.8432605639961575,-0.23059621269004943,-2.0939988000659104,-1.1743401370513158,0.8414103114970151
340,2284163362,9.869937,1.838686,-0.235613,-2.357649,-0.997999,0.738766,0.275317,-0.593504,-0.401583,-0.640848,9.849459724980532,1.8437940562279747,-0.22770714167364248,-1.895830046871189,-1.2025814675345525,0.8370085545894839
341,2284180029,9.824313,1.853495,-0.226063,-1.015351,-1.00298,0.869045,0.275391,-0.593434,-0.401637,-0.640846,9.848056677550105,1.8469527993290564,-0.2299832716457135,-1.3584591380785023,-1.2114232907607034,0.8746022074398371
342,2284196696,9.843299,1.8567,-0.21486,-0.660283,-1.714719,1.026294,0.275483,-0.593417,-0.401752,-0.640751,9.848491586267443,1.8484942087933898,-0.22993219302431123,-0.7242858208839644,-1.1880913829087867,0.9112005109361753
343,2284213363,9.861627,1.836723,-0.264242,-0.099352,-0.904205,0.901932,0.275626,-0.593316,-0.401866,-0.640712,9.851010568128721,1.8479719607989582,-0.22003604919632225,-0.2831258043394602,-1.1631641236691475,0.896832999627289
344,2284230030,9.852601,1.865614,-0.187196,-0.469788,-1.130314,0.741853,0.275721,-0.593233,-0.401982,-0.640675,9.85312763507012,1.8498519689047637,-0.20201775110810877,-0.17772291313447824,-1.173723990346389,0.8162718463795404
345,2284246697,9.868922,1.838426,-0.168214,-0.406141,-0.900402,0.717008,0.275844,-0.593117,-0.402105,-0.640652,9.852871281324298,1.8593742874236376,-0.1871685731812866,-0.34690193027915056,-1.2017211658223317,0.6989853099716847
346,2284263364,9.826594,1.877799,-0.190881,-0.229887,-1.573452,0.616427,0.275932,-0.593052,-0.40228,-0.640564,9.850884985105555,1.8769168791321689,-0.18660100173084776,-0.6111914070483877,-1.167172516183782,0.5954810436777198
347,2284280031,9.849367,1.912043,-0.203262,-0.847447,-1.038198,0.515103,0.275961,-0.592974,-0.402359,-0.640575,9.848684748119275,1.8962353695162155,-0.2009344627054808,-0.8162596518057978,-1.014580284745838,0.546289564453276
348,2284296698,9.854161,1.896699,-0.209056,-1.851333,-0.866376,0.585561,0.275941,-0.592911,-0.40235,-0.640647,9.846239309202938,1.9084552816717615,-0.21964925732712118,-0.9479252445037232,-0.8085078902849923,0.5639617186169795
349,2284313365,9.849529,1.913085,-0.260688,-0.262697,-0.428872,0.620973,0.276112,-0.592729,-0.402493,-0.640652,9.842718012464516,1.9084598944250253,-0.2305498814801068,-1.1371282662571438,-0.7149933258026425,0.6313461584637867
350,2284330032,9.8389,1.906706,-0.2193,-1.660894,-0.900735,0.723706,0.276098,-0.592683,-0.402472,-0.640714,9.839039290928389,1.8984587776888413,-0.23021874725957153,-1.5159778562787158,-0.862728804686171,0.7112090093076242
351,2284346699,9.82179,1.87574,-0.218051,-1.790866,-1.27769,0.769591,0.276089,-0.592658,-0.402481,-0.640735,9.8378945708632,1.8861266327852775,-0.22576225205974434,-2.0300462293835815,-1.2132369688783626,0.7614130031823638
352,2284363366,9.850198,1.874341,-0.231471,-2.404072,-1.465175,0.671853,0.275998,-0.592676,-0.402441,-0.640783,9.840610330985866,1.878868366869812,-0.22639303384327947,-2.4138175875451195,-1.5662023451703226,0.7520462093670488
353,2284380033,9.843659,1.882805,-0.208608,-3.146815,-1.792018,0.760896,0.275848,-0.592748,-0.402351,-0.640837,9.844877279124102,1.8786439698068023,-0.23309196973401944,-2.404658929700743,-1.7031051306301759,0.682879277556508
354,2284396700,9.844409,1.886419,-0.252495,-1.884518,-1.82105,0.654808,0.275775,-0.59278,-0.402371,-0.640826,9.84650396540043,1.8813475121298495,-0.23681413513052824,-2.0051152296670223,-1.55637536805436,0.5941898097847746
355,2284413367,9.854587,1.877494,-0.251142,-1.067307,-1.142429,0.491399,0.275795,-0.592707,-0.402454,-0.640833,9.843619418707352,1.8808607791670957,-0.22777504099088117,-1.5165128752551236,-1.2658684269947136,0.5545955388429817
356,2284430034,9.830628,1.87146,-0.193891,-1.034791,-0.843849,0.580045,0.275855,-0.592603,-0.402529,-0.640857,9.839036306690641,1.8742342848530935,-0.2071199230314293,-1.2918263826331404,-1.0653457279912184,0.6176374226448458
357,2284446701,9.842766,1.869437,-0.186761,-1.819437,-0.929933,0.769873,0.275842,-0.592561,-0.402502,-0.640918,9.838134732175181,1.8643270008387558,-0.18884489743929733,-1.451729310343508,-1.0876296792987648,0.7711017267215892
358,2284463368,9.834668,1.867119,-0.186403,-1.975562,-1.517285,0.897042,0.2758,-0.592583,-0.402479,-0.64093,9.843717644751528,1.858333124034542,-0.1886700831474792,-1.830122068228933,-1.2648493950936122,0.9254758851353978
359,2284480035,9.847938,1.847605,-0.200105,-1.950868,-1.515478,1.022209,0.275756,-0.592622,-0.402433,-0.640942,9.852483479338947,1.8626146921054718,-0.2093381030873549,-2.1576995717641356,-1.416562781202204,0.9658498380985995
360,2284496702,9.866811,1.871659,-0.209786,-2.478259,-1.529449,0.882236,0.275671,-0.592663,-0.402368,-0.640982,9.85709616970841,1.8766675155676318,-0.236137336963672,-2.277465694601876,-1.430043007392702,0.8384934641746155
361,2284513369,9.863336,1.894948,-0.312859,-2.160918,-1.206563,0.649288,0.275582,-0.592665,-0.402313,-0.641053,9.852852273689717,1.8913695141776279,-0.24826223412697743,-2.216341541838631,-1.3489470829201815,0.6060714462204239
362,2284530036,9.840254,1.90027,-0.230484,-1.933221,-1.060955,0.346354,0.275491,-0.592628,-0.402298,-0.641135,9.842697827665813,1.89486889526657,-0.2369590504737189,-2.1010835119985214,-1.2960067796414663,0.4190033855854542
363,2284546703,9.819353,1.899463,-0.184655,-1.913947,-1.352005,0.376257,0.275427,-0.592594,-0.402331,-0.641173,9.834974897113279,1.8825400077999705,-0.21323947539531796,-2.026405630963874,-1.3339885957888846,0.41216885646712265
364,2284563370,9.833661,1.846977,-0.189699,-2.273601,-1.71883,0.47986,0.275334,-0.592607,-0.402347,-0.641192,9.835592577657469,1.8620630444580284,-0.19714181317118734,-1.9931612534658623,-1.4182137439421092,0.6022165048262729
365,2284580037,9.854646,1.841632,-0.201038,-2.139966,-1.493515,0.98233,0.275289,-0.592637,-0.402302,-0.641211,9.84255452715398,1.8480704505025882,-0.1996091303459545,-1.9479102364515595,-1.4704820690250824,0.8716258278204854
366,2284596704,9.841851,1.845162,-0.226345,-1.30288,-1.26528,1.208811,0.275355,-0.592623,-0.402311,-0.64119,9.848354618651841,1.8506208525480523,-0.21501461963810334,-1.853949685164118,-1.4660909409470724,1.058763299521632
367,2284613371,9.861682,1.880955,-0.246351,-2.01125,-1.419072,1.011004,0.275353,-0.592627,-0.402295,-0.641197,9.84746723080149,1.8676469162193086,-0.22947406466068757,-1.7182308141353857,-1.4362747297411036,1.0795175703273032
368,2284630038,9.831158,1.885535,-0.21363,-1.704589,-1.371599,0.957409,0.275354,-0.592625,-0.402292,-0.641201,9.841388685078048,1.887299026847575,-0.23402701383690266,-1.5749952354596248,-1.4108741849341684,0.9766258344882317
369,2284646705,9.837528,1.893126,-0.240479,-1.313562,-1.589133,0.792652,0.275354,-0.592621,-0.402343,-0.641172,9.83670538564727,1.897142770056206,-0.2299175950200047,-1.461956022254967,-1.3888532586787716,0.86212324544037
370,2284663372,9.832702,1.897365,-0.202098,-1.360495,-1.311818,0.76849,0.275374,-0.592587,-0.402388,-0.641167,9.838463639467637,1.8927733778866602,-0.22390064662719925,-1.3974247474480306,-1.3631361544522527,0.8163519876172078
371,2284680039,9.840259,1.88501,-0.240817,-1.249272,-1.313419,0.893864,0.275394,-0.592568,-0.402414,-0.64116,9.845280555054416,1.8805311079462366,-0.22096410565840635,-1.36494823308443,-1.3470096212643798,0.8359219562447444
372,2284696706,9.865052,1.86851,-0.217958,-1.581431,-1.315187,1.019213,0.275411,-0.592561,-0.402411,-0.641161,9.850800816409699,1.8731636596684806,-0.22154692638169515,-1.3347928528277353,-1.356962845659353,0.8634038147797849
373,2284713373,9.854952,1.877409,-0.218224,-1.308322,-1.334844,0.745938,0.275429,-0.592527,-0.402462,-0.641152,9.849913185816312,1.880793871707668,-0.22369528263430172,-1.32088883160788,-1.3755505426156531,0.8517371276445312
374,2284730040,9.835938,1.900541,-0.243101,-1.401053,-1.348047,0.687246,0.275466,-0.592473,-0.40254,-0.641137,9.843377674260907,1.9025084329875017,-0.22597158677714715,-1.4082278652836442,-1.352486652406436,0.7974956225411446
375,2284746707,9.827618,1.916992,-0.205811,-1.669282,-1.373917,0.794615,0.275445,-0.592466,-0.402545,-0.641149,9.836392137670092,1.9248512354907874,-0.22790542191612742,-1.6905290314426247,-1.2608133869472042,0.7284520490576025
376,2284763374,9.829581,1.935248,-0.232994,-1.954774,-1.370804,0.805142,0.275411,-0.592464,-0.402532,-0.641173,9.83343222359963,1.9300166699257653,-0.22866392595757562,-2.149663339234073,-1.1514225193455556,0.678788696525369
377,2284780041,9.857679,1.94232,-0.227946,-2.588368,-0.922313,0.594106,0.275325,-0.592436,-0.402456,-0.641285,9.83533008369735,1.9091964197649267,-0.2268950485635089,-2.5909310244789068,-1.126117169341796,0.6741728301110421
378,2284796708,9.830727,1.843713,-0.244699,-2.898397,-0.808631,0.582516,0.27522,-0.592408,-0.40235,-0.641423,9.840658127620237,1.8706964256203744,-0.22276492674058176,-2.726583467244257,-1.2277580719543426,0.7193088605591245
379,2284813375,9.844355,1.832261,-0.199551,-2.445885,-1.547443,0.89695,0.275145,-0.592445,-0.402292,-0.641456,9.847883927441544,1.8350811566648153,-0.21923875801318793,-2.3774366941048557,-1.3641881469116353,0.7885718612851162
380,2284830042,9.854851,1.81138,-0.206191,-1.644357,-1.819725,0.933594,0.275118,-0.592484,-0.402311,-0.64142,9.855136020543794,1.8207956935804634,-0.21965605813018857,-1.6430318337206915,-1.3820598042961127,0.8378713478624904
381,2284846709,9.853282,1.839286,-0.243366,-0.98883,-1.220561,0.731876,0.275153,-0.592435,-0.402373,-0.641411,9.859179255902134,1.832528691832089,-0.22380992414851453,-0.8894399247305913,-1.2369938299620582,0.83579452860661
382,2284863376,9.868547,1.883884,-0.223574,-0.19764,-0.85207,0.764763,0.2753,-0.592311,-0.402509,-0.641378,9.856801541531869,1.860914801410503,-0.22756432771708202,-0.5344002703253903,-1.0640858663509056,0.7848642144830724
383,2284880043,9.854186,1.870034,-0.228249,-0.820861,-0.852275,0.749268,0.275379,-0.592218,-0.402577,-0.641387,9.848134206526831,1.8907910595357609,-0.22678672723420856,-0.769667406290859,-1.047543159069145,0.7171203458441191
384,2284896710,9.824181,1.901251,-0.221488,-1.391832,-1.061582,0.703702,0.275423,-0.592146,-0.402632,-0.6414,9.837880518211819,1.9096019715842045,-0.22115435078495918,-1.4226216005070849,-1.2249018656375184,0.6769628437021626
385,2284913377,9.833586,1.928182,-0.210176,-2.137521,-1.938472,0.718609,0.275341,-0.592194,-0.402639,-0.641386,9.832086403642359,1.9117300467929597,-0.21408867670018333,-2.0692815124131685,-1.4449765506990335,0.7035733072631065
386,2284930044,9.832545,1.904434,-0.207999,-2.357329,-1.484435,0.783012,0.275262,-0.592219,-0.402595,-0.641425,9.833179630912037,1.8996305990940106,-0.20953705430730887,-2.3297143436449943,-1.5251071513237477,0.8107327546219719
387,2284946711,9.838877,1.875049,-0.214142,-2.632422,-1.490672,0.815297,0.275172,-0.592251,-0.402529,-0.641475,9.838236033598596,1.8822614129641362,-0.20880466608651535,-2.134764867503984,-1.432131912235825,0.9696474674684961
388,2284963378,9.843981,1.851494,-0.211471,-1.432083,-1.065002,1.281794,0.275248,-0.592226,-0.402515,-0.641475,9.842153666912214,1.8703115133775365,-0.20963821922136827,-1.757093803322013,-1.2959182497005473,1.1172969874160923
389,2284980045,9.853588,1.89026,-0.194728,-0.933877,-1.109183,1.30085,0.275369,-0.592185,-0.402548,-0.64144,9.842519612926727,1.870566511233724,-0.20776660671166375,-1.5739839295511961,-1.2566951155347488,1.1971491622664736
390,2284996712,9.82613,1.895883,-0.20177,-2.065788,-1.367826,1.087318,0.275356,-0.592201,-0.402504,-0.641458,9.841428651271665,1.8832300733758731,-0.20033356193276927,-1.7628988425268457,-1.3217531858460267,1.1967389710135914
391,2285013379,9.850614,1.880199,-0.205197,-2.768989,-1.702079,1.059027,0.275257,-0.592277,-0.402407,-0.641492,9.842546303515974,1.9024875258736733,-0.1899944617611663,-2.1921905660367016,-1.379495592539526,1.1400550863452432
392,2285030046,9.833615,1.911123,-0.203594,-2.203269,-1.289932,1.033056,0.275255,-0.592274,-0.402373,-0.641517,9.846492299408897,1.9182314203078237,-0.18601010693739403,-2.5631277348127357,-1.3376154351174265,1.046063757448876
393,2285046713,9.85218,1.931527,-0.170605,-2.33534,-1.104023,1.015076,0.275217,-0.592279,-0.402289,-0.641581,9.849598555561423,1.9195514656370845,-0.19796151481102575,-2.626790092252129,-1.2245284424392524,0.9085081503517938
394,2285063380,9.866343,1.909824,-0.188754,-2.69452,-1.117956,0.78857,0.275136,-0.59228,-0.402201,-0.64167,9.847823902662181,1.9014033963550567,-0.22452378932794811,-2.3061193614308393,-1.1507095202194173,0.7213697253474886
395,2285080047,9.83884,1.885046,-0.280446,-1.75511,-1.12126,0.421796,0.27509,-0.592229,-0.402223,-0.641723,9.841799570621621,1.8704544592500065,-0.24916155933671152,-1.7035198009356363,-1.185484507030793,0.5122586457913504
396,2285096714,9.823645,1.80864,-0.280181,-0.829992,-1.300984,0.221006,0.275106,-0.59214,-0.402365,-0.641709,9.836985256240173,1.8428463891671094,-0.2517095490607254,-1.034986581233917,-1.2843749508675757,0.3396942681710602
397,2285113381,9.834077,1.839854,-0.222817,-0.465447,-1.444646,0.397272,0.275154,-0.592064,-0.402525,-0.641659,9.83807154736021,1.8334064653074886,-0.2273934158316807,-0.517941073892672,-1.3373460819165346,0.26095203286736
398,2285130048,9.848292,1.839707,-0.179852,-0.174525,-1.372393,0.379894,0.275229,-0.591968,-0.402712,-0.641597,9.843714285430918,1.8457174658636368,-0.19346891278894643,-0.26887769137383566,-1.2856437409425392,0.30586133019854206
399,2285146715,9.858153,1.893235,-0.158964,-0.654315,-1.147411,0.388308,0.275287,-0.591866,-0.402851,-0.641579,9.84763054409203,1.8722962149222089,-0.1749906877234333,-0.2862209590669438,-1.1909798571003238,0.4661911885805783
400,2285163382,9.841154,1.907709,-0.176901,-0.367286,-1.100117,0.532712,0.275391,-0.591752,-0.403009,-0.64154,9.844823513474871,1.903167117523866,-0.18307593827598917,-0.5189121377825181,-1.1857742427072198,0.6889591019678231
401,2285180049,9.834447,1.921642,-0.22435,-0.860369,-1.237603,0.977522,0.275481,-0.591701,-0.403083,-0.641502,9.836283600341686,1.9324613838246485,-0.2063589928610463,-0.932891013472505,-1.3455689641023234,0.8844095057582406
402,2285196716,9.827602,1.946618,-0.233368,-1.599052,-1.624639,1.094872,0.275504,-0.591716,-0.403101,-0.641467,9.827854127622519,1.9565121350726293,-0.22258671066993868,-1.5049054133586393,-1.6027518927417534,0.9713647368475693
403,2285213383,9.816161,1.963519,-0.204473,-1.983524,-1.905444,0.966169,0.275459,-0.59177,-0.4031,-0.641438,9.825165521552206,1.9682503801229227,-0.21849814929168054,-2.165356217661897,-1.7880570935269366,0.937527953968895
404,2285230050,9.843038,1.959637,-0.235709,-3.071462,-1.873415,0.776571,0.2753,-0.591856,-0.403008,-0.641484,9.829588480961625,1.9578988318661343,-0.20012700620320037,-2.763256421622649,-1.7687617831946763,0.8500237803647489
405,2285246717,9.832848,1.951298,-0.136555,-2.623163,-1.5394,0.595809,0.275164,-0.591895,-0.402943,-0.641548,9.8380498297995,1.9225255444760465,-0.18551788445641104,-3.1029077349919425,-1.5605920360309278,0.7915962025908372
406,2285263384,9.84304,1.88152,-0.186471,-3.175129,-1.116419,0.897911,0.27507,-0.59191,-0.402818,-0.641653,9.845770807200328,1.8748070266201342,-0.18747262708483003,-3.0508777306622106,-1.3145724538704846,0.7846735915897558
407,2285280051,9.850562,1.806704,-0.216763,-3.408999,-1.238156,0.870416,0.274936,-0.591951,-0.402669,-0.641766,9.849408960484443,1.8388027589052225,-0.20243993626996612,-2.653156049068885,-1.1962862874652422,0.785217748457189
408,2285296718,9.856962,1.809286,-0.223433,-1.810011,-1.388977,0.824569,0.274917,-0.591945,-0.40267,-0.641779,9.84884246105423,1.833089862870103,-0.21545843665058903,-2.1482682296542617,-1.2649724653822167,0.7477068699799512
409,2285313385,9.842105,1.891957,-0.235745,-0.87744,-1.276396,0.616683,0.27499,-0.591864,-0.402794,-0.641745,9.846733837626562,1.8565583625253768,-0.215089680141073,-1.8084386633177663,-1.4430007026744454,0.6804131050234765
410,2285330052,9.839363,1.889962,-0.169317,-2.230315,-1.587475,0.470102,0.274895,-0.591869,-0.402799,-0.641777,9.845876935160247,1.8909361884521023,-0.20289346532892913,-1.7262424901366908,-1.5838143863143153,0.6288165989285879
411,2285346719,9.846642,1.924105,-0.185911,-2.473982,-1.870649,0.620538,0.274771,-0.591923,-0.402774,-0.641796,9.84623352122204,1.9168467336415662,-0.18939320204748464,-1.7684551185488744,-1.5821424872027068,0.6178004747298227
412,2285363386,9.8488,1.919955,-0.204805,-1.188231,-1.274897,0.800336,0.274809,-0.591881,-0.40283,-0.641783,9.844727022452101,1.9273840379401193,-0.1831274612062683,-1.7418595733600526,-1.4495151965260828,0.6309348411421566
413,2285380053,9.840754,1.92252,-0.16422,-1.233059,-1.257968,0.676937,0.274809,-0.591847,-0.40287,-0.64179,9.838605341467133,1.9282781562428726,-0.1844691007621061,-1.578413691146623,-1.2990196696439387,0.6497244606597192
414,2285396720,9.834159,1.929043,-0.194761,-2.181293,-1.22617,0.638877,0.27472,-0.591849,-0.402818,-0.641859,9.829205826219134,1.9279336263963285,-0.18847943923062022,-1.3706928961061449,-1.2505114121526006,0.6933224150339992
415,2285413387,9.814049,1.912663,-0.216045,-0.842517,-1.333205,0.718302,0.274781,-0.591791,-0.402919,-0.641823,9.821971112011214,1.9284997554018273,-0.19185314586902608,-1.2734319342395783,-1.3371594730313456,0.7986170340801736
416,2285430054,9.818812,1.952546,-0.183266,-1.043141,-1.477315,0.917901,0.274826,-0.591771,-0.402982,-0.641782,9.822132436672021,1.9257639357569136,-0.1962683687241031,-1.369294574885704,-1.491737483214411,0.9602165124274351
417,2285446721,9.830268,1.913662,-0.177819,-2.072247,-1.765419,1.142691,0.274808,-0.59182,-0.402961,-0.641758,9.829952346457532,1.9163018209299434,-0.20476796083945742,-1.5832479883772796,-1.6151426866584218,1.105844584275217
418,2285463388,9.845633,1.900281,-0.229221,-1.433735,-1.713822,1.283894,0.27488,-0.591835,-0.403003,-0.641687,9.840028141072779,1.903442116068746,-0.21569773529573488,-1.7104197798802996,-1.6562194797380592,1.1464736706690615
419,2285480055,9.846655,1.893255,-0.239042,-1.510035,-1.431878,1.026448,0.274912,-0.591827,-0.403024,-0.641667,9.845269783520695,1.8953158446136116,-0.22231252567255191,-1.5605807887102445,-1.6290736564938793,1.056329498387206
420,2285496722,9.838069,1.882303,-0.208427,-1.551464,-1.366911,0.892916,0.274913,-0.591819,-0.403033,-0.641668,9.842037703554679,1.8968778714499712,-0.21964568249280692,-1.1245897135070555,-1.5661124706286487,0.9016820846441402
421,2285513389,9.828314,1.913141,-0.223895,-0.577835,-1.817119,0.635329,0.274964,-0.591789,-0.403188,-0.641577,9.83258937248967,1.9043582587237724,-0.21087728745641665,-0.6248944347773536,-1.4768492717927515,0.7890346586264512
422,2285530056,9.843054,1.912482,-0.197417,-0.135299,-1.540053,0.798713,0.275077,-0.591729,-0.403353,-0.64148,9.82358031603412,1.908208886943933,-0.20533986211744987,-0.37091106560421805,-1.36113274991578,0.7856142086628892
423,2285546723,9.803394,1.917299,-0.18686,-0.220462,-0.811856,1.101803,0.275258,-0.591619,-0.403459,-0.641437,9.82159755324951,1.901754923199789,-0.20948808563690394,-0.48890707221236906,-1.2376617338883151,0.8865741836778627
424,2285563390,9.826111,1.877693,-0.230589,-0.949527,-1.221034,0.95244,0.275336,-0.591571,-0.403523,-0.641408,9.828112292811559,1.8866908344206967,-0.22003900192548992,-0.7406829280272758,-1.130895421424145,1.0440934766900267
425,2285580057,9.83317,1.844257,-0.251082,-0.556807,-0.979622,1.085037,0.27548,-0.591487,-0.403608,-0.64137,9.837752923404583,1.8701363613129183,-0.2268109307360567,-0.6251335138059289,-1.0398524764505703,1.2112073155794296
426,2285596724,9.850001,1.868906,-0.201965,0.155066,-1.324176,1.461211,0.275665,-0.591452,-0.403709,-0.641259,9.842865225402651,1.8576707872642355,-0.22302343032638744,0.2590890677672152,-0.9499841039916666,1.3598822185229127
427,2285613391,9.878717,1.868488,-0.220853,1.434279,-0.625552,1.544619,0.276036,-0.591288,-0.403919,-0.641119,9.841403376673666,1.8508826373327794,-0.2130863229970484,1.845089907047135,-0.8759033541679321,1.4773937494218594
428,2285630058,9.800084,1.854749,-0.223882,3.348073,-0.857065,1.480395,0.276567,-0.591054,-0.404337,-0.640842,9.839636272027047,1.8508855497252517,-0.2102236411379111,3.533056467177867,-0.8621830340903311,1.557385620285542
429,2285646725,9.831471,1.84731,-0.199674,5.354841,-0.883049,1.544388,0.277208,-0.590788,-0.404874,-0.640471,9.845144182545644,1.8606395546646093,-0.2252622603889671,4.54810067267337,-0.9255111504429745,1.5885273201305907
430,2285663392,9.869346,1.865202,-0.252461,4.884285,-0.821656,1.54572,0.27787,-0.590498,-0.405418,-0.640107,9.857253325170708,1.8812051968381522,-0.25533876756347595,4.490472152702651,-1.0131314131270652,1.549222860431748
431,2285680059,9.877208,1.915606,-0.272718,3.499073,-1.492567,1.462453,0.278353,-0.59033,-0.405857,-0.639775,9.866484429983919,1.9069864102637504,-0.2827728876177673,3.615801927529559,-1.0460538691435803,1.4265749669091334
432,2285696726,9.88072,1.939585,-0.332609,1.150529,-0.99983,1.384053,0.278633,-0.59022,-0.406042,-0.639636,9.864187181816114,1.9279921294249442,-0.2876533008679365,2.572166905237233,-1.010946979234506,1.252624250977601
433,2285713393,9.824847,1.948097,-0.266719,2.518193,-0.727201,1.062446,0.279022,-0.590007,-0.406377,-0.639451,9.851291700597182,1.9383551536704404,-0.2649127978284945,1.8385170071514916,-0.9916699324857761,1.1135287191551726
434,2285730060,9.843513,1.940196,-0.189064,1.814282,-0.98413,0.978604,0.279345,-0.589831,-0.406679,-0.63928,9.836806470719651,1.9414279681171043,-0.22998255429238884,1.401376400744439,-1.0921033992151439,1.0987899464631374
435,2285746727,9.81708,1.904718,-0.220093,0.702921,-1.565435,1.115503,0.279555,-0.589758,-0.406894,-0.639119,9.828952036194893,1.9449159215279246,-0.20686271425714425,0.9237935581163738,-1.3302916800611087,1.2241783185598463
436,2285763394,9.842918,1.978292,-0.21231,0.270003,-1.604021,1.564968,0.279766,-0.589735,-0.407028,-0.638963,9.828898752467206,1.9513567496887734,-0.2094383419077333,0.15697760965514254,-1.6154721717432463,1.4082135759081662
437,2285780061,9.835845,1.958782,-0.229526,-0.461362,-1.670806,1.698385,0.27995,-0.589737,-0.407112,-0.638826,9.832346491528899,1.9548847002572731,-0.23197278521440456,-0.8172525798166032,-1.8218834023510628,1.5371018189497259
438,2285796728,9.822139,1.951589,-0.239437,-2.377166,-2.101522,1.431218,0.279868,-0.589875,-0.407011,-0.6388,9.835440315700104,1.9475042566357332,-0.2548171507902024,-1.683491720137335,-1.8813893408579334,1.5562208308465966
439,2285813395,9.859977,1.914837,-0.297316,-2.291889,-1.788663,1.427184,0.279852,-0.589954,-0.406942,-0.638777,9.838371550593301,1.9273448538929243,-0.259545911592623,-2.180561411612848,-1.8197296725223242,1.4959333692928536
440,2285830062,9.828785,1.914677,-0.228953,-1.982718,-1.619568,1.401585,0.279824,-0.590032,-0.406857,-0.638771,9.843603515537293,1.9005787631624393,-0.24250084842517736,-2.295027114587536,-1.7176634036641927,1.416196044554062
441,2285846729,9.834248,1.860004,-0.209488,-1.807027,-1.433364,1.394157,0.27985,-0.590068,-0.406807,-0.638759,9.85120850613971,1.8764667671793456,-0.21714134783304775,-2.1991848857441365,-1.6364068512873804,1.341142225126794
442,2285863396,9.872065,1.860234,-0.213063,-2.496482,-1.850069,1.206019,0.27978,-0.590155,-0.40673,-0.638758,9.85681065543493,1.8611352607858624,-0.20320544440373364,-2.0392756491911683,-1.5784017817091192,1.252347183359599
443,2285880063,9.874889,1.868482,-0.186429,-1.533061,-1.649868,1.196837,0.279851,-0.590155,-0.406779,-0.638696,9.855194072929937,1.855343673834509,-0.21095357483594593,-1.8142179396441034,-1.5197707106295333,1.1379178129725092
444,2285896730,9.829913,1.861512,-0.230914,-1.56681,-1.167856,1.225366,0.279895,-0.590148,-0.406752,-0.6387,9.845981387867493,1.8568290462883572,-0.23331339142683227,-1.4559888035995523,-1.4682716517767576,1.0378176810736555
445,2285913397,9.823298,1.841885,-0.278894,-1.393907,-1.706792,0.729162,0.279874,-0.590155,-0.406804,-0.63867,9.83471017173376,1.8635755544766144,-0.2526945988189504,-1.0052114355846327,-1.4724275934100512,1.0305718758441083
446,2285930064,9.842219,1.890291,-0.282359,-0.39003,-1.279598,1.152527,0.28004,-0.590085,-0.406928,-0.638583,9.828048466098075,1.8746378615190957,-0.2564505155860597,-0.6897219558485321,-1.573262699163143,1.165365950216762
447,2285946731,9.818053,1.890667,-0.202375,-0.752207,-2.011609,1.559218,0.280128,-0.590147,-0.406976,-0.638456,9.828612683872173,1.88873481874757,-0.24647883739286205,-0.8027322500152689,-1.7575197395191307,1.4045889114743886
448,2285963398,9.848634,1.892422,-0.224788,-1.566434,-1.918481,1.622584,0.280201,-0.59021,-0.406978,-0.638365,9.83414074424053,1.9026761431754315,-0.23450298806183517,-1.4555655936828846,-1.959310741850482,1.636010178239802
449,2285980065,9.826412,1.91302,-0.25663,-1.706561,-2.001799,1.748585,0.280268,-0.590294,-0.406959,-0.63827,9.84031371567266,1.9109296456059945,-0.22999512164990152,-2.4131598953912654,-2.1008423020525444,1.7427337130369502
450,2285996732,9.852375,1.910869,-0.234678,-3.813898,-2.217458,1.538293,0.28008,-0.590498,-0.406734,-0.638308,9.843895650629388,1.9071172923580513,-0.23386597279015556,-3.1877886822618207,-2.136231458226025,1.6708777264575934
451,2286013399,9.840819,1.880103,-0.22134,-3.891863,-2.029781,1.59441,0.279925,-0.590676,-0.40651,-0.638353,9.844253317844997,1.8877562013418472,-0.24168085943148482,-3.358248985279333,-2.07690958596671,1.4560949110702226
452,2286030066,9.84543,1.869974,-0.275187,-2.470217,-2.069634,1.317293,0.279865,-0.590783,-0.406445,-0.638322,9.843124348039316,1.856513769551648,-0.2497874622943281,-2.854683232169754,-1.991333926941968,1.2066974371603376
453,2286046733,9.842998,1.828505,-0.255466,-1.682844,-2.06108,0.832957,0.279817,-0.590836,-0.406483,-0.63827,9.843019464381854,1.825227532981521,-0.2576899411960699,-1.9490118544362849,-1.968371357235412,1.0497834481943509
454,2286063400,9.845737,1.792443,-0.234037,-0.678916,-1.930711,1.006611,0.27988,-0.590845,-0.406596,-0.638162,9.844933735785599,1.8089489394121465,-0.26583070036861695,-0.9791787504047149,-2.0450252457675737,1.0585003346956965
455,2286080067,9.832273,1.821694,-0.292343,-0.334573,-1.65167,1.374991,0.280019,-0.590839,-0.406693,-0.638045,9.84691682121415,1.8168521504276152,-0.27252309361815097,-0.11078986903464716,-2.1482317416284555,1.2075053636098187
456,2286096734,9.858187,1.837412,-0.295395,0.114867,-2.588535,1.335363,0.280145,-0.590894,-0.40688,-0.637819,9.84538203660541,1.8455053673046393,-0.27414899292613765,0.6348869826853545,-2.1344694591879114,1.3974004296983762
457,2286113401,9.850268,1.885318,-0.241389,1.136186,-2.417711,1.574995,0.280361,-0.590925,-0.407108,-0.63755,9.838985485964539,1.880414590556271,-0.26838657494786144,1.1940028869353185,-1.9357992125072314,1.529247805913109
458,2286130068,9.821218,1.93191,-0.254201,1.759343,-1.464419,1.592707,0.280711,-0.59083,-0.407372,-0.637316,9.831438768328834,1.9050601105684188,-0.2563551695079005,1.4019319633508573,-1.6684068792541478,1.5649888380681118
459,2286146735,9.822081,1.879285,-0.271409,1.967638,-0.986563,1.424124,0.281095,-0.590668,-0.407655,-0.637115,9.829350597067215,1.91015699708207,-0.24171020007185678,1.1548588781362115,-1.5442387200045518,1.5304806752781417
460,2286163402,9.847599,1.895566,-0.184793,-0.159183,-1.343783,1.506673,0.281259,-0.590647,-0.407726,-0.637017,9.836129346181917,1.896617544649596,-0.22886759812877705,0.5678013275927225,-1.649827733704022,1.47317787199489
461,2286180069,9.824782,1.888685,-0.255233,-0.762593,-2.711642,1.416312,0.281291,-0.590766,-0.407813,-0.636836,9.847867325303021,1.8724078840377874,-0.22240734209466986,-0.1001017707267085,-1.851587610829874,1.4188988889744287
462,2286196736,9.874479,1.85462,-0.234085,-0.249173,-2.17626,1.416376,0.281377,-0.590828,-0.407906,-0.636681,9.855972467458777,1.8475491236119703,-0.2267182863034567,-0.6611856759269876,-1.9466762960303927,1.3606359969143058
463,2286213403,9.867304,1.802785,-0.229347,-0.647784,-1.435758,1.192713,0.281461,-0.590819,-0.407959,-0.636619,9.854879285775084,1.8296189427955374,-0.24356124512753233,-1.0741555524803417,-1.8639675776909819,1.2780855943907379
464,2286230070,9.846696,1.823784,-0.23919,-0.997871,-1.069804,1.191906,0.281607,-0.590745,-0.408029,-0.636577,9.847451313144097,1.8206095204424593,-0.2680030674669739,-1.3211098980716198,-1.6765054060644653,1.1647093346391681
465,2286246737,9.814213,1.827785,-0.30576,-1.714054,-1.946989,1.214595,0.281592,-0.590814,-0.408023,-0.636523,9.841955977544389,1.8174318280156454,-0.2883399508951179,-1.329686502708075,-1.4682031062935934,1.0404558449757633
466,2286263404,9.848074,1.842193,-0.31882,-2.245081,-1.625779,0.689744,0.281511,-0.590839,-0.408007,-0.636547,9.8432943823471,1.8165240881116018,-0.2945921815243461,-1.0975176957059805,-1.2730423314939845,0.9405519511823071
467,2286280071,9.85463,1.774466,-0.310384,-0.084868,-1.202106,0.858211,0.281666,-0.59074,-0.408167,-0.636467,9.848202508698904,1.8176383298685057,-0.2890798381347233,-0.8272089032925874,-1.1356022757268158,0.8904603032644531
468,2286296738,9.873405,1.839243,-0.255535,0.581223,-0.470352,1.135545,0.281949,-0.590562,-0.408336,-0.6364,9.849735346879761,1.8220881831197795,-0.2852617693738982,-0.8098518204715525,-1.133251718017655,0.8944910516168444
469,2286313405,9.824189,1.828325,-0.215715,-2.691242,-1.38265,0.916122,0.281833,-0.590616,-0.40822,-0.636475,9.845289147381871,1.8280269425971682,-0.29260292383831926,-1.142374873416206,-1.282544556000818,0.9496579935005143
470,2286330072,9.829379,1.824517,-0.377502,-1.194218,-1.671792,0.934102,0.281859,-0.590619,-0.408279,-0.636423,9.838984941117804,1.829253557276254,-0.30470101437269964,-1.616232096381646,-1.4682514033131033,1.0578634632847697
471,2286346739,9.856391,1.829514,-0.35756,-2.08107,-1.57805,1.175911,0.28182,-0.590674,-0.408216,-0.636429,9.83694581058526,1.8196593143303548,-0.30675221975346706,-1.896734038307904,-1.532071794429718,1.2124442511217568
472,2286363406,9.824825,1.782119,-0.247501,-1.775101,-1.723709,1.395309,0.281817,-0.590744,-0.408167,-0.636397,9.841607185387737,1.7996659408942155,-0.29367119922244933,-1.770797172242044,-1.440509899597806,1.3825510569751296
473,2286380073,9.860144,1.801274,-0.234824,-0.630085,-1.231664,1.784136,0.281979,-0.590744,-0.408171,-0.636322,9.850225943565416,1.779530110394434,-0.2759814286106104,-1.2439624566250251,-1.326754014882588,1.5289558064425313
474,2286396740,9.860288,1.794968,-0.295675,-0.864211,-0.592178,1.451209,0.282121,-0.59068,-0.40815,-0.636333,9.857398410818119,1.7756190375195287,-0.2679205332525632,-0.5063543331991438,-1.3393480570000194,1.6338874944091044
475,2286413407,9.848318,1.751859,-0.307869,-0.480481,-1.527938,1.620432,0.282279,-0.590681,-0.408209,-0.636223,9.858667492485324,1.7989823541303613,-0.27420271039648697,0.12279006034940583,-1.4706843861915329,1.7001826127457724
476,2286430074,9.856613,1.83815,-0.254765,0.56302,-2.620298,1.705543,0.282458,-0.590753,-0.408392,-0.63596,9.853005481651245,1.842808125279721,-0.2883613488807444,0.28585584881972365,-1.5813957472494118,1.7228683384228711
477,2286446741,9.858389,1.888618,-0.286842,0.233261,-1.446003,1.792562,0.282684,-0.590737,-0.408485,-0.635814,9.843401775287473,1.8816663583728623,-0.29926530934536355,-0.21004077775202928,-1.591611234070169,1.6861155537468253
478,2286463408,9.809183,1.923205,-0.318656,-0.689545,-0.854773,1.647082,0.282865,-0.590688,-0.408494,-0.635775,9.835388044837787,1.888966665939488,-0.2985727668517215,-1.1713293115744434,-1.5789354224267327,1.6062158700984561
479,2286480075,9.859643,1.872331,-0.302798,-2.636238,-1.660753,1.649797,0.282842,-0.590786,-0.408364,-0.635777,9.833803875452453,1.8603273163552851,-0.28667014880672775,-2.045504912158277,-1.6481466421340405,1.5649418008154319
480,2286496742,9.818296,1.793939,-0.275152,-3.039024,-1.823676,1.575316,0.282761,-0.590916,-0.408205,-0.635795,9.839433594239992,1.8200721674809277,-0.27380735413945745,-2.300861983978981,-1.761846762446343,1.6647486756504248
481,2286513409,9.847536,1.785456,-0.239764,-1.482399,-2.3232,1.662744,0.282799,-0.591028,-0.408209,-0.635671,9.848141092688412,1.8017867355455106,-0.2722395718695456,-1.8623280078301954,-1.775112204587092,1.920401546854329
482,2286530076,9.875456,1.797765,-0.255984,-0.864275,-1.561722,2.181926,0.282956,-0.591093,-0.408169,-0.635566,9.853869201509864,1.8196163832554477,-0.2840678607518886,-1.1748547207388884,-1.6296482661985194,2.1965209312683616
483,2286546743,9.836576,1.892522,-0.370003,-0.541209,-1.164981,2.626525,0.283222,-0.591125,-0.40812,-0.63545,9.853591657781093,1.8569635808702534,-0.2979157625951993,-0.8150275313531646,-1.4481721117547082,2.2880668128218717
484,2286563410,9.864054,1.899389,-0.273277,-1.381805,-1.158539,2.252618,0.283363,-0.591179,-0.408008,-0.635408,9.849906821802445,1.8822993422698193,-0.2998237112813321,-1.0116308993675487,-1.4044538394945907,2.0987330639288833
485,2286580077,9.831968,1.867859,-0.295081,-1.077808,-1.700005,1.596113,0.28345,-0.591224,-0.408015,-0.635323,9.848588959753945,1.876012269576546,-0.2869935273420574,-1.4911379282398887,-1.5249044573951445,1.7427066891624736
486,2286596744,9.860628,1.83148,-0.243614,-2.128313,-1.828324,1.098906,0.283382,-0.591302,-0.407962,-0.635315,9.85314873242357,1.8441483738777094,-0.269736382115429,-1.7431732761259113,-1.6501995516471526,1.4508374150326793
487,2286613411,9.855252,1.809919,-0.27712,-2.012779,-1.438931,1.373186,0.283384,-0.591348,-0.40789,-0.635318,9.861394129824351,1.8101813771475017,-0.26102610516487734,-1.456457823937956,-1.5956290547163396,1.3688258824616615
488,2286630078,9.873259,1.791454,-0.268379,-0.272455,-1.614599,1.798236,0.283595,-0.591343,-0.407978,-0.635171,9.867149704637328,1.7957219071373354,-0.26524690004021834,-0.7667870054989026,-1.3424869481990584,1.4521241242656915
489,2286646745,9.869677,1.810357,-0.254557,0.208865,-1.186752,1.541737,0.283817,-0.591286,-0.408086,-0.635056,9.865652255324006,1.8065514377980396,-0.2756570745193907,-0.13283703067607228,-1.0735390132641895,1.5466410888286464
490,2286663412,9.858384,1.838604,-0.299516,0.095362,-0.335795,1.403262,0.284084,-0.591135,-0.408176,-0.63502,9.857859394600053,1.831735660336778,-0.28105648616961176,0.021172990015076026,-1.0153044200486718,1.545716526660116
491,2286680079,9.842397,1.843483,-0.282447,-1.047956,-1.330682,1.467307,0.284221,-0.591113,-0.408215,-0.634953,9.849787494897935,1.8528231832384618,-0.275833882595331,-0.4209402685228774,-1.231732909136674,1.4665187290819346
492,2286696746,9.851943,1.862549,-0.271211,-1.26391,-1.86431,1.502486,0.284267,-0.591179,-0.408213,-0.634872,9.847436826701708,1.8554625264236322,-0.265363478135041,-1.2489351387402405,-1.5732597270533,1.4055517122329952
493,2286713413,9.832564,1.840732,-0.250759,-1.237221,-2.106081,1.329651,0.284308,-0.591242,-0.408259,-0.634766,9.851987095142231,1.8369325093254982,-0.2612304621896359,-2.0791016999448892,-1.8333063837652657,1.442906257387806
494,2286730080,9.888936,1.808565,-0.230013,-2.831509,-2.009636,1.516099,0.284233,-0.591374,-0.408136,-0.634756,9.859671218968874,1.8063845138925227,-0.2695508749196279,-2.5422793239933554,-1.9330274913443866,1.576244183906482
495,2286746747,9.862706,1.757645,-0.313398,-3.368007,-1.137409,1.842277,0.2842,-0.591463,-0.407906,-0.634835,9.865882225727237,1.7783351809175547,-0.28422084212806464,-2.460255399680798,-1.9282228269970827,1.7236326617828674
496,2286763414,9.853546,1.777301,-0.332017,-1.546917,-1.856677,1.822171,0.284282,-0.59154,-0.407877,-0.634746,9.868694346956381,1.7638157753309307,-0.29334358453287124,-1.947451664999669,-1.8687297362338715,1.786276059850222
497,2286780081,9.869904,1.766877,-0.258909,-0.501565,-2.337517,1.699588,0.284383,-0.59163,-0.407949,-0.63457,9.868511690145862,1.7649745843133628,-0.29208573037182495,-1.3268113980720426,-1.7319344558423195,1.7201983043406641
498,2286796748,9.868644,1.774123,-0.294102,-1.205641,-1.943338,1.518519,0.284463,-0.591682,-0.407983,-0.634464,9.865992219094302,1.7755789975960008,-0.2870594860021862,-0.8943614392240646,-1.5229235162653878,1.5593726678375284
499,2286813415,9.87229,1.78816,-0.249387,-1.504259,-0.760351,1.371899,0.284582,-0.591623,-0.40796,-0.63448,9.861920272892228,1.7852617269084714,-0.28773740348779836,-0.7474640042972205,-1.3626912319887623,1.3777640869295666
500,2286830082,9.852424,1.760623,-0.349569,-0.511665,-0.944404,1.225651,0.284723,-0.591556,-0.408015,-0.634444,9.858495762698984,1.784722359516113,-0.2957446308637049,-0.7984964734839202,-1.3847596601251935,1.2309985859623525
501,2286846749,9.860178,1.796606,-0.277387,0.015451,-1.66316,1.090723,0.284868,-0.591516,-0.408172,-0.634315,9.858628464698727,1.7711026536857473,-0.3035955308602909,-0.8750623103078903,-1.5534468256347262,1.127795849905058
502,2286863416,9.841312,1.771548,-0.285767,-1.557905,-2.266583,1.156164,0.28482,-0.591619,-0.408177,-0.634237,9.862848670217005,1.7518906033035049,-0.3026480299653985,-0.8064611870140557,-1.6672692008978776,1.046913635579167
503,2286880083,9.892399,1.712381,-0.350136,-0.751182,-1.850684,0.970318,0.284896,-0.59161,-0.408298,-0.634134,9.86770192671591,1.7426627372254517,-0.291693365544916,-0.5226528700043834,-1.5755345767508562,0.9741553622949979
504,2286896750,9.870732,1.754428,-0.238086,0.054152,-0.616869,0.848517,0.285103,-0.591446,-0.408453,-0.634094,9.868379524361623,1.7564141095372132,-0.278552737990465,-0.15255248572451346,-1.3453872062953243,0.920468935238882
505,2286913417,9.850382,1.789097,-0.267025,0.236681,-0.998524,0.891456,0.285271,-0.591336,-0.408603,-0.634025,9.863064890396252,1.7913837838508897,-0.27310377002449365,0.0020221244836380325,-1.1829444808981897,0.9070188005407669
506,2286930084,9.850417,1.831587,-0.264801,-0.516006,-1.727256,0.949943,0.285369,-0.591306,-0.40874,-0.63392,9.854478377313447,1.829024761667521,-0.2780096975665012,-0.3382984153666183,-1.2257890749508695,0.9400244508796789
507,2286946751,9.867384,1.859569,-0.316794,-1.148538,-1.411593,1.096998,0.285443,-0.591283,-0.408791,-0.633875,9.847704540191007,1.8459177587711784,-0.2870267742965592,-1.2038728158916887,-1.4449008695324046,1.0039615331540694
508,2286963418,9.834718,1.838233,-0.316889,-2.204386,-1.69985,1.040738,0.285397,-0.591332,-0.408755,-0.633873,9.84674958884098,1.8305407585005231,-0.2929069566098152,-2.296583728661632,-1.7097596775675483,1.0723932052739322
509,2286980085,9.838665,1.773503,-0.258028,-2.901509,-1.598386,1.017099,0.285264,-0.591418,-0.408625,-0.633936,9.852013698821567,1.791276168746174,-0.2949647945875713,-3.124175526758099,-1.8935234570341213,1.1161798440226987
510,2286996752,9.880342,1.760718,-0.27514,-3.851895,-2.085566,1.117284,0.285044,-0.591586,-0.408431,-0.634003,9.859950984448146,1.7497134672146997,-0.2972835701461704,-3.2817572398283534,-1.9301099330570302,1.1064517586819824
511,2287013419,9.857251,1.705025,-0.331078,-2.964325,-2.239229,1.093733,0.284883,-0.591735,-0.408322,-0.634008,9.86552137169385,1.72552161600187,-0.3017391357452448,-2.7089117856046454,-1.832118141047073,1.0301745213081264
512,2287030086,9.874951,1.722476,-0.340302,-1.070867,-1.28408,1.020442,0.284955,-0.591698,-0.408373,-0.633977,9.865735926396328,1.7253430353033201,-0.30579161182543935,-1.7288660306544088,-1.6781091649136997,0.9169047148741383
513,2287046753,9.850527,1.771705,-0.248498,-0.531438,-1.257545,0.785638,0.285047,-0.591627,-0.408487,-0.633928,9.861007558214949,1.7436492915586204,-0.30609494325619246,-0.8293280593802405,-1.5571838903835102,0.839788795428122
514,2287063420,9.847064,1.771102,-0.295097,-1.022766,-1.935219,0.702704,0.285061,-0.591627,-0.408601,-0.633849,9.853499697950813,1.772353976092329,-0.30181005070684985,-0.37591540847182314,-1.5094841770691088,0.8654620671709287
515,2287080087,9.855659,1.797656,-0.35952,-0.471171,-1.673508,0.977144,0.285167,-0.591593,-0.408736,-0.633746,9.845296404338868,1.8081209206143602,-0.29559572141673995,-0.4830866887899507,-1.5250180767511279,0.990317825484989
516,2287096754,9.845762,1.852987,-0.269662,-0.874123,-1.464445,1.26594,0.28526,-0.591584,-0.408785,-0.63368,9.83868535885622,1.8497712242768283,-0.29323408988581817,-1.063523369259458,-1.581842395326622,1.134228281646499
517,2287113421,9.833007,1.868877,-0.288337,-1.604418,-1.08717,1.379724,0.285333,-0.591572,-0.408749,-0.633682,9.836932311727981,1.889814343323851,-0.29942146432299777,-1.9268116201827044,-1.6528003159232174,1.2074579898518727
518,2287130088,9.825117,1.916012,-0.252967,-3.348297,-2.218649,0.960495,0.285194,-0.591684,-0.408676,-0.633688,9.842743594253715,1.91142882226609,-0.3104295590251345,-2.8566589147552777,-1.6894397198173832,1.1813292932768442
519,2287146755,9.872874,1.922474,-0.383641,-3.738,-1.726207,1.072129,0.285059,-0.591774,-0.408534,-0.633756,9.85531585290953,1.897221060603827,-0.31386258944514717,-3.6749266335112143,-1.6534045946730145,1.0901575351796748
520,2287163422,9.860463,1.846264,-0.322355,-4.159284,-1.58727,0.975978,0.284824,-0.591903,-0.4083,-0.633891,9.869817712174978,1.8435737628336033,-0.301597243706877,-4.266861468971373,-1.5786859715624815,0.9773213834080612
521,2287180089,9.893261,1.753028,-0.264689,-3.997131,-1.455365,0.907708,0.284636,-0.591989,-0.40811,-0.634018,9.880581252176375,1.767119938551247,-0.28305692982860436,-4.532904661320544,-1.5584320849855557,0.858534865441557
522,2287196756,9.876772,1.686526,-0.252861,-4.831119,-1.183409,0.819062,0.284374,-0.592086,-0.407829,-0.634226,9.884783444023004,1.6963027708476541,-0.27999983886887536,-4.335401376237817,-1.6332128333386393,0.7387794445359863
523,2287213423,9.885553,1.657487,-0.298063,-3.342675,-2.051078,0.594362,0.284136,-0.592208,-0.407712,-0.634294,9.883010866614104,1.65497861688691,-0.3044473426709735,-3.5593448664274083,-1.7112115551746714,0.646843938174998
524,2287230090,9.867873,1.657373,-0.321959,-2.625814,-1.826083,0.572604,0.284022,-0.592246,-0.4077,-0.634317,9.876898716217871,1.6515575842058376,-0.34333592694866505,-2.276557572946965,-1.6432704285535318,0.6358808151801578
525,2287246757,9.866495,1.673502,-0.444779,-1.168848,-1.625664,0.74905,0.284062,-0.592215,-0.407799,-0.634264,9.867244894980788,1.6803787204710052,-0.36812757967456955,-0.8381002191782965,-1.3904989163576422,0.7451978899645749
526,2287263424,9.877837,1.752563,-0.349676,1.21556,-0.580102,1.060449,0.284391,-0.592012,-0.408042,-0.63415,9.854971290491756,1.7306417848405586,-0.36045325929508976,0.25545426618762934,-1.093916840515323,0.9603680811057619
527,2287280091,9.826612,1.786247,-0.298438,0.625404,-0.894882,1.158686,0.284652,-0.591874,-0.408227,-0.634042,9.843192870846941,1.7930566236053544,-0.32744147193490974,0.6347405211849452,-0.9605807250846173,1.202460760920394
528,2287296758,9.834565,1.849606,-0.265645,-0.299976,-1.320091,1.222039,0.284812,-0.591818,-0.408338,-0.633951,9.836701935917375,1.858434699874214,-0.2926275022306933,0.24855664202583833,-1.0893643557997916,1.3501764449989573
529,2287313425,9.83929,1.885588,-0.304222,-1.185125,-1.527541,1.33836,0.284869,-0.591841,-0.408342,-0.633902,9.838407428563771,1.9118577067663423,-0.27490775320320404,-0.6822757949888754,-1.40730129439093,1.2906362948463037
530,2287330092,9.849754,1.964571,-0.292428,-0.792095,-1.582102,1.160114,0.284963,-0.591827,-0.408421,-0.633821,9.846469130328998,1.9324279897324397,-0.27703459796428326,-1.8209086096002494,-1.7413961782482397,0.9899211918051386
531,2287346759,9.853027,1.899934,-0.273703,-3.022786,-1.836328,0.516922,0.284775,-0.591901,-0.408347,-0.633885,9.855349994156128,1.9040434491008524,-0.28973924740274615,-2.8017007934218747,-1.9265801031231549,0.5446263229334608
532,2287363426,9.857858,1.847446,-0.292325,-3.345224,-2.122038,0.089728,0.284516,-0.591981,-0.408304,-0.633955,9.859909442775232,1.8300308047404545,-0.3016698886187974,-3.270423078987827,-1.8745314415223153,0.15714990667479525
533,2287380093,9.879671,1.721923,-0.312796,-3.318369,-1.38502,-0.063558,0.284273,-0.591992,-0.408231,-0.634099,9.858984008330586,1.737718108765629,-0.3061254392612081,-3.0018870690333355,-1.6014006405970516,0.02522098949484608
534,2287396760,9.824516,1.649924,-0.32564,-1.985266,-1.25629,0.242981,0.284201,-0.591942,-0.408267,-0.634155,9.855600854533813,1.6666027559274714,-0.3034259135677851,-2.0656596361019237,-1.2270215143982925,0.21794418126823617
535,2287413427,9.868211,1.671229,-0.286706,-0.591743,-1.212851,0.654347,0.284289,-0.591855,-0.408394,-0.634115,9.853961139276166,1.647629433118387,-0.2995353818842921,-0.8681842046815583,-0.9362308339342386,0.6330958795157318
536,2287430094,9.858385,1.670458,-0.266734,-0.166739,-0.801076,1.128054,0.284493,-0.591734,-0.408513,-0.63406,9.856139451682566,1.6871483430855365,-0.30087626070816786,0.016114271802184277,-0.8908091117624615,1.0651033523269553
537,2287446761,9.861989,1.772043,-0.339145,-0.167738,-0.589374,1.307099,0.284709,-0.591615,-0.408592,-0.634024,9.861105050141289,1.7640213164742562,-0.30884161440513835,0.13526573528132785,-1.119676249759333,1.3282362015629408
538,2287463428,9.856568,1.820521,-0.348701,0.208942,-1.74548,1.369121,0.28491,-0.59158,-0.408763,-0.633856,9.865812441980884,1.840117219734639,-0.31938009173191584,-0.5941598285631212,-1.476520099275242,1.3504526947484121
539,2287480095,9.87655,1.90758,-0.25886,-1.832934,-1.899233,1.178126,0.284905,-0.591634,-0.408765,-0.633806,9.866916486291124,1.87916036543596,-0.32740421536503234,-1.828148447171855,-1.7449743757771672,1.189249217655953
540,2287496762,9.842592,1.87133,-0.387694,-4.003365,-2.383763,0.885427,0.284647,-0.591813,-0.408604,-0.633859,9.862848894937255,1.8653299298067876,-0.3306404614354141,-2.98258489123107,-1.8254344598891157,0.9786000581790648
541,2287513429,9.898063,1.791503,-0.316816,-3.206403,-1.322742,0.947036,0.284524,-0.591866,-0.408463,-0.633956,9.8558795424041,1.8113410407624335,-0.3300135724909814,-3.5574935607410327,-1.8016201871699475,0.8510958405838166
542,2287530096,9.827673,1.758868,-0.295583,-3.005535,-1.009256,0.948957,0.284446,-0.591875,-0.408337,-0.634063,9.851734995261332,1.750569834363883,-0.3277845814039081,-3.356351753885675,-1.7901762850930452,0.8755609478372356
543,2287546763,9.837098,1.705234,-0.387943,-2.297292,-2.177925,0.849106,0.284346,-0.591961,-0.408328,-0.634034,9.854964088066401,1.7181633558495253,-0.32511979900095317,-2.474467041531624,-1.7556489330569809,1.0267021217775916
544,2287563430,9.874417,1.745919,-0.251076,-1.200723,-2.176016,1.156573,0.284328,-0.592045,-0.408357,-0.633945,9.863530038068193,1.7327595807541978,-0.32048420289807183,-1.1890885459625413,-1.5502294581449045,1.1939715687417118
545,2287580097,9.875228,1.783898,-0.334388,-0.824281,-1.188224,1.369748,0.284457,-0.592012,-0.408394,-0.633894,9.869323415671694,1.787951960960087,-0.3107579270682716,0.07917165370980933,-1.1514927359756817,1.2403168996099816
546,2287596764,9.877348,1.848624,-0.330316,1.043609,-0.448978,1.196837,0.284713,-0.591863,-0.40853,-0.63383,9.865634104159351,1.8558485512206846,-0.2955397115981488,0.7987772688447544,-0.7847186311915213,1.0964836763914798
547,2287613431,9.851501,1.893021,-0.261165,1.006253,-0.235765,0.780054,0.284982,-0.591644,-0.40873,-0.633786,9.853939983159325,1.9006143425567463,-0.28073220123050896,0.5444134019030669,-0.7388977792007241,0.8258578300330418
548,2287630098,9.815761,1.912925,-0.262124,-0.178303,-1.233892,0.524362,0.285092,-0.591534,-0.408907,-0.633724,9.842584535866965,1.8974432750721868,-0.275485155689291,-0.6431573236358534,-1.069590969408965,0.592241139437532
549,2287646765,9.849501,1.875229,-0.270787,-2.218111,-1.979542,0.45467,0.28492,-0.591609,-0.408882,-0.633748,9.839246208958329,1.8483474206382977,-0.28318727847731157,-2.1115897418028973,-1.5249293160540802,0.5417607317825417
550,2287663432,9.869599,1.769164,-0.319099,-3.485082,-1.811343,0.733618,0.284714,-0.591713,-0.408745,-0.633832,9.845362922165497,1.7830644061667602,-0.2963120341408145,-2.9551580724482798,-1.769049882204049,0.6935219742675554
551,2287680099,9.83192,1.721783,-0.293806,-3.408884,-1.333439,0.954649,0.284574,-0.591775,-0.408587,-0.633938,9.856650209279914,1.739964424587796,-0.3027608004726706,-2.685608859796706,-1.660929828418854,0.9295023583810702
552,2287696766,9.871242,1.699248,-0.316425,-1.317069,-1.487637,1.140245,0.284608,-0.591785,-0.408598,-0.633907,9.866830856296408,1.7387290264228694,-0.2984123561757,-1.632692745541867,-1.3344868075909342,1.0876502088620603
553,2287713433,9.867613,1.805768,-0.313115,0.080353,-1.027159,1.150311,0.284805,-0.591686,-0.408732,-0.633824,9.87099907720404,1.7677942075113555,-0.2922911027349827,-0.6654106326200949,-1.0564481152694707,1.0781345873469304
554,2287730100,9.887919,1.824688,-0.238368,0.09462,-0.954893,0.833636,0.284954,-0.591577,-0.408869,-0.633771,9.868046477582531,1.7984912417870405,-0.2971307642986907,-0.4577488193319393,-1.015189428036052,0.9318655439076888
555,2287746767,9.847039,1.820837,-0.300369,-1.50408,-1.062248,0.732248,0.284989,-0.591512,-0.408909,-0.633789,9.861490087834648,1.8117546016614667,-0.3139579138150523,-0.9752759895489596,-1.1952919549851335,0.7538248520768269
556,2287763434,9.858387,1.791224,-0.372729,-2.522499,-1.584818,0.543847,0.284885,-0.591528,-0.408889,-0.633834,9.856936152337502,1.8105852091577168,-0.32847048786897887,-1.6309236904465543,-1.4080039733417498,0.6337091646216373
557,2287780101,9.845321,1.750476,-0.353345,-1.544062,-1.294671,0.716714,0.284867,-0.591509,-0.408904,-0.633851,9.857248012180127,1.8082777623443076,-0.3258250399144621,-1.8840217283233636,-1.4527798768226559,0.5939712281546243
558,2287796768,9.870225,1.842249,-0.287673,-1.478941,-1.829938,0.650249,0.28484,-0.591516,-0.408974,-0.633811,9.860157735890054,1.8099745326155965,-0.3080549291622927,-1.67043815583785,-1.2939718147082984,0.6081757263735899
559,2287813435,9.868012,1.847946,-0.286581,-1.130032,-0.936874,0.629887,0.284895,-0.591424,-0.409042,-0.633828,9.861229615648972,1.8103565594574427,-0.29285988862427376,-1.3243107981723305,-1.0995579031161764,0.6506840495413823
560,2287830102,9.864929,1.816033,-0.238438,-0.86813,-0.547817,0.68982,0.284987,-0.5913,-0.4091,-0.633866,9.858914460067028,1.8071660956765374,-0.2940011514315233,-1.1949988961911018,-1.0810784112266054,0.7169424320087712
561,2287846769,9.838558,1.785038,-0.337558,-1.925845,-1.275973,0.730186,0.28494,-0.591293,-0.409079,-0.633907,9.85574135258685,1.8089992478031869,-0.3063097979690226,-1.3794346369492754,-1.2689752314337648,0.7996874799969745
562,2287863436,9.848303,1.779014,-0.373607,-2.016699,-1.541196,0.871595,0.284904,-0.591309,-0.409067,-0.633915,9.854462406007835,1.824391346215996,-0.3132432743577934,-1.7530496103054165,-1.4634776334211101,0.8626864848425417
563,2287880103,9.86778,1.865278,-0.291788,-1.837634,-2.223644,0.88901,0.284808,-0.591406,-0.409066,-0.633869,9.854404484100417,1.8458401130161919,-0.30728251791199473,-2.1443827835706717,-1.4433500459051765,0.8565370372700923
564,2287896770,9.856175,1.880248,-0.256346,-2.058851,-0.92937,0.93067,0.284801,-0.591377,-0.409013,-0.633933,9.852841807829991,1.8512963978871646,-0.29775111515344244,-2.426977672420678,-1.2185406849962122,0.7690222319768061
565,2287913437,9.850178,1.842169,-0.276101,-2.704509,-0.611503,0.534582,0.284741,-0.591309,-0.40894,-0.634071,9.849407330784537,1.8249622109551917,-0.29740910824099437,-2.500530569470382,-1.034568665248277,0.6540594344838608
566,2287930104,9.83879,1.755939,-0.344392,-2.659008,-0.87347,0.491604,0.284643,-0.591275,-0.408865,-0.634194,9.847598087279183,1.7755350897359499,-0.3062069397147038,-2.2896966433690005,-1.1095052275715311,0.5972428910110553
567,2287946771,9.854933,1.710475,-0.3288,-1.635294,-1.734236,0.68895,0.284597,-0.591292,-0.408899,-0.634177,9.851215086033235,1.7322802603471192,-0.3121496585815006,-1.8106599615371974,-1.3949183781366419,0.6438210907639687
568,2287963438,9.852438,1.730619,-0.295609,-0.967866,-1.690579,0.812915,0.28462,-0.591287,-0.408981,-0.63412,9.859719428595266,1.7228913163966513,-0.3059785054771684,-1.2147524272736387,-1.6229508982266871,0.7589803391862138
569,2287980105,9.86732,1.7573,-0.269123,-0.862751,-1.904791,0.839719,0.28464,-0.591299,-0.409077,-0.634037,9.867731360888524,1.7536506119368864,-0.29118699924192826,-0.7387783052543604,-1.5784804079925159,0.8577277817159179
570,2287996772,9.892329,1.813587,-0.299312,-0.742781,-1.069049,0.866522,0.284734,-0.591223,-0.409158,-0.634013,9.869511500353664,1.8067699138367963,-0.2800441209227665,-0.6049479253745872,-1.3041972997324918,0.8749298623229697
571,2288013439,9.846353,1.838316,-0.275221,-0.997269,-0.761555,0.853255,0.284838,-0.591119,-0.409218,-0.634025,9.86400704569174,1.8535368043583722,-0.28245703708504843,-0.9340272954107185,-1.0441577362558456,0.8177641243853999
572,2288030106,9.859975,1.884102,-0.296936,-1.492657,-0.939389,0.836145,0.284859,-0.59107,-0.409214,-0.634064,9.85531316549262,1.8723002034935907,-0.298314633566683,-1.6812487954344353,-1.0129483065896956,0.7633776558577055
573,2288046773,9.834274,1.881016,-0.317135,-2.16207,-1.526543,0.661915,0.284776,-0.591089,-0.409193,-0.634097,9.848393517075202,1.8604353869864703,-0.31765745606060625,-2.6123195718199588,-1.2312300200945874,0.8018766963067581
574,2288063440,9.851839,1.82087,-0.322869,-3.974873,-1.791852,0.898948,0.284537,-0.591225,-0.408989,-0.634208,9.845173698247198,1.8335516810573333,-0.3273618380223891,-3.384929214439115,-1.5560588014251626,0.9619423858728943
575,2288080107,9.863692,1.783292,-0.337466,-3.967394,-1.391269,1.276031,0.284332,-0.591363,-0.408714,-0.63435,9.84505502488425,1.8121851599651055,-0.320282654950856,-3.7424266787118508,-1.820467696302881,1.1778021894189008
576,2288096774,9.840645,1.815833,-0.306628,-3.410305,-1.968374,1.370286,0.284188,-0.591512,-0.408541,-0.634387,9.847771634517635,1.8058218215550066,-0.3008129892188992,-3.675513098651881,-1.9333421031899847,1.3313326211335248
577,2288113441,9.832034,1.81431,-0.2653,-3.348002,-2.0243,1.362026,0.284082,-0.591639,-0.408412,-0.634399,9.853759173475975,1.8078121691588613,-0.28174862889700536,-3.3843004481415107,-1.8977611319975098,1.3381839020618636
578,2288130108,9.87184,1.828004,-0.250371,-2.573039,-2.044163,1.118526,0.283981,-0.591745,-0.408339,-0.634391,9.86175155431982,1.8050776668146136,-0.27412027414619977,-3.068539593567284,-1.788706018660529,1.2068110412736526
579,2288146775,9.880934,1.775203,-0.300376,-3.295061,-1.419443,1.092234,0.28385,-0.591825,-0.408175,-0.634482,9.86811571193405,1.7920878857775815,-0.27924346897137897,-2.764325045701543,-1.7041479083052697,1.0271331370046084
580,2288163442,9.866766,1.767672,-0.322546,-2.490118,-1.352978,0.906478,0.28378,-0.59185,-0.408103,-0.634536,9.86982312956396,1.7757084624166128,-0.2904219762299998,-2.3863780225208386,-1.6903449218786002,0.9048317114373627
581,2288180109,9.86028,1.773646,-0.269372,-1.757364,-2.020611,0.774137,0.283708,-0.591908,-0.408126,-0.6345,9.867199779315323,1.768355658405612,-0.30070714885293165,-1.900139784409409,-1.7031168696455303,0.891026895879165
582,2288196776,9.862309,1.77726,-0.290738,-1.44923,-1.996535,0.98388,0.283699,-0.591953,-0.408172,-0.634432,9.862868999283766,1.777714323306133,-0.3072872792328206,-1.4214578163622353,-1.6696846997276296,0.9540479691884813
583,2288213443,9.851777,1.797664,-0.335472,-1.13147,-1.364573,1.066647,0.283773,-0.591924,-0.408224,-0.634392,9.858723710749446,1.801592025591909,-0.3100811241333423,-1.1466979971425248,-1.5940934017203419,1.0128817797564584
584,2288230110,9.879539,1.841262,-0.31236,-0.772569,-1.447245,1.151003,0.283878,-0.591896,-0.408302,-0.634321,9.854878852439718,1.8298079588426592,-0.3098729580238373,-1.1986793819707562,-1.5703871260372342,1.0072155375434164
585,2288246777,9.833726,1.839026,-0.297915,-2.216587,-1.641825,0.770231,0.283817,-0.591919,-0.408293,-0.634333,9.851053629117434,1.8498643760361868,-0.30866093059069716,-1.5364888525966824,-1.671321463347989,0.9444519932660616
586,2288263444,9.836603,1.860911,-0.314963,-1.699019,-1.897747,0.84438,0.283783,-0.591955,-0.408327,-0.634293,9.847771521214996,1.8525273561270217,-0.3092465655493595,-1.9904332312082622,-1.8373611414107347,0.8841294638369511
587,2288280111,9.872646,1.825176,-0.296828,-2.140812,-1.762269,0.923536,0.283748,-0.591986,-0.408328,-0.634278,9.846123370460063,1.8354351985954462,-0.3125712471342407,-2.3658120000832046,-1.9001768661323177,0.8835789734216399
588,2288296778,9.833444,1.805502,-0.340966,-2.968102,-1.848135,1.08181,0.283611,-0.592096,-0.408205,-0.634316,9.847043972761986,1.804703318548758,-0.31589148619409335,-2.52984579666109,-1.7381516475913594,0.9601294808528962
589,2288313445,9.845954,1.793109,-0.284528,-2.190257,-2.174428,0.95819,0.283538,-0.592178,-0.408204,-0.634273,9.850630958383492,1.7742706302458546,-0.31468747871017083,-2.4458363478064507,-1.4218714577189988,1.0908198427357314
590,2288330112,9.860168,1.76458,-0.339661,-2.249448,-0.426874,1.27192,0.283574,-0.592132,-0.408082,-0.634378,9.855466353339155,1.7611365916461628,-0.307080487229103,-2.1603251043584164,-1.185798973005105,1.228284914883119
591,2288346779,9.85909,1.737,-0.284076,-1.554845,-0.647989,1.273957,0.283634,-0.592093,-0.40801,-0.634434,9.85890800110997,1.775829297565529,-0.2966978327839295,-1.76675413093286,-1.2139439122695534,1.3152505966236565
592,2288363446,9.856849,1.818553,-0.284932,-1.316454,-1.88238,1.353061,0.283663,-0.592153,-0.408019,-0.634359,9.859016963835122,1.8134537820966723,-0.2907478274551736,-1.385816419356242,-1.45085992732807,1.3036020755972872
593,2288380113,9.872015,1.877965,-0.306067,-1.798114,-2.32069,1.158879,0.283623,-0.592252,-0.408033,-0.634276,9.856485128433196,1.8544024329833801,-0.2940639861205429,-1.175835668217454,-1.664020106740379,1.1817273970773836
594,2288396780,9.831987,1.888624,-0.263262,-1.443746,-1.535663,1.064252,0.283658,-0.592253,-0.408062,-0.63424,9.854173664500735,1.876569335026226,-0.3043083971684819,-1.305202359906753,-1.6939836527713168,0.9925480045863279
595,2288413447,9.858157,1.852414,-0.364898,-0.591948,-1.279009,0.784677,0.283734,-0.592192,-0.408163,-0.634198,9.854373240351634,1.8688571118366528,-0.31370423709177353,-1.815270684058094,-1.5901377350721748,0.8187501461225473
596,2288430114,9.866242,1.815124,-0.304147,-2.858262,-0.971643,0.666385,0.283603,-0.592203,-0.408034,-0.634329,9.856703321992699,1.83497549751483,-0.31652133863187776,-2.4687446366201296,-1.4869548268606296,0.7341990632895372
597,2288446781,9.856176,1.794976,-0.319574,-3.076495,-1.843807,0.74175,0.283443,-0.592285,-0.407948,-0.63438,9.858837719112111,1.7883404851396276,-0.3145322054175601,-2.815393780694394,-1.4175897468290466,0.7543061412109829
598,2288463448,9.858653,1.778851,-0.291549,-2.936739,-1.711645,0.828782,0.283301,-0.592361,-0.407851,-0.634435,9.858781958895959,1.746386721603855,-0.3139641634681526,-2.5327485328292414,-1.3164560955160378,0.8295976038996686
599,2288480115,9.851093,1.718751,-0.302909,-2.077305,-1.210085,1.033569,0.283288,-0.592363,-0.407801,-0.634471,9.856115333720128,1.7265781316961297,-0.31754922695114063,-1.7471864378973905,-1.1772240909214695,0.8937586754302074
600,2288496782,9.847041,1.720758,-0.364454,0.198069,-0.743959,0.906337,0.283489,-0.592219,-0.407955,-0.634417,9.851866897369971,1.7392436946208014,-0.32171631692288605,-0.9784268865371888,-1.1176145381996923,0.923045598711036
601,2288513449,9.872182,1.754982,-0.319548,-0.797259,-0.899697,0.888255,0.283593,-0.59213,-0.408024,-0.634409,9.848290544812532,1.7778039057126707,-0.3221939271390398,-0.7220282666812118,-1.2427907248301115,0.9466391429444222
602,2288530116,9.834371,1.830443,-0.304904,-1.583505,-1.677593,0.9147,0.283596,-0.59214,-0.408061,-0.634374,9.848297060792053,1.8173650613911212,-0.31988339135061916,-1.065031215157914,-1.486550725511857,0.99631493709635
603,2288546783,9.840443,1.870489,-0.307494,-1.579177,-2.091572,1.019174,0.283579,-0.592197,-0.408101,-0.634303,9.853328144149538,1.829596083939058,-0.3188790591417715,-1.6708084939192671,-1.6511122984180795,1.0524023362277515
604,2288563450,9.864845,1.789304,-0.325943,-2.366473,-1.667745,1.16436,0.283519,-0.592266,-0.408025,-0.634314,9.8611021561349,1.8046405868988369,-0.3198638399134238,-2.0766992556104653,-1.6114668704438002,1.052387377575404
605,2288580117,9.884873,1.748115,-0.322258,-1.310117,-1.196159,1.092838,0.283577,-0.59224,-0.408039,-0.634304,9.866702119582223,1.7604074842020219,-0.318511557778753,-2.0037112924064853,-1.4380096823611148,0.959397216026572
606,2288596784,9.860627,1.72943,-0.321807,-1.988967,-0.940755,0.765122,0.283579,-0.592187,-0.408025,-0.634361,9.866896173665202,1.7300927425478214,-0.3115311330738636,-1.483112412380346,-1.2937355919136186,0.8132492831364467
607,2288613451,9.860423,1.734936,-0.316666,-0.846051,-1.310909,0.512081,0.283598,-0.59213,-0.408119,-0.634346,9.862758549530529,1.738394064311238,-0.3026046049490004,-0.8088758009759726,-1.2412177057008702,0.6979933973399376
608,2288630118,9.844153,1.782353,-0.259645,-0.335206,-1.458874,0.589086,0.283686,-0.592051,-0.408285,-0.634273,9.857471924211424,1.7848368229914433,-0.2999748557433411,-0.3825750281951791,-1.1961800870968233,0.6559156445089446
609,2288646785,9.86033,1.849572,-0.314032,-0.309197,-1.401655,0.796459,0.283805,-0.591976,-0.408438,-0.634191,9.852586855373858,1.844710218965208,-0.3074943011625181,-0.4943335241982839,-1.0713455095709157,0.6481289296475758
610,2288663452,9.859053,1.886583,-0.320025,-0.997154,-0.760287,0.7684,0.283911,-0.591861,-0.408514,-0.634202,9.847694280752993,1.885188132091272,-0.31963911527342087,-1.1280154710335304,-0.9169818297711695,0.611904454773203
611,2288680119,9.843963,1.895035,-0.369853,-1.877347,-0.147452,0.499288,0.283943,-0.591716,-0.408497,-0.634334,9.843206017937495,1.8857195520500953,-0.3269499613977067,-1.9380055585670461,-0.8794387345748897,0.5476670949353836
612,2288696786,9.821915,1.846425,-0.289532,-2.945384,-1.535353,0.366563,0.283751,-0.591759,-0.408417,-0.634432,9.84159857150565,1.8503190611205618,-0.3256703854572342,-2.466319576647353,-1.0370113872708966,0.5300663931296454
613,2288713453,9.857357,1.810308,-0.312872,-2.537565,-1.541565,0.620871,0.283649,-0.591781,-0.408381,-0.63448,9.845078958434994,1.804333248632306,-0.3204777472225044,-2.4670382577572436,-1.3164123229620113,0.6273881273038894
614,2288730120,9.851147,1.772824,-0.338995,-1.656719,-1.467454,0.849759,0.283638,-0.59178,-0.408394,-0.634477,9.852799970776495,1.7772469929078294,-0.3183027473360574,-2.0828833184369624,-1.5666271286065685,0.8190743520747684
615,2288746787,9.86084,1.756264,-0.304333,-2.027892,-1.377828,1.069478,0.283615,-0.591802,-0.408347,-0.634497,9.861061651013834,1.78211802584864,-0.3212485746766312,-1.7248795028068544,-1.6758909704352263,0.998498745692645
616,2288763454,9.871925,1.807252,-0.329905,-1.673931,-1.819513,1.067838,0.283605,-0.591845,-0.408358,-0.634455,9.865944469480683,1.8062950417410089,-0.325609486692206,-1.744508982000566,-1.6182493592326184,1.0545948038151665
617,2288780121,9.854104,1.837497,-0.338204,-1.709059,-1.495167,0.913791,0.283583,-0.591859,-0.408352,-0.634455,9.86553124516804,1.8222513943874605,-0.32640897064349084,-2.141542884076108,-1.439807900042478,0.9543838411579372
618,2288796788,9.872208,1.853369,-0.321555,-2.472765,-1.297424,0.796485,0.283508,-0.591873,-0.408289,-0.634517,9.860278443108065,1.811742013440051,-0.3221984999754776,-2.530860884271254,-1.2325414312162157,0.7611726187602187
619,2288813455,9.838161,1.757098,-0.301465,-2.941234,-0.761043,0.549028,0.28341,-0.591835,-0.408189,-0.634659,9.852261365147278,1.782614047962218,-0.3156844807897043,-2.431999785180726,-1.0959513390202789,0.5849142969217629
620,2288830122,9.857428,1.742634,-0.315577,-2.200182,-1.490813,0.444515,0.283314,-0.591834,-0.408189,-0.634703,9.844422524706447,1.7617411987587366,-0.3103166696819544,-1.6966600649948262,-1.0815080281003098,0.5094841880757129
621,2288846789,9.844295,1.752228,-0.293894,-0.30798,-0.752847,0.591532,0.283436,-0.591698,-0.408318,-0.634693,9.839836421274889,1.769941222392057,-0.30723135422147646,-0.7110001992885386,-1.1562834178857462,0.5492965769009205
622,2288863456,9.818715,1.809318,-0.349817,0.271066,-1.345397,0.716816,0.283582,-0.5916,-0.408513,-0.634593,9.840358619265778,1.8030550957177447,-0.30582420414186423,-0.141827791236827,-1.2269953351628404,0.6597161478255235
623,2288880123,9.854431,1.878014,-0.273789,-0.126347,-1.547558,0.763636,0.283667,-0.591553,-0.408658,-0.634506,9.845235464942434,1.8369327204351262,-0.3057636274725489,-0.4075273781855139,-1.215757446778501,0.7823616138312459
624,2288896790,9.86482,1.837787,-0.28883,-1.845139,-0.944673,0.905544,0.28366,-0.591525,-0.408613,-0.634564,9.851484257551789,1.849653740846314,-0.306575635460479,-1.3352658988883226,-1.1239550310396667,0.8811929313463358
625,2288913457,9.842903,1.834977,-0.325602,-2.23499,-0.73908,0.887141,0.283642,-0.591485,-0.408536,-0.634659,9.856228979393409,1.8385878157003588,-0.3060590001895768,-2.2977238370804347,-1.0216739707440707,0.9421667247633042
626,2288930124,9.862793,1.799086,-0.319684,-2.88041,-1.223797,0.873208,0.283518,-0.591529,-0.408403,-0.634759,9.858509204564765,1.8181614116426252,-0.3019026028860584,-2.6888071347019413,-0.9753018288437983,0.9512959013253968
627,2288946791,9.859651,1.813559,-0.28248,-2.54694,-0.956109,0.996789,0.283479,-0.591523,-0.408305,-0.634845,9.858762051588068,1.8044809362578398,-0.29547556118367213,-2.3383617913874373,-0.9937926637700385,0.8884229334956572
628,2288963458,9.84318,1.796445,-0.288992,-0.984501,-1.080933,0.797381,0.283545,-0.591455,-0.40837,-0.634837,9.857358882545679,1.8030134727736402,-0.2916160901516872,-1.5720392746355494,-1.0419668503618227,0.7514558214232401
629,2288980125,9.874147,1.831189,-0.267058,-1.204552,-1.120504,0.558069,0.283573,-0.591382,-0.408442,-0.634847,9.854489283228734,1.8083855105082673,-0.29321179087006277,-0.9277540258518573,-1.085515022642246,0.5824932875458497
630,2288996792,9.857365,1.798479,-0.331542,-0.746098,-0.935094,0.384876,0.283624,-0.59127,-0.408553,-0.634857,9.851156158307763,1.812496175945877,-0.29743900463762246,-0.7738674102269754,-1.11268874765747,0.45651150967160986
631,2289013459,9.82304,1.810877,-0.307391,-0.753423,-1.179811,0.451686,0.283638,-0.591202,-0.408642,-0.634856,9.848886465654573,1.8118310702583793,-0.298818677462512,-1.094680351196398,-1.1277333989818155,0.43256899151617983
632,2289030126,9.852187,1.805512,-0.26815,-1.800522,-1.30813,0.498724,0.283593,-0.59117,-0.408667,-0.63489,9.84769219174653,1.8091462921031451,-0.29507293225919545,-1.5626019201893233,-1.1444789205192076,0.5100662401938549
633,2289046793,9.853665,1.820865,-0.29276,-1.968567,-1.176827,0.673428,0.283567,-0.591137,-0.408666,-0.634933,9.845470549150676,1.8108117865196256,-0.2887861415576302,-1.8276936818509555,-1.1849914399145498,0.6288214525158897
634,2289063460,9.854626,1.83249,-0.288537,-2.170459,-1.053374,0.686171,0.283506,-0.591119,-0.408614,-0.63501,9.840891395539428,1.8223476655003106,-0.2843572362484408,-1.8072346095420782,-1.2609237411221523,0.7119279188866993
635,2289080127,9.822579,1.818138,-0.304664,-1.65873,-1.335894,0.691601,0.283481,-0.591102,-0.40863,-0.635028,9.836308975452564,1.8431730039349614,-0.28467500838979654,-1.7322204694139822,-1.3426417849523644,0.7194746361508989
636,2289096794,9.827,1.858956,-0.257212,-0.862661,-1.458425,0.774637,0.283526,-0.591066,-0.408718,-0.634984,9.836107625080103,1.8630452098681738,-0.28954840368201995,-1.8908763320207926,-1.3642871874186961,0.6783889559790275
637,2289113461,9.845387,1.876027,-0.297461,-2.693862,-1.439482,0.710661,0.283401,-0.591106,-0.408634,-0.635057,9.84189451558187,1.8654948067345882,-0.2953845991431532,-2.3071365386521823,-1.2852926258900275,0.6662112750452625
638,2289130128,9.861045,1.843133,-0.318336,-3.183607,-1.206115,0.603659,0.283237,-0.591138,-0.408503,-0.635184,9.85040060246742,1.8401080925189748,-0.29703769542356173,-2.689588105920096,-1.1472124042348935,0.7488723440350276
639,2289146795,9.851756,1.823312,-0.290595,-2.74011,-0.645555,0.77538,0.283165,-0.591108,-0.408381,-0.635324,9.85644264347714,1.7954478091393513,-0.2921811493545348,-2.713897102464904,-1.0486159789663012,0.9110734391957234
640,2289163462,9.860469,1.743985,-0.272066,-2.182445,-1.086183,1.202535,0.283146,-0.591125,-0.408283,-0.635378,9.85721995133326,1.7589088904057812,-0.28442521015163463,-2.343496257835872,-1.0544933981950297,1.0461999411028835
641,2289180129,9.844514,1.73446,-0.280907,-2.010661,-1.54369,1.172748,0.283114,-0.591175,-0.408225,-0.635383,9.853600352177374,1.758505432982394,-0.28116329047127675,-1.865356174241992,-1.141510586976482,1.0358552877359266
642,2289196796,9.852032,1.782558,-0.301682,-1.132402,-0.939333,0.821342,0.28315,-0.591119,-0.408243,-0.635407,9.848359344209955,1.7992441327245912,-0.287600110671241,-1.6244781813374036,-1.2356270870901787,0.8578386131384094
643,2289213463,9.843615,1.871081,-0.284156,-1.703181,-1.45954,0.509622,0.283096,-0.591104,-0.408275,-0.635425,9.844243871360625,1.8557502023114858,-0.3020756295761271,-1.7261682162251606,-1.2872982950922949,0.6187093092629946
644,2289230130,9.859621,1.920705,-0.321659,-2.180717,-1.020628,0.511262,0.283011,-0.591079,-0.408229,-0.635516,9.84333838652063,1.890706563381769,-0.316178068707316,-1.98092009782397,-1.304102204416896,0.47544836121992695
645,2289246797,9.817558,1.89325,-0.314513,-2.680484,-1.659357,0.43856,0.282858,-0.591117,-0.408188,-0.635575,9.8466498066171,1.884464910222515,-0.31996923744607103,-2.1220721690436104,-1.3292661561994399,0.51605152128069
646,2289263464,9.873036,1.833276,-0.3283,-1.842834,-1.334345,0.698337,0.282826,-0.591101,-0.408193,-0.635601,9.853078507689762,1.84941097788111,-0.3096685710603767,-2.060264462209155,-1.4013001406381331,0.7001242378238617
647,2289280131,9.853111,1.789889,-0.303046,-1.467465,-1.244276,1.01789,0.282851,-0.591088,-0.408192,-0.635603,9.859157383908846,1.8167879468814434,-0.2919433716994022,-1.917436009188861,-1.519243309365767,0.9013641823496855
648,2289296798,9.85223,1.805169,-0.247094,-1.570545,-1.82114,0.994483,0.282837,-0.591126,-0.408214,-0.635559,9.861069595559771,1.8096623718275984,-0.2793569168348774,-1.8452048190830528,-1.6300906777662487,1.0093165037598428
649,2289313465,9.886754,1.856042,-0.275135,-2.468539,-1.742791,1.087291,0.282754,-0.591203,-0.408137,-0.635574,9.85779695799731,1.82686635417489,-0.27927468384721393,-1.8727901349845568,-1.658065095147296,1.0045565249126176
650,2289330132,9.825143,1.84767,-0.279622,-2.332613,-1.501365,0.800493,0.282683,-0.591227,-0.408098,-0.635609,9.852286050295989,1.8492692294551183,-0.28717775361193154,-1.946092501060364,-1.5646382632766487,0.9492591921537488
651,2289346799,9.8568,1.856454,-0.349464,-1.537825,-1.341132,0.828961,0.282685,-0.59121,-0.408117,-0.635612,9.848950225335496,1.8583178093311385,-0.2924635315349199,-2.040855743315468,-1.3870780088576196,0.9126022359457848
652,2289363466,9.84535,1.847461,-0.271767,-1.769274,-1.318913,1.001553,0.282691,-0.591206,-0.408104,-0.63562,9.849592778612028,1.8493750331099037,-0.29050206442510745,-2.1578493363611972,-1.2176750771493585,0.9090181674382456
653,2289380133,9.856744,1.832299,-0.248663,-2.683737,-0.970875,1.008302,0.282642,-0.591207,-0.407994,-0.635712,9.851860838960706,1.8317778282270378,-0.28660555771737206,-2.223481120788563,-1.14177984952985,0.9063355964731548
654,2289396800,9.846501,1.803777,-0.308882,-1.864899,-1.318683,0.904519,0.282643,-0.591193,-0.407993,-0.635725,9.8518721651159,1.81981783635735,-0.2877953195894165,-2.0837450010003034,-1.1827618244962415,0.8803752872850558
655,2289413467,9.871667,1.853552,-0.281535,-1.937422,-1.299537,0.669535,0.282596,-0.591181,-0.407985,-0.635762,9.84825070266426,1.8230905186563973,-0.2936701340902698,-1.6574680836900806,-1.287798833744522,0.8454414665568044
656,2289430134,9.811092,1.811758,-0.322148,-1.264128,-1.145874,0.872721,0.282636,-0.591138,-0.408017,-0.635764,9.84336875872869,1.8414461003233957,-0.29763934487055954,-1.0926203601030915,-1.360322245438058,0.830838909535946
657,2289446801,9.858325,1.887232,-0.298422,-0.463667,-1.480632,0.867752,0.282709,-0.591103,-0.408121,-0.635697,9.840681704868855,1.8652401725198235,-0.2957846922590108,-0.7293324307842615,-1.3249247955093513,0.8433777743549672
658,2289463468,9.827073,1.854564,-0.272118,-0.802917,-1.390917,0.891382,0.282773,-0.591067,-0.408201,-0.635651,9.84134690471717,1.8798710067444016,-0.29176649443988856,-0.8491354826518615,-1.1913481098320624,0.8646786641600878
659,2289480135,9.863787,1.890515,-0.301878,-0.878311,-1.039235,0.895388,0.282836,-0.591011,-0.408245,-0.635647,9.843828106724601,1.8735801423028096,-0.29205503956711026,-1.4106859044808655,-1.063608421266873,0.8803232216590411
660,2289496802,9.840789,1.859662,-0.270767,-2.446269,-0.606752,0.921679,0.282822,-0.590962,-0.408151,-0.635759,9.846223106114136,1.8456803936054378,-0.29754005433769154,-2.031900207057967,-1.0630595976679205,0.8998739256710676
661,2289513469,9.835066,1.800126,-0.324842,-2.944346,-1.337367,0.799443,0.282695,-0.591005,-0.408037,-0.635849,9.847944594217688,1.8094314890143195,-0.3016671756983645,-2.28137936893497,-1.2217737122428873,0.94368462924705
662,2289530136,9.859841,1.774125,-0.319452,-1.560082,-1.951688,1.100571,0.282643,-0.591087,-0.408017,-0.635808,9.849116215218826,1.7851514873156797,-0.2977208777111135,-2.037386926369532,-1.4544119728459772,1.0145229510444267
663,2289546803,9.848546,1.788651,-0.260343,-1.681102,-1.234929,1.123213,0.282652,-0.591093,-0.40798,-0.635823,9.84946519427172,1.78672137104811,-0.2872756589644022,-1.5789456159073252,-1.6351178178495671,1.0880431946857234
664,2289563470,9.840313,1.808019,-0.284096,-0.976407,-1.712119,1.11955,0.282695,-0.591112,-0.408031,-0.635754,9.848615707164509,1.8113924304943745,-0.2801846162911628,-1.322721300381172,-1.6890651110350143,1.1309183024620693
665,2289580137,9.871892,1.853881,-0.286569,-1.315481,-1.768237,1.099957,0.28269,-0.591157,-0.408041,-0.635707,9.847091103409914,1.8409271660596593,-0.28559224810141237,-1.456281354561145,-1.615546216340301,1.1242320490346551
666,2289596804,9.813795,1.833166,-0.30465,-2.17229,-1.254254,1.045337,0.282668,-0.591168,-0.407984,-0.635744,9.846158635219668,1.8535311530909078,-0.30258703691875066,-1.7959174251407446,-1.4553596775452458,1.0713936123533105
667,2289613471,9.861269,1.862271,-0.284524,-2.035761,-1.394496,1.01984,0.282645,-0.591185,-0.407945,-0.635762,9.846349281791461,1.8388740017056864,-0.3191641803641632,-1.9689422418020865,-1.2583398036081856,0.9936969150953227
668,2289630138,9.852343,1.808802,-0.379528,-1.66512,-0.987754,0.992332,0.282678,-0.591147,-0.407929,-0.635794,9.846546851550825,1.8066120075211138,-0.3210879094845607,-1.735799821173042,-1.076202459357251,0.9245347761939541
669,2289646805,9.834956,1.7914,-0.290791,-1.281659,-1.107278,0.826898,0.282714,-0.591099,-0.407961,-0.635802,9.84504623504712,1.7814974150399656,-0.30397440948639887,-1.1801572076949158,-0.9670051632364528,0.9001297767195802
670,2289663472,9.839382,1.742407,-0.252917,-0.544206,-1.026121,0.926226,0.282837,-0.591012,-0.408057,-0.635766,9.841624181060713,1.7857790768275685,-0.2779761130157334,-0.638173895781248,-0.9818309970798753,0.9400558355343858
671,2289680139,9.862622,1.825437,-0.286795,-0.20891,-0.874059,1.052804,0.283008,-0.590906,-0.408166,-0.635718,9.838521788845553,1.8206208025192234,-0.2600311158080014,-0.4484671663587768,-1.1217106979736473,1.026835017882581
672,2289696806,9.814627,1.86895,-0.218321,-0.870819,-1.172818,1.079428,0.28308,-0.590874,-0.408199,-0.635695,9.83904905379714,1.8629332871518707,-0.26040133177699903,-0.717255562608646,-1.3025678154894835,1.1058420933226731
673,2289713473,9.843131,1.9096,-0.307906,-1.23005,-1.712478,1.157508,0.28311,-0.590902,-0.408227,-0.635637,9.844428978509548,1.8829265389120489,-0.2756434995007567,-1.2575987406665377,-1.3912974759941585,1.1138445447206584
674,2289730140,9.856766,1.881605,-0.29525,-1.82041,-1.573811,0.9821,0.283092,-0.590925,-0.40822,-0.635629,9.851815324102372,1.868081287166434,-0.2933593019301677,-1.723373618680529,-1.3106361502616073,1.0202851525535113
675,2289746807,9.866967,1.804545,-0.301769,-1.960153,-0.709741,0.910346,0.283106,-0.590869,-0.40817,-0.635707,9.856252111887102,1.8317229311449421,-0.3028950294459623,-1.8234832308288151,-1.1108768235208242,0.8537585117973583
676,2289763474,9.854187,1.775678,-0.300342,-1.165608,-0.743101,0.728227,0.283184,-0.590764,-0.408223,-0.635735,9.85506074770203,1.7990659825822202,-0.3018841927615866,-1.4697938806651234,-0.9224035735055267,0.6930931724816338
677,2289780141,9.832666,1.787177,-0.276074,-1.009819,-1.139112,0.467413,0.283214,-0.590683,-0.408317,-0.635737,9.849946431672288,1.7859710986208457,-0.29446757914955,-0.7908099109946503,-0.8406372780046265,0.6233367941808914
678,2289796808,9.855324,1.816437,-0.298042,0.094645,-0.950078,0.72701,0.283369,-0.590557,-0.408479,-0.635681,9.844934252094161,1.7913592273207182,-0.28577500935474,-0.045410077664645165,-0.8669017812012073,0.6837934690692016
679,2289813475,9.850779,1.836152,-0.300895,0.428558,-0.694232,0.937188,0.283591,-0.590404,-0.408646,-0.635617,9.842910362919076,1.8070476875897548,-0.27897162739254294,0.4888306825545937,-0.9435120235880771,0.8463510827693126
680,2289830142,9.835987,1.803998,-0.23901,0.644461,-1.059021,1.006787,0.283815,-0.590281,-0.408841,-0.635507,9.843803225513756,1.8292207253778563,-0.27561800429558436,0.605410480481312,-1.0211504894654495,1.038329907723826
681,2289846809,9.826075,1.812759,-0.301493,-0.052237,-1.301509,1.105822,0.283964,-0.59022,-0.408964,-0.635416,9.844976690848352,1.8572479817585972,-0.2760846474016738,0.23034509654510932,-1.0994393630654984,1.1871130772530747
682,2289863476,9.876252,1.914197,-0.263992,-0.081679,-1.233034,1.32686,0.284132,-0.59017,-0.409059,-0.635327,9.843531139264334,1.8848391541079232,-0.2788533608941221,-0.5414557439527758,-1.222337787229455,1.2553813489128105
683,2289880143,9.831667,1.915141,-0.290551,-1.3842,-1.157694,1.336848,0.284166,-0.590184,-0.409006,-0.635332,9.839462215906337,1.8990652914759476,-0.28056975224062597,-1.4585909158054522,-1.4263591175089583,1.2526142176778545
684,2289896810,9.829022,1.905761,-0.269325,-2.745809,-1.68415,1.130679,0.284071,-0.590268,-0.408901,-0.635365,9.836566048887427,1.8907639188020307,-0.277944678211123,-2.2111274036583928,-1.6730092031802228,1.219760925913883
685,2289913477,9.837223,1.833609,-0.284118,-2.492039,-1.926178,1.084807,0.283983,-0.590357,-0.408837,-0.635362,9.838935024198099,1.863478686570041,-0.27030888876110665,-2.5858738819792353,-1.8400722054409169,1.1940578553552201
686,2289930144,9.844099,1.816183,-0.235886,-2.412716,-1.853745,1.246653,0.283901,-0.590459,-0.408745,-0.635363,9.846110133437707,1.830335967027203,-0.2609853097693813,-2.561767446903603,-1.811941944903503,1.1825833101814358
687,2289946811,9.848705,1.825947,-0.2969,-2.097552,-1.805849,1.291245,0.283858,-0.590544,-0.40868,-0.635346,9.852578485858963,1.803857376085124,-0.256269742145739,-2.2610636304601224,-1.5990746622575034,1.1736841482480624
688,2289963478,9.882544,1.803116,-0.22949,-1.987558,-1.313688,1.184427,0.283854,-0.590565,-0.408624,-0.635364,9.852848543057494,1.7900250138429392,-0.2616688520807145,-1.820665304573841,-1.3584949835883422,1.1713391591398912
689,2289980145,9.825374,1.76628,-0.277378,-1.193296,-0.792982,1.095897,0.283947,-0.590496,-0.408633,-0.63538,9.846882118326695,1.7892392300860829,-0.2768359971923357,-1.324151142742782,-1.2701429560055313,1.2016169953797087
690,2289996812,9.830531,1.80691,-0.293212,-0.982101,-1.458718,1.222753,0.284031,-0.590487,-0.408678,-0.635322,9.840111384233335,1.7986924484023659,-0.29334281561144426,-0.8465809617947821,-1.3782866490079002,1.2733664532169517
691,2290013479,9.850834,1.803082,-0.305298,-0.845129,-2.016718,1.278042,0.284088,-0.590534,-0.408745,-0.63521,9.838400696635274,1.8131433784994015,-0.29923210226213987,-0.526718326952238,-1.5600277971831429,1.3423541356392672
692,2290030146,9.846039,1.843709,-0.311398,-0.217042,-1.501288,1.554915,0.284271,-0.590514,-0.408839,-0.635086,9.843419162848967,1.826193764206387,-0.2883726714446802,-0.5421167675588368,-1.6514193343823074,1.3366654577838504
693,2290046813,9.843806,1.831639,-0.236578,-0.785042,-1.477136,1.284112,0.284343,-0.590524,-0.408868,-0.635026,9.8521048134164,1.833162747921157,-0.2665058014019885,-0.9618831183262216,-1.5922698485421578,1.2294942247862755
694,2290063480,9.85877,1.816351,-0.249334,-1.538081,-1.561594,0.919413,0.284332,-0.590538,-0.408881,-0.63501,9.859285272724282,1.8331553939015364,-0.24792856587208317,-1.6077204084411643,-1.4496291384024098,1.0799359067060674
695,2290080147,9.869713,1.838175,-0.26737,-2.280107,-1.127048,0.903623,0.284285,-0.59054,-0.408811,-0.635075,9.86108942951212,1.8285786404086801,-0.24540517180519889,-2.1014009636074253,-1.3283880400531998,0.9908657463191838
696,2290096814,9.854603,1.829357,-0.235556,-2.237794,-1.25775,1.149389,0.284254,-0.590567,-0.408728,-0.635116,9.857475816949638,1.823431791112281,-0.26124778932262566,-2.124722732769764,-1.2824569807826272,1.0245506131914417
697,2290113481,9.854692,1.822234,-0.280955,-2.063551,-1.628417,1.154396,0.284229,-0.590614,-0.408687,-0.63511,9.852299582657645,1.8218308812855806,-0.28562353976962807,-1.691658194864726,-1.305965473443761,1.157353652990774
698,2290130148,9.843626,1.80949,-0.327491,-1.038416,-1.364273,1.274392,0.284295,-0.590617,-0.408697,-0.635071,9.850295359818553,1.82632755127541,-0.30336610927928,-1.168472731117964,-1.3792106566006268,1.3045687031682474
699,2290146815,9.848192,1.851703,-0.295379,-0.235624,-1.238502,1.361091,0.284464,-0.590568,-0.408786,-0.634984,9.853114491911166,1.8361027332781692,-0.3054104641251394,-0.979277728963318,-1.488327995414513,1.381739716823703
700,2290163482,9.867129,1.835846,-0.320512,-1.180438,-1.483423,1.446445,0.284545,-0.590587,-0.408791,-0.634927,9.858043499601296,1.8469888583191434,-0.2961875594478272,-1.248068472616022,-1.594309355610393,1.3555948537855984
701,2290180149,9.867061,1.86645,-0.274088,-2.206257,-1.726591,1.277312,0.284505,-0.590662,-0.408723,-0.634919,9.860604225206982,1.8541609563941406,-0.2893070713731111,-1.7327570576209501,-1.6222613422397467,1.257357585737669
702,2290196816,9.850399,1.856958,-0.240884,-2.751175,-1.887156,1.02787,0.284378,-0.590764,-0.408626,-0.634944,9.858256897142404,1.8550244205374957,-0.2940958858675495,-2.1242987641554203,-1.5284555921656529,1.1531824825648866
703,2290213483,9.840639,1.843767,-0.34488,-2.389652,-1.361955,1.029829,0.284336,-0.590788,-0.40856,-0.634982,9.851811458201915,1.849179678007488,-0.3064644959645942,-2.3724088632683977,-1.3776708612105835,1.0945187384213055
704,2290230150,9.863268,1.80764,-0.356017,-1.657539,-0.851084,1.228059,0.284403,-0.590748,-0.408522,-0.635014,9.844373770192256,1.8360712655364668,-0.3146097084141549,-2.6534220981944356,-1.3100639765201822,1.0920270063947461
705,2290246817,9.837096,1.848921,-0.289808,-2.639248,-1.389848,1.252916,0.28435,-0.590804,-0.408408,-0.635059,9.83972276454941,1.8146606433864907,-0.3128798174132973,-3.029152414741678,-1.4035096846859558,1.1324990981522658
706,2290263484,9.831859,1.799188,-0.286712,-3.848027,-1.760067,1.066737,0.284156,-0.590932,-0.408215,-0.635151,9.840698539733186,1.7870733624681465,-0.3066837561679679,-3.2527868996448794,-1.5875326253399933,1.205207222689141
707,2290280151,9.845243,1.741894,-0.288189,-3.771752,-1.957131,1.157035,0.283935,-0.591099,-0.408002,-0.635231,9.847416889475104,1.7613141576475397,-0.3032469125307183,-3.01875565968467,-1.7193262649589873,1.2974475360227002
708,2290296818,9.860922,1.732745,-0.322244,-2.637493,-1.861134,1.485876,0.283868,-0.591217,-0.40788,-0.635229,9.856728870552086,1.747351359625081,-0.3016742359254376,-2.381162330300909,-1.7330341395710374,1.3745435463015365
709,2290313485,9.874549,1.751502,-0.315759,-0.875365,-1.177096,1.472557,0.284001,-0.591193,-0.407903,-0.635178,9.864256640773469,1.7495392272926535,-0.29557390933247357,-1.7993422040218239,-1.6835123633986284,1.3909270514926169
710,2290330152,9.867143,1.785401,-0.263886,-0.968852,-1.573734,1.396309,0.284059,-0.591228,-0.407906,-0.635118,9.867175202328218,1.7641444951511946,-0.2841784425650522,-1.6882031103429038,-1.647430873227523,1.3318549860012543
711,2290346819,9.834908,1.793799,-0.298362,-2.186646,-1.86043,1.065777,0.284001,-0.591296,-0.407871,-0.635102,9.86482416719665,1.784103734694582,-0.27712446343218855,-1.9697850678294528,-1.6282098018766842,1.2320080403192628
712,2290363486,9.882876,1.779576,-0.273014,-3.212064,-1.880431,1.074998,0.28387,-0.5914,-0.407754,-0.635139,9.857732901626546,1.803674529121842,-0.2856293426246843,-2.1664072724329926,-1.5899559209607592,1.1435131736836932
713,2290380153,9.852616,1.804447,-0.256885,-2.225769,-1.529911,1.20388,0.283828,-0.591457,-0.407677,-0.635154,9.847956196620475,1.817651972930149,-0.30843485436059614,-1.95303589936107,-1.5532821519872548,1.0944028719251624
714,2290396820,9.836192,1.824221,-0.366098,-1.452266,-1.131147,1.182186,0.28388,-0.591439,-0.407663,-0.635157,9.840249917842431,1.8198534856019126,-0.32837948921798543,-1.5336939227659432,-1.5949125206601182,1.0869473220738617
715,2290413487,9.838282,1.848274,-0.376209,0.23613,-1.868203,1.097882,0.284037,-0.591408,-0.407852,-0.634995,9.840254048629419,1.8073566573527595,-0.3264070655395269,-1.400976829225324,-1.7318609108128367,1.1232486414045062
716,2290430154,9.830331,1.783984,-0.261705,-2.198786,-1.756353,1.083155,0.283958,-0.591486,-0.407783,-0.635001,9.84934289615991,1.786602596025576,-0.3006695029796024,-1.758715297850618,-1.8445419960997227,1.2076353442389252
717,2290446821,9.874413,1.717639,-0.272554,-3.210476,-2.12054,1.288287,0.28381,-0.591639,-0.407638,-0.635018,9.861785604534425,1.771124755095174,-0.27017058158044294,-2.2717975614023187,-1.7627503206134076,1.3169743906946543
718,2290463488,9.886478,1.780586,-0.23911,-2.150391,-1.437397,1.483571,0.28381,-0.591697,-0.407544,-0.635024,9.86884071833214,1.7704241321588705,-0.25780682989783527,-2.4091602034094577,-1.4429816947983698,1.3865020592612376
719,2290480155,9.854886,1.819339,-0.260445,-2.200476,-0.944686,1.402494,0.283836,-0.591702,-0.40744,-0.635074,9.866443819627081,1.782229316034971,-0.2698961139104435,-1.9809868984542516,-1.0471402226736521,1.3460289417426439
720,2290496822,9.860512,1.787896,-0.318116,-1.227553,-0.737159,1.115683,0.283935,-0.591628,-0.407445,-0.635096,9.858432780785073,1.7964084603764034,-0.2924025475959068,-1.3114871940594226,-0.8259023262033649,1.1776828272287152
721,2290513489,9.834787,1.790821,-0.325794,-0.309542,-0.624105,0.944295,0.284073,-0.591516,-0.407517,-0.635093,9.852187675348661,1.8040299361907588,-0.30608172567522257,-0.9146985178554907,-0.9077343164291608,0.9380718932115006
722,2290530156,9.86493,1.797693,-0.283022,-1.056242,-1.610098,0.694498,0.284099,-0.591488,-0.407613,-0.635045,9.851888229686367,1.8014252514717488,-0.30421522348527996,-1.018941336909885,-1.1900140428810362,0.7252843806594831
723,2290546823,9.866586,1.787558,-0.307563,-1.567395,-1.162368,0.645254,0.284103,-0.591439,-0.407647,-0.635068,9.856100064976864,1.7891219002457937,-0.2957439442718785,-1.3828154732621265,-1.431725299418354,0.6210682117499192
724,2290563490,9.839655,1.787974,-0.259883,-1.784591,-1.88238,0.651145,0.284018,-0.591482,-0.407665,-0.635054,9.860572099227312,1.771636282182115,-0.29265347410737896,-1.5491769433517595,-1.4597268927014766,0.649248385130521
725,2290580157,9.878424,1.770733,-0.292643,-1.665389,-1.23685,0.737652,0.284009,-0.591453,-0.407678,-0.635076,9.862205536906101,1.758630000299503,-0.2963440896959584,-1.2820124839434845,-1.3008530265986709,0.7695748934140728
726,2290596824,9.858049,1.736074,-0.333465,-0.463859,-0.717937,0.918068,0.284142,-0.591344,-0.407757,-0.635068,9.86077748814856,1.7618666889096868,-0.29767495101507924,-0.777434498818151,-1.126695473353942,0.9036358817780406
727,2290613491,9.854401,1.777944,-0.298203,0.083286,-1.131351,0.999683,0.284326,-0.591241,-0.407914,-0.63498,9.857960087039638,1.786353753720051,-0.28987308259357,-0.46805400835989663,-1.0778634099248863,0.9777844237047821
728,2290630158,9.852979,1.836931,-0.264712,-0.864518,-1.19231,1.012925,0.284405,-0.591198,-0.407967,-0.634951,9.855056775927558,1.823182029193487,-0.2787495675108804,-0.6282507618956652,-1.1499139791731792,0.961313108812274
729,2290646825,9.845474,1.847162,-0.276329,-1.049275,-1.519268,0.772204,0.284436,-0.591172,-0.408046,-0.634911,9.85173107057715,1.8528078185933612,-0.2772717285721513,-1.1565770372296766,-1.2483401435040493,0.8785629459532288
730,2290663492,9.869322,1.886264,-0.242409,-2.344663,-1.435233,0.821623,0.284368,-0.591193,-0.407999,-0.634951,9.847299047181437,1.8577790144389332,-0.28971786304140174,-1.703476623695348,-1.3269206549242947,0.7895911696316795
731,2290680159,9.825943,1.802447,-0.336839,-1.948858,-1.098772,0.81814,0.284357,-0.591164,-0.40798,-0.634996,9.843226927383512,1.834556116932037,-0.30391656720187116,-1.9666561280630033,-1.4331897771341469,0.7552323448311044
732,2290696826,9.854235,1.807785,-0.349761,-0.860523,-1.520472,0.72774,0.284399,-0.591129,-0.408079,-0.634946,9.843333855976413,1.7955508584669702,-0.3021362801719913,-1.8651283658351767,-1.6066559703443095,0.8067672846942612
733,2290713493,9.842393,1.758588,-0.238779,-2.303091,-1.655192,0.974692,0.284328,-0.591182,-0.408025,-0.634963,9.85028683553158,1.7615915247153346,-0.27990872615121326,-1.5045142465509893,-1.7655795285571925,0.9294275900158898
734,2290730160,9.850664,1.752638,-0.261789,-1.039158,-2.059965,1.036386,0.284354,-0.59122,-0.408106,-0.634864,9.861483348880508,1.751093755048183,-0.25222595784787766,-1.0684000057289704,-1.7459027428661198,1.0636036586877813
735,2290746827,9.881577,1.78199,-0.228984,-0.514303,-1.835803,1.061294,0.284425,-0.591228,-0.408209,-0.634759,9.869186381464372,1.7711687963587015,-0.24019944230912046,-0.7535585615726558,-1.4780006084395512,1.1302077429368584
736,2290763494,9.871256,1.791417,-0.229021,-1.057241,-0.643724,1.168573,0.28452,-0.59116,-0.408194,-0.634789,9.866304559479213,1.8129934806445467,-0.2520463061088359,-0.7228178411778873,-1.1078171139728734,1.0792275623785699
737,2290780161,9.850888,1.844068,-0.299165,-0.629509,-0.912824,1.045875,0.28465,-0.591075,-0.408265,-0.634764,9.85331030693276,1.8538296767695348,-0.2770789621591191,-1.0260069813081067,-0.9074567843181061,0.936123659310913
738,2290796828,9.84543,1.889492,-0.327482,-1.491466,-1.075272,0.742326,0.28466,-0.591029,-0.408281,-0.634792,9.839427363111843,1.8680715929278366,-0.29717597044313415,-1.5356163910016734,-1.0417976186253828,0.801140946613678
739,2290813495,9.829197,1.86558,-0.298506,-2.236385,-1.052208,0.678192,0.284578,-0.591023,-0.408212,-0.634879,9.835680133158144,1.8439829817008757,-0.3026811487113308,-1.9863100295806349,-1.413085378653463,0.7794999173936217
740,2290830162,9.815046,1.773256,-0.25496,-2.316374,-2.195379,0.77068,0.284452,-0.591117,-0.408194,-0.63486,9.845244812748705,1.7945355911456582,-0.2966753113994762,-2.1250622753285464,-1.7337083586842403,0.8881774346589363
741,2290846829,9.889956,1.750708,-0.274236,-1.63336,-2.113534,1.134316,0.284424,-0.591195,-0.408205,-0.634792,9.860281875240215,1.751427451948286,-0.28653001159064856,-1.8634864247264953,-1.762798284624869,1.0296573546639538
742,2290863496,9.888013,1.744272,-0.335286,-1.140815,-0.951179,1.239174,0.284516,-0.591154,-0.408205,-0.634789,9.868988480398935,1.7442560330959505,-0.2763699208447219,-1.3173725450593747,-1.4917914222976474,1.0735484796074601
743,2290880163,9.846851,1.761974,-0.256089,-0.812384,-1.080946,1.000439,0.284603,-0.591098,-0.408258,-0.634768,9.865983579271887,1.779744410275841,-0.2692037232112001,-0.7333109421217459,-1.1223108890762585,0.9762692576325137
744,2290896830,9.844723,1.843469,-0.253897,-0.822755,-1.035648,0.704475,0.284672,-0.591017,-0.408339,-0.63476,9.855524293170957,1.8364735672895085,-0.27127648608580696,-0.3833094357614728,-0.8889139549601087,0.8196048292763636
745,2290913497,9.852808,1.889724,-0.29621,-0.195105,-0.884957,0.58071,0.284796,-0.590886,-0.408486,-0.634732,9.845700104094515,1.8793877985939325,-0.2881361984271803,-0.4642417200034846,-0.906330074698764,0.7283489730303155
746,2290930164,9.838422,1.895547,-0.293641,-0.580269,-1.268494,0.760768,0.284889,-0.590812,-0.408606,-0.634682,9.841406409747783,1.8841916682291098,-0.3153194979229036,-0.9924744249795874,-1.1420395058935842,0.7538013950598021
747,2290946831,9.864115,1.862164,-0.343149,-2.030152,-1.339582,1.019802,0.284904,-0.590802,-0.408598,-0.63469,9.842671969496754,1.8539592804752925,-0.3362581266773147,-1.7462952776845733,-1.4728239035388595,0.8408731023972511
748,2290963498,9.817533,1.787622,-0.354319,-2.269247,-1.666362,0.99109,0.28483,-0.590861,-0.408541,-0.634705,9.847122169385289,1.8152486771904384,-0.3335828691912636,-2.3601537537422606,-1.750331233252289,0.8990520483445474
749,2290980165,9.865665,1.801208,-0.305038,-3.02582,-2.048171,0.652823,0.284662,-0.59095,-0.408481,-0.634736,9.85225891088836,1.7966474238190806,-0.305533569702147,-2.562886158903823,-1.8557584295371745,0.889142231835512
750,2290996832,9.863485,1.796223,-0.288995,-2.26543,-1.570993,0.962954,0.284607,-0.590987,-0.408437,-0.634754,9.85619487826003,1.8067409923897746,-0.2715540442657532,-2.376509977080384,-1.7538259246817776,0.8399701608091145
751,2291013499,9.846169,1.82533,-0.228257,-1.719752,-1.739691,0.732389,0.284547,-0.591018,-0.408452,-0.634743,9.857854944142051,1.8288751639419827,-0.25854414683448573,-2.0855331190006865,-1.52810432196704,0.7998451079044541
752,2291030166,9.858803,1.865371,-0.241265,-2.192012,-1.499342,0.752251,0.284478,-0.591037,-0.408424,-0.634774,9.857103675843957,1.8364378889019788,-0.27726505933425666,-1.9887992992191916,-1.3510357594006077,0.7892206998491973
753,2291046833,9.855791,1.822059,-0.331346,-1.816004,-0.883164,0.865088,0.284497,-0.590984,-0.408405,-0.634827,9.854773005855021,1.8157509596946646,-0.3109271535069738,-2.1499061784766065,-1.371742474422871,0.7999874679649497
754,2291063500,9.863042,1.775411,-0.372851,-2.460689,-1.673777,0.949623,0.284408,-0.591045,-0.40834,-0.634852,9.852721479306597,1.777276366073833,-0.32946910478491886,-2.363396415440645,-1.589447309105624,0.8278181801804626
755,2291080167,9.840011,1.706175,-0.329664,-2.948545,-1.812976,0.832738,0.284243,-0.591142,-0.408231,-0.634906,9.853355461362948,1.7459642475935966,-0.31748698496550853,-2.357546251702658,-1.8350530259133009,0.8886117011614907
756,2291096834,9.862438,1.750358,-0.25357,-1.867832,-2.401357,0.774125,0.284136,-0.591242,-0.408256,-0.634845,9.857920061229784,1.740503960205809,-0.28785006639486005,-2.0425078040623603,-1.9079206030860438,0.9907253902719094
757,2291113501,9.861633,1.775095,-0.233302,-1.076412,-1.611333,1.173619,0.284192,-0.591252,-0.408298,-0.634784,9.864698695217308,1.760594617885154,-0.26743850754032084,-1.580878012033064,-1.7503388236187039,1.095762274146336
758,2291130168,9.871088,1.810635,-0.28994,-1.383009,-1.12208,1.283715,0.284267,-0.591232,-0.408287,-0.634776,9.869459509365857,1.7911920101162533,-0.2712528583819431,-1.2438538558581618,-1.4842857722120428,1.1291219373011598
759,2291146835,9.866832,1.793398,-0.320448,-1.520741,-1.376055,0.984738,0.284266,-0.591237,-0.40828,-0.634775,9.868667217466173,1.8154805896428787,-0.29149302093587853,-1.2166201912372385,-1.281162261020349,1.0471318414661182
760,2291163502,9.88146,1.803434,-0.294766,-1.478211,-1.149255,0.967411,0.284298,-0.591208,-0.408285,-0.634785,9.862838689451278,1.8239732648425049,-0.3091085569087867,-1.5064411755721232,-1.2163025231333793,0.8918767820578974
761,2291180169,9.841755,1.845891,-0.310341,-1.673201,-1.464598,0.669458,0.284252,-0.591207,-0.408296,-0.634799,9.856462788468102,1.8167645265683356,-0.3123550251884319,-1.955053597527311,-1.254110886520684,0.7674599940709455
762,2291196836,9.82944,1.808305,-0.325355,-2.362311,-1.690131,0.667281,0.28416,-0.591239,-0.408279,-0.634822,9.853976659597528,1.8028209072310495,-0.3044477470976311,-2.3010576612851255,-1.3375538719161493,0.7522127602422073
763,2291213503,9.893382,1.797154,-0.267505,-2.088473,-0.868399,0.839796,0.284137,-0.591206,-0.40822,-0.634901,9.85588168781646,1.7964641884977535,-0.2964071469918651,-2.29918888704976,-1.4418893083800848,0.8292448258533351
764,2291230170,9.850054,1.786479,-0.284939,-2.439904,-1.265178,1.004472,0.28408,-0.591231,-0.408135,-0.634957,9.85916308922018,1.8082920310858597,-0.2943424665316261,-1.8975348292695213,-1.534763747635015,0.9034980686784863
765,2291246837,9.850554,1.81214,-0.302237,-1.727706,-2.081413,0.957005,0.284037,-0.591296,-0.408159,-0.634901,9.86080251817158,1.8348132009653175,-0.29383613574916334,-1.3510362568508327,-1.5412276221359698,0.8913675209603839
766,2291263504,9.867495,1.89272,-0.316512,-0.253668,-1.568522,0.767004,0.284127,-0.591245,-0.408308,-0.634812,9.85993451067714,1.8580352524151573,-0.28686264755180224,-1.0982627513199648,-1.4097933484289116,0.7979581252931328
767,2291280171,9.854184,1.881626,-0.264205,-1.347049,-1.067153,0.644038,0.284158,-0.591175,-0.408361,-0.634829,9.857242571245113,1.8591818287752369,-0.27361275550100933,-1.4131812914202695,-1.2054403415615942,0.7088989799886476
768,2291296838,9.852878,1.810796,-0.256539,-2.115507,-0.850675,0.637494,0.284126,-0.591122,-0.408327,-0.634915,9.853755456505027,1.8350929697174796,-0.2653559957060571,-2.12150785190065,-1.0796933225658487,0.7074956413561121
769,2291313505,9.856546,1.792272,-0.273536,-2.695532,-0.867272,0.825376,0.284056,-0.59111,-0.408219,-0.635027,9.850564842451265,1.8015505604061415,-0.27365651340037717,-2.694097504775451,-1.1236751074830902,0.7981835362946965
770,2291330172,9.846855,1.789796,-0.257278,-3.602273,-1.606621,0.970267,0.283854,-0.591226,-0.408024,-0.635135,9.848834324381379,1.7809762492166081,-0.29678940176508767,-2.691367832365645,-1.2791374738690091,0.9052206373721956
771,2291346839,9.840342,1.783777,-0.364583,-2.116467,-1.850582,1.035515,0.283802,-0.591288,-0.407999,-0.635116,9.849229809062928,1.7861775708810537,-0.318717883276043,-2.1586468011034863,-1.4164659971100346,0.9395102091290098
772,2291363506,9.861754,1.817032,-0.32752,-0.799872,-1.105201,0.71154,0.283872,-0.591211,-0.408087,-0.635101,9.851220485860862,1.8122743907359389,-0.32366657334637877,-1.5754994145805,-1.4742811488726881,0.8669839281863463
773,2291380173,9.848433,1.817063,-0.330038,-0.946082,-1.250924,0.702614,0.283906,-0.591161,-0.408156,-0.635087,9.853363461071098,1.840474227075173,-0.3120469800470269,-1.3906387412426768,-1.4869905822322005,0.7249402520150559
774,2291396840,9.854806,1.868723,-0.269259,-2.00874,-1.520267,0.757476,0.283851,-0.591176,-0.408146,-0.635105,9.854609694746868,1.8507132452252988,-0.3000889888519726,-1.606961536758117,-1.4911173878422423,0.5892707990323255
775,2291413507,9.863354,1.859054,-0.269542,-2.410821,-1.698186,0.46886,0.28373,-0.591202,-0.408136,-0.63514,9.855260157753666,1.8361309228886995,-0.3022578378743832,-1.8305804630761688,-1.4589032260734947,0.5258544003913528
776,2291430174,9.84383,1.815868,-0.326077,-1.621599,-1.511086,0.399371,0.283676,-0.591178,-0.408192,-0.635151,9.856359050468047,1.8090192996689551,-0.3154770364673031,-1.7010816107288886,-1.3464450543995572,0.5509536346204523
777,2291446841,9.867526,1.736371,-0.370782,-1.130096,-0.773337,0.640196,0.283728,-0.591082,-0.40824,-0.635187,9.857952824222732,1.7912458821092085,-0.32334909496585573,-1.244307523127614,-1.177827833157873,0.6204941952878765
778,2291463508,9.843452,1.796021,-0.325147,-0.488293,-1.243625,0.815579,0.283829,-0.591009,-0.408356,-0.635135,9.858172131467017,1.7958420921134628,-0.315583735066578,-0.8260245304927315,-1.0527848145874268,0.6665688377200069
779,2291480175,9.867637,1.850392,-0.261508,-0.957352,-1.103242,0.721529,0.28389,-0.590936,-0.408433,-0.635125,9.854802289863766,1.8172505154774794,-0.29962060679845864,-0.8073132176435417,-1.0728862767956804,0.6621213968540747
780,2291496842,9.857428,1.862274,-0.270006,-1.255265,-1.193001,0.58842,0.283894,-0.590885,-0.408484,-0.635138,9.84839613827219,1.8391454262729372,-0.29121571038617766,-1.2396931572287502,-1.259671047497951,0.648641013453163
781,2291513509,9.832161,1.822978,-0.307749,-1.628263,-1.566831,0.516294,0.283845,-0.590875,-0.40853,-0.63514,9.843364141772536,1.8490098966870088,-0.296430348140126,-1.8364508214340804,-1.5214879514945712,0.6860720973514951
782,2291530176,9.838632,1.81663,-0.332835,-2.286753,-1.372725,0.744043,0.283747,-0.590903,-0.408465,-0.6352,9.844659388619345,1.8437251599326998,-0.30633531475369785,-2.210102164245781,-1.6904911310232875,0.7737096870835775
783,2291546843,9.857656,1.834329,-0.315531,-3.053008,-1.915356,1.01409,0.283591,-0.59102,-0.408341,-0.635241,9.852600375227066,1.8256057668586663,-0.3084116867024385,-2.179083117270751,-1.6305099500715756,0.835299127706138
784,2291563510,9.857568,1.837367,-0.272742,-1.178786,-1.727384,0.888793,0.283625,-0.591015,-0.408421,-0.635179,9.861378895603421,1.799901521449331,-0.29943141949067753,-1.8949767589058728,-1.3620831437313692,0.7933759579031704
785,2291580177,9.864215,1.773168,-0.291205,-1.464086,-1.047611,0.520098,0.283633,-0.590943,-0.40847,-0.635211,9.863674736463178,1.7770129307471427,-0.28628095797198433,-1.6713324454842,-1.0828071013923697,0.6540857366096938
786,2291596844,9.880647,1.743511,-0.277232,-1.537082,-0.192044,0.511249,0.283689,-0.59079,-0.408483,-0.635319,9.857568838704076,1.7707898625738379,-0.277123065717414,-1.6680109888185426,-1.0098266600528287,0.5109604986352625
787,2291613511,9.831631,1.780278,-0.265182,-1.944146,-1.239153,0.415239,0.28363,-0.590752,-0.408501,-0.635369,9.84894400709038,1.788560507642995,-0.2742615104661543,-1.7473641629807548,-1.167734258498232,0.4652870113056951
788,2291630178,9.837515,1.831724,-0.301221,-2.217586,-2.046788,0.584207,0.283493,-0.590824,-0.408493,-0.635368,9.846219373268736,1.8225023206911548,-0.2748178897512818,-1.6478763868234538,-1.3600842771977537,0.542046570703838
789,2291646845,9.843309,1.86698,-0.264124,-0.932418,-1.436591,0.623535,0.283504,-0.590791,-0.408571,-0.635344,9.852113177818465,1.8539134359794756,-0.2757521415813165,-1.2831897023820922,-1.3803319673614425,0.6738020485669632
790,2291663512,9.886424,1.876916,-0.266337,-0.785977,-0.980582,0.824774,0.283587,-0.590712,-0.408641,-0.635335,9.86101928915149,1.8680501214800187,-0.27663523972153553,-0.8551758612157878,-1.2267071044709086,0.758624393741179
791,2291680179,9.858045,1.856728,-0.28077,-0.659284,-0.906318,0.833674,0.28368,-0.590626,-0.408713,-0.635328,9.864813368576849,1.8653194237126096,-0.2782142736081632,-0.6831621113081311,-1.0770897096048107,0.73987631169946
792,2291696846,9.86962,1.844063,-0.285738,-0.678557,-0.76669,0.572975,0.283767,-0.590505,-0.408811,-0.635339,9.860535464132074,1.8585830166973394,-0.2802657868968593,-0.9333028036209435,-1.0742733736824,0.6420739495483958
793,2291713513,9.830782,1.868004,-0.290287,-1.695919,-1.594122,0.485956,0.28368,-0.590515,-0.408828,-0.635357,9.851930888510136,1.8602128100547277,-0.2817803688568809,-1.4965654317912038,-1.184351082106284,0.5345607896953386
794,2291730180,9.845329,1.869858,-0.26933,-2.456719,-1.628007,0.311931,0.28353,-0.590537,-0.408811,-0.635414,9.844645778777924,1.8710629643504926,-0.2821545590370451,-2.0958210641972577,-1.2719667998478421,0.46109598991036627
795,2291746847,9.852633,1.876716,-0.276866,-2.173635,-0.96775,0.572578,0.283466,-0.590503,-0.408769,-0.635501,9.841644506307816,1.8800477174339447,-0.2810367334116551,-2.4959519486198807,-1.2670552015809364,0.4091337682704107
796,2291763514,9.852427,1.874635,-0.287715,-2.493716,-0.960451,0.506677,0.28337,-0.590477,-0.408704,-0.63561,9.843206279249282,1.873648722634191,-0.2777463480685432,-2.631740542368198,-1.2164216342168672,0.3490476214044255
797,2291780181,9.835844,1.869608,-0.262269,-3.166188,-1.239421,0.180804,0.283176,-0.590481,-0.408623,-0.635745,9.848942678643906,1.8478189242736525,-0.2725923902911641,-2.576781444484586,-1.190353335115586,0.2897101588278436
798,2291796848,9.857068,1.800054,-0.295032,-1.902819,-1.418239,0.160329,0.283088,-0.590442,-0.408677,-0.635786,9.857517491541632,1.8133620612448547,-0.2690950688809943,-2.41642022495092,-1.1914457403640983,0.27582815297652197
799,2291813515,9.853122,1.779409,-0.266513,-1.524532,-1.185573,0.310599,0.283009,-0.590406,-0.408695,-0.635843,9.864879072892784,1.7900755090384068,-0.2729620403436752,-2.1519934093248922,-1.1720431389765076,0.3277979520179896
800,2291830182,9.884021,1.804039,-0.2365,-2.732363,-0.955968,0.470473,0.282876,-0.590396,-0.408597,-0.635975,9.865496771685175,1.793210744064464,-0.286451487051058,-1.7430184932648876,-1.1100610795124133,0.4007938451712568
801,2291846849,9.86676,1.806022,-0.356043,-1.579189,-1.092817,0.467425,0.282842,-0.590345,-0.40862,-0.636022,9.857323918551739,1.8221259442429991,-0.30353861427475465,-1.264228241168583,-1.0420347767953562,0.4175319813399587
802,2291863516,9.829826,1.873391,-0.300236,-0.470979,-1.050723,0.397554,0.282896,-0.590242,-0.408748,-0.636011,9.845065579758861,1.859515018889653,-0.3127605257418647,-0.97595919798851,-1.029866391384521,0.3406615466380047
803,2291880183,9.833719,1.875426,-0.302485,-0.840468,-1.112744,0.178066,0.282916,-0.590134,-0.408882,-0.636017,9.836900804125415,1.8819760675211965,-0.3066641051031043,-1.1345667666307946,-1.1073645393822942,0.20664631515239398
804,2291896850,9.836079,1.880582,-0.298784,-1.453034,-1.153673,-0.194682,0.282841,-0.590036,-0.408989,-0.636072,9.837280714226296,1.8753107106651878,-0.28890340578195184,-1.6810237370857892,-1.250593383350336,0.09040794192476218
805,2291913517,9.840999,1.860401,-0.274706,-2.395812,-1.435566,0.309075,0.282706,-0.590038,-0.408968,-0.636144,9.843331651112067,1.8448243601313195,-0.27198368548544116,-2.171159167915314,-1.3883723414496645,0.04712621590080944
806,2291930184,9.870236,1.802608,-0.250945,-2.54434,-1.511649,0.197301,0.282557,-0.590038,-0.408959,-0.636216,9.848406916850573,1.8129848715153059,-0.2671362072232622,-2.1114197267044847,-1.4489211458383595,0.09108771140354169
807,2291946851,9.842177,1.805527,-0.25606,-1.794118,-1.409031,0.030153,0.282457,-0.589992,-0.409024,-0.636261,9.848432769648698,1.8041220514693572,-0.27461782576650084,-1.4269220564784089,-1.415636562142003,0.21172437882983217
808,2291963518,9.821265,1.779993,-0.310097,-0.455703,-1.316943,0.318558,0.282508,-0.589897,-0.409187,-0.636222,9.844378643412409,1.82597039680403,-0.2834002249825113,-0.5964647907972502,-1.3485396296634735,0.3853631977005999
809,2291980185,9.855384,1.89835,-0.303579,0.961853,-1.420852,0.680433,0.282703,-0.589777,-0.409451,-0.636077,9.839686536147829,1.8630765418116892,-0.2816622243095601,-0.2751021601811909,-1.3451545429023586,0.5722432702901736
810,2291996852,9.842008,1.915408,-0.237741,-1.253934,-1.371086,0.828923,0.28269,-0.589775,-0.409462,-0.636077,9.83712443148924,1.889126977413989,-0.2684206759175632,-0.7297414866498845,-1.4595971788710629,0.723933990439521
811,2292013519,9.835689,1.875486,-0.270837,-1.990081,-1.525915,0.684045,0.282625,-0.589787,-0.409456,-0.636098,9.838148238604603,1.8879639586500259,-0.2544743556349111,-1.6128915395028915,-1.6373232399172815,0.8049355351154326
812,2292030186,9.84014,1.853971,-0.231106,-2.329424,-1.776458,0.664797,0.282517,-0.589834,-0.409433,-0.636117,9.84311869323315,1.8644217054611154,-0.25177819869156953,-2.2650033646801946,-1.727599200459597,0.8054607102082343
813,2292046853,9.845287,1.822267,-0.261539,-2.024786,-1.686891,0.984482,0.282434,-0.589902,-0.409373,-0.63613,9.850438636386148,1.837105353630069,-0.26217810455491464,-2.2385326569170925,-1.5901423790108171,0.7405809769693585
814,2292063520,9.857296,1.838199,-0.283691,-2.11105,-1.363377,0.639158,0.282376,-0.589894,-0.409364,-0.636169,9.856185779085537,1.8229345330584543,-0.27646392734301406,-1.5959229417255196,-1.228506057665576,0.6485041818533435
815,2292080187,9.862443,1.836277,-0.306606,-0.07826,-0.869654,0.445565,0.282474,-0.589765,-0.409511,-0.636151,9.856476467260602,1.827589653494435,-0.2840908976484671,-0.7977651382663684,-0.829320175103129,0.581878969292095
816,2292096854,9.864748,1.831344,-0.271455,-0.514111,-0.375226,0.599817,0.282589,-0.58961,-0.409595,-0.63619,9.851055216367987,1.8460363546497958,-0.2833889716962945,-0.3326020891261787,-0.6423838775948777,0.5792174887973935
817,2292113521,9.824512,1.875639,-0.279928,-0.294098,-0.462514,0.647175,0.28271,-0.589464,-0.409687,-0.636211,9.843862964990578,1.8681702480446116,-0.28171092720211405,-0.3907060755742944,-0.7845018001467206,0.6355686958524094
818,2292130188,9.825363,1.876533,-0.256424,-0.928127,-1.505476,0.721491,0.282742,-0.589432,-0.409776,-0.636169,9.83929763245176,1.884601722978283,-0.2857674670996298,-0.8048358014889969,-1.1463589901284565,0.7070559646289967
819,2292146855,9.862472,1.899354,-0.31557,-1.296144,-2.001522,0.821685,0.282714,-0.589473,-0.409835,-0.636105,9.83839737399688,1.8910752685579353,-0.29330080761058713,-1.2572033643350649,-1.4924707662475942,0.7491303658080443
820,2292163522,9.849096,1.902123,-0.308146,-1.875516,-1.105611,0.689641,0.282663,-0.589456,-0.409802,-0.636165,9.839277017602663,1.8903462402105395,-0.2956583615460436,-1.5527183377924227,-1.6432025063088533,0.7505014020408599
821,2292180189,9.809551,1.879638,-0.287888,-1.547391,-1.362122,0.692292,0.282635,-0.589443,-0.409819,-0.636179,9.840278973611811,1.8892896324386617,-0.28816663056477415,-1.7284407342796109,-1.5620323912420604,0.7324990408327037
822,2292196856,9.856188,1.872464,-0.264924,-1.628673,-1.520652,0.713768,0.282585,-0.589454,-0.409826,-0.636186,9.841401578871034,1.891776524038126,-0.2763460085239689,-1.9239523932916132,-1.3210891633971666,0.7227037252641276
823,2292213523,9.852301,1.892148,-0.280868,-1.900321,-1.299704,0.854369,0.282552,-0.589455,-0.4098,-0.636217,9.843215037905455,1.8935487774086244,-0.27097941157153166,-2.160108752225205,-1.0510109295825445,0.7333623540388582
824,2292230190,9.831322,1.917779,-0.250709,-2.713883,-1.042424,0.673864,0.282431,-0.589466,-0.409688,-0.636333,9.845633794656104,1.885897252626477,-0.2772762543363778,-2.2674457577108846,-0.9144790232921165,0.759077449883245
825,2292246857,9.84609,1.860594,-0.293248,-2.340629,-0.514124,0.718071,0.2824,-0.589401,-0.409605,-0.63646,9.84778361173677,1.8661510383447806,-0.2894878648558431,-2.0503966043898485,-1.0359438524961067,0.7844986025131091
826,2292263524,9.864448,1.844471,-0.326304,-1.470412,-1.226362,0.915148,0.282414,-0.589381,-0.40961,-0.636469,9.84869746268274,1.8439219965454494,-0.29680912016310707,-1.5129331711459777,-1.3858449784890503,0.7926850684965819
827,2292280191,9.838452,1.805748,-0.309559,-0.091117,-2.178796,0.754019,0.282478,-0.589382,-0.409799,-0.636319,9.848248738766342,1.835226518478264,-0.29449342411966717,-0.9070742680309107,-1.7521902241427703,0.7741611768646505
828,2292296858,9.852415,1.870527,-0.239966,-1.244034,-2.076729,0.690243,0.282453,-0.58941,-0.409891,-0.636245,9.84721181880814,1.8494034893775042,-0.2878557364581797,-0.56963163665867,-1.8860613728514748,0.7327855720408996
829,2292313525,9.828648,1.883891,-0.286033,-0.951735,-1.579169,0.649186,0.282447,-0.589397,-0.409964,-0.636212,9.84600604815886,1.8807900068405916,-0.28489074171248974,-0.7089769820758953,-1.7028376562918803,0.6817850962055986
830,2292330192,9.864584,1.901175,-0.300839,-0.751131,-1.08343,0.746693,0.282506,-0.58933,-0.410036,-0.636201,9.843820043351773,1.911493642726716,-0.2871175903970196,-1.2790088572851779,-1.339069888175589,0.6351217047431721
831,2292346859,9.827714,1.915348,-0.316418,-1.521868,-1.041105,0.489042,0.282486,-0.589271,-0.410065,-0.636246,9.839847312887478,1.9222859805185357,-0.28944584653770616,-1.976585132403177,-1.0227230653950938,0.6056338667852662
832,2292363526,9.849496,1.929204,-0.266971,-3.19051,-1.146104,0.667153,0.282334,-0.589301,-0.409929,-0.636374,9.835341807422664,1.9047450608519427,-0.28707456888230626,-2.3872260145735984,-0.9001127299777055,0.6106360602684263
833,2292380193,9.823874,1.872677,-0.246374,-2.381661,-0.768714,0.687272,0.282295,-0.58925,-0.409867,-0.636477,9.83338824576133,1.867797407991671,-0.2798927502824168,-2.2560103128865405,-0.9645738417190306,0.6749543848271602
834,2292396860,9.829517,1.818073,-0.308574,-1.596516,-0.996372,0.872362,0.282321,-0.589203,-0.409867,-0.636509,9.835738950978326,1.8333853416434578,-0.2716382095632731,-1.6986975435760117,-1.1085662298709353,0.8208571836230936
835,2292413527,9.835795,1.794573,-0.283443,-0.745073,-1.4746,0.962608,0.282396,-0.589174,-0.409954,-0.636448,9.840159655354814,1.8223908016990171,-0.2680709695190026,-1.1345323911096643,-1.2356485840061535,1.0424304582362536
836,2292430194,9.858081,1.872144,-0.253795,-1.018848,-1.630364,1.160185,0.28244,-0.589192,-0.40999,-0.636388,9.842135052014045,1.8410051397323277,-0.27480916413982165,-0.9655776280601756,-1.3487018656262086,1.281939091821822
837,2292446861,9.850377,1.87888,-0.278213,-1.21262,-1.081061,1.549575,0.282555,-0.589179,-0.40997,-0.636362,9.839884609356066,1.8783614944946518,-0.29190803941553745,-1.2841464591077036,-1.5383752956905903,1.4430520779199723
838,2292463528,9.814721,1.912106,-0.29962,-1.882329,-1.810408,1.586662,0.282562,-0.58927,-0.409904,-0.636317,9.836892424378942,1.9155697822463391,-0.30879051702300037,-1.857126275111272,-1.8637940310671752,1.4531306530577857
839,2292480195,9.834224,1.930848,-0.3308,-2.867163,-2.281451,1.325617,0.28243,-0.58943,-0.409787,-0.636302,9.838450061169613,1.9369743644261619,-0.30882204350720766,-2.3667010366233967,-2.2352631688502576,1.3276152646597033
840,2292496862,9.859802,1.940477,-0.307636,-2.730324,-2.665533,1.026868,0.282266,-0.589598,-0.409731,-0.636255,9.845902509158314,1.9362317169592087,-0.284319170720608,-2.660319032850275,-2.4350103553566567,1.1667405321087214
841,2292513529,9.858403,1.920758,-0.233481,-2.045405,-2.14783,0.97676,0.282183,-0.589691,-0.409716,-0.636217,9.854766935752476,1.9166707767330082,-0.24834236969030343,-2.782833294035191,-2.280813523033547,1.0769107627246415
842,2292530196,9.843522,1.885769,-0.223245,-2.705649,-1.826838,1.261086,0.282086,-0.589798,-0.409602,-0.636233,9.858054449958852,1.8881969888929664,-0.228660461610938,-2.810826234215971,-1.7935321841066452,1.0912486587635126
843,2292546863,9.842349,1.858731,-0.235023,-3.362077,-1.431084,1.114787,0.281956,-0.589879,-0.409434,-0.636324,9.851609379117974,1.8622873960591182,-0.24562471991354967,-2.7257333660864296,-1.2244958064413904,1.163088830225165
844,2292563530,9.88576,1.843664,-0.26752,-2.295705,-0.767766,1.316743,0.281976,-0.589867,-0.409321,-0.636399,9.838103701474447,1.8468909878992785,-0.29274850922179957,-2.485503841437305,-0.907955198003182,1.2249373673122201
845,2292580197,9.798957,1.849679,-0.358677,-2.581722,-0.666763,1.157841,0.281944,-0.58986,-0.409174,-0.636515,9.826671381760448,1.843906817569624,-0.3389312143112642,-2.1738016709424386,-1.0294164838025737,1.2446957299984698
846,2292596864,9.807587,1.851497,-0.399727,-1.706536,-1.493413,1.23678,0.281967,-0.589884,-0.409154,-0.636495,9.826338742916667,1.8504680834282408,-0.35290592973958534,-1.99008891297458,-1.4798264013620754,1.2314098423485602
847,2292613531,9.838482,1.862624,-0.324126,-1.078986,-2.414394,1.189652,0.281972,-0.589972,-0.409223,-0.636366,9.837462458370792,1.8621368109280303,-0.32896962056369083,-2.049130943008817,-1.929550154109512,1.2038242315260617
848,2292630198,9.868696,1.875785,-0.251954,-3.139669,-1.993219,1.083104,0.281809,-0.590104,-0.409087,-0.636404,9.850360535582135,1.874888558266159,-0.28976184898416635,-2.2255254159040914,-2.079773655497855,1.1674242629750726
849,2292646865,9.867863,1.874386,-0.240559,-2.366472,-1.816132,1.31541,0.281756,-0.590195,-0.409007,-0.636395,9.8540961305797,1.884943121279093,-0.26377245281543504,-2.2608346565721553,-1.879362038571202,1.1257286180187547
850,2292663532,9.829004,1.893352,-0.274187,-2.207162,-1.465021,1.118193,0.281709,-0.59024,-0.408934,-0.63642,9.846573859442323,1.8885437049119191,-0.26098989985529525,-2.0415756276521426,-1.526851184155654,1.105197381305384
851,2292680199,9.824212,1.882269,-0.319,-1.469156,-1.234529,1.009438,0.28175,-0.590215,-0.408948,-0.636416,9.835596819419044,1.8839763096302717,-0.2702317646384218,-1.7336146064693931,-1.2806128320385806,1.1498565838967998
852,2292696866,9.848619,1.897267,-0.24425,-1.192194,-1.136436,1.25613,0.281838,-0.590188,-0.40896,-0.636395,9.830989432615683,1.874593209894458,-0.2764328974528618,-1.6166373304881743,-1.256658734210741,1.2750125457045804
853,2292713533,9.832279,1.854002,-0.296196,-1.781056,-1.49518,1.435265,0.281862,-0.590234,-0.408907,-0.636376,9.83623296845093,1.8682397046311363,-0.2762110737290596,-1.8081365073740208,-1.3744702213145588,1.4282812589273053
854,2292730200,9.831532,1.856536,-0.244321,-2.843509,-1.555088,1.501192,0.28178,-0.590344,-0.408736,-0.63642,9.846252915365756,1.8707859597501646,-0.276583162355874,-2.1751934191133793,-1.4717567178920778,1.514958389974034
855,2292746867,9.856911,1.86665,-0.280285,-2.375565,-1.612294,1.684105,0.281765,-0.590442,-0.408608,-0.636417,9.852021970737427,1.8789544609667252,-0.2825993578200726,-2.4948213536383217,-1.4706431465227787,1.479976681355449
856,2292763534,9.875279,1.918118,-0.304509,-2.42227,-1.410658,1.376343,0.281762,-0.590485,-0.408524,-0.636433,9.848510407431082,1.8811502547838312,-0.28998458365937574,-2.6506612082110403,-1.4392395275627223,1.3678206059230547
857,2292780201,9.82902,1.864542,-0.307692,-2.679255,-1.192118,1.066839,0.281692,-0.590518,-0.408407,-0.636508,9.839809304154823,1.8676347853033843,-0.29031647429457147,-2.6616955316376627,-1.4909934955500257,1.2889789844751247
858,2292796868,9.820314,1.818519,-0.273939,-2.575191,-1.371842,1.195492,0.28162,-0.590579,-0.408283,-0.636563,9.835924649146731,1.8406481215351806,-0.2811081208863392,-2.567120398684652,-1.6281895821319372,1.3148705045088356
859,2292813535,9.833242,1.839888,-0.263661,-1.955325,-2.365294,1.569604,0.281601,-0.590714,-0.408248,-0.636469,9.843134943046172,1.8145122194991086,-0.26847136628760015,-2.340168181691803,-1.7050273403392597,1.4081876102896338
860,2292830202,9.878422,1.785702,-0.227655,-2.71565,-1.301432,1.683106,0.281591,-0.590787,-0.40809,-0.636507,9.857482653973864,1.8056090174604544,-0.26007168736823033,-1.9335345993031128,-1.5649002277336923,1.463600301719918
861,2292846869,9.871298,1.817821,-0.286933,-1.326341,-1.370408,1.266798,0.281656,-0.590786,-0.408098,-0.636474,9.868233360209294,1.8206474701614423,-0.2579404895169509,-1.3897959433712026,-1.214056929175445,1.4101448619833405
862,2292863536,9.860235,1.847404,-0.283353,-0.083963,-0.757836,1.136023,0.281854,-0.590669,-0.408208,-0.636424,9.867354440467953,1.8520846347910218,-0.25954761736185133,-0.8751013772244866,-0.8505040825100542,1.2645451643425762
863,2292880203,9.859632,1.91411,-0.246921,-0.959836,-0.509731,1.115977,0.281974,-0.590573,-0.408215,-0.636455,9.855580531343316,1.8837985824018992,-0.2635915474479358,-0.5946232211497099,-0.7161883038133885,1.0979828838114538
864,2292896870,9.831661,1.884194,-0.23746,-1.187866,-0.990917,1.100571,0.282041,-0.590532,-0.40822,-0.636461,9.840703955227388,1.9021523337854505,-0.27125139692728206,-0.6847224086052597,-0.9075021896209012,0.9767983932374945
865,2292913537,9.83464,1.902576,-0.31412,-0.884624,-1.302316,0.939762,0.282084,-0.590509,-0.408262,-0.636436,9.831384075103387,1.9033889415310634,-0.2818880967712182,-1.1562780858546706,-1.3041397406971167,0.9363780554901692
866,2292930204,9.841684,1.900908,-0.285389,-1.419097,-1.827197,0.884426,0.282079,-0.590531,-0.408313,-0.636385,9.831921335722637,1.8924230416601653,-0.29093805912357756,-1.8626250020135884,-1.6632517202997503,0.982013548066115
867,2292946871,9.824422,1.854548,-0.296872,-2.643256,-1.676761,1.096998,0.281988,-0.590608,-0.408218,-0.636414,9.84066355368968,1.8762962296094032,-0.29382463738663356,-2.496709450722987,-1.791358330048928,1.0885419290378706
868,2292963538,9.852957,1.872198,-0.303527,-2.713857,-1.800035,1.17933,0.281875,-0.590715,-0.4081,-0.636442,9.851833805023432,1.8592402265956758,-0.2905045290581111,-2.7126514796614662,-1.6617836580636087,1.2032497403687776
869,2292980205,9.883059,1.854509,-0.24788,-2.928748,-1.187802,1.385743,0.28182,-0.590773,-0.407937,-0.636517,9.859404386637005,1.8429254873701733,-0.2847534369423641,-2.3782532463108472,-1.407552161828639,1.2712827506973596
870,2292996872,9.837019,1.819725,-0.291072,-1.838659,-1.366015,1.258486,0.281829,-0.5908,-0.407888,-0.636519,9.860718704855625,1.8294392017821661,-0.2798551217255827,-1.7512980377055647,-1.2161172241847882,1.2724930443374003
871,2293013539,9.866627,1.825703,-0.315524,-0.683334,-1.178684,1.182558,0.281916,-0.590773,-0.40792,-0.636485,9.857286952325149,1.8219767692350486,-0.27659898896837387,-1.34438492203562,-1.2057499184245084,1.2331329156069444
872,2293030206,9.845006,1.808097,-0.223102,-1.493067,-1.242816,1.120975,0.281942,-0.590771,-0.407903,-0.636486,9.852499327890037,1.8218724754345859,-0.2752850889753866,-1.5166726439480835,-1.3569946229123515,1.1974598853079892
873,2293046873,9.860186,1.825198,-0.299988,-1.973446,-1.425462,1.326808,0.281954,-0.590805,-0.407848,-0.636484,9.848852898845779,1.8260748050752473,-0.27780634388754016,-2.1384923475812108,-1.536457170731736,1.1870279510435469
874,2293063540,9.836834,1.854173,-0.318751,-2.995162,-1.996971,1.118334,0.281824,-0.590922,-0.407739,-0.636503,9.846927214674139,1.829256479052708,-0.2862769455815719,-2.662907801271718,-1.6020346954592313,1.1854030037004146
875,2293080207,9.853077,1.823254,-0.249642,-2.785035,-1.511738,1.080389,0.281731,-0.590988,-0.407627,-0.636555,9.845945988897967,1.8288340957826799,-0.29883756073303963,-2.5815974827520902,-1.5168516325669872,1.1578187689456134
876,2293096874,9.836532,1.806688,-0.28516,-2.439277,-1.159974,1.220055,0.281705,-0.591012,-0.407524,-0.63661,9.844849234720357,1.826994821411137,-0.3069126837566138,-1.8773705682634538,-1.3702831445413854,1.0878323840583375
877,2293113541,9.851065,1.83773,-0.368199,-0.348704,-1.070278,1.012989,0.281836,-0.590937,-0.40762,-0.63656,9.843354437669042,1.8274364971928332,-0.29954033494609955,-1.0603314109592654,-1.2802341944250737,1.0035459103793454
878,2293130208,9.847307,1.83228,-0.25022,-0.215505,-1.43645,1.002103,0.28197,-0.590879,-0.407758,-0.636466,9.842513352525375,1.8310941401329017,-0.27468595357398845,-0.733571163179392,-1.2800756537694133,0.9665762175796402
879,2293146875,9.830367,1.839102,-0.248517,-1.467966,-1.496768,0.799981,0.281959,-0.590877,-0.407785,-0.636456,9.843969143295029,1.8355915385835142,-0.2466844556290385,-1.068485095930501,-1.3120309955334455,1.0192916750334409
880,2293163542,9.853235,1.833475,-0.248319,-1.641825,-1.439267,1.1305,0.281961,-0.590899,-0.407761,-0.636449,9.848106445346327,1.8379243528803029,-0.23823208308588412,-1.662447861690901,-1.3163359482782422,1.1333594867801144
881,2293180209,9.853867,1.839984,-0.220046,-1.779968,-0.967609,1.416875,0.282021,-0.590891,-0.407694,-0.636473,9.852938424795251,1.8368907042269091,-0.26033825892132934,-1.9025453548408984,-1.2945938695834491,1.2214381134970338
882,2293196876,9.858914,1.827148,-0.278099,-2.678077,-1.032883,1.261854,0.28199,-0.590914,-0.407563,-0.63655,9.855258645739793,1.8337760178762097,-0.298516836983619,-1.509174687761909,-1.2822450196645274,1.215574228742965
883,2293213543,9.841475,1.826582,-0.394766,-0.138701,-1.946874,1.02619,0.282098,-0.590905,-0.407722,-0.636408,9.853160123641517,1.8324029275582956,-0.3210817646289185,-0.7832583020880794,-1.2947955496249106,1.1350731238887413
884,2293230210,9.877204,1.869703,-0.287782,0.50733,-1.022638,1.08295,0.282312,-0.590794,-0.40789,-0.63631,9.847486350383004,1.839065523827409,-0.3055945464923846,-0.34192422367765923,-1.3255312041688654,1.0679105997653748
885,2293246877,9.797539,1.845987,-0.256988,-0.857692,-1.292775,1.03782,0.282384,-0.590764,-0.407942,-0.636272,9.840881717405733,1.860178263779388,-0.2602839215557699,-0.5902007170856703,-1.3736600662032434,1.0798120633511608
886,2293263544,9.859993,1.882486,-0.222543,-1.745275,-1.5953,0.988657,0.282362,-0.590792,-0.407934,-0.636261,9.83561267557529,1.8957054010820422,-0.219617876983445,-1.4188806125840032,-1.4429459885719016,1.1419083234124994
887,2293280211,9.843851,1.922946,-0.198787,-2.540485,-1.231536,1.342304,0.282334,-0.590835,-0.407814,-0.63631,9.832530025292805,1.9323513228925573,-0.21647682573016924,-2.370006912072268,-1.5175589915940866,1.1534231795495584
888,2293296878,9.805505,1.953509,-0.216766,-3.095999,-1.866359,1.152821,0.282213,-0.590942,-0.407693,-0.636342,9.831820323070332,1.945690767263698,-0.25453154069090195,-3.0388942751243064,-1.5661547495708605,1.0467893544684606
889,2293313545,9.847708,1.932351,-0.33572,-3.380058,-1.621694,0.900011,0.282059,-0.591023,-0.407558,-0.636421,9.83395612971117,1.9152988318101336,-0.30478266411312815,-3.3078687538849656,-1.5792642541220308,0.8761499689686947
890,2293330212,9.843049,1.847414,-0.394438,-2.288777,-1.484743,0.634587,0.281976,-0.591035,-0.407536,-0.636461,9.839653041871792,1.8435710276116626,-0.32990329933488205,-3.2638048850285966,-1.5864041405910272,0.7914058604686165
891,2293346879,9.849973,1.767104,-0.262055,-3.442885,-1.422376,0.748999,0.281808,-0.591095,-0.407394,-0.636571,9.84899656921641,1.7614537582112548,-0.3150761759023452,-2.998770988909885,-1.6174109175582556,0.9069885302039534
892,2293363546,9.845053,1.692586,-0.27171,-3.349092,-1.701106,1.280718,0.281681,-0.591208,-0.407227,-0.636629,9.86009315173618,1.7123976684615332,-0.27799848373334735,-2.555588039657891,-1.6506831534011552,1.1876502099546538
893,2293380213,9.875299,1.705657,-0.266783,-1.635589,-1.92313,1.599366,0.281711,-0.591295,-0.407194,-0.636555,9.868362439725848,1.7236866477448232,-0.2513449249887529,-2.02937928248863,-1.6214098083550457,1.4649465317550894
894,2293396880,9.869434,1.792619,-0.232613,-0.98871,-1.259042,1.632991,0.281846,-0.591292,-0.407198,-0.636497,9.868524974518134,1.7863702890114963,-0.255781555566936,-1.6187547585847388,-1.4912714367803395,1.5694814634546885
895,2293413547,9.870745,1.876748,-0.286753,-2.001428,-1.425833,1.33348,0.281836,-0.591341,-0.40712,-0.636506,9.859059256301695,1.8600123750740076,-0.2858764607735387,-1.5188837136928501,-1.30081948545459,1.455657746481733
896,2293430214,9.836879,1.896299,-0.339331,-2.070684,-0.95981,1.186348,0.281832,-0.591341,-0.407029,-0.636565,9.844951195376087,1.8996686370424862,-0.317085354865173,-1.7735654412493167,-1.1456030583966743,1.2187532747652516
897,2293446881,9.832639,1.900848,-0.3242,-1.771387,-1.266727,1.039459,0.281827,-0.591345,-0.406996,-0.636584,9.834841614703983,1.885731214282308,-0.32587325674094125,-2.2247715544593203,-1.1021253933142023,1.0136364441896104
898,2293463548,9.8274,1.831738,-0.30516,-2.34241,-1.068587,1.008622,0.281798,-0.591344,-0.406918,-0.636649,9.834185326525551,1.8358175853276792,-0.30717639249870876,-2.5761766663125387,-1.1717172718306261,0.9544309196049319
899,2293480215,9.842565,1.791152,-0.280014,-2.948099,-1.279252,0.990155,0.281678,-0.591401,-0.406772,-0.636742,9.840697712137382,1.791039693103881,-0.27685036596197493,-2.546904875092443,-1.282985801946888,1.0575130621044382
900,2293496882,9.851858,1.754497,-0.255896,-2.092007,-1.377694,1.195658,0.281667,-0.591429,-0.406713,-0.636758,9.846661673176728,1.7864396407195209,-0.2584466258827868,-2.080713921785814,-1.347660082083486,1.2434734195610098
901,2293513549,9.861547,1.828964,-0.235926,-1.995677,-1.363389,1.435496,0.281696,-0.591462,-0.406649,-0.636756,9.846057324994604,1.8263876660272989,-0.2648883608682039,-1.473783971983753,-1.3332055940088507,1.3893124163699915
902,2293530216,9.814733,1.899511,-0.310715,-0.721497,-1.454379,1.514101,0.281839,-0.591454,-0.406702,-0.636666,9.839773059933309,1.88272629479967,-0.28892203979740816,-1.2378373397359184,-1.2982178043909391,1.40712482577746
903,2293546883,9.847519,1.930509,-0.31528,-1.117636,-1.232611,1.286878,0.281929,-0.591435,-0.406719,-0.636633,9.834301900377605,1.916458533015049,-0.3096372621632731,-1.7089056615175457,-1.3473759736969804,1.302282296035748
904,2293563550,9.832535,1.911834,-0.307686,-3.041755,-1.249949,1.094234,0.281832,-0.591487,-0.406573,-0.636721,9.835764544374541,1.905343163878875,-0.30978430585211836,-2.705353451296095,-1.524549497761168,1.1636461841555692
905,2293580217,9.835307,1.831203,-0.303556,-3.655687,-1.758888,1.027012,0.281653,-0.591602,-0.406403,-0.636802,9.844847774388644,1.8565151692836792,-0.2896813241461676,-3.5803811729017805,-1.7414392707717476,1.0886018517792444
906,2293596884,9.871466,1.791839,-0.262455,-3.964219,-2.159061,1.103837,0.281414,-0.591783,-0.406197,-0.636871,9.856477277489628,1.797838208937391,-0.2662187556691346,-3.6878255424909816,-1.8351532078612633,1.106807267802209
907,2293613551,9.853555,1.783631,-0.228609,-3.303129,-1.870854,1.260753,0.281276,-0.59191,-0.406041,-0.636913,9.863867426573021,1.7586335542121947,-0.25780053761027044,-2.8896096516474414,-1.7202868888965084,1.1691642244393603
908,2293630218,9.872195,1.74183,-0.268675,-1.222302,-1.256866,1.242414,0.281349,-0.591896,-0.406051,-0.636887,9.863548955154357,1.7541584691163952,-0.2682049193632661,-1.6712359841898121,-1.477934076442984,1.2047387318690461
909,2293646885,9.861778,1.768373,-0.295537,-0.292292,-1.011061,1.140271,0.281508,-0.591816,-0.406145,-0.636831,9.857489247421608,1.7804925554493254,-0.2841271464365153,-0.7642909425959852,-1.2762837740121507,1.1857201743726797
910,2293663552,9.833948,1.819964,-0.313244,-0.623516,-1.256905,1.101813,0.281624,-0.591766,-0.406227,-0.636774,9.850732503370955,1.8194745127728962,-0.2890137716337093,-0.601721463182366,-1.20720946818524,1.1425190540218892
911,2293680219,9.851065,1.877549,-0.286738,-1.31219,-1.469081,1.165346,0.281658,-0.591779,-0.406233,-0.636744,9.846838297143023,1.8505207056815443,-0.27938068168176083,-1.0637360355188703,-1.218291182387674,1.126657955599016
912,2293696886,9.847878,1.8588,-0.23353,-1.971102,-1.241601,1.088264,0.281658,-0.591783,-0.40619,-0.636768,9.845547709702265,1.8627027810775276,-0.2666566017941905,-1.6865047233897796,-1.2021330250110542,1.1644112983270212
913,2293713553,9.853664,1.849627,-0.239889,-2.092263,-0.91445,1.337028,0.281714,-0.591761,-0.406123,-0.636806,9.844784605418075,1.8583884828922002,-0.26322305881573804,-2.0878471704669814,-1.1293462716002072,1.240429109767149
914,2293730220,9.837556,1.825196,-0.295018,-2.236898,-1.339275,1.294984,0.281715,-0.591789,-0.406052,-0.636824,9.844237042800126,1.8461402160801463,-0.26903425564197486,-2.216516431146336,-1.082575585643162,1.3157223876800788
915,2293746887,9.848737,1.835552,-0.293809,-1.812848,-1.043242,1.325492,0.281769,-0.591778,-0.406001,-0.636843,9.846075055598128,1.8314191937326727,-0.2737854971197843,-2.2539261433215905,-1.1652267650463008,1.357128537891883
916,2293763554,9.840904,1.845717,-0.278092,-2.238306,-0.9693,1.365445,0.281769,-0.591795,-0.405881,-0.636904,9.851980809559723,1.815263316923369,-0.2704873657733498,-2.335595822734944,-1.3773821151381618,1.3548433308738557
917,2293780221,9.866314,1.8024,-0.225104,-2.649276,-1.98565,1.385295,0.281694,-0.591913,-0.405781,-0.636891,9.86009205127241,1.8000641813277114,-0.26347563556171344,-2.39749359655896,-1.5812812718936002,1.3208030271705717
918,2293796888,9.872172,1.766565,-0.270762,-2.51495,-1.644066,1.206185,0.28162,-0.591992,-0.405681,-0.636914,9.865548258095213,1.7920383976570806,-0.26256796869501525,-2.2854362882844637,-1.6060466359857501,1.2738850259309664
919,2293813555,9.856298,1.787031,-0.277578,-2.199568,-1.461922,1.134957,0.281599,-0.592023,-0.405629,-0.636928,9.864408923197251,1.7952441378725854,-0.2719715048494091,-1.9765167828001498,-1.4081635774993675,1.2243990656000545
920,2293830222,9.858836,1.803314,-0.298881,-1.081099,-1.047969,1.28844,0.281706,-0.591984,-0.405643,-0.636908,9.857385575240615,1.8049929418392248,-0.2862429535966237,-1.6518959527582235,-1.1322010379335112,1.1728404193304915
921,2293846889,9.866421,1.851481,-0.270201,-1.486151,-0.948374,1.256079,0.281767,-0.591959,-0.405607,-0.636927,9.850039126561928,1.8107187878648252,-0.29543925442176994,-1.5389732495564314,-1.0000254475470645,1.124467017010886
922,2293863556,9.829605,1.789783,-0.313912,-2.07167,-0.969236,0.912561,0.281759,-0.59193,-0.405561,-0.636987,9.84874683815636,1.806208595739008,-0.2930860180845718,-1.6927806869708726,-1.120318979350535,1.096479398140032
923,2293880223,9.847143,1.783327,-0.28082,-1.685085,-1.35965,1.018777,0.281775,-0.591926,-0.40556,-0.636984,9.85507987638892,1.795413945202279,-0.28090403090371086,-1.9313591631316387,-1.3895472465259147,1.099684417660325
924,2293896890,9.871831,1.776509,-0.260903,-1.952482,-1.783451,1.218403,0.281755,-0.591988,-0.405528,-0.636956,9.863671443484622,1.7879045280549737,-0.26782524132667,-1.9736773131310534,-1.57956528054525,1.1183446955255711
925,2293913557,9.878643,1.811977,-0.268437,-1.733493,-1.821998,1.218338,0.281765,-0.592035,-0.405531,-0.636905,9.866718262315818,1.7903706323578035,-0.2637729019445273,-1.66680603245298,-1.5403363272548156,1.1246838483393518
926,2293930224,9.868116,1.810097,-0.253782,-1.558357,-1.133251,1.131938,0.28183,-0.592003,-0.405536,-0.636904,9.861417497240303,1.8027908056245214,-0.2720375344385069,-1.1416689301298082,-1.3318009346278676,1.114968830348806
927,2293946891,9.833599,1.798234,-0.301366,-0.808158,-0.882063,0.991243,0.281932,-0.591926,-0.405585,-0.636899,9.852446489042807,1.8199468094639784,-0.2862096914984967,-0.7640247493431775,-1.1584345904095823,1.114530071012646
928,2293963558,9.838118,1.8326,-0.29457,0.026605,-1.116816,1.043135,0.282112,-0.59183,-0.405731,-0.636815,9.846767396854402,1.8343875605192141,-0.2948600188546326,-0.8610129165031681,-1.175269413356459,1.1377334353824697
929,2293980225,9.857026,1.846826,-0.289099,-1.417586,-1.737732,1.241313,0.282142,-0.591868,-0.405744,-0.636759,9.846939570151681,1.8398948394752008,-0.2906881757249171,-1.413923600562614,-1.3587313483249033,1.155354079459722
930,2293996892,9.868503,1.863169,-0.292298,-2.635329,-1.449884,1.289196,0.28209,-0.591931,-0.40563,-0.636796,9.850158336171527,1.8358125738229647,-0.2765815406199279,-2.0187414352954294,-1.54937404356096,1.1182066882840227
931,2294013559,9.833759,1.803644,-0.251729,-2.248795,-1.506231,0.924356,0.282036,-0.59196,-0.405587,-0.63682,9.852499319624844,1.8286361386270276,-0.2630912455435132,-2.2091423646127604,-1.5943010134219007,1.012444817400582
932,2294030226,9.852222,1.815964,-0.236282,-1.811778,-1.386287,0.7621,0.282002,-0.591956,-0.405586,-0.636839,9.852397912314245,1.826866363238901,-0.2590563195694587,-1.8693022960822212,-1.4552653411129428,0.8796897351258345
933,2294046893,9.848103,1.83751,-0.273032,-1.719458,-1.599219,0.84027,0.281979,-0.591969,-0.405602,-0.636828,9.850580599873151,1.832626995946462,-0.2638289505146177,-1.3494890768297063,-1.2224979493564754,0.7811284203689518
934,2294063560,9.868032,1.849116,-0.297989,-0.328304,-0.707,0.738894,0.282127,-0.59183,-0.405726,-0.636812,9.848699790921536,1.8388670195976182,-0.26875052642565966,-1.1691555216324176,-1.0486649040831444,0.7513872938100726
935,2294080227,9.83314,1.837612,-0.246304,-1.366207,-1.056178,0.864371,0.28219,-0.591765,-0.40577,-0.636816,9.84855191789922,1.8354252571781686,-0.26626117877102984,-1.5695102239329146,-1.043239372788892,0.7877850274435898
936,2294096894,9.842113,1.816182,-0.253215,-2.968678,-1.119275,0.860619,0.28208,-0.591791,-0.40564,-0.636923,9.85121633746453,1.8177685768276148,-0.2572102976389119,-2.3109466166810115,-1.1921152937264632,0.8685113587065433
937,2294113561,9.876928,1.783139,-0.260045,-3.079138,-1.49842,0.878523,0.281952,-0.59185,-0.405525,-0.636998,9.856044637119613,1.7906379778730288,-0.2497958774908321,-2.8811156716705613,-1.372195435775981,0.9665612745259378
938,2294130228,9.849566,1.756435,-0.253354,-2.573974,-1.583121,1.010466,0.281875,-0.591905,-0.405449,-0.637031,9.86085980474299,1.7652840319737872,-0.252237595331006,-2.9025008545022426,-1.459853086553253,1.0501429351818707
939,2294146895,9.861411,1.7845,-0.241169,-2.41319,-1.496832,1.279566,0.281838,-0.591962,-0.405358,-0.637051,9.863450719512983,1.754063920262307,-0.26563646298519566,-2.3851085998588895,-1.4356641917128368,1.0881238078006228
940,2294163562,9.872048,1.756602,-0.306011,-1.662098,-1.044473,0.972777,0.281869,-0.591926,-0.405349,-0.637077,9.862807529141184,1.7648641734016057,-0.28230635960570494,-1.668935875016427,-1.3837823925934305,1.0684235954955184
941,2294180229,9.854945,1.778216,-0.266325,-1.426807,-1.500699,0.937815,0.281887,-0.591922,-0.405381,-0.637052,9.859195367990726,1.795438791312901,-0.2914059311394748,-1.1631348126975363,-1.3926213930342357,1.010101619583229
942,2294196896,9.840087,1.802833,-0.340153,-0.624258,-1.492862,1.038499,0.281981,-0.591892,-0.405475,-0.636978,9.85360868142131,1.8308539026555533,-0.28820141798547283,-1.07620306513879,-1.4651963236065682,0.9526260370226589
943,2294213563,9.868146,1.888106,-0.256754,-0.939743,-1.550298,0.953106,0.282042,-0.591872,-0.405555,-0.636919,9.847545279054213,1.8507214817785576,-0.27840221105657287,-1.2969422066662852,-1.5279422161177258,0.9311959731804437
944,2294230230,9.844868,1.882882,-0.23355,-2.270822,-1.559481,0.897706,0.281971,-0.591912,-0.405506,-0.636945,9.843104514538366,1.8455474329256245,-0.2719361735498843,-1.513677094273489,-1.517079921707889,0.9553381277064538
945,2294246897,9.818508,1.801679,-0.293361,-1.713835,-1.55058,0.919925,0.281973,-0.591914,-0.405527,-0.636928,9.842220932185231,1.827398303222318,-0.271931334116002,-1.5035154679170026,-1.4476071430976878,1.0008273399825764
946,2294263564,9.862421,1.799426,-0.268758,-0.957147,-1.219664,1.162221,0.282081,-0.591871,-0.405583,-0.636886,9.844801722106007,1.81996699375425,-0.2718607683423247,-1.3422969472074033,-1.3969861468856812,1.023518359704862
947,2294280231,9.837315,1.807193,-0.290877,-1.349332,-1.277343,0.936552,0.28214,-0.591829,-0.405632,-0.636867,9.848039203930604,1.8342177007333174,-0.26526443303719527,-1.3141079591021163,-1.4242328302476237,0.995074412880258
948,2294296898,9.8599,1.865928,-0.268794,-1.342054,-1.695996,1.01149,0.282158,-0.591846,-0.40567,-0.636818,9.84873135419327,1.854995613958275,-0.25652008504362817,-1.5890363031326082,-1.510931026088958,0.9344695121328853
949,2294313565,9.852594,1.893683,-0.226375,-1.566242,-1.664185,0.932322,0.282155,-0.591862,-0.405698,-0.636788,9.846554952542887,1.8555226186299978,-0.2579849341114757,-1.9944175541347573,-1.5866590858530953,0.8982351141592576
950,2294330232,9.826648,1.862792,-0.235002,-2.677551,-1.607543,0.692625,0.282037,-0.591904,-0.40564,-0.636837,9.844369800588158,1.82672916061146,-0.27453805443192353,-2.141560612220064,-1.6065608420391813,0.9263037306099813
951,2294346899,9.849713,1.750334,-0.319231,-2.727881,-1.453572,0.974544,0.281951,-0.59195,-0.405547,-0.636892,9.844895581973924,1.7898976113151859,-0.29385928398777234,-1.822526693359785,-1.5924452037865364,0.9939454964938887
952,2294363566,9.843609,1.725941,-0.337613,-0.930778,-1.652839,1.307163,0.282046,-0.591956,-0.405607,-0.636806,9.847586727997422,1.7769875488729958,-0.29714975538135935,-1.2738685409911652,-1.597480197987521,1.0299341951755663
953,2294380233,9.865047,1.810725,-0.300869,-0.024012,-1.620054,0.945999,0.28215,-0.591924,-0.405747,-0.636701,9.849424585546753,1.7982301840252368,-0.2806622261819653,-0.9780479642906226,-1.6403626495085792,0.9947721650703198
954,2294396900,9.838976,1.855736,-0.221658,-0.812448,-1.658153,0.953798,0.282208,-0.591914,-0.405836,-0.636628,9.848604921979057,1.8315181602642956,-0.26214690153428166,-1.1625528637139344,-1.6774491682975468,0.9348179443557265
955,2294413567,9.847382,1.878965,-0.211918,-2.271987,-1.724247,0.758219,0.282116,-0.59196,-0.405807,-0.636644,9.846774940332145,1.8446392766718178,-0.2618568139117783,-1.54513794307177,-1.6357027258726948,0.942904705240882
956,2294430234,9.845699,1.807923,-0.30077,-2.143348,-1.35942,1.059988,0.282094,-0.591978,-0.405759,-0.636668,9.847485343527879,1.8264769452676555,-0.2789400065160983,-1.6403745804314678,-1.4779905359247776,1.0603406121930765
957,2294446901,9.857729,1.790455,-0.338784,-1.608311,-1.373007,1.278733,0.282135,-0.59199,-0.405738,-0.636651,9.852701789844836,1.795872815207562,-0.29144379670507004,-1.3042731909969945,-1.2530768675273614,1.225237359102686
958,2294463568,9.848968,1.755849,-0.280969,-0.25166,-1.146993,1.403244,0.282319,-0.591932,-0.405825,-0.636568,9.860734900870284,1.7817689300394175,-0.2808388984955276,-0.9073506739690674,-1.0901460147711548,1.3242795529963363
959,2294480235,9.875254,1.794807,-0.240677,-0.238365,-1.132171,1.37829,0.282511,-0.591866,-0.405922,-0.636483,9.867321095353033,1.7961662905426905,-0.253428790947221,-0.9395286916843998,-1.1228152652107561,1.2959104618569879
960,2294496902,9.879578,1.837876,-0.224831,-1.545995,-1.012637,1.096448,0.282581,-0.591819,-0.405926,-0.636493,9.868950526351687,1.8254230995346505,-0.2352347843175852,-1.4830117913903167,-1.377339501020583,1.18145522658134
961,2294513569,9.851425,1.876355,-0.222623,-2.87468,-1.720034,0.949098,0.282463,-0.591895,-0.405833,-0.636534,9.865581563147378,1.8455388407442435,-0.24630069520723818,-2.1244656851996893,-1.7163897693538972,1.077212268370722
962,2294530236,9.862919,1.831565,-0.290924,-2.82348,-2.468168,1.029086,0.282313,-0.592043,-0.405768,-0.636504,9.860303793562863,1.8444496765047151,-0.2806919448067964,-2.379297163372843,-1.9169130877854932,1.042392018884952
963,2294546903,9.857888,1.824861,-0.324396,-1.793619,-1.600819,1.221745,0.282316,-0.592083,-0.405742,-0.636483,9.856529668155414,1.8299114629105562,-0.31123326391371275,-2.147701310937499,-1.8394262659864413,1.05740232719659
964,2294563570,9.854174,1.798868,-0.334878,-1.208561,-1.49687,1.021262,0.28237,-0.592068,-0.405795,-0.636439,9.855603784823398,1.8177635084742603,-0.31393804912930323,-1.7321719020240254,-1.5364436222492583,1.0655582053111656
965,2294580237,9.860868,1.807442,-0.284981,-1.236684,-1.015659,1.078224,0.282441,-0.592023,-0.405807,-0.636441,9.856662570884593,1.8148980689936705,-0.28925619728115526,-1.4648239054473895,-1.201507081547655,1.0424210542001326
966,2294596904,9.849245,1.833646,-0.254615,-1.762807,-1.251027,0.98607,0.282469,-0.592,-0.405812,-0.636447,9.858112564004713,1.8147544888782632,-0.2607267666624479,-1.3960285701711943,-1.0206021478363247,1.0180748908243564
967,2294613571,9.873775,1.8358,-0.219774,-1.82041,-1.022305,0.973788,0.282499,-0.591961,-0.405797,-0.636479,9.859101917440611,1.808314202447946,-0.2526903364050334,-1.3549570213692608,-1.0587143663986553,1.0366223284740486
968,2294630238,9.848578,1.791161,-0.251607,-1.148115,-1.039735,1.087394,0.28258,-0.591913,-0.405822,-0.636472,9.859852407966336,1.796519110372236,-0.26845498213701746,-1.2376711814562018,-1.2465493177104916,1.1015285473126544
969,2294646905,9.860861,1.742447,-0.352927,-0.903299,-1.73954,1.200827,0.282674,-0.591913,-0.405908,-0.636377,9.860747513957458,1.7893446964968085,-0.28987107632219317,-1.152523910908077,-1.4463917118792997,1.1648722868129395
970,2294663572,9.862955,1.808849,-0.306922,-1.167709,-1.3607,1.237638,0.282777,-0.591886,-0.405956,-0.636325,9.861267526155105,1.793449360646113,-0.29746108245152175,-1.2663881618284423,-1.5462823744761474,1.172440785875216
971,2294680239,9.861273,1.809059,-0.252217,-1.201082,-1.622539,1.148608,0.282827,-0.591896,-0.405996,-0.636267,9.860166619040745,1.8042932841861266,-0.28896157358815266,-1.5539347396064913,-1.5296057183724323,1.1196611582429346
972,2294696906,9.861901,1.840703,-0.2678,-2.126712,-1.699608,1.025001,0.282782,-0.591944,-0.405965,-0.636263,9.85685358690659,1.812274811805831,-0.2776552111411562,-1.7576611980636807,-1.4745644722194937,1.059458869962191
973,2294713573,9.839634,1.803375,-0.28668,-1.9919,-1.005926,0.917082,0.282791,-0.591908,-0.405937,-0.63631,9.85237991167991,1.8144393260857634,-0.275681787075167,-1.6340561405628347,-1.476489674675136,1.0500307967338212
974,2294730240,9.864039,1.797015,-0.274227,-1.323229,-1.637087,1.084256,0.282834,-0.591915,-0.405981,-0.636256,9.848856266611705,1.8170778927265292,-0.28231332586506475,-1.2431985477421899,-1.5525926404887311,1.0950711944996396
975,2294746907,9.838155,1.8252,-0.301478,-0.786797,-1.720136,1.338629,0.282957,-0.591912,-0.406071,-0.636147,9.847812078767557,1.8267257181614167,-0.2880468301827066,-0.9612795943040255,-1.6236915172260882,1.1409286199850392
976,2294763574,9.842422,1.846196,-0.30864,-0.432752,-1.780608,1.069375,0.283064,-0.591896,-0.406202,-0.636031,9.848996396132701,1.840888266338435,-0.2871383531030909,-1.1595453482343725,-1.6040105552321848,1.1343894663815837
977,2294780241,9.863553,1.865389,-0.265672,-1.990542,-1.623896,1.098625,0.283041,-0.591936,-0.406173,-0.636022,9.850809861842828,1.8488350895134844,-0.2838557367689114,-1.8477515422783233,-1.5071289512511594,1.0776578372089127
978,2294796908,9.855912,1.833805,-0.260674,-3.397205,-1.019552,0.951096,0.282929,-0.591963,-0.40601,-0.63615,9.85209791970755,1.8406321725929755,-0.28603325868911084,-2.639872548772964,-1.4425621479898492,1.0229832301789237
979,2294813575,9.839437,1.803458,-0.302477,-2.698485,-1.431452,0.979047,0.282852,-0.592003,-0.405924,-0.636203,9.853357249178869,1.8150112422025613,-0.2940815541431685,-3.0771499657843275,-1.499765095763716,1.0184719587272053
980,2294830242,9.857846,1.782714,-0.302733,-3.295804,-1.938664,1.096537,0.282704,-0.592122,-0.405792,-0.636242,9.855879123988975,1.7805004117537475,-0.29917833001560684,-2.9893050883633356,-1.6524393141143254,1.0659496133511115
981,2294846909,9.869696,1.76852,-0.330981,-2.456616,-1.889615,1.214048,0.28263,-0.592217,-0.405715,-0.636236,9.859964003026581,1.7512880333898673,-0.2936777998386509,-2.569243750412417,-1.788355334769057,1.131259585133025
982,2294863576,9.855587,1.735828,-0.265455,-1.367116,-1.693678,1.15683,0.282681,-0.592229,-0.405759,-0.636174,9.864318299299894,1.7406923084609995,-0.281468859302747,-2.1457251516974254,-1.8168732549041176,1.187783180818411
983,2294880243,9.871456,1.742008,-0.241403,-2.548528,-1.595351,1.277978,0.282636,-0.592295,-0.405669,-0.63619,9.86690560184735,1.7534974686210303,-0.2750936515748721,-1.9141360850495548,-1.7328747916493903,1.2406325682016335
984,2294896910,9.859363,1.762456,-0.291876,-1.85865,-1.612217,1.252263,0.282656,-0.592327,-0.405654,-0.636161,9.866171812456686,1.7805570982192733,-0.2820655881125598,-1.8710069513472904,-1.5974534591873284,1.3041473100979442
985,2294913577,9.87361,1.820312,-0.301581,-2.323367,-1.77035,1.183096,0.282609,-0.592396,-0.405597,-0.636154,9.862062535601911,1.8021258516219085,-0.29601399124105665,-1.942616853664464,-1.4893659112017605,1.3617282135774191
986,2294930244,9.843044,1.821714,-0.315534,-1.780851,-1.333436,1.478538,0.282646,-0.59243,-0.405533,-0.636147,9.856551958759358,1.8014759078008011,-0.3027843139748976,-2.093266248764096,-1.4678786832579216,1.3649642951566783
987,2294946911,9.875193,1.783199,-0.297945,-1.639443,-1.373455,1.595511,0.282723,-0.592455,-0.405492,-0.636115,9.852910364645604,1.7789189720752725,-0.2947909362924769,-2.2797152812513075,-1.538080387546278,1.2884235465618283
988,2294963578,9.827577,1.726106,-0.267269,-2.811711,-1.526543,1.008327,0.282632,-0.592512,-0.405394,-0.636165,9.853362876955806,1.7524822452015296,-0.2787240520297298,-2.367200673959686,-1.6286254456376748,1.1792935068178905
989,2294980245,9.859918,1.731865,-0.277812,-2.528537,-1.951598,0.921001,0.282531,-0.592591,-0.405348,-0.636165,9.856750929031191,1.743176090579481,-0.26941561647227463,-2.1946549185968465,-1.630478345354197,1.1269338197041359
990,2294996912,9.869306,1.772503,-0.245967,-1.766947,-1.539544,1.170295,0.282554,-0.592609,-0.405343,-0.636142,9.859037014131054,1.7583014937455492,-0.2760807616459724,-1.7627974354443463,-1.4964476316182393,1.17029404900394
991,2295013579,9.863009,1.792788,-0.319253,-1.327135,-1.233661,1.353766,0.282644,-0.592595,-0.405345,-0.636113,9.857140643966384,1.787613986274988,-0.29349551815153774,-1.3110242912274819,-1.3067554034691504,1.2505304926755423
992,2295030246,9.845387,1.816781,-0.299595,-0.446621,-1.024124,1.433613,0.282853,-0.592516,-0.405435,-0.636037,9.852334810873053,1.8135342742210956,-0.3058924987311077,-1.1452006288892402,-1.2126725757833143,1.2715154160721176
993,2295046913,9.841277,1.827361,-0.294588,-1.615969,-1.358113,1.171711,0.28289,-0.592516,-0.405428,-0.636024,9.84919716222395,1.8242541200672098,-0.3005005019866911,-1.369319422811146,-1.2971272154857205,1.2012637263919363
994,2295063580,9.854335,1.798712,-0.31923,-2.252458,-1.456236,0.933397,0.282847,-0.592537,-0.405389,-0.636049,9.851206271220397,1.8193453188505564,-0.2794813106419632,-1.794638907592981,-1.487168560617568,1.0999927647615442
995,2295080247,9.859428,1.818881,-0.237512,-1.697174,-1.664032,1.007917,0.28284,-0.592563,-0.405397,-0.636023,9.857854659285277,1.8067377672011946,-0.2595235445317981,-2.110522961305734,-1.607061253440825,1.0503404480403833
996,2295096914,9.879269,1.812507,-0.218663,-2.478067,-1.587603,1.185439,0.282801,-0.592614,-0.405328,-0.636037,9.86567637520241,1.7961980553220287,-0.2579900768997027,-2.1406569918057214,-1.5304619174964538,1.0734470800027316
997,2295113581,9.855337,1.767599,-0.296828,-1.967222,-1.445978,1.141385,0.282833,-0.592615,-0.405326,-0.636023,9.87087837000294,1.7936430215809145,-0.27731381445508896,-1.9556957536976876,-1.301172476060653,1.115812708656772
998,2295130248,9.858247,1.793858,-0.316051,-1.511418,-1.11779,1.069362,0.282886,-0.592582,-0.40533,-0.636027,9.870893086690387,1.7981557520717928,-0.3028725863767518,-1.7685542218287045,-1.1090803095379813,1.105136055756507
999,2295146915,9.889778,1.823361,-0.333081,-1.46835,-0.669362,1.01774,0.282969,-0.5925,-0.405326,-0.636069,9.865417638037954,1.803354149843061,-0.31674414639535614,-1.7230344356807576,-1.1221325113557155,1.0113814572103264
1000,2295163582,9.862341,1.807473,-0.300059,-2.145063,-1.314713,0.869353,0.282949,-0.592492,-0.405308,-0.636097,9.85789760319815,1.8030058489528598,-0.3131157728115884,-1.7649138166365823,-1.3153598149283243,0.8642713690934756
1001,2295180249,9.840262,1.791368,-0.288166,-1.691935,-1.745969,0.771879,0.28291,-0.592515,-0.405335,-0.636076,9.855069074807671,1.796077271523615,-0.300360053474684,-1.7048027099137104,-1.4728193077171592,0.7249904653532085
1002,2295196916,9.857267,1.76953,-0.290948,-1.418944,-1.611257,0.515283,0.282899,-0.592486,-0.405423,-0.636052,9.862245751123321,1.7859749940281526,-0.28997945270514236,-1.4035449279629444,-1.3874523829328917,0.6383815338879416
1003,2295213583,9.877773,1.775826,-0.285445,-0.902822,-1.06974,0.600573,0.282961,-0.592398,-0.405519,-0.636046,9.877798083715982,1.775652429230389,-0.28529662662384103,-0.9051334254883353,-1.0710586873904782,0.5996281166396671
