sep=,
DeviceTag:,DOT_Shank_L
FirmwareVersion:,2.2.1
AppVersion:,2023.6.0
SyncStatus:,Synced
OutputRate:,60Hz
FilterProfile:,Dynamic
Measurement Mode:,Custom modes - custom mode5
StartTime: ,2026-09-13_17:37:05_231 GMT+8
© Movella Technologies B. V. 2005-2026

PacketCounter,SampleTimeFine,Acc_X,Acc_Y,Acc_Z,Gyr_X,Gyr_Y,Gyr_Z,Quat_W,Quat_X,Quat_Y,Quat_Z
1,2689404800,9.868109,-0.326638,0.384336,-0.840993,1.950094,0.104263,-0.672829,0.268084,0.639785,0.257102,
2,2689421467,9.874781,-0.334652,0.375279,-1.084647,1.354047,-0.243756,-0.672751,0.267864,0.639932,0.257172,
3,2689438134,9.885102,-0.306314,0.387633,-0.585698,1.013296,-0.593523,-0.672646,0.267578,0.640144,0.257217,
4,2689454801,9.919089,-0.247510,0.325985,-0.441166,0.596232,-0.752898,-0.672501,0.267278,0.640408,0.257249,
5,2689471468,9.936487,-0.295245,0.296563,-0.279768,-0.093371,-1.019731,-0.672290,0.266963,0.640756,0.257264,
6,2689488135,9.904167,-0.339105,0.281661,0.139058,-0.645735,-1.482028,-0.672025,0.266584,0.641191,0.257264,
7,2689504802,9.867620,-0.290127,0.303716,0.933884,-0.989470,-2.014119,-0.671739,0.266091,0.641710,0.257228,
8,2689521469,9.868660,-0.189795,0.273571,1.155037,-1.201940,-2.068917,-0.671439,0.265578,0.642260,0.257168,
9,2689538136,9.893646,-0.129017,0.333612,-0.218105,-1.065412,-1.946104,-0.671103,0.265207,0.642739,0.257231,
10,2689554803,9.964695,-0.150569,0.392378,-1.752856,-0.810911,-1.760258,-0.670740,0.264987,0.643132,0.257422,
11,2689571470,9.953404,-0.202526,0.337711,-2.043458,-0.485437,-1.389566,-0.670409,0.264822,0.643465,0.257621,
12,2689588137,9.859692,0.360593,0.249479,0.235233,-0.211919,-1.955478,-0.670171,0.264371,0.643879,0.257672,
13,2689604804,10.031116,-0.504424,0.018634,-3.663858,-0.749031,-0.004674,-0.669803,0.264504,0.644123,0.257879,
14,2689621471,9.990490,-0.132168,0.155685,-4.092717,0.752008,-0.364110,-0.669548,0.264590,0.644218,0.258218,
15,2689638138,9.986928,-0.415790,0.192121,-0.825485,2.017634,-0.252183,-0.669540,0.264321,0.644307,0.258291,
16,2689654805,10.039526,-0.059434,0.113081,5.489770,3.577448,-0.447416,-0.669914,0.263358,0.644490,0.257847,
17,2689671472,10.036696,0.009696,0.246660,4.617798,2.818223,-0.208961,-0.670193,0.262529,0.644705,0.257431,
18,2689688139,10.116101,0.065850,0.236836,0.807101,3.319515,0.477414,-0.670395,0.262124,0.644699,0.257332,
19,2689704806,10.179163,-0.383090,0.066298,3.784130,5.697245,1.594782,-0.670977,0.261444,0.644529,0.256934,
20,2689721473,10.251705,-0.282794,-0.072453,12.349358,8.950934,2.292422,-0.672213,0.259872,0.644332,0.255790,
21,2689738140,10.286542,0.066043,0.177259,14.884176,7.132612,4.005491,-0.673435,0.258278,0.644339,0.254168,
22,2689754807,10.152057,-0.116126,0.016713,15.511000,6.702691,5.421107,-0.674689,0.256765,0.644354,0.252326,
23,2689771474,10.148697,-0.176775,0.118885,17.545242,4.923094,6.248066,-0.675877,0.255193,0.644585,0.250145,
24,2689788141,10.023582,-0.348828,0.070008,20.795980,4.285377,6.618672,-0.677133,0.253357,0.644975,0.247597,
25,2689804808,9.916986,-0.324191,0.134454,23.900934,2.941247,6.245383,-0.678353,0.251226,0.645616,0.244742,
26,2689821475,9.875057,-0.224164,0.361404,22.780664,1.717482,6.148321,-0.679403,0.249237,0.646333,0.241954,
27,2689838142,9.726192,-0.110284,0.629253,20.070240,0.854768,6.126843,-0.680265,0.247540,0.647033,0.239390,
28,2689854809,9.646090,-0.072998,0.817595,14.912682,0.508995,6.195776,-0.680905,0.246369,0.647580,0.237288,
29,2689871476,9.549130,-0.128792,0.891162,8.770477,0.760012,6.179662,-0.681346,0.245795,0.647887,0.235774,
30,2689888143,9.404351,-0.243215,0.964860,1.793690,1.888559,5.845965,-0.681632,0.245843,0.647853,0.234991,
31,2689904810,9.318731,-0.247843,1.044272,-4.234331,3.593277,5.554864,-0.681853,0.246402,0.647453,0.234864,
32,2689921477,9.366392,-0.147293,0.948338,-10.952482,5.173980,5.507982,-0.681981,0.247570,0.646667,0.235432,
33,2689938144,9.545858,-0.291162,0.682698,-15.069499,5.485534,4.440522,-0.681950,0.249034,0.645745,0.236503,
34,2689954811,9.821795,-0.571746,0.547305,-19.551342,4.917895,2.152104,-0.681621,0.250744,0.644807,0.238201,
35,2689971478,9.726132,-0.943378,0.361410,-20.462362,4.406473,-1.218833,-0.681088,0.252245,0.644006,0.240298,
36,2689988145,9.797265,-0.995058,0.272470,-15.858682,3.180108,-4.495443,-0.680489,0.253024,0.643605,0.242242,
37,2690004812,9.958766,-0.610901,0.189044,-9.938217,2.279960,-6.278187,-0.679959,0.253081,0.643564,0.243775,
38,2690021479,10.102171,0.030611,0.174701,-7.649710,1.858772,-5.710443,-0.679494,0.252980,0.643622,0.245021,
39,2690038146,10.232467,0.351754,0.264129,-12.562614,1.949287,-3.393185,-0.678938,0.253577,0.643410,0.246499,
40,2690054813,10.222207,0.293069,0.284010,-18.636974,2.399023,-0.477998,-0.678302,0.255029,0.642824,0.248273,
41,2690071480,10.089500,-0.070396,0.178644,-20.246756,2.837782,1.874859,-0.677728,0.256844,0.642044,0.249981,
42,2690088147,10.002744,-0.183355,0.131015,-17.019733,3.087800,3.057949,-0.677335,0.258440,0.641311,0.251280,
43,2690104814,9.991476,-0.164659,0.123140,-14.690011,2.511974,3.685063,-0.676996,0.259885,0.640693,0.252277,
44,2690121481,10.003162,-0.354488,0.224538,-13.921306,1.526640,3.902424,-0.676600,0.261309,0.640191,0.253143,
45,2690138148,9.907530,-0.421642,0.430149,-12.481971,1.231363,3.668259,-0.676220,0.262580,0.639777,0.253885,
46,2690154815,9.830651,-0.355446,0.527055,-9.723954,1.583576,3.342644,-0.675965,0.263536,0.639443,0.254416,
47,2690171482,9.888185,-0.181754,0.459442,-8.474681,1.764363,3.039710,-0.675762,0.264334,0.639148,0.254868,
48,2690188149,10.009773,-0.252841,0.377248,-9.383088,1.575342,3.360880,-0.675518,0.265257,0.638825,0.255365,
49,2690204816,9.974226,-0.240066,0.362147,-11.459908,1.066532,3.332604,-0.675145,0.266401,0.638474,0.256037,
50,2690221483,9.903171,-0.505106,0.267966,-10.949920,0.652272,3.118879,-0.674744,0.267490,0.638190,0.256667,
51,2690238150,9.875623,-0.467997,0.232920,-7.311057,0.370712,2.082767,-0.674419,0.268136,0.638109,0.257049,
52,2690254817,9.976988,-0.352633,0.231141,-5.799753,0.157998,1.558962,-0.674112,0.268592,0.638126,0.257335,
53,2690271484,9.918685,-0.238359,0.208738,-6.178949,0.579443,1.592361,-0.673832,0.269073,0.638085,0.257668,
54,2690288151,9.920154,-0.249729,0.211431,-5.975981,0.672929,1.892798,-0.673578,0.269559,0.638032,0.257957,
55,2690304818,9.909731,-0.221107,0.299429,-5.152981,0.990975,2.297619,-0.673401,0.269989,0.637961,0.258142,
56,2690321485,9.952603,-0.308300,0.259027,-4.264207,1.432640,2.679953,-0.673314,0.270352,0.637866,0.258225,
57,2690338152,9.960499,-0.385441,0.321590,-3.717248,1.622161,2.937438,-0.673275,0.270681,0.637761,0.258242,
58,2690354819,9.926364,-0.330136,0.395736,-2.964542,1.435893,2.961769,-0.673251,0.270942,0.637702,0.258177,
59,2690371486,9.920587,-0.297411,0.322079,-3.345365,0.820522,3.012047,-0.673156,0.271267,0.637688,0.258117,
60,2690388153,9.868311,-0.228200,0.240627,-4.427386,-0.227159,3.122540,-0.672926,0.271747,0.637732,0.258104,
61,2690404820,9.852341,-0.096839,0.116928,-6.610024,-0.958043,3.548582,-0.672555,0.272511,0.637747,0.258226,
62,2690421487,9.867282,-0.094683,-0.037044,-10.642656,-1.749271,4.525298,-0.671988,0.273787,0.637650,0.258593,
63,2690438154,9.905971,-0.346461,0.101980,-12.163887,-0.862213,5.378944,-0.671473,0.275256,0.637374,0.259052,
64,2690454821,9.962189,-0.672392,0.238075,-8.257807,0.079867,4.967066,-0.671181,0.276280,0.637163,0.259238,
65,2690471488,9.993550,-0.735646,0.405152,-0.677840,0.872209,3.863683,-0.671229,0.276424,0.637207,0.258851,
66,2690488155,9.980372,-0.559419,0.509737,4.380342,0.787994,3.222443,-0.671450,0.276013,0.637477,0.258049,
67,2690504822,9.971238,-0.341526,0.592567,3.499406,1.153641,3.058791,-0.671664,0.275657,0.637685,0.257358,
68,2690521489,9.942951,-0.257746,0.532551,0.615659,1.502038,3.129763,-0.671794,0.275583,0.637745,0.256948,
69,2690538156,9.923435,-0.369211,0.383497,-0.945160,1.983326,3.236018,-0.671911,0.275651,0.637697,0.256690,
70,2690554823,9.893795,-0.403617,0.218305,0.225065,1.835259,3.279457,-0.672062,0.275615,0.637706,0.256314,
71,2690571490,9.926677,-0.485292,0.202887,0.919810,1.987463,3.087976,-0.672245,0.275493,0.637730,0.255903,
72,2690588157,9.949321,-0.518310,0.300820,1.839715,2.642686,2.640458,-0.672511,0.275209,0.637745,0.255471,
73,2690604824,9.960559,-0.529732,0.316235,3.029989,2.747187,2.215864,-0.672820,0.274763,0.637811,0.254972,
74,2690621491,9.895965,-0.455193,0.301632,4.194176,2.874994,1.951630,-0.673175,0.274178,0.637916,0.254401,
75,2690638158,9.903610,-0.358084,0.338624,3.527862,2.825651,2.060766,-0.673503,0.273670,0.637997,0.253878,
76,2690654825,9.901058,-0.352548,0.315347,1.473403,2.845142,2.219564,-0.673752,0.273386,0.637990,0.253540,
77,2690671492,9.966893,-0.414089,0.282952,0.200515,2.983694,2.122198,-0.673969,0.273191,0.637935,0.253313,
78,2690688159,9.956289,-0.502821,0.299507,0.405507,2.892730,1.988077,-0.674176,0.272977,0.637896,0.253088,
79,2690704826,9.914228,-0.439064,0.335374,0.945358,2.788256,1.729069,-0.674387,0.272687,0.637900,0.252829,
80,2690721493,9.946588,-0.390018,0.324155,0.669766,2.942508,1.853469,-0.674604,0.272433,0.637872,0.252595,
81,2690738160,9.954752,-0.411152,0.270358,0.304759,3.042770,2.028609,-0.674823,0.272225,0.637815,0.252377,
82,2690754827,9.943096,-0.431622,0.261374,1.069503,3.264857,2.267652,-0.675101,0.271959,0.637753,0.252077,
83,2690771494,9.911287,-0.464047,0.279953,1.850191,3.382881,2.377992,-0.675424,0.271623,0.637704,0.251700,
84,2690788161,9.920456,-0.379009,0.398238,2.170542,3.251783,2.423160,-0.675750,0.271261,0.637678,0.251280,
85,2690804828,9.929712,-0.382341,0.402589,1.104298,3.196753,2.753807,-0.676040,0.271039,0.637604,0.250927,
86,2690821495,9.954042,-0.412569,0.349215,1.133817,3.190901,3.122413,-0.676343,0.270849,0.637517,0.250535,
87,2690838162,9.932446,-0.353875,0.382856,2.494888,3.368115,3.811816,-0.676742,0.270581,0.637436,0.249954,
88,2690854829,9.921737,-0.246389,0.472750,1.320508,3.695586,4.661134,-0.677156,0.270495,0.637245,0.249411,
89,2690871496,9.954439,-0.388428,0.399589,-0.885649,3.984998,5.294331,-0.677530,0.270681,0.636919,0.249028,
90,2690888163,9.888090,-0.505366,0.366123,-1.413501,3.801213,5.263929,-0.677872,0.270904,0.636600,0.248670,
91,2690904830,9.847889,-0.546556,0.381102,-1.569623,3.357152,4.843816,-0.678145,0.271133,0.636330,0.248366,
92,2690921497,9.886935,-0.600045,0.316323,-2.243673,2.756318,3.827082,-0.678302,0.271351,0.636137,0.248194,
93,2690938164,9.887404,-0.731898,0.366677,-0.978277,2.184386,2.499319,-0.678406,0.271346,0.636097,0.248018,
94,2690954831,9.828365,-0.676923,0.432986,0.316285,1.679700,1.077174,-0.678463,0.271099,0.636209,0.247842,
95,2690971498,9.831879,-0.653883,0.458656,0.988349,0.974186,-0.282585,-0.678433,0.270686,0.636470,0.247710,
96,2690988165,9.839916,-0.580998,0.536880,0.875026,0.218867,-1.110413,-0.678297,0.270235,0.636832,0.247642,
97,2691004832,9.788840,-0.462034,0.518939,-0.412518,0.391048,-1.500494,-0.678113,0.269868,0.637147,0.247737,
98,2691021499,9.891672,-0.377089,0.384745,-2.411538,0.572937,-1.486958,-0.677867,0.269694,0.637370,0.248025,
99,2691038166,10.059544,-0.535864,0.342452,-2.568493,0.075269,-1.200506,-0.677579,0.269579,0.637626,0.248278,
100,2691054833,9.978102,-0.477836,0.248876,-1.082265,0.158318,-1.086670,-0.677363,0.269325,0.637921,0.248385,
101,2691071500,9.974764,-0.443898,0.218009,0.040961,0.502259,-0.746700,-0.677234,0.268980,0.638210,0.248367,
102,2691088167,9.963667,-0.373904,0.294679,1.735203,1.147097,0.006166,-0.677258,0.268515,0.638467,0.248145,
103,2691104834,9.965281,-0.268242,0.300662,1.902402,1.656047,1.055916,-0.677370,0.268121,0.638636,0.247832,
104,2691121501,9.962555,-0.132986,0.272872,-0.893832,2.120392,2.339867,-0.677465,0.268098,0.638610,0.247662,
105,2691138168,9.900094,-0.393713,0.306582,-3.329356,2.162602,3.506257,-0.677512,0.268420,0.638448,0.247604,
106,2691154835,9.760913,-0.371129,0.390610,-3.339935,2.184399,3.370152,-0.677556,0.268726,0.638290,0.247558,
107,2691171502,9.882972,-0.521698,0.331608,-6.196367,1.672478,2.856067,-0.677420,0.269289,0.638099,0.247813,
108,2691188169,9.899939,-0.675110,0.436075,-5.543254,1.313758,2.054491,-0.677248,0.269724,0.637997,0.248070,
109,2691204836,9.857082,-0.436111,0.532044,-4.673049,1.459175,1.348886,-0.677102,0.269994,0.637944,0.248313,
110,2691221503,9.963975,-0.375245,0.452526,-4.817870,1.624920,1.767049,-0.676975,0.270324,0.637848,0.248547,
111,2691238170,9.971010,-0.240860,0.384577,-4.659641,1.848411,2.772133,-0.676914,0.270719,0.637697,0.248672,
112,2691254837,9.981977,-0.340293,0.242982,-6.199453,2.023346,3.949344,-0.676852,0.271365,0.637427,0.248827,
113,2691271504,9.917753,-0.507295,0.189348,-5.227745,2.155930,4.437138,-0.676856,0.271960,0.637158,0.248854,
114,2691288171,9.891505,-0.531534,0.204265,-4.292728,2.126809,4.450841,-0.676893,0.272469,0.636925,0.248795,
115,2691304838,9.910762,-0.671595,0.273360,-3.483737,1.951848,4.015117,-0.676928,0.272869,0.636753,0.248702,
116,2691321505,9.819366,-0.662309,0.351764,-1.875400,1.873998,3.168938,-0.676991,0.273030,0.636682,0.248535,
117,2691338172,9.863736,-0.514007,0.427869,-1.051465,1.702329,2.672717,-0.677051,0.273073,0.636677,0.248337,
118,2691354839,9.891410,-0.442861,0.462047,-2.445693,1.559154,2.578322,-0.677042,0.273242,0.636642,0.248265,
119,2691371506,9.923331,-0.449932,0.428108,-4.242770,1.362500,2.560022,-0.676942,0.273596,0.636561,0.248354,
120,2691388173,9.917219,-0.622771,0.347371,-4.250619,1.082604,2.339893,-0.676809,0.273936,0.636518,0.248451,
121,2691404840,9.884563,-0.607299,0.373642,-2.790209,0.862796,1.769985,-0.676693,0.274091,0.636571,0.248462,
122,2691421507,9.890054,-0.566489,0.356331,-2.351553,0.857366,1.473262,-0.676583,0.274174,0.636652,0.248461,
123,2691438174,9.848242,-0.503561,0.395449,-2.841178,1.019776,1.239251,-0.676460,0.274278,0.636709,0.248536,
124,2691454841,9.888662,-0.518788,0.348109,-3.233437,1.084320,1.089481,-0.676321,0.274408,0.636750,0.248667,
125,2691471508,9.934774,-0.501137,0.325273,-3.226573,1.323812,1.074805,-0.676204,0.274525,0.636769,0.248807,
126,2691488175,9.935205,-0.494275,0.319452,-3.061832,1.459725,1.194660,-0.676111,0.274631,0.636776,0.248924,
127,2691504842,9.920245,-0.565985,0.312320,-3.311351,1.315129,1.136186,-0.675994,0.274760,0.636791,0.249062,
128,2691521509,9.886572,-0.546557,0.318831,-2.533967,1.315142,0.904148,-0.675898,0.274793,0.636842,0.249153,
129,2691538176,9.930836,-0.510593,0.312808,-2.558850,1.236613,0.688783,-0.675787,0.274808,0.636911,0.249262,
130,2691554843,9.958883,-0.539498,0.308856,-2.602724,1.164949,0.562256,-0.675663,0.274821,0.636989,0.249386,
131,2691571510,9.884533,-0.512313,0.312793,-2.347609,1.189499,0.395902,-0.675546,0.274791,0.637080,0.249503,
132,2691588177,9.910322,-0.490766,0.309497,-2.080007,1.397320,0.572015,-0.675464,0.274744,0.637155,0.249586,
133,2691604844,9.936719,-0.488780,0.328491,-1.628558,1.556644,0.756900,-0.675423,0.274661,0.637223,0.249613,
134,2691621511,9.928301,-0.467454,0.350151,-1.498868,1.618627,0.829474,-0.675394,0.274574,0.637285,0.249628,
135,2691638178,9.928374,-0.488720,0.315371,-2.034020,1.439799,1.117207,-0.675338,0.274572,0.637335,0.249655,
136,2691654845,9.900571,-0.490711,0.271115,-1.873159,1.468677,1.015307,-0.675287,0.274547,0.637390,0.249682,
137,2691671512,9.903917,-0.545533,0.260306,-1.637356,1.237817,0.810264,-0.675217,0.274484,0.637486,0.249694,
138,2691688179,9.914490,-0.537487,0.349468,-0.635899,1.343073,0.674363,-0.675191,0.274307,0.637614,0.249632,
139,2691704846,9.903728,-0.457598,0.387786,-0.917011,1.267259,0.657228,-0.675147,0.274158,0.637739,0.249594,
140,2691721513,9.920713,-0.396888,0.356579,-2.131540,1.301964,0.891405,-0.675063,0.274158,0.637804,0.249657,
141,2691738180,9.941919,-0.468966,0.334182,-2.813427,1.141885,1.012694,-0.674944,0.274234,0.637858,0.249756,
142,2691754847,9.921035,-0.516420,0.299986,-2.285396,1.060526,1.083833,-0.674843,0.274264,0.637938,0.249791,
143,2691771514,9.890173,-0.499490,0.290466,-1.610655,1.060385,0.979705,-0.674764,0.274221,0.638046,0.249777,
144,2691788181,9.913704,-0.468203,0.328508,-1.780441,1.033107,1.115516,-0.674680,0.274209,0.638145,0.249766,
145,2691804848,9.909622,-0.435596,0.313429,-2.050745,1.065700,1.295202,-0.674596,0.274236,0.638224,0.249761,
146,2691821515,9.901354,-0.460492,0.266825,-2.665872,0.864806,1.523552,-0.674477,0.274351,0.638292,0.249781,
147,2691838182,9.914412,-0.514132,0.325776,-2.445680,1.061371,1.654817,-0.674388,0.274455,0.638341,0.249780,
148,2691854849,9.912723,-0.480162,0.319357,-2.232275,0.927673,1.529405,-0.674291,0.274532,0.638416,0.249769,
149,2691871516,9.898293,-0.476545,0.327121,-2.439892,1.082578,1.608791,-0.674202,0.274631,0.638465,0.249775,
150,2691888183,9.929477,-0.489522,0.298098,-2.712346,0.956167,1.367993,-0.674081,0.274742,0.638524,0.249828,
151,2691904850,9.922686,-0.486269,0.268898,-2.940530,0.715395,1.299556,-0.673932,0.274861,0.638609,0.249881,
152,2691921517,9.924935,-0.520316,0.257660,-2.575152,0.737153,1.220426,-0.673793,0.274946,0.638704,0.249920,
153,2691938184,9.901868,-0.496163,0.313130,-2.463045,0.655576,1.003704,-0.673645,0.274999,0.638821,0.249962,
154,2691954851,9.921611,-0.479554,0.296015,-2.694750,0.704548,1.102723,-0.673493,0.275088,0.638918,0.250025,
155,2691971518,9.937460,-0.481309,0.296652,-2.681176,0.931694,1.142743,-0.673364,0.275172,0.638992,0.250091,
156,2691988185,9.920107,-0.472160,0.245405,-2.641271,0.723655,1.225971,-0.673221,0.275267,0.639084,0.250138,
157,2692004852,9.924753,-0.473243,0.242735,-2.574934,0.793116,1.255477,-0.673087,0.275357,0.639170,0.250179,
158,2692021519,9.925805,-0.504430,0.257148,-2.701513,0.640234,1.246231,-0.672928,0.275477,0.639262,0.250240,
159,2692038186,9.931364,-0.500107,0.232162,-2.764020,0.697850,1.132843,-0.672774,0.275575,0.639356,0.250305,
160,2692054853,9.920835,-0.547557,0.205295,-2.197198,0.934153,0.858288,-0.672656,0.275581,0.639460,0.250351,
161,2692071520,9.921009,-0.499523,0.272318,-1.365003,0.981126,0.720287,-0.672572,0.275487,0.639597,0.250329,
162,2692088187,9.895950,-0.446445,0.261993,-1.353439,1.120626,0.763598,-0.672501,0.275395,0.639717,0.250314,
163,2692104854,9.944228,-0.419532,0.262514,-2.158625,1.220567,1.043519,-0.672418,0.275405,0.639786,0.250350,
164,2692121521,9.923583,-0.425306,0.222569,-2.816180,1.188615,1.284637,-0.672313,0.275505,0.639824,0.250425,
165,2692138188,9.938765,-0.495132,0.216869,-3.009697,1.247268,1.269845,-0.672200,0.275632,0.639846,0.250533,
166,2692154855,9.911299,-0.575573,0.195872,-1.656348,1.090557,0.931310,-0.672121,0.275586,0.639951,0.250527,
167,2692171522,9.935656,-0.528220,0.203636,-0.739067,1.149876,0.581581,-0.672071,0.275417,0.640097,0.250474,
168,2692188189,9.935812,-0.482583,0.198145,-0.245344,1.314437,0.599881,-0.672055,0.275199,0.640243,0.250383,
169,2692204856,9.904966,-0.447149,0.213852,-0.512305,1.324977,0.795601,-0.672041,0.275012,0.640376,0.250285,
170,2692221523,9.933479,-0.379060,0.226418,-1.131339,1.653165,0.955411,-0.672037,0.274894,0.640446,0.250248,
171,2692238190,9.940208,-0.414843,0.198400,-1.752651,1.748099,1.281026,-0.672024,0.274875,0.640466,0.250252,
172,2692254857,9.924328,-0.467170,0.219889,-1.867435,1.841329,1.513077,-0.672028,0.274875,0.640467,0.250237,
173,2692271524,9.910482,-0.487245,0.228534,-1.552104,1.988909,1.463746,-0.672054,0.274840,0.640466,0.250210,
174,2692288191,9.884498,-0.412962,0.196743,-1.285271,2.043541,1.343085,-0.672091,0.274768,0.640472,0.250175,
175,2692304858,9.928146,-0.496513,0.257813,-2.303171,2.158914,1.403903,-0.672105,0.274782,0.640434,0.250218,
176,2692321525,9.926709,-0.482812,0.262346,-2.116505,2.076185,1.267310,-0.672113,0.274772,0.640415,0.250256,
177,2692338192,9.905336,-0.511809,0.250626,-1.934604,1.929347,1.164104,-0.672110,0.274743,0.640419,0.250286,
178,2692354859,9.925141,-0.488650,0.253466,-1.382010,1.706658,0.937918,-0.672096,0.274657,0.640471,0.250287,
179,2692371526,9.955923,-0.504659,0.264807,-1.690477,1.676563,0.673070,-0.672057,0.274576,0.640525,0.250340,
180,2692388193,9.891586,-0.500563,0.272431,-1.274078,1.500091,0.507727,-0.672013,0.274445,0.640618,0.250364,
181,2692404860,9.918416,-0.459335,0.251443,-0.860932,1.561664,0.381802,-0.671989,0.274253,0.640728,0.250356,
182,2692421527,9.913304,-0.413235,0.253871,-1.255919,1.577467,0.602635,-0.671962,0.274114,0.640816,0.250359,
183,2692438194,9.920599,-0.429373,0.236125,-1.783527,1.814307,0.737511,-0.671940,0.274028,0.640857,0.250405,
184,2692454861,9.951308,-0.450636,0.233416,-1.496985,1.692161,0.809624,-0.671916,0.273941,0.640911,0.250428,
185,2692471528,9.921453,-0.443450,0.204673,-1.212966,1.680507,0.874373,-0.671915,0.273804,0.640985,0.250388,
186,2692488195,9.912222,-0.469521,0.220975,-1.381741,1.596638,0.776430,-0.671879,0.273723,0.641047,0.250417,
187,2692504862,9.908390,-0.481611,0.228896,-1.123501,1.593142,0.823890,-0.671868,0.273585,0.641131,0.250381,
188,2692521529,9.920368,-0.467047,0.259820,-0.587722,1.617359,0.686414,-0.671874,0.273385,0.641237,0.250313,
189,2692538196,9.915675,-0.406976,0.284518,-0.826176,1.820480,0.800800,-0.671892,0.273215,0.641308,0.250267,
190,2692554863,9.923008,-0.409430,0.242073,-1.577525,1.872730,0.900741,-0.671893,0.273117,0.641346,0.250274,
191,2692571530,9.916766,-0.421975,0.214731,-1.888885,1.713048,1.059745,-0.671873,0.273068,0.641383,0.250287,
192,2692588197,9.922176,-0.440734,0.222947,-2.006409,1.674616,1.010876,-0.671832,0.273055,0.641410,0.250343,
193,2692604864,9.910691,-0.474633,0.197269,-2.019702,1.694223,0.905364,-0.671791,0.273026,0.641441,0.250403,
194,2692621531,9.893521,-0.439704,0.222054,-1.243637,1.882758,0.882108,-0.671798,0.272910,0.641485,0.250399,
195,2692638198,9.938615,-0.377530,0.246411,-1.354912,1.844300,0.998979,-0.671803,0.272814,0.641524,0.250389,
196,2692654865,9.933825,-0.388900,0.265188,-2.281182,1.613068,1.133163,-0.671763,0.272807,0.641557,0.250420,
197,2692671532,9.910105,-0.415996,0.228046,-2.590840,1.486760,1.241582,-0.671693,0.272873,0.641574,0.250493,
198,2692688199,9.897153,-0.442285,0.247470,-2.473816,1.484211,1.152693,-0.671623,0.272920,0.641599,0.250565,
199,2692704866,9.922915,-0.427361,0.253683,-2.279197,1.459111,1.190664,-0.671561,0.272950,0.641634,0.250611,
200,2692721533,9.919673,-0.399261,0.229803,-2.794410,1.572806,1.109382,-0.671477,0.273041,0.641632,0.250740,
201,2692738200,9.939388,-0.432993,0.222085,-3.147698,1.563201,1.202395,-0.671398,0.273133,0.641632,0.250850,
202,2692754867,9.906741,-0.439665,0.197103,-2.908475,1.582000,1.330714,-0.671331,0.273225,0.641629,0.250938,
203,2692771534,9.915727,-0.435264,0.198994,-2.642270,1.604719,1.262841,-0.671272,0.273288,0.641635,0.251013,
204,2692788201,9.932914,-0.410364,0.218234,-2.474097,1.628039,1.409179,-0.671227,0.273349,0.641638,0.251060,
205,2692804868,9.927676,-0.428993,0.257083,-2.599343,1.478986,1.464822,-0.671177,0.273401,0.641662,0.251075,
206,2692821535,9.894982,-0.405221,0.261965,-3.126248,1.446394,1.548397,-0.671100,0.273531,0.641659,0.251148,
207,2692838202,9.931157,-0.454869,0.203773,-3.231184,1.464221,1.529533,-0.671011,0.273688,0.641643,0.251253,
208,2692854869,9.911635,-0.448836,0.196964,-2.815015,1.628936,1.473697,-0.670960,0.273775,0.641636,0.251312,
209,2692871536,9.932530,-0.423806,0.183666,-2.835659,1.458112,1.392108,-0.670888,0.273866,0.641647,0.251378,
210,2692888203,9.929398,-0.452123,0.173108,-2.806524,1.491011,1.455038,-0.670818,0.273970,0.641649,0.251448,
211,2692904870,9.912461,-0.404700,0.209576,-2.186800,1.567504,1.467512,-0.670780,0.274011,0.641665,0.251461,
212,2692921537,9.941609,-0.406841,0.234492,-2.009214,1.575226,1.655650,-0.670757,0.274053,0.641680,0.251440,
213,2692938204,9.943283,-0.372394,0.238699,-2.467335,1.821056,1.884474,-0.670746,0.274156,0.641643,0.251452,
214,2692954871,9.935836,-0.394239,0.218337,-3.197182,1.708694,2.026842,-0.670707,0.274329,0.641592,0.251497,
215,2692971538,9.923220,-0.444168,0.182639,-3.255490,1.905796,2.174038,-0.670688,0.274518,0.641513,0.251544,
216,2692988205,9.927132,-0.451854,0.164603,-2.601457,1.988807,2.195284,-0.670690,0.274677,0.641434,0.251566,
217,2693004872,9.941688,-0.434503,0.189091,-2.409797,1.996709,2.171656,-0.670710,0.274787,0.641373,0.251546,
218,2693021539,9.921924,-0.385173,0.201214,-2.542356,1.956548,2.250339,-0.670723,0.274923,0.641307,0.251532,
219,2693038206,9.914498,-0.434840,0.205342,-3.093425,2.032054,2.428872,-0.670731,0.275118,0.641210,0.251547,
220,2693054873,9.933928,-0.478965,0.232028,-2.933627,1.956957,2.285389,-0.670737,0.275275,0.641136,0.251545,
221,2693071540,9.924938,-0.487409,0.237966,-2.550308,2.034769,2.095932,-0.670751,0.275393,0.641069,0.251549,
222,2693088207,9.919283,-0.457706,0.230864,-2.368662,2.009989,1.953487,-0.670772,0.275465,0.641023,0.251533,
223,2693104874,9.944124,-0.468839,0.174085,-2.558261,1.986131,1.719221,-0.670764,0.275559,0.640971,0.251582,
224,2693121541,9.937016,-0.487201,0.193079,-2.188272,1.968407,1.635646,-0.670774,0.275593,0.640945,0.251586,
225,2693138208,9.912074,-0.483891,0.220204,-1.610386,2.033258,1.536820,-0.670806,0.275566,0.640935,0.251555,
226,2693154875,9.887909,-0.451152,0.235981,-1.508831,2.068258,1.456741,-0.670845,0.275514,0.640932,0.251517,
227,2693171542,9.908628,-0.436243,0.247404,-1.959026,1.916490,1.371323,-0.670847,0.275505,0.640929,0.251527,
228,2693188209,9.935025,-0.491582,0.223168,-2.348134,1.830008,1.254657,-0.670819,0.275536,0.640921,0.251589,
229,2693204876,9.891520,-0.484261,0.212123,-2.132501,1.681916,1.086292,-0.670777,0.275539,0.640941,0.251645,
230,2693221543,9.916246,-0.454809,0.210178,-1.877488,1.783918,1.049256,-0.670756,0.275505,0.640964,0.251681,
231,2693238210,9.939054,-0.403373,0.233872,-2.294130,1.801617,1.101007,-0.670723,0.275513,0.640969,0.251748,
232,2693254877,9.953128,-0.421452,0.239414,-2.963735,1.777246,1.259985,-0.670656,0.275630,0.640934,0.251888,
233,2693271544,9.911364,-0.435962,0.219334,-2.973545,1.772200,1.380633,-0.670602,0.275735,0.640903,0.251994,
234,2693288211,9.914595,-0.451300,0.202087,-2.882556,1.947315,1.468434,-0.670574,0.275826,0.640859,0.252083,
235,2693304878,9.932616,-0.444283,0.194597,-2.673953,1.989921,1.547154,-0.670559,0.275907,0.640813,0.252150,
236,2693321545,9.931895,-0.475437,0.203307,-2.554970,2.083590,1.559445,-0.670557,0.275975,0.640762,0.252211,
237,2693338212,9.912146,-0.431584,0.196037,-2.310637,2.038739,1.535283,-0.670562,0.276017,0.640725,0.252247,
238,2693354879,9.922863,-0.440688,0.223920,-2.420182,2.121532,1.615643,-0.670573,0.276072,0.640674,0.252286,
239,2693371546,9.902173,-0.400423,0.207102,-2.689744,2.181696,1.837039,-0.670589,0.276165,0.640601,0.252325,
240,2693388213,9.947487,-0.450642,0.207642,-3.414122,2.185833,1.956138,-0.670571,0.276366,0.640485,0.252447,
241,2693404880,9.948252,-0.498856,0.179478,-2.706904,2.047755,1.884563,-0.670566,0.276498,0.640411,0.252506,
242,2693421547,9.937360,-0.487360,0.202810,-1.799792,1.899201,1.709910,-0.670585,0.276508,0.640401,0.252468,
243,2693438214,9.914866,-0.454613,0.230632,-1.365298,1.881708,1.615246,-0.670610,0.276485,0.640406,0.252417,
244,2693454881,9.906030,-0.449615,0.256155,-1.861326,1.865840,1.680430,-0.670617,0.276513,0.640392,0.252400,
245,2693471548,9.898011,-0.467842,0.231625,-2.462853,1.853982,1.502204,-0.670597,0.276572,0.640370,0.252444,
246,2693488215,9.910654,-0.516826,0.198221,-2.065088,1.849077,1.391481,-0.670609,0.276530,0.640390,0.252409,
247,2693504882,9.922042,-0.467779,0.225754,-1.595313,1.698935,1.242632,-0.670595,0.276498,0.640420,0.252405,
248,2693521549,9.954054,-0.431477,0.184103,-1.841374,1.616949,1.172300,-0.670566,0.276476,0.640456,0.252415,
249,2693538216,9.952331,-0.455872,0.194701,-1.773193,1.675218,1.237356,-0.670546,0.276453,0.640486,0.252418,
250,2693554883,9.921932,-0.431783,0.210063,-1.677427,1.764593,1.409960,-0.670545,0.276434,0.640503,0.252398,
251,2693571550,9.927791,-0.409773,0.212847,-1.611679,1.928566,1.740197,-0.670573,0.276434,0.640493,0.252348,
252,2693588217,9.929604,-0.431064,0.195617,-2.031817,2.108866,1.974374,-0.670615,0.276476,0.640447,0.252307,
253,2693604884,9.899896,-0.487678,0.186429,-2.070774,2.122825,2.064646,-0.670658,0.276537,0.640391,0.252268,
254,2693621551,9.919238,-0.500952,0.197566,-1.310256,2.286144,1.993942,-0.670742,0.276515,0.640349,0.252176,
255,2693638218,9.909556,-0.476109,0.236122,-0.692119,2.264656,1.911265,-0.670847,0.276424,0.640335,0.252032,
256,2693654885,9.943882,-0.395515,0.211543,-1.404127,2.110057,1.951194,-0.670905,0.276424,0.640304,0.251957,
257,2693671552,9.915424,-0.465470,0.231304,-1.784898,2.172578,2.112978,-0.670970,0.276447,0.640257,0.251876,
258,2693688219,9.914243,-0.470160,0.221856,-1.686545,2.176766,1.954819,-0.671028,0.276462,0.640214,0.251818,
259,2693704886,9.944396,-0.484325,0.193292,-1.619222,2.103744,1.820468,-0.671073,0.276469,0.640181,0.251773,
260,2693721553,9.928553,-0.482462,0.220359,-1.418432,2.230911,1.712023,-0.671135,0.276438,0.640149,0.251721,
261,2693738220,9.921257,-0.463749,0.252970,-1.555062,2.317686,1.578351,-0.671200,0.276395,0.640114,0.251688,
262,2693754887,9.918750,-0.479397,0.215557,-1.737232,2.276271,1.354419,-0.671235,0.276373,0.640074,0.251716,
263,2693771554,9.931109,-0.494408,0.220031,-1.717549,2.194733,1.389496,-0.671285,0.276305,0.640064,0.251684,
264,2693788221,9.906041,-0.472815,0.209207,-1.711658,2.145967,1.281307,-0.671313,0.276263,0.640048,0.251696,
265,2693804888,9.923308,-0.443761,0.230439,-1.667604,2.150052,1.382503,-0.671341,0.276241,0.640024,0.251708,
266,2693821555,9.927928,-0.445073,0.220875,-1.689926,2.127858,1.461826,-0.671376,0.276212,0.640004,0.251696,
267,2693838222,9.919571,-0.447811,0.228985,-1.730253,2.220781,1.706376,-0.671431,0.276195,0.639969,0.251658,
268,2693854889,9.906988,-0.466835,0.251272,-1.792428,2.447876,1.910829,-0.671507,0.276207,0.639896,0.251626,
269,2693871556,9.909542,-0.467148,0.222233,-1.699953,2.328316,1.887816,-0.671574,0.276217,0.639837,0.251588,
270,2693888223,9.931733,-0.481208,0.246827,-1.797217,2.239440,1.945637,-0.671626,0.276254,0.639777,0.251559,
271,2693904890,9.902705,-0.496990,0.269994,-1.838134,2.101272,1.749290,-0.671662,0.276271,0.639742,0.251535,
272,2693921557,9.910873,-0.458013,0.280395,-1.807783,2.019465,1.604719,-0.671687,0.276271,0.639723,0.251517,
273,2693938224,9.892906,-0.450969,0.261045,-1.904906,2.023666,1.710256,-0.671718,0.276275,0.639702,0.251481,
274,2693954891,9.909500,-0.431441,0.252079,-2.082005,2.029531,1.858003,-0.671749,0.276308,0.639669,0.251447,
275,2693971558,9.928267,-0.428865,0.253051,-2.116300,2.147695,2.196795,-0.671795,0.276390,0.639602,0.251405,
276,2693988225,9.940492,-0.502540,0.220250,-2.513131,1.944356,2.208423,-0.671807,0.276517,0.639540,0.251390,
277,2694004892,9.904192,-0.503743,0.246438,-1.850466,1.862190,2.207181,-0.671840,0.276577,0.639513,0.251304,
278,2694021559,9.892145,-0.510320,0.237407,-1.494283,1.975962,1.976244,-0.671889,0.276578,0.639497,0.251214,
279,2694038226,9.909431,-0.502091,0.213681,-1.110925,1.945534,1.858259,-0.671942,0.276542,0.639498,0.251109,
280,2694054893,9.926666,-0.534758,0.187054,-0.323245,1.980944,1.811106,-0.672034,0.276409,0.639532,0.250922,
281,2694071560,9.989056,-0.624816,0.269447,1.536820,3.108146,1.618332,-0.672296,0.276042,0.639529,0.250633,
282,2694088227,9.923573,-0.477612,0.126392,4.966041,2.555770,1.611148,-0.672651,0.275342,0.639711,0.249985,
283,2694104894,9.937617,-0.437272,0.275625,4.845545,2.857257,2.150820,-0.673040,0.274711,0.639830,0.249327,
284,2694121561,9.984395,-0.355589,0.253048,3.597926,3.760079,2.929574,-0.673492,0.274240,0.639784,0.248744,
285,2694138228,10.019848,-0.458258,0.075049,3.911079,4.579929,4.255480,-0.674079,0.273835,0.639614,0.248036,
286,2694154895,10.018744,-0.403191,0.135975,7.439795,5.005793,5.893928,-0.674883,0.273276,0.639440,0.246913,
287,2694171562,9.945688,-0.133624,0.339335,7.480443,5.700795,7.792138,-0.675817,0.272869,0.639119,0.245633,
288,2694188229,9.952229,-0.140412,0.390741,1.211334,6.901197,9.735884,-0.676702,0.273162,0.638401,0.244736,
289,2694204896,9.929904,-0.411414,0.384005,-1.775384,7.605163,11.225393,-0.677581,0.273873,0.637442,0.244009,
290,2694221563,9.904525,-0.511968,0.306680,-1.719881,8.220397,12.532784,-0.678571,0.274657,0.636378,0.243153,
291,2694238230,9.927564,-0.248513,0.388822,-3.604517,8.820210,14.422046,-0.679605,0.275780,0.635110,0.242307,
292,2694254897,9.995703,-0.104149,0.413122,-8.205336,10.208578,17.519941,-0.680687,0.277594,0.633415,0.241635,
293,2694271564,9.974193,0.086055,0.439047,-13.763933,11.265221,21.663546,-0.681782,0.280299,0.631245,0.241104,
294,2694288231,9.961601,-0.233433,0.370615,-21.297285,11.950933,26.152407,-0.682777,0.284134,0.628549,0.240843,
295,2694304898,10.092309,-0.250157,0.403835,-25.630470,13.213542,31.244867,-0.683867,0.288813,0.625347,0.240519,
296,2694321565,10.225425,0.076400,0.135496,-28.964025,13.323962,37.774582,-0.685029,0.294402,0.621718,0.239843,
297,2694338232,10.343674,-0.792803,-0.196442,-33.339920,11.971070,44.647434,-0.686085,0.301079,0.617742,0.238806,
298,2694354899,10.148106,-1.116726,-0.026944,-27.137644,11.458402,49.001904,-0.687474,0.307529,0.613803,0.236741,
299,2694371566,9.646232,-1.888255,0.408573,-20.804459,10.724544,50.174057,-0.689079,0.313455,0.610066,0.233945,
300,2694388233,9.343838,-2.120277,0.715046,-8.167975,10.455499,48.336700,-0.691134,0.317944,0.606839,0.230189,
301,2694404900,8.893764,-2.131079,1.075327,-4.626252,9.740807,45.381004,-0.693161,0.321826,0.603910,0.226372,
302,2694421567,9.196081,-2.044269,1.041676,-5.968773,9.694557,42.937584,-0.695014,0.325617,0.601030,0.222908,
303,2694438234,9.646898,-1.315085,1.551854,-9.999768,11.055615,42.469547,-0.696752,0.329718,0.597881,0.219900,
304,2694454901,9.958557,-1.303160,1.101581,-19.003002,10.924612,45.975727,-0.698127,0.335026,0.594264,0.217305,
305,2694471568,9.754031,-1.444992,0.509719,-24.542742,8.101033,49.983006,-0.699077,0.341313,0.590530,0.214631,
306,2694488235,9.532790,-2.252175,0.653254,-22.790621,5.348284,53.472706,-0.699941,0.347785,0.586920,0.211302,
307,2694504902,9.702121,-2.927911,0.587489,-14.653374,3.139042,53.067585,-0.700970,0.353441,0.583769,0.207195,
308,2694521569,9.572712,-2.878768,0.630112,-4.001909,-0.043555,53.460205,-0.702249,0.358119,0.581207,0.201966,
309,2694538236,9.323060,-2.663710,0.775514,2.611850,-0.637007,54.119011,-0.703800,0.362174,0.578832,0.196069,
310,2694554903,8.997376,-2.841997,0.915582,-4.185900,-0.346415,53.252274,-0.704952,0.366823,0.576247,0.190838,
311,2694571570,9.325562,-2.985390,0.347111,-9.396829,-0.302681,51.798409,-0.705750,0.371862,0.573556,0.186184,
312,2694588237,9.490943,-3.120596,0.394496,-5.455942,-0.295240,52.574932,-0.706743,0.376541,0.570899,0.181111,
313,2694604904,9.673223,-3.046859,0.259203,-3.645888,-0.711669,52.345097,-0.707756,0.381004,0.568313,0.175879,
314,2694621571,9.193237,-3.649138,0.184919,-5.401026,-0.521287,51.777004,-0.708635,0.385576,0.565662,0.170851,
315,2694638238,8.823827,-4.089960,0.176700,-5.435291,1.011691,48.372620,-0.709516,0.389814,0.563016,0.166254,
316,2694654905,8.855349,-4.218451,0.647299,-3.800079,2.185233,43.939808,-0.710449,0.393476,0.560515,0.162041,
317,2694671572,9.282481,-3.576944,0.566780,-7.383129,4.131471,37.702969,-0.711164,0.396940,0.558068,0.158870,
318,2694688239,9.063712,-4.396376,0.327003,-7.791614,4.930795,36.276913,-0.711869,0.400301,0.555595,0.155922,
319,2694704906,8.826700,-4.455945,0.390361,-6.300864,5.595634,32.459660,-0.712611,0.403175,0.553295,0.153282,
320,2694721573,8.898611,-4.324559,0.704378,-4.469302,5.248871,28.010853,-0.713320,0.405502,0.551323,0.150935,
321,2694738240,9.159039,-4.343093,0.649234,1.461125,4.591695,24.909206,-0.714248,0.406973,0.549725,0.148392,
322,2694754907,8.807706,-4.518653,0.823097,5.036793,2.407835,23.691420,-0.715180,0.408018,0.548495,0.145558,
323,2694771574,8.893795,-4.175279,1.169588,5.333373,0.488467,21.283092,-0.715916,0.408877,0.547611,0.142836,
324,2694788241,8.895619,-4.107345,0.989638,-1.139651,-2.390065,18.229931,-0.715969,0.410223,0.547068,0.140776,
325,2694804908,8.680904,-4.519860,1.042910,-4.390483,-3.837158,17.429647,-0.715692,0.411870,0.546654,0.138970,
326,2694821575,8.621070,-4.407147,0.962995,-2.374466,-5.957776,16.391779,-0.715342,0.413265,0.546560,0.136984,
327,2694838242,8.785522,-4.277328,0.886351,-1.866374,-8.848417,16.903357,-0.714798,0.414704,0.546742,0.134730,
328,2694854909,8.933727,-4.233570,0.759005,-10.221072,-10.346640,16.421797,-0.713616,0.416998,0.546941,0.133099,
329,2694871576,8.960128,-4.243762,0.135008,-16.062195,-10.849972,16.106304,-0.712026,0.419879,0.547092,0.131933,
330,2694888243,8.972984,-4.538535,0.120516,-14.410217,-9.030158,15.661228,-0.710665,0.422514,0.547108,0.130791,
331,2694904910,8.890032,-4.530410,-0.161658,-16.446625,-7.668495,14.754205,-0.709263,0.425256,0.546993,0.129987,
332,2694921577,8.788109,-4.683472,-0.087368,-12.852176,-6.245986,14.562230,-0.708186,0.427582,0.546807,0.129004,
333,2694938244,9.006748,-4.671658,0.156634,-6.237031,-5.795813,13.330108,-0.707529,0.429118,0.546773,0.127649,
334,2694954911,8.943702,-4.783763,0.128111,-8.078163,-6.080703,11.979730,-0.706707,0.430739,0.546814,0.126561,
335,2694971578,8.373960,-4.589624,0.086195,-14.822052,-5.997812,13.433427,-0.705492,0.433165,0.546629,0.125864,
336,2694988245,8.798874,-4.922897,0.589481,-10.226303,-6.033526,11.733171,-0.704527,0.434982,0.546634,0.124973,
337,2695004912,8.912848,-5.204851,0.817284,-6.820486,-6.497484,6.939719,-0.703651,0.436076,0.547051,0.124273,
338,2695021579,8.385709,-5.130882,0.822274,-6.260527,-5.533612,3.030604,-0.702816,0.436782,0.547625,0.123988,
339,2695038246,8.858249,-4.770957,0.203254,-6.008972,-3.451940,-1.094585,-0.702086,0.437097,0.548254,0.124238,
340,2695054913,8.975615,-4.991251,-0.070911,-4.587581,-2.952120,-3.101378,-0.701450,0.437096,0.548983,0.124611,
341,2695071580,8.784152,-4.697081,-0.322866,-2.542150,-0.620980,-5.139112,-0.701093,0.436681,0.549640,0.125176,
342,2695088247,8.942017,-4.700579,-0.108055,2.538622,1.549421,-6.538897,-0.701204,0.435597,0.550258,0.125616,
343,2695104914,8.920101,-4.221711,-0.323215,-1.005043,3.831769,-7.481944,-0.701256,0.434756,0.550636,0.126580,
344,2695121581,9.137133,-4.507737,-0.083009,-1.776971,5.339820,-7.401610,-0.701379,0.433972,0.550841,0.127693,
345,2695138248,8.766193,-4.655493,0.230050,-2.326633,6.645428,-6.155207,-0.701595,0.433318,0.550822,0.128805,
346,2695154915,8.757146,-4.528653,0.666530,-3.269860,8.362327,-6.768940,-0.701875,0.432679,0.550648,0.130164,
347,2695171582,8.899371,-4.162875,0.146012,-10.418497,8.761592,-6.740896,-0.701735,0.432763,0.550295,0.132117,
348,2695188249,8.945007,-4.402204,0.461576,-13.501902,8.732935,-5.172234,-0.701426,0.433285,0.549784,0.134155,
349,2695204916,8.917107,-4.325489,0.550164,-15.142347,7.548398,-4.722309,-0.700925,0.434032,0.549331,0.136202,
350,2695221583,8.857367,-4.605431,0.360784,-15.013541,6.398233,-4.604682,-0.700338,0.434795,0.548988,0.138154,
351,2695238250,8.653192,-4.784889,-0.116954,-14.761751,4.779238,-3.635073,-0.699655,0.435641,0.548751,0.139883,
352,2695254917,8.975701,-4.216901,0.096632,-13.654881,3.853619,-3.186965,-0.698974,0.436427,0.548600,0.141420,
353,2695271584,9.174067,-4.194614,-0.162897,-11.852386,3.410134,-3.180023,-0.698371,0.437038,0.548529,0.142784,
354,2695288251,8.981728,-4.452910,-0.048237,-9.725531,2.611722,-2.022981,-0.697861,0.437541,0.548508,0.143808,
355,2695304918,8.827801,-4.446179,0.261218,-7.971326,3.002865,-2.088050,-0.697493,0.437853,0.548488,0.144725,
356,2695321585,8.978010,-4.302369,0.183795,-7.798518,2.867362,-1.993552,-0.697125,0.438156,0.548479,0.145610,
357,2695338252,8.994489,-4.214577,-0.054460,-9.407651,2.902016,-1.919608,-0.696658,0.438628,0.548427,0.146617,
358,2695354919,8.991126,-4.378898,-0.185522,-11.206791,3.186240,-2.226692,-0.696091,0.439250,0.548327,0.147817,
359,2695371586,8.915549,-4.538957,0.053069,-9.580742,3.998369,-3.109102,-0.695673,0.439619,0.548234,0.149028,
360,2695388253,8.903952,-4.483149,0.070712,-10.737053,4.305490,-4.729451,-0.695169,0.439968,0.548187,0.150515,
361,2695404920,8.976489,-4.572766,0.132583,-10.161145,4.904854,-6.186790,-0.694715,0.440128,0.548185,0.152141,
362,2695421587,8.953626,-4.473662,0.261983,-7.704855,5.850821,-8.304576,-0.694446,0.439850,0.548274,0.153845,
363,2695438254,8.953395,-4.595059,0.218336,-6.955953,6.163105,-10.607903,-0.694195,0.439303,0.548495,0.155741,
364,2695454921,8.891488,-4.498294,0.360932,-5.797887,6.151528,-13.139504,-0.693957,0.438435,0.548901,0.157799,
365,2695471588,8.927422,-4.407171,0.141794,-7.773900,5.824649,-16.346224,-0.693488,0.437516,0.549497,0.160317,
366,2695488255,8.933703,-4.421608,-0.091757,-8.569858,5.582458,-19.919134,-0.692860,0.436393,0.550321,0.163242,
367,2695504922,9.002513,-4.383019,-0.089245,-5.461088,6.269062,-24.156223,-0.692374,0.434596,0.551412,0.166387,
368,2695521589,8.987387,-4.386768,-0.014206,-5.330812,5.858507,-27.866253,-0.691763,0.432490,0.552772,0.169866,
369,2695538256,8.946344,-4.616188,0.245355,-3.893900,6.115316,-31.109976,-0.691168,0.429964,0.554334,0.173568,
370,2695554923,8.905492,-4.319212,0.268643,-4.710414,6.099225,-35.076057,-0.690403,0.427190,0.556111,0.177729,
371,2695571590,9.058295,-4.153768,0.114719,-5.180339,5.529026,-39.628384,-0.689422,0.424096,0.558198,0.182345,
372,2695588257,9.212884,-4.133132,-0.096378,-3.289948,4.368768,-43.837673,-0.688325,0.420484,0.560689,0.187150,
373,2695604924,9.230204,-3.886372,-0.415022,2.990276,3.110246,-48.517185,-0.687349,0.415876,0.563736,0.191824,
374,2695621591,9.336345,-3.832283,-0.222814,11.352834,1.618656,-51.826588,-0.686623,0.410177,0.567332,0.196043,
375,2695638258,9.333160,-3.740780,0.294627,19.392660,0.593139,-54.324303,-0.686174,0.403471,0.571369,0.199773,
376,2695654925,9.233260,-3.528171,0.454594,25.757757,0.144695,-56.591930,-0.685939,0.395921,0.575722,0.203157,
377,2695671592,9.275793,-3.078286,0.372064,30.946915,-0.742921,-58.526062,-0.685807,0.387681,0.580376,0.206231,
378,2695688259,9.505574,-2.638289,0.113271,27.505980,-1.652645,-58.859409,-0.685327,0.379746,0.584980,0.209556,
379,2695704926,9.424099,-2.312346,0.152015,23.486330,-1.220308,-57.839359,-0.684631,0.372249,0.589308,0.213127,
380,2695721593,9.317932,-2.373012,0.123948,20.793535,-0.511505,-56.856037,-0.683821,0.365051,0.593379,0.216849,
381,2695738260,9.459342,-2.323462,0.133637,21.772436,-1.053963,-56.066517,-0.682985,0.357811,0.597443,0.220363,
382,2695754927,9.678016,-2.400415,0.218246,25.428162,-1.797586,-54.739906,-0.682261,0.350318,0.601580,0.223370,
383,2695771594,9.638505,-1.888418,0.375694,29.327126,-1.986522,-53.865589,-0.681690,0.342491,0.605767,0.225921,
384,2695788261,9.654708,-2.112989,-0.037279,26.029390,-2.397084,-53.046253,-0.680889,0.335048,0.609796,0.228642,
385,2695804928,9.754053,-1.321663,0.314542,24.008204,-2.706409,-51.564495,-0.679959,0.327921,0.613669,0.231362,
386,2695821595,9.620050,-1.255927,0.415986,18.852701,-2.755723,-49.409283,-0.678804,0.321476,0.617229,0.234312,
387,2695838262,9.686537,-1.528048,0.046857,19.116474,-3.402181,-48.758705,-0.677583,0.315064,0.620792,0.237128,
388,2695854929,9.648440,-0.968294,0.301940,17.413994,-3.961799,-49.842216,-0.676152,0.308722,0.624361,0.240164,
389,2695871596,9.926684,-1.343982,0.066943,14.957775,-3.984837,-49.928711,-0.674563,0.302594,0.627811,0.243415,
390,2695888263,9.781093,-0.866512,0.004938,13.393428,-4.281538,-50.840691,-0.672804,0.296528,0.631235,0.246869,
391,2695904930,9.719707,-0.576518,-0.024416,14.099498,-6.177087,-50.129452,-0.670883,0.290507,0.634799,0.250092,
392,2695921597,9.768765,-0.699223,0.365857,13.772388,-9.434679,-48.437218,-0.668668,0.284776,0.638559,0.253028,
393,2695938264,9.593791,-0.420078,0.882394,14.366756,-13.017058,-47.749584,-0.666129,0.279165,0.642622,0.255677,
394,2695954931,9.886283,-0.545307,1.193264,19.604570,-15.043296,-47.006786,-0.663600,0.273173,0.647004,0.257667,
395,2695971598,9.915549,-0.324440,1.051683,22.476126,-16.638168,-46.014225,-0.661028,0.267039,0.651565,0.259209,
396,2695988265,9.997271,0.359832,0.690815,22.208008,-16.535837,-43.056530,-0.658525,0.261191,0.655950,0.260480,
397,2696004932,10.198947,0.395476,0.052773,15.066648,-15.293994,-37.316105,-0.656051,0.256512,0.659692,0.261915,
398,2696021599,10.338003,1.034906,-0.834238,14.793213,-9.930528,-26.906393,-0.654457,0.252645,0.662501,0.262574,
399,2696038266,10.380589,3.063360,-1.745185,7.411354,-3.522453,-11.302112,-0.653794,0.250736,0.663832,0.262691,
400,2696054933,10.435113,3.127596,-1.891281,-7.085294,1.979971,5.490654,-0.653774,0.251616,0.663472,0.262811,
401,2696071600,10.312602,0.997082,-1.175180,-11.188056,6.463741,17.244490,-0.654483,0.253848,0.662096,0.262371,
402,2696088267,9.938924,-0.130284,-0.340128,-6.416825,8.704485,20.258741,-0.655692,0.255828,0.660571,0.261267,
403,2696104934,9.807174,-0.416902,0.358962,-2.233161,8.086152,18.094940,-0.656908,0.257223,0.659343,0.259942,
404,2696121601,9.705358,-0.745226,0.937297,-4.241658,4.574284,12.908841,-0.657513,0.258443,0.658565,0.259173,
405,2696138268,9.632250,-1.305570,0.918162,-3.774736,0.934780,5.700241,-0.657515,0.259065,0.658422,0.258911,
406,2696154935,9.578961,-0.954404,0.733791,-0.934428,-2.428149,-2.896528,-0.656977,0.258718,0.659032,0.259072,
407,2696171602,9.794208,-0.613696,0.338308,2.394155,-4.066236,-9.101374,-0.656173,0.257520,0.660155,0.259444,
408,2696188269,10.048610,0.016389,-0.086383,4.757632,-4.884191,-10.868217,-0.655309,0.255957,0.661509,0.259727,
409,2696204936,10.038089,0.633446,-0.174069,2.649590,-4.106269,-9.238942,-0.654501,0.254721,0.662644,0.260084,
410,2696221603,9.980927,0.909696,-0.394276,-1.761539,-2.691729,-5.754918,-0.653796,0.254187,0.663347,0.260588,
411,2696238270,10.023227,0.683026,-0.539422,-3.916567,-1.339608,-2.015464,-0.653282,0.254166,0.663701,0.260993,
412,2696254937,10.002166,0.393011,-0.564099,-3.090223,-0.179097,0.767312,-0.653017,0.254292,0.663874,0.261096,
413,2696271604,9.926497,0.123143,-0.340867,-1.906020,0.554124,1.871782,-0.652908,0.254384,0.663980,0.261008,
414,2696288271,9.808542,0.121375,-0.015864,-1.870124,0.944244,1.343482,-0.652817,0.254406,0.664072,0.260981,
415,2696304938,9.880662,0.132976,0.092284,-10.923257,0.105556,0.085130,-0.652262,0.255199,0.663945,0.261916,
416,2696321605,9.906414,0.005016,0.219703,-11.982228,-0.260942,-1.025098,-0.651589,0.255997,0.663853,0.263045,
417,2696338272,9.930287,0.224134,0.173706,-18.813665,-0.121135,-1.815686,-0.650641,0.257361,0.663512,0.264913,
418,2696354939,9.983414,0.243528,0.067731,-23.546209,1.492833,-1.396714,-0.649683,0.259149,0.662814,0.267257,
419,2696371606,10.091629,0.045137,-0.062766,-26.179815,4.566659,0.258798,-0.648980,0.261222,0.661654,0.269810,
420,2696388273,10.076216,0.117572,-0.163583,-19.260508,5.707292,1.009545,-0.648673,0.262668,0.660623,0.271666,
421,2696404940,10.053274,0.268448,-0.527628,-11.541998,5.726292,2.327280,-0.648712,0.263509,0.659841,0.272656,
422,2696421607,10.009061,0.529173,-0.508163,-6.464084,5.765440,3.769057,-0.649005,0.264009,0.659200,0.273025,
423,2696438274,9.992802,0.510758,-0.565346,-3.560205,6.109879,5.644829,-0.649516,0.264399,0.658570,0.272950,
424,2696454941,9.926015,0.425739,-0.408548,-3.391737,5.528611,6.575006,-0.650015,0.264886,0.657966,0.272749,
425,2696471608,9.904688,0.056709,-0.214891,-3.228225,4.708313,6.768188,-0.650448,0.265408,0.657438,0.272483,
426,2696488275,9.849914,0.101680,0.078037,-2.681138,3.456082,5.548460,-0.650733,0.265811,0.657097,0.272231,
427,2696504942,9.939542,0.015495,0.204648,-5.483705,2.806416,4.336340,-0.650800,0.266389,0.656753,0.272336,
428,2696521609,9.948136,-0.005915,0.066018,-5.231369,2.197884,3.655349,-0.650791,0.266902,0.656503,0.272458,
429,2696538276,9.925843,-0.005928,-0.028743,-3.271408,2.166892,3.187200,-0.650837,0.267187,0.656351,0.272437,
430,2696554943,9.980468,-0.032023,-0.116843,-0.248290,2.026124,3.081701,-0.650982,0.267181,0.656336,0.272131,
431,2696571610,9.984721,0.013585,-0.158111,3.191951,2.832208,3.102755,-0.651339,0.266819,0.656380,0.271526,
432,2696588277,9.947140,0.136227,-0.291004,3.431737,3.316724,3.578370,-0.651770,0.266460,0.656368,0.270871,
433,2696604944,10.011147,0.217941,-0.207185,2.423058,4.242994,4.953018,-0.652304,0.266291,0.656176,0.270217,
434,2696621611,10.035557,0.427454,-0.096917,0.736948,5.146380,7.314227,-0.652951,0.266472,0.655739,0.269535,
435,2696638278,10.048219,0.303753,-0.175057,-0.997807,5.807061,9.995776,-0.653698,0.267048,0.655066,0.268790,
436,2696654945,10.008777,0.256917,-0.070700,-0.078682,5.907348,12.025406,-0.654568,0.267725,0.654339,0.267768,
437,2696671612,9.956943,0.040156,-0.113018,-0.071767,6.130167,13.168619,-0.655502,0.268501,0.653544,0.266644,
438,2696688279,9.990571,0.145251,-0.290020,-0.345720,7.165395,14.212876,-0.656562,0.269360,0.652598,0.265486,
439,2696704946,10.036238,0.482367,-0.200009,-3.066945,7.968510,15.944751,-0.657655,0.270611,0.651399,0.264450,
440,2696721613,10.151036,0.134875,-0.032063,-7.306279,8.505166,19.398703,-0.658761,0.272573,0.649845,0.263505,
441,2696738280,10.010024,0.065480,0.024399,-7.929966,9.651958,22.133785,-0.660049,0.274807,0.648042,0.262400,
442,2696754947,9.959712,-0.033541,0.346180,-7.900246,9.982864,24.835735,-0.661464,0.277275,0.646093,0.261043,
443,2696771614,9.903743,0.114553,0.353578,-3.840457,10.132475,27.716726,-0.663156,0.279615,0.644158,0.259029,
444,2696788281,9.985438,0.228799,0.169670,-7.284971,7.585122,31.268009,-0.664590,0.282710,0.642183,0.256888,
445,2696804948,10.263832,-0.329504,-0.029585,-12.790062,7.045046,34.925636,-0.665870,0.286692,0.639888,0.254879,
446,2696821615,9.961421,-0.321263,0.077016,-14.447795,6.968082,36.711407,-0.667121,0.290997,0.637446,0.252840,
447,2696838282,9.799167,-1.299483,-0.231796,-10.507095,7.280805,39.184978,-0.668637,0.295127,0.634995,0.250202,
448,2696854949,9.501678,-0.174050,0.655046,-0.596907,7.010410,40.242863,-0.670570,0.298391,0.632866,0.246526,
449,2696871616,9.611376,-1.221725,0.670419,-3.916949,6.261762,41.910271,-0.672328,0.302149,0.630595,0.242952,
450,2696888283,10.031420,-0.639936,0.397112,-3.285568,3.864322,43.143631,-0.673912,0.306033,0.628506,0.239085,
451,2696904950,9.769133,-0.717930,0.447932,-7.788713,2.062650,45.359955,-0.675183,0.310611,0.626312,0.235323,
452,2696921617,9.911991,-1.331954,0.026025,-10.581707,-0.558451,47.528660,-0.676132,0.315737,0.624155,0.231475,
453,2696938284,9.747928,-1.601828,0.142345,-10.614209,-2.546717,47.508053,-0.676868,0.320916,0.622164,0.227529,
454,2696954951,9.725441,-2.028022,-0.131493,-4.092558,-3.375487,47.868954,-0.677812,0.325499,0.620425,0.222908,
455,2696971618,9.565965,-1.801804,0.211410,3.869900,-2.549074,48.145847,-0.679186,0.329280,0.618821,0.217570,
456,2696988285,9.815027,-1.648707,0.291639,7.314352,-0.868995,48.448360,-0.680853,0.332678,0.617115,0.211962,
457,2697004952,9.994443,-1.447191,-0.556177,1.385576,-0.723411,49.798710,-0.682254,0.336765,0.615117,0.206750,
458,2697021619,9.509250,-1.978793,0.080008,-3.904052,1.110731,50.901314,-0.683560,0.341403,0.612690,0.201980,
459,2697038286,9.575814,-2.077498,0.121555,-5.589611,4.056972,48.981014,-0.684952,0.345933,0.609988,0.197688,
460,2697054953,9.754254,-2.150412,-0.481893,-11.378550,5.097450,47.191368,-0.686062,0.350836,0.607077,0.194131,
461,2697071620,9.570789,-2.679089,-0.255429,-12.952119,5.484564,47.166874,-0.687093,0.355865,0.604054,0.190726,
462,2697088287,9.285413,-3.032015,0.726059,-6.883299,8.399243,45.595570,-0.688620,0.360053,0.600964,0.187086,
463,2697104954,9.417424,-2.966300,-0.007804,-8.640121,9.765148,42.574799,-0.690064,0.364102,0.597823,0.183968,
464,2697121621,9.490264,-2.491755,0.215819,-7.771280,10.294910,42.622856,-0.691575,0.368040,0.594627,0.180790,
465,2697138288,9.576687,-3.118538,0.191779,-8.316896,10.596577,41.915470,-0.693038,0.371949,0.591401,0.177740,
466,2697154955,9.509527,-3.252445,-0.028535,-4.533093,9.395394,41.580608,-0.694570,0.375466,0.588391,0.174326,
467,2697171622,9.304873,-3.166518,-0.017088,-0.638618,7.632077,42.620960,-0.696165,0.378710,0.585578,0.170371,
468,2697188289,9.187127,-3.383084,0.556302,-3.004198,6.608794,43.785358,-0.697544,0.382303,0.582726,0.166437,
469,2697204956,9.008704,-3.441974,0.750486,-5.245030,6.434921,43.272427,-0.698745,0.386070,0.579844,0.162730,
470,2697221623,9.075176,-3.550122,0.390905,-2.937770,6.176420,42.207626,-0.700004,0.389505,0.577081,0.158915,
471,2697238290,9.339445,-3.707314,0.351943,1.011599,5.643429,41.914364,-0.701409,0.392512,0.574459,0.154763,
472,2697254957,9.480191,-3.572598,0.255884,1.930716,5.479787,40.917023,-0.702808,0.395331,0.571912,0.150621,
473,2697271624,9.434890,-3.791870,-0.319925,-0.871707,5.766097,39.418987,-0.704014,0.398294,0.569341,0.146875,
474,2697288291,9.003173,-4.169631,0.052314,-1.535951,6.756033,39.323833,-0.705240,0.401283,0.566642,0.143248,
475,2697304958,8.797617,-4.013955,0.390002,-2.656883,6.124802,37.606823,-0.706291,0.404247,0.564069,0.139849,
476,2697321625,8.853305,-4.336539,0.497794,-1.721578,5.683311,35.590950,-0.707301,0.406948,0.561665,0.136551,
477,2697338292,8.832512,-4.120357,0.633642,-3.129948,5.643004,32.249474,-0.708142,0.409513,0.559421,0.133707,
478,2697354959,8.925792,-4.557910,0.683244,-9.634916,4.949626,29.343271,-0.708469,0.412516,0.557286,0.131646,
479,2697371626,9.067943,-4.731732,0.218419,-14.579755,4.513913,25.416670,-0.708377,0.415712,0.555325,0.130362,
480,2697388293,8.605132,-4.428551,0.259363,-14.793859,3.542355,23.786919,-0.708154,0.418811,0.553550,0.129203,
481,2697404960,8.921689,-4.778102,0.369881,-19.859444,2.998776,20.733322,-0.707509,0.422190,0.551915,0.128731,
482,2697421627,8.675849,-4.963246,0.172300,-23.520733,1.851721,19.396812,-0.706512,0.425854,0.550402,0.128618,
483,2697438294,8.562852,-4.770822,1.035157,-15.032683,2.015448,16.467772,-0.705990,0.428402,0.549206,0.128136,
484,2697454961,8.853252,-4.940577,0.672998,-10.333135,-0.286786,13.114605,-0.705509,0.430240,0.548540,0.127478,
485,2697471628,8.788381,-4.706788,0.523818,-7.791224,-2.657371,12.433356,-0.704983,0.431805,0.548203,0.126538,
486,2697488295,8.527302,-4.451526,0.307288,-12.900916,-4.385758,14.018613,-0.704024,0.434050,0.547848,0.125734,
487,2697504962,8.744733,-4.591424,0.397350,-14.366282,-5.193004,13.729813,-0.702897,0.436434,0.547562,0.125025,
488,2697521629,8.736440,-4.745064,0.192906,-12.847257,-6.008708,11.980745,-0.701765,0.438535,0.547496,0.124321,
489,2697538296,8.685760,-4.968043,0.130996,-7.197493,-5.986255,10.756117,-0.700970,0.439959,0.547605,0.123293,
490,2697554963,8.674273,-4.934311,-0.126848,-5.758711,-4.630202,9.377757,-0.700348,0.441101,0.547687,0.122377,
491,2697571630,8.849213,-4.816397,-0.337019,-3.540201,-3.405568,7.989827,-0.699940,0.441884,0.547772,0.121504,
492,2697588297,8.979231,-4.810878,-0.008140,0.778440,-2.237590,7.389746,-0.699891,0.442159,0.547852,0.120423,
493,2697604964,8.659947,-4.781699,0.263794,1.305153,0.004501,6.683385,-0.700042,0.442283,0.547757,0.119516,
494,2697621631,8.862868,-4.760802,0.656487,4.606175,1.681692,4.093307,-0.700493,0.441835,0.547717,0.118717,
495,2697638298,8.714772,-4.776496,-0.168179,2.299578,0.180640,2.393283,-0.700646,0.441513,0.547897,0.118179,
496,2697654965,8.540767,-5.148245,0.277445,5.738891,-0.727298,3.199238,-0.700960,0.440919,0.548177,0.117226,
497,2697671632,8.650017,-4.616298,0.043670,1.672068,-0.201572,1.304730,-0.701023,0.440580,0.548455,0.116824,
498,2697688299,8.797194,-4.751460,-0.157385,0.570657,-0.450412,0.982548,-0.700989,0.440331,0.548762,0.116527,
499,2697704966,8.860815,-4.620101,-0.024557,3.431929,-0.229579,1.112840,-0.701159,0.439797,0.549084,0.116003,
500,2697721633,8.697197,-4.840107,-0.043029,1.660068,-0.031580,1.596715,-0.701238,0.439479,0.549326,0.115583,
501,2697738300,8.910190,-4.749423,0.070044,1.092555,1.049384,0.360531,-0.701347,0.439101,0.549527,0.115404,
502,2697754967,8.680507,-4.907423,-0.165164,-1.624204,2.903270,0.644563,-0.701436,0.438992,0.549474,0.115531,
503,2697771634,8.812832,-4.748043,0.092806,0.012685,5.301605,0.429416,-0.701816,0.438659,0.549218,0.115702,
504,2697788301,8.824579,-4.712807,0.170960,-1.426884,7.286117,-0.404348,-0.702249,0.438373,0.548788,0.116200,
505,2697804968,8.696011,-4.911270,0.123183,-3.381633,8.312187,-0.670489,-0.702634,0.438247,0.548237,0.116947,
506,2697821635,8.742642,-4.742307,0.297777,-2.440315,8.534584,-0.981786,-0.703090,0.437996,0.547698,0.117665,
507,2697838302,8.757259,-4.717413,-0.082773,-6.449177,7.983948,-2.163915,-0.703227,0.438069,0.547222,0.118787,
508,2697854969,8.746517,-4.918049,0.235101,-3.773212,7.586886,-3.464631,-0.703478,0.437772,0.546915,0.119805,
509,2697871636,8.714927,-4.866380,0.293654,-3.331675,6.384101,-4.558050,-0.703643,0.437362,0.546808,0.120821,
510,2697888303,8.715243,-4.777617,0.464542,-2.322407,6.536318,-6.012865,-0.703857,0.436731,0.546794,0.121916,
511,2697904970,8.858438,-4.677039,0.206088,-3.301657,6.519184,-7.929143,-0.703972,0.436046,0.546885,0.123284,
512,2697921637,8.806942,-4.696668,-0.063259,-5.950781,7.037086,-9.375790,-0.703932,0.435507,0.546966,0.125044,
513,2697938304,8.862628,-4.797347,0.055409,-4.070527,7.834040,-10.798436,-0.704047,0.434647,0.547088,0.126849,
514,2697954971,8.832055,-4.890306,0.049500,-5.026651,9.290689,-12.701542,-0.704178,0.433704,0.547160,0.129016,
515,2697971638,8.662313,-4.844620,-0.074002,-6.951283,10.389542,-14.620758,-0.704235,0.432782,0.547201,0.131602,
516,2697988305,8.781744,-4.895191,0.001861,-5.241262,11.344080,-16.783361,-0.704428,0.431490,0.547309,0.134332,
517,2698004972,8.848958,-4.744484,0.261909,1.387872,12.067926,-19.653584,-0.705031,0.429273,0.547646,0.136873,
518,2698021639,9.003206,-4.400259,0.373978,6.344928,11.339659,-23.358543,-0.705803,0.426260,0.548380,0.139351,
519,2698038306,9.009622,-4.252016,0.565948,9.342690,10.511145,-26.186209,-0.706623,0.422724,0.549426,0.141826,
520,2698054973,8.832605,-4.444374,0.635902,2.313019,9.842393,-27.270458,-0.706921,0.419828,0.550451,0.144931,
521,2698071640,8.605889,-4.577441,0.480726,-5.103719,9.016089,-28.861191,-0.706653,0.417577,0.551492,0.148740,
522,2698088307,8.657675,-4.480017,0.290580,-9.164621,8.119510,-31.972570,-0.705982,0.415503,0.552713,0.153137,
523,2698104974,8.906406,-4.400028,0.509157,-4.836211,6.670659,-34.991497,-0.705370,0.412763,0.554346,0.157404,
524,2698121641,9.164747,-4.080170,0.759939,0.754791,5.165193,-38.121452,-0.704878,0.409219,0.556432,0.161446,
525,2698138308,9.155551,-4.038348,0.708952,6.366082,3.511491,-41.219387,-0.704489,0.404872,0.558983,0.165247,
526,2698154975,9.088017,-3.889708,0.714149,9.308817,1.172346,-44.108406,-0.703983,0.400029,0.561991,0.168960,
527,2698171642,9.080915,-3.993950,0.731441,13.057348,-1.037694,-45.625519,-0.703442,0.394711,0.565378,0.172384,
528,2698188309,8.998582,-3.999628,0.545268,7.430091,-2.863612,-46.367416,-0.702373,0.389934,0.568824,0.176234,
529,2698204976,9.026746,-3.569225,0.465380,7.499428,-3.449944,-47.960228,-0.701182,0.385013,0.572392,0.180198,
530,2698221643,9.332690,-3.213045,0.621312,8.288917,-4.206271,-50.333847,-0.699870,0.379811,0.576159,0.184286,
531,2698238310,9.561357,-2.871543,0.274033,7.481409,-4.930532,-52.029415,-0.698365,0.374546,0.580036,0.188563,
532,2698254977,9.535764,-3.379580,-0.063723,7.566933,-5.761584,-52.714420,-0.696730,0.369213,0.583999,0.192844,
533,2698271644,9.450611,-3.251557,0.515111,19.088963,-6.057909,-54.010761,-0.695605,0.362584,0.588344,0.196248,
534,2698288311,9.385585,-2.892657,0.498319,24.659920,-6.674810,-55.821545,-0.694612,0.355225,0.592959,0.199311,
535,2698304978,9.529646,-2.627842,0.192418,22.626165,-7.141662,-57.673252,-0.693359,0.347895,0.597606,0.202695,
536,2698321645,9.430206,-2.017777,0.571169,21.317091,-5.985554,-59.122665,-0.692035,0.340506,0.602118,0.206379,
537,2698338312,9.598401,-1.702012,0.244766,12.849527,-6.340814,-59.301533,-0.690196,0.333934,0.606367,0.210786,
538,2698354979,9.570031,-1.447875,0.516302,4.385392,-5.297274,-59.989605,-0.687959,0.328091,0.610237,0.216043,
539,2698371646,9.572577,-1.814531,0.210377,-4.759223,-4.833745,-60.962070,-0.685240,0.323036,0.613768,0.222213,
540,2698388313,9.569102,-2.243878,0.189438,2.277366,-3.848515,-62.663891,-0.682825,0.317068,0.617455,0.227951,
541,2698404980,9.724138,-2.124899,-0.254912,10.945963,-3.632447,-64.136856,-0.680718,0.310070,0.621421,0.233047,
542,2698421647,9.898890,-1.698326,0.022845,25.898556,-3.795710,-62.995846,-0.679242,0.301670,0.625795,0.236647,
543,2698438314,9.825009,-0.695841,0.406297,32.118778,-3.946381,-60.864540,-0.678026,0.292823,0.630238,0.239439,
544,2698454981,9.763043,-0.256018,0.309209,31.879543,-4.987420,-57.691311,-0.676745,0.284296,0.634576,0.241870,
545,2698471648,9.852612,-0.269300,0.103260,23.724270,-4.210834,-55.616600,-0.675209,0.276709,0.638407,0.244860,
546,2698488315,10.023166,-0.116667,-0.204619,15.806781,-2.510916,-52.604301,-0.673568,0.270099,0.641619,0.248339,
547,2698504982,9.680739,0.084978,-0.182934,8.600723,-2.220897,-49.153778,-0.671755,0.264488,0.644366,0.252148,
548,2698521649,9.762337,0.281937,-0.024072,12.366405,-2.745240,-43.256851,-0.670218,0.259068,0.647043,0.254995,
549,2698538316,9.893634,0.543835,0.662721,21.464365,-2.748849,-36.578098,-0.669240,0.253378,0.649777,0.256324,
550,2698554983,10.084188,0.932984,1.131553,26.545639,-2.857535,-29.196125,-0.668689,0.247885,0.652413,0.256439,
551,2698571650,9.988331,1.793487,1.081223,10.680780,-4.433708,-20.925055,-0.667707,0.244773,0.654294,0.257192,
552,2698588317,10.024786,1.888728,0.791123,-18.615484,-5.413446,-13.135829,-0.665873,0.245280,0.654888,0.259937,
553,2698604984,10.277909,0.644763,0.256285,-38.071938,-4.811487,-6.648862,-0.663633,0.248261,0.654444,0.263924,
554,2698621651,10.159918,-0.414379,-0.932937,-30.442583,-2.493417,-2.844633,-0.662020,0.250773,0.653915,0.266895,
555,2698638318,10.086361,-0.527148,-0.539290,-5.380716,-0.282598,-1.731675,-0.661568,0.250888,0.654100,0.267452,
556,2698654985,10.043120,-0.312320,-0.243015,13.556444,1.821659,-0.402555,-0.662057,0.249227,0.654769,0.266157,
557,2698671652,10.047518,0.210809,0.087339,23.996157,1.601303,0.747822,-0.662940,0.246675,0.655816,0.263747,
558,2698688319,10.005652,0.335307,0.272130,23.084475,1.800269,1.526776,-0.663831,0.244276,0.656771,0.261353,
559,2698704986,9.825112,1.031838,0.498290,12.757031,1.363845,2.343659,-0.664338,0.242965,0.657342,0.259847,
560,2698721653,9.877075,0.955990,0.556949,-7.892018,-0.579078,2.654021,-0.663939,0.243751,0.657308,0.260217,
561,2698738320,9.858932,-0.245320,0.187848,-19.254843,-1.592113,1.424676,-0.662991,0.245555,0.656982,0.261755,
562,2698754987,9.797387,-0.984145,-0.069224,-8.365506,-1.725579,-2.600381,-0.662264,0.245928,0.657225,0.262635,
563,2698771654,9.751738,-0.568345,0.063391,7.567062,-1.706831,-7.174708,-0.661931,0.244328,0.658237,0.262432,
564,2698788321,9.922883,0.198211,0.181686,15.404833,-2.361634,-8.893764,-0.661745,0.241832,0.659668,0.261619,
565,2698804988,9.975343,0.904229,0.394964,8.540846,-2.942183,-7.646445,-0.661305,0.240137,0.660845,0.261323,
566,2698821655,9.966740,0.987666,0.388898,-4.445354,-2.843151,-5.007987,-0.660519,0.239940,0.661424,0.262024,
567,2698838322,9.927298,0.820214,0.228045,-10.480157,-2.505294,-1.898965,-0.659673,0.240609,0.661631,0.263017,
568,2698854989,10.028159,0.516923,-0.018189,-11.629594,-2.108861,0.746425,-0.658924,0.241627,0.661662,0.263882,
569,2698871656,9.970286,0.384950,-0.246569,-8.466511,-1.318491,2.512677,-0.658430,0.242481,0.661676,0.264299,
570,2698888323,10.007127,0.263760,-0.293948,-6.628146,-0.912939,3.300089,-0.658068,0.243219,0.661693,0.264479,
571,2698904990,9.914455,0.058830,-0.126232,-4.370628,-0.271392,3.092407,-0.657840,0.243695,0.661742,0.264483,
572,2698921657,9.875949,0.002801,0.042461,-2.108924,-0.424505,1.544542,-0.657617,0.243813,0.661949,0.264413,
573,2698938324,9.901179,0.065679,0.186735,-0.224470,-0.968442,0.008574,-0.657350,0.243623,0.662334,0.264289,
574,2698954991,9.924095,0.294224,0.186049,0.314646,-1.615278,-0.803688,-0.657007,0.243328,0.662830,0.264167,
575,2698971658,9.963749,0.477335,0.098593,-1.989467,-2.013517,-0.714633,-0.656548,0.243277,0.663272,0.264245,
576,2698988325,9.991701,0.420595,-0.005352,-4.497168,-2.109424,-0.375136,-0.656004,0.243502,0.663615,0.264529,
577,2699004992,9.966731,0.334497,-0.098175,-5.408647,-1.741241,-0.084945,-0.655475,0.243828,0.663876,0.264886,
578,2699021659,9.940151,0.288896,-0.248367,-4.590334,-0.748980,0.132872,-0.655078,0.244058,0.664067,0.265178,
579,2699038326,9.937498,0.415706,-0.195704,-4.081179,0.013389,0.318334,-0.654779,0.244228,0.664198,0.265431,
580,2699054993,9.994632,0.338693,-0.212037,-4.249300,0.331652,0.690755,-0.654520,0.244438,0.664279,0.265675,
581,2699071660,9.966499,0.332098,-0.175062,-6.774343,1.098446,1.068684,-0.654259,0.244895,0.664175,0.266155,
582,2699088327,9.860693,0.446042,0.027536,-6.138546,1.980765,1.169931,-0.654110,0.245268,0.664008,0.266595,
583,2699104994,9.954100,0.404713,0.084071,-6.471485,1.748099,1.601851,-0.653942,0.245722,0.663835,0.267018,
584,2699121661,9.947797,0.383451,0.076155,-8.600965,1.532632,2.151717,-0.653699,0.246440,0.663579,0.267585,
585,2699138328,9.876973,0.400261,-0.038029,-10.841885,1.894335,2.496375,-0.653424,0.247390,0.663189,0.268349,
586,2699154995,9.968540,0.431967,-0.091817,-11.970332,1.834888,2.467907,-0.653099,0.248446,0.662760,0.269222,
587,2699171662,10.004321,0.280478,-0.146884,-12.989067,2.267551,3.402182,-0.652814,0.249672,0.662215,0.270120,
588,2699188329,9.912536,0.241307,-0.197106,-13.328844,2.768741,3.897058,-0.652583,0.250956,0.661589,0.271020,
589,2699204996,9.939904,0.186907,-0.131965,-9.346665,3.346243,3.464957,-0.652534,0.251799,0.661079,0.271598,
590,2699221663,9.950382,0.324720,-0.134656,-8.105524,3.554960,2.894140,-0.652528,0.252460,0.660619,0.272120,
591,2699238330,9.961692,0.405556,-0.093420,-7.826769,4.085079,3.284887,-0.652598,0.253111,0.660105,0.272596,
592,2699254997,9.984584,0.578090,-0.211936,-8.561406,4.051015,4.282246,-0.652676,0.253929,0.659527,0.273047,
593,2699271664,10.034383,0.564182,-0.111263,-10.313508,3.834959,5.940978,-0.652733,0.255080,0.658837,0.273500,
594,2699288331,9.968022,0.339943,-0.087140,-10.636615,3.653238,7.318800,-0.652815,0.256401,0.658099,0.273846,
595,2699304998,9.958215,0.205541,-0.057052,-7.716611,3.881741,8.173382,-0.653060,0.257517,0.657423,0.273839,
596,2699321665,9.917895,0.139017,0.053408,-5.584441,3.376235,8.067819,-0.653331,0.258440,0.656883,0.273619,
597,2699338332,9.953111,-0.025631,0.139518,-4.641509,3.086516,7.773911,-0.653597,0.259256,0.656419,0.273326,
598,2699354999,9.931899,0.084654,0.065647,-5.271736,3.963649,6.945340,-0.653890,0.260017,0.655876,0.273204,
599,2699371666,10.106221,0.237564,-0.002483,-3.670993,5.362296,7.625473,-0.654403,0.260636,0.655238,0.272917,
600,2699388333,10.134588,0.605797,-0.072019,-1.331925,7.034781,10.739187,-0.655288,0.261262,0.654413,0.272174,
601,2699405000,9.977703,0.747575,0.054314,1.943001,7.345698,15.413311,-0.656509,0.262008,0.653508,0.270685,
602,2699421667,10.047274,0.656758,0.371505,0.380509,6.662329,20.439589,-0.657799,0.263406,0.652412,0.268836,
603,2699438334,10.024835,0.609547,0.259177,-5.841245,7.208807,24.007803,-0.659035,0.265713,0.650876,0.267255,
604,2699455001,10.127773,0.301106,0.203591,-9.948336,8.264198,26.742384,-0.660310,0.268628,0.648965,0.265837,
605,2699471668,10.125750,-0.301683,-0.098298,-9.957540,8.943137,30.209057,-0.661771,0.271840,0.646842,0.264108,
606,2699488335,9.965836,0.215181,-0.159552,-1.864421,9.885091,33.746380,-0.663762,0.274564,0.644784,0.261310,
607,2699505002,9.913851,0.231260,0.377766,1.415961,9.132481,37.943542,-0.665955,0.277386,0.642741,0.257762,
608,2699521669,10.237970,0.011732,0.123174,-0.628681,9.431320,43.114414,-0.668264,0.280868,0.640361,0.253908,
609,2699538336,10.240901,0.865872,0.308867,-5.484661,10.777640,48.151592,-0.670659,0.285232,0.637436,0.250061,
610,2699555003,9.871650,-0.373872,0.128590,-15.232081,9.528446,53.160488,-0.672679,0.291039,0.634036,0.246562,
611,2699571670,9.369308,-1.198702,0.493126,-13.203140,8.307842,52.720066,-0.674614,0.296633,0.630810,0.242854,
612,2699588337,9.343755,-1.616325,0.443865,-8.357616,7.791269,50.098114,-0.676583,0.301513,0.627883,0.238923,
613,2699605004,9.458964,-1.045932,0.473277,-12.377895,7.720701,47.881702,-0.678258,0.306574,0.624888,0.235561,
614,2699621671,9.781811,-1.380949,0.042014,-15.975181,6.942449,47.598892,-0.679658,0.311976,0.621830,0.232508,
615,2699638338,9.789246,-1.734469,-0.023511,-16.612902,5.193706,47.014015,-0.680816,0.317430,0.618919,0.229481,
616,2699655005,9.920769,-1.664014,0.403550,-12.673933,3.305006,46.386684,-0.681934,0.322487,0.616327,0.226063,
617,2699671672,9.775848,-1.970630,0.553874,-6.880763,2.115234,46.085369,-0.683178,0.326967,0.614029,0.222089,
618,2699688339,9.653027,-1.913791,0.677844,-3.833801,1.100605,45.581345,-0.684431,0.331119,0.611930,0.217836,
619,2699705006,9.515829,-1.944499,0.301323,-4.718201,1.230705,45.348999,-0.685616,0.335320,0.609776,0.213682,
620,2699721673,9.411253,-2.131597,0.094009,-10.017292,0.386351,45.278656,-0.686438,0.340055,0.607519,0.209956,
621,2699738340,9.553300,-2.042367,0.035700,-10.962894,0.703797,44.621906,-0.687193,0.344803,0.605209,0.206385,
622,2699755007,9.515002,-2.332629,-0.055749,-17.125076,1.975030,43.475132,-0.687687,0.350013,0.602619,0.203527,
623,2699771674,9.813630,-2.642840,-0.368772,-18.850565,2.322365,40.634094,-0.688011,0.355123,0.600064,0.201113,
624,2699788341,9.419535,-2.797241,0.027015,-19.273283,3.688874,38.026852,-0.688333,0.359995,0.597471,0.199060,
625,2699805008,9.238501,-2.967463,0.247534,-20.511118,5.842874,34.758808,-0.688659,0.364632,0.594779,0.197548,
626,2699821675,9.458741,-2.930077,0.178502,-23.270021,5.808218,31.233059,-0.688713,0.369231,0.592181,0.196621,
627,2699838342,9.542719,-3.362070,0.583370,-17.239258,5.038683,28.122730,-0.688920,0.372970,0.589984,0.195439,
628,2699855009,9.580002,-3.300218,0.653168,-8.603340,3.862539,24.584494,-0.689383,0.375569,0.588332,0.193804,
629,2699871676,9.503348,-2.832578,0.396993,-7.865048,2.968767,21.827164,-0.689725,0.377878,0.586934,0.192330,
630,2699888343,9.533195,-3.011543,0.097552,-8.317559,1.369008,21.572533,-0.689890,0.380253,0.585694,0.190832,
631,2699905010,9.441632,-2.606348,-0.037306,-4.635676,0.602879,21.885138,-0.690197,0.382302,0.584609,0.188945,
632,2699921677,9.490455,-3.001380,0.357083,2.034389,0.468233,22.547239,-0.690875,0.383738,0.583680,0.186414,
633,2699938344,9.580327,-3.575556,-0.090610,7.862851,-1.659450,22.162039,-0.691679,0.384609,0.583138,0.183307,
634,2699955011,9.350248,-2.939493,0.343783,13.565140,-1.776348,22.572945,-0.692796,0.384940,0.582727,0.179665,
635,2699971678,9.354661,-2.832246,0.533417,6.346079,-0.697781,24.912769,-0.693649,0.386162,0.581882,0.176458,
636,2699988345,9.520516,-3.039765,-0.220612,-3.032103,-0.337448,25.984396,-0.694025,0.388408,0.580692,0.173955,
637,2700005012,9.436415,-2.851329,-0.058274,-5.964177,1.357765,27.780733,-0.694416,0.391052,0.579147,0.171611,
638,2700021679,9.389279,-3.712368,-0.646112,-8.408571,1.000864,28.581537,-0.694645,0.394013,0.577522,0.169369,
639,2700038346,9.261914,-3.967854,-0.886495,-4.591807,-0.616051,29.340441,-0.694965,0.396687,0.576100,0.166634,
640,2700055013,9.123114,-3.529633,-0.079687,2.210954,-3.197398,31.819700,-0.695509,0.398936,0.574951,0.162926,
641,2700071680,9.328839,-3.564591,1.407009,6.532651,-3.556592,31.381449,-0.696247,0.400710,0.573955,0.158878,
642,2700088347,9.119036,-3.600341,1.139305,1.524364,-5.528852,29.896257,-0.696482,0.402907,0.573117,0.155279,
643,2700105014,9.197495,-3.400006,0.605742,-6.952091,-6.552160,28.527216,-0.696090,0.405863,0.572262,0.152464,
644,2700121681,9.120204,-4.080914,0.339846,-11.059432,-6.951500,26.894283,-0.695374,0.409101,0.571444,0.150130,
645,2700138348,9.085611,-4.409555,-0.028250,-9.750127,-5.903819,24.839994,-0.694768,0.412006,0.570660,0.147953,
646,2700155015,8.898990,-4.000295,-0.451812,-8.897361,-4.028208,23.610361,-0.694334,0.414678,0.569771,0.145941,
647,2700171682,8.987220,-4.157247,-0.063700,-9.056839,-1.143943,23.741831,-0.694123,0.417310,0.568574,0.144102,
648,2700188349,9.001313,-4.190069,0.416658,-2.839262,-0.232551,22.533291,-0.694332,0.419191,0.567482,0.141924,
649,2700205016,9.259943,-4.093002,0.169540,-1.704412,-1.011754,20.017563,-0.694488,0.420762,0.566640,0.139858,
650,2700221683,8.873091,-4.397534,0.241133,-6.184951,-0.763029,20.438421,-0.694394,0.422813,0.565651,0.138132,
651,2700238350,8.763147,-4.537950,0.349850,-13.388834,0.567713,19.523401,-0.693941,0.425486,0.564435,0.137173,
652,2700255017,8.972047,-4.233027,-0.122130,-14.816293,1.127723,17.232941,-0.693394,0.428099,0.563270,0.136595,
653,2700271684,9.096749,-4.376156,-0.004240,-11.294691,0.683316,17.039726,-0.693020,0.430346,0.562228,0.135720,
654,2700288351,8.931975,-4.377728,0.280960,-5.872856,0.978156,15.697467,-0.692980,0.431930,0.561343,0.134553,
655,2700305018,9.268711,-4.549005,0.020952,-4.964449,0.213680,13.218076,-0.692883,0.433231,0.560707,0.133514,
656,2700321685,8.689536,-4.791309,-0.010661,-4.657775,0.721273,12.259558,-0.692828,0.434413,0.560083,0.132577,
657,2700338352,8.679308,-4.618891,0.251787,-2.473291,-0.569358,11.428372,-0.692786,0.435331,0.559684,0.131465,
658,2700355019,9.162210,-4.389595,0.118403,-3.104247,-2.688105,9.600213,-0.692495,0.436203,0.559602,0.130455,
659,2700371686,8.602015,-4.532476,-0.351185,-8.731454,-4.009031,9.497625,-0.691737,0.437658,0.559549,0.129828,
660,2700388353,8.766240,-4.742996,0.204608,-3.501718,-3.533504,8.001748,-0.691320,0.438455,0.559642,0.128957,
661,2700405020,9.072985,-4.540766,0.032931,-2.644371,-4.334771,6.197346,-0.690857,0.439033,0.559946,0.128145,
662,2700421687,8.784974,-4.225354,-0.385295,-5.165750,-3.308329,5.726584,-0.690309,0.439807,0.560128,0.127652,
663,2700438354,9.137059,-4.278387,-0.829718,-3.860820,-1.879588,4.307243,-0.689932,0.440307,0.560283,0.127286,
664,2700455021,9.023318,-4.793942,-0.643105,-2.456245,0.607143,4.513310,-0.689852,0.440636,0.560200,0.126944,
665,2700471688,8.388297,-4.658744,-0.451229,-6.810124,2.542529,5.877187,-0.689676,0.441478,0.559754,0.126943,
666,2700488355,8.949117,-4.476882,-0.305038,-6.514041,5.217635,4.802939,-0.689716,0.442153,0.559114,0.127199,
667,2700505022,9.257949,-4.508462,-0.417544,-3.797288,6.039252,4.046597,-0.689982,0.442478,0.558491,0.127362,
668,2700521689,8.573501,-4.868906,-0.035591,-4.391683,6.977190,5.597817,-0.690316,0.442971,0.557661,0.127477,
669,2700538356,8.839704,-4.511979,-0.136114,-4.960490,8.323919,4.245492,-0.690695,0.443386,0.556773,0.127862,
670,2700555023,8.946158,-4.653422,-0.366381,-5.416371,9.201642,3.822768,-0.691106,0.443795,0.555816,0.128382,
671,2700571690,8.855637,-4.671217,0.018781,-2.850298,10.639386,4.364413,-0.691810,0.443963,0.554725,0.128732,
672,2700588357,8.898646,-4.538373,-0.167683,-4.577363,10.933624,4.060159,-0.692418,0.444274,0.553590,0.129272,
673,2700605024,8.837294,-4.695341,-0.255219,-4.998462,11.266808,3.812420,-0.693019,0.444600,0.552430,0.129892,
674,2700621691,8.870964,-4.704282,-0.059300,-3.932589,12.260761,3.415654,-0.693760,0.444766,0.551213,0.130530,
675,2700638358,8.674673,-4.657859,0.049949,-6.597722,13.526595,3.402464,-0.694429,0.445176,0.549818,0.131465,
676,2700655025,8.868876,-4.497817,-0.006760,-7.874722,13.890748,3.491341,-0.695042,0.445713,0.548354,0.132517,
677,2700671692,8.824226,-4.499785,-0.193806,-11.554505,14.608228,4.279740,-0.695486,0.446668,0.546692,0.133828,
678,2700688359,8.885726,-4.573367,-0.038863,-9.397285,15.633236,4.337676,-0.696148,0.447388,0.544963,0.135027,
679,2700705026,8.891038,-4.609818,0.063245,-8.217960,16.327177,4.519246,-0.696943,0.447986,0.543171,0.136159,
680,2700721693,8.722692,-4.767012,0.197452,-9.233441,16.599735,4.632133,-0.697691,0.448689,0.541321,0.137376,
681,2700738360,8.723551,-4.682640,0.057443,-9.694445,16.703106,3.979162,-0.698400,0.449381,0.539490,0.138702,
682,2700755027,8.731894,-4.820683,0.019918,-8.470014,15.860662,3.632186,-0.699112,0.449937,0.537791,0.139912,
683,2700771694,8.764075,-4.806410,0.185899,-4.998847,14.787086,2.762146,-0.699947,0.450092,0.536324,0.140868,
684,2700788361,8.760534,-4.847160,0.310218,-0.716016,13.725924,1.107270,-0.700943,0.449701,0.535160,0.141588,
685,2700805028,8.671798,-4.845979,0.180178,1.098087,12.280061,-0.457827,-0.701910,0.449033,0.534282,0.142231,
686,2700821695,8.709599,-4.964260,0.092146,3.017670,10.732487,-2.407300,-0.702841,0.448048,0.533727,0.142822,
687,2700838362,8.753789,-4.952841,0.225938,6.913403,10.573882,-5.547791,-0.703946,0.446422,0.533473,0.143422,
688,2700855029,8.620220,-4.992532,0.797190,7.976281,9.700902,-8.441313,-0.704988,0.444480,0.533514,0.144177,
689,2700871696,8.508517,-4.809714,0.868354,2.407115,8.782031,-11.550542,-0.705530,0.442884,0.533732,0.145623,
690,2700888363,8.557038,-4.918010,0.607827,-4.080286,7.078402,-14.482226,-0.705455,0.441760,0.534174,0.147764,
691,2700905030,8.666960,-4.842239,0.496242,-6.462092,5.037659,-17.393940,-0.705002,0.440694,0.534958,0.150256,
692,2700921697,8.830651,-4.830974,0.662959,-4.976261,3.001743,-20.904032,-0.704402,0.439243,0.536201,0.152861,
693,2700938364,8.880811,-4.775397,0.612927,-2.294685,2.113430,-25.555397,-0.703792,0.437170,0.537885,0.155673,
694,2700955031,8.842326,-4.708422,0.499016,-0.487808,0.881649,-29.935730,-0.703089,0.434588,0.540005,0.158712,
695,2700971698,8.842717,-4.638995,0.508174,-1.419051,0.607388,-33.219437,-0.702213,0.431840,0.542326,0.162138,
696,2700988365,8.691380,-4.622584,0.482775,-0.382425,0.280095,-35.421379,-0.701305,0.428809,0.544829,0.165683,
697,2701005032,8.939328,-4.146641,0.604724,2.826767,-0.851281,-38.666122,-0.700407,0.425206,0.547710,0.169229,
698,2701021699,9.127119,-3.909631,0.569051,2.288079,-2.182739,-40.629597,-0.699295,0.421520,0.550815,0.172930,
699,2701038366,8.975418,-4.214272,0.357754,-1.648712,-3.152826,-40.580276,-0.697840,0.418246,0.553896,0.176874,
700,2701055033,8.927750,-3.854692,0.342133,-3.061288,-4.511258,-42.177841,-0.696121,0.415004,0.557154,0.181005,
701,2701071700,9.222416,-3.634097,0.448491,-0.930260,-4.752662,-43.957401,-0.694433,0.411392,0.560575,0.185120,
702,2701088367,9.426590,-3.300622,-0.010473,0.755702,-6.606090,-46.171684,-0.692603,0.407460,0.564336,0.189203,
703,2701105034,9.479151,-3.333868,-0.004843,7.829999,-7.300446,-46.504906,-0.691091,0.402786,0.568351,0.192687,
704,2701121701,9.299097,-3.301941,0.334785,7.644578,-5.877258,-43.014900,-0.689751,0.398359,0.571986,0.195910,
705,2701138368,9.198359,-3.215996,0.214212,5.158641,-4.853649,-41.460567,-0.688365,0.394265,0.575334,0.199235,
706,2701155035,9.400813,-3.023669,0.059504,5.210160,-4.484234,-40.565971,-0.687012,0.390214,0.578571,0.202479,
707,2701171702,9.610501,-2.719337,0.254881,6.790419,-3.223991,-39.033165,-0.685873,0.386082,0.581621,0.205501,
708,2701188369,9.614720,-2.466629,0.120812,5.476259,-1.635302,-36.991707,-0.684833,0.382194,0.584337,0.208512,
709,2701205036,9.649887,-2.469416,0.043684,5.238915,-0.877457,-35.535797,-0.683866,0.378417,0.586872,0.211434,
710,2701221703,9.495025,-2.340996,-0.015853,5.210050,0.036056,-35.135044,-0.682968,0.374638,0.589275,0.214363,
711,2701238370,9.632816,-2.625138,-0.193266,6.478242,0.915498,-35.335876,-0.682187,0.370677,0.591624,0.217244,
712,2701255037,9.634524,-2.312750,-0.237734,6.431362,1.686381,-36.934361,-0.681399,0.366547,0.593963,0.220323,
713,2701271704,9.712496,-2.608737,0.034137,7.055075,3.952336,-38.408878,-0.680768,0.362143,0.596156,0.223607,
714,2701288371,9.591065,-2.358748,0.150194,5.161109,5.904574,-39.227364,-0.680157,0.357780,0.598115,0.227231,
715,2701305038,9.613651,-2.153050,0.350791,5.292787,6.403425,-40.215698,-0.679537,0.353287,0.600058,0.230960,
716,2701321705,9.627651,-2.169587,0.151142,3.187264,5.039010,-41.919376,-0.678606,0.348886,0.602130,0.234961,
717,2701338372,9.741203,-2.125291,0.419556,4.797477,4.579000,-44.117115,-0.677612,0.344135,0.604388,0.239005,
718,2701355039,9.540689,-1.834633,0.430034,7.512169,4.421256,-47.128849,-0.676604,0.338839,0.606877,0.243086,
719,2701371706,9.471672,-1.889059,0.610723,7.808663,2.566411,-51.760418,-0.675243,0.333153,0.609753,0.247493,
720,2701388373,9.861809,-1.757622,0.257465,8.655727,2.958047,-53.504364,-0.673853,0.327192,0.612666,0.251999,
721,2701405040,9.878610,-1.571209,0.156758,9.177029,4.849859,-53.284382,-0.672619,0.321110,0.615361,0.256509,
722,2701421707,9.733788,-1.016991,0.239399,12.312407,4.587682,-50.967243,-0.671552,0.314918,0.618052,0.260484,
723,2701438374,9.778845,-0.481839,0.398355,15.701845,1.603248,-47.369587,-0.670467,0.308811,0.620961,0.263651,
724,2701455041,9.786233,-0.253746,0.630434,18.803310,-1.176413,-43.975422,-0.669364,0.302799,0.624074,0.266067,
725,2701471708,9.811374,-0.100756,0.823253,15.951149,-2.623884,-40.169605,-0.668119,0.297451,0.627019,0.268295,
726,2701488375,9.869012,0.213060,0.685161,10.712875,-2.637390,-34.725693,-0.666833,0.293098,0.629502,0.270461,
727,2701505042,9.883142,0.015986,0.331667,2.872454,-4.697973,-29.506403,-0.665212,0.290055,0.631638,0.272744,
728,2701521709,10.008516,-0.113691,0.396891,6.982083,-5.783938,-24.590416,-0.663847,0.287105,0.633822,0.274122,
729,2701538376,9.960279,0.256263,0.265835,10.844046,-6.681034,-18.898621,-0.662778,0.284337,0.635998,0.274553,
730,2701555043,9.927688,0.344136,0.230343,13.072415,-8.609183,-14.515173,-0.661788,0.281834,0.638260,0.274272,
731,2701571710,10.145171,-0.610577,0.019432,17.037144,-9.507246,-11.375093,-0.660994,0.279272,0.640630,0.273280,
732,2701588377,10.206094,-0.326269,-0.028343,24.312347,-7.583978,-9.810458,-0.660728,0.276076,0.643029,0.271533,
733,2701605044,10.046185,0.435951,-0.016017,19.703186,-5.176489,-9.210163,-0.660514,0.273280,0.644980,0.270252,
734,2701621711,9.969499,0.216104,-0.437012,13.646502,-1.756200,-7.574911,-0.660437,0.271082,0.646293,0.269516,
735,2701638378,9.919168,-0.282518,-0.417279,11.225920,-2.413743,-8.622816,-0.660157,0.269041,0.647612,0.269080,
736,2701655045,9.879510,-0.558885,0.126762,15.901814,-3.062335,-11.187066,-0.659893,0.266333,0.649271,0.268422,
737,2701671712,9.837755,-0.442196,0.440922,19.207663,-3.640815,-14.031281,-0.659583,0.263058,0.651217,0.267699,
738,2701688379,9.917937,-0.028582,0.671047,25.585779,-4.254271,-15.242052,-0.659399,0.259076,0.653504,0.266459,
739,2701705046,9.998170,0.556768,0.585029,20.356892,-4.570655,-14.499088,-0.659004,0.255673,0.655578,0.265629,
740,2701721713,9.986886,0.468554,-0.013838,8.778715,-4.416529,-12.684660,-0.658255,0.253543,0.657114,0.265730,
741,2701738380,9.984978,0.192469,-0.363157,6.711844,-2.842012,-10.922080,-0.657645,0.251718,0.658350,0.265917,
742,2701755047,9.958259,0.107434,-0.306831,12.753579,-2.087411,-9.597113,-0.657375,0.249411,0.659695,0.265425,
743,2701771714,9.969212,0.272830,-0.065032,12.908125,-1.393434,-7.627096,-0.657249,0.247250,0.660903,0.264752,
744,2701788381,9.880627,0.897479,0.302013,12.547894,-0.545833,-5.318097,-0.657276,0.245311,0.661930,0.263923,
745,2701805048,9.935676,1.021180,0.458468,-1.053886,0.108194,-2.183444,-0.656999,0.244948,0.662258,0.264126,
746,2701821715,9.928428,0.828872,0.309503,-13.647736,1.225959,0.888755,-0.656498,0.246041,0.661885,0.265288,
747,2701838382,9.915558,0.642119,0.024546,-27.290403,2.615902,3.200808,-0.655726,0.248603,0.660765,0.267590,
748,2701855049,9.961122,0.032303,-0.310150,-27.169598,4.090071,4.367559,-0.655137,0.251205,0.659458,0.269819,
749,2701871716,10.018612,-0.129181,-0.319937,-20.947033,3.766885,3.610032,-0.654708,0.253152,0.658446,0.271508,
750,2701888383,9.947893,0.130859,-0.106596,-11.582300,3.467507,3.053542,-0.654569,0.254164,0.657849,0.272341,
751,2701905050,9.939182,0.423013,0.105177,-8.933175,2.805123,2.842825,-0.654456,0.254929,0.657428,0.272915,
752,2701921717,9.998033,0.240318,0.175818,-9.613653,2.313897,3.098120,-0.654279,0.255803,0.657016,0.273513,
753,2701938384,9.984882,0.215189,0.108212,-10.293619,2.751887,3.505426,-0.654135,0.256763,0.656519,0.274152,
754,2701955051,9.940331,0.422374,-0.069535,-9.936797,2.541389,4.013608,-0.654003,0.257745,0.656036,0.274700,
755,2701971718,9.915647,0.369050,-0.112851,-9.859407,2.448786,4.585206,-0.653887,0.258778,0.655543,0.275183,
756,2701988385,9.912213,0.174550,-0.124282,-11.780773,1.932127,4.685199,-0.653651,0.260023,0.655017,0.275819,
757,2702005052,9.879825,-0.136098,0.069890,-10.991374,2.380234,3.262336,-0.653430,0.261039,0.654532,0.276532,
758,2702021719,9.894903,-0.108018,0.046675,-10.439075,2.779063,1.967754,-0.653214,0.261863,0.654081,0.277331,
759,2702038386,9.916389,0.033340,0.124789,-8.287208,1.965935,0.608872,-0.652948,0.262386,0.653844,0.278022,
760,2702055053,9.932738,0.149210,0.156409,-5.014788,0.660853,-0.256217,-0.652647,0.262568,0.653896,0.278435,
761,2702071720,9.900493,0.289117,0.235587,-3.421268,-0.193517,-0.373702,-0.652321,0.262622,0.654097,0.278674,
762,2702088387,9.899979,0.402776,0.200052,-4.899107,-0.546409,0.288469,-0.651931,0.262894,0.654247,0.278977,
763,2702105054,9.912063,0.432609,0.079883,-9.452383,0.204844,1.496314,-0.651487,0.263682,0.654095,0.279628,
764,2702121721,9.977592,0.311411,-0.114486,-13.463708,0.450035,2.844119,-0.650967,0.264967,0.653702,0.280541,
765,2702138388,10.061095,0.163284,-0.103690,-12.001566,0.748231,3.960679,-0.650575,0.266208,0.653297,0.281220,
766,2702155055,10.038095,0.403941,-0.171430,-9.728822,2.031683,5.334021,-0.650448,0.267311,0.652807,0.281603,
767,2702171722,10.027699,0.334067,-0.069892,-10.481787,2.685820,7.173066,-0.650428,0.268633,0.652153,0.281907,
768,2702188389,9.972159,0.248104,0.160459,-10.620224,3.226249,8.519783,-0.650507,0.270072,0.651387,0.282118,
769,2702205056,9.869557,0.256001,0.177791,-12.836994,3.584610,9.180002,-0.650559,0.271768,0.650469,0.282489,
770,2702221723,9.997375,0.198061,-0.000068,-15.317297,3.845348,9.813128,-0.650559,0.273746,0.649397,0.283045,
771,2702238390,10.055612,0.148364,0.030645,-15.906480,4.873329,11.548519,-0.650701,0.275901,0.648130,0.283531,
772,2702255057,10.074762,0.554596,-0.049859,-15.654816,5.450974,14.283977,-0.651016,0.278263,0.646704,0.283756,
773,2702271724,9.957990,0.533695,-0.212529,-17.630846,5.406487,16.818991,-0.651345,0.281051,0.645091,0.283922,
774,2702288391,10.073397,-0.123629,-0.026387,-10.987894,4.730245,19.430527,-0.651984,0.283480,0.643705,0.283187,
775,2702305058,9.999236,0.190768,0.069846,-6.389357,5.737032,22.197002,-0.653015,0.285687,0.642292,0.281798,
776,2702321725,9.939482,0.339755,0.274275,-10.845022,6.085959,24.699080,-0.653988,0.288533,0.640552,0.280599,
777,2702338392,10.106531,0.474914,0.287440,-17.927176,6.848847,30.193428,-0.654947,0.292529,0.638209,0.279564,
778,2702355059,10.083321,0.865291,0.111445,-26.019726,6.138415,36.378876,-0.655727,0.297890,0.635320,0.278652,
779,2702371726,10.285909,-0.272234,0.054470,-31.052349,4.309567,43.701458,-0.656386,0.304467,0.632055,0.277415,
780,2702388393,10.208464,0.068820,-0.213782,-26.377962,5.046637,50.372223,-0.657551,0.311164,0.628574,0.275126,
781,2702405060,9.380309,0.226818,0.448662,-24.218212,4.250481,49.919662,-0.658681,0.317625,0.625237,0.272630,
782,2702421727,9.223720,-1.804290,0.310591,-20.833138,2.665136,48.509331,-0.659730,0.323678,0.622216,0.269873,
783,2702438394,9.724971,-1.774410,-0.019081,-8.202727,2.137647,48.130573,-0.661277,0.328489,0.619727,0.265971,
784,2702455061,9.946259,-0.577027,0.558021,-5.065042,1.607536,47.422417,-0.662868,0.332940,0.617418,0.261817,
785,2702471728,9.919018,-0.701649,0.726199,-10.686521,-0.560449,49.495430,-0.664039,0.338185,0.614973,0.257851,
786,2702488395,9.726007,-1.418015,0.124236,-8.980113,-3.082517,50.679462,-0.665078,0.343448,0.612746,0.253480,
787,2702505062,9.620279,-2.178119,-0.225363,-7.909660,-4.918274,50.800739,-0.665976,0.348668,0.610698,0.248897,
788,2702521729,9.726092,-1.723876,0.469081,-3.954955,-7.771703,48.863003,-0.666717,0.353418,0.609136,0.243994,
789,2702538396,9.669770,-2.228135,0.143713,-3.662378,-9.906268,47.878651,-0.667217,0.358111,0.607812,0.239038,
790,2702555063,9.852945,-2.247740,-0.117132,-0.512284,-10.924750,46.736950,-0.667718,0.362415,0.606726,0.233850,
791,2702571730,9.596616,-2.235868,0.203399,-0.789479,-9.496785,44.903759,-0.668240,0.366521,0.605562,0.228928,
792,2702588397,9.676092,-2.364318,-0.316279,-1.474662,-7.484455,43.831223,-0.668838,0.370516,0.604211,0.224269,
793,2702605064,9.520570,-2.392801,-0.283207,-5.641515,-5.007597,42.399994,-0.669358,0.374696,0.602538,0.220241,
794,2702621731,9.529262,-2.977196,-0.634189,-7.986077,-4.460314,41.542435,-0.669745,0.378998,0.600762,0.216524,
795,2702638398,9.548157,-2.410647,-0.153519,-0.407526,-2.754149,39.678600,-0.670619,0.382333,0.599140,0.212412,
796,2702655065,9.567354,-2.770268,-0.267711,1.774117,-1.492793,37.713245,-0.671643,0.385233,0.597554,0.208366,
797,2702671732,9.871313,-2.622140,-0.228600,-3.057684,-1.054608,36.094692,-0.672367,0.388441,0.595853,0.204917,
798,2702688399,9.556733,-2.727235,-0.198378,-6.902925,-0.163371,36.221226,-0.672938,0.391999,0.593927,0.201833,
799,2702705066,9.360264,-2.773233,-0.382412,-7.282467,2.994900,36.288609,-0.673744,0.395498,0.591662,0.198951,
800,2702721733,9.233071,-2.874296,-0.496763,-4.276868,3.995850,36.648029,-0.674801,0.398693,0.589351,0.195827,
801,2702738400,9.269229,-3.281299,0.126577,-1.903570,4.495876,36.239914,-0.676010,0.401595,0.587066,0.192564,
802,2702755067,9.676178,-3.176782,-0.307284,2.256407,4.074200,37.235653,-0.677435,0.404175,0.584865,0.188818,
803,2702771734,9.586803,-2.890284,-0.265621,7.537124,1.610055,39.410210,-0.679002,0.406475,0.582905,0.184257,
804,2702788401,9.693628,-2.982711,-0.179367,7.053300,0.607761,41.531052,-0.680488,0.409016,0.580887,0.179463,
805,2702805068,9.331318,-3.573826,-0.321677,0.453674,0.882664,42.767288,-0.681613,0.412293,0.578574,0.175114,
806,2702821735,8.947364,-3.643807,-0.153637,-0.569617,1.403860,42.636009,-0.682692,0.415632,0.576172,0.170889,
807,2702838402,8.868011,-3.734847,-0.270199,-1.401753,0.672984,41.915768,-0.683617,0.418997,0.573844,0.166755,
808,2702855069,8.888783,-3.948634,-0.094814,-2.275805,-0.615848,41.940369,-0.684359,0.422467,0.571602,0.162607,
809,2702871736,8.819276,-4.369867,0.122282,-3.558214,-3.470990,41.053532,-0.684739,0.426044,0.569649,0.158474,
810,2702888403,8.901205,-4.304967,0.289475,-4.946274,-5.592474,38.736031,-0.684782,0.429603,0.568001,0.154550,
811,2702905070,8.833052,-4.458899,0.063624,-5.971158,-7.156827,37.033588,-0.684573,0.433145,0.566574,0.150777,
812,2702921737,9.033086,-4.253720,0.132780,-4.702974,-8.902913,34.951248,-0.684236,0.436416,0.565465,0.146993,
813,2702938404,8.915773,-4.394870,-0.036193,-7.463536,-9.907460,33.955559,-0.683602,0.439889,0.564444,0.143468,
814,2702955071,8.902055,-4.564930,-0.077419,-10.301701,-9.436167,31.624250,-0.682760,0.443433,0.563454,0.140434,
815,2702971738,8.926361,-4.559022,-0.411591,-9.676486,-7.349514,29.034039,-0.682061,0.446651,0.562423,0.137737,
816,2702988405,9.018658,-4.275038,-0.977178,-11.082508,-5.212994,27.535101,-0.681404,0.449834,0.561239,0.135440,
817,2703005072,8.902560,-4.753443,-0.562970,-8.500160,-2.345118,26.203075,-0.681113,0.452590,0.559900,0.133250,
818,2703021739,8.884683,-4.778553,-0.508242,-7.346521,0.378755,24.197340,-0.681072,0.455009,0.558438,0.131343,
819,2703038406,8.672465,-4.947484,-0.331903,-5.753725,2.508430,22.889469,-0.681277,0.457118,0.556876,0.129574,
820,2703055073,8.923182,-4.760434,-0.429313,-3.007396,4.494018,19.782337,-0.681760,0.458663,0.555371,0.128023,
821,2703071740,8.855104,-4.826826,-0.470633,-4.874515,6.575732,18.827484,-0.682266,0.460273,0.553684,0.126854,
822,2703088407,8.691030,-4.781626,-0.713725,-9.156979,7.392638,18.249331,-0.682534,0.462243,0.551872,0.126142,
823,2703105074,8.839387,-5.091660,-0.148998,-4.069338,7.682967,16.497782,-0.683130,0.463559,0.550239,0.125214,
824,2703121741,8.723313,-4.942448,-0.146740,0.419953,7.817866,14.868896,-0.684008,0.464294,0.548780,0.124096,
825,2703138408,8.620946,-4.829027,-0.677311,-1.885032,6.281693,14.088040,-0.684590,0.465221,0.547484,0.123137,
826,2703155075,8.666207,-5.120065,0.117893,3.381437,6.124200,13.926732,-0.685509,0.465613,0.546307,0.121763,
827,2703171742,8.678741,-4.910706,-0.121974,4.518396,4.339082,12.827225,-0.686342,0.465833,0.545400,0.120287,
828,2703188409,8.570711,-4.857138,0.007825,0.680242,4.095646,12.446863,-0.686886,0.466409,0.544474,0.119137,
829,2703205076,8.570269,-5.290284,-0.049364,-1.690810,4.339569,11.786119,-0.687275,0.467164,0.543527,0.118257,
830,2703221743,8.477829,-5.070154,-0.318762,-2.167873,5.553624,10.797674,-0.687710,0.467867,0.542514,0.117595,
831,2703238410,8.487550,-4.958491,-0.647068,-3.486915,6.508979,11.174924,-0.688135,0.468713,0.541358,0.117065,
832,2703255077,8.703967,-5.160572,-0.643069,-3.760165,7.209603,11.799081,-0.688605,0.469623,0.540083,0.116541,
833,2703271744,8.434615,-5.247491,-0.478009,-4.498414,9.335779,10.631617,-0.689171,0.470479,0.538659,0.116337,
834,2703288411,8.533602,-5.511798,-0.132805,0.795922,10.773650,8.863865,-0.690179,0.470639,0.537302,0.115993,
835,2703305078,8.486673,-5.132632,-0.354234,1.237293,9.987043,7.320555,-0.691128,0.470646,0.536134,0.115715,
836,2703321745,8.386643,-5.187733,-0.060876,-4.186500,8.869471,7.880653,-0.691626,0.471260,0.534948,0.115727,
837,2703338412,8.419262,-5.192527,0.050671,-5.354695,8.535583,6.489998,-0.691994,0.471887,0.533871,0.115948,
838,2703355079,8.449346,-5.339233,-0.063736,-3.356213,7.779508,5.440427,-0.692421,0.472245,0.532975,0.116066,
839,2703371746,8.410216,-5.389195,-0.150772,-1.753279,5.839844,4.301776,-0.692788,0.472384,0.532379,0.116042,
840,2703388413,8.290714,-5.419671,0.200865,-1.540130,4.619897,3.664262,-0.693064,0.472474,0.531952,0.115981,
841,2703405080,8.498755,-5.343208,0.109395,0.464890,3.063246,1.740095,-0.693326,0.472238,0.531850,0.115852,
842,2703421747,8.541651,-5.196289,0.169813,-0.344107,3.963201,-0.268383,-0.693567,0.471914,0.531779,0.116050,
843,2703438414,8.377996,-5.121421,-0.429783,-5.075580,4.820279,-1.472615,-0.693530,0.471959,0.531625,0.116794,
844,2703455081,8.450062,-5.506979,-0.241967,-4.075621,4.749485,-1.730023,-0.693550,0.471884,0.531513,0.117483,
845,2703471748,8.512940,-5.442708,0.235854,4.458294,5.010530,-3.636825,-0.694144,0.470796,0.531650,0.117721,
846,2703488415,8.467168,-5.285445,0.034697,5.110049,4.603814,-5.870689,-0.694711,0.469476,0.531991,0.118105,
847,2703505082,8.474880,-5.284668,-0.016452,6.603372,4.449651,-7.727342,-0.695335,0.467862,0.532499,0.118552,
848,2703521749,8.523154,-5.216890,-0.144360,7.193196,3.637114,-9.016097,-0.695910,0.466101,0.533185,0.119028,
849,2703538416,8.431830,-5.142232,0.275617,3.876887,3.665748,-9.150511,-0.696258,0.464663,0.533818,0.119776,
850,2703555083,8.492490,-5.230063,0.178500,0.972752,4.010726,-10.767289,-0.696406,0.463386,0.534473,0.120936,
851,2703571750,8.562328,-5.197695,-0.036455,1.603555,4.226182,-13.292667,-0.696566,0.461843,0.535285,0.122317,
852,2703588417,8.521745,-5.339756,-0.204523,4.767072,4.348291,-15.510747,-0.696905,0.459802,0.536287,0.123683,
853,2703605084,8.632591,-5.255571,-0.067234,7.890580,4.275943,-17.515667,-0.697404,0.457286,0.537481,0.125003,
854,2703621751,8.526882,-5.013678,0.038946,5.656861,4.918920,-19.064753,-0.697771,0.454859,0.538667,0.126696,
855,2703638418,8.693131,-5.002891,0.041265,3.762569,5.214672,-21.083385,-0.697990,0.452455,0.539917,0.128762,
856,2703655085,8.751505,-4.936333,0.100847,5.223202,5.761545,-23.852634,-0.698287,0.449670,0.541313,0.131027,
857,2703671752,8.731677,-4.871728,-0.025431,5.564112,6.204085,-26.734264,-0.698575,0.446607,0.542850,0.133585,
858,2703688419,8.625236,-5.098889,0.033564,8.298012,6.741163,-28.783535,-0.699028,0.443085,0.544508,0.136168,
859,2703705086,8.754746,-4.813997,0.083067,9.943692,6.460068,-32.290257,-0.699479,0.439112,0.546439,0.138955,
860,2703721753,8.748972,-4.870210,0.019987,8.908454,5.601351,-34.900520,-0.699722,0.435043,0.548588,0.142031,
861,2703738420,8.799706,-4.971426,-0.042325,12.313871,4.827235,-38.836628,-0.700014,0.430313,0.551116,0.145182,
862,2703755087,8.808700,-4.771978,-0.169310,18.402298,3.833847,-43.015144,-0.700488,0.424630,0.554110,0.148202,
863,2703771754,8.940199,-4.676542,0.096242,24.223515,2.960735,-46.050617,-0.701145,0.418105,0.557475,0.150999,
864,2703788421,8.905867,-4.345788,0.613739,28.673025,1.558979,-48.664211,-0.701855,0.410916,0.561202,0.153607,
865,2703805088,8.946460,-3.787623,0.884482,26.825594,-1.368241,-51.071922,-0.702109,0.403754,0.565289,0.156425,
866,2703821755,9.112285,-3.578636,0.714375,15.998487,-4.341900,-53.085945,-0.701386,0.397571,0.569510,0.160152,
867,2703838422,9.105578,-3.724698,0.415741,8.056442,-5.692511,-54.598248,-0.700007,0.392076,0.573732,0.164603,
868,2703855089,9.170094,-3.606834,0.303648,6.928448,-6.439567,-56.116371,-0.698414,0.386558,0.578048,0.169248,
869,2703871756,9.259610,-3.644822,0.229656,8.839723,-6.668322,-57.787594,-0.696817,0.380683,0.582485,0.173877,
870,2703888423,9.398936,-3.698316,0.079598,18.832081,-7.282790,-59.415791,-0.695621,0.373641,0.587278,0.177775,
871,2703905090,9.395142,-3.528224,-0.053419,33.800362,-8.214577,-59.125629,-0.695099,0.365097,0.592478,0.180296,
872,2703921757,9.362556,-2.688708,0.429520,41.066956,-8.960959,-58.456032,-0.694838,0.355854,0.597843,0.182064,
873,2703938424,9.378693,-1.902533,0.761711,34.631916,-7.525268,-56.109814,-0.694354,0.347390,0.602706,0.184210,
874,2703955091,9.531472,-1.826555,0.309164,16.496332,-7.275280,-53.266125,-0.692993,0.340970,0.606862,0.187655,
875,2703971758,9.609502,-1.715962,0.085028,8.867910,-6.943194,-50.416420,-0.691315,0.335537,0.610595,0.191489,
876,2703988425,9.648540,-1.381238,0.216091,6.724690,-5.692611,-47.842987,-0.689674,0.330495,0.613982,0.195306,
877,2704005092,9.548533,-1.502596,0.510879,4.437416,-3.244348,-46.808834,-0.688136,0.325687,0.616977,0.199330,
878,2704021759,9.551045,-2.138412,0.427646,-2.616563,-3.330113,-47.143906,-0.686211,0.321541,0.619760,0.204007,
879,2704038426,9.783158,-2.193112,-0.084066,-3.717969,-3.143293,-48.213287,-0.684184,0.317386,0.622510,0.208887,
880,2704055093,9.929052,-2.039396,-0.067576,-3.586898,-1.671525,-49.761814,-0.682214,0.313016,0.625155,0.213967,
881,2704071760,9.879126,-1.628769,0.030073,1.224676,-0.412074,-51.128422,-0.680495,0.307988,0.627851,0.218789,
882,2704088427,9.715281,-1.901546,-0.195705,3.556222,0.498217,-51.731152,-0.678903,0.302627,0.630521,0.223486,
883,2704105094,9.795295,-1.332480,-0.410365,12.582314,1.217762,-53.003426,-0.677690,0.296215,0.633429,0.227499,
884,2704121761,9.766912,-0.687716,-0.046548,12.041841,2.016823,-53.100483,-0.676479,0.289801,0.636202,0.231590,
885,2704138428,9.741098,-0.246259,0.221346,6.428127,3.763714,-52.113976,-0.675182,0.283953,0.638532,0.236162,
886,2704155095,9.793819,-0.231625,-0.139813,-3.561054,3.171462,-49.139435,-0.673480,0.279366,0.640417,0.241331,
887,2704171762,9.589563,0.401475,0.395192,-8.619355,1.169747,-46.315231,-0.671450,0.275593,0.642173,0.246602,
888,2704188429,9.836546,-0.546903,0.514198,-14.806562,-1.138582,-42.668179,-0.669057,0.272836,0.643755,0.251990,
889,2704205096,9.776229,-0.715932,0.846709,-3.854260,-3.500444,-40.407066,-0.666931,0.269298,0.645853,0.256028,
890,2704221763,9.932874,-0.171261,1.262388,10.028265,-5.588632,-37.670212,-0.665231,0.264739,0.648539,0.258405,
891,2704238430,10.066800,0.211623,1.062928,16.057751,-8.094858,-33.372601,-0.663665,0.260087,0.651505,0.259692,
892,2704255097,10.089693,0.424183,0.566002,13.378301,-8.292720,-29.422750,-0.662108,0.256068,0.654219,0.260836,
893,2704271764,9.998252,0.351274,-0.135350,3.779131,-8.442198,-26.532841,-0.660273,0.253247,0.656460,0.262604,
894,2704288431,9.934339,0.152220,-0.576171,0.854333,-8.276854,-24.598713,-0.658408,0.250881,0.658491,0.264466,
895,2704305098,10.159336,-0.283469,-0.948270,5.512255,-7.694315,-23.484640,-0.656801,0.248149,0.660594,0.265793,
896,2704321765,10.125238,-0.174888,-0.855263,18.955357,-5.937221,-21.797165,-0.655901,0.244223,0.662974,0.265724,
897,2704338432,10.142701,0.711920,-0.489608,27.118134,-4.595013,-17.949450,-0.655553,0.239831,0.665390,0.264543,
898,2704355099,10.158307,1.687443,-0.074903,22.460627,-2.188239,-10.419744,-0.655551,0.236515,0.667120,0.263173,
899,2704371766,10.166666,2.332495,0.099157,10.212817,1.168497,-0.696128,-0.655820,0.235179,0.667720,0.262177,
900,2704388433,10.092842,2.221233,0.148016,-7.155833,3.844026,8.805745,-0.656115,0.236320,0.667075,0.262053,
901,2704405100,10.025768,0.975250,0.064419,-22.967354,4.763315,14.785067,-0.656179,0.239513,0.665530,0.262921,
902,2704421767,9.818243,-0.078562,-0.161763,-25.870651,5.377935,15.201781,-0.656207,0.242996,0.663791,0.264049,
903,2704438434,9.763768,-0.603561,-0.428586,-17.342054,5.386187,12.129125,-0.656410,0.245364,0.662481,0.264644,
904,2704455101,9.829951,-0.426591,-0.271182,-3.903825,4.592904,8.537735,-0.656875,0.246132,0.661889,0.264258,
905,2704471768,9.872902,-0.323199,0.041462,2.236495,3.281288,4.742466,-0.657287,0.245999,0.661794,0.263596,
906,2704488435,9.852485,0.118057,0.286654,1.882476,2.047217,2.004751,-0.657462,0.245684,0.661900,0.263186,
907,2704505102,9.814921,0.348474,0.414192,-1.988711,0.984917,0.209493,-0.657328,0.245607,0.662024,0.263281,
908,2704521769,9.972259,0.353332,0.362258,-5.691103,-0.549123,-0.271213,-0.656895,0.245896,0.662170,0.263725,
909,2704538436,9.979696,0.276350,0.237595,-8.375394,-1.689491,-0.539954,-0.656246,0.246459,0.662329,0.264411,
910,2704555103,9.848639,0.295594,0.085316,-10.367039,-1.725836,-1.087016,-0.655500,0.247161,0.662435,0.265340,
911,2704571770,9.950064,0.080503,-0.262019,-10.158448,-1.121376,-1.631517,-0.654798,0.247767,0.662510,0.266322,
912,2704588437,10.035601,0.001442,-0.366901,-5.426000,-0.892218,-1.925153,-0.654276,0.247884,0.662756,0.266884,
913,2704605104,9.915835,0.103865,-0.393152,1.460968,0.559977,-2.567276,-0.654117,0.247228,0.663153,0.266895,
914,2704621771,9.932368,0.239709,-0.247626,1.147968,0.876806,-3.305281,-0.653948,0.246518,0.663534,0.267018,
915,2704638438,9.935187,0.400672,0.001181,3.540591,1.017996,-3.088533,-0.653886,0.245595,0.663987,0.266894,
916,2704655105,9.953938,0.661350,0.196392,-0.496566,0.451315,-2.360531,-0.653653,0.245149,0.664310,0.267070,
917,2704671772,9.963334,0.534529,0.130432,-4.825099,-0.067566,-1.237132,-0.653260,0.245243,0.664474,0.267539,
918,2704688439,9.906260,0.473546,0.027790,-7.843352,-0.300130,-0.872740,-0.652750,0.245667,0.664529,0.268256,
919,2704705106,9.903480,0.341736,-0.152900,-9.116970,-0.051699,-0.638128,-0.652226,0.246225,0.664503,0.269083,
920,2704721773,9.936886,0.371820,-0.184472,-8.330688,0.262908,-0.447761,-0.651768,0.246714,0.664469,0.269827,
921,2704738440,9.976936,0.262103,-0.240294,-7.053034,0.465914,-0.291063,-0.651381,0.247089,0.664460,0.270440,
922,2704755107,9.968966,0.388577,-0.218897,-5.113640,0.601636,-0.088364,-0.651085,0.247295,0.664507,0.270851,
923,2704771774,9.931757,0.401704,-0.032415,-4.635438,1.089891,0.471664,-0.650875,0.247490,0.664506,0.271180,
924,2704788441,9.909983,0.533430,0.036474,-5.000329,1.295702,0.999094,-0.650692,0.247762,0.664452,0.271501,
925,2704805108,9.907477,0.626342,0.012715,-15.888453,2.393899,2.637336,-0.650286,0.249180,0.663804,0.272759,
926,2704821775,9.917458,0.567083,-0.041236,-15.934558,2.305856,3.361933,-0.649896,0.250674,0.663133,0.273949,
927,2704838442,9.987077,0.432294,-0.092602,-16.891911,1.692021,4.173587,-0.649441,0.252359,0.662450,0.275130,
928,2704855109,9.938042,0.286744,-0.170833,-14.279014,0.882294,4.542543,-0.649017,0.253866,0.661931,0.275994,
929,2704871776,9.943740,0.304828,-0.199233,-9.031105,0.290967,4.699119,-0.648733,0.254915,0.661671,0.276316,
930,2704888443,9.920026,0.453105,-0.038228,-6.384978,0.092532,4.925970,-0.648538,0.255743,0.661527,0.276353,
931,2704905110,9.941356,0.585361,0.081159,-11.341245,0.248232,5.542713,-0.648196,0.257093,0.661146,0.276815,
932,2704921777,10.017253,0.227197,-0.020686,-11.703718,0.332613,6.519032,-0.647887,0.258565,0.660703,0.277222,
933,2704938444,9.983497,0.109754,-0.218783,-6.761473,0.800288,6.623158,-0.647812,0.259564,0.660411,0.277162,
934,2704955111,9.995955,0.564138,-0.001122,-3.768987,0.883222,7.639124,-0.647899,0.260373,0.660192,0.276720,
935,2704971778,9.995895,0.532498,-0.009923,-7.174723,0.178437,9.981742,-0.647882,0.261757,0.659813,0.276359,
936,2704988445,9.935568,0.331022,0.025588,-10.949016,0.734976,11.734948,-0.647843,0.263642,0.659161,0.276214,
937,2705005112,9.972811,0.248919,-0.030829,-12.441879,1.098446,12.176270,-0.647796,0.265694,0.658395,0.276184,
938,2705021779,9.890111,0.021833,-0.243199,-11.605572,1.264622,11.823567,-0.647781,0.267625,0.657658,0.276112,
939,2705038446,9.921997,0.102768,-0.203527,-8.379739,2.242810,11.263647,-0.647959,0.269158,0.656978,0.275822,
940,2705055113,9.988069,0.386107,-0.183616,-9.137364,3.351150,12.356199,-0.648256,0.270822,0.656118,0.275544,
941,2705071780,9.940247,0.404639,0.100531,-14.102576,3.791933,14.329421,-0.648475,0.273124,0.654935,0.275569,
942,2705088447,9.928560,0.255822,0.087914,-16.318125,4.198345,16.113537,-0.648711,0.275786,0.653550,0.275651,
943,2705105114,9.995415,0.243866,-0.112208,-21.186987,4.877716,18.543781,-0.648906,0.279107,0.651801,0.275990,
944,2705121781,10.075487,0.009080,0.046406,-23.287077,6.583930,21.869005,-0.649301,0.282869,0.649660,0.276280,
945,2705138448,10.092211,0.294143,-0.287910,-25.007221,8.934976,26.045868,-0.650000,0.287089,0.647041,0.276428,
946,2705155115,10.260251,0.273395,-0.156879,-24.853025,10.752206,31.939894,-0.651096,0.291766,0.643992,0.276072,
947,2705171782,10.300139,-0.056703,-0.130256,-19.430708,9.638299,38.846466,-0.652572,0.296612,0.640950,0.274497,
948,2705188449,9.820659,0.085225,0.197706,-15.572215,8.343675,43.172535,-0.654241,0.301535,0.637973,0.272085,
949,2705205116,9.757195,-0.677161,0.111746,-13.853142,7.357905,46.048424,-0.655978,0.306586,0.635006,0.269186,
950,2705221783,9.946387,0.104937,-0.046265,-11.054742,6.258460,47.782932,-0.657775,0.311559,0.632145,0.265802,
951,2705238450,10.095148,-0.376660,0.094460,-11.212185,5.145316,51.624706,-0.659577,0.316927,0.629179,0.262000,
952,2705255117,9.782905,-0.888602,0.242979,-13.410736,3.854861,53.770657,-0.661205,0.322734,0.626116,0.258118,
953,2705271784,9.365044,-1.263934,0.137839,-15.148820,3.278055,50.872929,-0.662550,0.328446,0.623144,0.254632,
954,2705288451,9.619027,-1.556092,-0.401576,-18.667910,2.678376,47.282215,-0.663506,0.334177,0.620237,0.251768,
955,2705305118,9.914662,-2.116083,0.010015,-19.767620,3.120160,45.642834,-0.664354,0.339834,0.617297,0.249171,
956,2705321785,9.998282,-1.786788,0.002266,-13.256201,3.587439,45.719013,-0.665539,0.344836,0.614515,0.245992,
957,2705338452,9.672825,-1.627675,0.111263,-12.295315,4.067065,44.479404,-0.666743,0.349602,0.611756,0.242862,
958,2705355119,9.827150,-2.194692,-0.611004,-14.986941,3.225746,45.257183,-0.667732,0.354713,0.608919,0.239843,
959,2705371786,9.704519,-1.205274,-0.165770,-11.489293,4.279064,45.578529,-0.668979,0.359461,0.606058,0.236526,
960,2705388453,9.418544,-1.440858,0.680348,-12.552340,6.498791,44.202705,-0.670288,0.364099,0.602991,0.233543,
961,2705405120,9.685085,-2.627662,-0.243699,-19.068096,5.232331,46.741631,-0.671198,0.369621,0.599664,0.230807,
962,2705421787,9.605189,-2.351764,0.278411,-17.723724,6.250137,46.852047,-0.672239,0.374970,0.596247,0.227985,
963,2705438454,9.452830,-2.041565,0.312071,-22.719139,10.439995,45.168003,-0.673281,0.380502,0.592317,0.225979,
964,2705455121,9.720140,-2.553975,-0.696203,-29.207542,10.023527,45.618961,-0.673906,0.386702,0.588157,0.224452,
965,2705471788,9.694160,-2.304875,-0.014312,-22.293419,10.518527,46.502773,-0.674954,0.392262,0.584091,0.222262,
966,2705488455,9.451146,-3.007936,0.113037,-22.854361,11.698671,46.382969,-0.676029,0.397808,0.579867,0.220187,
967,2705505122,9.252312,-2.834398,-0.392517,-23.129303,10.693665,44.980476,-0.676923,0.403274,0.575784,0.218204,
968,2705521789,9.316003,-2.903674,0.225331,-13.059973,9.380457,42.546558,-0.678190,0.407568,0.572266,0.215530,
969,2705538456,9.589982,-2.792984,0.716263,-4.475718,9.440557,39.440300,-0.679849,0.410740,0.569175,0.212444,
970,2705555123,9.514126,-3.433070,-0.289708,-6.362162,5.864806,36.661770,-0.680994,0.413967,0.566528,0.209569,
971,2705571790,9.255845,-4.332086,0.221809,-7.474961,3.176534,36.060436,-0.681814,0.417326,0.564134,0.206677,
972,2705588457,8.932153,-3.658082,0.780599,-8.590750,3.507090,32.412300,-0.682469,0.420477,0.561882,0.204253,
973,2705605124,9.092747,-3.769531,0.526804,-7.377567,3.132320,27.783243,-0.683016,0.423132,0.559977,0.202164,
974,2705621791,9.269971,-3.826065,0.274566,-3.040669,0.699926,24.875998,-0.683537,0.425185,0.558612,0.199858,
975,2705638458,9.216548,-3.975062,0.327720,1.483958,-1.696396,21.500122,-0.684038,0.426579,0.557819,0.197369,
976,2705655125,9.142667,-4.139684,0.295663,7.402613,-4.659713,18.695538,-0.684580,0.427239,0.557660,0.194493,
977,2705671792,9.024115,-4.063000,-0.173277,7.420195,-8.155606,17.051390,-0.684786,0.427858,0.557947,0.191561,
978,2705688459,9.193546,-4.009686,-0.108471,12.733334,-11.040401,15.132749,-0.685028,0.427869,0.558783,0.188207,
979,2705705126,9.192995,-3.718229,0.449191,15.135235,-12.731215,12.723218,-0.685208,0.427485,0.559995,0.184791,
980,2705721793,8.993382,-4.026869,0.473612,7.773612,-14.210983,12.000406,-0.684781,0.427811,0.561196,0.181952,
981,2705738460,9.086711,-3.307796,0.233481,-3.435076,-10.886519,9.092918,-0.683847,0.428924,0.561946,0.180523,
982,2705755127,9.459854,-3.681227,-0.666953,-9.049767,-9.255629,7.507530,-0.682651,0.430422,0.562483,0.179812,
983,2705771794,9.418627,-4.413966,-0.655547,-6.938906,-6.404394,6.531722,-0.681794,0.431555,0.562850,0.179202,
984,2705788461,8.979953,-4.217243,-0.652697,-1.546085,-1.568074,5.487207,-0.681642,0.431941,0.562942,0.178557,
985,2705805128,9.256907,-3.536280,-0.282421,1.563790,2.319160,4.879098,-0.681987,0.431867,0.562769,0.177962,
986,2705821795,9.207704,-3.690122,-0.287582,0.747782,4.571195,5.565198,-0.682483,0.431871,0.562308,0.177508,
987,2705838462,9.335322,-3.816609,0.075336,1.064611,4.349146,5.376407,-0.682975,0.431834,0.561889,0.177033,
988,2705855129,9.126553,-3.971954,0.399935,-2.361555,3.571697,4.298432,-0.683160,0.432070,0.561526,0.176895,
989,2705871796,9.138706,-3.850202,0.577067,-1.948410,3.156170,3.036047,-0.683305,0.432172,0.561294,0.176823,
990,2705888463,8.994607,-3.985348,0.003449,-5.130916,1.882233,2.853223,-0.683141,0.432607,0.561119,0.176949,
991,2705905130,9.147131,-3.656216,-0.018466,-5.968170,0.681289,2.946110,-0.682828,0.433165,0.561035,0.177060,
992,2705921797,9.375494,-3.700075,0.226759,-2.699911,0.443567,2.414810,-0.682687,0.433360,0.561092,0.176940,
993,2705938464,9.057893,-4.004661,-0.541292,-4.843093,-0.524920,3.285348,-0.682356,0.433864,0.561135,0.176848,
994,2705955131,9.205181,-4.019014,-0.037968,-1.026339,0.000224,3.539720,-0.682314,0.433996,0.561208,0.176453,
995,2705971798,9.309800,-3.971666,-0.087701,-1.633796,1.984107,2.627114,-0.682373,0.434063,0.561126,0.176322,
996,2705988465,9.111428,-3.860730,-0.429399,-4.290012,4.665744,3.402539,-0.682502,0.434389,0.560660,0.176501,
997,2706005132,9.238338,-3.792917,-0.508465,-6.560760,6.298568,4.272706,-0.682643,0.434968,0.559920,0.176881,
998,2706021799,9.283191,-3.782803,0.060679,-2.371135,7.192553,5.467525,-0.683151,0.435206,0.559121,0.176859,
999,2706038466,9.297523,-3.707184,0.047573,-2.290916,7.172974,5.327232,-0.683659,0.435424,0.558335,0.176842,
1000,2706055133,9.104730,-3.975994,-0.017671,-2.537041,6.931189,5.065650,-0.684124,0.435651,0.557583,0.176856,
1001,2706071800,9.022746,-4.126897,-0.198719,-5.498766,5.643600,4.125676,-0.684272,0.436130,0.556943,0.177122,
1002,2706088467,9.090887,-4.060113,0.359155,-4.374880,5.031686,4.225642,-0.684444,0.436520,0.556385,0.177248,
1003,2706105134,9.099861,-3.953633,0.222697,-7.261138,4.602469,3.282543,-0.684374,0.437132,0.555856,0.177674,
1004,2706121801,9.068587,-4.077776,0.004557,-5.769159,4.490810,3.125025,-0.684385,0.437585,0.555385,0.177988,
1005,2706138468,9.113360,-4.074995,-0.338448,-5.754598,3.586822,2.622325,-0.684310,0.438019,0.555037,0.178293,
1006,2706155135,9.147102,-3.953912,0.060802,-3.291258,2.967801,2.622235,-0.684342,0.438224,0.554814,0.178359,
1007,2706171802,9.167050,-3.900967,0.344460,0.452115,3.024514,2.078253,-0.684604,0.438011,0.554717,0.178182,
1008,2706188469,9.199168,-3.970212,-0.159847,-3.883244,2.596865,1.485748,-0.684539,0.438193,0.554588,0.178386,
1009,2706205136,8.911515,-4.144469,-0.308359,-7.525102,2.709241,2.790984,-0.684284,0.438840,0.554269,0.178761,
1010,2706221803,9.107730,-3.967443,0.186953,-5.090716,3.748745,2.419382,-0.684259,0.439187,0.553934,0.179043,
1011,2706238470,9.229432,-3.892227,0.071633,-2.571285,4.020663,2.361920,-0.684415,0.439272,0.553642,0.179145,
1012,2706255137,9.056422,-3.877309,-0.077165,-4.423520,3.715744,3.965621,-0.684470,0.439678,0.553228,0.179216,
1013,2706271804,9.106220,-3.758686,-0.196912,-5.356385,3.845459,4.161264,-0.684480,0.440189,0.552765,0.179352,
1014,2706288471,9.292282,-3.795206,0.092602,-0.268280,4.674811,3.409544,-0.684862,0.440111,0.552400,0.179207,
1015,2706305138,9.089005,-4.153893,0.287044,0.967936,4.310342,3.390949,-0.685295,0.439918,0.552104,0.178940,
1016,2706321805,8.896163,-4.191105,0.239502,-2.227242,3.708329,2.959285,-0.685463,0.440024,0.551813,0.178935,
1017,2706338472,8.989620,-4.168846,0.260887,0.002286,4.042754,2.340803,-0.685783,0.439850,0.551586,0.178834,
1018,2706355139,9.217619,-3.900618,0.073580,0.784575,3.092843,1.821697,-0.686065,0.439581,0.551507,0.178661,
1019,2706371806,8.986360,-3.857805,0.087715,-1.456313,2.563607,2.019952,-0.686166,0.439564,0.551409,0.178614,
1020,2706388473,9.213530,-3.934851,0.436788,3.307259,3.466877,0.872516,-0.686613,0.438957,0.551419,0.178358,
1021,2706405140,9.096486,-4.190488,-0.006081,-1.339685,3.660946,0.871850,-0.686780,0.438808,0.551288,0.178486,
1022,2706421807,8.948462,-4.115205,-0.160062,-2.733925,4.674376,0.805744,-0.686937,0.438768,0.551024,0.178797,
1023,2706438474,9.189817,-4.203529,0.139211,0.815067,5.620662,0.218342,-0.687380,0.438300,0.550796,0.178943,
1024,2706455141,9.065138,-4.402614,-0.226186,-0.478983,5.369678,-0.646119,-0.687699,0.437900,0.550613,0.179262,
1025,2706471808,8.976504,-4.383933,0.165146,1.729620,6.161667,-0.666276,-0.688220,0.437256,0.550409,0.179457,
1026,2706488475,9.213018,-3.915808,0.675292,6.763900,6.848857,-1.844076,-0.689085,0.435995,0.550343,0.179411,
1027,2706505142,9.163183,-4.006475,0.142749,4.916135,6.075776,-1.386710,-0.689782,0.434975,0.550275,0.179417,
1028,2706521809,9.124271,-3.743353,0.026289,4.364820,5.558462,-1.457465,-0.690400,0.434017,0.550249,0.179441,
1029,2706538476,9.258556,-3.410877,0.217752,-0.077107,5.625580,-1.460398,-0.690741,0.433504,0.550100,0.179826,
1030,2706555143,9.334719,-3.711992,-0.263393,-7.256592,5.648376,-1.683600,-0.690625,0.433692,0.549775,0.180808,
1031,2706571810,9.145551,-4.205695,-0.102482,-7.840524,8.144196,-2.967694,-0.690637,0.433770,0.549263,0.182123,
1032,2706588477,8.996240,-4.299860,-0.144168,-7.329641,10.021505,-4.251928,-0.690796,0.433644,0.548656,0.183645,
1033,2706605144,9.109342,-4.118920,-0.125861,-3.977001,11.072780,-5.822922,-0.691206,0.433026,0.548130,0.185122,
1034,2706621811,9.175559,-4.057376,0.164191,-1.548699,11.304211,-7.593824,-0.691738,0.432015,0.547757,0.186598,
1035,2706638478,9.161084,-4.029772,0.102657,-1.165302,10.436599,-9.405694,-0.692173,0.430844,0.547592,0.188171,
1036,2706655145,9.133900,-4.085568,0.393068,0.512671,9.981462,-11.142212,-0.692626,0.429376,0.547626,0.189755,
1037,2706671812,9.167816,-3.871172,0.615844,0.447666,9.118598,-15.305576,-0.692886,0.427604,0.548002,0.191709,
1038,2706688479,9.216969,-3.702831,0.443769,1.471650,6.870662,-19.863873,-0.692899,0.425424,0.548912,0.193899,
1039,2706705146,9.239573,-3.868851,0.640974,1.352948,4.181773,-21.960238,-0.692622,0.423160,0.550212,0.196142,
1040,2706721813,9.005812,-4.193314,0.843814,-3.590409,3.432666,-23.859457,-0.691919,0.421258,0.551557,0.198922,
1041,2706738480,8.789970,-4.613850,0.236000,-5.716950,3.044264,-27.362957,-0.690941,0.419293,0.553086,0.202199,
1042,2706755147,9.076586,-3.803214,0.097842,-1.884743,1.832486,-31.977007,-0.689950,0.416599,0.555119,0.205553,
1043,2706771814,9.473109,-3.621986,0.108704,3.302190,0.323547,-35.745422,-0.689020,0.413115,0.557672,0.208769,
1044,2706788481,9.361011,-3.803976,0.255217,7.771668,0.218727,-36.697239,-0.688300,0.409096,0.560410,0.211705,
1045,2706805148,9.089911,-3.499022,0.342093,14.916706,0.736556,-39.806683,-0.687926,0.404076,0.563481,0.214393,
1046,2706821815,9.325230,-3.011757,0.283062,16.972832,0.318080,-42.094517,-0.687536,0.398659,0.566767,0.217108,
1047,2706838482,9.462096,-2.804611,0.483651,14.058125,0.814214,-40.210590,-0.687046,0.393655,0.569777,0.219893,
1048,2706855149,9.392395,-2.488199,0.545667,5.123213,1.435196,-38.274200,-0.686132,0.389669,0.572307,0.223252,
1049,2706871816,9.537812,-2.371716,0.519148,-0.412853,1.469485,-38.573555,-0.684873,0.386196,0.574651,0.227097,
1050,2706888483,9.563937,-2.622504,0.422925,0.747645,0.622462,-38.466606,-0.683590,0.382631,0.577092,0.230778,
1051,2706905150,9.630197,-2.483905,0.464987,-0.257601,0.628071,-37.738827,-0.682253,0.379215,0.579439,0.234464,
1052,2706921817,9.622775,-2.411218,0.232524,-4.178171,0.668783,-38.640701,-0.680649,0.376098,0.581678,0.238565,
1053,2706938484,9.603526,-2.341308,0.175358,-2.922260,0.556907,-40.612270,-0.679012,0.372680,0.584059,0.242740,
1054,2706955151,9.581310,-2.414154,0.233479,3.820383,0.281197,-42.585266,-0.677620,0.368423,0.586790,0.246512,
1055,2706971818,9.605574,-2.187118,0.137113,7.495269,-1.108513,-43.613174,-0.676241,0.363750,0.589819,0.249986,
1056,2706988485,9.639925,-2.176692,0.569097,13.801838,-2.159488,-45.469673,-0.675004,0.358319,0.593250,0.253035,
1057,2707005152,9.563584,-2.176932,0.751139,18.108070,-2.617809,-48.033001,-0.673820,0.352240,0.596985,0.255925,
1058,2707021819,9.760421,-2.013247,0.370338,22.160507,-4.269580,-50.357094,-0.672570,0.345601,0.601112,0.258590,
1059,2707038486,9.800939,-1.346484,0.391781,25.834347,-4.698246,-52.763420,-0.671327,0.338382,0.605496,0.261128,
1060,2707055153,9.712344,-1.418353,0.283209,21.970671,-4.958356,-53.280724,-0.669798,0.331479,0.609737,0.264024,
1061,2707071820,9.685681,-1.616032,0.182865,18.782066,-4.678879,-53.840321,-0.668069,0.324800,0.613809,0.267250,
1062,2707088487,9.813661,-0.922343,-0.018821,18.705414,-2.531522,-51.808022,-0.666558,0.318204,0.617529,0.270368,
1063,2707105154,9.837304,-0.182806,0.001571,11.329123,-0.251608,-47.394085,-0.665044,0.312610,0.620496,0.273809,
1064,2707121821,9.776876,0.444599,0.388467,5.115790,1.374418,-41.436195,-0.663599,0.308075,0.622758,0.277296,
1065,2707138488,9.809475,0.286926,0.437616,-1.267092,0.455582,-35.586723,-0.661998,0.304713,0.624568,0.280746,
1066,2707155155,10.014633,-0.013456,0.786238,-0.936045,-1.055669,-30.164841,-0.660479,0.301865,0.626281,0.283570,
1067,2707171822,9.984607,-0.326077,0.879470,2.687271,-1.591641,-24.911236,-0.659276,0.299164,0.627952,0.285530,
1068,2707188489,9.891387,0.238881,0.789408,5.899133,-1.709484,-21.286125,-0.658343,0.296487,0.629602,0.286840,
1069,2707205156,10.036757,0.365668,0.391619,0.053844,-1.729474,-16.415236,-0.657353,0.294812,0.630794,0.288215,
1070,2707221823,10.167535,0.137902,0.009235,-3.423318,0.829564,-11.168180,-0.656665,0.293844,0.631366,0.289516,
1071,2707238490,10.121600,0.006447,-0.090579,1.600839,3.003724,-6.925138,-0.656568,0.292693,0.631759,0.290043,
1072,2707255157,10.101377,-0.241541,-0.045845,4.994574,4.163800,-4.363676,-0.656830,0.291403,0.632075,0.290061,
1073,2707271824,10.002913,-0.234142,0.092168,7.268789,5.079006,-2.400359,-0.657353,0.290038,0.632314,0.289721,
1074,2707288491,9.958432,0.019479,0.181153,8.557942,4.610589,-1.308220,-0.657932,0.288668,0.632605,0.289139,
1075,2707305158,9.923605,0.074879,0.492174,5.677485,4.012211,-0.544411,-0.658365,0.287670,0.632800,0.288722,
1076,2707321825,9.888362,-0.038832,0.531169,0.903943,3.838403,0.109385,-0.658610,0.287195,0.632782,0.288675,
1077,2707338492,9.916138,-0.031584,0.413932,-3.868542,3.400810,0.726485,-0.658641,0.287253,0.632581,0.288989,
1078,2707355159,9.967758,0.009025,0.472958,-4.527928,2.868463,2.020362,-0.658649,0.287515,0.632348,0.289218,
1079,2707371826,9.950553,0.064480,0.481557,-2.740111,2.984244,4.104108,-0.658831,0.287792,0.632093,0.289088,
1080,2707388493,9.994376,0.086479,0.256512,-3.874191,3.400310,6.667365,-0.659111,0.288396,0.631642,0.288833,
1081,2707405160,10.018907,0.076280,0.271700,-4.475527,4.337110,8.688389,-0.659536,0.289205,0.630990,0.288479,
1082,2707421827,9.978587,-0.183477,0.087554,-6.556227,4.529832,9.928415,-0.659942,0.290318,0.630179,0.288205,
1083,2707438494,9.959524,-0.295131,0.161835,-6.628136,5.090982,10.814809,-0.660431,0.291494,0.629273,0.287875,
1084,2707455161,9.897573,-0.273723,0.338774,-6.076131,6.947994,11.023822,-0.661122,0.292559,0.628201,0.287553,
1085,2707471828,9.946440,-0.441542,0.453793,-4.507864,7.116396,10.025258,-0.661850,0.293373,0.627219,0.287190,
1086,2707488495,9.891798,-0.659735,0.481729,-2.899641,6.887764,9.441236,-0.662601,0.293989,0.626350,0.286726,
1087,2707505162,9.778038,-0.484251,0.638622,-0.445290,6.490984,7.936438,-0.663357,0.294246,0.625685,0.286165,
1088,2707521829,9.905590,-0.317844,0.839253,-0.232090,7.397661,6.710344,-0.664152,0.294333,0.624993,0.285742,
1089,2707538496,9.902485,-0.311457,0.549881,-3.171135,6.312309,6.093538,-0.664696,0.294694,0.624309,0.285600,
1090,2707555163,9.887466,-0.326854,0.426473,-5.584224,4.971420,5.677742,-0.664998,0.295304,0.623673,0.285658,
1091,2707571830,9.876101,-0.416472,0.434619,-9.114271,3.195397,5.233567,-0.664968,0.296290,0.623079,0.286003,
1092,2707588497,9.879855,-0.556531,0.356778,-10.582097,2.196578,4.655578,-0.664758,0.297406,0.622545,0.286494,
1093,2707605164,9.867321,-0.618007,0.295052,-7.023643,1.641358,3.790303,-0.664616,0.298123,0.622250,0.286722,
1094,2707621831,9.907370,-0.613073,0.430824,-1.589588,1.594512,3.175610,-0.664679,0.298260,0.622212,0.286515,
1095,2707638498,9.891498,-0.537064,0.533006,1.633111,1.528880,3.025775,-0.664869,0.298075,0.622321,0.286028,
1096,2707655165,9.893514,-0.415637,0.537517,2.616958,1.102979,2.922825,-0.665059,0.297804,0.622516,0.285443,
1097,2707671832,9.926999,-0.322274,0.469595,0.435640,0.645613,3.342707,-0.665131,0.297799,0.622647,0.284995,
1098,2707688499,9.916739,-0.281111,0.487395,-2.206970,0.361440,4.158818,-0.665096,0.298137,0.622660,0.284695,
1099,2707705166,9.930510,-0.266673,0.367962,-4.881077,0.473073,5.108153,-0.664994,0.298815,0.622510,0.284551,
1100,2707721833,9.941419,-0.355310,0.333874,-5.861583,0.765954,5.729773,-0.664901,0.299631,0.622264,0.284448,
1101,2707738500,9.899137,-0.484163,0.252681,-5.882266,1.312709,6.276516,-0.664879,0.300476,0.621940,0.284317,
1102,2707755167,9.943664,-0.492468,0.316096,-5.885492,2.092718,6.334118,-0.664929,0.301294,0.621537,0.284215,
1103,2707771834,9.921569,-0.599930,0.403602,-5.283428,2.507221,6.462054,-0.665048,0.302048,0.621113,0.284064,
1104,2707788501,9.901244,-0.595527,0.530429,-2.805718,2.582254,6.347270,-0.665277,0.302548,0.620789,0.283703,
1105,2707805168,9.896838,-0.466909,0.464090,-2.758181,2.105191,5.962836,-0.665449,0.303029,0.620529,0.283354,
1106,2707821835,9.898535,-0.488361,0.446183,-4.065965,1.697514,5.617999,-0.665512,0.303623,0.620270,0.283139,
1107,2707838502,9.879854,-0.634105,0.454937,-4.755857,1.582769,5.513231,-0.665530,0.304278,0.619998,0.282991,
1108,2707855169,9.878019,-0.647245,0.358433,-4.357938,2.259726,4.870532,-0.665599,0.304808,0.619704,0.282898,
1109,2707871836,9.933211,-0.584014,0.347053,-2.817345,2.281022,4.838757,-0.665737,0.305186,0.619474,0.282671,
1110,2707888503,9.925303,-0.553488,0.385037,-1.998111,2.231282,5.026960,-0.665915,0.305503,0.619273,0.282350,
1111,2707905170,9.879688,-0.553912,0.419332,-2.074257,2.272199,5.307368,-0.666104,0.305852,0.619052,0.282010,
1112,2707921837,9.903839,-0.586890,0.462280,-2.952940,2.378120,5.365881,-0.666266,0.306285,0.618783,0.281748,
1113,2707938504,9.907988,-0.601719,0.465500,-3.646915,2.225936,5.252691,-0.666378,0.306783,0.618504,0.281553,
1114,2707955171,9.883610,-0.692496,0.498990,-3.805868,2.063404,5.135212,-0.666463,0.307291,0.618240,0.281376,
1115,2707971838,9.863825,-0.728387,0.405235,-3.200307,1.916054,4.763047,-0.666547,0.307714,0.618032,0.281174,
1116,2707988505,9.866774,-0.747863,0.437345,-1.213803,1.581445,4.302798,-0.666671,0.307916,0.617957,0.280823,
1117,2708005172,9.908674,-0.733638,0.428616,0.001197,1.692801,3.937537,-0.666845,0.307962,0.617938,0.280402,
1118,2708021839,9.896188,-0.651648,0.407224,-0.186384,1.797762,3.786204,-0.667013,0.308009,0.617907,0.280018,
1119,2708038506,9.928496,-0.590568,0.445714,-1.670934,2.104346,4.235822,-0.667160,0.308228,0.617766,0.279738,
1120,2708055173,9.909211,-0.545220,0.429486,-2.897872,2.003663,4.642513,-0.667259,0.308607,0.617566,0.279524,
1121,2708071840,9.922778,-0.638013,0.422987,-3.480817,1.836949,5.172786,-0.667339,0.309096,0.617335,0.279303,
1122,2708088507,9.873427,-0.655101,0.397141,-3.694389,1.990229,5.240019,-0.667425,0.309607,0.617077,0.279102,
1123,2708105174,9.909860,-0.792443,0.379049,-3.880606,1.570296,5.248728,-0.667466,0.310152,0.616852,0.278898,
1124,2708121841,9.906197,-0.746783,0.359868,-3.568976,1.741798,5.244668,-0.667535,0.310660,0.616623,0.278673,
1125,2708138508,9.907737,-0.674713,0.339256,-3.613325,1.335927,5.265274,-0.667567,0.311191,0.616430,0.278432,
1126,2708155175,9.919440,-0.721199,0.377238,-3.508210,0.716701,5.396423,-0.667553,0.311748,0.616295,0.278141,
1127,2708171842,9.856072,-0.797721,0.415197,-3.032428,0.469129,4.852243,-0.667516,0.312220,0.616228,0.277848,
1128,2708188509,9.870935,-0.830916,0.426938,-1.952930,0.251959,4.217676,-0.667482,0.312539,0.616254,0.277511,
1129,2708205176,9.904631,-0.911629,0.444846,0.094620,-0.533282,3.286641,-0.667434,0.312608,0.616482,0.277045,
1130,2708221843,9.895326,-0.925097,0.412257,3.067691,-1.281903,2.318212,-0.667414,0.312331,0.616945,0.276372,