PacketCounter,SampleTimeFine,Acc_X,Acc_Y,Acc_Z,Gyr_X,Gyr_Y,Gyr_Z,Quat_W,Quat_X,Quat_Y,Quat_Z,Acc_X_filtered,Acc_Y_filtered,Acc_Z_filtered,Gyr_X_filtered,Gyr_Y_filtered,Gyr_Z_filtered
1,2689404800,-9.615277,0.441097,-0.1305,1.650425,-2.617298,3.314098,-0.506787,-0.486589,-0.528272,0.476787,-9.615085298765864,0.4416951773265852,-0.1303041307314049,1.6222912811037742,-2.6556114915576132,3.3330688710352803
2,2689421467,-9.651954,0.380481,-0.081003,-0.784735,-2.191103,3.288754,-0.507106,-0.486539,-0.52818,0.476601,-9.642836190309104,0.35311935178913,-0.10912441187520575,-0.9424284861094093,-2.5419977220332584,3.0837600871518838
3,2689438134,-9.684708,0.271723,-0.097544,-3.871846,-2.895273,2.853133,-0.507667,-0.48618,-0.52828,0.476259,-9.668681054466077,0.2735451246129844,-0.10769943390669946,-3.363461003018149,-2.385965897442695,2.641415067008837
4,2689454801,-9.588933,0.193827,-0.16476,-5.171102,-2.418684,2.115884,-0.508232,-0.4857,-0.528558,0.475838,-9.681990591999336,0.21092142847891454,-0.1293052226829989,-5.459992406458621,-2.2842545174044817,2.0934716789839385
5,2689471468,-9.734326,0.162687,-0.130933,-6.42861,-1.847239,1.66514,-0.50881,-0.485133,-0.528995,0.475313,-9.668621093388376,0.1597039962429025,-0.16563340934727458,-6.974630756434612,-2.308948266951952,1.7313065525507336
6,2689488135,-9.689068,0.069586,-0.232438,-8.302794,-2.358161,1.40631,-0.509541,-0.48437,-0.529542,0.474698,-9.626908285950165,0.09770520147336571,-0.20827884032706726,-7.5955448570157245,-2.347791316115938,1.7786966072398989
7,2689504802,-9.54421,0.01256,-0.313854,-7.180368,-1.702156,1.827319,-0.510171,-0.483767,-0.53003,0.474091,-9.578735456524967,0.00017413611118898692,-0.2551728141100534,-7.067411199548988,-2.072373053497288,2.14868779497154
8,2689521469,-9.524918,-0.1166,-0.238297,-4.814112,-1.081663,2.695449,-0.510647,-0.48345,-0.530338,0.473558,-9.5560156993884,-0.1316103461324795,-0.3016315557738493,-5.349215240118555,-1.215612601603031,2.5165516560685175
9,2689538136,-9.512289,-0.194264,-0.264572,-2.511594,-1.097171,3.524929,-0.511019,-0.483367,-0.530428,0.473141,-9.56908444922749,-0.25011313160085824,-0.3239273873255603,-2.7375427338128526,-0.05367285766554891,2.7072436435463354
10,2689554803,-9.618719,-0.250038,-0.252662,-0.217849,-0.794596,3.652761,-0.511215,-0.483484,-0.530373,0.47287,-9.592267621830857,-0.28090313289209984,-0.28351681816364854,0.06954357675673173,0.41463654965349883,2.9880312276973546
11,2689571470,-9.654463,-0.249692,-0.24636,1.197195,-0.922634,3.541718,-0.511313,-0.483689,-0.530219,0.472726,-9.591011480518732,-0.1902390562425781,-0.1724164017204388,2.026798391415548,-0.8378671823791757,3.7728735125304755
12,2689588137,-9.615142,-0.223117,-0.230773,1.390814,-0.632877,2.873098,-0.511329,-0.483877,-0.530121,0.472627,-9.567773472841138,-0.056271560865071325,-0.06901358802806842,2.1360992196526176,-3.428847379940333,4.791157874221335
13,2689604804,-9.54962,-0.178084,-0.235327,0.971739,-0.825664,2.575542,-0.511369,-0.483997,-0.530059,0.472531,-9.572918792838244,-0.05626464295279582,-0.12236062225944425,0.31469281481011335,-4.7324602042347035,4.620018855079808
14,2689621471,-9.612675,-0.152426,-0.241441,1.566697,-1.741881,2.637666,-0.511443,-0.484104,-0.529882,0.47254,-9.654492947066853,-0.3196343313537752,-0.4155456325267002,-1.780716298675143,-1.3910728757909003,1.6323822796949603
15,2689638138,-9.644095,-0.171326,-0.190686,1.361706,-2.20647,1.492548,-0.511487,-0.484075,-0.529766,0.472652,-9.789501408126878,-0.739631531425113,-0.8014049952650022,-1.2040527225124493,6.968918001818188,-3.897924676510515
16,2689654805,-9.647499,-0.354846,-0.345538,1.313003,-0.397868,0.440763,-0.511323,-0.484085,-0.529862,0.472711,-9.879492618279672,-0.9681357935975,-0.9278535079052067,3.8710125030626594,15.277025685706647,-8.717798743949302
17,2689671472,-10.91255,-3.2458,-3.437302,-13.452841,50.395069,-33.503498,-0.505929,-0.483853,-0.537117,0.47056,-9.84084250975661,-0.7140980666882866,-0.5480244848896666,11.478993163714458,15.88550605071181,-8.667759271792303
18,2689688139,-8.767506,0.879034,1.648415,46.843979,-2.662295,5.954212,-0.503106,-0.487478,-0.533527,0.473917,-9.70441725283812,-0.10208413627925511,0.1556973062864711,16.43029539663087,5.7181839492148825,-2.706339928804616
19,2689704806,-9.814217,0.970144,1.420885,20.29895,-1.973142,9.07788,-0.502312,-0.489438,-0.531582,0.474925,-9.6022858582751,0.3533969801692991,0.6575568210607501,14.97887750622533,-9.532026197981452,5.415456477097426
20,2689721473,-9.699079,1.213362,1.106002,-2.647641,-54.363865,16.886471,-0.507722,-0.486685,-0.52682,0.477301,-9.640681599395876,0.23059627068970628,0.5808717046545576,8.885694299392107,-19.700656725200762,10.162639879700322
21,2689738140,-9.414072,-1.544182,-1.236742,-9.114731,-1.097338,2.904462,-0.508519,-0.486065,-0.527413,0.476428,-9.796076361819967,-0.36533972532468967,0.05802912408312921,3.6539266237278034,-19.04300926992554,8.890675754867623
22,2689754807,-10.567378,-1.368648,-0.724836,9.30477,-0.858909,0.921347,-0.507859,-0.486672,-0.526887,0.477096,-9.944089631886548,-0.9106075111549932,-0.4467838837025486,2.6810033719768778,-10.39722211410714,3.4278371174960385
23,2689771474,-9.824244,-0.770277,-0.119754,13.034419,-3.876202,-2.171856,-0.506951,-0.487107,-0.526094,0.478489,-9.980079853773047,-0.9742177806816872,-0.6049721765648826,4.232723472602914,-1.1436899879742604,-2.320534745410099
24,2689788141,-9.685372,-0.161521,-0.154491,3.425564,-0.857616,-4.247495,-0.506345,-0.486882,-0.526341,0.479088,-9.899684940558302,-0.56934194863193,-0.45416782204819295,4.196932072535796,3.4830831334848167,-5.608738042897871
25,2689804808,-9.802816,0.010985,-0.302506,-4.015636,2.99417,-5.09922,-0.505911,-0.486311,-0.52745,0.478906,-9.768089907436313,-0.0468246319395445,-0.2411535666002771,0.5898694388767798,3.1485259024018712,-6.036658354355913
26,2689821475,-9.722402,0.158599,-0.333627,-4.971874,1.131653,-4.71188,-0.505713,-0.485569,-0.528461,0.478753,-9.63359773677685,0.2552428624192695,-0.1554239193978901,-5.036662953542807,0.5689536238674683,-4.639976959017504
27,2689838142,-9.4022,0.196622,-0.318036,-9.626369,-1.033498,-3.05922,-0.506125,-0.484461,-0.529518,0.478273,-9.48523796896606,0.24059051660990063,-0.22371819541755505,-9.560382636963348,-1.496398865856615,-2.552266641537935
28,2689854809,-9.326735,-0.038106,-0.207425,-9.694026,-2.011545,-0.734829,-0.506779,-0.483458,-0.530341,0.477683,-9.286649798959898,0.02936834545561838,-0.37025538219983545,-10.74934494721916,-1.835455724524146,-0.43264066084266206
29,2689871476,-9.105318,-0.249804,-0.506241,-8.684628,-0.882857,1.429823,-0.507425,-0.482775,-0.531023,0.47693,-9.040741083421285,-0.20149474587666888,-0.5086484472381392,-8.19604832918666,-0.7638354883285892,1.3744384294361256
30,2689888143,-8.829959,-0.323401,-0.658961,-2.212579,0.774701,2.665571,-0.507573,-0.482779,-0.531291,0.476469,-8.821527198041554,-0.3383415384541307,-0.5893547233274472,-2.866998482131921,0.6714494423505218,2.57251613519852
31,2689904810,-8.721155,-0.183744,-0.600953,4.533045,2.015547,2.676291,-0.507154,-0.483368,-0.531182,0.476441,-8.738753108791665,-0.3394002111522719,-0.6102047225625621,3.6545069269821084,1.5586377184305356,2.9535022471472923
32,2689921477,-8.732843,-0.132337,-0.620137,8.181167,1.60098,3.300012,-0.506552,-0.484245,-0.530745,0.476677,-8.853943568080059,-0.18371399567407773,-0.6076398930408013,9.5374638560594,1.643260906943461,2.6824614196739995
33,2689938144,-9.02686,0.029743,-0.596735,10.873219,1.260997,2.969519,-0.505763,-0.485271,-0.530118,0.477169,-9.1172119011615,0.143241779317002,-0.6283651760060772,12.821436277783299,1.3043375375681112,2.4681357871846634
34,2689954811,-9.601729,0.466782,-0.668739,12.224159,0.606861,2.797299,-0.504916,-0.486336,-0.529361,0.477822,-9.392473281679134,0.5941284123594575,-0.6893845997023227,11.957601685108852,1.0734444105878347,3.2890586052536137
35,2689971478,-9.692847,0.99002,-0.745951,10.45545,0.479438,4.931107,-0.504348,-0.487424,-0.528567,0.478191,-9.561913394053171,1.0058252070768166,-0.7543294664032711,7.049571266101447,1.1008467813759693,5.695191900868529
36,2689988145,-9.485351,1.222042,-0.76617,3.256098,1.617654,8.825761,-0.504473,-0.488361,-0.528081,0.47764,-9.614733712693806,1.1468033524548829,-0.7505664176471837,0.8090780101276563,1.0286269345525445,9.177794126638837
37,2690004812,-9.486326,0.996705,-0.681074,-4.879811,1.670634,12.668746,-0.505438,-0.489,-0.527889,0.476176,-9.634262314054988,0.8731439018356533,-0.6216299743779965,-2.4441722128246894,0.3676148732246117,12.240917814067794
38,2690021479,-9.73553,0.368926,-0.3427,-4.189587,-1.371343,14.098246,-0.506685,-0.489587,-0.527321,0.474875,-9.703971712794685,0.2738077819865353,-0.3791029767322208,0.008436730596699832,-1.0280202389386217,13.318770403410566
39,2690038146,-9.957615,-0.329675,-0.096472,3.081165,-4.540853,12.515302,-0.507546,-0.490368,-0.52613,0.474472,-9.831444044236928,-0.34387420274048797,-0.11426160602174708,6.339422530971494,-2.8647187980178472,11.902814255185671
40,2690054813,-9.969841,-0.87135,-0.014412,12.983314,-5.445931,8.873802,-0.507517,-0.491537,-0.524445,0.475158,-9.951272934422647,-0.6609160942355868,0.04512136365860235,10.888580396260675,-4.648111876643783,8.922276863641425
41,2690071480,-9.843768,-1.070488,-0.080292,17.84218,-3.302416,4.856411,-0.506696,-0.492903,-0.522868,0.476355,-9.980980824495518,-0.5946540670734629,0.01485076539422783,8.98319253997107,-5.80512055006753,5.973622867261318
42,2690088147,-9.780048,-0.145325,0.191303,11.488819,-2.221199,2.22602,-0.506064,-0.493674,-0.521996,0.477185,-9.878694532931707,-0.35388991145371634,-0.1738223568331515,1.6551058086890815,-5.642997928723479,4.034735877654899
43,2690104814,-10.001041,0.609339,-0.278169,-24.191826,-8.767465,2.759845,-0.508523,-0.491399,-0.523077,0.475732,-9.679508248654674,-0.2182788231572108,-0.3738702390316576,-4.98691361415887,-3.6947945426538564,2.871724611857347
44,2690121481,-9.760311,0.089216,-1.110863,-23.291897,-6.902946,8.570971,-0.511172,-0.489756,-0.52381,0.473777,-9.49155077854718,-0.25594040420343034,-0.42819554732534776,-5.665366487971901,-0.4986846536954045,1.7111914651479365
45,2690138148,-8.371543,-2.250365,-0.20831,31.604382,13.535441,-4.937804,-0.507411,-0.492564,-0.523232,0.475544,-9.428381102078017,-0.29392418530025655,-0.31088907365949997,-0.7075382747476903,2.274116678467443,0.36864043074003966
46,2690154815,-10.303654,0.863166,0.285673,3.087553,2.568691,-1.132837,-0.506788,-0.492793,-0.523535,0.475638,-9.51406054754327,-0.1641099578301907,-0.1563922912012732,5.495321907397576,3.055291002688212,-0.4964379911596011
47,2690171482,-9.535694,0.29522,-0.168007,0.175236,-3.190356,0.430569,-0.506919,-0.492527,-0.523504,0.475808,-9.659812592262316,0.09347712842750065,-0.12570075298565128,9.582997816263726,1.7947570475151244,-0.20560934210293755
48,2690188149,-9.734127,0.320448,-0.294186,8.93017,-0.114719,1.966575,-0.506293,-0.493236,-0.522984,0.476312,-9.748175094554286,0.303563257414503,-0.24747911219959806,11.451670146576193,-0.1252670599425562,1.125780411910966
49,2690204816,-9.778113,0.238589,-0.570686,14.95695,0.512568,2.593268,-0.505229,-0.494478,-0.522047,0.477182,-9.734885477980455,0.36708593569746595,-0.4029908422594817,12.233237428514233,-1.2750060941163572,2.6683345959819165
50,2690221483,-9.617437,0.271823,-0.471797,14.515824,-1.203695,3.493172,-0.504386,-0.495635,-0.520948,0.478073,-9.666886212822487,0.34409525545967445,-0.4549836630695676,11.966719015234478,-1.231647145040084,3.572281727713592
51,2690238150,-9.507061,0.325241,-0.330151,8.956694,-0.843759,3.564412,-0.503922,-0.496413,-0.520254,0.478511,-9.617635332731771,0.3533122238385395,-0.3737721853711345,9.737034161095094,-0.4977789951154463,3.4965607749078167
52,2690254817,-9.683508,0.421356,-0.150728,4.549616,0.212861,2.261659,-0.503605,-0.496843,-0.520037,0.478633,-9.61752665345903,0.43698268503037574,-0.24513172640951225,5.1938282337895565,0.16165802542621563,2.6247978213831216
53,2690271484,-9.709242,0.603607,-0.166042,-0.08999,0.215857,1.369645,-0.50356,-0.496865,-0.520209,0.47847,-9.641839645424106,0.5270679825947775,-0.1785937000009858,-0.6811053400811677,0.2337148043280972,1.3606288766364096
54,2690288151,-9.668266,0.578964,-0.263933,-6.510774,-0.440743,0.243481,-0.50395,-0.496286,-0.520861,0.477951,-9.651648124047489,0.5194480503129918,-0.2166200042959607,-6.142139267873751,-0.3660187197518341,0.04490202735699106
55,2690304818,-9.566148,0.362763,-0.337341,-10.911475,-1.159154,-1.212032,-0.504611,-0.495224,-0.52187,0.477256,-9.63510111053152,0.36977299485071785,-0.31747705632032275,-9.795106264201685,-1.3418919445643211,-1.1232432800650622
56,2690321485,-9.605371,0.069999,-0.396074,-11.209812,-1.893176,-1.912335,-0.505299,-0.494034,-0.522893,0.47664,-9.609547935661594,0.12632339189890557,-0.4053644938530929,-11.276182300111135,-2.203826218925635,-2.0034826225969993
57,2690338152,-9.62441,-0.160808,-0.453511,-9.533845,-3.201563,-2.339619,-0.505935,-0.492842,-0.523734,0.476276,-9.593889434118708,-0.11524904004843955,-0.4328064023963395,-11.045414858021724,-2.5429730748514823,-2.423578442587179
58,2690354819,-9.554418,-0.246578,-0.41201,-9.16976,-2.502771,-2.232711,-0.506497,-0.491733,-0.524592,0.475881,-9.586280175128493,-0.28350618039527786,-0.4083999358193322,-9.618184275607062,-2.2774235060199635,-2.1987609120699405
59,2690371486,-9.578184,-0.346996,-0.345068,-7.813821,-1.280879,-1.391052,-0.506927,-0.490871,-0.525384,0.475439,-9.567307566188697,-0.36845953425011796,-0.3793588652545882,-7.043252270528921,-1.6773723699353291,-1.2634047470831524
60,2690388153,-9.543745,-0.425129,-0.369723,-4.444969,-0.719935,-0.048382,-0.507165,-0.490398,-0.525889,0.475114,-9.522136283853392,-0.406211287176721,-0.38987054911181307,-3.1199232689295977,-1.1006628542827726,0.19593453763822954
61,2690404820,-9.473919,-0.435223,-0.475289,2.136823,-0.665508,1.913659,-0.507065,-0.490565,-0.525802,0.475144,-9.461254413175306,-0.43558046695415364,-0.44812676856554434,2.0047348158678386,-0.6497770043247397,1.7519361852143167
62,2690421487,-9.408465,-0.438592,-0.52174,9.225089,-0.332043,3.232318,-0.506525,-0.491378,-0.525156,0.475595,-9.421058733337738,-0.46168639149564333,-0.5236447487859925,7.600680739355506,-0.0857592716240138,2.938978471658019
63,2690438154,-9.42066,-0.413035,-0.585066,13.121925,0.930696,3.620069,-0.505636,-0.492594,-0.524304,0.476223,-9.440008853959263,-0.4490107483975006,-0.5712835252738733,12.678647327780771,0.8915103971174962,3.513672915801334
64,2690454821,-9.522828,-0.387048,-0.561734,14.610191,1.496289,3.198446,-0.504566,-0.493924,-0.523418,0.476954,-9.526666329749407,-0.3490841668331119,-0.5599241825798045,16.371947905642905,2.249867604521087,3.558061913170288
65,2690471488,-9.605995,-0.240383,-0.490292,17.957527,3.952627,3.456483,-0.503083,-0.495687,-0.52246,0.477741,-9.646533771395259,-0.14671225754409334,-0.485767440750544,17.972191299477423,3.5021187991449723,3.3399841723956296
66,2690488155,-9.79914,0.179754,-0.316731,16.857702,4.768635,2.696656,-0.50156,-0.497366,-0.52169,0.478439,-9.74262190567598,0.11093249829604127,-0.3670084452578015,16.877048864368735,4.002700396024717,3.0690967581274577
67,2690504822,-9.858432,0.361473,-0.247648,13.584966,3.090129,3.130354,-0.500429,-0.498718,-0.520991,0.478976,-9.775825682945694,0.33213616904487436,-0.23225832076434338,12.903056262962934,3.419416220326187,2.7712871806046433
68,2690521489,-9.653946,0.423698,-0.163174,8.169819,1.627271,2.453896,-0.499753,-0.499523,-0.520612,0.479257,-9.750142035275996,0.43678416678731796,-0.11580326098439322,6.825718196091374,1.969275341133173,2.369646219210832
69,2690538156,-9.667811,0.451076,-0.041907,-0.094639,0.272538,1.887406,-0.499741,-0.499589,-0.520749,0.479051,-9.70002966092178,0.40671686497026194,-0.057906043064381824,0.44227297669567944,0.24705864076650347,1.855323103455589
70,2690554823,-9.678915,0.244731,-0.110837,-6.276239,-1.021153,1.31933,-0.500236,-0.499072,-0.521265,0.478512,-9.655597270234075,0.2911959648606716,-0.09561920389693478,-4.261383305949571,-1.1527805201747603,1.3601150181833448
71,2690571490,-9.662665,0.130144,-0.184329,-6.447268,-2.22778,0.708851,-0.500792,-0.498412,-0.521748,0.478091,-9.622295923431913,0.16686953306854382,-0.23809094160106675,-6.312784155044939,-1.9120601563866129,1.062468114891538
72,2690588157,-9.55471,0.121346,-0.434319,-4.825689,-1.37115,1.269615,-0.501204,-0.497972,-0.52214,0.47769,-9.590585143933247,0.08608111752142023,-0.4437843436156612,-6.257335973783189,-2.0369389581223936,1.0340066328522701
73,2690604824,-9.602662,0.045972,-0.635739,-4.847754,-2.061374,1.28383,-0.501671,-0.497483,-0.522481,0.477336,-9.557421076178167,0.0510392810130814,-0.6274682539669239,-5.4897268751224155,-1.755592331508604,1.1825406868558967
74,2690621491,-9.499927,0.007165,-0.74754,-5.682856,-2.14564,1.123917,-0.502194,-0.496915,-0.522885,0.476936,-9.534445193541204,0.02715312582375789,-0.7051025986335401,-5.059975901634709,-1.3806697829083925,1.3387469694407548
75,2690638158,-9.540703,0.01666,-0.685949,-5.17821,-0.177893,1.566454,-0.502561,-0.496553,-0.523365,0.476399,-9.536618975980536,-0.019517408658748864,-0.6491004016491522,-5.0073657264356,-1.1712789752575279,1.4024787382242792
76,2690654825,-9.532629,-0.070901,-0.496373,-4.231565,-1.112552,1.625145,-0.502934,-0.496201,-0.523707,0.475996,-9.56499623137973,-0.08911951629162096,-0.5092335536179717,-4.64740362114375,-1.2049350160523151,1.4282981386752713
77,2690671492,-9.619827,-0.136536,-0.299959,-4.111005,-1.631965,1.418732,-0.503324,-0.495805,-0.524017,0.475656,-9.60204927328206,-0.14375668679204362,-0.37762234978094567,-3.4018730270605664,-1.349531871119138,1.5799867911237142
78,2690688159,-9.676312,-0.19313,-0.323556,-1.949946,-1.976404,1.700997,-0.503603,-0.495564,-0.524132,0.475484,-9.625306338580911,-0.13815574397798241,-0.32360611853681115,-1.4503368305376991,-1.4134155568575297,1.9762650939115536
79,2690704826,-9.605341,-0.093773,-0.370462,0.619757,-1.15795,2.546485,-0.503692,-0.495633,-0.524069,0.475388,-9.62586880785949,-0.06326965329428275,-0.35123124368080605,0.29890207382058387,-1.3528278645843137,2.550168014865733
80,2690721493,-9.576746,0.043879,-0.453044,2.045629,-0.885482,3.341094,-0.503713,-0.495886,-0.523869,0.475322,-9.612771912267968,0.036020344874732636,-0.41053772359289575,0.9101316803317265,-1.301277249488388,3.0630850028537706
81,2690738160,-9.602151,0.161758,-0.436318,0.597602,-1.243048,3.345883,-0.503866,-0.496008,-0.523743,0.475171,-9.600331311697824,0.09035088569059929,-0.4455461735712964,0.229807101523903,-1.3806334108002367,3.2845556925671016
82,2690754827,-9.611279,0.090994,-0.433856,-1.864323,-1.702963,3.160435,-0.50422,-0.495904,-0.523767,0.474879,-9.594517396199556,0.059890443937666085,-0.43489298639435015,-0.9234627089483048,-1.5250800705642684,3.180495915147163
83,2690771494,-9.60533,-0.074937,-0.396424,-2.52408,-1.831564,2.859664,-0.504609,-0.495719,-0.523848,0.474568,-9.592457904829804,-0.03656976269479989,-0.3960829032825421,-1.3854574794137295,-1.5323558401507675,2.935249360209758
84,2690788161,-9.593488,-0.216424,-0.316821,0.065601,-1.350647,2.660602,-0.504761,-0.495743,-0.5238,0.474434,-9.59118366050155,-0.14386687668985187,-0.3592818964415757,-0.4973105623256894,-1.2808041462858593,2.788340300020658
85,2690804828,-9.559466,-0.220253,-0.348708,2.429627,-0.623605,2.841813,-0.5047,-0.496004,-0.523629,0.474415,-9.592417688512644,-0.21817113151251566,-0.3389964746329689,1.5888145253510557,-0.8664253213511647,2.829097833904418
86,2690821495,-9.616993,-0.196109,-0.345249,4.631705,-0.307813,2.957236,-0.504464,-0.496457,-0.523321,0.474532,-9.598766557244344,-0.25012880980078867,-0.32803133906436044,4.273135439621052,-0.5210886446379976,2.915087568391195
87,2690838162,-9.617876,-0.202763,-0.336768,6.430793,-0.697447,2.825088,-0.504118,-0.497005,-0.52287,0.474823,-9.608323061683558,-0.24502327362275264,-0.31491246469489287,6.981768413889004,-0.41041327254294746,2.7706261091098514
88,2690854829,-9.582892,-0.199398,-0.312904,8.526859,-0.419843,2.184565,-0.503555,-0.497676,-0.52234,0.475301,-9.615173145685237,-0.19155050467805618,-0.30369694377303413,9.257563195135486,-0.5055041905489308,2.1902302335134305
89,2690871496,-9.637054,-0.105616,-0.282232,10.54029,-0.441217,1.199898,-0.502779,-0.498418,-0.52174,0.476004,-9.615524641114625,-0.061441813556197114,-0.31400513257855783,10.593895951802105,-0.6215560300640464,1.2144030447341378
90,2690888163,-9.67157,0.123998,-0.323262,11.166122,-0.767574,0.249692,-0.501915,-0.49911,-0.52114,0.476847,-9.612718551312957,0.15633343497213809,-0.3607392060172536,10.46855966953239,-0.5734572829518216,0.17370519836860288
91,2690904830,-9.531408,0.425956,-0.472645,9.315885,-0.701353,-0.329674,-0.501139,-0.499626,-0.520715,0.477587,-9.614151409779662,0.424687542058247,-0.4350555867031668,8.691722358133775,-0.3280048440408441,-0.4360023619514753
92,2690921497,-9.592785,0.710234,-0.522615,5.908358,0.395697,-0.324398,-0.500528,-0.49997,-0.520604,0.477987,-9.621618960987709,0.6676989699361631,-0.5066007166753066,5.652350099307045,-0.03390221997183284,-0.21190073388201142
93,2690938164,-9.703203,0.859422,-0.543448,0.670675,0.240753,0.616363,-0.500375,-0.499993,-0.520779,0.477934,-9.627743344937574,0.8160410423515742,-0.543961180525679,2.0575102151084246,0.10997814586762385,0.8807123205809961
94,2690954831,-9.626874,0.834692,-0.526439,-3.498899,-0.215044,2.215543,-0.50067,-0.499802,-0.521094,0.477481,-9.627175806005477,0.8478800988610744,-0.5328721291657179,-1.6180148308998215,0.04845606704058679,2.3992945179374936
95,2690971498,-9.620779,0.72363,-0.450824,-3.293538,0.093173,3.87097,-0.501042,-0.499773,-0.521296,0.476901,-9.6308161465838,0.7900658655471096,-0.47841650823152226,-5.293687833437271,-0.045280986406815764,3.618886508773584
96,2690988165,-9.663781,0.673749,-0.413724,-4.430178,0.278711,4.582977,-0.501531,-0.499728,-0.521538,0.476168,-9.662330022456857,0.6851653987701468,-0.396207812413771,-8.855856300553292,0.1144388004652343,3.9563134585492974
97,2691004832,-9.677163,0.617078,-0.321955,-16.080715,0.872017,3.350586,-0.502736,-0.498779,-0.522718,0.474597,-9.73475229778733,0.5609700677848761,-0.3050305500580544,-11.901139217833196,0.6664249264575587,3.309536293772415
98,2691021499,-9.916633,0.407414,-0.251787,-16.757545,-0.269561,1.077995,-0.503916,-0.497525,-0.524023,0.47322,-9.828424051107556,0.4275448537284434,-0.22526167154006685,-14.36577227800191,1.3812705817969393,2.0123457293950313
99,2691038166,-9.7501,0.376844,-0.030351,-16.196604,2.799259,0.655334,-0.504789,-0.496489,-0.525541,0.471691,-9.8928884946695,0.29015488988713123,-0.17970782872073368,-17.38103718848322,1.7149338917316985,0.4518948116265385
100,2691054833,-10.059309,0.079728,-0.31027,-22.52577,1.854318,-1.483708,-0.506041,-0.494755,-0.527574,0.4699,-9.87552181093077,0.15037949194056144,-0.1950193611232351,-22.866593872932583,1.22535387959976,-1.255934387210031
101,2691071500,-9.681955,-0.134441,-0.486197,-28.623838,0.289405,-2.679481,-0.507762,-0.492366,-0.529985,0.467834,-9.757189664707774,-0.00790413083296489,-0.29880333072446097,-31.61086229667005,0.05343997476703574,-3.195652152729448
102,2691088167,-9.534665,-0.184822,-0.300454,-40.339989,-1.029099,-4.886777,-0.51026,-0.488838,-0.53324,0.46511,-9.568111701529176,-0.21685398770748746,-0.49808113644221375,-41.592794480218494,-1.0568023585679611,-5.270295913875012
103,2691104834,-9.392397,-0.255645,-0.469141,-51.450466,-3.639612,-7.215244,-0.513568,-0.484104,-0.537193,0.46186,-9.372808975258739,-0.4846490181870792,-0.7428009730581897,-48.556173882262115,-1.3486293413998998,-6.92877000865943
104,2691121501,-9.288532,-0.753555,-1.185488,-54.192352,-0.276223,-7.567723,-0.516751,-0.479334,-0.541572,0.458156,-9.23693745270295,-0.7509687867906634,-0.922966152637236,-48.77369921213672,-0.7063841795521184,-7.331742208757962
105,2691138168,-9.118509,-1.13502,-1.165555,-37.778748,2.690583,-6.058242,-0.51863,-0.476091,-0.544948,0.455402,-9.197268847108267,-0.9031464170257324,-0.9382685880379302,-41.62158197104703,0.3261905239637738,-5.8777128376592405
106,2691154835,-9.222425,-0.881892,-0.718163,-25.398109,0.99519,-2.472707,-0.520013,-0.473942,-0.547114,0.453466,-9.248950457517468,-0.8598274459441799,-0.7864560711364139,-29.67412094080535,1.1497644596735885,-2.687563335468482
107,2691171502,-9.455249,-0.572033,-0.252415,-18.383087,-0.071869,0.948305,-0.521215,-0.47252,-0.548496,0.451897,-9.355419269379466,-0.6418252439923545,-0.567283987006725,-16.59952313689121,1.597176924200892,1.3211970265147102
108,2691188169,-9.484877,-0.178877,-0.436667,-7.554737,1.440542,5.216214,-0.521831,-0.472356,-0.548985,0.450763,-9.474124290703228,-0.3549400382693926,-0.39118328912447625,-5.160538943758248,1.8072995559644949,4.835353929628156
109,2691204836,-9.483958,-0.249817,-0.466404,2.562916,2.693208,7.199494,-0.521781,-0.4732,-0.548768,0.450199,-9.577434722187954,-0.10642788850384016,-0.29839757442029613,3.2066769705770097,1.8321533741942746,6.775502690727731
110,2691221503,-9.673637,0.028692,-0.335277,10.608511,2.581141,6.509721,-0.521139,-0.474591,-0.548063,0.450337,-9.653841118227794,0.06049557812533567,-0.2691847291477789,7.880054713337717,1.5651544560909985,6.775757463476667
111,2691238170,-9.73667,0.252,-0.224426,8.386644,0.011763,4.869994,-0.520747,-0.475514,-0.547421,0.450598,-9.698154355011326,0.16727053269194128,-0.28280113533825285,8.808888671998924,0.9929517433449926,5.251193447874352
112,2691254837,-9.714788,0.230996,-0.206965,5.580015,-0.077581,3.217461,-0.520446,-0.476085,-0.547071,0.450767,-9.707517608649805,0.2566502455931162,-0.33830014159217503,6.67584530920529,0.3323922534090099,3.080631474750613
113,2691271504,-9.632471,0.30287,-0.406002,3.495769,0.469807,1.552111,-0.520138,-0.476403,-0.547013,0.450859,-9.684688560183547,0.3474307522420204,-0.42632230134537674,2.88002700485964,-0.12819559931759705,1.1549066093142502
114,2691288171,-9.661937,0.396786,-0.662008,-0.98217,-0.459248,-0.213751,-0.520097,-0.47618,-0.547301,0.450791,-9.640034386763,0.4152289921366549,-0.5121904536192253,-0.891742771205922,-0.2480497984866634,0.02154220203124807
115,2691304838,-9.609168,0.416804,-0.631526,-3.170903,-0.13722,-0.908201,-0.520137,-0.475757,-0.547804,0.45058,-9.590010448913945,0.41229893837171383,-0.5623763260592063,-3.2505382223864094,-0.08098791897234366,-0.27616844328223117
116,2691321505,-9.558673,0.432879,-0.451674,-3.118987,0.698836,0.27743,-0.520185,-0.475488,-0.548285,0.450224,-9.553968666241921,0.3174879333129341,-0.5755891410879139,-3.5739629684931784,0.2218117142488898,-0.12256398456267553
117,2691338172,-9.529368,0.174504,-0.470051,-4.055079,0.03192,0.524004,-0.520367,-0.475123,-0.548759,0.449821,-9.5471666954219,0.17575554604673913,-0.5737613207856589,-2.2066968031012704,0.5064144354770204,-0.022246709259609337
118,2691354839,-9.547626,0.01949,-0.665085,0.489375,0.490426,-0.305688,-0.520143,-0.475066,-0.549027,0.449812,-9.570073697174788,0.0811569671136216,-0.5691936109009779,-0.2423232496602331,0.6433749229097836,-0.2366470438911428
119,2691371506,-9.604295,0.032092,-0.646648,2.925476,0.891418,-1.042232,-0.519671,-0.475161,-0.549218,0.450026,-9.603798798081765,0.1038119919646654,-0.5558140828434552,1.1398212733381639,0.5374190802893807,-0.6482994975838958
120,2691388173,-9.651632,0.176275,-0.479225,0.495587,0.198991,-1.120479,-0.519417,-0.475021,-0.54952,0.450098,-9.621636647016118,0.2232768255297074,-0.5311626360033859,1.4133769703230539,0.17802250633223587,-0.9554674940182099
121,2691404840,-9.641119,0.431158,-0.46304,0.507407,-0.396203,-0.781994,-0.519231,-0.474869,-0.549754,0.450188,-9.610726036177855,0.3377021118656908,-0.5108410903438156,0.9206333478689415,-0.30624311446278185,-0.98565180402128
122,2691421507,-9.557249,0.499101,-0.489277,0.641297,-0.523421,-0.85458,-0.519042,-0.474713,-0.549973,0.450302,-9.583293788010598,0.3493555921089346,-0.5140001193457533,0.36483853728455096,-0.6851122468965756,-0.8351013383273208
123,2691438174,-9.522182,0.191173,-0.617395,-0.972271,-1.177915,-0.608532,-0.519033,-0.474413,-0.550232,0.450313,-9.564562233458071,0.24739940148184075,-0.5420497511894528,0.07188333029228502,-0.7743274322472722,-0.7529056891447674
124,2691454841,-9.568307,-0.043088,-0.570186,-0.253092,-0.318443,-0.921916,-0.518885,-0.474197,-0.55053,0.450346,-9.569018847271714,0.10755526257459709,-0.5778226715598367,-0.2616755026005009,-0.5860348667264256,-0.9198758316796647
125,2691471508,-9.646269,-0.004546,-0.547483,0.32507,-0.712072,-1.460897,-0.518693,-0.473957,-0.550797,0.450494,-9.589459210542733,0.014638192481707085,-0.6023138161168564,-1.093655941630857,-0.3419734922966031,-1.3123453207664455
126,2691488175,-9.588705,0.082509,-0.671331,-0.790369,0.156526,-1.559352,-0.518501,-0.473681,-0.55121,0.450499,-9.607690161641507,-0.007857773822737783,-0.6087160987802347,-2.3321597192340726,-0.3090238289373633,-1.7273466552182437
127,2691504842,-9.617982,0.065836,-0.598342,-5.980579,-0.426375,-2.067636,-0.51868,-0.472934,-0.551954,0.450167,-9.611968641989515,0.003689139587662359,-0.602855630051644,-3.208412706495059,-0.5734688397947025,-1.9230322455751632
128,2691521509,-9.560617,-0.036665,-0.534197,-3.568041,-1.113679,-1.738833,-0.51877,-0.472351,-0.552465,0.45005,-9.603483431152751,0.006091685733040122,-0.5932739617359892,-2.970996624402827,-0.9532161838559575,-1.7772525196655327
129,2691538176,-9.622466,-0.041253,-0.61761,-0.852877,-1.258006,-1.408417,-0.518706,-0.471989,-0.552763,0.450136,-9.591049923003057,-0.011074144955742984,-0.5809013874064407,-1.6936157241116023,-1.1511786765679448,-1.3769309777067462
130,2691554843,-9.610293,-0.049287,-0.542782,0.621665,-1.692359,-1.102473,-0.518596,-0.471735,-0.552912,0.450347,-9.584069680218324,-0.030467783869208717,-0.5588506549285222,-0.3005527280802691,-1.0244870600933214,-0.9863202879419967
131,2691571510,-9.555746,0.017431,-0.559766,0.508278,0.017269,-0.806313,-0.518375,-0.471607,-0.553177,0.450409,-9.588333591797477,-0.03486021395979774,-0.5241696790459898,0.20729590991893104,-0.7066095719493214,-0.8955086784320341
132,2691588177,-9.58279,-0.043679,-0.505284,-1.408711,-0.177137,-0.964049,-0.518291,-0.47131,-0.553563,0.450343,-9.602719103185535,-0.02512948747606485,-0.4888943557152508,-0.49789185480825215,-0.4585057658882589,-1.2238443928802243
133,2691604844,-9.632745,-0.053468,-0.429623,-2.159087,-0.460952,-1.788432,-0.518228,-0.470871,-0.554033,0.450297,-9.618325175057874,-0.018288290980261152,-0.4748261123341847,-1.9942125482712652,-0.42016388229956325,-1.8123389512762864
134,2691621511,-9.674088,-0.001999,-0.468849,-3.632214,-1.088642,-2.604863,-0.518261,-0.470214,-0.554608,0.450237,-9.62413414229551,-0.03345701424607768,-0.4933648850740887,-3.562014478134604,-0.5332561216638263,-2.3099912288615654
135,2691638178,-9.57626,-0.03184,-0.523842,-4.147183,-1.037391,-2.552843,-0.518329,-0.469525,-0.555217,0.450127,-9.615611999361304,-0.0767285888177244,-0.5313712542665991,-4.612850177750458,-0.6717114258301515,-2.4140306690099025
136,2691654845,-9.55162,-0.181016,-0.66696,-4.462142,0.066318,-1.912551,-0.518371,-0.468936,-0.555885,0.449868,-9.597331032852503,-0.13534159013759106,-0.5609852992688028,-4.816226228541802,-0.7628533534217017,-2.0777572276328176
137,2691671512,-9.65704,-0.218663,-0.499004,-4.740962,-0.192864,-1.527003,-0.518478,-0.46834,-0.556525,0.449575,-9.578483125626901,-0.1866010462108492,-0.5648690240399608,-4.072496017399067,-0.7609957573563696,-1.5160759164216602
138,2691688179,-9.535424,-0.200298,-0.553876,-2.268722,-1.643759,-0.846909,-0.518578,-0.46789,-0.556848,0.449529,-9.567858081122683,-0.213362106749687,-0.5498562252893302,-2.5468786194838087,-0.6059284629643867,-1.0177722148038866
139,2691704846,-9.58619,-0.14161,-0.523732,-1.130852,-0.601079,-0.772069,-0.51852,-0.4676,-0.557169,0.449499,-9.570545968132118,-0.21120872431812704,-0.5357174318536305,-0.732646378095879,-0.3125072321210129,-0.7355103174379722
140,2691721513,-9.525325,-0.23176,-0.518021,0.556442,0.027899,-0.481237,-0.518316,-0.467502,-0.557407,0.44954,-9.58427539739034,-0.18507895792551649,-0.5338623381414853,0.6580429257469943,-0.05974268481708821,-0.6244304539768072
141,2691738180,-9.635275,-0.174631,-0.566567,1.766105,1.118487,-1.019232,-0.517907,-0.467523,-0.557685,0.449646,-9.598707624264952,-0.1460565021250665,-0.5389781505558333,1.049771784991066,-0.059382857651984484,-0.558318170532789
142,2691754847,-9.6512,-0.111456,-0.558238,0.643743,-0.421585,-0.5194,-0.51773,-0.467398,-0.557887,0.449728,-9.602862658673335,-0.11172905986491458,-0.5393228690096792,0.3892732204586719,-0.2988313670605505,-0.4940666253880436
143,2691771514,-9.552508,-0.058089,-0.512488,-0.793238,-1.661739,-0.111069,-0.517779,-0.467118,-0.558061,0.449747,-9.595235799234104,-0.10096973046524774,-0.531635991544373,-0.7956829226765862,-0.5050161685095382,-0.515631310617952
144,2691788181,-9.56626,-0.106655,-0.521053,-3.409371,-0.186512,-0.730961,-0.517845,-0.466687,-0.55856,0.4495,-9.584560823948975,-0.12068852569922889,-0.5245238803131572,-1.7854385688242158,-0.4313237947474081,-0.717799534645442
145,2691804848,-9.586675,-0.197727,-0.525158,-1.774832,0.163198,-1.105355,-0.517747,-0.466371,-0.559003,0.44939,-9.580117731171296,-0.1582053207150927,-0.5285809675516193,-2.175430626392269,-0.1432107130977034,-1.0647832583038412
146,2691821515,-9.615627,-0.190922,-0.531494,-0.319698,0.040859,-1.488482,-0.517536,-0.466125,-0.559367,0.449435,-9.583481904852306,-0.19092253713864685,-0.5453707081358736,-2.0257117540652394,0.03438441252589024,-1.3813773391720423
147,2691838182,-9.566391,-0.205625,-0.581331,-2.316566,-0.10637,-1.57472,-0.517465,-0.465712,-0.559857,0.449334,-9.58961853062237,-0.20532180076601686,-0.5669679211269146,-1.5916924606912697,-0.15117740787884823,-1.482792170480708
148,2691854849,-9.589704,-0.213322,-0.62287,-1.912475,-0.153202,-1.348419,-0.517386,-0.465345,-0.560301,0.449252,-9.592776663854613,-0.20627956529969863,-0.5853131923864746,-1.0347749387338867,-0.6171968405301436,-1.3081085402119466
149,2691871516,-9.603609,-0.185356,-0.576586,-0.065966,-1.667144,-0.569947,-0.517356,-0.465081,-0.560458,0.449364,-9.590164121758617,-0.20817020528249788,-0.5996576946347212,-0.4068352427554006,-1.0050470648101075,-0.9400448345861334
150,2691888183,-9.560109,-0.204315,-0.561175,0.818332,-1.143453,-0.738606,-0.517212,-0.464904,-0.560608,0.449526,-9.582676602566767,-0.217684379215056,-0.613152860455971,0.2272174219456215,-1.0051685914867188,-0.5228419254084067
151,2691904850,-9.604874,-0.233902,-0.665089,0.330295,-0.435198,-0.268434,-0.517075,-0.464775,-0.560811,0.449564,-9.574703623663378,-0.22605737906554826,-0.6240583960658062,0.7598333518052615,-0.6508482015876965,-0.17627436304165278
152,2691921517,-9.575407,-0.241278,-0.645422,1.455013,-0.572649,0.193959,-0.516902,-0.46476,-0.560899,0.449669,-9.572364946799157,-0.21908229367375393,-0.6246413458092994,1.0869120286093936,-0.3040630407171308,0.030815777727369473
153,2691938184,-9.535524,-0.220008,-0.586426,0.349402,0.231686,-0.024588,-0.516725,-0.464696,-0.561135,0.449645,-9.578844982123606,-0.19499798332424675,-0.6104221029518004,1.1101279668203756,-0.3288210690087918,0.0671307849864345
154,2691954851,-9.600644,-0.146106,-0.580319,0.936868,-0.344606,-0.129178,-0.516548,-0.464629,-0.561295,0.449716,-9.59008745921678,-0.17074166773387803,-0.5888580483759581,0.7263468533819846,-0.7432542319496085,-0.06673507033983486
155,2691971518,-9.622557,-0.117619,-0.60959,0.577752,-1.685226,-0.258202,-0.516496,-0.464438,-0.561387,0.449858,-9.597125488690567,-0.16833642857574996,-0.5776133042387842,-0.0848570753347397,-1.1921023762518401,-0.3189497883508921
156,2691988185,-9.613804,-0.225507,-0.593461,-1.629006,-1.788752,-0.469122,-0.516588,-0.464057,-0.56163,0.449843,-9.594744337742801,-0.19514161388884121,-0.592731371691981,-1.1103792991312165,-1.3011200646622483,-0.5639202071564988
157,2692004852,-9.544896,-0.2713,-0.586876,-1.405548,-1.719111,-0.444227,-0.51666,-0.463699,-0.561862,0.449839,-9.586662151355597,-0.23860125895028722,-0.6340615453892949,-1.8837987133748455,-1.0744978821690403,-0.6240707748069825
158,2692021519,-9.577239,-0.266714,-0.658976,-2.280619,0.344613,-0.740092,-0.516604,-0.463386,-0.562326,0.449647,-9.580346617518499,-0.2789203291500864,-0.6793623917896965,-1.9212302736940519,-0.895465884490547,-0.3682092889326126
159,2692038186,-9.588652,-0.290983,-0.753504,-1.529949,-0.080168,0.000788,-0.51658,-0.463162,-0.562659,0.449489,-9.57812198597226,-0.3041002183723219,-0.6973731166896605,-1.0853829286378365,-1.0958448638289786,0.1628114533729736
160,2692054853,-9.590528,-0.294064,-0.737452,0.45362,-3.16126,0.94021,-0.516736,-0.462963,-0.562568,0.44963,-9.575952896619034,-0.314016055532583,-0.6744684440933376,0.22699814294636037,-1.569130584085505,0.7300963267919648
161,2692071520,-9.566632,-0.358302,-0.557114,1.212115,-1.904996,1.297021,-0.516761,-0.462932,-0.562497,0.449722,-9.570555855663862,-0.3153993573770859,-0.6297858798774943,1.2935564269062878,-1.8693185845417466,1.0427734729589853
162,2692088187,-9.560157,-0.319618,-0.559283,2.361548,-1.240116,0.980166,-0.516634,-0.463005,-0.562422,0.449887,-9.565029467181736,-0.31515749204682814,-0.5996816593336729,1.571386273365122,-1.670389651933806,0.9752634351567402
163,2692104854,-9.565233,-0.269898,-0.6173,1.180662,-1.499726,0.391573,-0.516568,-0.462924,-0.562444,0.450017,-9.566132668509466,-0.3142917864536519,-0.6055198226052629,1.096723781103414,-1.0791312322345437,0.6603666324019335
164,2692121521,-9.566562,-0.296478,-0.7026,-0.15999,0.084029,0.443273,-0.516467,-0.46285,-0.56267,0.449926,-9.576641615653237,-0.30446957136391484,-0.6380898315074945,0.40055519952219365,-0.5187324309234909,0.37450043046710974
165,2692138188,-9.599256,-0.292151,-0.630267,-0.516493,-0.535818,0.354973,-0.516435,-0.462701,-0.562878,0.449855,-9.5911439566536,-0.2744190100718317,-0.6715012612600676,-0.021711543913028902,-0.35712880563614313,0.3235375112522728
166,2692154855,-9.607291,-0.27187,-0.689217,-0.720383,-0.326344,0.246324,-0.516393,-0.462542,-0.563123,0.449761,-9.59953623341764,-0.22733477893297885,-0.6877038845003751,-0.18306045768021376,-0.6378619454455225,0.5075686171100622
167,2692171522,-9.584597,-0.192086,-0.722952,0.504359,-1.617391,0.988477,-0.516422,-0.462451,-0.563141,0.449799,-9.595029806697562,-0.19289262591318218,-0.6877541450463753,-0.50828936136961,-1.1147471389250765,0.7561306851148074
168,2692188189,-9.595192,-0.199041,-0.636672,0.094133,-1.802609,1.151886,-0.516504,-0.462331,-0.563161,0.449803,-9.57969591089439,-0.21280980960681092,-0.6843807531257426,-1.226154783355403,-1.5051314963494695,0.8860969396992986
169,2692204856,-9.552455,-0.230193,-0.680652,-2.658598,-1.269084,0.641169,-0.516695,-0.461997,-0.563435,0.449584,-9.56293754115633,-0.30256906679178897,-0.686975416809494,-1.9176102511713862,-1.7000022996110276,0.8433041544448225
170,2692221523,-9.552756,-0.426645,-0.71661,-3.147954,-1.416472,0.508034,-0.516921,-0.461606,-0.563739,0.449345,-9.554045169753728,-0.4231556848538975,-0.6934036227180718,-1.802946382441329,-1.7549962034248865,0.7122715306068316
171,2692238190,-9.54048,-0.537656,-0.730702,-0.462117,-2.078765,0.748947,-0.517037,-0.461392,-0.563801,0.449352,-9.554920292011952,-0.4978402796087789,-0.6943287122174502,-0.5474955632062353,-1.7402514402908678,0.6083315943509162
172,2692254857,-9.570065,-0.541702,-0.630965,1.536423,-1.758991,0.568416,-0.516981,-0.461335,-0.563769,0.449515,-9.559597290640966,-0.46962148614948646,-0.6826979444021314,1.2685105521739375,-1.6539437542304027,0.5739406034502206
173,2692271524,-9.586055,-0.351784,-0.656366,2.893716,-1.37617,0.536528,-0.516801,-0.461403,-0.563679,0.449766,-9.56156137050137,-0.35052542131182884,-0.6578874523210778,2.5638133641145098,-1.4749353057614356,0.5713411590338447
174,2692288191,-9.541536,-0.135451,-0.639903,4.172545,-1.30174,0.67266,-0.516537,-0.461583,-0.563501,0.450107,-9.5617259603585,-0.2142422330270343,-0.6239992914770621,2.679404522934653,-1.2493635712572124,0.552452189055034
175,2692304858,-9.572711,-0.081709,-0.615249,0.952895,-1.024598,0.552428,-0.516459,-0.461529,-0.563564,0.450174,-9.56810715495367,-0.13583082214198364,-0.5884280329090885,1.9025522298962607,-1.0939262191141428,0.5228094448496763
176,2692321525,-9.583494,-0.175913,-0.538336,-0.214686,-1.172806,0.371903,-0.516459,-0.461362,-0.563703,0.450169,-9.5863795836576,-0.1347262524574049,-0.5608786504381235,1.0860289224031683,-1.111261422501968,0.5398741769384924
177,2692338192,-9.581115,-0.213645,-0.525477,0.544161,-1.15845,0.638454,-0.516425,-0.461276,-0.563776,0.450205,-9.610637407013497,-0.17281024833501954,-0.5484802103274882,0.787391962445503,-1.2949964285982198,0.6546192527956531
178,2692354859,-9.65564,-0.238559,-0.549842,1.833312,-1.527695,0.963876,-0.516356,-0.461289,-0.563716,0.450348,-9.624994215216747,-0.2022771583230722,-0.5498067605544175,0.8381375215564684,-1.504726890937124,0.8567130135833956
179,2692371526,-9.624835,-0.191824,-0.593028,1.998796,-1.558981,1.132549,-0.516289,-0.461326,-0.56363,0.450493,-9.616922431559486,-0.2107685597640911,-0.5565216855014208,0.7362424158229884,-1.5456809395066635,1.0711065953422982
180,2692388193,-9.605172,-0.165875,-0.564662,-0.438528,-1.320091,1.101391,-0.516365,-0.461193,-0.563725,0.450424,-9.590635131511188,-0.2214198184872734,-0.5628684449534416,0.31822402228093605,-1.3176071038607597,1.197938425415965
181,2692404860,-9.537134,-0.262006,-0.562091,-1.067896,-1.355654,0.951531,-0.516475,-0.460999,-0.563867,0.450318,-9.566204066840012,-0.25587568803371663,-0.5712969722129991,-0.08179876815637963,-0.927962010524929,1.1624404808646305
182,2692421527,-9.553368,-0.280705,-0.547961,0.244633,-0.348781,1.280565,-0.516437,-0.460996,-0.563978,0.450227,-9.562895861388569,-0.30385890274184396,-0.5861727571846347,-0.0936154323549729,-0.6535269722911901,0.9615226419285506
183,2692438194,-9.577047,-0.384465,-0.616078,-0.163998,-0.420138,0.83977,-0.516403,-0.460921,-0.564139,0.450141,-9.58180168713899,-0.3311916472405357,-0.60367838980627,0.21889199096515544,-0.7355461024363741,0.6927552995800879
184,2692454861,-9.623134,-0.359811,-0.642674,1.238419,-1.218716,0.274626,-0.516304,-0.460853,-0.564186,0.450265,-9.60487546911452,-0.3161885643784124,-0.6122942993739326,0.4210638096702767,-1.159951673482244,0.5198515179937839
185,2692471528,-9.629424,-0.240067,-0.613272,0.714498,-1.626163,0.377307,-0.516279,-0.460727,-0.564231,0.450366,-9.611613482859232,-0.27505942287522084,-0.6048414180097407,0.19148214835294208,-1.636705506460605,0.5563200887659189
186,2692488195,-9.595287,-0.212883,-0.564567,-0.809976,-2.244863,0.810738,-0.516436,-0.460482,-0.564299,0.450351,-9.597220939013642,-0.24857803826242603,-0.5875307013725912,-0.3365038530995017,-1.83336122802291,0.7527850776718752
187,2692504862,-9.552432,-0.233183,-0.561239,-1.288165,-1.871456,1.003627,-0.516607,-0.460241,-0.564414,0.450257,-9.575207233104816,-0.262875003784217,-0.5746911022015411,-0.743619530732996,-1.6631392493587012,0.9148063188873587
188,2692521529,-9.565149,-0.334431,-0.583402,-1.74954,-0.954739,1.02664,-0.516735,-0.460027,-0.564626,0.450062,-9.563276723560806,-0.30456194741730663,-0.575240767086427,-0.787648232622864,-1.3481345848555377,0.8630782226875188
189,2692538196,-9.555986,-0.378414,-0.5796,1.365304,-0.792611,0.727779,-0.516622,-0.460034,-0.564667,0.450134,-9.567288790355068,-0.3350610421640013,-0.5858563552511611,-0.6243961634005628,-1.188707642055918,0.5919699632671471
190,2692554863,-9.591686,-0.330063,-0.645154,-0.834206,-1.316262,-0.050252,-0.516648,-0.459777,-0.564864,0.450119,-9.578376782444188,-0.32813163315924354,-0.5965365344207187,-0.564950135096518,-1.27328099783698,0.26978907841388755
191,2692571530,-9.610174,-0.272306,-0.539083,-1.396328,-1.916611,-0.193414,-0.516751,-0.459427,-0.565063,0.450109,-9.584219642244205,-0.2926934480990049,-0.6003471380120515,-0.7010690562365995,-1.4269435076473729,0.08170996175693893
192,2692588197,-9.559502,-0.232177,-0.634135,-0.746585,-1.545842,0.409067,-0.51682,-0.459199,-0.565206,0.450082,-9.581723621864555,-0.26134072235365247,-0.5970455760470693,-0.825388646384718,-1.4340008499507586,0.07855941843970872
193,2692604864,-9.59082,-0.258288,-0.570566,-0.49056,-1.075234,0.339452,-0.516829,-0.459015,-0.565373,0.45005,-9.578188558908689,-0.26021949458807336,-0.5895665774600498,-0.6637475562957451,-1.275409174987108,0.17758769090459847
194,2692621531,-9.535851,-0.311114,-0.580006,-0.104218,-1.023752,0.188785,-0.516798,-0.458852,-0.565528,0.450058,-9.581046409853876,-0.29042208622969107,-0.5798411326905483,-0.12227575686952971,-1.1310952518861175,0.2835520839248237
195,2692638198,-9.609186,-0.360858,-0.577011,0.307077,-0.916077,0.307512,-0.516738,-0.458736,-0.565657,0.450083,-9.588680209544355,-0.33388532256701864,-0.5687576911989358,0.6589816393883036,-1.1712210284098332,0.37783727468402345
196,2692654865,-9.637263,-0.357703,-0.570322,1.685732,-1.718062,0.370891,-0.516656,-0.458677,-0.56563,0.450271,-9.592763399386822,-0.37111476769250257,-0.5589371700529511,1.4275317532274547,-1.3701163446440985,0.49423088266403753
197,2692671532,-9.561723,-0.354404,-0.536561,2.853543,-1.439587,0.803566,-0.516502,-0.458759,-0.56552,0.450503,-9.588169985596295,-0.3917476970282622,-0.5556180413166785,1.985460190791227,-1.520513018965426,0.6432868418808119
198,2692688199,-9.552137,-0.401266,-0.569664,0.682572,-1.333589,0.722208,-0.516478,-0.458678,-0.565565,0.450556,-9.577857072838121,-0.3938578623512977,-0.563164071350614,2.275110909362378,-1.4169685952652382,0.7841528374702254
199,2692704866,-9.583167,-0.438009,-0.569123,2.90528,-1.394996,0.857955,-0.516321,-0.458771,-0.56545,0.450785,-9.568353894828979,-0.38097512869126865,-0.5800825014042238,2.352079289147792,-1.039292516817818,0.8655655399364711
200,2692721533,-9.570998,-0.325112,-0.618938,3.0921,-0.54167,1.092106,-0.516095,-0.458954,-0.565372,0.450956,-9.563850888879838,-0.3613805604356407,-0.5978727722534138,2.3320115924876097,-0.5854092437038212,0.8810663734400339
201,2692738200,-9.575931,-0.31825,-0.584415,1.81377,0.249269,0.641541,-0.515861,-0.459055,-0.565467,0.451002,-9.56574318247442,-0.34496179115321074,-0.6055869868999335,2.3671374604116586,-0.32632875510018655,0.8775331036135834
202,2692754867,-9.564334,-0.360925,-0.614614,2.763117,-0.701007,0.904493,-0.515658,-0.459187,-0.56541,0.45117,-9.574414690709302,-0.336339861645662,-0.597009114687262,2.5798861409785947,-0.39931659062673747,0.9070001058051159
203,2692771534,-9.572701,-0.337133,-0.556953,2.178789,-0.881807,1.026666,-0.515518,-0.459273,-0.565371,0.451293,-9.587854923983429,-0.33167563242524956,-0.5757725616571062,2.9223547960954224,-0.7110424028804156,0.9694771571177324
204,2692788201,-9.60141,-0.318103,-0.596629,3.484755,-0.957838,0.979231,-0.515293,-0.459448,-0.565243,0.451531,-9.59925340762658,-0.32385760494064153,-0.554972349804225,3.119969419602341,-1.020521149332601,1.0057879363278517
205,2692804868,-9.612562,-0.30621,-0.509723,3.194934,-0.866695,0.993753,-0.515081,-0.459609,-0.565139,0.451739,-9.599877766358594,-0.31085809868054465,-0.5499960006210408,2.859425796826762,-1.1160529376358512,0.9505852077609028
206,2692821535,-9.598104,-0.30728,-0.56535,2.620378,-1.195921,0.869993,-0.514926,-0.459695,-0.565058,0.451931,-9.587146093516521,-0.29943244983673506,-0.5675377125821227,2.1060086906349156,-0.956840502226812,0.7973318827027456
207,2692838202,-9.575501,-0.31996,-0.600845,0.561206,-0.980979,0.529062,-0.514869,-0.459612,-0.56515,0.451965,-9.569185240450857,-0.3013570993785565,-0.5989794736769836,1.2209232522408928,-0.7047025363274656,0.6165563248863319
208,2692854869,-9.516621,-0.284956,-0.645405,0.365948,-0.4912,0.484266,-0.514782,-0.459543,-0.565294,0.451953,-9.558823379966205,-0.32446372945976293,-0.6253978556559369,0.7088904134509302,-0.6180587522192769,0.5097149285150012
209,2692871536,-9.56247,-0.359599,-0.630086,0.795985,-0.237673,0.581056,-0.514651,-0.459532,-0.565423,0.451952,-9.561907487208272,-0.36460838033769405,-0.6315136816200767,0.8160749655885271,-0.8440297565649119,0.5345980060576007
210,2692888203,-9.611928,-0.439299,-0.608982,2.00502,-1.258698,0.558632,-0.514522,-0.459541,-0.565398,0.452121,-9.57251992601213,-0.4062535728283535,-0.6168936486618924,1.361126534217676,-1.264824771027618,0.661323714912877
211,2692904870,-9.576174,-0.439066,-0.595569,1.681915,-2.226218,0.842741,-0.514513,-0.459486,-0.565302,0.452306,-9.57997553155256,-0.43302843783911127,-0.5953331382615563,1.926956062211562,-1.578439884246582,0.794510821842543
212,2692921537,-9.557155,-0.42534,-0.58519,2.250479,-1.905598,0.958382,-0.514447,-0.459505,-0.565186,0.452508,-9.578811759839757,-0.43892171656301404,-0.5840255128098789,2.1890937778420407,-1.5789905217867677,0.8465561218849242
213,2692938204,-9.568871,-0.41339,-0.589926,1.939323,-0.846846,0.826618,-0.514307,-0.459559,-0.565177,0.452624,-9.57147560968574,-0.42965875688618926,-0.5913621345573535,2.0935248851198978,-1.3520305525369856,0.8039609487376136
214,2692954871,-9.587354,-0.423643,-0.594102,2.041531,-0.689379,0.619616,-0.514133,-0.459614,-0.565188,0.452753,-9.563944123944914,-0.4151624567300961,-0.6116633242827114,1.8016461854283086,-1.167047898899244,0.7283780416122076
215,2692971538,-9.546376,-0.415447,-0.644912,1.177934,-1.563476,0.622792,-0.514088,-0.459546,-0.56519,0.452869,-9.560839961247018,-0.4026401002836601,-0.6301366481468884,1.513112808604654,-1.1947220764891624,0.6907623110838489
216,2692988205,-9.557478,-0.391952,-0.663063,1.376061,-1.310102,0.656473,-0.514012,-0.459514,-0.565195,0.452982,-9.563208968538618,-0.3956190879684346,-0.6346460939789239,1.3212317500622643,-1.364423915303521,0.7065054808578002
217,2693004872,-9.587366,-0.380346,-0.591832,1.21214,-2.033431,0.919349,-0.514023,-0.459443,-0.56514,0.45311,-9.568341766497003,-0.3958310855948505,-0.6250846295010113,1.1989382589002888,-1.4811765667728403,0.7419885281800453
218,2693021539,-9.538276,-0.422569,-0.625194,1.328806,-1.058509,0.908079,-0.513946,-0.459444,-0.56515,0.453184,-9.571563302401477,-0.40352701599729185,-0.612215660035571,1.1102840142067103,-1.4222530393212822,0.7816011663461626
219,2693038206,-9.59858,-0.411442,-0.587836,1.160121,-0.770468,0.753788,-0.513846,-0.459438,-0.565204,0.453236,-9.570189967071387,-0.41578440512841625,-0.6072911884710005,1.132676253006823,-1.199766161538627,0.8676220746122572
220,2693054873,-9.584081,-0.427287,-0.63696,1.386614,-1.186867,0.806448,-0.513769,-0.459427,-0.565208,0.45333,-9.567128180584533,-0.424690589585494,-0.6122102331283855,1.4458577112292215,-0.8899529395013578,1.0531965275049822
221,2693071540,-9.539912,-0.382656,-0.591891,2.14621,-0.86124,1.42575,-0.513655,-0.459544,-0.565145,0.453419,-9.569456934199904,-0.4179165317462886,-0.6186078351690092,2.1534801299803172,-0.5765752707263773,1.3184203243969614
222,2693088207,-9.573185,-0.407149,-0.623056,2.492596,-0.178623,1.678932,-0.513478,-0.459754,-0.565092,0.453472,-9.581074416313465,-0.38473775608852623,-0.6161090195493291,3.0804277702604024,-0.36669425618804485,1.554253119233071
223,2693104874,-9.590668,-0.368687,-0.646487,3.889231,-0.365813,1.692583,-0.513224,-0.460056,-0.564933,0.453651,-9.596497920372492,-0.32675151380135065,-0.602737648520155,3.769630128352002,-0.389498920463368,1.6430157098932554
224,2693121541,-9.64534,-0.241027,-0.566143,4.814029,-0.80785,1.464438,-0.512929,-0.46038,-0.564695,0.453952,-9.604263940816734,-0.2640160935251391,-0.5879435567153026,3.763947201543021,-0.7074907572718897,1.553998364992125
225,2693138208,-9.590673,-0.196042,-0.531253,2.378453,-0.784671,1.284535,-0.512784,-0.460508,-0.564632,0.454066,-9.597823171113893,-0.2261972147408161,-0.5840014450711206,2.974002307763855,-1.209553509595069,1.363710132548832
226,2693154875,-9.560686,-0.241526,-0.62186,1.838883,-1.755558,1.367635,-0.51276,-0.460539,-0.564526,0.454193,-9.582033045724332,-0.23218290350976806,-0.5937101533809707,1.792172768747523,-1.6234425795186005,1.19489471941094
227,2693171542,-9.558432,-0.272016,-0.652121,0.510916,-2.036491,0.978898,-0.512822,-0.46042,-0.564512,0.45426,-9.568365252957744,-0.27593367653064776,-0.6079205443888843,0.8227568453266274,-1.6969140140163466,1.134648698805328
228,2693188209,-9.593419,-0.352048,-0.580289,0.483702,-1.576769,1.164398,-0.512861,-0.460345,-0.564523,0.454279,-9.565023923233309,-0.33199905546528846,-0.6150935304345587,0.4577797714091598,-1.4212185650600584,1.1887921360141653
229,2693204876,-9.567874,-0.370192,-0.60169,0.761254,-1.043961,1.392902,-0.512852,-0.460345,-0.564539,0.454269,-9.571793954262937,-0.37547215723265054,-0.6110993671920385,0.6508284241598957,-1.0733634948719466,1.2944654839166905
230,2693221543,-9.559324,-0.414578,-0.61897,0.960713,-0.465549,1.407924,-0.512784,-0.460398,-0.564585,0.454235,-9.581856294552892,-0.39874786744596685,-0.6000306430576606,1.0407647656418761,-0.9832480497000451,1.3769382316908894
231,2693238210,-9.590075,-0.399907,-0.575668,1.52783,-0.656505,1.405695,-0.512693,-0.460482,-0.564579,0.454261,-9.587065381141503,-0.4117994605006444,-0.5890047734293413,1.2904071793126413,-1.218632414467526,1.4060563100357597
232,2693254877,-9.626019,-0.401244,-0.600316,1.724919,-2.609486,1.312286,-0.512743,-0.460443,-0.56442,0.45444,-9.583599061090647,-0.4275956373161801,-0.583595021398913,1.359006117748977,-1.513763695031397,1.4073384813209528
233,2693271544,-9.54504,-0.450943,-0.568053,1.07606,-1.769684,1.45062,-0.512777,-0.460423,-0.564358,0.4545,-9.574789361601258,-0.4470527929636925,-0.585661014823042,1.4879378763439366,-1.533703349835629,1.4253998285013725
234,2693288211,-9.548421,-0.48028,-0.597502,1.496813,-0.724635,1.524974,-0.512702,-0.460509,-0.564341,0.454518,-9.567896761449484,-0.45793504960532727,-0.5927725748969722,1.9097964402119423,-1.1952521919187367,1.4804633790784307
235,2693304878,-9.579403,-0.457046,-0.597951,2.48563,-0.108611,1.482175,-0.512507,-0.460706,-0.564307,0.45458,-9.567211033671857,-0.4483288558487433,-0.5997627188621658,2.546836420736386,-0.7161844051433777,1.556013521135927
236,2693321545,-9.596675,-0.410946,-0.604728,3.744238,-1.217641,1.714969,-0.512335,-0.460942,-0.564093,0.454802,-9.570997449011452,-0.42067667804295905,-0.6026712523919104,3.0042155402444393,-0.39348214043994484,1.6200843246126455
237,2693338212,-9.547295,-0.383726,-0.636398,2.355607,-0.221678,1.593578,-0.512165,-0.461131,-0.564052,0.454852,-9.575133873277036,-0.3922801424195047,-0.6020979389997893,2.8957896307839857,-0.3710866556530271,1.6567463045641775
238,2693354879,-9.582178,-0.382001,-0.547068,2.881589,-0.104397,1.680264,-0.511956,-0.461375,-0.563978,0.454931,-9.57817379980029,-0.3819138246204468,-0.601765458552387,2.2158701101173235,-0.5752551616091571,1.6832219315448118
239,2693371546,-9.602378,-0.404654,-0.606472,1.06812,-1.074299,1.861614,-0.51196,-0.461434,-0.563941,0.454913,-9.582356671031407,-0.39422093330614455,-0.6031144848264364,1.4149915144246434,-0.8030233061654761,1.7393285062006676
240,2693388213,-9.567618,-0.390958,-0.633612,1.221707,-1.194474,1.797301,-0.511959,-0.461492,-0.563888,0.454922,-9.590393244528038,-0.4138268976287551,-0.602896996502682,1.080178935227623,-0.8802218706182741,1.8503295415842373
241,2693404880,-9.615443,-0.418105,-0.597026,0.670137,-0.728873,1.730938,-0.511952,-0.461534,-0.56391,0.454858,-9.601088649293116,-0.4137175579423033,-0.5977905973526896,1.4427535025855645,-0.791085693946812,1.9863047062097896
242,2693421547,-9.567709,-0.388085,-0.591919,1.977332,-0.33171,2.174063,-0.511856,-0.461734,-0.563848,0.454841,-9.607811072441741,-0.374274657877089,-0.5899784807897742,2.1143452269028766,-0.6761428609883795,2.0633345096106357
243,2693438214,-9.661223,-0.318034,-0.55025,3.293274,-0.843798,2.297325,-0.511721,-0.462009,-0.563651,0.454957,-9.602923195347762,-0.3018966741180197,-0.5854906288689479,2.3270362512843765,-0.689863939026818,2.0115807616955323
244,2693454881,-9.561165,-0.244472,-0.601069,1.899995,-0.686702,1.865162,-0.511636,-0.462158,-0.563585,0.454983,-9.585918706050695,-0.23220045822125587,-0.5873037713090546,1.54031726127445,-0.8524113091370633,1.8580065219560582
245,2693471548,-9.586131,-0.165868,-0.614677,-0.740578,-1.257404,1.374256,-0.511745,-0.462031,-0.563687,0.454865,-9.566859341603287,-0.2100820581923173,-0.5927437504207765,-0.08640162924345729,-1.040151693849182,1.7270103400665646
246,2693488215,-9.518674,-0.23759,-0.580418,-2.009022,-1.04875,1.752018,-0.511944,-0.461856,-0.563859,0.454604,-9.55928097743116,-0.25779190639353494,-0.5984937292781128,-1.7619729239950703,-1.1182756669236573,1.7404294681296404
247,2693504882,-9.581453,-0.3733,-0.631333,-2.248181,-1.320796,2.128115,-0.512199,-0.461685,-0.563995,0.454321,-9.568057649769848,-0.3564727326978683,-0.6058372067201852,-2.5933284210410164,-1.083252654752609,1.9166194481018335
248,2693521549,-9.588968,-0.498341,-0.593048,-2.310624,-1.061992,2.153023,-0.512444,-0.461523,-0.564157,0.454009,-9.584564434762664,-0.4579052487695151,-0.6183918107505268,-2.146553218884167,-1.0742156162028131,2.1653162844424196
249,2693538216,-9.601439,-0.514732,-0.615372,-0.704196,-0.731947,2.321823,-0.512569,-0.461511,-0.56423,0.453788,-9.59446800212914,-0.5163018402883022,-0.6346371012862912,-0.6825348835333089,-1.2306620638888426,2.3610669901445265
250,2693554883,-9.615949,-0.483558,-0.652996,0.559439,-1.518897,2.327048,-0.512674,-0.461542,-0.564161,0.453725,-9.590200488223388,-0.5130608233226257,-0.6454405414747961,1.01592710833925,-1.5282726741323098,2.4132412540115538
251,2693571550,-9.521428,-0.456003,-0.700333,2.843016,-2.344343,2.334489,-0.512694,-0.461688,-0.56388,0.453902,-9.575935647032262,-0.4585639566293263,-0.6421125225539802,2.1006209507238522,-1.7678446542964472,2.293643846510721
252,2693588217,-9.577024,-0.376189,-0.591287,2.822526,-1.525774,2.194554,-0.51264,-0.461875,-0.563671,0.454033,-9.562035312896786,-0.3789090063955019,-0.6269365118147916,2.133418585010382,-1.7475471086465624,2.03665364898888
253,2693604884,-9.585523,-0.320548,-0.592345,0.239178,-1.309565,1.605769,-0.512698,-0.461841,-0.563684,0.453987,-9.55665684264656,-0.30399722482818337,-0.6128241333854533,1.2672402040967974,-1.456282156976464,1.722977688831587
254,2693621551,-9.5486,-0.294553,-0.603156,-0.757982,-1.55382,1.31582,-0.512831,-0.461684,-0.56377,0.453889,-9.56181219770598,-0.2615358286905935,-0.6112942438526678,0.024088993217611876,-1.1043822257968376,1.4429467351424925
255,2693638218,-9.548671,-0.230779,-0.65706,0.017756,-0.505659,1.339025,-0.512825,-0.461659,-0.563879,0.453785,-9.573603670085253,-0.26919159842282964,-0.6225610666606143,-1.0744116812629312,-0.9636238325739014,1.2559371137956452
256,2693654885,-9.596827,-0.293836,-0.63745,-1.285437,-0.974051,1.339563,-0.512944,-0.461507,-0.564039,0.453607,-9.584354883005156,-0.32187210455043364,-0.6377870815168053,-1.6899660007162238,-1.149333522458258,1.1785915028915919
257,2693671552,-9.608225,-0.383564,-0.640776,-2.095695,-1.648907,1.07962,-0.513156,-0.461228,-0.56422,0.453426,-9.587189731939022,-0.38645872204026827,-0.6480221137823956,-1.6593618220489035,-1.5260631217839948,1.2027179314388368
258,2693688219,-9.583546,-0.461041,-0.614973,-1.404844,-2.204216,1.236946,-0.513378,-0.460975,-0.564304,0.453326,-9.581443974666465,-0.41872225103352445,-0.6492742202081746,-1.023965046885491,-1.8250451525335936,1.3104261999182991
259,2693704886,-9.541932,-0.425282,-0.696008,-0.639882,-1.936884,1.463529,-0.513544,-0.460815,-0.564344,0.453253,-9.573115695510635,-0.3963566740703239,-0.6420050996488391,-0.11611941324325023,-1.870634727775768,1.4748968896526577
260,2693721553,-9.572118,-0.324289,-0.600106,1.304986,-1.346434,1.839408,-0.513554,-0.46087,-0.564273,0.453273,-9.568801287989043,-0.3395907229174191,-0.6297276483861237,0.544018642328955,-1.7011450402282269,1.668641123975516
261,2693738220,-9.58567,-0.265651,-0.630144,1.513986,-1.28212,1.872551,-0.513549,-0.460946,-0.564193,0.453301,-9.569992516811087,-0.29650329821864735,-0.6179354861667496,0.6197028085985513,-1.486221545664585,1.882745482480752
262,2693754887,-9.581668,-0.270731,-0.595864,-0.307852,-1.617634,2.049445,-0.513704,-0.46088,-0.564194,0.453191,-9.573887307171313,-0.3029252155457215,-0.6112435626034038,0.2648009258779478,-1.3614242940735608,2.123521390331567
263,2693771554,-9.563207,-0.377716,-0.618348,-0.838726,-1.646282,2.248814,-0.51391,-0.460788,-0.564216,0.453024,-9.577866635382053,-0.35270561479225976,-0.6097892512883637,-0.010002165218938347,-1.352724816919666,2.3724197489053642
264,2693788221,-9.583906,-0.419311,-0.601294,0.314543,-1.012611,2.6187,-0.514008,-0.460859,-0.56418,0.452885,-9.581169545411472,-0.4050791102724301,-0.6089771993050173,0.17693634468509659,-1.4154053002621891,2.555139554971953
265,2693804888,-9.567539,-0.449364,-0.620481,1.007738,-1.548621,2.651164,-0.51411,-0.460944,-0.56406,0.452832,-9.583215986878345,-0.42091574804696325,-0.6036873297854818,0.7386478458558868,-1.4916285943852172,2.575671942424072
266,2693821555,-9.602287,-0.403406,-0.596565,1.479819,-1.664057,2.470069,-0.514176,-0.461043,-0.563912,0.45284,-9.583180987568934,-0.393713641741997,-0.5928511577732354,1.2585585772400154,-1.5308532110303261,2.401771882671041
267,2693838222,-9.605452,-0.287381,-0.557483,1.747561,-1.436847,2.095958,-0.514181,-0.461148,-0.563788,0.452884,-9.582143504051048,-0.34860587366056,-0.5796135402314709,1.42014362514442,-1.496962342424296,2.1200057434607444
268,2693854889,-9.550455,-0.307916,-0.550043,0.946165,-1.348944,1.793856,-0.514211,-0.461174,-0.563743,0.452878,-9.583304696070805,-0.3147655359369888,-0.5675899017373706,1.2758303113019407,-1.3839427134214233,1.8956595760907868
269,2693871556,-9.56578,-0.315806,-0.617849,0.689231,-1.31155,1.839395,-0.514262,-0.461184,-0.563717,0.452844,-9.587759300348242,-0.30114328344385305,-0.5584384844486381,1.1276246038152793,-1.2258997929009652,1.8603971170821647
270,2693888223,-9.616612,-0.342074,-0.526496,1.279668,-0.941228,2.04559,-0.514253,-0.461282,-0.563663,0.45282,-9.591469536024958,-0.29780680670949505,-0.5529618634445976,1.1979482116721354,-1.087623662757869,2.0170804699632336
271,2693904890,-9.622125,-0.283945,-0.519636,1.821364,-1.243689,2.299899,-0.51425,-0.461422,-0.563534,0.452842,-9.589688268277452,-0.29505846759505844,-0.5519395091639028,1.4348584574460577,-1.0390809410332784,2.234431081832607
272,2693921557,-9.555081,-0.28721,-0.587135,1.502755,-1.072122,2.213789,-0.514247,-0.461543,-0.563444,0.452834,-9.584233410570802,-0.2948430960168742,-0.5544153593028257,1.6041341143058836,-1.1203251469127147,2.331798437065838
273,2693938224,-9.584713,-0.262116,-0.55637,1.339154,-1.026365,2.251644,-0.514257,-0.461654,-0.563369,0.452802,-9.582800419625272,-0.30254801696899963,-0.5570586921283738,1.530026544214792,-1.3075041165494696,2.1965024725570723
274,2693954891,-9.564404,-0.319757,-0.550537,1.674373,-1.792799,2.054977,-0.514289,-0.461731,-0.563221,0.452871,-9.58944252418201,-0.3131613360466685,-0.5570421906926508,1.253633113577851,-1.507502084229103,1.8619083562680991
275,2693971558,-9.605618,-0.3413,-0.554558,1.016049,-1.546649,1.465821,-0.514309,-0.461724,-0.563177,0.452911,-9.598331480571403,-0.3121486085361471,-0.5549336066227891,0.9940599442113989,-1.6066992452749196,1.4893211061621099
276,2693988225,-9.637234,-0.326922,-0.560591,-0.005225,-1.514684,0.956103,-0.514363,-0.461598,-0.563239,0.452901,-9.600103519553329,-0.2914381812480212,-0.5538638711622693,0.9617375580631852,-1.554385628556718,1.2455576648488833
277,2694004892,-9.601223,-0.247881,-0.541208,1.775363,-1.522867,1.116797,-0.514307,-0.461619,-0.563172,0.453026,-9.593982605220935,-0.25939782311926896,-0.5560669358564803,1.1847499029080166,-1.4162868924539265,1.1555967402632643
278,2694021559,-9.553526,-0.164352,-0.571554,2.066375,-1.479697,1.171032,-0.514243,-0.461656,-0.563095,0.453157,-9.590129848735154,-0.22873030075574957,-0.5603189108795659,1.4911928136900205,-1.3445376232446558,1.0619129425758913
279,2694038226,-9.575159,-0.169416,-0.56511,1.307906,-1.103562,0.918798,-0.514178,-0.461646,-0.563109,0.453224,-9.598111419081004,-0.19497746624079382,-0.5622362976499806,1.617867695015194,-1.4745297739832943,0.7429064616891365
280,2694054893,-9.623961,-0.204446,-0.540191,0.738894,-1.584402,0.30312,-0.514141,-0.461522,-0.563158,0.453331,-9.615862256109358,-0.13544476506286346,-0.5567248124537414,1.2902428480411507,-1.8341811298054458,0.07821969128610598
281,2694071560,-9.691339,-0.089628,-0.567791,0.060491,-2.826989,-1.205692,-0.514151,-0.461143,-0.563258,0.453581,-9.633789772433154,-0.03728322320823538,-0.540365729025734,0.2411284501053375,-2.3660047877172197,-0.9183817798731363
282,2694088227,-9.652634,0.112768,-0.509004,-0.839149,-3.606243,-2.552511,-0.514205,-0.460523,-0.563459,0.4539,-9.647953135992276,0.07403345090407841,-0.5121128323918728,-1.6981058201336796,-3.0463440149156176,-2.2432532891931314
283,2694104894,-9.604981,0.207507,-0.403902,-3.967741,-3.581847,-4.06626,-0.514354,-0.459563,-0.563955,0.454088,-9.66261541740244,0.14017216100683713,-0.47333268273593276,-4.4144926158619295,-3.9288513541115355,-4.058248301649279
284,2694121561,-9.635031,0.063658,-0.507458,-8.163807,-3.98576,-6.214693,-0.514682,-0.458074,-0.56485,0.454108,-9.677307754355148,0.10797859876834023,-0.43039842604074363,-7.457435205771563,-4.989307785113434,-6.645964822171249
285,2694138228,-9.750624,-0.057116,-0.424477,-11.340673,-6.326241,-10.217442,-0.515145,-0.455864,-0.566042,0.454323,-9.67745867844766,-0.03349270945223675,-0.39901218565058694,-10.243869259581787,-5.93386827946037,-10.150116807875627
286,2694154895,-9.683694,-0.208005,-0.356482,-11.350168,-7.051621,-14.436156,-0.515393,-0.453246,-0.567461,0.45489,-9.644800983699461,-0.2444386563538653,-0.40101392438803474,-12.287550447785202,-6.275598710016019,-14.32025548280653
287,2694171562,-9.505348,-0.41889,-0.412933,-12.738166,-5.330986,-18.176394,-0.515328,-0.450336,-0.569333,0.455515,-9.576631801915976,-0.45611363089423035,-0.44742079205454655,-13.126320137530776,-5.715207503771967,-18.508190565926636
288,2694188229,-9.483839,-0.676768,-0.538917,-11.45077,-4.520446,-21.907164,-0.514859,-0.447259,-0.571418,0.456465,-9.490922111953061,-0.6101026358948273,-0.5204968561127471,-12.039155478158365,-4.4926189916709784,-21.981719718228106
289,2694204896,-9.48208,-0.732085,-0.562562,-8.848981,-3.282853,-25.249029,-0.513888,-0.444172,-0.573633,0.457793,-9.411936694945085,-0.6957601702056403,-0.5778871711032209,-8.013936682448087,-3.367742097555077,-24.386868109024988
290,2694221563,-9.321256,-0.728599,-0.648463,-1.741898,-3.75551,-26.494421,-0.512407,-0.441474,-0.57541,0.45983,-9.349815576848572,-0.7600611939017089,-0.5825375549779145,-0.19434774562880852,-3.1989016675056208,-26.027823996163814
291,2694238230,-9.219743,-0.867601,-0.57438,13.076163,-3.924326,-26.678183,-0.509966,-0.439845,-0.576184,0.463122,-9.288933609259052,-0.8739262479840437,-0.5315630611128952,11.49064770371341,-4.363546120954185,-27.688026939166814
292,2694254897,-9.180783,-1.015972,-0.366215,29.437845,-4.565658,-28.76722,-0.506378,-0.439198,-0.575926,0.467969,-9.196197519315545,-1.0741407629577688,-0.45273061254509905,25.88334161365595,-6.3867334006106,-30.10454045277015
293,2694271564,-9.186237,-1.265771,-0.250766,36.281879,-10.197673,-34.018188,-0.502443,-0.438213,-0.575096,0.474114,-9.052726927872676,-1.3308097291213692,-0.3710558548181412,40.38534278259917,-8.116269154378857,-33.644986676842755
294,2694288231,-8.909347,-1.664024,-0.419415,45.727577,-9.135405,-40.829102,-0.497314,-0.437391,-0.574088,0.481447,-8.887462557712166,-1.5772978087485572,-0.28626177945436027,51.213149300459925,-8.467603118974871,-38.58264901328358
295,2694304898,-8.722559,-1.995584,-0.222081,57.044113,-6.249517,-46.505264,-0.490776,-0.437072,-0.572799,0.489905,-8.77142587204077,-1.7796025034838392,-0.19264239041598968,54.95471451280817,-7.249584621309507,-45.540029778241646
296,2694321565,-8.584546,-1.907888,-0.157522,64.885895,-3.834804,-53.444218,-0.48298,-0.436849,-0.57149,0.499291,-8.760040844125115,-1.9666213047260646,-0.11550397166732941,51.45721222002924,-5.440364646149897,-55.17137741569454
297,2694338232,-8.949635,-1.897587,-0.194911,40.222305,-7.508516,-63.985512,-0.476224,-0.43369,-0.572304,0.507534,-8.832133749612925,-2.1669988034431147,-0.10322661967829312,45.5624918971145,-4.71644133062012,-66.94000169905812
298,2694354899,-8.983681,-2.223248,0.233576,40.00346,-9.283628,-77.784409,-0.468541,-0.429174,-0.573799,0.516752,-8.891225015379675,-2.308459493487509,-0.16010449301602414,44.49895029652584,-6.452240598513495,-78.26191247943888
299,2694371566,-8.631058,-2.423981,-0.123876,44.405308,-2.420205,-90.607666,-0.458957,-0.42432,-0.576121,0.526683,-8.837275029948307,-2.214273138918295,-0.19401762367606645,51.60896340807173,-10.573404517145375,-85.46003307620309
300,2694388233,-8.997746,-1.765926,-0.598926,65.048874,-14.309925,-85.914635,-0.449347,-0.420227,-0.575642,0.53864,-8.64929030894008,-1.7579946213900413,-0.06963882033546748,61.963575091658285,-15.076325491664312,-86.24155488716715
301,2694404900,-8.133155,-1.198135,0.203681,68.465157,-25.005091,-79.673508,-0.4408,-0.415936,-0.573671,0.550993,-8.409961675710068,-1.062648277790038,0.2555013263041133,64.96479564843703,-17.234650836464745,-81.61681508032227
302,2694421567,-8.361359,-0.840508,1.101554,59.100357,-17.005236,-75.62709,-0.432376,-0.41193,-0.572589,0.561699,-8.251324262749336,-0.537572762147973,0.6584055854454383,52.74987575732512,-16.12179629658685,-75.50426749039309
303,2694438234,-8.01018,-0.139819,0.740364,28.555183,-13.004713,-72.713188,-0.425615,-0.406503,-0.573983,0.569342,-8.261801248779602,-0.648157527595191,0.9417960671360569,27.369534141504666,-14.015274004383038,-72.32374972697843
304,2694454901,-8.849525,-1.096443,1.147164,-2.317532,-8.120043,-72.749825,-0.420214,-0.399515,-0.578165,0.57405,-8.422046758563722,-1.5513162074683509,1.0062371503779068,0.1839335740580097,-14.68096416204303,-74.39547867971233
305,2694471568,-8.379696,-3.20625,1.149487,-27.989105,-21.026588,-80.630463,-0.416672,-0.389161,-0.584076,0.577748,-8.606505701085604,-2.905366087194378,0.9250569518066527,-16.510292107316783,-19.84456517406917,-80.80739629084547
306,2694488235,-8.374504,-4.514813,0.326227,-21.720854,-28.319082,-90.269508,-0.412507,-0.377682,-0.589456,0.582868,-8.640678513955887,-4.067406604679599,0.8451084122999499,-18.618045614926718,-27.41907408508152,-88.27315791332451
307,2694504902,-8.704309,-4.704242,0.570032,-2.130221,-37.546654,-93.56723,-0.407691,-0.366234,-0.592677,0.590249,-8.393569555638773,-4.547283924070564,0.8200629827317861,-12.183740480561916,-33.318074744253416,-93.28577084245103
308,2694521569,-8.001085,-3.952608,1.224592,5.355067,-36.079521,-93.156754,-0.402296,-0.355311,-0.595192,0.598045,-7.878647093357867,-4.334348773044294,0.7637811941613071,-6.792824609194079,-34.93942305331069,-94.14877492919459
309,2694538236,-7.370872,-3.752545,1.10988,-15.258974,-29.746393,-92.092819,-0.397425,-0.34375,-0.59969,0.60354,-7.293092136735033,-3.839427568863167,0.5830374648954108,-7.2386153169024485,-32.88118917604848,-91.68353844989855
310,2694554903,-6.435015,-3.542429,-0.076825,-19.552324,-23.507576,-89.394814,-0.392382,-0.332655,-0.60467,0.608071,-6.92139028280951,-3.5532265681247246,0.32343788490331904,-11.287139789024764,-29.622297834404435,-88.38976936127335
311,2694571570,-7.180681,-3.788847,-0.444611,-14.593637,-33.088306,-84.018333,-0.388343,-0.321406,-0.608292,0.613081,-6.941006571241656,-3.725914766422462,0.1306429925959669,-14.224800400128492,-27.099589713162956,-86.76191345959757
312,2694588237,-7.1745,-4.346987,0.40919,-10.508331,-28.065136,-88.599579,-0.383188,-0.31037,-0.611934,0.618363,-7.287314483833785,-4.2733316782014095,0.07213781209661055,-14.056753649164243,-25.708195528663513,-87.82270505145978
313,2694604904,-7.750136,-4.840459,-0.058839,-8.399183,-23.618437,-91.682594,-0.377191,-0.299518,-0.615656,0.623685,-7.7011959530446825,-4.899260910787127,0.06000907223170698,-12.174032477480843,-24.95545014317878,-90.73020753643515
314,2694621571,-8.233705,-5.243053,0.868553,-6.49902,-20.811455,-92.450745,-0.370717,-0.288897,-0.619272,0.628974,-7.921300751097325,-5.305272118399504,-0.020247424192911735,-10.448032790599266,-24.151641072596682,-93.62701536397265
315,2694638238,-7.609392,-5.490487,-0.899859,-17.636984,-21.926344,-97.504875,-0.364271,-0.277059,-0.623929,0.633448,-7.8632786998728115,-5.366734618894133,-0.14873054864952492,-9.149140023254063,-22.381825434087858,-95.05154736436955
316,2694654905,-7.624599,-5.442109,-0.316726,-12.41814,-20.968443,-94.012398,-0.357772,-0.265842,-0.627882,0.638037,-7.653957799029961,-5.196830640710756,-0.18953905270147473,-7.695736114836082,-18.67523179906873,-94.86514039780778
317,2694671572,-7.591423,-4.826746,-0.005032,2.011997,-17.039682,-92.109497,-0.350462,-0.255862,-0.630503,0.643565,-7.514780093915492,-5.061210514329352,-0.05880206847196975,-6.136905887793563,-13.000006581688524,-94.09087564745515
318,2694688239,-7.627351,-4.710152,0.428379,-2.540657,-2.965176,-95.634804,-0.341632,-0.246594,-0.634276,0.648207,-7.593601497887339,-5.184385722335378,0.17332387587247777,-4.8290084107065745,-7.057138356831187,-93.9385680947936
319,2694704906,-7.592009,-6.062177,0.075451,-6.006393,-2.275645,-94.600494,-0.332893,-0.237266,-0.638247,0.652325,-7.855547157798161,-5.588151460867083,0.3650804028830764,-2.9797993135218297,-3.5510159797396783,-94.85922631705033
320,2694721573,-8.267937,-6.224767,1.11971,4.695066,-5.240973,-94.848,-0.323971,-0.228106,-0.640942,0.657421,-8.09490980897426,-6.095828013175272,0.46362980765151757,1.266948388459896,-4.287542907008655,-96.3015339907535
321,2694738240,-8.018535,-6.270618,0.085436,-2.30772,-8.831013,-98.616707,-0.315189,-0.217874,-0.644132,0.662027,-8.06841801461192,-6.48505206814334,0.5577341707984587,8.553655506410111,-8.847468763393138,-97.24138685315341
322,2694754907,-7.855949,-6.540254,0.506412,19.023321,-15.069556,-98.208275,-0.306287,-0.20801,-0.644828,0.668667,-7.675896798858561,-6.645969540827711,0.7637957469216261,16.42661737038429,-14.992854234982518,-97.05332653782503
323,2694771574,-7.248347,-6.983133,1.069447,28.221117,-21.417484,-94.785362,-0.297968,-0.198214,-0.644102,0.676061,-7.052962269008067,-6.637020826690831,1.074097731550978,20.615856732491146,-20.325232880327338,-96.0716643159937
324,2694788241,-6.303967,-6.477219,1.81286,20.961233,-24.291626,-95.680061,-0.289973,-0.187694,-0.643849,0.682748,-6.47157722325557,-6.633063583327148,1.344560255248657,18.817653829057065,-23.79813989472671,-95.36117904978632
325,2694804908,-5.363742,-6.705416,1.505148,7.032342,-24.6716,-95.154808,-0.282384,-0.176556,-0.64481,0.687972,-6.100362342706122,-6.80842851227594,1.4380181094654885,13.144804883143255,-25.999420693031347,-95.83151451099856
326,2694821575,-6.325448,-7.147245,1.048747,9.506135,-28.941025,-96.964355,-0.27489,-0.164885,-0.645256,0.693464,-5.842225825191459,-7.217798018493978,1.352946425098543,8.467058915713787,-28.13131893410963,-97.41975259466217
327,2694838242,-5.698738,-7.772577,1.010373,3.746031,-28.048853,-99.976791,-0.267084,-0.152755,-0.646243,0.698356,-5.437239054748652,-7.7581375468652904,1.1981612811933902,8.195272792237859,-30.616472707863966,-99.03436444231687
328,2694854909,-4.914999,-8.510366,1.233284,10.197227,-32.453548,-99.214317,-0.259565,-0.140465,-0.646235,0.703758,-4.75395468571495,-8.252389629217765,1.0726824233601184,11.715587959199791,-32.58292293792535,-99.3236156563473
329,2694871576,-4.01629,-8.573183,1.276877,27.801659,-36.469093,-98.324814,-0.252091,-0.128477,-0.644097,0.710691,-3.9656123474756133,-8.586951637210369,1.002881784601537,15.809345767823437,-32.76503081417596,-97.66187956375794
330,2694888243,-2.583859,-8.627494,0.687064,16.864202,-32.223923,-95.014603,-0.244705,-0.116806,-0.643031,0.716231,-3.4108435371371737,-8.77771989442747,0.9799415254930196,18.15827546954072,-30.979686495928817,-94.56811881888963
331,2694904910,-3.538419,-8.840866,1.085551,11.510928,-26.165516,-89.237297,-0.237394,-0.10609,-0.642508,0.720814,-3.2801459577912935,-8.914306323116937,1.015138926272511,18.976277702271993,-28.565511839783692,-91.22523928077796
332,2694921577,-3.60679,-9.053172,1.187788,18.137951,-23.723154,-88.472633,-0.229788,-0.095911,-0.641241,0.725815,-3.4580884032407733,-9.059689569511647,1.1423960982670374,19.294939822031093,-27.152226650160106,-88.52152057221043
333,2694938244,-3.959597,-9.305572,1.417629,17.855732,-26.565119,-87.810799,-0.222477,-0.085467,-0.63978,0.730671,-3.671153124030576,-9.216972672938034,1.3780500961625346,18.633908265796453,-27.100255060996517,-86.43871605807007
334,2694954911,-3.780241,-9.529224,1.460823,21.685083,-33.726101,-83.926872,-0.216157,-0.074731,-0.637511,0.735711,-3.7576724870613765,-9.382838782043198,1.6828764314581077,15.447396697696723,-27.478098052894538,-84.24556588794138
335,2694971578,-3.581619,-9.583283,2.052001,14.986808,-28.680166,-81.089691,-0.209706,-0.064573,-0.635976,0.739857,-3.7668822887857063,-9.60122473194344,1.9622639199065977,9.941961469017915,-27.54250994882753,-81.18403561976159
336,2694988245,-3.505714,-9.811546,2.243627,-0.629434,-22.638462,-77.793434,-0.203166,-0.054884,-0.636176,0.742287,-3.8074990777888353,-9.932808424577413,2.117176713001198,5.459252688232912,-27.697938059637764,-76.9766311865774
337,2695004912,-3.681689,-9.985488,2.232951,2.240266,-27.55847,-70.366768,-0.197833,-0.045429,-0.635778,0.744704,-3.846258738255858,-10.365902912129764,2.114376471554159,5.993372127328564,-28.617586959921855,-71.81009302182808
338,2695021579,-4.269757,-11.235214,1.654422,7.982583,-29.075409,-66.045303,-0.193047,-0.036369,-0.634609,0.747449,-3.7008428129950315,-10.78442016740736,2.011921491060353,12.07370157396401,-29.755544924958432,-65.99147066151666
339,2695038246,-3.539772,-11.22473,2.047876,25.791456,-34.427723,-60.648323,-0.189225,-0.027721,-0.631252,0.751628,-3.239073560260639,-11.054629123437932,1.9137837762374859,19.60631536631051,-29.360251439752624,-59.69846399424468
340,2695054913,-2.015385,-11.022547,2.052424,31.61853,-26.906261,-52.803844,-0.185527,-0.020772,-0.627366,0.756016,-2.551464555968489,-11.142650492875486,1.899976869427377,23.263230555904556,-26.121187486492385,-53.02317523624339
341,2695071580,-1.76287,-10.853228,1.814781,15.532217,-16.628496,-46.26041,-0.181644,-0.015115,-0.625458,0.758669,-1.8977568790402137,-11.12661406437008,1.990143387920033,20.97389808989883,-20.482675391041628,-46.12423395276051
342,2695088247,-1.608342,-11.012065,2.189928,9.668899,-13.26308,-38.683434,-0.178295,-0.010364,-0.624239,0.760545,-1.4942737088434903,-11.100089054466974,2.1499880828489584,14.975037913482959,-14.162276140784899,-39.207873362277894
343,2695104914,-1.536476,-11.464594,2.26728,9.271229,-10.238016,-32.170792,-0.175387,-0.006527,-0.623112,0.762186,-1.369211494060786,-11.096669500717386,2.3213039383033633,8.930804805773535,-8.610323777732814,-32.33876591209848
344,2695121581,-1.398441,-11.189733,2.66264,7.289118,-5.115023,-25.644129,-0.172735,-0.003799,-0.622315,0.76346,-1.396993365505081,-11.114002649487421,2.4602127080424294,4.740700908508769,-4.124395277487563,-25.33480286984887
345,2695138248,-1.239507,-10.963391,2.490988,3.104717,1.568415,-18.558702,-0.170266,-0.002349,-0.622139,0.764164,-1.4282162152187805,-11.166184445943488,2.5626432769456393,2.1271445252859222,-0.23257590400690686,-17.899936754270033
346,2695154915,-1.557488,-11.12668,2.445277,2.027675,1.859655,-9.217834,-0.168808,-0.001751,-0.622084,0.764534,-1.3880500203507957,-11.267989009303681,2.653849839358201,0.42811220102064584,3.409823657734918,-9.856764894029478
347,2695171582,-1.306687,-11.424022,2.916584,-1.307721,6.045155,-1.126997,-0.167872,-0.002267,-0.622498,0.764401,-1.2961311787439822,-11.376126599886504,2.75239739965638,-0.09072553276426537,6.551008529415781,-1.2469234754520242
348,2695188249,-1.147733,-11.501679,2.86919,-1.887542,10.024861,7.883241,-0.167577,-0.004029,-0.62307,0.763993,-1.2255601553132003,-11.390676576511336,2.849814555124519,1.1503039071671366,8.618859855112799,7.731140517063535
349,2695204916,-1.1756,-11.330284,2.966103,2.831558,10.419101,16.249277,-0.168172,-0.006706,-0.623119,0.763803,-1.2363082133873693,-11.242962502801909,2.9232438198154336,3.5691917020202726,9.410473035109414,16.79395789439183
350,2695221583,-1.344744,-11.053272,2.744233,7.698155,8.770856,25.174427,-0.169901,-0.010129,-0.622571,0.76383,-1.3273424753962124,-10.976303339123822,2.9555973955131423,5.123087267427676,9.503287249648427,25.590736511512624
351,2695238250,-1.56679,-10.398806,3.148238,6.982035,7.928839,34.734715,-0.172766,-0.014306,-0.622055,0.763541,-1.4434675191264394,-10.722227615069302,2.939881273490613,3.810406211939284,9.91561534947415,33.78003350029789
352,2695254917,-1.428935,-10.570878,2.82519,-3.296991,12.895484,41.230141,-0.175919,-0.019363,-0.622771,0.762124,-1.527875353964373,-10.590626947191412,2.8744661679769035,-0.5275445866266514,11.30702758812515,41.21875387743625
353,2695271584,-1.691778,-10.793003,2.687002,-6.972966,13.301249,47.912956,-0.179778,-0.024976,-0.623859,0.760168,-1.5695765529018249,-10.58663712211607,2.7618940921410045,-6.004340508033342,13.50818577256085,48.08884795605454
354,2695288251,-1.468425,-10.783208,2.645093,-10.086451,15.390972,54.394676,-0.184165,-0.031325,-0.625285,0.757707,-1.6056176484249653,-10.6271599803601,2.6111560908261082,-10.27761298842884,15.801030153766405,54.76506564941463
355,2695304918,-1.637843,-10.337626,2.506217,-11.935133,18.483521,61.39698,-0.189037,-0.038599,-0.626918,0.754817,-1.6877272205498823,-10.615061568168331,2.44027546809615,-12.395410905581839,17.624921476874178,61.50175354499159
356,2695321585,-1.945734,-10.350529,2.267935,-14.506945,19.66921,68.543571,-0.19458,-0.046581,-0.628763,0.751416,-1.855100153925099,-10.492477833215933,2.275279670128084,-13.358667750156542,19.054865014490694,68.23454760112237
357,2695338252,-2.284446,-10.642679,2.034504,-15.266412,19.899357,74.76445,-0.200765,-0.055129,-0.630581,0.747678,-2.134540707546368,-10.258925705348931,2.138777556712699,-15.093148317634768,20.635518146941365,74.67024736951838
358,2695354919,-2.396958,-9.910344,2.057604,-14.798843,20.91748,80.821304,-0.207483,-0.06435,-0.632241,0.743694,-2.5431447204661777,-9.975843861602481,2.032901660116846,-18.688821752859017,22.712175103396966,80.53675351237197
359,2695371586,-2.988208,-9.72914,2.029747,-24.420362,25.526667,85.153671,-0.214302,-0.074166,-0.634938,0.73853,-3.0638428981719352,-9.740613595941156,1.9361137193725229,-23.28743417973936,24.91974377163667,85.73754725721301
360,2695388253,-3.579659,-9.324556,1.77609,-28.135889,28.374884,90.281097,-0.221407,-0.084631,-0.637947,0.732693,-3.6165667686487377,-9.61071457852097,1.8214760492435629,-26.642388026659475,26.427316184513607,90.31001138587399
361,2695404920,-4.21629,-9.55495,1.615872,-29.236038,26.937342,94.750893,-0.229088,-0.095303,-0.640838,0.726473,-4.081527719032875,-9.536937462910064,1.6782153369188773,-27.029617004712883,26.742011100751046,94.30452410665532
362,2695421587,-4.462795,-9.666434,1.624993,-24.291096,24.483946,97.566162,-0.237177,-0.106124,-0.642943,0.720492,-4.382366952130823,-9.396992223586134,1.5162854375082253,-24.806425387722186,26.1989029742495,97.73256376097362
363,2695438254,-4.487914,-9.290156,1.318399,-19.273941,25.530146,100.377907,-0.245332,-0.117467,-0.644369,0.714704,-4.558794549910632,-9.117988079166985,1.3530549690439697,-22.082276687968307,25.60802537357485,100.60111512800717
364,2695454921,-4.696342,-8.556152,1.104133,-20.284777,25.98456,103.11171,-0.253686,-0.129048,-0.645716,0.708547,-4.752813693923235,-8.754684830689367,1.1948405965124886,-20.789747739260353,25.487276717740812,102.96434816751665
365,2695471588,-5.121675,-8.139652,1.082833,-22.065252,25.53232,105.183586,-0.262264,-0.140675,-0.647033,0.70198,-5.1105010882509205,-8.425109420926015,1.0291513624600142,-21.02862900038353,25.68346358562246,104.94206812241865
366,2695488255,-5.68731,-8.29477,0.86072,-21.823944,25.952631,106.699509,-0.270884,-0.152462,-0.648143,0.695189,-5.674690680526151,-8.173282264846653,0.8384774512645119,-21.21021026437405,25.654528858281125,106.6758525446875
367,2695504922,-6.266617,-8.030487,0.730629,-19.916685,25.443401,107.846069,-0.279557,-0.164342,-0.648844,0.688361,-6.345357745529077,-7.919127748002747,0.626117873940232,-19.74176200933137,25.02656846338794,108.21325865108884
368,2695521589,-6.988272,-7.680062,0.219434,-18.149014,23.493479,109.073997,-0.288422,-0.176172,-0.649088,0.681513,-6.9323512750540335,-7.55171341906672,0.4256312859245902,-16.63626535428143,23.90035905853918,109.4045312180345
369,2695538256,-7.319838,-6.969397,0.408916,-12.803302,22.18931,110.267326,-0.297315,-0.188164,-0.648544,0.674972,-7.268504476597645,-7.058425646872509,0.2798938707122937,-13.60897304361586,22.705046392219252,109.97909614642187
370,2695554923,-7.336998,-6.494504,0.10522,-11.278881,22.821386,110.272606,-0.306026,-0.200233,-0.647706,0.668379,-7.314495612598121,-6.553858481369574,0.21105974765373242,-12.559637934931695,21.801984084315084,109.84896335142207
371,2695571590,-7.242478,-6.147453,0.343561,-9.502347,19.082298,109.980522,-0.314928,-0.211936,-0.646368,0.661899,-7.184265681109919,-6.187859548253254,0.21081480038296285,-13.776601830017245,21.218666988613005,109.40059791598944
372,2695588257,-6.898463,-6.065222,0.226294,-21.271376,22.939241,108.400475,-0.323597,-0.223269,-0.646218,0.654093,-7.0654132901642885,-6.02586273712099,0.2516565905531661,-15.583818925113954,20.735552250736546,109.4215475330133
373,2695604924,-7.080036,-5.946234,0.271268,-17.266102,21.124569,110.391022,-0.332411,-0.234747,-0.645364,0.646453,-7.085301956748049,-6.001603968853422,0.2977468821689915,-15.851576383124613,20.188705653715736,110.59703893149384
374,2695621591,-7.234118,-6.066336,0.142633,-13.513252,16.871523,113.093437,-0.34166,-0.246196,-0.643684,0.639004,-7.22241963572716,-5.967756043482941,0.3092713230196316,-13.822535821582257,19.623050568660805,112.9562230758874
375,2695638258,-7.305192,-5.818564,0.383482,-6.46322,18.967857,116.10051,-0.350643,-0.258403,-0.641164,0.631811,-7.334244251335688,-5.795432973815576,0.25969426115208244,-10.341207801182783,19.149255784586543,115.74506091850421
376,2695654925,-7.469626,-5.401668,0.467546,-5.196529,21.229076,117.77272,-0.359418,-0.270962,-0.638393,0.624381,-7.282222966204135,-5.4493593094993695,0.1687690334014978,-6.50336229738353,18.78922768936407,117.83157908292861
377,2695671592,-7.044979,-4.952575,-0.072347,-5.190765,18.791458,118.281815,-0.36836,-0.283267,-0.635283,0.616835,-7.053922191673383,-4.994849516213689,0.10566877254387484,-2.6306561333382055,18.562105369491817,118.32254522049928
378,2695688259,-6.766478,-4.640339,-0.201138,-0.938701,15.402822,117.314758,-0.377244,-0.295323,-0.631463,0.609692,-6.780825717897663,-4.545043845258774,0.12458422818765578,1.1397839165383985,18.596383527846747,116.98178874062367
379,2695704926,-6.353846,-4.096558,0.167275,1.181781,21.289917,113.898994,-0.385087,-0.307621,-0.627745,0.602505,-6.637204445346157,-4.189913350140799,0.18946757189863997,3.710334319440699,18.98860362642906,114.25129610148737
380,2695721593,-6.841413,-3.954843,0.637338,6.13853,19.590279,110.649994,-0.392475,-0.319667,-0.623474,0.595865,-6.711289393818674,-3.947009255684484,0.195449022430293,3.385164358655719,19.562890615515073,110.93420263923059
381,2695738260,-7.132358,-3.770298,0.284598,6.907778,19.905626,108.213142,-0.399487,-0.331482,-0.619107,0.589267,-6.959970676162406,-3.756037054478619,0.08640797052685703,-0.10525270246136531,19.838870119481523,107.74294357610621
382,2695754927,-7.228913,-3.560746,-0.619115,-0.125059,16.071449,105.979172,-0.406893,-0.342278,-0.615076,0.582207,-7.2673495240456,-3.519561345893893,-0.07269396460436489,-4.539313632130396,19.273280144586142,104.90970344598537
383,2695771594,-7.389211,-3.033173,-0.241263,-25.06673,20.714151,99.327225,-0.414469,-0.351316,-0.61362,0.572942,-7.531729168311965,-3.1710263013034634,-0.16586393176206116,-7.504253474586287,17.702464259358596,102.00515444379201
384,2695788261,-7.720136,-2.937059,0.113058,-15.767631,19.027983,98.045738,-0.421522,-0.360582,-0.611219,0.564545,-7.710588042674773,-2.734661744043414,-0.15165583548113534,-10.218548589065993,15.753680556748876,98.16149829667897
385,2695804928,-8.011953,-2.37461,0.071036,-4.266241,10.841637,95.066513,-0.42837,-0.369545,-0.607405,0.557669,-7.820012645729628,-2.337472688679392,-0.09828029919525666,-17.583937052536275,14.656476274437807,92.84594320425774
386,2695821595,-7.854461,-1.961611,-0.204372,-21.532814,13.810617,88.242439,-0.435253,-0.377002,-0.605433,0.549432,-7.91087984701685,-2.149630593063813,-0.11589979172132292,-32.44466740317486,15.182151366251688,86.7968636620177
387,2695838262,-7.887047,-2.148087,-0.823506,-51.857895,13.342888,81.335083,-0.443206,-0.381824,-0.60612,0.538885,-8.028912467668702,-2.2760927150466723,-0.27873726448917213,-49.674226610321234,16.65130783886943,82.11090238452971
388,2695854929,-8.020934,-3.03557,-0.08304,-69.256447,24.596312,78.865547,-0.450842,-0.386104,-0.608899,0.526219,-8.178043545762645,-2.6701723536239497,-0.5780636155908954,-57.772857119512814,17.41181461778126,80.86406580171494
389,2695871596,-8.683575,-2.953944,-0.462957,-58.171833,21.630796,80.426003,-0.458133,-0.390933,-0.610408,0.514478,-8.32888301647262,-3.128097254938125,-0.890688363433867,-48.00542245345085,16.562409175068638,83.17448040222656
390,2695888263,-8.604228,-3.195415,-1.596011,-13.070097,3.812847,88.883713,-0.464987,-0.398109,-0.606757,0.507091,-8.47105921202301,-3.362193571872377,-1.0002844755158666,-22.437928348659458,14.825095277901273,86.63672026530202
391,2695904930,-8.320062,-3.274188,-0.843453,18.653898,13.468688,91.70298,-0.469278,-0.408323,-0.60115,0.501667,-8.635385671005231,-3.118714179593656,-0.7272645588782257,6.881608025869593,13.337096014621865,88.04497819647258
392,2695921597,-8.759023,-2.341792,0.250754,20.351492,13.709908,85.501953,-0.472913,-0.418057,-0.5957,0.496712,-8.83667345037809,-2.3124439600014854,-0.09971327663980775,26.236949570157854,11.975952533508284,86.00805266875557
393,2695938264,-8.915755,-1.153376,0.357007,20.34252,16.147171,80.317886,-0.475891,-0.427453,-0.590641,0.491888,-9.007930991639958,-1.13158019847064,0.598645929104088,28.31952065212358,9.537239286466615,81.95201750512263
394,2695954931,-9.427948,-0.052133,0.864908,22.905239,0.559734,77.291634,-0.479766,-0.435592,-0.584426,0.488395,-9.038835844533386,-0.03322012305836464,0.9801180041376584,14.767247169196327,5.493806103436279,78.47649857597972
395,2695971598,-8.86796,0.364952,1.302221,-8.405032,0.95958,75.993866,-0.485437,-0.441409,-0.580472,0.482245,-8.908649997573734,0.42639789824820973,0.8121986449122837,-6.207934408383718,0.9826411499062278,76.54947674079071
396,2695988265,-8.786169,-0.149977,0.221839,-22.482071,-3.597266,75.263695,-0.492287,-0.445797,-0.577159,0.475191,-8.764795425169028,-0.10795056149903622,0.19886088333372703,-24.23036328077304,-2.118824020564944,74.01890556947697
397,2696004932,-8.69263,-1.059306,-0.608691,-34.865108,-1.732592,65.763992,-0.499066,-0.448576,-0.575381,0.467598,-8.828873629084171,-1.5020238459791186,-0.47133812922296625,-31.431664381512245,-2.785841588092757,66.70984806499642
398,2696021599,-8.987958,-2.92102,-1.369143,-27.292044,1.05443,51.651505,-0.504113,-0.450872,-0.574158,0.461439,-9.191404152083557,-3.0638391920648607,-0.8037600551038376,-26.111980703427914,-1.4772593573303363,51.392142148435354
399,2696038266,-9.569304,-4.066226,-0.44435,-11.448937,-2.545862,32.58942,-0.507118,-0.452474,-0.572832,0.458216,-9.693042433707456,-3.8471938695245758,-0.6871892431667744,-13.654307408279454,0.40959420597988433,28.642547480553482
400,2696054933,-10.42752,-3.769098,-0.03878,-6.408707,1.184248,3.356705,-0.507526,-0.452256,-0.573361,0.457318,-10.0329524026346,-3.2391833915109274,-0.3421266261555911,-3.6087127096784064,1.456949284462938,3.562719827638241
401,2696071600,-10.477166,-1.773879,-0.063464,-1.808785,3.405771,-20.970522,-0.505825,-0.450493,-0.575344,0.458449,-10.026378765851987,-1.4471020737236038,-0.09997484726793548,-3.9791715690734857,0.9212594918572565,-16.503544660281612
402,2696088267,-9.335993,1.001689,-0.15776,-9.927717,-1.20585,-27.680433,-0.504587,-0.447257,-0.57796,0.45969,-9.761738903054477,0.5472851084531669,-0.13775197973068032,-15.8077121702534,-0.9453901518595148,-25.983982639467765
403,2696104934,-8.94818,2.235994,-0.662055,-31.336454,-5.290394,-21.147821,-0.505507,-0.442713,-0.581268,0.458905,-9.494301696891826,1.6287471302838252,-0.39607076608173597,-31.702155266059354,-3.0659039324114086,-23.992334869895675
404,2696121601,-9.670028,1.554508,-0.616685,-47.258553,-2.524089,-12.498577,-0.507774,-0.437896,-0.58526,0.455941,-9.39932606179944,1.3246816157470853,-0.6937954446674358,-40.09345320045445,-4.208870193211159,-14.124915612777185
405,2696138268,-9.854667,-0.396591,-0.874496,-36.195354,-4.233696,-2.288211,-0.510137,-0.434632,-0.587719,0.453256,-9.453897487084497,0.09194502315113184,-0.8831611472597335,-33.020639689408455,-3.7559245052864485,-1.7802815921783823
406,2696154935,-9.481316,-1.651891,-0.799864,-10.893626,-2.564806,8.470325,-0.511459,-0.434268,-0.587943,0.451822,-9.536993854329598,-1.101979718381592,-0.9142913889902916,-11.94858550383834,-2.033952631441264,8.60143485875746
407,2696171602,-9.349749,-1.482745,-0.840046,17.594746,0.12136,13.790394,-0.511098,-0.436652,-0.586156,0.452255,-9.581609652894922,-1.512865113754,-0.8089418330799684,12.869850240393273,-0.038180487782808026,14.677471520485387
408,2696188269,-9.589332,-0.695511,-0.682197,31.036991,2.543563,15.194586,-0.509762,-0.440308,-0.583564,0.453568,-9.60608592089373,-1.0617060181191267,-0.6184289252835362,28.91154428860579,1.216176596169859,15.867107285660984
409,2696204936,-9.726099,0.047924,-0.38765,26.664843,0.703961,13.362603,-0.508729,-0.443353,-0.581231,0.454755,-9.640778644020724,-0.22063941199322934,-0.41102445821468236,28.78806106477691,1.2760966426049285,12.680240415223405
410,2696221603,-9.65113,0.224459,-0.328654,12.912724,-0.832644,7.765718,-0.508338,-0.444801,-0.580048,0.455289,-9.671622318609247,0.42482180815266596,-0.27103035270671655,13.676092026690188,0.39701999153346235,6.443727134786206
411,2696238270,-9.664589,0.421931,-0.279435,-8.295931,0.250268,-0.918958,-0.508651,-0.444019,-0.58091,0.454603,-9.6577806302743,0.5368441441312465,-0.2739557243808144,-8.414775443139666,-0.7609371956316752,-0.7780051693371826
412,2696254937,-9.672219,0.173003,-0.188271,-27.206797,-0.952718,-8.095723,-0.509808,-0.441148,-0.583391,0.452923,-9.583151466177902,0.11676090379604044,-0.43867658931009446,-27.376995125563088,-1.5666039625349044,-6.644540585574902
413,2696271604,-9.449072,-0.56906,-0.884233,-37.761211,-3.20779,-9.758273,-0.51171,-0.437192,-0.58649,0.450604,-9.479550028313577,-0.6028073388769698,-0.6999647359883853,-35.74464367162432,-1.699482746744097,-9.442821007557884
414,2696288271,-9.214075,-1.368759,-1.05272,-30.433743,-0.712368,-7.66359,-0.513057,-0.434113,-0.589145,0.448582,-9.401464807641194,-1.3170162574232915,-0.9389451498882797,-31.399039222999832,-1.2194239037413397,-8.815342422496313
415,2696304938,-9.530191,-1.807503,-0.946282,-16.748417,0.092135,-5.744435,-0.513588,-0.432266,-0.590837,0.447532,-9.383321208748384,-1.7742876683474715,-1.0527179048365898,-17.56652317965482,-0.4453089988374642,-5.744205765760689
416,2696321605,-9.493721,-1.715761,-0.922848,-1.422875,0.369636,-2.386771,-0.513348,-0.431866,-0.59134,0.447529,-9.422539170737279,-1.8487195202077615,-1.0053606992137198,-0.6419510472088565,0.2872260446515541,-1.883695554580721
417,2696338272,-9.391786,-1.66545,-0.941961,14.07007,0.403496,1.422076,-0.512378,-0.432953,-0.590596,0.448572,-9.4952617459222,-1.5634405539956386,-0.8310357439963534,12.831324415294976,0.8005547238962554,1.2291966401355285
418,2696354939,-9.580069,-1.116973,-0.580276,18.586155,0.619117,3.087685,-0.511211,-0.434531,-0.589465,0.449862,-9.57580526170341,-1.0723289031246555,-0.6088314259258691,18.61304697516675,1.0417721282153045,2.6848563624074586
419,2696371606,-9.666994,-0.548278,-0.440874,15.388079,1.508634,2.253362,-0.510113,-0.435856,-0.58866,0.450882,-9.640785395561462,-0.6032605100755917,-0.4332530917288281,15.813264503654926,0.9523997700085757,2.3299627417250584
420,2696388273,-9.668423,-0.362063,-0.400824,5.563598,0.245415,-0.072881,-0.509591,-0.436168,-0.588551,0.451312,-9.667772594273917,-0.3684221576513529,-0.3816298979406809,6.519857066673815,0.4604698218093757,0.5845283700092865
421,2696404940,-9.606888,-0.415183,-0.403254,-4.926501,-0.152652,-1.953378,-0.509646,-0.435515,-0.589219,0.451008,-9.64164745304169,-0.4701855340825714,-0.4790912833119379,-5.379463675871909,-0.37299249430843945,-1.8689383182962462
422,2696421607,-9.60732,-0.86331,-0.66661,-14.797185,-1.168683,-3.538551,-0.510307,-0.433927,-0.590558,0.450038,-9.56618996978773,-0.852592612019272,-0.6803912230736444,-15.481911054929828,-1.2401472824766844,-4.297563315354997
423,2696438274,-9.485402,-1.37703,-0.968044,-18.956921,-1.330825,-5.738725,-0.511097,-0.431827,-0.592292,0.448882,-9.469796820160749,-1.3325902809251233,-0.8902375825139884,-20.0111150473899,-1.68728218506943,-5.9813935998084435
424,2696454941,-9.376067,-1.684801,-1.048044,-18.707054,-3.037824,-6.709422,-0.51195,-0.429547,-0.593938,0.447922,-9.39651067559537,-1.695446095507308,-1.016584433308954,-16.94999139967528,-1.406116642406555,-6.323505861460065
425,2696471608,-9.331075,-1.889244,-0.968752,-7.488106,0.64925,-5.644401,-0.511849,-0.428432,-0.595058,0.447618,-9.383325377369252,-1.7963764396294146,-1.0201018021308914,-7.044845112272386,-0.4783044380642931,-5.149978034800693
426,2696488275,-9.474145,-1.523191,-0.90178,4.97489,1.207978,-3.16459,-0.511085,-0.428495,-0.595252,0.448174,-9.438116084895771,-1.609724228616453,-0.9250403055191299,6.036015136302803,0.6540954734771006,-2.9916498888556236
427,2696504942,-9.600049,-1.189828,-0.795366,18.021852,0.956578,-0.958595,-0.50967,-0.4297,-0.594437,0.449709,-9.53500292930043,-1.2084834262359416,-0.791939188774715,17.085949494777637,1.4489644072201384,-0.9550423219945178
428,2696521609,-9.517615,-0.654415,-0.775764,25.34926,0.803914,1.038796,-0.507936,-0.431606,-0.593002,0.451735,-9.629247724782399,-0.7084680420633663,-0.6795729374509514,21.92420617864795,1.5059149403988892,-0.09755012838324528
429,2696538276,-9.715034,-0.27941,-0.481646,18.591352,1.256554,-0.343083,-0.506492,-0.432921,-0.592125,0.453247,-9.680319286748878,-0.2290696436331954,-0.6184189310219346,19.53528303577612,0.6701207223239378,-0.7616930498889083
430,2696554943,-9.733458,-0.028591,-0.630808,10.127362,-0.604883,-3.407336,-0.505537,-0.433223,-0.591859,0.454371,-9.67232178305684,0.11206225014839746,-0.603168544920987,12.172284229214853,-0.9123401600584894,-2.49412808144175
431,2696571610,-9.60802,0.273805,-0.641649,2.591602,-2.898449,-5.649855,-0.505105,-0.432625,-0.592063,0.455155,-9.62289027613101,0.2043643186076071,-0.6073773526978817,3.40420532173735,-2.7616640529419483,-4.675684107404199
432,2696588277,-9.541051,0.065399,-0.635446,-3.912162,-4.220398,-7.181637,-0.505094,-0.43133,-0.592694,0.455574,-9.570498117952196,-0.011459202801380037,-0.614759081330513,-4.174729401902192,-4.194568642779881,-7.244196130323862
433,2696604944,-9.529073,-0.419343,-0.690596,-9.650246,-4.95286,-10.185204,-0.505306,-0.429305,-0.593839,0.455762,-9.5423952974278,-0.4788030886300516,-0.6417864091260462,-9.75752721494224,-4.678929878898105,-10.724216050919615
434,2696621611,-9.487617,-1.018903,-0.648132,-10.556746,-4.002168,-14.345049,-0.505213,-0.426914,-0.595368,0.456115,-9.52823375831229,-1.012845860056902,-0.7236248012193683,-13.424082872235749,-4.2153702495758605,-15.471862951034645
435,2696638278,-9.55549,-1.44838,-0.76463,-15.035408,-4.068715,-20.708031,-0.504976,-0.423633,-0.597578,0.456546,-9.487493783375754,-1.3900150953931223,-0.8688467489096736,-14.88595565261243,-3.4261259951236944,-20.91597952655328
436,2696654945,-9.386281,-1.675109,-1.202404,-16.486681,-3.343583,-26.486759,-0.504371,-0.419783,-0.600282,0.457223,-9.38970325563353,-1.4961515219311092,-1.0267035814761942,-13.315476057167281,-3.1741177228171766,-25.683712171481705
437,2696671612,-9.335727,-1.338645,-0.953973,-8.490587,-2.787901,-30.112133,-0.502977,-0.41623,-0.602703,0.458819,-9.252016000612434,-1.4173436772204693,-1.1073450207245599,-8.303492884189419,-3.8774303633033336,-28.657698297820257
438,2696688279,-8.992519,-1.32629,-1.070094,1.282502,-2.51077,-29.732214,-0.500982,-0.413436,-0.604455,0.461216,-9.135836017557402,-1.3835741065342213,-1.0485608232133188,-0.6468980091848673,-5.071800023336149,-30.025326290970355
439,2696704946,-9.167615,-1.494267,-1.181427,6.036046,-8.990553,-30.780907,-0.49919,-0.410453,-0.605466,0.464487,-9.100404788822717,-1.5906142372875869,-0.874076741273526,8.146509541437533,-5.807451734016054,-31.26435851916857
440,2696721613,-9.050109,-2.039725,-0.681089,18.884262,-8.667309,-33.147549,-0.496428,-0.408204,-0.605756,0.469029,-9.153298086122753,-2.0322487327887773,-0.6789956485022609,17.25863420637331,-5.723195057727231,-33.96231321237667
441,2696738280,-9.346727,-2.463936,0.172793,36.344501,-4.940519,-36.319393,-0.492062,-0.407172,-0.605285,0.475096,-9.242331495873966,-2.478314141437187,-0.5366042422308063,27.245961313664626,-5.632705303722382,-38.51198049667565
442,2696754947,-9.327183,-2.519864,-0.354743,27.487007,0.178362,-46.608284,-0.487028,-0.404927,-0.606366,0.480788,-9.29394224092411,-2.6310057402382325,-0.42513039154098575,38.71283685624867,-6.676233740337456,-43.92155573759744
443,2696771614,-9.254081,-2.976341,-1.703285,40.40694,-9.765299,-51.465927,-0.481732,-0.402443,-0.606078,0.488512,-9.259515674048806,-2.357097066639612,-0.2833849872029198,49.85135234639039,-8.849741454141142,-48.91259696875298
444,2696788281,-9.073239,-1.489072,0.430786,68.244232,-17.454319,-51.347294,-0.47543,-0.401321,-0.603189,0.499069,-9.129532761515096,-1.8169540556335906,-0.1315014391839906,55.91044127942354,-10.80211310015547,-53.13587919382639
445,2696804948,-8.768888,-1.252285,0.901166,62.601833,-11.730894,-54.452988,-0.468659,-0.399891,-0.601192,0.508933,-8.918105020201736,-1.3674501189027066,-0.06258567855928689,52.420371891645246,-11.302107880465432,-57.228194994470236
446,2696821615,-8.876424,-1.006185,-0.404949,24.8001,-4.589692,-63.163097,-0.462759,-0.395603,-0.602911,0.515607,-8.655338115964296,-1.3020118442052742,-0.08718445463060463,39.52303332580072,-10.575864835945152,-61.79591115290263
447,2696838282,-8.481251,-1.869,-0.640972,28.440773,-10.348973,-67.72747,-0.456762,-0.390683,-0.604165,0.523181,-8.402285727194341,-1.6508951716171882,-0.06625711206933271,22.777563772350447,-10.018948018340733,-66.58405647161766
448,2696854949,-8.07935,-2.454369,0.160895,7.004487,-11.197585,-70.031563,-0.45183,-0.384028,-0.607056,0.529013,-8.250326980873783,-2.2124555155683816,0.13036945776204736,9.457063654270343,-11.029034541304227,-70.67041368757555
449,2696871616,-8.370376,-2.73862,0.450066,-0.223143,-22.867435,-73.784859,-0.447988,-0.375622,-0.609873,0.535042,-8.266167904688231,-2.7574039494798672,0.4344289245660665,3.9025346310207474,-14.402552516905805,-73.2935660656004
450,2696888283,-8.136764,-3.202893,0.844428,10.627748,-13.411271,-73.43663,-0.442685,-0.368642,-0.612364,0.541426,-8.41433633915159,-3.1919075966836514,0.6171505356952581,5.728370721636143,-20.205699308504265,-74.45934758801177
451,2696904950,-8.626945,-3.290885,1.048086,18.339464,-21.387939,-75.628937,-0.437448,-0.361287,-0.613772,0.548994,-8.544344138370661,-3.5435287038477385,0.5235546365014369,11.457199703169112,-27.292137155362415,-74.93475323504192
452,2696921617,-8.838097,-3.616869,-0.200277,5.154123,-38.434147,-77.865921,-0.43418,-0.351476,-0.615172,0.55634,-8.486115886761297,-3.8392758032885066,0.22917088296139607,17.395990968836816,-33.05551580340782,-75.73421840131509
453,2696938284,-7.9725,-4.518713,-0.855829,22.970701,-38.094391,-73.54921,-0.430251,-0.343147,-0.614833,0.564902,-8.185212531144229,-4.044955139673112,-0.052180532232150204,21.50882243490452,-34.79855272278101,-77.37826600911286
454,2696954951,-7.816592,-4.236185,0.61137,35.469967,-30.097134,-78.623405,-0.424493,-0.335747,-0.614117,0.574403,-7.751545096477779,-4.129589388403173,-0.1792380693003893,23.76836799088533,-32.17511969827672,-79.39838876495998
455,2696971618,-7.298411,-3.968422,-0.089924,21.131107,-34.631836,-83.244095,-0.419378,-0.326609,-0.614433,0.583027,-7.370218646900943,-4.146360214185321,-0.16639584060929513,25.350008162568734,-28.04283661088831,-80.68097860307498
456,2696988285,-6.768903,-3.967371,0.046756,11.780727,-12.591588,-83.365265,-0.412655,-0.318704,-0.616787,0.589675,-7.1601673267958,-4.203484400087166,-0.09369381364368418,26.919145094443373,-26.162892236022063,-80.62420404161908
457,2697004952,-7.646152,-4.285158,-0.812432,39.774902,-28.794172,-78.379135,-0.406446,-0.311482,-0.615432,0.599186,-7.116233111969269,-4.355607016184527,-0.008821766535550626,27.166268817272645,-27.657819738812726,-79.99249443747067
458,2697021619,-7.211212,-4.984558,0.554168,26.972057,-37.932201,-76.569344,-0.40172,-0.302814,-0.614461,0.607752,-7.173800413901836,-4.557923558458737,0.07549611161279432,23.514138202629958,-29.888614502121406,-80.34275145055528
459,2697038286,-7.239681,-4.693864,0.445049,8.085855,-28.511023,-83.986359,-0.396259,-0.29316,-0.615931,0.614544,-7.2959449212639615,-4.737849999592189,0.15447920503548623,14.896616404977369,-29.065545830968315,-82.45471698038604
460,2697054953,-7.102562,-4.709747,-0.102249,6.675301,-23.76561,-86.197662,-0.390168,-0.2836,-0.617788,0.621029,-7.470301901535068,-4.885148400265553,0.2376288457055719,3.822552967721058,-23.917172235366383,-85.45960767438271
461,2697071620,-7.710366,-4.938354,0.398028,0.292717,-14.180126,-88.207184,-0.383229,-0.274314,-0.620742,0.626551,-7.64024717426324,-5.053173278635254,0.34708416628649297,-4.538516237760939,-16.77689096168827,-87.62488510567272
462,2697088287,-7.934103,-5.532382,0.357869,-15.3423,-11.408318,-88.945801,-0.376528,-0.264293,-0.625194,0.630482,-7.695984286275118,-5.286667952107341,0.4775541381001995,-5.676636055134476,-11.424585333227315,-87.95158730173667
463,2697104954,-7.699137,-5.572612,0.610346,-0.794527,-6.070997,-86.077766,-0.368979,-0.255772,-0.628389,0.635266,-7.567170795510568,-5.562057833667405,0.5776679589824183,1.0851548520809151,-10.181710232483635,-86.9985485676183
464,2697121621,-7.199789,-5.466311,0.719814,20.962261,-21.165033,-85.235893,-0.362016,-0.247058,-0.628625,0.642446,-7.3049826528551645,-5.784473216744448,0.6060635575149721,12.050747809793057,-12.864548114800751,-86.25738396546765
465,2697138288,-6.847423,-6.030009,1.032434,24.794155,-16.297234,-85.96244,-0.35434,-0.238892,-0.628673,0.649726,-7.036183535942964,-5.83580324272061,0.6074138472922331,21.60824637639309,-17.836796924036044,-86.81016084899497
466,2697154955,-6.69748,-5.748251,-0.002909,15.556522,-20.145876,-89.687294,-0.346919,-0.229502,-0.62941,0.656367,-6.828422843414506,-5.658935385992525,0.6977390250329244,25.36639324285867,-23.420291124517767,-88.56371916020959
467,2697171622,-6.804532,-5.288248,1.10432,23.825291,-27.036421,-91.605721,-0.339602,-0.21965,-0.628949,0.663963,-6.623209105654263,-5.340124505008045,0.9398707814617147,21.53455503889584,-28.30680947894019,-90.6626713753264
468,2697188289,-6.433826,-5.203052,1.11346,11.017837,-34.125572,-93.145348,-0.333122,-0.208295,-0.629291,0.670548,-6.321560450940591,-5.116297457778308,1.236654946729781,10.725011191583594,-31.393218658186882,-92.47775442139756
469,2697204956,-6.200997,-5.258554,1.778351,-1.161691,-34.734604,-92.838509,-0.327026,-0.196273,-0.630648,0.67588,-5.928090712555251,-5.260823084454039,1.3807167067454182,-4.198028822870518,-32.01615273655627,-94.06802021881299
470,2697221623,-5.198143,-5.634311,1.008475,-17.757664,-27.163219,-94.193672,-0.320506,-0.18404,-0.6339,0.679393,-5.581624616205153,-5.89747424448724,1.23659000151642,-18.10861187145703,-30.42583789857139,-95.71107964253385
471,2697238290,-5.17435,-6.76704,1.2509,-26.297789,-25.129807,-98.071106,-0.313571,-0.171211,-0.638052,0.682092,-5.42359687402691,-6.876912036362441,0.8816006704849122,-24.90904062419716,-27.68878839237425,-97.17976014775289
472,2697254957,-5.629879,-8.168177,0.045672,-21.702736,-28.335684,-98.540657,-0.306699,-0.15819,-0.641461,0.685156,-5.446425057798601,-7.835968590258691,0.5664020688154139,-20.639680397953622,-25.05005112814265,-97.68850086065648
473,2697271624,-5.739329,-8.544261,0.633951,-8.958477,-26.045765,-96.837936,-0.299416,-0.146084,-0.643518,0.689125,-5.494778807645025,-8.425663015786943,0.5272556260951007,-6.611211473528992,-23.458659595583033,-96.60440594113189
474,2697288291,-5.361613,-8.390523,0.905985,7.469581,-20.098421,-94.200508,-0.291431,-0.135508,-0.643995,0.694244,-5.419574599474035,-8.53960896665279,0.8119375656039516,10.253088244464502,-23.380060059521664,-94.12904824232862
475,2697304958,-5.203334,-8.442073,1.214467,28.749311,-21.013678,-90.381874,-0.283437,-0.126071,-0.64208,0.701072,-5.217141315173603,-8.361664585528134,1.2555608428672862,21.09989358959256,-24.544216925844523,-91.19776026787365
476,2697321625,-5.010876,-7.959113,1.565003,23.419191,-30.36363,-88.906441,-0.276508,-0.115572,-0.640165,0.707372,-5.015615069466139,-8.20801181728808,1.608482301096312,20.836464817167215,-25.883606618211587,-88.66662680873495
477,2697338292,-4.6176,-8.258887,1.909381,8.935749,-27.702019,-84.73896,-0.269951,-0.105131,-0.639658,0.711977,-4.938849630422975,-8.306571635324266,1.7096845301860573,11.58348378789293,-26.22090515613074,-86.56000059594012
478,2697354959,-5.234946,-9.045554,1.645392,-2.971784,-23.259968,-86.083,-0.262976,-0.094539,-0.640468,0.715337,-4.991271077631181,-8.679909102545006,1.5847458825922227,0.986517981084253,-25.290559964294065,-84.10187543575061
479,2697371626,-5.225119,-8.969963,1.075422,-3.568927,-23.855103,-81.801811,-0.25647,-0.084248,-0.641151,0.718366,-5.066379292149061,-9.181588897377106,1.407887169006648,-3.2888731163785527,-23.95331386521218,-80.52242639801885
480,2697388293,-4.854885,-9.566915,1.453115,2.55307,-21.741135,-74.499016,-0.250417,-0.075074,-0.641092,0.721565,-5.0497465369779375,-9.61267635769283,1.365489148170568,1.5458842661783692,-23.3477069931098,-75.867793858047
481,2697404960,-4.961983,-10.011785,1.553628,9.561339,-24.226944,-70.289566,-0.244929,-0.066279,-0.64008,0.725199,-4.903797842166433,-9.823765580819245,1.5333002545123042,12.603863156129327,-23.993642280670844,-71.02876191191943
482,2697421627,-4.999413,-9.559947,1.98521,33.905235,-29.898621,-67.81295,-0.239964,-0.057974,-0.636189,0.730971,-4.658763861767077,-9.764911674810241,1.856137655251459,24.44659340018614,-25.742780076384452,-67.00855207308565
483,2697438294,-3.485195,-9.62422,2.095539,31.451591,-26.644762,-63.367031,-0.23516,-0.050334,-0.632552,0.736236,-4.336684616987584,-9.490440787622447,2.21658779267269,32.97015923212067,-28.253189689965556,-64.17698491389125
484,2697454961,-4.248805,-9.105294,2.599116,29.33886,-27.304758,-62.400772,-0.230506,-0.042633,-0.629035,0.741191,-3.9072372715633006,-9.130408231993044,2.513015450200659,36.89488716614399,-31.10120522580627,-62.15783687831156
485,2697471628,-3.923138,-8.887555,2.59077,36.383801,-34.374073,-61.394165,-0.226535,-0.034492,-0.624437,0.746706,-3.346718862858333,-8.83638520683042,2.693494035688818,36.513118182995235,-33.47147868850031,-60.33968841516891
486,2697488295,-2.472157,-8.55477,2.752509,38.589844,-38.333008,-58.204346,-0.223228,-0.026278,-0.619369,0.752237,-2.7404630962838032,-8.716769141138396,2.752006317287771,32.097401998356254,-34.24413227654756,-58.48699456279968
487,2697504962,-2.055259,-8.823338,2.877708,21.858498,-30.959728,-56.407444,-0.219492,-0.018487,-0.616291,0.756086,-2.277610297631573,-8.79327902133309,2.7155352953325265,23.98900107318909,-32.770634132054916,-56.907731600405945
488,2697521629,-1.959215,-9.082878,2.476665,12.673095,-27.666876,-56.140766,-0.215493,-0.010787,-0.614271,0.759024,-2.0968480815862596,-9.011463013870486,2.632341606200046,13.719961865080757,-29.512747887520533,-56.055069197766315
489,2697538296,-2.238893,-9.365472,2.573254,6.678148,-27.980314,-55.571476,-0.211575,-0.002913,-0.612848,0.761344,-2.1413001935500118,-9.29948538035149,2.5548896084552597,4.236899140797937,-25.777329671689735,-55.94558049817483
490,2697554963,-2.350982,-9.648774,2.532715,-3.663047,-21.223951,-55.944492,-0.207001,0.004566,-0.612729,0.762688,-2.195817299677046,-9.619188569565212,2.5199771248666747,-1.4502099353473077,-22.825202362218924,-55.92224400438607
491,2697571630,-2.24759,-9.789845,2.575396,-3.957134,-21.751972,-55.40131,-0.202519,0.012061,-0.612578,0.763929,-2.0807184504870193,-9.957301527200409,2.5410227208030367,-2.153908288545225,-21.146124753566628,-54.9785803775091
492,2697588297,-1.689628,-10.213219,2.570634,1.838776,-20.527416,-52.915024,-0.198199,0.019026,-0.611779,0.76556,-1.8078946138426,-10.27445995013602,2.616073115033469,0.6307631128537302,-20.33218375862271,-52.39510804264759
493,2697604964,-1.423906,-10.53825,2.845412,4.979456,-18.568945,-47.652042,-0.194288,0.025213,-0.610661,0.767274,-1.5498489893752534,-10.48826214142671,2.7357314799704486,3.7235119591726464,-19.50865504876308,-48.19358596669122
494,2697621631,-1.368695,-10.748105,2.729305,3.826202,-18.086033,-43.09507,-0.190828,0.030972,-0.60967,0.768718,-1.46186012468402,-10.534065033685136,2.878172592275753,4.51434676212703,-18.048178323337027,-43.07061905719764
495,2697638298,-1.572613,-10.382801,2.981996,6.583115,-19.946148,-37.346851,-0.18818,0.036351,-0.608319,0.770205,-1.532330907113489,-10.44846755871605,3.0014537454272183,2.7531427360656373,-16.128494949496723,-37.89378262707109
496,2697654965,-1.665376,-10.443621,3.173334,-2.86642,-11.252044,-34.329266,-0.185043,0.040747,-0.608258,0.770792,-1.5966752869270464,-10.372301310631505,3.0560159803715976,0.37811489756416367,-14.621704349865382,-33.151365484933635
497,2697671632,-1.622581,-10.054361,3.06087,-3.230963,-12.996477,-27.21773,-0.182852,0.044718,-0.608219,0.771126,-1.4916204157323731,-10.4441690439312,3.019459301334612,-0.5089712923255508,-14.202511910993376,-28.70776773533257
498,2697688299,-1.278362,-10.823156,2.826882,-0.557334,-14.721698,-24.376366,-0.181146,0.04856,-0.60784,0.771594,-1.2022039295497193,-10.680279455908932,2.9207312682648916,0.3194136351226703,-14.412778411917142,-23.97194734479491
499,2697704966,-0.664287,-11.056654,2.857026,5.974284,-14.823037,-19.418888,-0.180048,0.051801,-0.606751,0.772497,-0.8687555718315828,-10.96650318981706,2.8215751833729414,1.160115727859301,-13.744268226680699,-18.352311542937944
500,2697721633,-0.463845,-11.406991,2.667537,1.493907,-12.97679,-11.651921,-0.179625,0.054267,-0.606266,0.772807,-0.6565618134735683,-11.174645083069832,2.768274566655313,0.34824204022460553,-10.857189520752891,-11.687202155365902
501,2697738300,-0.792787,-11.124598,2.836151,-3.529674,-4.438784,-3.228328,-0.179355,0.055161,-0.606633,0.772518,-0.6198266115401276,-11.27742439549073,2.7618899398041172,-1.8776749260133017,-5.771418199992102,-4.304969156173065
502,2697754967,-0.8399,-11.284892,2.753484,-6.265187,1.844889,2.976356,-0.179206,0.054872,-0.607521,0.771876,-0.6854841325066735,-11.338331869107614,2.7762437885002456,-3.6064510321568495,0.16073177323022803,3.3362671464946922
503,2697771634,-0.632908,-11.071176,3.002192,-1.584646,4.789315,11.655085,-0.179808,0.053364,-0.608028,0.771442,-0.7512656203372812,-11.399182053420915,2.8005899900031226,-3.253953909113277,5.402093358784785,11.051691895843883
504,2697788301,-0.803279,-11.664361,2.631579,-3.098757,9.236587,18.12838,-0.18073,0.050824,-0.608867,0.770736,-0.7861032712446773,-11.4096866091908,2.8550780971299305,-1.2178438115828576,9.318816369854384,18.953501409415257
505,2697804968,-0.898013,-11.596516,2.965345,1.697019,12.412072,26.474585,-0.18234,0.047062,-0.609307,0.770248,-0.8438555725585203,-11.290992417381089,2.9571319840618555,0.40401122750247387,12.273203421017609,27.108052013080847
506,2697821635,-0.880014,-11.000852,2.992225,1.648307,13.574064,35.898991,-0.184898,0.042335,-0.609832,0.769496,-0.996510023121741,-11.055044856565175,3.0779275323738733,-0.3006423097162747,14.864711825189161,35.251796508695804
507,2697838302,-1.262588,-10.470156,3.412133,-1.847304,17.109756,43.485825,-0.187963,0.036632,-0.610869,0.768223,-1.2549068647606159,-10.824418629128708,3.145944599403516,-3.337012244170087,17.198010787156864,42.90808781127399
508,2697854969,-1.527787,-10.778481,2.971926,-9.758758,19.613632,49.643784,-0.191441,0.030317,-0.612858,0.766052,-1.5438569760188603,-10.718128380948537,3.099787721774104,-6.8751521390962225,18.899853281302804,49.77459342227364
509,2697871636,-1.807098,-10.720288,2.945496,-11.703401,21.318834,55.660831,-0.195417,0.023327,-0.615096,0.763495,-1.7548495219625289,-10.734345088915637,2.9336903279999262,-9.087728927007127,19.80699984600584,55.950158223521996
510,2697888303,-1.920519,-11.05618,2.58996,-10.645683,20.985346,61.318958,-0.200038,0.015836,-0.617175,0.760808,-1.8383951458559293,-10.758543709127323,2.692831180001221,-9.900575129518536,20.500930605366843,61.78115187828824
511,2697904970,-1.909485,-10.552605,2.546434,-4.713114,18.538418,67.90168,-0.205601,0.00785,-0.618483,0.758383,-1.8587922253702522,-10.673474667664085,2.436513654836456,-10.782749083397674,21.950633261451138,67.5295339812361
512,2697921637,-1.719053,-10.30067,2.169173,-12.408151,24.611567,73.534142,-0.211207,-0.001082,-0.620757,0.755017,-1.9573923247689191,-10.448576400479839,2.2121458670867167,-12.847752429287947,24.52387987544141,73.1835030037895
513,2697938304,-2.307622,-10.16061,2.119709,-18.98424,29.606001,78.359184,-0.216862,-0.010796,-0.623818,0.750803,-2.2478011669986904,-10.141599463553906,2.0518859568367303,-15.484976962140705,27.461647676617464,78.48906372946135
514,2697954971,-2.847323,-10.007936,1.93574,-19.031672,29.066479,82.805138,-0.223017,-0.02085,-0.62676,0.746324,-2.727357678768983,-9.847086512259635,1.9715073318858571,-17.04028775377112,29.47427888862132,83.06369974461384
515,2697971638,-3.119246,-9.6328,1.87442,-15.160039,30.841105,86.099121,-0.229318,-0.03152,-0.629221,0.741957,-3.2722485984507887,-9.644456051742104,1.9588105902320243,-16.589743240001663,29.86966515308429,86.51643394691331
516,2697988305,-3.778576,-9.41482,1.991265,-12.543863,27.602167,88.882912,-0.23616,-0.042175,-0.631165,0.737618,-3.7145473942859155,-9.555158250988386,1.9682681879068773,-14.76476519933901,29.08522334960591,88.65137595660741
517,2698004972,-3.983848,-9.491025,1.999107,-14.515484,28.334364,90.694702,-0.243098,-0.052999,-0.633216,0.732892,-3.9494624472446676,-9.513027349997344,1.9445187078323884,-12.996882272516558,28.205165551872387,89.75293248429568
518,2698021639,-4.087049,-9.348547,1.980623,-10.187267,27.514174,91.004501,-0.250065,-0.063908,-0.634654,0.728421,-4.010438154184971,-9.38551271389824,1.8644698771447723,-12.315683180349703,28.0391753238514,90.67843675517618
519,2698038306,-4.014778,-9.238705,1.619308,-16.584229,29.797476,91.237343,-0.256857,-0.074835,-0.636728,0.723188,-4.061376352753638,-9.068889157211068,1.7552320154987453,-12.890990779027414,28.5864127323157,92.44184004487012
520,2698054973,-4.264089,-8.758434,1.574014,-14.079271,28.616043,94.739655,-0.264046,-0.086039,-0.638327,0.717924,-4.294512110520121,-8.597629955013971,1.663796036614181,-14.307190320491408,29.190985799532427,95.4222343857722
521,2698071640,-4.708116,-8.102621,1.678257,-13.122821,28.863443,99.076157,-0.271592,-0.097684,-0.639645,0.712425,-4.789011676231119,-8.152589634079796,1.610858940183493,-15.829491642708735,29.099338041446995,98.87762154182614
522,2698088307,-5.336413,-7.544419,1.661882,-14.684019,28.493465,102.028992,-0.27944,-0.109485,-0.64092,0.706504,-5.431941220407087,-7.921212237281717,1.581137615407654,-16.433726979322987,27.965618920329792,101.37188492174269
523,2698104974,-6.124735,-7.87618,1.554665,-19.334255,26.779564,102.740639,-0.28753,-0.120964,-0.642437,0.699978,-5.9756796939400365,-7.918729038342482,1.5546509214039481,-15.164875603135293,26.027302466001053,101.92241437092369
524,2698121641,-6.367693,-8.208095,1.520063,-12.118668,22.085958,101.431549,-0.29573,-0.132114,-0.642896,0.6941,-6.205781200361164,-7.953145198172356,1.5320763865066955,-12.068995100245917,23.898006393561396,100.91341421658194
525,2698138308,-6.055002,-7.978972,1.373488,-9.822903,22.803982,98.33757,-0.303443,-0.14312,-0.643072,0.688402,-6.095208122122717,-7.791867279281808,1.5214364508618476,-8.78113588792209,22.145626776004953,99.9158811845736
526,2698154975,-5.670314,-7.35508,1.611437,-3.765935,20.991798,100.087975,-0.311308,-0.154342,-0.642387,0.683084,-5.821384045419049,-7.376485079935744,1.5092247381850987,-7.682388489188053,20.990101342685776,100.49338449061824
527,2698171642,-5.624751,-6.76119,1.507212,-9.629049,21.265835,102.92411,-0.319492,-0.165557,-0.64209,0.676931,-5.636713008302741,-6.8731007822764045,1.4589140302215138,-10.022937298272483,20.333256883982532,102.99227393889134
528,2698188309,-5.708455,-6.300709,1.340014,-15.590088,19.017372,106.957283,-0.328351,-0.176613,-0.642023,0.669925,-5.7036577876861525,-6.5116097594273,1.34068440744164,-14.795781021607912,19.97540410943909,106.33634252064344
529,2698204976,-6.061623,-6.302258,1.122033,-21.712307,19.893677,109.500389,-0.337449,-0.187655,-0.642363,0.662029,-6.016210566954471,-6.3775125073776495,1.1557380154716423,-19.576443198204917,19.72972902695149,108.95462692885823
530,2698221643,-6.486548,-6.640858,0.859995,-24.185652,19.131733,110.24118,-0.346666,-0.19852,-0.642711,0.653708,-6.439207694428996,-6.3557844524951825,0.9304197232020031,-22.520762048647807,19.383243376354255,110.02166339734677
531,2698238310,-6.736833,-6.42831,0.706126,-21.967361,18.852657,109.987251,-0.355726,-0.209391,-0.642667,0.64544,-6.808892954816654,-6.262532112108509,0.6964870474762432,-23.514088833770234,18.689563529336848,110.00541938140351
532,2698254977,-7.056814,-5.839482,0.727853,-18.717194,18.416187,109.179176,-0.364557,-0.220259,-0.64215,0.637359,-7.020902792125206,-6.015477942874741,0.48357782790694326,-23.469739694891835,17.4927551955468,110.15731282588841
533,2698271644,-7.09505,-5.534967,0.026995,-25.92222,15.028781,110.981934,-0.374006,-0.23054,-0.641891,0.628447,-7.066574759138209,-5.680202637254319,0.3204433708595067,-22.844371437571137,15.85498695741213,111.43980586563544
534,2698288311,-7.021356,-5.443408,0.250769,-23.232418,12.972577,114.738121,-0.383794,-0.241067,-0.640968,0.619474,-7.014886654916776,-5.379404212623075,0.2255851052116848,-21.158109301870212,14.054690549305892,113.77300219794546
535,2698304978,-6.883807,-5.272876,0.463694,-15.945691,13.680656,116.420097,-0.393303,-0.252151,-0.639184,0.610882,-6.958204377944934,-5.180145800548646,0.1897647933913263,-17.892593171247487,12.522792411397088,116.1312522022904
536,2698321645,-6.896207,-4.953821,-0.146588,-16.900646,13.574195,115.63118,-0.402672,-0.263025,-0.637322,0.602074,-6.955977728860662,-5.054716204057736,0.17189331929956006,-13.455092351445398,11.803733871343855,117.32504019007862
537,2698338312,-7.10782,-5.006966,0.105092,-4.354185,10.34712,118.766663,-0.412018,-0.274566,-0.633868,0.594193,-7.014292154747132,-4.91553926729874,0.12149290168623465,-8.971512781973496,12.387764131537558,116.87675923967095
538,2698354979,-7.235669,-4.576543,0.157968,-5.767339,13.628548,116.454414,-0.420799,-0.286012,-0.630641,0.586017,-7.109046815905923,-4.67556436902317,0.023665964682332834,-5.212431432548706,14.289642960574566,115.39319515055789
539,2698371646,-7.14132,-4.387264,0.468559,1.455374,15.781601,113.300125,-0.428696,-0.297716,-0.626886,0.578445,-7.21580240833191,-4.2975932579116165,-0.06653365435089612,-2.080490463557019,16.75036087042865,114.07675547644104
540,2698388313,-7.078702,-3.797299,-0.843166,-10.866033,21.810223,109.841492,-0.436172,-0.308763,-0.624526,0.569549,-7.3099657319262175,-3.8161254853118995,-0.05829497111615291,0.527494199408765,18.628998877210037,113.58024809729199
541,2698404980,-7.424034,-3.388378,-0.060805,7.100674,19.954639,114.833954,-0.443304,-0.321167,-0.620165,0.561897,-7.355553272491643,-3.3226342720299757,0.072082789435687,1.4912621225724172,19.325554675115292,113.17811524320526
542,2698421647,-7.685887,-2.773155,0.747578,3.762546,17.040785,113.317184,-0.450608,-0.332891,-0.615789,0.554021,-7.326695328093544,-2.918081243560341,0.2235124480311439,-1.3107784691429223,19.270959716532968,111.265176561735
543,2698438314,-7.006392,-2.626935,0.243043,-14.477527,17.564121,107.384018,-0.458153,-0.342843,-0.613043,0.544732,-7.250967390022064,-2.6632450553692735,0.2560628459543833,-9.061362107304872,19.384098663978556,106.94172356689108
544,2698454981,-7.141263,-2.658324,0.254953,-18.400469,23.511551,101.671371,-0.4648,-0.352414,-0.611141,0.535044,-7.211046574341006,-2.569582179647381,0.14089496468133972,-20.141033307963195,20.093321974298526,101.11312928961168
545,2698471648,-7.305584,-2.747571,-0.427396,-29.841742,18.30691,93.008507,-0.47172,-0.359958,-0.610087,0.525075,-7.285540010177484,-2.6368677662598774,-0.0010575591318423977,-30.130789781482815,20.971325479763788,95.8298361830215
546,2698488315,-7.502894,-2.947961,0.017939,-29.819328,23.765371,91.649452,-0.477954,-0.367727,-0.609352,0.514807,-7.490770726300547,-2.8825125997027805,-0.013982208656389439,-33.86779170532379,21.227259043092815,92.36693880795346
547,2698504982,-7.873719,-3.073358,0.486606,-36.445259,20.091768,90.262321,-0.484665,-0.374561,-0.608807,0.50414,-7.783185536021179,-3.301123335342748,0.15496799998153374,-28.452514651476985,20.394086154932694,89.88152904573963
548,2698521649,-8.075988,-3.663204,0.249377,-17.636374,16.300486,88.293488,-0.490452,-0.382198,-0.606607,0.495387,-8.107329886805193,-3.7758963355301276,0.42034009692930235,-15.396697235792386,18.553105142571624,85.96864667535816
549,2698538316,-8.412082,-4.140027,0.474544,6.45513,16.74646,78.63829,-0.494088,-0.390675,-0.603148,0.489349,-8.431529212816983,-4.050888529191077,0.6250163070810542,-0.05503683976501339,16.09238874775996,78.62579877738064
550,2698554983,-8.704662,-3.972503,0.711007,15.81797,15.954923,66.752083,-0.496357,-0.398677,-0.599571,0.484975,-8.743266452762438,-3.8455537339624315,0.6418975541510309,11.737598606176125,13.42967234768989,67.88160323046144
551,2698571650,-9.016228,-3.129776,0.827989,15.958351,8.99631,56.737736,-0.498472,-0.405288,-0.596012,0.481701,-9.027539455137164,-3.0543035584227374,0.4573020117282201,17.08930857704531,10.912289837742124,55.77442275572031
552,2698588317,-9.259908,-1.891134,-0.047557,7.474153,7.889454,44.330009,-0.500286,-0.410108,-0.593666,0.478629,-9.264334769633662,-1.866912928525191,0.18817544595503957,16.477154838294574,8.732936082636325,44.82665865693857
553,2698604984,-9.690073,-0.618835,-0.241845,14.222923,6.949637,33.668053,-0.501021,-0.414421,-0.591395,0.476954,-9.447576897040097,-0.6891900843527176,-0.0008344142805522745,11.412228617662706,6.822988916756811,36.27525841802535
554,2698621651,-9.390995,0.332925,0.118975,5.894674,7.1852,30.091103,-0.501975,-0.417821,-0.589923,0.474802,-9.591486743867712,0.09530699117085936,-0.03179564713860294,2.518706005062956,4.966131702190159,29.42888543960639
555,2698638318,-9.528985,0.411304,0.020075,-8.540666,1.987006,25.802664,-0.503951,-0.419439,-0.589317,0.472027,-9.703921869417938,0.3437413805693547,0.02115168479050944,-9.926181613538585,3.130649846758598,22.671859486487605
556,2698654985,-9.865412,-0.079083,0.017709,-26.577784,0.923322,15.741163,-0.506418,-0.418791,-0.590475,0.468502,-9.761325981785562,0.18369127982410904,0.001122355276686575,-24.26232345979517,1.6081643670627137,15.252896921631294
557,2698671652,-9.98995,-0.338201,-0.02739,-37.964981,0.921748,6.483178,-0.508933,-0.416494,-0.592958,0.464671,-9.732827060453781,-0.1511969764182908,-0.19249163031590444,-36.92951636352548,0.7414588823200446,8.189017323666704
558,2698688319,-9.589569,-0.461471,-0.608171,-41.981136,0.734929,1.239643,-0.511337,-0.413422,-0.595995,0.460875,-9.632191616152214,-0.5102585971445415,-0.5204305671263019,-43.800428130166964,0.5721116804603292,3.4320192974491612
559,2698704986,-9.238659,-0.614406,-0.972314,-42.498821,0.68501,3.006444,-0.513874,-0.410446,-0.598933,0.456888,-9.522923593213136,-0.8649641648581333,-0.8409955775215457,-42.18443925736536,0.8245090349397864,2.2111571685376346
560,2698721653,-9.446196,-1.036186,-1.00892,-34.376835,1.918367,5.992239,-0.516002,-0.408409,-0.601224,0.453292,-9.4601752490553,-1.2008117760234682,-1.0240575074559186,-32.177923157729104,1.20544068385933,4.181099299750025
561,2698738320,-9.720611,-1.630273,-1.046807,-15.729328,2.020287,7.982097,-0.517134,-0.407943,-0.602165,0.451167,-9.444321700841854,-1.4260981172714553,-1.0362064186830984,-16.74069414821146,1.645591169564643,7.921921129336883
562,2698754987,-9.404761,-1.609162,-0.815168,1.250073,0.191961,11.250876,-0.51763,-0.408916,-0.60166,0.450391,-9.443654630153347,-1.4224009000041258,-0.9309666345021839,-0.49986377478125066,2.214338444292963,11.923607152508525
563,2698771654,-9.34132,-1.215068,-0.735648,11.373544,3.686601,14.423227,-0.517425,-0.411158,-0.600562,0.45005,-9.446230981708831,-1.17678766484438,-0.7747299086598217,12.127129958927407,2.8449079427302904,15.055012006190234
564,2698788321,-9.444849,-0.630118,-0.635647,17.809656,4.039855,16.453932,-0.516933,-0.414083,-0.598943,0.450092,-9.471133216451427,-0.8321243959292184,-0.5945317480241745,18.500128352468693,3.245126894229322,16.45853147981117
565,2698804988,-9.646503,-0.491143,-0.507599,18.588539,3.174656,15.767154,-0.516418,-0.416945,-0.597241,0.450302,-9.53482971842426,-0.5865888288951757,-0.39637867645483205,18.32075507784298,3.12764757977875,15.47289299335817
566,2698821655,-9.527842,-0.597777,-0.266778,14.254016,1.257348,12.645408,-0.516123,-0.419078,-0.595865,0.450483,-9.620560778864203,-0.5416949522945987,-0.21769413307290214,13.22238319401332,2.485610831344725,11.923850367225853
567,2698838322,-9.653476,-0.681863,-0.015329,4.980063,2.242744,6.428743,-0.515899,-0.420041,-0.595546,0.450264,-9.682653333789139,-0.6449049607469826,-0.13761837994755471,5.808138947418422,1.6192174351350301,6.490028775572357
568,2698854989,-9.792164,-0.876415,-0.145827,-2.654756,2.322374,0.024467,-0.515714,-0.41988,-0.596125,0.449861,-9.67975371709834,-0.7659029724329331,-0.21911836359417453,-1.435617628896864,0.9209034759925352,0.6453047452807623
569,2698871656,-9.626692,-0.770146,-0.440383,-5.769018,-1.279252,-3.999936,-0.515767,-0.418899,-0.596883,0.44971,-9.609731544481471,-0.8195146289034412,-0.44100466184496145,-6.9232007042678765,0.5943786724554627,-3.9382777450905277
570,2698888323,-9.441862,-0.787858,-0.781313,-9.509397,-0.686792,-5.954533,-0.515868,-0.417507,-0.598046,0.449343,-9.515609608469026,-0.8254059739590266,-0.697281983687647,-10.111103088684484,0.5025143799084085,-6.149009515617029
571,2698904990,-9.417587,-0.892835,-0.987128,-12.63775,2.351894,-5.982708,-0.515892,-0.416076,-0.59964,0.448517,-9.453125911950497,-0.86885978289361,-0.8703919173009054,-11.04870404876352,0.3622259903703008,-5.870743660994395
572,2698921657,-9.439492,-0.973382,-0.893955,-9.168952,1.520838,-3.824874,-0.515917,-0.415038,-0.600813,0.44788,-9.448768900995177,-1.010250515477631,-0.9054873266265765,-9.784713670050522,0.2424170407274324,-3.896197771689584
573,2698938324,-9.572752,-1.159065,-0.554394,-3.425302,1.068018,-1.538209,-0.515783,-0.414601,-0.601438,0.4476,-9.488488173160507,-1.2196537309298725,-0.819652927907172,-6.141317507627042,0.7611954166579997,-1.4468087886585272
574,2698954991,-9.586474,-1.391763,-0.600439,-1.449307,-0.00534,0.460945,-0.515752,-0.414415,-0.601735,0.447409,-9.541211873673317,-1.3868965691262454,-0.6650922509096597,-0.17376131208693613,2.4043552606509957,0.4247320186374647
575,2698971658,-9.540469,-1.520685,-0.827932,4.211247,0.864153,2.109341,-0.515411,-0.414854,-0.601629,0.447538,-9.58286970513348,-1.4019345671492403,-0.5131497311753779,6.883583675153199,4.489939096211205,1.25922909478982
576,2698988325,-9.315585,-1.468739,-1.188663,6.09642,6.071601,1.018252,-0.514429,-0.415677,-0.601856,0.447599,-9.597833543142277,-1.242972145097951,-0.4592153997380072,12.221372397165938,5.236559767100144,1.2214659245454071
577,2699004992,-9.977501,-0.476796,1.112784,28.52935,17.988991,-1.232411,-0.510895,-0.418754,-0.601641,0.449063,-9.575457599176795,-0.9961639075109404,-0.5753140292043469,12.728128716960986,3.4322226550174224,0.7394227932163339
578,2699021659,-9.50017,-0.973277,-1.470522,-0.019965,-14.69143,1.651783,-0.512142,-0.417821,-0.600679,0.4498,-9.521705309263782,-0.7932791819818649,-0.8176157662959422,7.393294358020839,-0.007822553160234946,0.0814555418879494
579,2699038326,-9.174719,-0.949279,-1.661197,-3.815319,-1.021063,-0.627255,-0.512273,-0.417299,-0.601121,0.449545,-9.46638849228096,-0.7324169098104445,-1.0251548741288943,-1.4430639214214218,-2.6687483739187683,-0.731306938665
580,2699054993,-9.6342,-0.710271,-0.797505,-7.377905,-2.859915,-1.322704,-0.512738,-0.416333,-0.601699,0.449138,-9.441252581106337,-0.8422486326315447,-1.0635179392761824,-9.430489258195717,-2.943956915071965,-1.6694588024137866
581,2699071660,-9.393258,-0.979906,-0.714717,-14.460721,1.042085,-3.381493,-0.513151,-0.414909,-0.603155,0.448029,-9.44994945244644,-1.0833938938302166,-0.9539080372083462,-12.931697695645592,-1.391692362536872,-2.492157693289661
582,2699088327,-9.485597,-1.393322,-0.777609,-9.584635,1.011657,-2.672545,-0.513319,-0.413909,-0.604244,0.447293,-9.468746920631146,-1.3613296428716837,-0.8310909903490789,-10.867740141731652,0.18485562662453603,-2.877273427185667
583,2699104994,-9.512587,-1.631782,-0.925689,-4.510692,-0.65817,-2.591596,-0.513331,-0.413185,-0.604874,0.447098,-9.476363507713755,-1.5583679764775171,-0.7968926058423902,-4.753874264015328,0.5671876606415458,-2.7272240623515103
584,2699121661,-9.513935,-1.66547,-0.837545,1.897984,-0.62212,-2.55648,-0.512955,-0.412943,-0.605088,0.447463,-9.475871059291553,-1.5895245365357122,-0.8425413626826528,2.4643586378150246,-0.08121287027678648,-2.3094386185051485
585,2699138328,-9.356782,-1.354148,-0.978204,7.824328,-0.807415,-2.074027,-0.512271,-0.413174,-0.604872,0.448324,-9.484378713370953,-1.4466075632586914,-0.8941342351553523,7.8211623126587355,-0.8366218086519202,-2.088294937411457
586,2699154995,-9.502789,-1.064096,-0.866677,9.140503,-0.947158,-2.044458,-0.511523,-0.413497,-0.604557,0.449305,-9.504779170718699,-1.1952342357182406,-0.898074988679897,9.437390435207256,-1.064709312698358,-2.3798547185437533
587,2699171662,-9.588146,-1.089473,-0.758779,9.087228,-1.658397,-2.539269,-0.510807,-0.413725,-0.604221,0.45036,-9.515558425134031,-0.9383699320421751,-0.8578435965013176,7.121697135161709,-0.8861026549604489,-3.09967794085017
588,2699188329,-9.546184,-0.860682,-0.858462,0.497303,0.446449,-4.607789,-0.510285,-0.413269,-0.604729,0.450688,-9.494124785213685,-0.7822200334549452,-0.810858702127671,2.330888018373159,-0.8329577882269713,-3.834897209455556
589,2699204996,-9.396085,-0.730863,-0.833116,-2.494524,-0.359077,-4.68619,-0.510009,-0.412532,-0.605377,0.450806,-9.44687675022226,-0.808526087641103,-0.7889754251876046,-2.548731080242819,-1.1813977903409643,-4.230432676669357
590,2699221663,-9.369821,-0.917117,-0.745008,-4.616728,-2.853537,-3.992162,-0.510127,-0.411537,-0.605935,0.450833,-9.40891857536917,-1.036410421305754,-0.7991398981139202,-5.308567465431051,-1.6460503726957476,-4.369078098991493
591,2699238330,-9.425054,-1.4226,-0.850247,-5.293801,-2.506191,-4.516468,-0.510219,-0.410467,-0.606594,0.450817,-9.412512798147079,-1.3893062982346394,-0.8266750973615037,-4.8674267126815955,-1.7275990739007794,-4.778230720882977
592,2699254997,-9.452086,-1.827399,-0.844517,-2.531163,-1.000138,-6.11228,-0.509908,-0.409558,-0.607279,0.451074,-9.458244377579524,-1.711052146126994,-0.8478021700700797,-1.629196235938232,-1.317556613825386,-6.0222841919839585
593,2699271664,-9.575607,-1.82787,-0.82681,4.055842,-0.31373,-8.289846,-0.508998,-0.408989,-0.607712,0.452034,-9.51572458410295,-1.840862313977707,-0.8429509233376409,2.871743068954184,-0.8897752997195666,-8.199819723065355
594,2699288331,-9.478269,-1.585798,-0.855176,6.038024,-0.678724,-10.635833,-0.507846,-0.408333,-0.608126,0.453364,-9.548488856281987,-1.701058539414573,-0.8065996573810972,6.849994740846824,-1.0824422045262485,-10.719768098823316
595,2699304998,-9.561939,-1.398567,-0.729697,11.416185,-2.199851,-11.601244,-0.506444,-0.407887,-0.608127,0.455328,-9.53981098696929,-1.3457272234649682,-0.7477912630222987,9.190892565782988,-2.123377954884526,-12.54428574462927
596,2699321665,-9.566711,-1.066127,-0.65637,8.585431,-5.132342,-13.548056,-0.505336,-0.406864,-0.608211,0.457357,-9.501729811191225,-0.9518966523545744,-0.6787345608929235,9.82198018623345,-3.6241838106028434,-12.85578580699481
597,2699338332,-9.435809,-0.764222,-0.556711,8.339046,-3.576598,-13.226215,-0.504125,-0.405952,-0.608403,0.459245,-9.462119051242366,-0.7528080015600507,-0.6006046765975602,9.336446723977106,-4.810801722403527,-11.825150011581435
598,2699354999,-9.323266,-0.762195,-0.572231,5.414266,-3.880749,-11.111258,-0.503254,-0.404993,-0.608638,0.460733,-9.437723894589972,-0.9214770184315213,-0.5032763649077595,8.41774895949293,-4.932316405270226,-10.877046305253227
599,2699371666,-9.448976,-1.37701,-0.386215,11.82408,-4.85087,-10.358861,-0.502139,-0.404504,-0.608326,0.462787,-9.41683325687599,-1.452389375907085,-0.3842572569581691,7.844167215486925,-3.6825421842421906,-11.978117283701833
600,2699388333,-9.456542,-2.18286,-0.260733,16.44171,-3.209392,-14.344354,-0.500335,-0.404104,-0.608052,0.465442,-9.37470595382408,-2.1307605527566933,-0.26898944195054364,8.905341897004842,-1.5439551060889278,-16.26700764027244
601,2699405000,-9.395517,-2.709613,-0.231169,3.71059,1.201155,-25.072483,-0.498154,-0.402122,-0.609586,0.467489,-9.30963293257642,-2.644126686002717,-0.2074629622008975,12.978848926837706,0.25131960613563276,-23.137610952139905
602,2699421667,-9.180179,-2.930938,-0.144459,13.438678,2.157181,-32.239868,-0.494821,-0.400263,-0.610933,0.470852,-9.252298185887637,-2.778797294484005,-0.24204661546491535,19.873895496611457,0.4187199240787017,-30.629953056325395
603,2699438334,-9.050845,-2.553136,-0.519203,33.029228,-1.237962,-35.620342,-0.490399,-0.399267,-0.610867,0.476377,-9.224344985095541,-2.5579406734754047,-0.3679162976248415,26.91907318988767,-1.4033352495448035,-36.77114390570254
604,2699455001,-9.218587,-1.994419,-0.365343,36.88163,-6.68127,-39.603806,-0.485935,-0.397795,-0.61034,0.482815,-9.191284558031287,-2.2131513488787977,-0.5166337879262671,30.9283101486977,-4.315285191813294,-40.72241058671748
605,2699471668,-9.178261,-2.048784,-0.485322,30.041317,-3.336101,-44.496895,-0.481195,-0.395614,-0.610775,0.488768,-9.079248351572522,-2.014654726234367,-0.5838229048571871,31.677598701077983,-6.916731226167949,-43.034573445297504
606,2699488335,-9.098784,-2.116785,-0.79264,37.253544,-13.705654,-44.574196,-0.476923,-0.393166,-0.609933,0.49593,-8.854469500074318,-2.0953589247299185,-0.4983350499137936,32.69417538256111,-8.558914501605633,-45.17634368519917
607,2699505002,-8.334803,-2.290414,-0.25822,24.198023,-10.329127,-49.157932,-0.472733,-0.389622,-0.610485,0.502022,-8.576990613823817,-2.393269302283417,-0.2909899607701342,37.41814040960581,-9.900442125442256,-48.75493192221363
608,2699521669,-8.260855,-3.010149,-0.087325,40.607723,-5.682411,-54.999886,-0.466735,-0.386996,-0.610437,0.509666,-8.356113496186152,-2.728455548748629,-0.09365206310627996,44.21340722183612,-12.100212254145548,-54.65689638128505
609,2699538336,-8.253403,-2.947813,0.190295,53.910957,-16.211651,-60.410954,-0.460465,-0.383963,-0.608917,0.519388,-8.24934225882868,-2.930500612880392,-0.04129170431031095,46.09148849049511,-15.365286296199827,-62.345620808276095
610,2699555003,-8.273812,-2.458464,-0.162981,45.230289,-20.311426,-70.15239,-0.454237,-0.379119,-0.60823,0.529143,-8.218291487005922,-2.922511755821822,-0.1498048329862264,36.89152357243666,-18.507571074718285,-69.77275360000567
611,2699571670,-8.296185,-2.922149,-0.42432,19.826437,-25.394455,-74.777809,-0.449435,-0.37174,-0.609326,0.537158,-8.191742030036922,-2.7409754665000974,-0.28893464438466754,18.53483848372757,-20.183828359608196,-74.28564463869932
612,2699588337,-8.224303,-2.99385,-0.302669,-1.860071,-16.798643,-75.310753,-0.444941,-0.363516,-0.612624,0.542748,-8.16389777451114,-2.526366430633341,-0.2896316231309083,1.5781462136615647,-20.377485305968467,-74.2655094857877
613,2699605004,-8.154478,-2.27202,-0.158035,-12.003073,-17.499832,-71.214912,-0.441313,-0.354899,-0.616384,0.547137,-8.214889763724026,-2.4815054060547537,-0.09517373009925335,-2.8268807085265424,-20.248364667668056,-70.43953759437494
614,2699621671,-8.178913,-2.442269,0.195427,-3.208158,-18.934229,-65.228973,-0.437787,-0.347231,-0.618975,0.551945,-8.421654643993213,-2.755382000669619,0.1810073137139397,7.324758709136767,-20.581344787489776,-65.72368069571496
615,2699638338,-8.865893,-3.156057,0.156813,33.687267,-23.794111,-61.878803,-0.433056,-0.341785,-0.618057,0.560045,-8.743380399813923,-3.2965656094379967,0.3511048651175755,22.94917463364569,-20.92742727616198,-63.433342809658285
616,2699655005,-9.178538,-4.132019,1.078251,53.604259,-26.080582,-63.21627,-0.42737,-0.337237,-0.615353,0.570057,-8.997201066159583,-3.8311289706389005,0.32776296858515064,32.104308673782754,-20.550000960738252,-65.07570106084526
617,2699671672,-8.631444,-4.222044,0.135702,25.433821,-15.974476,-70.866798,-0.421465,-0.331042,-0.615901,0.577447,-8.959403024244303,-4.046026814729048,0.21081174775238248,30.319691767679323,-19.780810048216697,-69.46807049581417
618,2699688339,-8.750081,-3.848907,-0.803829,-0.843176,-15.304358,-77.308083,-0.416167,-0.322669,-0.618925,0.58277,-8.525510118957122,-3.841559868928126,0.17533265196752593,22.630366408258418,-19.828176618166474,-73.91243433516844
619,2699705006,-7.91949,-3.284214,0.358728,17.402754,-22.51668,-74.572899,-0.410837,-0.314993,-0.619753,0.589829,-7.822419265048717,-3.4225334979852473,0.26518692302969216,16.292818462213937,-21.256023148523397,-76.35944690141068
620,2699721673,-7.436717,-3.037977,1.233102,24.470114,-25.386387,-76.120537,-0.405253,-0.307312,-0.619784,0.59766,-7.181666014579422,-3.14667927412581,0.3388755164172884,13.330046228334156,-23.18500161543001,-76.68938548566778
621,2699738340,-6.330857,-3.098343,0.172171,20.135256,-28.942698,-75.54734,-0.400172,-0.299072,-0.619862,0.605135,-6.948851506061523,-3.27135562980928,0.2448359456501676,10.625773025024486,-24.179988570385486,-76.24930049877926
622,2699755007,-7.208719,-4.126265,-0.4058,-8.179179,-18.78966,-77.746361,-0.395156,-0.289836,-0.62303,0.609656,-7.237273668230921,-3.8074957609289686,0.00709284647936715,5.376844508021508,-23.466977761633515,-76.40024342997552
623,2699771674,-7.742536,-4.67336,-0.499394,1.033795,-15.002688,-76.266602,-0.389486,-0.28156,-0.625451,0.614684,-7.837715042769321,-4.56204203677844,-0.19954397776913904,-1.3104102783588636,-20.982661687195048,-77.39587939507066
624,2699788341,-9.225719,-4.982246,0.242858,-2.054249,-21.89505,-76.900543,-0.384459,-0.272396,-0.627698,0.619666,-8.395070121559586,-5.282047771437194,-0.22155734900288676,-5.666382581386728,-16.81058914641156,-78.32691925029647
625,2699805008,-8.909882,-5.805819,0.081967,-11.478077,-18.34199,-80.89843,-0.379065,-0.262621,-0.631061,0.62378,-8.688572309629773,-5.773693001813857,-0.03456706087196876,-4.69732847134449,-11.42436614388461,-78.03571180986252
626,2699821675,-7.261523,-6.200291,-0.136553,6.267669,1.057411,-77.342812,-0.37148,-0.255873,-0.633658,0.628497,-8.726085592454668,-5.953722641309429,0.2833362103851252,1.6192670647133849,-6.45240776155666,-76.27430135786945
627,2699838342,-9.343928,-5.529931,0.892966,11.081371,-4.580752,-72.544853,-0.364627,-0.249277,-0.635252,0.633532,-8.589139984221694,-5.859270679624389,0.6259987451689712,10.494465981747634,-4.3244361789118555,-74.10283684414054
628,2699855009,-8.283694,-5.956264,0.785119,16.717068,-7.687119,-70.790756,-0.357977,-0.24283,-0.636024,0.63903,-8.271111268872634,-5.630606047120441,0.9100073948971203,18.04761118414918,-6.526525300913736,-73.06732977013286
629,2699871676,-7.73702,-5.306402,1.286506,18.304214,-9.930202,-74.762108,-0.351064,-0.235858,-0.636593,0.644883,-7.722919521790438,-5.456587126093808,1.0989720046969798,21.2657028143587,-12.197819688745582,-73.90340685259672
630,2699888343,-7.340278,-5.434953,1.150784,26.605349,-20.649845,-77.2052,-0.34458,-0.228045,-0.635829,0.651906,-7.016901986045416,-5.4885870751336405,1.201193786454908,19.268032495009802,-18.58381862051367,-76.06212150129966
631,2699905010,-6.27424,-5.725604,0.971677,11.110126,-25.721813,-79.566254,-0.338803,-0.218721,-0.636262,0.657681,-6.380827069915807,-5.76482314921134,1.2337647380329586,13.456435544590647,-22.966851447275076,-78.43079111832843
632,2699921677,-5.485071,-6.249974,1.381132,-0.996,-21.419088,-80.060524,-0.332915,-0.209135,-0.637983,0.662124,-6.017001686713797,-6.199843092575355,1.1836613164212721,6.533393731303808,-24.406228084920144,-80.30965978885368
633,2699938344,-5.605316,-6.701569,1.006655,7.758064,-23.397207,-79.24839,-0.326972,-0.199827,-0.638645,0.6673,-5.891955926027126,-6.655069225006368,1.0182828074681487,1.06986652246165,-23.97410780264113,-81.60474299729057
634,2699955011,-6.543071,-7.161454,0.749878,-0.454983,-25.590118,-82.104515,-0.321144,-0.189618,-0.639985,0.671811,-5.756052864570839,-7.035569935789415,0.7479266515621855,-1.3003111677534909,-23.564742810923676,-82.31464920758751
635,2699971678,-5.785003,-7.314005,0.731143,-0.233901,-22.483246,-84.123253,-0.314768,-0.1795,-0.6414,0.676244,-5.414724562842194,-7.326448610613576,0.4730169204276896,0.10034595835433752,-24.40952123982759,-82.22931185197719
636,2699988345,-4.622447,-7.219433,-0.122278,1.369938,-25.658674,-82.920555,-0.308716,-0.169229,-0.642376,0.680742,-4.959281660848239,-7.539577812954994,0.35021010485166837,4.858421594708158,-26.360340563594267,-81.28563408688328
637,2700005012,-4.070156,-7.559223,0.682316,13.103627,-30.667177,-77.925537,-0.303289,-0.159431,-0.641739,0.686126,-4.676400131368524,-7.645585390446894,0.4909892673673809,10.920763056779787,-28.263256207127395,-79.97800804037972
638,2700021679,-4.768806,-8.020492,0.986937,12.521185,-28.530548,-77.532951,-0.297669,-0.149832,-0.641148,0.691284,-4.727141676362834,-7.5971558447407705,0.8771392162274959,14.694751325895886,-29.01794887200434,-79.10357051148665
639,2700038346,-5.294352,-7.56106,1.170315,11.726126,-28.656223,-80.287262,-0.291753,-0.139904,-0.640592,0.696383,-4.963294512424572,-7.438662244138088,1.362119951625119,12.81070743678104,-28.49344776288538,-79.06912401102376
640,2700055013,-5.310426,-7.226586,1.862701,11.753763,-26.135139,-81.117722,-0.285471,-0.130133,-0.640054,0.701357,-5.0816946842678705,-7.357700621380632,1.7521058768460827,4.908635780847845,-27.629805674366242,-79.5778947157302
641,2700071680,-4.975057,-7.268816,1.945864,-3.266905,-28.586,-79.196495,-0.279854,-0.119648,-0.64081,0.704789,-4.928992953174838,-7.565213877321241,1.9094016156285847,-4.84542295490436,-27.75673926964051,-79.95368316601278
642,2700088347,-4.371485,-7.895611,1.853359,-15.135995,-31.37348,-78.062485,-0.274776,-0.108481,-0.64255,0.707007,-4.62541849804768,-8.094259505337233,1.819934714761638,-9.700694826862009,-29.691736628766293,-79.61378480542797
643,2700105014,-4.270882,-9.070363,1.45578,-9.643543,-30.955442,-78.934868,-0.269438,-0.097478,-0.643653,0.709656,-4.400115813869277,-8.735707874540655,1.5900452848799593,-5.2549065363506955,-33.11449040931617,-78.30169840237826
644,2700121681,-4.12491,-9.619755,1.504149,6.163772,-34.244907,-77.947693,-0.264242,-0.086829,-0.642881,0.713681,-4.336241945169268,-9.198987299556052,1.3768542498718106,6.448639820337385,-36.50910815114073,-76.16289552972077
645,2700138348,-4.595658,-9.065607,1.147519,20.988337,-40.874069,-73.285965,-0.259923,-0.076487,-0.640155,0.718882,-4.295624431557888,-9.338784533159009,1.2987672568083442,17.759118689668956,-37.91589905793771,-73.71510687519287
646,2700155015,-4.395762,-8.77595,1.400727,27.609106,-39.088421,-69.74427,-0.255692,-0.066897,-0.636664,0.724434,-4.088484061747601,-9.22826462727265,1.383855222792122,21.18242383229913,-36.30575209836354,-71.52402634044726
647,2700171682,-3.623442,-9.310096,1.766658,16.751028,-30.312941,-69.5177,-0.250738,-0.057835,-0.634552,0.728786,-3.6961454156954727,-9.052326642861892,1.581760145937642,15.292677182941214,-32.53264037048235,-69.68315792995841
648,2700188349,-3.065035,-9.293057,1.663082,-3.155289,-26.560171,-68.676384,-0.245666,-0.048519,-0.6346,0.731147,-3.3057702185264333,-8.974021677249638,1.8161156387436628,5.5835819946299745,-28.77567054439102,-67.6688513502883
649,2700205016,-2.985601,-8.849598,2.055879,-1.923958,-28.22541,-65.92189,-0.241001,-0.039315,-0.634367,0.733452,-3.1219930391674366,-9.079550717303327,2.0298942568190106,-0.324046912029162,-26.758970311091367,-64.88561237495207
650,2700221683,-3.112972,-9.240593,2.281788,4.972264,-25.444347,-61.28479,-0.236511,-0.031075,-0.633402,0.736137,-3.1568724819766523,-9.367770885674055,2.195820369402418,1.359193153305712,-26.345719808246375,-61.3774692055609
651,2700238350,-3.497244,-9.810484,2.083973,7.243802,-25.905109,-57.209927,-0.232468,-0.023236,-0.632102,0.738827,-3.2159819437368347,-9.740825061048657,2.3030388620145628,8.429348575746376,-25.768369989327386,-57.88083564373785
652,2700255017,-3.082223,-10.003906,2.55095,16.993654,-24.495361,-53.354645,-0.228661,-0.016236,-0.629735,0.742215,-3.091592667536219,-10.031880940621301,2.347828449264485,15.325848026333766,-23.26492164543344,-55.1115035900973
653,2700271684,-3.03495,-10.132728,2.338583,22.002441,-20.962366,-53.86401,-0.224445,-0.009735,-0.626896,0.74601,-2.7677670430494343,-10.102631306481923,2.3402662335732134,17.630227936887312,-18.743788784233153,-53.07250121409286
654,2700288351,-2.070804,-10.350533,2.163546,8.286366,-10.954488,-53.209625,-0.21939,-0.003932,-0.625823,0.748463,-2.4364299633992954,-9.950874655607599,2.3133237750709386,14.817062631552615,-14.084265617768098,-51.148342341001396
655,2700305018,-2.117823,-9.319273,2.497052,11.767448,-12.098835,-48.436295,-0.214943,0.00145,-0.624294,0.751035,-2.3117556261431096,-9.721540415694296,2.3144531048542287,9.766673447341846,-11.748119247360492,-48.82083241725772
656,2700321685,-2.570911,-9.332767,2.251876,7.613722,-11.334424,-44.653538,-0.210821,0.006544,-0.62321,0.753074,-2.4259105175730973,-9.591803953317815,2.3777414248556195,6.13503004205914,-12.809959273209358,-46.14559396715483
657,2700338352,-2.694028,-9.974362,2.550444,1.669929,-16.655376,-43.611038,-0.207281,0.012307,-0.622585,0.7545,-2.6004801285745263,-9.632177505284721,2.4946020566791725,5.8065898220385135,-16.0771905711149,-43.51556997774773
658,2700355019,-2.772151,-9.851339,2.483184,8.535146,-20.745131,-41.643143,-0.204335,0.018126,-0.621056,0.756444,-2.6079641075224043,-9.77438555494781,2.6067301212315535,8.030885087997206,-19.037746765288126,-41.12580938471343
659,2700371686,-2.254738,-9.699574,2.71019,16.88002,-21.187462,-38.675682,-0.201767,0.023477,-0.618574,0.759015,-2.3597607231384794,-9.898347563934504,2.63706391244512,10.440798725675513,-19.769105860824716,-38.78956030618228
660,2700388353,-1.825958,-10.127274,2.705771,5.999624,-15.692645,-36.78529,-0.198867,0.028371,-0.617435,0.760539,-1.9576103177012703,-9.935312834659625,2.5476024475598256,10.896408795109789,-18.16136320685903,-36.210126311007244
661,2700405020,-1.670962,-9.693179,2.348385,7.485943,-15.341773,-32.870022,-0.196369,0.032829,-0.616138,0.76206,-1.5918887174859344,-9.902474354969323,2.377601472481316,8.721928818813222,-15.550500150368418,-33.31395113182333
662,2700421687,-1.460921,-9.926052,1.938045,6.906204,-14.123219,-29.884838,-0.194082,0.036904,-0.614936,0.763428,-1.393684471092238,-9.87205251183409,2.2190619717168496,4.7706558910603984,-13.33549271936768,-30.30621899440253
663,2700438354,-1.051929,-10.221545,2.334936,1.965608,-10.365888,-28.207634,-0.191615,0.040549,-0.614385,0.76431,-1.3538381345664963,-9.91646276736898,2.1471477439785858,0.8193937324485394,-11.897493530797934,-27.462169926204474
664,2700455021,-1.550505,-9.656029,2.191234,-2.584034,-12.131489,-24.816662,-0.189654,0.044211,-0.614298,0.764666,-1.3540427788063996,-10.056011252902133,2.1730980201256775,-1.222058159927411,-10.611043485679678,-24.87581292507369
665,2700471688,-1.5094,-10.089407,2.248446,0.376514,-9.420701,-20.926291,-0.187895,0.047147,-0.613973,0.765186,-1.277870620028703,-10.232044715679752,2.2573808901080183,-0.28340658830202087,-8.690523756138045,-22.35748442802843
666,2700488355,-1.027363,-10.739582,2.340604,-0.69545,-5.551537,-20.806639,-0.185799,0.049666,-0.613866,0.765624,-1.1095472482194269,-10.341605677482201,2.3532127313750273,2.996331357201578,-5.992652518151678,-19.563520785373107
667,2700505022,-0.691131,-10.451078,2.435592,8.138209,-2.672215,-17.140156,-0.183917,0.051296,-0.612875,0.766764,-0.9316789035669653,-10.329750446807203,2.433230197684538,6.365774011479678,-3.073415108688013,-16.293758390202544
668,2700521689,-0.795489,-10.107224,2.444714,10.151658,1.157496,-12.129146,-0.182266,0.051998,-0.611794,0.767973,-0.8310828185430471,-10.250482907619125,2.4886834157791595,7.448535048032896,-0.5655340263545001,-12.691339942311751
669,2700538356,-1.033945,-9.798538,2.556341,7.436209,-0.854171,-7.68325,-0.181268,0.052603,-0.610994,0.768805,-0.8201891230396849,-10.213481545293888,2.5203361060802227,5.615041932435454,1.4152592243372715,-9.091283026043444
670,2700555023,-0.845362,-10.553793,2.600038,-1.348137,3.442481,-6.262369,-0.179977,0.052835,-0.611299,0.768849,-0.8518763494286394,-10.268545045984878,2.535320143138368,2.4600882422860346,3.2702177348010175,-5.656318670900396
671,2700571690,-0.957926,-10.528132,2.437578,-2.155655,6.373703,-3.238842,-0.178761,0.052487,-0.611794,0.768764,-0.886139885029944,-10.362370667665205,2.545642253366502,0.2866340618959955,5.461931066575406,-2.2348764047706307
672,2700588357,-0.734175,-10.320203,2.613436,2.72242,7.076797,1.800426,-0.178083,0.051486,-0.611798,0.768985,-0.9171718284896688,-10.40792093172571,2.559909690053474,0.06423774172681598,8.136662395881308,1.4066141775126
673,2700605024,-0.825114,-10.293201,2.580999,2.159811,12.059651,5.4491,-0.177364,0.049617,-0.612021,0.769097,-0.9419342182722901,-10.37333934802049,2.572794770271239,0.8312399821182953,11.102940641284015,5.307338861279932
674,2700621691,-1.18027,-10.287768,2.471711,-1.245483,14.453985,9.485693,-0.176857,0.047209,-0.612711,0.768815,-0.9342544569214934,-10.300591537853574,2.5658970760281963,0.8771249781332529,14.02896851764981,9.324987155978018
675,2700638358,-0.926903,-10.391162,2.641886,2.189473,14.314913,13.758424,-0.176864,0.044347,-0.61304,0.768723,-0.871494409203205,-10.260380111703412,2.5251300831628596,-0.6610218892176487,16.630446941328415,13.358528488367448
676,2700655025,-0.626123,-10.249775,2.471528,-4.502122,20.634762,16.826515,-0.176604,0.040676,-0.614291,0.767986,-0.7786171633942016,-10.297026252765356,2.461459668358359,-3.1983140571937496,18.793903114774555,17.469349471439703
677,2700671692,-0.700772,-10.196337,2.42295,-7.397227,21.418043,21.450762,-0.176771,0.036578,-0.615901,0.766863,-0.7276592111843466,-10.39666412357672,2.4117748497181504,-5.356548351902877,20.663363644325585,21.77630837601935
678,2700688359,-0.833138,-10.715646,2.176821,-5.481616,22.060371,26.729897,-0.177474,0.031887,-0.617329,0.765761,-0.7896827307253198,-10.492234784343342,2.4119777964167914,-6.0909981762165035,22.57639552501065,26.29412921615813
679,2700705026,-1.098456,-10.474278,2.686452,-2.546851,22.859974,31.608791,-0.178659,0.02659,-0.618455,0.764779,-0.987619457080703,-10.508331311508226,2.4672570556857742,-5.331836295185326,24.7251676486352,30.91144079150672
680,2700721693,-1.138133,-10.390116,2.600401,-5.548441,27.259871,34.709965,-0.179774,0.020602,-0.620019,0.763435,-1.2817912549535753,-10.420096220909784,2.5515315466385005,-3.854294406258362,26.801331756848707,35.48498922185125
681,2700738360,-1.536432,-10.338749,2.483768,-5.166241,29.717716,39.231331,-0.181163,0.013923,-0.621589,0.761979,-1.5867846850142702,-10.278009710896947,2.632020150713074,-2.777300132926365,28.125195626172754,39.91400241075486
682,2700755027,-1.893561,-10.160204,2.712608,-0.721658,28.541471,45.157269,-0.183314,0.006721,-0.622614,0.760725,-1.816069424014794,-10.173335803071796,2.687349873057272,-3.037482131286216,28.27789722450792,44.18821900757571
683,2700771694,-2.066311,-10.006738,2.787984,-2.541691,26.468895,49.068737,-0.186071,-0.000558,-0.62375,0.759153,-1.9453287184546941,-10.168693537821394,2.706800121316133,-4.895639069109961,27.58056168843346,48.46725685516581
684,2700788361,-2.027073,-10.384398,2.597823,-10.438727,26.518524,52.390533,-0.189179,-0.00793,-0.625716,0.756722,-2.0520480907233973,-10.248760478242604,2.685170628121391,-7.7304463871886036,26.868063018142664,53.08572015016182
685,2700805028,-2.170903,-10.257032,2.66211,-11.557927,27.301256,57.708134,-0.192787,-0.015841,-0.62777,0.75398,-2.279931124111891,-10.333093923779401,2.6234872533559326,-10.478289420775955,26.781708489266755,58.334230914036056
686,2700821695,-2.724639,-10.489371,2.565715,-11.756987,27.214682,64.301003,-0.197108,-0.024337,-0.629768,0.750964,-2.734806086164597,-10.341956129757385,2.5309086411452624,-12.438435616476811,27.263191848616582,64.15390082341979
687,2700838362,-3.376575,-10.261436,2.32792,-12.291531,27.076656,70.612419,-0.202111,-0.033379,-0.631728,0.747634,-3.3904571729085595,-10.256703351952883,2.422337692667605,-13.647719135619534,27.652487155209304,70.0915039556389
688,2700855029,-4.097689,-9.959859,2.419273,-13.788321,27.592852,76.016045,-0.207636,-0.042925,-0.633756,0.743907,-4.084809277299204,-10.119505002347603,2.3123050420040006,-14.565620852665868,27.2653787205748,75.61011076134216
689,2700871696,-4.699209,-10.005496,2.145369,-18.566175,27.564264,79.968506,-0.213589,-0.052682,-0.636182,0.739511,-4.614746453118565,-9.97680812926,2.2086181637272766,-15.622735365091874,26.013962697478632,80.43949586459246
690,2700888363,-4.883526,-9.836579,2.078793,-16.119276,23.475138,84.391983,-0.220344,-0.062476,-0.638083,0.735116,-4.86142216005623,-9.827532038028437,2.1092643322052185,-17.090653152350384,24.577954874053155,84.62700069420995
691,2700905030,-4.778079,-9.654365,2.111781,-18.204861,23.669081,88.191368,-0.227468,-0.072565,-0.640067,0.730278,-4.8595107327713,-9.628840989688502,2.004652495545202,-19.073212031566875,23.885535156858236,88.31681658426197
692,2700921697,-4.817644,-9.454144,1.773195,-21.105894,23.381229,91.743217,-0.234984,-0.082845,-0.642194,0.724918,-4.769379409109716,-9.349542860070521,1.8841617137094389,-21.324942395216276,24.23624321616078,91.56003915429457
693,2700938364,-4.745033,-8.824162,1.833847,-23.439764,24.879858,94.960899,-0.242679,-0.093486,-0.644447,0.719065,-4.777407729380539,-9.013903808092728,1.7426649738774724,-23.096929011773348,24.845886527273983,94.33826300349479
694,2700955031,-4.97395,-8.928464,1.461861,-25.022591,25.644318,96.339928,-0.250412,-0.104256,-0.646736,0.712851,-4.987157725225453,-8.691413308330832,1.5839212143857413,-23.3729318680846,24.342136936852675,96.68220891617018
695,2700971698,-5.3505,-8.264542,1.591698,-18.846979,21.688381,98.110069,-0.258554,-0.114986,-0.648072,0.707057,-5.360058867994012,-8.438545396140682,1.4216234953462732,-21.45834442416733,21.89777966812904,98.68071716772907
696,2700988365,-5.664573,-8.098641,1.128925,-16.997793,19.095123,100.456879,-0.267088,-0.125708,-0.648939,0.701241,-5.737038345332256,-8.242397659489924,1.277408825747595,-17.58239848672397,18.041912953798224,100.38098749173633
697,2701005032,-6.053325,-8.115451,1.284187,-17.789671,13.301978,102.428642,-0.276325,-0.135966,-0.64948,0.695221,-5.934863635524561,-8.02515688944427,1.171587346183572,-13.195876301380597,14.381609846444864,101.75518694097154
698,2701021699,-5.916128,-7.97661,1.015236,-10.752007,11.350733,102.894669,-0.285596,-0.146329,-0.649075,0.689727,-5.866733388169065,-7.722868643445929,1.1079799929324827,-10.584074791067033,12.384735574230984,102.79075117321148
699,2701038366,-5.641853,-7.400927,1.05681,-6.16375,10.978038,102.900063,-0.294738,-0.156808,-0.64805,0.684523,-5.607977684902126,-7.367852555373113,1.0657249300695615,-11.518971237235387,12.255593572990664,103.55118086409851
700,2701055033,-5.209701,-6.771626,1.073492,-13.904953,14.973218,103.672752,-0.303695,-0.167396,-0.647802,0.678306,-5.351892656050643,-7.073742716601723,1.0112925031926423,-15.648911502498006,12.938517835187676,104.10254183901776
701,2701071700,-5.259503,-6.845135,0.963326,-24.449047,16.353075,105.31955,-0.312871,-0.177773,-0.64846,0.670826,-5.27956849918176,-6.917820899513041,0.925867490615879,-20.298298526901014,13.219458941900795,104.42729788716098
702,2701088367,-5.448951,-6.909026,0.766762,-27.257765,10.773387,104.739975,-0.322511,-0.18738,-0.648993,0.663086,-5.438414570365856,-6.845107119891227,0.8232575776944969,-22.395957689292608,12.720641708181258,104.46100031795442
703,2701105034,-5.764501,-6.881054,0.719283,-16.400681,7.580379,103.600914,-0.331971,-0.197035,-0.648206,0.656354,-5.717562626239696,-6.711951268856448,0.7381592601741764,-20.890859580177572,11.738945342290856,104.16168215753169
704,2701121701,-5.921958,-6.544883,0.713704,-13.20178,11.165677,103.048485,-0.340873,-0.20709,-0.647156,0.649699,-5.931041053424696,-6.433424502539761,0.694174482233149,-17.364336333812982,10.394850181675219,103.45647910589523
705,2701138368,-5.962699,-6.018167,0.639416,-19.136286,13.086056,102.370941,-0.349631,-0.216921,-0.646635,0.642313,-5.9448512825363675,-6.07765200425488,0.6813211970556998,-14.605316588292336,8.465878959358527,102.13903567972027
706,2701155035,-5.833763,-5.557094,0.773202,-17.173716,6.018917,100.469673,-0.358737,-0.225967,-0.645488,0.635289,-5.766023967847626,-5.803698931343554,0.6602864509161329,-14.790330237472281,6.172328062408569,99.93835270104032
707,2701171702,-5.464472,-5.650249,0.523542,-13.353329,2.41489,96.388947,-0.367606,-0.234449,-0.643801,0.628824,-5.544610210657538,-5.706834382293341,0.5837063481225523,-18.448292023628397,4.599317951127711,96.79153582727166
708,2701188369,-5.4604,-5.963109,0.340405,-24.636995,3.152636,92.995781,-0.376409,-0.242032,-0.643177,0.621337,-5.491525736851891,-5.7303311697586246,0.4166995025897921,-24.21592663342052,4.79688805307427,93.09488952287465
709,2701205036,-5.890632,-5.749524,0.148411,-30.243244,5.529978,90.198158,-0.384862,-0.249216,-0.643166,0.613277,-5.7590094233128895,-5.725712694514211,0.15418657208805653,-29.346010665268192,6.498831122635021,89.69544943599846
710,2701221703,-6.161922,-5.533788,0.040866,-34.428101,11.3705,87.939148,-0.392648,-0.256428,-0.643817,0.604626,-6.347507652828531,-5.58816298723264,-0.16072272849544011,-31.053868269624026,8.159622978658922,87.55338603029037
711,2701238370,-7.054096,-5.436182,-0.447663,-25.149923,10.59375,86.228264,-0.399939,-0.263895,-0.643556,0.596862,-7.09141459634246,-5.332035239125156,-0.4347057733307199,-28.0309389075964,8.508047307059455,87.18956301403371
712,2701255037,-7.856892,-4.829424,-0.820684,-20.761215,6.949901,86.944817,-0.407397,-0.271324,-0.642567,0.589507,-7.743422435205299,-5.048936148626215,-0.5671090165722066,-21.014714842999503,7.9317165991452745,88.2400530284576
713,2701271704,-8.271265,-4.834108,-0.393704,-10.171285,3.35715,91.242744,-0.415071,-0.279425,-0.640179,0.582931,-8.12053429105119,-4.804813315416807,-0.5227397773566973,-12.18791647768268,8.104687806939117,89.54889163478828
714,2701288371,-8.163541,-4.705091,-0.525898,-9.94622,13.070479,90.645058,-0.421703,-0.288254,-0.638274,0.575918,-8.215242408621659,-4.574406196850571,-0.3661157998128994,-4.180425613383715,10.257762074124821,89.90787211770285
715,2701305038,-8.098002,-4.134994,0.20375,3.307635,14.251868,88.720009,-0.42744,-0.29777,-0.635302,0.570104,-8.180678549208132,-4.264033945725453,-0.21217493239956076,0.7550448932676557,13.950713794564159,88.90769683224862
716,2701321705,-8.111586,-3.878221,-0.374304,5.216199,16.957224,85.746193,-0.432532,-0.30731,-0.632364,0.56444,-8.196389833501208,-3.7961205416054704,-0.13625487525538268,1.4726629757653782,17.506138866873556,87.15262344373065
717,2701338372,-8.291057,-3.301721,-0.388463,-4.232155,20.261009,86.259918,-0.437715,-0.316525,-0.630285,0.557636,-8.327350256904406,-3.1885864796677903,-0.12800868698604026,-1.5499452233776696,19.512881063126898,85.6840829472131
718,2701355039,-8.63179,-2.282528,0.535269,-5.824014,20.627565,85.607506,-0.442814,-0.325557,-0.628287,0.550621,-8.493245737431163,-2.57588068655495,-0.12159176843840602,-6.4827832061156005,19.962292279856047,85.17523872293754
719,2701371706,-8.543092,-2.458796,-0.70815,-18.621378,22.816761,84.652771,-0.44817,-0.333801,-0.627397,0.542304,-8.562990191914338,-2.157606746492882,-0.06377180725820057,-11.165387539788913,20.052043068108237,85.51046405587806
720,2701388373,-8.653388,-2.113449,0.090057,-4.704846,11.575388,86.654457,-0.453962,-0.342193,-0.624477,0.535584,-8.480370501964131,-2.0945845741719893,0.038587707668138724,-13.883324039897147,20.823398411732125,85.8968323970394
721,2701405040,-8.1366,-2.110359,0.47035,-7.228312,24.977289,85.520035,-0.4585,-0.351305,-0.622595,0.527956,-8.30876682240559,-2.3950341722260116,0.13080054361609847,-13.433882674367567,21.928104757120295,85.28888913309574
722,2701421707,-8.021539,-2.706392,0.241062,-25.166212,29.797497,81.475891,-0.463132,-0.359166,-0.622513,0.518638,-8.166669755493631,-2.8602540597139354,0.17260231909519094,-9.389481027349733,21.901112815620266,82.8587158896056
723,2701438374,-8.239644,-3.495048,-0.286822,-1.562833,13.234673,79.489082,-0.46781,-0.367133,-0.619544,0.512378,-8.12949003327451,-3.165770801637915,0.18334355003538255,-3.03055320472717,19.732700984487472,78.34006607876084
724,2701455041,-8.226215,-3.129485,0.574199,13.085329,17.40447,73.099434,-0.470794,-0.375785,-0.616031,0.507586,-8.194257603551701,-3.0724754427325274,0.216882410765959,2.479075458843197,15.963649315333964,72.13325195652224
725,2701471708,-8.458189,-2.743557,0.113231,-0.099328,11.348969,63.942574,-0.474318,-0.382228,-0.613514,0.502518,-8.323553889414253,-2.6204286845677394,0.29866660426086655,3.862955976528848,12.144649044556992,65.0571533933171
726,2701488375,-8.363619,-2.064066,0.516853,-0.954891,8.878535,57.065548,-0.47757,-0.387789,-0.611224,0.497947,-8.498953454024424,-2.119712718547848,0.3953155746488573,0.01591627021890976,9.43778281166201,57.791338331801974
727,2701505042,-8.644214,-1.513165,0.347336,-9.969529,8.656487,49.513016,-0.480776,-0.392012,-0.60996,0.493081,-8.72075996688707,-1.9096556766871902,0.4363687796023664,-7.474921083768396,7.832360200648686,50.43203720485687
728,2701521709,-9.032483,-1.970439,0.499566,-12.945042,7.987736,44.773918,-0.483846,-0.39554,-0.609103,0.488297,-8.969079380386443,-2.0789906859745813,0.3562281615278894,-15.682406751847736,6.473349793564086,42.68282076648839
729,2701538376,-9.174642,-2.765782,-0.038735,-20.644732,2.982521,36.34182,-0.487183,-0.397406,-0.608902,0.483693,-9.187416534856473,-2.398726256108985,0.1249162606705197,-21.987595561948417,4.5094106817846065,34.57789840064007
730,2701555043,-9.403394,-2.673956,-0.316716,-26.596899,0.20747,24.94429,-0.490289,-0.397627,-0.609565,0.47952,-9.315066849525746,-2.5332182744803236,-0.23811087899830405,-25.073001782695027,1.7117757815224848,26.9060256111287
731,2701571710,-9.312231,-2.3949,-0.263488,-27.909189,1.342296,18.15596,-0.492882,-0.397218,-0.610779,0.47564,-9.333792296882573,-2.3325792141972017,-0.660720481705162,-25.26740089293621,-1.3681043381792029,20.760873077743433
732,2701588377,-9.187407,-1.671395,-1.26612,-24.739569,-2.794099,17.733631,-0.495621,-0.396708,-0.611487,0.472299,-9.28146335585896,-1.9405115164095317,-1.0325896610778411,-24.07127398397567,-3.6077661522427675,16.762498269000744
733,2701605044,-9.252295,-1.540777,-1.487968,-17.342897,-6.50988,18.160004,-0.498288,-0.39651,-0.611383,0.469787,-9.22464324035061,-1.6437705309756627,-1.2509933945385743,-22.613825884555943,-3.9030274379401275,14.940441164170526
734,2701621711,-9.323931,-1.683972,-1.00368,-16.702213,-2.710904,15.544345,-0.500394,-0.396381,-0.611654,0.467298,-9.21888544994895,-1.6280600337078077,-1.2764157987636837,-19.98944189815456,-2.019156761992812,15.272372289830532
735,2701638378,-9.197523,-1.923897,-1.140375,-20.16614,1.863616,14.723601,-0.50223,-0.396231,-0.612535,0.464291,-9.282704600877684,-1.8523354104468432,-1.1474230969603691,-13.452476026699063,0.9528575513080237,17.842426221625942
736,2701655045,-9.307227,-2.298959,-1.027217,-2.540272,4.5178,21.332655,-0.503256,-0.398134,-0.61203,0.462213,-9.391026320225539,-2.105150791824237,-0.942889003834112,-1.1138431584967412,3.181681952753479,22.145396213488624
737,2701671712,-9.584156,-1.875708,-0.688861,15.742716,2.807463,27.341785,-0.503769,-0.401786,-0.609817,0.461418,-9.489969535755955,-2.1507370241052612,-0.7351409903693278,15.082216202528109,3.4097152035053653,26.484496802144342
738,2701688379,-9.571612,-1.815903,-0.68953,29.794077,2.86606,30.198788,-0.503632,-0.406711,-0.606484,0.461647,-9.533078938211242,-1.8533204559935175,-0.5693867612645108,29.23450854172205,1.8577384082710324,28.59284038976763
739,2701705046,-9.545417,-1.405239,-0.292976,37.780403,-0.822558,28.008751,-0.50318,-0.411765,-0.602449,0.462941,-9.516919186142538,-1.2444864844714518,-0.46228756263836157,34.87513914108712,-0.09037504938136526,27.181490077009638
740,2701721713,-9.391047,-0.715439,-0.412942,31.426329,-4.032177,22.426554,-0.502999,-0.415635,-0.598918,0.46426,-9.480659080286525,-0.5361996940077925,-0.40546233889464095,29.272388667322268,-1.1118010060686272,22.90596487812248
741,2701738380,-9.397938,0.088885,-0.515163,11.530476,1.58952,15.889545,-0.503083,-0.417857,-0.597523,0.463971,-9.465807831721031,-0.053042235669684246,-0.37852506380936873,15.256440603707155,-0.9619928146685891,17.736640044391976
742,2701755047,-9.562123,0.108834,-0.344903,-2.592122,0.485444,12.495142,-0.503891,-0.418674,-0.597204,0.462768,-9.477663184931485,-0.06642166220832639,-0.37186906469450687,-0.6361708587548591,-0.42342669092654145,13.326925371828477
743,2701771714,-9.556918,-0.586242,-0.331621,-10.42795,-1.559264,10.903879,-0.505242,-0.418637,-0.597358,0.461125,-9.488302825770786,-0.6087756417153708,-0.3973286424644331,-11.974317771821779,-0.38664628160297043,9.93573220603152
744,2701788381,-9.366063,-1.474046,-0.454746,-13.755274,-0.935517,8.900684,-0.506606,-0.418221,-0.597899,0.459301,-9.472534019110418,-1.4139433101432204,-0.4707158357060729,-15.442650038967573,-1.0253207346473114,6.8051033848542835
745,2701805048,-9.525025,-2.134498,-0.641913,-13.953591,-0.422687,2.721575,-0.507522,-0.417287,-0.598864,0.45788,-9.435133981693312,-2.0575484357336786,-0.5840310213229003,-11.63578400700898,-1.7536857313277798,3.379796135244161
746,2701821715,-9.342937,-2.305178,-0.678772,-3.374025,-4.038098,-0.592575,-0.507885,-0.416598,-0.599061,0.457848,-9.404841138083668,-2.2129713733944194,-0.6981835998590483,-4.017979087978093,-1.8498767295917249,0.016789618154381625
747,2701838382,-9.379437,-1.851623,-0.715549,4.034493,-1.494988,-3.320008,-0.507397,-0.41639,-0.599115,0.458507,-9.407292476552708,-1.8458058116748464,-0.7639655396472802,2.957012142105313,-1.1276201870183065,-2.431232790540662
748,2701855049,-9.490139,-1.123433,-0.85088,4.88431,2.249583,-3.689151,-0.506507,-0.416462,-0.59941,0.459038,-9.444474863588617,-1.2181500048489324,-0.7537816514918001,5.796344119639948,-0.0853961234907426,-3.5254350693947885
749,2701871716,-9.524857,-0.678266,-0.666904,2.98842,-0.076684,-2.547171,-0.506011,-0.416339,-0.599591,0.459461,-9.495994207645094,-0.7112798139646892,-0.6811875480081702,3.400557131785831,0.5491164092779031,-3.6320422789299864
750,2701888383,-9.47365,-0.577912,-0.524422,-0.203557,-0.114194,-2.726395,-0.505699,-0.415964,-0.599993,0.45962,-9.535741669350173,-0.592363405102412,-0.5940068652033135,-2.526470087842184,0.4020798087675509,-3.5100069070052093
751,2701905050,-9.568593,-0.77876,-0.567424,-8.230797,-0.904244,-4.404259,-0.50583,-0.414799,-0.600973,0.459248,-9.547742869023043,-0.8724308944596424,-0.5447570755146166,-8.375609575559697,-0.3489039801153913,-3.6776405490505613
752,2701921717,-9.57228,-1.487598,-0.58073,-13.561818,0.039514,-5.199036,-0.506144,-0.413232,-0.602425,0.458412,-9.532387978424474,-1.330069091408576,-0.5599280585172659,-10.656388361783302,-1.1863537720779351,-4.2095194889642205
753,2701938384,-9.453627,-1.698699,-0.633718,-8.993237,-1.750065,-4.644403,-0.506373,-0.411927,-0.603406,0.458042,-9.503722101309478,-1.6669446571180193,-0.6283525052178048,-8.184658073877817,-1.5804524216560656,-4.9692966331797415
754,2701955051,-9.505066,-1.636277,-0.674875,-1.884583,-2.04543,-5.038991,-0.506177,-0.411092,-0.603913,0.458341,-9.48059926402619,-1.6871198275001562,-0.7103936275544253,-2.9216470859980483,-1.2609758680131913,-5.811501914882762
755,2701971718,-9.44983,-1.395597,-0.78263,2.266885,-0.597339,-6.493448,-0.505506,-0.410531,-0.604337,0.459025,-9.476092878958596,-1.3953556184275597,-0.7582404139751823,1.3849695891690068,-0.380383897255261,-6.51891306466083
756,2701988385,-9.512621,-0.976862,-0.685159,4.806307,1.474491,-6.728842,-0.504487,-0.410274,-0.604756,0.459824,-9.491881811136468,-0.9759611665930343,-0.7401440691145326,1.8704392060230117,0.5507037517066321,-6.729384681586588
757,2702005052,-9.541453,-0.759935,-0.798039,-4.856554,0.921039,-6.975954,-0.504075,-0.40925,-0.605794,0.459822,-9.520197533918001,-0.6818694073738444,-0.6613658513311019,-1.5172953465789003,0.9976289424789639,-6.137168372291493
758,2702021719,-9.528924,-0.585978,-0.509987,-6.244684,0.505883,-4.91947,-0.503918,-0.408275,-0.606771,0.459572,-9.548381978710752,-0.6935200265443158,-0.5668427318800024,-6.207284856179117,0.7732209395028734,-4.831814653640754
759,2702038386,-9.519863,-0.910508,-0.436526,-8.284442,0.441813,-2.968423,-0.504019,-0.40732,-0.607761,0.459,-9.561455686960128,-1.0132855589529635,-0.5139471937213178,-8.900798464020681,0.12992699882755723,-3.3693337647878736
760,2702055053,-9.581826,-1.503144,-0.558853,-8.434905,-0.723789,-1.682076,-0.504316,-0.406388,-0.608599,0.458389,-9.546165301238485,-1.4568446006108677,-0.5291268550721185,-7.639007806322503,-0.4861916418785768,-2.426717811141598
761,2702071720,-9.514939,-1.891298,-0.613411,-1.273822,-1.719714,-2.254532,-0.504238,-0.405861,-0.608921,0.458515,-9.501266730961548,-1.7627289118434029,-0.5845190853287208,-2.840850569563368,-0.7725995997023751,-2.3733201973896287
762,2702088387,-9.481103,-1.796809,-0.582546,1.392415,0.169255,-4.331851,-0.503696,-0.405472,-0.609325,0.458917,-9.44690152951415,-1.760112326804521,-0.6181187317818452,2.951554620354764,-0.6966855821255962,-3.2036178976296448
763,2702105054,-9.349612,-1.441072,-0.595046,4.599921,1.106655,-5.215759,-0.502823,-0.405302,-0.609636,0.459612,-9.417519034143803,-1.4784330293388814,-0.5841377761207497,6.351728676878211,-0.3508954246534525,-4.839795131108363
764,2702121721,-9.464426,-1.086087,-0.597188,7.782862,-1.564667,-6.939225,-0.501885,-0.405036,-0.609637,0.460869,-9.435414857831724,-1.119413892779597,-0.49553539468785446,5.001237985183098,0.21220597187806534,-7.345037002090409
765,2702138388,-9.458988,-0.85068,-0.363544,3.034292,0.247015,-9.508052,-0.500893,-0.404315,-0.610238,0.461785,-9.485103402485404,-0.9183075863949169,-0.42399637507062715,-0.7844628973245105,0.9300475176795098,-10.706477615133926
766,2702155055,-9.461854,-0.943161,-0.40397,-12.076455,2.665562,-14.656823,-0.500226,-0.402197,-0.61233,0.461589,-9.515568366175794,-1.0015691665876296,-0.44993841987345057,-7.820596985170872,1.6084152577228725,-14.447582398141025
767,2702171722,-9.588395,-1.437743,-0.540121,-14.511594,2.602018,-18.284788,-0.499457,-0.399569,-0.614785,0.461439,-9.477227216393814,-1.3380336774314958,-0.5960799470032316,-11.86289486588782,2.029329087352046,-17.6487930104638
768,2702188389,-9.440574,-1.901259,-0.819137,-7.701905,2.125685,-20.003691,-0.498212,-0.397243,-0.616842,0.462047,-9.367441600567355,-1.7961999754877693,-0.8014205390861009,-10.240115871987054,2.213370533355217,-19.545824263288228
769,2702205056,-9.071299,-2.223167,-1.093548,-3.401884,1.836222,-20.001987,-0.49674,-0.395205,-0.618582,0.463053,-9.242370041053762,-2.2353465976764952,-0.963368285306295,-3.2527123375236915,2.433149335834109,-20.20590554780359
770,2702221723,-9.200392,-2.441468,-1.066457,7.197648,2.466027,-20.605309,-0.494558,-0.393921,-0.619681,0.46501,-9.17774897502246,-2.5489388985284553,-1.010984233896063,6.490620915966435,2.858203244955921,-20.62294103581705
771,2702238390,-9.317532,-2.553748,-0.745938,17.951012,3.008534,-22.069515,-0.491603,-0.393306,-0.620166,0.468007,-9.208134594753373,-2.654014944443947,-0.9417613020321153,15.76863306794802,3.2352991165507485,-22.0615554456854
772,2702255057,-9.175233,-2.454211,-0.728451,16.987019,4.430787,-24.312458,-0.48841,-0.392508,-0.620937,0.470988,-9.292321483023787,-2.496684880566109,-0.7993327965732709,22.04262051499433,3.0506797863156767,-25.108222867666985
773,2702271724,-9.29286,-2.406359,-0.846355,24.966776,1.153006,-28.684305,-0.484749,-0.391649,-0.62116,0.475173,-9.329628964436209,-2.1241778316779985,-0.6358821498404317,24.010933306719764,2.1131901917103244,-29.159817377519843
774,2702288391,-9.310305,-1.875888,-0.513436,24.740425,0.899812,-33.483265,-0.480773,-0.390308,-0.621633,0.479676,-9.221265031299794,-1.7632746441028677,-0.5020373852326845,22.042912868602563,1.009026855359111,-32.83879427109288
775,2702305058,-8.990049,-1.713448,-0.45061,17.559364,4.351001,-36.054817,-0.476697,-0.38846,-0.622971,0.483493,-8.94630661229929,-1.7700138222695085,-0.44713471525790227,18.74054890542846,0.8583802739968656,-35.16162754850678
776,2702321725,-8.666999,-2.113371,-0.171021,20.666603,-0.338538,-37.638973,-0.472743,-0.386343,-0.623829,0.487946,-8.598637268247815,-2.3973985301314635,-0.4941538377421591,18.776889976046398,2.2558797169635074,-36.57967637725384
777,2702338392,-8.22774,-3.36422,-0.912361,28.580845,-1.123548,-37.640343,-0.468394,-0.384698,-0.624042,0.493137,-8.338462588286175,-3.5251666176107843,-0.6068461483179076,26.976519885797437,4.087860410713429,-38.8925303592748
778,2702355059,-8.181577,-4.587502,-0.647398,38.008366,4.859036,-43.115002,-0.462555,-0.383604,-0.624256,0.499194,-8.27593277302546,-4.608734312298066,-0.6990211714785041,44.9810635183375,3.629384188299956,-43.838656846651965
779,2702371726,-8.277172,-5.361411,-0.764504,65.457626,6.503192,-51.402763,-0.45438,-0.383678,-0.622983,0.508155,-8.379247163737988,-4.976166123956681,-0.688230823925561,68.67753073913566,-1.308909118350864,-51.37117150124199
780,2702388393,-8.759181,-4.513453,-0.386003,103.285149,-8.187357,-55.630783,-0.445007,-0.384692,-0.618044,0.521538,-8.498607080160765,-4.3057358196627105,-0.5420772178289432,88.90657915718619,-9.744127483383684,-59.169075528550444
781,2702405060,-8.477668,-2.90361,-0.197702,83.279907,-24.551371,-68.539543,-0.437122,-0.381901,-0.614116,0.53473,-8.497393836719828,-2.9151066350662873,-0.28510215452532134,95.86170025362341,-17.450610072365333,-64.16620355430035
782,2702421727,-8.484796,-1.508202,-0.339034,85.998726,-21.529444,-69.102921,-0.428666,-0.379378,-0.610034,0.547883,-8.371859045873965,-1.5970723949072616,0.01586247749929278,84.76048844035188,-20.38145024941462,-65.13108225821007
783,2702438394,-8.224345,-0.3826,0.438213,71.860535,-22.5741,-62.130825,-0.421537,-0.376421,-0.606485,0.559276,-8.240471163827515,-1.0927516112812299,0.27116692267223336,59.360618620084416,-18.463633484449122,-63.975738999129284
784,2702455061,-7.614777,-1.724869,0.451796,30.637367,-10.117684,-58.148357,-0.415828,-0.372246,-0.606744,0.566022,-8.21240220843401,-1.604909034580687,0.40455496995214535,30.826179486459814,-15.667186481082908,-64.21423317842357
785,2702471728,-8.561786,-3.296009,0.746563,-6.77088,-4.873345,-68.026711,-0.410827,-0.365331,-0.610874,0.569725,-8.278745166682647,-2.7287629298178224,0.39778157026035876,11.666441119973324,-16.07945072670997,-67.76126737485903
786,2702488395,-8.915973,-4.021139,-0.302776,8.135485,-27.933504,-76.897659,-0.406295,-0.35656,-0.612787,0.576438,-8.350049300037305,-3.811586699190208,0.29497040601050234,8.16231318422114,-20.204072448208372,-73.18797751592498
787,2702505062,-8.160114,-4.027909,0.097989,33.75473,-34.971062,-77.776001,-0.400917,-0.348567,-0.612083,0.585764,-8.383366719731235,-4.39375839364943,0.15521464529599055,17.084527548113687,-25.425452923514733,-77.13861784303813
788,2702521729,-8.171197,-4.156348,0.477702,27.733599,-27.749001,-77.560753,-0.395156,-0.340808,-0.612196,0.594068,-8.420875483140618,-4.39287465547001,0.02061264913915242,29.221235090026532,-29.549290006832376,-77.38645737631441
789,2702538396,-8.158157,-4.113739,0.16517,24.081984,-24.134346,-73.755646,-0.389523,-0.333438,-0.61255,0.601558,-8.484306896347814,-4.007648121762564,-0.06033113801412593,35.907673115439295,-32.78966668644886,-74.64274291484556
790,2702555063,-8.978121,-3.93259,-0.458463,42.740459,-35.029926,-70.997612,-0.384136,-0.326365,-0.610425,0.610988,-8.480645375795884,-3.5424040754967527,-0.0256299538440418,33.12671562944081,-36.11612027999822,-71.79541931539319
791,2702571730,-8.135954,-2.918234,-0.331755,19.544403,-43.423996,-71.771812,-0.380457,-0.317117,-0.609828,0.618707,-8.273582026038348,-3.2879881125119335,0.12935225956317328,21.70563740584288,-38.80924100441946,-71.57718046519416
792,2702588397,-8.139813,-3.57478,0.827258,3.832785,-39.08374,-73.741943,-0.376888,-0.307178,-0.610881,0.624836,-7.857659528583419,-3.4408613075859504,0.29276636513182736,5.455312444267263,-38.71452726744858,-74.60685660452577
793,2702605064,-7.466778,-3.952013,0.663555,-13.600274,-38.202675,-79.110748,-0.373472,-0.295837,-0.613708,0.629572,-7.424532236114698,-4.025808753160556,0.3133030284912177,-10.911879332894856,-34.80710527656027,-79.12215784494167
794,2702621731,-6.683616,-4.79368,-0.351612,-17.920073,-26.539526,-83.30677,-0.368751,-0.284904,-0.61764,0.63354,-7.213835468799752,-4.86540971520367,0.15892383865017923,-23.239816167691785,-28.79873828592862,-82.43326406357596
795,2702638398,-7.079803,-5.596821,0.283345,-26.308268,-19.084747,-85.374695,-0.363453,-0.273973,-0.62272,0.636443,-7.280818503037935,-5.657671762444286,-0.028469909607770197,-28.663246203647297,-23.85080264346132,-82.97579264575305
796,2702655065,-7.873802,-6.48498,-0.348166,-34.370106,-22.835403,-80.736748,-0.359179,-0.262637,-0.628051,0.638407,-7.429803221641373,-6.148102358110596,-0.053957275552837726,-26.16824729631702,-21.822260083519566,-81.39045402735003
797,2702671732,-7.791305,-6.313528,-0.014299,-14.96287,-24.485615,-76.79274,-0.354621,-0.252477,-0.631241,0.641898,-7.4042122082734325,-6.286315543665928,0.15884835865060512,-17.206616617478616,-21.974066871978117,-79.75839110651476
798,2702688399,-6.948145,-6.143427,1.122425,-4.635432,-22.190113,-78.822464,-0.349228,-0.242838,-0.633569,0.646265,-7.13541279416307,-6.2347959873713625,0.5097266700547034,-5.484240450155788,-22.318250287538948,-79.7072833247669
799,2702705066,-6.626945,-5.852984,0.199782,7.462263,-24.752409,-83.784439,-0.343127,-0.233081,-0.634705,0.651987,-6.773572522511719,-6.207327829887883,0.8157048436861591,4.7754643315334935,-21.976607371285144,-81.16124943638354
800,2702721733,-5.931042,-6.168366,1.466484,12.284951,-20.927258,-83.18264,-0.33651,-0.223947,-0.635449,0.657885,-6.474514413022829,-6.284028666288052,0.9588414591645126,11.011160676737184,-22.00636204603817,-82.79892754893191
801,2702738400,-6.452448,-7.051079,0.967534,7.699064,-18.452023,-83.571564,-0.329723,-0.214753,-0.636663,0.663191,-6.205926556798117,-6.388418311190535,0.9595126504271537,13.015057263277892,-23.88953764769117,-83.51824963687054
802,2702755067,-6.401984,-6.270292,0.450992,13.175073,-28.942633,-82.997925,-0.323733,-0.204821,-0.636724,0.669199,-5.8115437327554,-6.439755932557839,0.9239620504560004,11.74336123572791,-27.388254606984617,-83.36018038469395
803,2702771734,-5.145163,-6.3167,1.002597,6.03415,-30.985624,-81.679184,-0.318222,-0.194448,-0.637236,0.674428,-5.257328023611122,-6.4965606901787485,0.9290597783763557,7.917405649381829,-30.225054637157786,-83.1683555886946
804,2702788401,-4.740217,-6.979468,1.284755,3.80509,-34.729359,-84.588974,-0.312782,-0.183302,-0.637766,0.679575,-4.754892268094409,-6.722523264341194,0.9644271344311162,2.1137859673906316,-30.15971409667147,-83.57693498875956
805,2702805068,-4.090824,-6.766653,0.884263,4.061781,-27.418018,-84.541634,-0.306607,-0.172862,-0.63849,0.684428,-4.592111060165846,-7.208136244370262,0.9842738884643503,-4.025570035237915,-27.35639143661312,-84.35021440671127
806,2702821735,-4.68005,-7.695866,1.026889,-14.113823,-19.110725,-83.988953,-0.30012,-0.162461,-0.641271,0.687245,-4.842757233713277,-7.836087586444052,0.9924337092506907,-7.553874801685023,-24.463975046914538,-84.5345984609601
807,2702838402,-5.780531,-8.984211,0.892336,-13.745533,-23.157101,-83.668816,-0.293983,-0.151673,-0.643725,0.690063,-5.27474952189259,-8.338290336729294,1.054242411250892,-6.134240319668056,-24.25081325091805,-83.15318670058974
808,2702855069,-5.890852,-8.465261,1.277536,7.267747,-30.738356,-79.884659,-0.288424,-0.141353,-0.643557,0.694741,-5.559342755378179,-8.50517186421763,1.2275281627762484,-0.4797158975867386,-27.224326946118833,-79.89754417413359
809,2702871736,-5.286442,-8.057404,1.602729,5.690875,-31.028351,-75.911972,-0.283281,-0.131285,-0.643356,0.699005,-5.554600670951199,-8.351986932565952,1.4929684958363025,5.4948066515304586,-31.490103694627216,-75.3925830664722
810,2702888403,-5.065958,-8.05475,1.50754,5.987325,-35.57452,-70.495125,-0.27906,-0.121246,-0.642745,0.703067,-5.3744285932740254,-8.092684195767857,1.7500541292185412,7.378910422899029,-34.62010778260155,-70.8682867872787
811,2702905070,-5.355453,-8.031314,2.120031,4.055847,-35.703392,-66.584961,-0.275252,-0.111468,-0.642173,0.706699,-5.210745855624422,-7.971232021558224,1.878322227502307,3.5209802034821545,-35.50204336194994,-67.4116880584984
812,2702921737,-5.069361,-8.200553,1.828398,-0.852087,-33.207825,-65.028664,-0.271416,-0.10188,-0.642104,0.709687,-5.128148724739247,-8.113709163331919,1.816857298596563,-3.751338830068643,-34.64736999884196,-65.30566116597964
813,2702938404,-5.021072,-8.515819,1.453921,-12.632962,-31.974762,-64.971497,-0.267613,-0.091947,-0.643224,0.711472,-5.031270078035939,-8.489719378006656,1.6058404832573454,-9.706803025070503,-33.13281629078179,-63.968997629285546
814,2702955071,-5.15588,-8.780503,1.530199,-11.910944,-32.516563,-63.428333,-0.263982,-0.082123,-0.644153,0.713187,-4.7987344403175864,-8.955487022654072,1.3601446811863964,-10.500660172947162,-31.436953372484005,-62.531338406219895
815,2702971738,-4.291454,-9.305404,0.916208,-6.509967,-31.034153,-59.048256,-0.260579,-0.073068,-0.644458,0.715146,-4.425142502328099,-9.330360426026543,1.1958812093040168,-6.010875992541626,-29.175201513484627,-60.51425894310542
816,2702988405,-3.799464,-9.677603,1.460751,-0.081334,-23.437519,-58.160995,-0.256464,-0.065123,-0.644314,0.717526,-4.033055129591998,-9.489748069049472,1.16528939648033,-0.10248523971110957,-25.687880090472078,-58.06061022105995
817,2703005072,-3.735575,-9.619003,1.061769,2.452185,-20.67075,-56.649414,-0.252203,-0.057699,-0.643942,0.720002,-3.7610526132389173,-9.44459690020836,1.2408690781936196,2.1813547059658025,-20.763639478814557,-55.64849626290919
818,2703021739,-3.884281,-9.070667,1.367791,6.939396,-17.398991,-52.901546,-0.247971,-0.051128,-0.64314,0.72268,-3.6528672864326355,-9.341397943467621,1.3477921319257864,-1.4088264585651857,-14.9750769378814,-53.62363339159072
819,2703038406,-3.532355,-9.266647,1.50451,-14.216639,-7.592935,-51.129185,-0.243143,-0.044979,-0.64486,0.723196,-3.647556117724189,-9.35483739319234,1.4165331625558197,-8.368895198377103,-9.543631176479987,-51.880844614117855
820,2703055073,-3.752627,-9.578746,1.393127,-17.046423,-5.982137,-50.57206,-0.238227,-0.038951,-0.64689,0.72337,-3.650374330750237,-9.552073099355287,1.4249516966128386,-13.286264572029358,-5.815418545538258,-49.8810022982444
821,2703071740,-3.518848,-10.009688,1.388942,-12.181938,-5.187064,-47.472168,-0.233525,-0.033471,-0.648379,0.723844,-3.598712893211977,-9.84957904931074,1.4076568268566938,-12.005928498796361,-4.554281270236927,-47.0329481274065
822,2703088407,-3.406189,-10.021273,1.417343,0.679196,-4.139462,-43.05611,-0.229116,-0.028954,-0.648496,0.725341,-3.477230020551498,-10.093594373559736,1.4283957420381688,-4.585909687280392,-5.4630232687645774,-43.199695510308416
823,2703105074,-3.415651,-10.304452,1.544201,1.29544,-7.594835,-39.169655,-0.225432,-0.024458,-0.648392,0.726753,-3.3007001016110613,-10.178559672712852,1.5354259423905547,5.109367939924746,-7.309202984249533,-38.896022597574536
824,2703121741,-3.084811,-9.971,1.680868,12.971841,-9.806614,-34.468357,-0.222405,-0.020555,-0.646942,0.729094,-3.0978391649943537,-10.10246488081919,1.729530134775742,12.279891646330473,-8.650674090064829,-34.94772443815313
825,2703138408,-2.907267,-9.779831,2.161602,18.394537,-9.51218,-31.176365,-0.219675,-0.017166,-0.644897,0.731816,-2.9031441930362227,-9.938345122241445,1.9594150160892263,14.124595061837034,-8.69011193298247,-31.86086504189104
826,2703155075,-2.569981,-10.066905,1.816132,7.231879,-5.276093,-29.626171,-0.216734,-0.014016,-0.644155,0.733413,-2.747188658673477,-9.77604854226215,2.1398968118941353,11.07000263251155,-7.625563453605834,-29.442803106235385
827,2703171742,-2.94898,-9.603631,2.352409,5.11206,-6.883715,-27.846487,-0.214134,-0.010795,-0.643571,0.734742,-2.6457707140225577,-9.686111838480324,2.186018323360852,5.928307934273981,-6.265890175031035,-27.024991083318515
828,2703188409,-2.449127,-9.670864,2.124629,2.644767,-6.441992,-24.424236,-0.211857,-0.007862,-0.643248,0.735721,-2.595078962930282,-9.704537790307402,2.0592983605496036,1.8916137965512947,-5.314555645148218,-24.090145690612694
829,2703205076,-2.463811,-9.764222,1.811804,2.435151,-3.606018,-20.633789,-0.209717,-0.005579,-0.643023,0.736552,-2.57286803041625,-9.816349108176317,1.805324419726662,0.7959085480742503,-4.895311626363099,-20.712037661191708
830,2703221743,-2.518577,-9.908854,1.51271,1.342881,-5.082333,-15.801805,-0.208231,-0.003556,-0.64286,0.737128,-2.5493394138399026,-9.949344300967171,1.5436717207916,2.494733570498402,-4.5389683891127675,-17.416696125200925
831,2703238410,-2.859714,-10.142768,1.26653,2.852495,-2.748783,-15.407971,-0.206569,-0.001868,-0.642602,0.737827,-2.5151117606134052,-10.009409965563078,1.398996111103092,5.264671826941868,-3.539579944485265,-14.683324498763684
832,2703255077,-2.409086,-10.004435,1.467871,9.401528,-2.341157,-13.580456,-0.205064,-0.000594,-0.641648,0.739078,-2.502993014409089,-9.949695360615376,1.4223478997849242,6.882834529563382,-1.501865529354549,-12.620841256117572
833,2703271744,-2.357298,-9.610187,1.691889,8.369781,-1.050582,-10.493146,-0.203767,0.000287,-0.640841,0.740136,-2.5585712868396997,-9.816844898929304,1.5693696195563211,5.993250821246037,1.2280599957842784,-11.035059983106255
834,2703288411,-2.415639,-10.052399,1.610163,-0.840981,7.922659,-9.572535,-0.201727,0.000395,-0.641288,0.740308,-2.672694840746795,-9.725009997059733,1.7493209138672092,3.0390871746213364,3.6410252834478416,-9.629214293350223
835,2703305078,-3.282742,-9.435045,2.054318,2.15479,2.835537,-7.679969,-0.20037,0.000779,-0.641261,0.740699,-2.7635993416872857,-9.767885736619723,1.8957761508356175,-0.006060382791328478,4.710833430306302,-8.072062987796889
836,2703321745,-2.719354,-9.894355,1.942646,-0.281394,2.967468,-6.097578,-0.199168,0.001076,-0.6415,0.740816,-2.753168165081229,-9.935872263269623,1.9998959513033405,-1.0676604285738402,4.118890028623974,-6.004435199896294
837,2703338412,-2.542462,-10.204815,2.026969,-4.075519,5.019583,-3.568733,-0.198049,0.001022,-0.642206,0.740504,-2.6546992045303868,-10.114470628776312,2.0879483197581887,0.43378981604000527,2.483973789512657,-3.179505747405435
838,2703355079,-2.413231,-10.473118,2.067227,4.091315,-0.469442,0.032996,-0.197833,0.000986,-0.641874,0.74085,-2.563727482459454,-10.179751529203994,2.1739498208019374,3.0558708147093476,0.9679461377727807,0.30527218183256644
839,2703371746,-2.608527,-9.91963,2.515864,7.338763,0.344087,3.982487,-0.197967,0.0004,-0.641216,0.741384,-2.563299454443656,-10.110202326517514,2.2365620434956273,4.459964449165477,0.542945413625114,3.9626976197658292
840,2703388413,-2.796407,-9.896349,2.030375,5.609931,0.42583,7.701043,-0.198493,-0.00049,-0.640746,0.74165,-2.6515252395996693,-10.005405758787669,2.2400180432878116,3.4228204646809353,1.3833890462665814,7.23132589276375
841,2703405080,-2.687546,-10.072752,2.249428,-1.215861,3.621566,10.800078,-0.199055,-0.001817,-0.641103,0.741188,-2.7555034263668436,-9.993257941131855,2.172161807447555,0.9077295272399697,2.8404040652585465,9.949018224638742
842,2703421747,-2.729117,-10.04844,2.09542,-5.225904,6.030366,11.731912,-0.199494,-0.003375,-0.64196,0.740323,-2.798254906737903,-10.117780054195052,2.0611290214245086,-0.9327610985951659,4.069623661116071,12.534638661773913
843,2703438414,-2.837792,-10.340456,1.889048,1.136251,3.7488,14.845409,-0.200478,-0.005162,-0.642061,0.739959,-2.755473777123603,-10.306382210457764,1.9592998728059874,-0.8232078257496104,4.746668474170941,15.647705068402288
844,2703455081,-2.764696,-10.448336,1.9423,3.794201,3.594203,20.055742,-0.202034,-0.007498,-0.641864,0.739687,-2.67026570553291,-10.433792983725077,1.9101882589719057,0.5822941555924398,5.178702719392148,19.618755602165372
845,2703471748,-2.474549,-10.509403,1.842763,-0.533719,5.967895,24.435717,-0.203842,-0.010371,-0.642191,0.738871,-2.6230155745345707,-10.423716364456645,1.9226303435220933,1.4650073953884706,5.810201511658546,24.192416974564466
846,2703488415,-2.62411,-10.308214,2.113878,0.019178,8.070235,28.850931,-0.205925,-0.013898,-0.642504,0.737963,-2.6737635722149977,-10.308458732455808,1.9699072433714777,0.3653467704116165,6.781080558165723,28.80181700421228
847,2703505082,-2.876833,-10.103292,1.926764,-3.073383,8.792933,33.203049,-0.208409,-0.017816,-0.643149,0.736618,-2.8189590794038866,-10.201074900546358,2.0116480919336714,-2.8573268241059004,7.958244795773064,33.07811077673374
848,2703521749,-3.080435,-10.162472,2.010424,-5.048225,7.360314,37.34705,-0.21147,-0.021908,-0.643935,0.734948,-3.0010450980481833,-10.202249882167198,2.018505484559295,-6.987089557403824,9.160396378055456,37.13437723938156
849,2703538416,-3.134104,-10.376835,2.027035,-10.642288,9.668057,40.748356,-0.21469,-0.026393,-0.645356,0.732616,-3.160290024342548,-10.316988716375482,1.9827719055880788,-10.102972793127167,10.190682871540856,41.41927044461783
850,2703555083,-3.262868,-10.437187,1.88736,-12.425249,11.77981,46.375832,-0.218308,-0.031574,-0.646984,0.729901,-3.27733882553465,-10.447185738508965,1.914451526308518,-10.670827064075134,10.807994789349996,46.302899774550454
851,2703571750,-3.309153,-10.400229,1.85074,-7.562059,11.650149,51.970448,-0.222499,-0.037421,-0.64803,0.727427,-3.3732767455851365,-10.464356448252026,1.8304644693050598,-8.608622095934516,10.945540931958808,51.741835645065194
852,2703588417,-3.513003,-10.501369,1.685616,-8.141081,11.535529,57.112415,-0.227233,-0.043719,-0.649064,0.724685,-3.482889448502171,-10.307374284184176,1.7437883331158448,-5.517846567839137,10.999244470206197,57.26872599696431
853,2703605084,-3.709166,-10.028795,1.697155,-0.756648,9.993492,62.382774,-0.232605,-0.050594,-0.649186,0.722421,-3.6340599377710534,-10.03155078728056,1.6589030096485118,-3.607890963883747,11.67776755684832,62.28549392313985
854,2703621751,-3.814227,-9.631638,1.627768,-1.599296,13.142723,66.53196,-0.2381,-0.058157,-0.649416,0.719851,-3.8413396938762676,-9.765520813352085,1.576019782736381,-3.9572442333458246,13.364032428156909,66.43950387541406
855,2703638418,-4.054919,-9.47062,1.459701,-5.921112,15.415281,70.068169,-0.243762,-0.066135,-0.650081,0.716659,-4.0993701382192205,-9.603913287706341,1.496484336067839,-5.659758069729913,15.634736689136076,69.83822957460117
856,2703655085,-4.323118,-9.639528,1.348639,-11.322797,19.011532,72.755371,-0.249388,-0.074542,-0.651338,0.712746,-4.374442725187628,-9.529079111835335,1.4202130242181483,-6.877837344293485,17.552447503770825,72.96187585775473
857,2703671752,-4.651898,-9.500358,1.377779,-8.549976,19.249859,76.267212,-0.255296,-0.0834,-0.652198,0.708877,-4.615562028060065,-9.43751659377065,1.340196958270534,-6.911526104510802,18.517458859200957,76.30983952798789
858,2703688419,-4.895605,-9.400703,1.373479,-3.908475,18.113731,79.560051,-0.261561,-0.092614,-0.652409,0.705245,-4.795124112609264,-9.24380132166261,1.246936036032411,-7.048858609250031,18.79445874089947,80.01130091230485
859,2703705086,-4.963394,-8.767003,0.937703,-5.254338,17.514345,83.65242,-0.268283,-0.10209,-0.652587,0.701236,-4.947505481134399,-8.955739432889557,1.1408791043492184,-9.100856402572756,19.140459741866195,83.71108672723342
860,2703721753,-5.045629,-8.577493,1.215934,-14.30206,20.070702,87.462166,-0.275236,-0.111813,-0.653626,0.696071,-5.157235560801748,-8.651728252367455,1.036484504556609,-13.163595716134973,19.94541224844301,86.8780511581956
861,2703738420,-5.476763,-8.439285,0.85824,-20.725237,22.254316,89.846664,-0.282277,-0.121703,-0.655248,0.690042,-5.490989113732926,-8.399039668812065,0.951206686931859,-17.117226795186138,20.81746787915356,89.32530414654815
862,2703755087,-5.937236,-8.273537,0.798891,-18.654968,21.045574,91.249168,-0.289485,-0.13167,-0.656465,0.684043,-5.928235286999221,-8.202845358068839,0.8915582095004061,-18.417403418382232,21.00439820160291,91.4747074620894
863,2703771754,-6.3722,-8.079937,1.054893,-14.596773,19.508472,93.5336,-0.296937,-0.141851,-0.657043,0.678233,-6.3545508912047035,-8.022439099091224,0.8510581891696749,-16.28483517862963,20.140903226956194,94.05839323622433
864,2703788421,-6.641993,-7.699388,0.77555,-11.905976,18.433376,96.719131,-0.304693,-0.152321,-0.657114,0.67243,-6.629008711787433,-7.814795373558198,0.8193468343510915,-12.259802779015164,18.593794975018877,97.472888312798
865,2703805088,-6.703789,-7.531993,0.624165,-9.301862,17.930908,101.847572,-0.312874,-0.163313,-0.656654,0.666516,-6.6773942529722685,-7.557130726799896,0.7882402504199489,-8.92443058229031,17.188251709528544,101.38437888246688
866,2703821755,-6.575413,-7.352297,0.816017,-9.713091,16.914326,105.967224,-0.321488,-0.17454,-0.655938,0.660247,-6.544851505787859,-7.245379653551557,0.7500635410740268,-8.038693105729061,16.586309490748704,104.9743634564082
867,2703838422,-6.394526,-6.875181,0.866641,-5.171163,14.824678,107.57682,-0.330257,-0.185886,-0.65449,0.654232,-6.368726808029441,-6.890206400873845,0.7003363793657968,-9.353311906126262,16.714545197226975,107.57970261783794
868,2703855089,-6.101772,-6.423477,0.554728,-11.021013,15.998456,108.367439,-0.339073,-0.197099,-0.653469,0.647425,-6.285227036048825,-6.516631792592591,0.6456262917586595,-10.772155647946663,16.651836240429155,109.10169191025219
869,2703871756,-6.367927,-6.234813,0.473857,-13.972065,17.902372,109.655861,-0.347831,-0.208422,-0.652616,0.640051,-6.3344511299944735,-6.15964864977101,0.5980481782191422,-9.889694755530044,15.263698644271926,109.85120462242217
870,2703888423,-6.494366,-5.873117,0.583786,-7.171537,12.855967,110.439362,-0.356844,-0.21964,-0.650682,0.633271,-6.437780744717502,-5.854934085614689,0.556919110695716,-5.963684408194137,12.284441033573714,110.08925752563147
871,2703905090,-6.564119,-5.575561,0.618402,1.927354,7.690777,109.681602,-0.365896,-0.230727,-0.647502,0.627396,-6.467188879659643,-5.628049473759479,0.5071222401640392,-0.671784485771938,8.877213379962857,109.74412412497472
872,2703921757,-6.240784,-5.519722,0.553604,7.308373,7.215305,108.672508,-0.374629,-0.241906,-0.643678,0.621942,-6.349586338834484,-5.481220585463552,0.4420037851153086,3.1321171009836704,6.923813906468339,108.51103030326797
873,2703938424,-6.200247,-5.364522,0.102413,-0.918021,5.114257,105.4216,-0.383466,-0.252085,-0.640446,0.615821,-6.126477250552501,-5.380432279231492,0.375131485414159,3.4437658139108382,7.497381600264802,106.1936542242445
874,2703955091,-5.834982,-5.218379,0.40394,1.78423,9.504619,104.206787,-0.391599,-0.262637,-0.637115,0.609718,-5.93618752265542,-5.255872093262946,0.31805554331358643,-0.029198994141350382,9.920818752870943,103.02326974973819
875,2703971758,-5.999638,-4.974778,0.200707,-9.666753,15.661786,100.369095,-0.399172,-0.27267,-0.635156,0.602403,-5.94356488589022,-5.029306550454368,0.25677354058521656,-6.567050300588377,12.384949713228274,99.70910271828161
876,2703988425,-6.347478,-4.862109,0.368942,-18.73782,16.850452,95.443497,-0.40648,-0.281768,-0.634124,0.594363,-6.258293411737056,-4.66460996691902,0.16697722602046264,-15.253912263486324,13.555041825605583,97.08275645006033
877,2704005092,-6.80702,-4.18054,0.061643,-13.992311,7.540437,94.484955,-0.41429,-0.290198,-0.632047,0.587082,-6.868468098442686,-4.209491946967171,0.04931472400329913,-24.647597434553244,13.511986175580933,95.52617131209553
878,2704021759,-7.359106,-3.617917,-0.337953,-29.23196,11.67713,96.347588,-0.422438,-0.298177,-0.631314,0.577996,-7.612672546679062,-3.7870432638733087,-0.06956600878617493,-32.06404635822109,13.154404584427189,94.72243746342896
879,2704038426,-8.42295,-3.600906,-0.092743,-51.102364,16.974543,94.24881,-0.430775,-0.304995,-0.632691,0.566668,-8.226047602098285,-3.5310233705160927,-0.176955402535277,-34.37740800729741,13.039136455108807,94.0750830141753
880,2704055093,-8.521549,-3.633821,-0.252226,-23.911894,13.484611,94.98288,-0.438189,-0.313227,-0.631435,0.557825,-8.472553343424662,-3.507714868035654,-0.2972381294245465,-30.36947272008375,13.129196970261034,93.39465825649071
881,2704071760,-8.536347,-3.49239,-0.459073,-19.726099,12.36822,90.211647,-0.445043,-0.321136,-0.629866,0.549615,-8.295058121555325,-3.6733942456587214,-0.4565110542312776,-21.966803998202337,13.458913526744826,93.05913134001331
882,2704088427,-7.53806,-3.881386,-0.3179,-10.572325,15.410186,93.390694,-0.451364,-0.330113,-0.627497,0.541795,-7.8612992261199235,-3.886680237818493,-0.6276344934150409,-12.463910947944724,14.525301566043803,93.43963202683115
883,2704105094,-7.471107,-4.061031,-1.23901,-0.802139,13.865281,95.393242,-0.457431,-0.339733,-0.624041,0.534706,-7.4524636962264115,-3.9724967904327095,-0.7294131327880664,-3.5655290973091027,16.815731259873637,94.26589348711533
884,2704121761,-7.191333,-3.852832,-0.592222,1.237154,21.436192,94.855835,-0.46258,-0.349962,-0.620836,0.527359,-7.282781538901544,-3.8150394110085464,-0.6893809819415267,5.350130180640279,20.12668842580258,94.66524150562378
885,2704138428,-7.495185,-3.461179,-0.264708,6.311696,25.508804,93.079865,-0.466877,-0.360617,-0.617485,0.520281,-7.398315738755714,-3.4261003156115795,-0.49755290689538345,15.124000049659331,23.518111057074357,93.81948923468471
886,2704155095,-7.854342,-2.91791,-0.404387,30.9324,25.783859,92.897011,-0.46975,-0.372876,-0.612175,0.515306,-7.716408941850296,-2.931371346464321,-0.19041379588998503,24.735561589749025,25.86026027404185,91.54829619487737
887,2704171762,-8.092892,-2.234506,0.444697,42.567146,24.298433,88.460358,-0.471692,-0.385343,-0.606002,0.511642,-8.133940864467608,-2.47489960832244,0.20343497755468495,31.875946586210226,26.26045098028292,88.25450253125122
888,2704188429,-8.556256,-2.276085,0.666595,27.622299,22.095526,81.779404,-0.47408,-0.395961,-0.601052,0.507147,-8.589298703162125,-2.1154291188419045,0.6743203091053829,35.12558083467162,24.08292664536475,84.27689464534248
889,2704205096,-8.94031,-1.903094,0.862113,29.698397,22.848455,78.899086,-0.475994,-0.406462,-0.596071,0.502909,-9.037658021096968,-1.7974180542048714,1.1712673877921358,34.5764997212236,19.07413328542904,79.29026800360151
890,2704221763,-9.329346,-1.260593,1.509389,31.493416,12.474713,75.041145,-0.478348,-0.415933,-0.590381,0.499633,-9.401278890082107,-1.4117905127988193,1.5389021031293826,30.20860732215692,11.92420273827225,72.49527184191496
891,2704238430,-9.734009,-0.896487,1.836089,23.042322,3.694277,63.985355,-0.481104,-0.423175,-0.585297,0.496879,-9.579401493277993,-0.8940764893139951,1.5526286262316598,20.716259529025947,4.60197638326906,63.621981185110926
892,2704255097,-9.654315,-0.383202,1.063303,5.151527,-1.928694,52.968792,-0.484607,-0.427784,-0.581748,0.493685,-9.526193016750584,-0.30155215306488614,1.0675824995320138,4.913952574371704,-0.395564504552132,53.78606931228481
893,2704271764,-9.277161,0.121415,0.194373,-11.893118,-1.549068,45.180557,-0.488554,-0.430539,-0.579905,0.489552,-9.314757660734925,0.1656948261003835,0.16698646692392966,-15.592764742056582,-1.5960523242798301,45.1720767172291
894,2704288431,-8.852287,0.206845,-0.986739,-39.069118,0.179144,38.924488,-0.493592,-0.430944,-0.580476,0.483427,-9.106310418376236,0.2263232144713238,-0.829926854124658,-35.49696277228427,0.42426879450671207,39.58302841676982
895,2704305098,-9.157353,-0.282571,-1.355006,-49.368328,4.586278,36.642292,-0.498708,-0.430698,-0.582189,0.476283,-9.041991165938507,-0.33158771455969555,-1.527205768860701,-47.9899695910915,3.502078322410696,36.9593847980541
896,2704321765,-9.191996,-1.358568,-1.868649,-48.973083,6.59846,34.528442,-0.503442,-0.430406,-0.584107,0.469164,-9.155559483568014,-1.467794742791358,-1.6746810600254758,-48.55552362118234,5.445948966317246,35.066093831339025
897,2704338432,-9.402431,-2.693096,-1.480545,-36.379181,5.08504,31.549273,-0.50728,-0.43065,-0.585207,0.463401,-9.37463497066749,-2.798478801881471,-1.307888554324129,-37.58325386899532,5.387914349440497,30.752866676951502
898,2704355099,-9.586065,-3.688359,-0.494851,-19.126255,2.205856,23.48982,-0.509717,-0.431266,-0.58542,0.459871,-9.586392466149402,-3.711271277960677,-0.7124187505365834,-20.193037428192298,3.9274232236688,22.105030294300153
899,2704371766,-9.610501,-3.917876,0.073611,-4.491586,2.382283,10.658262,-0.510363,-0.43189,-0.585461,0.458515,-9.702888501591115,-3.685000702930947,-0.23523835921022318,-3.7675624721380823,2.2127397669713784,10.04759099626468
900,2704388433,-9.750006,-2.910674,-0.311823,3.60963,1.09874,-2.599843,-0.509724,-0.4319,-0.585699,0.458912,-9.693178621447752,-2.641816693691642,-0.08214884200550329,5.2388802866922415,0.96528361216148,-1.8749564201082731
901,2704405100,-9.644156,-1.055367,-0.416011,5.169792,1.735985,-11.469514,-0.508338,-0.431308,-0.586437,0.460062,-9.587076862947708,-1.0693290006365606,-0.24707086899692646,3.9569368546298813,0.23866751202904013,-9.604680274919676
902,2704421767,-9.483929,0.540402,-0.635632,-3.058171,-1.205616,-12.108114,-0.507669,-0.429848,-0.587549,0.460747,-9.45693757420875,0.23581726569966543,-0.5853430814809882,-5.5181992862530045,-0.19180889791441527,-11.12638676621077
903,2704438434,-9.179761,1.015824,-0.584313,-16.090391,-0.902849,-6.485873,-0.508166,-0.42793,-0.5892,0.459876,-9.377645618194183,0.6672565446079863,-0.9206156499302898,-16.752565318947813,-0.4307354084144119,-7.564207634183576
904,2704455101,-9.458565,0.102304,-1.119259,-23.619028,0.378089,0.101574,-0.509462,-0.426106,-0.59103,0.457784,-9.38349528756606,0.19004953917970624,-1.1052557651809274,-22.024468756468888,-0.4072134609561578,-2.0578988078591998
905,2704471768,-9.565997,-0.994464,-1.339294,-22.418001,-0.486719,2.696759,-0.510921,-0.424527,-0.59255,0.455654,-9.456648816797575,-0.6895050647100176,-1.056239973111401,-16.727049441464267,-0.03553180469104676,2.496593802482971
906,2704488435,-9.535707,-1.590983,-0.833869,-0.894626,0.947548,3.65791,-0.510984,-0.424719,-0.59269,0.455221,-9.554872829344509,-1.324103144660114,-0.795731684571358,-2.3432839151053613,0.6400712996759677,4.942808655444523
907,2704505102,-9.541023,-1.223236,-0.210875,18.945564,1.313517,4.417408,-0.509839,-0.426474,-0.591495,0.456418,-9.644630841438403,-1.3579917690158463,-0.4552249575457542,14.437146869134633,1.3888851853028956,5.660581390444242
908,2704521769,-9.767174,-0.644996,-0.18846,27.964104,1.271873,5.709246,-0.508219,-0.429003,-0.58961,0.45829,-9.708806505170763,-0.8725974701249988,-0.20319611188938042,25.955899018349086,1.829137729592248,5.383589180451244
909,2704538436,-9.761424,-0.098765,-0.262273,25.106991,1.558991,5.072549,-0.506701,-0.431275,-0.587969,0.459942,-9.736701098366293,-0.21346686166212683,-0.14321462152546377,27.866292555916644,1.5982022310101174,4.398368039180749
910,2704555103,-9.647635,0.133469,-0.227697,18.26123,2.036218,3.754397,-0.50548,-0.432959,-0.586898,0.461072,-9.719820437189485,0.2809710122628333,-0.2675999292838417,20.51606994541306,0.6352510036926735,2.687245897786488
911,2704571770,-9.723628,0.305017,-0.524114,7.211813,-0.859127,-0.343556,-0.504926,-0.433287,-0.586609,0.461738,-9.65951011838267,0.4313527820666694,-0.48944278912690403,7.48239714627363,-0.6458733963932825,0.4643677775574141
912,2704588437,-9.592721,0.268616,-0.664533,-3.139503,-2.983457,-2.318807,-0.505073,-0.432542,-0.586983,0.4618,-9.575099873387126,0.21546148731525122,-0.7068735813433371,-6.59088122648868,-1.5595354415508556,-1.67454625388149
913,2704605104,-9.450829,-0.216288,-0.922657,-17.321424,-1.262464,-2.931517,-0.505923,-0.43082,-0.588471,0.460583,-9.499970026500733,-0.288704373671635,-0.8500688284112192,-17.379473611031628,-1.6542543906507308,-3.1173058405795437
914,2704621771,-9.479666,-0.942936,-0.800503,-24.365759,-0.848845,-3.450999,-0.507141,-0.428561,-0.590486,0.458769,-9.46314013260477,-0.9373823524754963,-0.895884254251812,-21.73380021640822,-1.06007505428788,-3.6421192993252367
915,2704638438,-9.437993,-1.552637,-0.873921,-18.246456,0.006435,-3.268671,-0.50791,-0.42682,-0.592139,0.457409,-9.468961516468285,-1.541790719897121,-0.8606256680282841,-18.59058415014979,-0.3250127167366835,-3.4635935069428805
916,2704655105,-9.502789,-1.883037,-0.853593,-8.902719,0.095593,-2.892084,-0.508112,-0.425804,-0.593151,0.456819,-9.494049227537289,-1.9147301353558865,-0.7859926756298269,-9.587201618045928,0.08408775633852686,-2.9762628694047226
917,2704671772,-9.538996,-2.011595,-0.771586,0.438995,0.360966,-2.878701,-0.507712,-0.425495,-0.593562,0.457019,-9.507614615497573,-1.9453751939909214,-0.7221424870392437,1.4157619752792003,0.12392191708779311,-2.501295729500212
918,2704688439,-9.546849,-1.734109,-0.516523,11.078054,-0.51689,-2.136408,-0.506776,-0.425975,-0.593155,0.458137,-9.498507042209512,-1.6592541306640722,-0.7030135021737717,9.993852529412498,0.07462927690255378,-2.210244848418777
919,2704705106,-9.402815,-1.170908,-0.789848,13.565718,-0.417026,-2.066856,-0.505682,-0.426651,-0.592582,0.459457,-9.483153416522393,-1.2127607657878468,-0.7221782421423448,13.17296373255601,0.1605170327475866,-2.172176809595673
920,2704721773,-9.476515,-0.662558,-0.750679,11.419164,1.121625,-2.16745,-0.504582,-0.427265,-0.592268,0.460498,-9.486156435200805,-0.8114492097696523,-0.7353719672964087,10.686706083575924,0.30061746604504136,-2.4085643653115705
921,2704738440,-9.531385,-0.639026,-0.817196,3.119057,0.404316,-3.557566,-0.503967,-0.427102,-0.592543,0.46097,-9.513711031530706,-0.6031034185934419,-0.6988136349297615,4.791073581791173,0.2258674491831542,-2.9163775754338546
922,2704755107,-9.575299,-0.703268,-0.477703,-0.874469,-0.034513,-3.29168,-0.503653,-0.426639,-0.593038,0.461106,-9.546859102023786,-0.6213838429248637,-0.611078794413789,-1.186231690084296,-0.2040544821156436,-3.668721993824628
923,2704771774,-9.539702,-0.822094,-0.524604,-5.131672,-1.628981,-4.422456,-0.503665,-0.425658,-0.59377,0.461056,-9.558939877456666,-0.8090591840885971,-0.5181760285135161,-4.608521983024446,-0.8358423932800317,-4.595619636605422
924,2704788441,-9.550544,-1.077677,-0.524974,-4.105525,-1.542179,-5.485703,-0.503535,-0.424666,-0.594505,0.461167,-9.537942340222827,-1.0786655056326913,-0.4796763852284307,-4.554627692989752,-1.3309000690531234,-5.571844344749162
925,2704805108,-9.487205,-1.312581,-0.535087,-2.009368,-0.270752,-7.032095,-0.503059,-0.423778,-0.595287,0.461493,-9.49462980597429,-1.3508322652613927,-0.5268049212096357,-1.687608088117682,-1.3657927890569865,-6.465062430129195
926,2704821775,-9.446553,-1.499266,-0.555775,4.101472,-0.654891,-7.192139,-0.50223,-0.423298,-0.595639,0.462383,-9.453667551352877,-1.5556324782938424,-0.6395437104966071,2.6484601439225757,-0.7662063103376373,-7.226404560204008
927,2704838442,-9.436961,-1.677911,-0.782224,6.263057,-0.702915,-7.44678,-0.501253,-0.422949,-0.595857,0.46348,-9.437621475507552,-1.6285224305443047,-0.7526809044556544,7.312209554191439,0.3816899086470908,-7.919049608119822
928,2704855109,-9.454522,-1.575078,-0.82409,13.614998,1.107936,-8.352154,-0.499604,-0.423178,-0.595765,0.465167,-9.45507881166896,-1.5301121888439426,-0.7902112824709735,11.616794941553614,1.6359209117497875,-8.64615904365789
929,2704871776,-9.537714,-1.243894,-0.752391,9.697379,3.517517,-10.639768,-0.497829,-0.423084,-0.59625,0.466531,-9.498101643155275,-1.2803983439110842,-0.7126139408494149,14.973198900105103,2.3225498459336604,-9.479139977593945
930,2704888443,-9.449227,-1.01071,-0.508634,19.943268,2.378098,-9.711265,-0.495581,-0.423731,-0.595897,0.468783,-9.547795931162025,-0.971458074200911,-0.5451267066157155,16.575010825740847,1.9764152012435354,-10.475151080438707
931,2704905110,-9.671698,-0.705194,-0.33223,17.496387,0.518011,-11.183891,-0.493542,-0.423946,-0.595659,0.471037,-9.58438077387639,-0.7351321316000257,-0.3633538545593915,15.711642952683738,0.7686362067574969,-11.741914530241333
932,2704921777,-9.639972,-0.675865,-0.265361,11.062975,-1.133594,-14.61055,-0.491801,-0.423282,-0.595951,0.47308,-9.596639707092518,-0.677310360943731,-0.24670833898629158,12.450487152816748,-0.5384466640399279,-13.46775148601736
933,2704938444,-9.475801,-0.784588,-0.212852,7.348528,-1.727246,-15.957279,-0.490245,-0.422193,-0.596534,0.47493,-9.583449206111775,-0.8172493422993965,-0.23560152517128258,7.8301405149916965,-1.1261107477686023,-15.867827697529048
934,2704955111,-9.514363,-1.026235,-0.313077,2.01309,1.135534,-18.26701,-0.488608,-0.42072,-0.597826,0.476299,-9.546258138791714,-1.0737512983404798,-0.3204437962424777,3.266464957838372,-0.6918740538222863,-19.00018909668348
935,2704971778,-9.647457,-1.386079,-0.559983,-0.18518,-0.630278,-22.288307,-0.486974,-0.418613,-0.599384,0.477868,-9.48394971604806,-1.3175930368046638,-0.46137502870497765,-0.14508627270362784,0.3498733666060495,-22.507033890343774
936,2704988445,-9.302966,-1.480283,-0.565053,3.097395,-0.421727,-25.028196,-0.484922,-0.416506,-0.600889,0.4799,-9.398683101895424,-1.466098086222412,-0.614827819535199,-1.7549795823235486,1.1121201419777733,-25.56557936462587
937,2705005112,-9.261745,-1.683727,-0.668501,-3.987613,1.956655,-28.200659,-0.482866,-0.413786,-0.603237,0.481379,-9.3036770857472,-1.5534301171680478,-0.7455166945569023,-1.164049824064274,0.8211891709930824,-27.321534252417667
938,2705021779,-9.292958,-1.671352,-0.840151,-2.661026,1.475059,-29.133148,-0.480698,-0.411036,-0.605501,0.48306,-9.220998780233183,-1.7082349310422424,-0.8268010665904997,1.6812690513611084,-0.4920850701854332,-27.605620913853716
939,2705038446,-9.18143,-1.842573,-0.943686,8.319547,-1.554183,-26.711317,-0.4783,-0.409045,-0.606626,0.485711,-9.171379274206025,-2.0336364112872563,-0.8475576941071217,6.283370924507739,-1.7569079995596857,-27.251153237227747
940,2705055113,-9.08602,-2.320761,-0.814895,17.391243,-4.229055,-25.473877,-0.475677,-0.407599,-0.606838,0.489225,-9.163203811020455,-2.4810129380054176,-0.8250317750971532,11.94098817858082,-1.6290234710416456,-27.541531144101107
941,2705071780,-9.243307,-3.060302,-0.795346,17.872862,-0.927568,-28.780174,-0.472488,-0.406119,-0.607427,0.492803,-9.183789184176522,-2.8452495265223647,-0.7966864890640242,18.31880268236495,0.11017091213474722,-29.217652337947445
942,2705088447,-9.18876,-3.174814,-0.781382,18.608305,1.588873,-33.519169,-0.468676,-0.404434,-0.6084,0.496614,-9.197958216584578,-2.9154028626289423,-0.7776727657287379,25.029853814728835,1.9067354905389158,-32.07337740527231
943,2705105114,-9.076219,-2.523146,-0.424748,31.021606,4.607705,-36.882614,-0.463603,-0.403498,-0.608855,0.501554,-9.160687734635552,-2.6588807302239537,-0.7217512464301368,30.270691998879943,1.5386992153996508,-35.58296994144753
944,2705121781,-9.162769,-2.125799,-0.674365,30.311459,1.747769,-40.347668,-0.458552,-0.401983,-0.609337,0.506801,-9.041527406004336,-2.2701127588732666,-0.5501464582185777,30.490894571046127,-1.84232884594028,-39.78520798909235
945,2705138448,-8.915024,-2.103421,-0.693658,27.658119,-11.168627,-43.026974,-0.454577,-0.399078,-0.609275,0.512718,-8.843918040948752,-2.040612532097165,-0.2558144649157511,22.566516427661487,-6.820694173367416,-45.292813869797186
946,2705155115,-8.436188,-2.066416,0.019655,7.007942,-15.087708,-50.832855,-0.451539,-0.393802,-0.610909,0.517516,-8.599456908702862,-2.166707879518119,0.020107532290419304,7.079899798375953,-11.02896822520623,-52.34414680700273
947,2705171782,-8.196568,-2.717313,0.51184,-11.659743,-10.853879,-60.815624,-0.44841,-0.386703,-0.614752,0.521028,-8.341363995617895,-2.6423724115057268,0.0655166717445094,-10.459026054597908,-13.286864322398145,-60.040619586792374
948,2705188449,-8.39105,-3.30193,0.208009,-24.258026,-9.700658,-70.329788,-0.445118,-0.377978,-0.620094,0.523914,-8.09164403728762,-3.2912564355846876,-0.20267797813518984,-22.0973116641521,-14.322485440797422,-66.76062088560919
949,2705205116,-7.918839,-3.933306,-1.401482,-22.579712,-18.50621,-70.590874,-0.442451,-0.368619,-0.624675,0.527387,-7.879464214100346,-3.886082000319807,-0.6237319028439213,-22.06540291978515,-15.634324693894442,-71.32461667663159
950,2705221783,-7.575436,-4.343538,-0.693498,-9.837448,-19.2124,-70.260544,-0.439137,-0.360011,-0.628139,0.53197,-7.754851359717865,-4.261406893218576,-0.9116480198970757,-10.213782911816013,-18.04409533484217,-73.60995522376996
951,2705238450,-7.628375,-4.174654,-1.159834,5.678362,-22.056343,-74.838264,-0.434861,-0.351711,-0.630382,0.538344,-7.760570090487871,-4.356540715228659,-0.8965990074218916,8.071990690608391,-21.227486015381952,-74.11916130665763
952,2705255117,-8.099824,-4.073354,-0.30132,32.812103,-20.098095,-75.003334,-0.428942,-0.345214,-0.630542,0.547039,-7.890494232193658,-4.197723994875046,-0.6441322073983015,25.21990144295468,-24.044328516767827,-73.31329875504915
953,2705271784,-8.101117,-4.036054,-0.416469,33.445038,-26.234013,-71.615372,-0.423758,-0.338527,-0.630004,0.555808,-8.089587387386873,-3.8772317463468005,-0.35355750111127787,35.683160577230375,-25.108097280676013,-71.54681989246237
954,2705288451,-8.246965,-3.939188,0.102265,31.018188,-25.221899,-68.461639,-0.418796,-0.332013,-0.62948,0.564031,-8.29151756896429,-3.552264111610829,-0.16643880779607106,38.375377951210616,-23.58230165237752,-69.40663171089574
955,2705305118,-8.567248,-3.178906,-0.387738,43.804119,-21.266417,-68.10231,-0.412824,-0.326588,-0.628042,0.573131,-8.438933533038405,-3.408681687342098,-0.07758873511648287,36.3162957818208,-20.059364201242836,-67.77517443781996
956,2705321785,-8.097286,-2.985816,-0.196709,40.7635,-16.985189,-66.787865,-0.406656,-0.32141,-0.626961,0.581589,-8.467180328588324,-3.548514641130004,-0.00662070081045115,34.16452725696453,-16.63940128266389,-67.45358489892871
957,2705338452,-8.388696,-4.039917,0.364187,20.411661,-12.119933,-70.131943,-0.400661,-0.315095,-0.627964,0.588086,-8.302076706467842,-3.891594898542601,0.07878198727363328,34.80783464851467,-15.551031568595835,-68.72872238319395
958,2705355119,-8.192071,-4.816454,-0.005124,35.393291,-15.58577,-70.073799,-0.394249,-0.309319,-0.627402,0.596033,-7.921675239629101,-4.2343651412463,0.1270596150372029,36.688829663335234,-17.179330623695083,-71.23277360665875
959,2705371786,-7.564029,-4.581244,0.266776,39.553448,-20.487293,-73.024239,-0.38778,-0.303039,-0.626239,0.604663,-7.437521956724362,-4.439705521196789,0.07674329609897716,34.396616708028375,-19.460706762907485,-74.16923743130752
960,2705388453,-6.99507,-3.933962,-0.129415,28.568649,-24.017155,-79.390991,-0.381498,-0.295205,-0.626021,0.612707,-7.073189092096355,-4.544581314212235,-0.055803028180817026,23.43587153868944,-19.600010854174467,-76.81907577420893
961,2705405120,-6.518079,-4.552634,-0.170886,14.916321,-18.320642,-78.277313,-0.375324,-0.287178,-0.627191,0.619105,-6.994157162273485,-4.66191638941897,-0.1700640507889961,5.549585938758697,-16.642326966302676,-79.06109541788972
962,2705421787,-7.019397,-4.924128,-0.384289,-26.679205,-7.282525,-82.529854,-0.36944,-0.277442,-0.632789,0.621384,-7.132976415640915,-4.82347541692581,-0.1585497534210592,-11.098699596113516,-12.282297252175518,-81.43326872661078
963,2705438454,-7.754383,-5.21155,0.271962,-22.771751,-6.919667,-82.347542,-0.36332,-0.267919,-0.637942,0.623897,-7.221679262191209,-4.981000761202147,0.009129230623632443,-18.059298958007748,-9.056087919938657,-84.48339582607338
964,2705455121,-7.283332,-5.611746,0.201142,-11.626813,-8.916327,-85.891472,-0.356568,-0.258428,-0.642014,0.627608,-7.047941450913131,-5.149641683916888,0.26634983410543817,-13.36486503608548,-7.935762858351318,-87.91949388385954
965,2705471788,-6.546577,-5.143963,0.475257,7.138107,-10.445841,-93.637817,-0.348483,-0.249003,-0.644468,0.633418,-6.6847252634107255,-5.46038017401882,0.4974219645386938,-2.243404603908624,-7.937836926105891,-90.53593525059269
966,2705488455,-6.13765,-5.349673,0.548672,8.827085,-9.949462,-93.259369,-0.340259,-0.239698,-0.646653,0.639224,-6.436989845244766,-5.989655027802279,0.6093560520509655,8.466316264881629,-7.940374667561669,-91.21275204821592
967,2705505122,-6.338318,-6.41331,0.527584,19.49905,-8.649815,-88.293053,-0.33194,-0.231465,-0.647617,0.645625,-6.543059222689749,-6.552055280157938,0.5897768867541543,15.927738074687358,-8.375866915792507,-90.01780955359729
968,2705521789,-7.002257,-7.386468,1.153928,10.459,-6.115246,-85.881416,-0.323855,-0.223219,-0.64936,0.650862,-6.934336723004181,-6.7710656314038795,0.5249650394667047,21.35416663032516,-10.72800001372006,-88.1987356387157
969,2705538456,-7.504423,-7.142931,-0.128414,21.991892,-14.029184,-88.122978,-0.315872,-0.214515,-0.6496,0.65744,-7.298974377433822,-6.4560099106065785,0.5466531373548627,25.51871026174508,-15.405290735853187,-87.09292990383139
970,2705555123,-7.84946,-5.445588,0.680073,24.885204,-21.123163,-88.669678,-0.308359,-0.205174,-0.649132,0.664414,-7.3814851096156815,-5.904253401463107,0.7163685924944054,25.837607738623024,-20.566788373821417,-87.12603072848768
971,2705571790,-6.966995,-5.411773,1.008182,33.750202,-30.166115,-86.541542,-0.301577,-0.195514,-0.64721,0.672268,-7.209668016778121,-5.738061293435864,0.9481935389691886,19.16466690986748,-23.510585887691352,-87.73096479770389
972,2705588457,-6.681571,-6.040787,1.339358,14.82713,-22.865282,-87.914192,-0.294457,-0.185576,-0.647371,0.678061,-7.018826676780498,-6.354896132478644,1.0772925053870515,7.326378278986658,-23.28633932987115,-87.94138034358922
973,2705605124,-6.540303,-7.253845,1.27719,-17.320002,-14.938015,-87.880104,-0.287408,-0.175012,-0.650923,0.680489,-6.966797784696414,-7.509883093917335,1.0298201460515228,-1.833989554519281,-21.6990668049501,-87.00966584997713
974,2705621791,-7.513758,-9.130974,0.415527,-9.094059,-23.991598,-83.437233,-0.281392,-0.164278,-0.653058,0.683627,-6.95969166325546,-8.46756973129299,0.9126278994767417,-0.761098652006643,-21.6749069682243,-84.73797119903256
975,2705638458,-7.136645,-9.254117,1.045245,14.077129,-26.295893,-82.79277,-0.275064,-0.154307,-0.65267,0.688876,-6.775848907842165,-8.62516645735763,0.9151340894474186,10.05552448123286,-24.787153498285633,-81.52514362321615
976,2705655125,-6.174966,-7.922446,0.9587,26.367809,-28.64957,-77.999802,-0.269119,-0.145021,-0.650741,0.695039,-6.329580678829445,-8.042260583279196,1.1222322234457174,21.39449117712843,-30.233803328781953,-78.16866786290446
977,2705671792,-5.465189,-6.59385,1.548435,29.097887,-35.985142,-74.832809,-0.264083,-0.135371,-0.648075,0.701379,-5.768156096717093,-7.378500870181658,1.4275308115622238,23.10894377393405,-35.73236485581838,-75.46261325635645
978,2705688459,-5.283189,-7.028176,1.857658,15.439322,-41.614098,-73.628242,-0.25993,-0.124719,-0.646457,0.706381,-5.310423239689317,-7.303100518357473,1.621987260905927,13.083853390495328,-39.1943795952921,-73.75668688063675
979,2705705126,-4.876659,-8.242639,1.299031,-6.301965,-38.719845,-72.64315,-0.25596,-0.113615,-0.647066,0.709141,-5.0303612556806305,-7.941132670154825,1.5626556318939604,-1.039898203024141,-39.867967568510224,-72.77247890448908
980,2705721793,-5.172466,-9.078421,1.5478,-18.138298,-37.073326,-72.857109,-0.251967,-0.102198,-0.648864,0.710664,-4.820220464982436,-8.848149320718175,1.2731351725554185,-8.679629888343163,-38.32097779645285,-71.85915839240317
981,2705738460,-4.862442,-9.865516,0.541434,-6.296175,-34.723568,-70.529732,-0.247784,-0.091668,-0.649396,0.713081,-4.540174720570199,-9.465338345206035,0.9120220908872478,-5.11743501887238,-35.56971971315121,-70.49580000961097
982,2705755127,-3.803356,-9.423506,0.861838,17.076397,-34.657619,-67.767815,-0.243537,-0.082236,-0.647384,0.71751,-4.1603652015854165,-9.581878358930553,0.6616618112459733,5.554292348262249,-32.27489670001977,-68.60049519799334
983,2705771794,-3.260546,-9.154416,0.548773,16.007343,-28.020258,-66.752571,-0.238752,-0.073542,-0.645626,0.721634,-3.747666229920376,-9.40513105306072,0.6323825570671161,15.096428928873248,-28.629328902294997,-66.41074653245393
984,2705788461,-3.806166,-8.758811,1.116097,17.919634,-24.567854,-64.001282,-0.233879,-0.065522,-0.643685,0.725725,-3.3631544490452656,-9.263673654722629,0.8321212259899446,18.05515947656208,-24.708693614637408,-64.13173844292459
985,2705805128,-3.243881,-9.579553,0.699411,6.38066,-19.846745,-61.457783,-0.228921,-0.057841,-0.643034,0.72853,-3.0299186106153337,-9.29804469825775,1.1861514018055843,14.715941471580033,-20.719998742907144,-61.72941832495496
986,2705821795,-2.772301,-10.142067,1.901271,10.707466,-17.550396,-59.255089,-0.223927,-0.05075,-0.641925,0.731582,-2.7886653812777924,-9.428618690735888,1.576520907279663,8.995821598574448,-16.992711362383915,-59.04676343522493
987,2705838462,-2.421595,-9.206627,1.8565,10.159896,-15.024594,-56.783863,-0.218948,-0.044139,-0.640885,0.734424,-2.710143796600595,-9.543243063204649,1.8924164427813546,4.797247027558333,-13.918029066080262,-56.09501752899098
988,2705855129,-2.734111,-9.340297,2.134255,3.599961,-10.841713,-53.544361,-0.213946,-0.038058,-0.640614,0.736473,-2.805145166914369,-9.629684864007968,2.079146673547756,3.9630958052494334,-11.908830897646702,-53.179846578826485
989,2705871796,-2.975708,-9.624608,2.045205,-0.370632,-10.504451,-49.198101,-0.209386,-0.032292,-0.640715,0.737969,-2.9466360826370894,-9.721908744916469,2.151649156669915,6.0360952752483765,-11.26840176106187,-50.6341836483834
990,2705888463,-3.151076,-9.959146,2.092517,10.755991,-13.303843,-47.863476,-0.205171,-0.026692,-0.639493,0.740433,-2.934486061662033,-9.798765985307247,2.1578400962828117,8.89983394345905,-11.991718208809337,-48.35450102495994
991,2705905130,-2.735768,-10.005638,2.36299,16.22156,-13.990834,-46.234802,-0.201164,-0.021334,-0.637619,0.743316,-2.667451801281775,-9.804984782901592,2.1271287055753136,10.105946291147049,-13.673309335869982,-45.6878531529528
992,2705921797,-2.255249,-9.924778,1.71334,3.262192,-13.616283,-43.41082,-0.197458,-0.015897,-0.637116,0.744876,-2.248941313401803,-9.759761268738515,2.05283515110644,8.602878012202865,-15.575910276366773,-41.961192208901274
993,2705938464,-1.805506,-9.396211,2.123211,8.493704,-18.48918,-37.204647,-0.194853,-0.010656,-0.635865,0.746722,-1.9031492496579336,-9.783430429977896,1.9223315042410736,5.6191286923011585,-16.7873526394172,-37.20353184261007
994,2705955131,-1.381909,-9.990221,1.902204,3.341749,-16.259169,-31.425758,-0.192665,-0.006036,-0.635207,0.747901,-1.7671857262340487,-9.97723559965707,1.7654305547155311,3.715075899427392,-16.4540004263057,-32.26000986865162
995,2705971798,-1.766174,-9.990122,1.70761,1.973292,-12.90131,-26.840643,-0.190667,-0.002174,-0.634772,0.748803,-1.7656346252800494,-10.286976747259233,1.6671553735408886,4.633165700255821,-14.104166464710879,-28.083044261425638
996,2705988465,-2.329239,-11.137912,1.209694,4.704316,-10.690948,-25.114431,-0.18865,0.001212,-0.634088,0.749894,-1.7105274835869886,-10.519996551301986,1.7122334516859743,7.751302510103501,-9.965291300057336,-24.9019118550026
997,2706005132,-1.68329,-10.450566,2.216637,17.491936,-7.105575,-23.577387,-0.186471,0.003711,-0.632097,0.752109,-1.5318619674300102,-10.515009358982892,1.9040815358653875,10.561473265165585,-5.0707902299012595,-22.130708700620637
998,2706021799,-0.883957,-10.206893,2.196712,11.375587,1.259039,-19.322126,-0.183981,0.00507,-0.630994,0.753639,-1.3780385264843384,-10.287639099861615,2.148968731847745,10.840034700037446,-0.9240849146408144,-19.064113579715197
999,2706038466,-1.238543,-9.63717,2.436013,6.515524,1.322212,-14.956935,-0.181958,0.006153,-0.630423,0.754599,-1.4560175765715815,-10.004306771716534,2.3310078866233357,8.478852644464435,1.2990375437280193,-15.575104528078931
1000,2706055133,-1.792244,-10.170131,2.100667,0.442889,2.538828,-11.959139,-0.18014,0.006996,-0.63055,0.754921,-1.7858112609546202,-9.829635895662161,2.3995020277541044,5.286140003071812,1.5193199475722963,-12.1095672916249
1001,2706071800,-2.462104,-9.730518,2.675081,7.353006,-0.314665,-8.164526,-0.179013,0.007615,-0.629846,0.755771,-2.151177999374868,-9.807877071084127,2.3861782982863198,3.291102618708151,0.7623831634754541,-9.096353314069955
1002,2706088467,-2.582896,-9.873934,2.168641,5.200193,-1.241064,-6.8812,-0.178108,0.008276,-0.629353,0.756388,-2.301323156920131,-9.865305654462784,2.354687763801751,3.4118451592796952,0.26840649334398015,-6.488389724876116
1003,2706105134,-1.942216,-9.868644,2.298193,4.266775,-0.334476,-4.910121,-0.177336,0.00868,-0.628988,0.756868,-2.1791528423567,-9.891759942365042,2.341764791070864,5.301036991631574,0.5072223763121938,-3.9251826144690183
1004,2706121801,-1.686419,-9.864274,2.472131,4.343179,5.318408,-1.696317,-0.176399,0.008167,-0.628764,0.757279,-1.9443444374789518,-9.821021638698234,2.3377312716634817,7.755103608664946,1.0478942538025848,-1.2783713061657813
1005,2706138468,-1.893224,-9.739549,2.306148,8.830167,0.188439,1.63507,-0.176304,0.007799,-0.627917,0.758008,-1.7989939440860243,-9.665766210332631,2.3114914308182724,9.231283125603461,1.2781997373038836,1.0910295318797578
1006,2706155135,-1.849193,-9.261284,2.26582,16.988289,-1.532781,4.158451,-0.176651,0.007184,-0.626127,0.759412,-1.813322813189575,-9.500532781307909,2.2478064120301235,8.677603767674473,1.0567104994933554,2.6960585662303522
1007,2706171802,-1.966322,-9.674489,1.992347,0.961879,1.827818,2.965932,-0.176538,0.006725,-0.62619,0.759391,-1.9028463020443693,-9.409556232112585,2.1607785960016064,6.381333279497988,0.6721097137997399,3.499079048086738
1008,2706188469,-1.963655,-9.347275,2.192666,0.865767,1.334633,2.986127,-0.176475,0.006317,-0.626251,0.759359,-1.934002235028928,-9.430690658900117,2.0813039521146366,3.86069126572494,0.4539287240715064,4.022232113736062
1009,2706205136,-1.812231,-9.282462,2.171342,7.375504,-0.198076,4.983573,-0.176773,0.005735,-0.625555,0.759867,-1.8374563694515107,-9.52714137123095,2.0415132446229975,2.623500729172543,0.6223252742127483,4.8558399528937075
1010,2706221803,-1.555383,-9.838479,1.913087,1.355443,1.959468,6.262837,-0.177013,0.004951,-0.625581,0.759796,-1.645887860581892,-9.608748295083608,2.0639637989989827,2.929546793384741,1.3773480309172728,6.108611255340959
1011,2706238470,-1.475814,-9.694145,2.066386,0.540204,3.403858,7.261682,-0.177235,0.003932,-0.625734,0.759624,-1.459925293752755,-9.59921377905097,2.147100449540451,3.645483265161211,2.86079135708532,7.37014692744337
1012,2706255137,-1.569,-9.479081,2.352527,6.534103,2.909687,8.844011,-0.177678,0.002672,-0.625212,0.759956,-1.3890020682896527,-9.501216162557263,2.2564722620800057,3.212740043533378,4.896951523170447,8.18538056453742
1013,2706271804,-1.343342,-9.142654,2.479069,4.627699,6.612619,9.127533,-0.177811,0.00103,-0.624994,0.760108,-1.4980380544665544,-9.397402819223798,2.342827943802822,0.9393258743536017,6.839887995882607,8.54290647701558
1014,2706288471,-1.668247,-9.559018,2.153028,-8.361567,10.683546,7.742912,-0.177422,-0.000605,-0.626316,0.759111,-1.7688486644028718,-9.38398583176813,2.3777494328726063,-2.424266731153442,7.877973284401482,8.90406901916693
1015,2706305138,-2.230013,-9.604621,2.53185,-4.996874,7.125054,8.959988,-0.177487,-0.00204,-0.62717,0.758387,-2.0940451189822373,-9.500192343766862,2.370519355679289,-5.367308245381504,7.654030260920111,9.780449482600844
1016,2706321805,-2.287918,-9.404333,2.290393,-3.793307,4.838786,12.060458,-0.178108,-0.003544,-0.62783,0.757689,-2.325555329269618,-9.708482652554515,2.3508653973356877,-6.917068486603274,6.587363932161606,11.345316605504346
1017,2706338472,-2.434526,-10.165209,2.247312,-10.792181,6.091098,14.68522,-0.1789,-0.005238,-0.629289,0.756282,-2.36152554140108,-9.927481064523032,2.338479692318103,-7.30861306333878,5.539677542690855,13.503334942295762
1018,2706355139,-2.185001,-10.047564,2.510391,-5.732371,5.400654,16.132374,-0.179919,-0.007132,-0.630168,0.755292,-2.212014713570204,-10.089288329792085,2.3274560517588205,-7.526728463255579,5.195016242570873,16.257569211495138
1019,2706371806,-2.005362,-10.274985,2.103881,-6.945073,6.078485,18.409481,-0.181126,-0.009277,-0.631191,0.754125,-1.9930414254293525,-10.183930301004251,2.2958078560357045,-8.29124281116723,5.744421387194885,19.839759576464743
1020,2706388473,-1.747517,-10.120985,2.400229,-9.783066,6.89819,24.727482,-0.182953,-0.012018,-0.632531,0.752521,-1.8532303319158707,-10.255386635973368,2.2298221709001034,-9.408264582090593,6.996095815982956,24.421462430208408
1021,2706405140,-1.95653,-10.359598,2.014174,-11.978492,7.773619,30.093765,-0.185286,-0.015289,-0.634113,0.750557,-1.8855449205967387,-10.34854332114992,2.1430344629581253,-10.028730477321378,8.628380856922394,29.801234905492237
1022,2706421807,-2.046384,-10.315489,2.267163,-8.495355,11.223972,36.026287,-0.187936,-0.019577,-0.635378,0.748726,-2.0814471374999246,-10.457872102895163,2.0728145157614817,-9.548702579927351,10.363053120605768,35.47642477898023
1023,2706438474,-2.399069,-10.813056,1.811786,-10.734291,13.251147,40.395824,-0.190875,-0.024429,-0.636908,0.746537,-2.348604073684195,-10.532216386081007,2.052164421576875,-8.233017453092122,12.015819044953266,41.01395124268148
1024,2706455141,-2.561937,-10.516673,2.099292,-3.166536,11.020317,46.602806,-0.19466,-0.029823,-0.637504,0.744853,-2.5696740072834574,-10.528185148667738,2.077017883053792,-6.907049727990968,13.430103667130034,46.32704346797123
1025,2706471808,-2.6609,-10.330362,2.250691,-3.411236,13.376488,51.66647,-0.198765,-0.035933,-0.638139,0.742953,-2.6628706554174717,-10.447637696416127,2.1016883899483716,-6.1391833107343565,14.407947813155097,51.63123454231939
1026,2706488475,-2.531535,-10.196723,2.020977,-11.770535,18.274218,57.079403,-0.203032,-0.04283,-0.639747,0.740046,-2.619059214104521,-10.318451421297986,2.0717905067480573,-5.986953409174278,14.867797307702572,57.16373480403049
1027,2706505142,-2.641019,-10.264744,1.988393,-9.326645,16.388332,62.430279,-0.208017,-0.05009,-0.64095,0.737158,-2.5106919356279027,-10.154538433371913,1.962709854484638,-6.583620502964875,15.149866596774142,62.8986830953437
1028,2706521809,-2.494272,-10.046225,1.639388,-2.886882,12.288113,68.613472,-0.213981,-0.057678,-0.641234,0.734645,-2.4712179152595826,-9.954362724768652,1.7874754313658505,-8.486801950596478,15.91521202510141,68.47514047944283
1029,2706538476,-2.59376,-9.773165,1.722434,-9.495718,16.080536,73.770905,-0.220173,-0.065938,-0.642229,0.731244,-2.637683129493042,-9.734542913713685,1.577476736223466,-11.915718465525929,17.436933125837083,73.4178375449882
1030,2706555143,-2.955893,-9.371516,1.343836,-18.255739,20.801273,78.049065,-0.226432,-0.074807,-0.644181,0.726748,-3.0664815185725485,-9.540523027088225,1.3655417087599084,-15.808635305328515,19.10168467467067,77.48900015323379
1031,2706571810,-3.677824,-9.390333,1.136084,-21.323614,21.978886,80.407028,-0.23282,-0.083897,-0.646377,0.72177,-3.6734009316856024,-9.409102436474173,1.1836915671879327,-18.290611654047648,20.001481556323156,80.84584824269211
1032,2706588477,-4.285264,-9.417482,1.069097,-18.904634,21.197987,83.020134,-0.239497,-0.093229,-0.648159,0.716826,-4.260733220414696,-9.326934452874626,1.0631794473519474,-18.361391508314977,20.121719017666667,83.83609079073247
1033,2706605144,-4.753797,-9.243589,1.199965,-13.112242,18.12075,86.786606,-0.246743,-0.102787,-0.649073,0.712219,-4.637511881391993,-9.236315460975566,1.0242988820575496,-16.883472141918258,20.637128764881083,86.65128185618104
1034,2706621811,-4.742615,-9.108727,0.761984,-16.463972,20.822023,90.041451,-0.254079,-0.112794,-0.65027,0.707015,-4.755626308559995,-9.08075691856316,1.0584474670583899,-15.720019361172707,22.73595317683511,89.2245300971795
1035,2706638478,-4.771087,-8.767126,1.144464,-16.891571,27.227617,91.484512,-0.260915,-0.123557,-0.651601,0.701478,-4.756680150225607,-8.840523326599598,1.1204139521090524,-15.986075005934914,26.163031714528394,91.46059893965466
1036,2706655145,-4.859826,-8.604786,1.437093,-14.085383,30.216057,93.270454,-0.267541,-0.134869,-0.652599,0.69595,-4.8834650034098175,-8.528510136931382,1.1509176987997833,-17.18173044754282,29.09611061349584,93.48376431775128
1037,2706671812,-5.182872,-8.02889,1.001332,-21.166828,30.870499,94.990623,-0.27436,-0.146104,-0.654168,0.689524,-5.309524268277096,-8.162863525270499,1.1186863135363048,-17.91437530534875,29.545550465650077,95.5941409199955
1038,2706688479,-5.970552,-7.809331,0.954844,-19.917189,25.9762,98.425087,-0.281903,-0.157194,-0.6552,0.683032,-6.0058280373729005,-7.7523984132312425,1.0366298064883592,-17.37858714119686,26.904746064776837,97.99276746353543
1039,2706705146,-6.78504,-7.400321,0.850607,-14.429669,21.80616,100.811302,-0.289887,-0.168282,-0.655315,0.676911,-6.746576271651026,-7.311150171094727,0.931419387848188,-16.060764964753215,22.27106798945702,100.57152595123796
1040,2706721813,-7.441057,-6.891635,0.912775,-10.100948,15.707803,102.7286,-0.298478,-0.179106,-0.654551,0.671114,-7.259256194284935,-6.881068109527091,0.8085594509014712,-14.883198448810253,17.491250613660092,102.93517246154913
1041,2706738480,-7.414533,-6.407936,0.782218,-14.997623,15.93791,103.965271,-0.307229,-0.189819,-0.654093,0.664636,-7.410330191632987,-6.526064123749938,0.6599988977592391,-13.746641364680258,13.997506569223575,104.59790558878436
1042,2706755147,-7.251452,-6.299234,0.374246,-14.989015,13.234913,106.024872,-0.316355,-0.200413,-0.653302,0.657989,-7.282443157780107,-6.290413973192085,0.4978549129534637,-11.289624782167593,12.3475532513598,105.23362093159867
1043,2706771814,-6.983676,-6.205427,0.379407,-5.972492,11.057373,105.421753,-0.325297,-0.211114,-0.651411,0.652132,-7.084785371216078,-6.15915954171378,0.36174397771229994,-6.344876154753741,12.4282408629335,104.85929370300872
1044,2706788481,-6.843382,-6.020813,0.187237,1.644443,13.420678,103.368202,-0.333518,-0.222164,-0.648822,0.646868,-6.977506795628928,-6.061775385758612,0.28735490982839373,0.43476042178768304,13.752276288015164,103.79185004203873
1045,2706805148,-7.072243,-5.97205,0.371212,6.623646,16.258541,101.201683,-0.341035,-0.233471,-0.645828,0.641944,-6.960405089971024,-5.91907563329585,0.2760432968041535,6.498754237666045,15.600346761716423,102.33314150801787
1046,2706821815,-6.985453,-5.73387,0.389668,7.553738,17.347101,100.283531,-0.348257,-0.244788,-0.642694,0.636977,-6.91410059069884,-5.695980681755177,0.2980683362109383,8.97887180321762,17.199871529894637,100.47003160405777
1047,2706838482,-6.790631,-5.287986,0.251344,10.838619,16.803982,99.660278,-0.355282,-0.256113,-0.639111,0.632232,-6.746513963946475,-5.422232510680242,0.3153800271336671,6.650594552921744,18.046735854425233,97.99175171164038
1048,2706855149,-6.529493,-5.32865,0.10106,-3.324409,21.213963,95.229095,-0.361946,-0.266648,-0.637093,0.626104,-6.51017646756102,-5.169673147364552,0.2949248938390745,0.914397955267743,18.139559832677318,94.9790821909084
1049,2706871816,-6.337919,-4.942083,0.324886,-2.994062,16.084719,91.372452,-0.368654,-0.276326,-0.634804,0.620291,-6.387737357145349,-5.002314598239944,0.21527036835357222,-4.806355374209756,17.827648476041585,92.07780697048315
1050,2706888483,-6.475166,-4.763345,0.469687,-3.947916,14.774497,89.657288,-0.375302,-0.285628,-0.63249,0.614427,-6.556535827661955,-4.9294583226344635,0.08421194865997084,-6.9440007287072865,17.317025218805274,90.10907837286001
1051,2706905150,-6.946592,-5.075623,-0.61073,-11.520428,17.722139,88.538399,-0.381829,-0.294629,-0.630952,0.6077,-7.041649046812956,-4.892088298739683,-0.048761171526647974,-3.9352750730580754,16.37316297114216,89.33092365710749
1052,2706921817,-7.774558,-4.842098,0.109398,4.25467,16.530788,89.773811,-0.387833,-0.304463,-0.627792,0.602299,-7.677318663840326,-4.794807827827153,-0.11692297982179967,2.6918782448737524,14.739991650253792,89.13902129669594
1053,2706938484,-8.295743,-4.376137,-0.014246,14.891571,14.922039,89.576996,-0.393427,-0.314684,-0.623511,0.597848,-8.212158992785609,-4.562409396007287,-0.08521630093157534,9.242992310703917,12.917246896278312,88.59110219864684
1054,2706955151,-8.534827,-4.269405,-0.026463,9.615395,9.081355,87.450371,-0.399539,-0.323847,-0.619349,0.59321,-8.477560940577046,-4.183038791254235,0.02169563527764463,12.336221089654225,12.189125702804994,87.28113332806267
1055,2706971818,-8.476948,-3.822155,0.019327,11.006963,11.015721,85.758904,-0.405201,-0.333052,-0.615162,0.588612,-8.487183279843089,-3.7150605164739767,0.13120206788781594,11.018917158524404,13.484681802779551,85.69088408875893
1056,2706988485,-8.216677,-3.331828,0.148396,8.665671,17.665039,83.039757,-0.41009,-0.342398,-0.611603,0.58355,-8.395294809926174,-3.25369566564794,0.16324596028303462,6.859242072844907,16.20347067970476,84.65131836203247
1057,2707005152,-8.435041,-2.424736,0.412122,-2.990655,20.726997,83.363571,-0.415254,-0.351288,-0.609107,0.577191,-8.35903080449561,-2.8704602575279603,0.0820632349111807,2.2372736700907834,18.47436558722685,84.4774394137568
1058,2707021819,-8.410121,-2.665106,-0.202632,0.354522,19.904886,87.119507,-0.42057,-0.360588,-0.605992,0.570851,-8.418704032507835,-2.57485331284398,-0.07485102308212725,-1.436057025603456,18.77142407936431,84.71329482727162
1059,2707038486,-8.533291,-2.695112,-0.541224,-1.093537,13.676871,85.464485,-0.426306,-0.369079,-0.602606,0.56472,-8.48096483197045,-2.355596053378794,-0.22725838749661426,-4.066704298961513,17.27169062052628,84.7407279454605
1060,2707055153,-8.106376,-2.378003,-0.146914,-7.302809,17.731804,84.598274,-0.431883,-0.377385,-0.599935,0.557794,-8.408440878868623,-2.270233883234974,-0.320752113837506,-5.817035836082951,15.661494625570244,84.45839635922107
1061,2707071820,-8.630648,-2.297271,-0.228027,-5.220854,16.228304,82.019463,-0.437204,-0.38542,-0.597052,0.55121,-8.153052726981391,-2.452475295754206,-0.3576564696369921,-6.005818249120696,15.671652581737492,84.11489642833064
1062,2707088487,-7.988267,-2.617364,-0.429421,-5.095182,13.746474,81.868042,-0.442658,-0.393194,-0.593925,0.544707,-7.834117299274174,-2.967464693241859,-0.35857416759152677,-3.218332052631169,17.619429435760573,83.46299880234719
1063,2707105154,-7.18563,-3.597393,-0.24449,6.602699,21.371716,83.350433,-0.446836,-0.402396,-0.590188,0.538603,-7.675580782024928,-3.6416847931974488,-0.31249296930688053,3.40043750090794,20.06206909041143,81.38673014678024
1064,2707121821,-7.584929,-4.382947,-0.345205,7.251942,24.387789,78.893402,-0.450303,-0.411435,-0.58677,0.532587,-7.826295421781202,-4.081212503111369,-0.18211781098803748,12.735515436590742,20.82230505603012,76.69718491594695
1065,2707138488,-8.574102,-4.04992,0.138217,24.289005,18.356525,69.008827,-0.452441,-0.420225,-0.582154,0.528966,-8.226988771335407,-3.9271673700262157,0.04362526911548059,21.336017572304385,18.580250655801503,69.34179913603701
1066,2707155155,-8.920862,-3.227793,0.19669,26.879768,9.230141,58.401962,-0.454327,-0.427538,-0.577331,0.52677,-8.666875325276363,-3.1460487142675277,0.31241974433013475,24.615885077838996,13.69920490669452,60.65046937268626
1067,2707171822,-8.864301,-2.013523,0.714473,13.511882,10.170235,51.351856,-0.456393,-0.433416,-0.573991,0.523822,-8.96883960732737,-2.091668647582937,0.5279403472248956,19.158239769954534,7.735974471188719,52.30408414078014
1068,2707188489,-8.913257,-0.943506,0.545815,10.133101,3.639678,47.005756,-0.458865,-0.438192,-0.570717,0.521261,-9.106592840884758,-1.2718556103867025,0.6066001464994295,4.877114341166531,2.371310801465479,45.131674346144194
1069,2707205156,-9.066331,-0.910508,0.573691,-9.568744,-3.317172,39.870316,-0.462612,-0.440516,-0.568903,0.517963,-9.161256420597876,-1.0118084993371947,0.5187266336739729,-14.326386355995757,-1.303025641536246,38.882029328012756
1070,2707221823,-9.473186,-1.61095,0.020089,-42.654461,-1.940706,30.969889,-0.467672,-0.43996,-0.570219,0.512415,-9.20915568756077,-1.283603375343444,0.2861720652829276,-32.12771742862231,-2.9716510338108972,32.93851356384825
1071,2707238490,-9.157973,-1.959026,0.150396,-43.140469,-3.605136,27.347679,-0.4726,-0.438914,-0.57166,0.507156,-9.266226152643027,-1.8042400418950422,-0.039969667404195275,-42.83726237821358,-3.008431390401353,27.13985933972079
1072,2707255157,-9.338952,-2.104355,-0.203254,-34.937492,-2.000749,24.162388,-0.476618,-0.438271,-0.572781,0.502668,-9.309495447715486,-2.2673337220756085,-0.38702225311151117,-43.85281409688305,-2.2023207371700306,22.096698175836853
1073,2707271824,-9.211884,-2.348878,-0.896215,-40.855206,-0.900037,17.912601,-0.480442,-0.436755,-0.574789,0.498034,-9.320328436309927,-2.503397606726539,-0.6624403787746668,-35.91503563342246,-1.3184862104544228,18.89073673954357
1074,2707288491,-9.451664,-2.645235,-0.792445,-22.766167,-1.075724,17.046997,-0.483054,-0.436406,-0.575512,0.494968,-9.309039562798414,-2.49359194028921,-0.7823001131827533,-21.724118485889175,-0.7010576476493131,18.297189467509277
1075,2707305158,-9.357281,-2.360773,-0.739069,-1.691747,1.141835,19.812662,-0.484333,-0.437918,-0.574695,0.49333,-9.313766304423579,-2.303081363027606,-0.7184525240310857,-4.533485370397836,-0.20406315994323942,19.969223096059185
1076,2707321825,-9.242336,-1.833113,-0.285311,11.980325,-1.645172,22.944071,-0.485194,-0.440452,-0.572495,0.492785,-9.373624949498002,-2.0144576741448876,-0.5174047546918706,12.55245703451285,0.46432494497200427,22.276613412513907
1077,2707338492,-9.371431,-1.754972,-0.470416,23.952175,1.280954,23.7521,-0.485099,-0.444107,-0.569577,0.492979,-9.489523762036082,-1.6877608513236122,-0.27242828633295285,26.828041412180053,1.268802797048659,23.11854412968895
1078,2707355159,-9.77137,-1.478305,-0.177092,38.673256,2.544646,21.373041,-0.483762,-0.448677,-0.565832,0.494466,-9.61204471994744,-1.3463090902197894,-0.07656075279484614,36.15497496312765,1.731290805353281,21.171655528419752
1079,2707371826,-9.78986,-0.86914,0.284792,40.915039,2.297328,16.76412,-0.481944,-0.452986,-0.562189,0.496464,-9.681583440020876,-0.9841218248391769,0.01609890114983585,39.20593045488142,1.3577156452399401,16.605589844309996
1080,2707388493,-9.590997,-0.440608,-0.01168,32.153801,-0.47075,9.274414,-0.480374,-0.455853,-0.559461,0.498438,-9.684487726528259,-0.5879540566463402,0.010034205612988034,35.678839536819325,0.18830472823584288,10.768428196541699
1081,2707405160,-9.602561,-0.31775,-0.225772,27.029776,-1.216901,5.499042,-0.478926,-0.457998,-0.557289,0.500296,-9.661519904581173,-0.17144532562513615,-0.04453283706243177,26.307789366799497,-1.140932207446437,5.213707697934775
1082,2707421827,-9.683372,-0.044381,-0.114322,12.841196,-2.617888,1.430861,-0.478237,-0.458718,-0.556318,0.501375,-9.658708416757971,0.1887923282306633,-0.09596088672802719,12.789508717609877,-1.921775402222863,0.8807118026171061
1083,2707438494,-9.602213,0.501878,-0.016539,0.633268,-2.341564,-1.876425,-0.478097,-0.458339,-0.556477,0.501679,-9.677614138770357,0.357446564318308,-0.12715263655078854,-2.2004780373509045,-1.947382798169352,-2.078480755233566
1084,2707455161,-9.774896,0.513813,-0.073812,-16.902861,0.074885,-4.308457,-0.478752,-0.45672,-0.558242,0.500567,-9.679387418617605,0.2203739291876754,-0.14758688443079215,-15.236929440550895,-1.576183921356482,-3.969581330830328
1085,2707471828,-9.734673,-0.39361,-0.164119,-24.334343,-1.246009,-5.252062,-0.479934,-0.454404,-0.560514,0.499003,-9.634764133126579,-0.20797350378113,-0.16414479904312324,-23.127342165682684,-1.2962146608952652,-5.15695220257212
1086,2707488495,-9.470189,-0.799348,-0.418805,-24.26263,-2.829492,-5.777226,-0.481195,-0.451929,-0.562696,0.497578,-9.562656823754603,-0.7571649021033754,-0.17783072347803924,-24.365434244787664,-1.2948746225962176,-5.839063573320186
1087,2707505162,-9.433197,-1.156437,-0.119999,-20.936342,-0.465396,-5.727701,-0.482044,-0.449861,-0.56479,0.496256,-9.514045371500716,-1.1970074463310851,-0.203819253896945,-19.937303409094948,-1.421681045501872,-5.992650488766742
1088,2707521829,-9.558778,-1.511137,-0.086294,-10.453509,-1.681103,-5.280983,-0.482336,-0.448474,-0.566009,0.495838,-9.519438404066356,-1.3812303551943181,-0.26929008376970065,-12.667087774590453,-1.437864971230805,-5.449060581926817
1089,2707538496,-9.560554,-1.310457,-0.434718,-4.796747,-1.166595,-4.474821,-0.482271,-0.447583,-0.566804,0.495799,-9.55822980793254,-1.3227847001559978,-0.37854352360326354,-5.5367250707754945,-1.2214861256083127,-4.108637958469424
1090,2707555163,-9.617467,-1.012833,-0.585606,-0.568717,-1.213747,-2.650543,-0.482067,-0.447135,-0.56717,0.495983,-9.581684831855823,-1.1508177093796674,-0.49241152690395107,-0.31099952442660306,-0.7878150342915401,-2.2021241126140096
1091,2707571830,-9.603116,-0.926835,-0.538167,-0.136657,1.185542,-0.413619,-0.481797,-0.447075,-0.567529,0.495889,-9.562567213120595,-0.9979335989093907,-0.5563626507607032,2.588923180197477,-0.21765835996278837,-0.35557322084526616
1092,2707588497,-9.508564,-1.005624,-0.591716,4.011467,-0.934428,1.470649,-0.481569,-0.447308,-0.567316,0.496143,-9.519449664757401,-0.9177049072805078,-0.5477884736210573,3.300396461709792,0.3726479476531989,0.716353557167988
1093,2707605164,-9.370214,-0.989008,-0.386503,3.104137,0.323034,1.312043,-0.481286,-0.447557,-0.567267,0.49625,-9.493270412675162,-0.8938741612137621,-0.49100302272137264,1.9435275685325286,0.8003444442481485,0.7119419099301023
1094,2707621831,-9.554753,-0.950936,-0.424985,-0.176817,1.681864,-0.622786,-0.480966,-0.447518,-0.567674,0.49613,-9.503450875255599,-0.9075059291179846,-0.4315040568687307,-1.1792433182217532,0.8479381934097269,-0.02114516490634688
1095,2707638498,-9.572017,-0.844846,-0.459686,-6.65856,1.6316,-1.7813,-0.480986,-0.446923,-0.568622,0.495562,-9.529883845155403,-0.9759177994321837,-0.4043465221132061,-5.14066963425618,0.43438012652728414,-0.7842236852977912
1096,2707655165,-9.560219,-1.071833,-0.49362,-8.150475,-1.825161,-0.570856,-0.481476,-0.446073,-0.569355,0.495009,-9.535931441128389,-1.1239274168475955,-0.4241874958802331,-8.491097620573303,-0.24463291508826007,-1.0928873067129965
1097,2707671832,-9.477915,-1.375383,-0.411424,-10.522828,-1.373943,-0.559484,-0.482081,-0.445089,-0.570289,0.494229,-9.503397611713982,-1.332691981446996,-0.48875647440836323,-9.962344097900802,-0.8225881628992416,-0.9741238528898362
1098,2707688499,-9.387957,-1.601618,-0.48989,-8.361959,0.137649,-0.720537,-0.482409,-0.444353,-0.571183,0.49354,-9.444690313194851,-1.5328266904565306,-0.5777013336526148,-9.164646724702717,-1.0163466303266622,-0.7828619522633185
1099,2707705166,-9.436608,-1.622635,-0.715465,-7.817894,-0.091514,-1.120402,-0.482692,-0.443604,-0.572046,0.492936,-9.389121007613765,-1.6511178424036395,-0.653431576444561,-6.741490363823026,-0.7573190336292392,-0.8153240483108303
1100,2707721833,-9.392936,-1.707596,-0.821651,-2.837157,-1.278637,-0.915961,-0.482766,-0.443136,-0.572455,0.492811,-9.363675615737499,-1.6610590366899478,-0.6808570860530986,-3.9350096373665817,-0.17172179377968122,-1.093879289973902
1101,2707738500,-9.35109,-1.534256,-0.54558,-2.224706,-0.482863,-1.674225,-0.482679,-0.442705,-0.572925,0.492737,-9.381183275220286,-1.5900920056003305,-0.654582945382181,-1.887788762101374,0.4463095929727428,-1.4234238780300525
1102,2707755167,-9.384844,-1.433851,-0.535186,-0.435582,1.637747,-1.290509,-0.482329,-0.442585,-0.573389,0.492648,-9.434710616527726,-1.4852266139182366,-0.6021213423167563,-1.110111354558957,0.7204794976665788,-1.574914626852668
1103,2707771834,-9.561047,-1.386221,-0.598854,-2.522108,2.232384,-1.743905,-0.482031,-0.442322,-0.574074,0.492378,-9.498607062317175,-1.377558452382519,-0.5589311132136191,-1.4005213809381685,0.4560457080675928,-1.4291468050502967
1104,2707788501,-9.529874,-1.373018,-0.620767,-1.763857,-1.546226,-0.951268,-0.482053,-0.441905,-0.57439,0.492361,-9.540903125947354,-1.2797258790537271,-0.544902807673562,-2.1820253078325016,-0.13802446723415202,-1.0075600955838035
1105,2707805168,-9.542326,-1.21519,-0.525993,-3.00145,-1.73535,-0.071895,-0.482234,-0.441462,-0.574725,0.492191,-9.542500952595086,-1.2085160092397764,-0.5614416304306955,-2.9291113925304453,-0.6235130102668948,-0.40725668120214686
1106,2707821835,-9.520489,-1.146906,-0.521621,-3.519672,-0.575953,0.227089,-0.482374,-0.44109,-0.575158,0.491881,-9.50829001514569,-1.1942633629190331,-0.5981866787224442,-3.3675515013688204,-0.7774286715175281,0.2814145655137457
1107,2707838502,-9.439714,-1.192718,-0.70767,-2.926276,0.375975,0.603275,-0.482422,-0.440861,-0.575591,0.491533,-9.461134032495035,-1.256930651689059,-0.6371256003900213,-3.398304864038529,-0.75696446214578,0.9927474607003505
1108,2707855169,-9.404462,-1.382748,-0.647878,-2.75745,-0.075762,1.771931,-0.482582,-0.440709,-0.575905,0.491145,-9.42518795114989,-1.3746746724116177,-0.6587194440504175,-2.951019322391858,-0.7909376213154965,1.640094094647576
1109,2707871836,-9.447903,-1.581078,-0.686913,-2.198466,-1.95115,2.284134,-0.482899,-0.440506,-0.576014,0.490887,-9.412929295827073,-1.4852398639656852,-0.6531090573367108,-1.9966574681326665,-0.8569160252573833,2.095937297574942
1110,2707888503,-9.428077,-1.514773,-0.580515,-1.864566,-1.713592,2.115769,-0.483162,-0.440328,-0.576127,0.490655,-9.423979645234889,-1.52442370442752,-0.6259417357800195,-0.7288427427847283,-0.7868440902232211,2.2566964008575954
1111,2707905170,-9.437647,-1.398872,-0.566377,1.099905,-0.277181,2.257676,-0.483126,-0.440474,-0.57612,0.490569,-9.451332153073743,-1.4661795370610835,-0.5915117097135267,0.34292374460641617,-0.5984715786060069,2.1385584426844155
1112,2707921837,-9.471011,-1.342821,-0.610761,1.217071,0.80039,1.926888,-0.482968,-0.440677,-0.576202,0.490446,-9.486003309137075,-1.3333377367442463,-0.5620649942899583,0.6339264091431778,-0.5347681807794867,1.9037787340750123
1113,2707938504,-9.548347,-1.23057,-0.544316,-0.314498,-0.761696,1.653319,-0.483019,-0.440637,-0.576301,0.490315,-9.517818733154508,-1.1811468138147971,-0.5449303483233278,-0.05788682354126293,-0.7448840704655729,1.7792949415482586
1114,2707955171,-9.503486,-1.077,-0.564155,-1.2985,-2.209569,1.819392,-0.483266,-0.440438,-0.576358,0.490183,-9.536596092466882,-1.071314584478093,-0.5451554646286851,-1.3031936333306828,-1.068103141749339,1.9209031556005751
1115,2707971838,-9.56551,-0.976026,-0.474492,-2.126942,-0.969095,2.487934,-0.48351,-0.440326,-0.576518,0.489855,-9.536053971360447,-1.0458644939733872,-0.5639120473786908,-2.287063998571946,-1.231165043649824,2.3195056078543383
1116,2707988505,-9.513983,-1.107788,-0.66606,-3.22729,-1.487099,2.762272,-0.483887,-0.440123,-0.576702,0.489448,-9.517498879246352,-1.1072564832675447,-0.593350112781523,-2.3876939854120742,-1.1968688501239957,2.8135795714328
1117,2708005172,-9.478328,-1.256953,-0.609349,-1.621642,-0.790741,3.192258,-0.484134,-0.440118,-0.576793,0.489101,-9.489274775465088,-1.2177778390689649,-0.6182556179715437,-1.6225029730169742,-1.2093699330301955,3.1916879888701932
1118,2708021839,-9.450436,-1.360304,-0.618183,-0.21653,-1.086555,3.358689,-0.484327,-0.440206,-0.576753,0.488878,-9.461894893833415,-1.3230328878038362,-0.6269748698140639,-0.5819541208546348,-1.4708808254907746,3.311394000671036
1119,2708038506,-9.461949,-1.345079,-0.643126,0.827796,-1.424297,3.160985,-0.484469,-0.440327,-0.576627,0.488778,-9.44312964908288,-1.3822586066324536,-0.6208117568425322,0.1131492582935611,-1.8301191168724285,3.1658582283195313
1120,2708055173,-9.454611,-1.325582,-0.576359,0.44956,-3.089531,2.845526,-0.484751,-0.440276,-0.576431,0.488775,-9.436587215140847,-1.3829208218040674,-0.6117960889869574,0.362315254245873,-1.864995842729944,2.8702119636981225
1121,2708071840,-9.394484,-1.412117,-0.636446,-0.395703,-1.198226,2.645171,-0.484915,-0.440283,-0.57644,0.488594,-9.442492237075015,-1.3364843102522954,-0.6107041723309664,0.6437765931445554,-1.3167530108575773,2.580830636576604
1122,2708088507,-9.488026,-1.284836,-0.60651,1.442334,-0.353058,2.291344,-0.484865,-0.440451,-0.576401,0.488537,-9.45805220090855,-1.2670641351359266,-0.6156018376650099,1.5428448166084818,-0.42981195994335425,2.3927441484655807
1123,2708105174,-9.479809,-1.154804,-0.58222,4.050322,0.386297,2.073841,-0.484571,-0.440836,-0.576244,0.488668,-9.478220199078825,-1.1987507000477584,-0.610535329495193,3.2034896954070873,0.188507506358872,2.2787457522534558
1124,2708121841,-9.490463,-1.087167,-0.584565,4.48009,0.597768,2.463717,-0.484259,-0.4413,-0.576045,0.488794,-9.49839362391791,-1.1423154417731365,-0.5777186789123389,5.163741301879025,0.10132229313089097,2.118287599407779
1125,2708138508,-9.515234,-1.125086,-0.589147,7.047482,-0.797605,1.893835,-0.483858,-0.441797,-0.575602,0.489263,-9.517262701026176,-1.0911045759858375,-0.5165465183034202,6.641389667366774,-0.5123047331293535,1.8001189891608549
1126,2708155175,-9.551435,-1.127828,-0.431323,6.777269,-0.502035,1.038742,-0.483388,-0.442224,-0.575254,0.489752,-9.537017464032726,-1.0355915776409097,-0.45224911775499793,7.022417437178088,-0.925354030619724,1.314639890335491
1127,2708171842,-9.547957,-0.955454,-0.382358,6.191403,-1.332296,0.625558,-0.482996,-0.442515,-0.574915,0.490273,-9.560716708244351,-0.9827814436175661,-0.41923231123569143,6.267632138836593,-0.44551468275629597,0.7667222524868151
1128,2708188509,-9.58437,-0.886059,-0.355356,6.767023,0.425433,0.684186,-0.482423,-0.442977,-0.574654,0.490725,-9.588973766332812,-0.9533706147057126,-0.4278696429555489,5.0213227605744555,0.9304578661064941,0.32748699787248803
1129,2708205176,-9.613346,-0.916943,-0.52813,2.215992,3.08156,0.215563,-0.481888,-0.44327,-0.574934,0.490658,-9.618829274498736,-0.9555010904706777,-0.4472429555602987,4.304824227150283,2.352995707996755,0.17941144926784075
1130,2708221843,-9.691678,-1.016242,-0.476783,4.093006,2.973603,0.147523,-0.481236,-0.44368,-0.575077,0.49076,-9.646131446141554,-0.9685853090200331,-0.42595068487617127,4.9269945911035204,2.657764242480801,0.45885654268052106
1131,2708238510,-9.618127,-1.036347,-0.267022,9.396873,1.339589,1.291834,-0.480458,-0.44444,-0.574653,0.491331,-9.669012114919827,-0.9623431130194141,-0.3342111134795498,7.023330740044384,1.2310721094679429,1.1810696282545257
1132,2708255177,-9.688909,-0.930483,-0.189127,10.035065,-1.474319,2.188395,-0.479939,-0.445117,-0.573928,0.492073,-9.688860771008835,-0.93080955206075,-0.18920622573548362,10.040238487540467,-1.4734389388669407,2.189824608078282
