sep=,
DeviceTag:,DOT_Thigh_L
FirmwareVersion:,2.2.1
AppVersion:,2023.6.0
SyncStatus:,Synced
OutputRate:,60Hz
FilterProfile:,Dynamic
Measurement Mode:,Custom modes - custom mode5
StartTime: ,2026-09-15_18:07:21_965 GMT+8
© Movella Technologies B. V. 2005-2026

PacketCounter,SampleTimeFine,Acc_X,Acc_Y,Acc_Z,Gyr_X,Gyr_Y,Gyr_Z,Quat_W,Quat_X,Quat_Y,Quat_Z
1,888827147,8.990842,2.815531,-2.409954,-30.049803,-19.960735,33.020321,-0.135739,-0.787950,-0.045807,-0.598841,
2,888843814,9.631849,2.229594,-2.447500,-27.140739,-18.253952,30.765068,-0.136493,-0.789065,-0.039670,-0.597638,
3,888860481,9.899981,1.424897,-2.459818,-24.272795,-14.982413,28.873013,-0.137059,-0.789913,-0.034063,-0.596734,
4,888877148,9.956796,0.769920,-2.435925,-14.508290,-11.060860,27.132984,-0.136630,-0.790584,-0.029581,-0.596182,
5,888893815,9.871531,0.457531,-2.350903,-5.663647,-6.143157,24.891678,-0.135354,-0.790982,-0.026221,-0.596102,
6,888910482,10.069487,0.828716,-2.532769,9.984192,-2.153905,23.257275,-0.132403,-0.791326,-0.024483,-0.596383,
7,888927149,9.847467,1.284273,-2.363744,19.429752,2.391624,21.239283,-0.128520,-0.791440,-0.023884,-0.597105,
8,888943816,9.427380,1.336708,-2.598900,26.998178,6.052029,18.787508,-0.123964,-0.791353,-0.024293,-0.598166,
9,888960483,9.137959,1.673452,-2.582654,28.164944,6.043410,17.505663,-0.119382,-0.791266,-0.024949,-0.599185,
10,888977150,9.281142,1.898677,-2.618965,26.202999,2.985945,16.482538,-0.115124,-0.791391,-0.025499,-0.599830,
11,888993817,9.322563,2.091210,-2.487434,25.368013,5.238718,17.444336,-0.110868,-0.791294,-0.025902,-0.600741,
12,889010484,9.326481,2.258881,-2.642065,17.126057,3.033825,19.509310,-0.107385,-0.791252,-0.025312,-0.601454,
13,889027151,9.361980,2.565165,-2.511727,7.238897,2.225562,21.683502,-0.104853,-0.791126,-0.023594,-0.602137,
14,889043818,9.366446,2.541737,-2.529145,-1.035997,1.635547,22.559149,-0.103197,-0.790920,-0.021040,-0.602787,
15,889060485,9.077712,2.289820,-2.756673,-8.407399,-0.052404,22.665127,-0.102385,-0.790743,-0.017803,-0.603262,
16,889077152,8.912807,1.897354,-2.747522,-11.336475,-3.335024,22.697515,-0.101914,-0.790802,-0.014257,-0.603359,
17,889093819,9.149264,1.709407,-2.814878,-10.391606,-6.967976,21.486891,-0.101446,-0.791181,-0.010878,-0.603011,
18,889110486,9.463630,1.537854,-2.823441,-4.189604,-7.703160,19.900864,-0.100405,-0.791706,-0.008215,-0.602539,
19,889127153,9.541440,1.620123,-2.651976,7.064522,-3.404022,17.558416,-0.098267,-0.792009,-0.006871,-0.602509,
20,889143820,9.373688,1.844297,-2.688076,16.886284,0.743083,14.961268,-0.095219,-0.792081,-0.006745,-0.602906,
21,889160487,9.277945,1.911730,-2.440464,22.991945,0.199543,13.319872,-0.091612,-0.792274,-0.007337,-0.603204,
22,889177154,9.315847,2.159485,-2.722500,30.652817,4.319810,12.976617,-0.087147,-0.792193,-0.008696,-0.603954,
23,889193821,9.124278,2.689499,-2.607457,27.412653,6.500173,12.332511,-0.083107,-0.791862,-0.009872,-0.604938,
24,889210488,9.079473,2.537531,-2.593658,16.469778,4.135273,12.797400,-0.080289,-0.791597,-0.010002,-0.605663,
25,889227155,9.227225,2.519065,-2.661223,9.068948,0.687772,14.679684,-0.078162,-0.791547,-0.009224,-0.606019,
26,889243822,9.272973,2.206158,-2.783378,1.864702,0.071504,16.604275,-0.076696,-0.791467,-0.007582,-0.606333,
27,889260489,9.288498,1.990896,-2.979307,-4.923497,-1.477842,18.896784,-0.075811,-0.791446,-0.005061,-0.606497,
28,889277156,9.257177,1.983954,-2.846619,-7.346350,-1.273222,21.252285,-0.074996,-0.791376,-0.002057,-0.606708,
29,889293823,9.167403,2.172119,-2.458500,-6.094821,-0.904181,21.439959,-0.074020,-0.791279,0.000855,-0.606957,
30,889310490,9.356062,2.108016,-2.617898,-3.865423,-1.513879,19.674070,-0.072944,-0.791254,0.003372,-0.607112,
31,889327157,9.393075,2.007221,-3.021916,-1.644068,0.344933,19.027742,-0.071669,-0.791083,0.005600,-0.607470,
32,889343824,9.103368,1.855877,-2.701105,4.015045,2.356647,18.659138,-0.069777,-0.790788,0.007264,-0.608056,
33,889360491,9.105585,1.994287,-2.798629,7.639439,2.297673,17.336382,-0.067585,-0.790531,0.008455,-0.608622,
34,889377158,9.301299,1.920613,-2.790443,8.635263,4.019438,16.229963,-0.065379,-0.790128,0.009414,-0.609372,
35,889393825,9.400270,1.681714,-2.879800,8.734193,5.951304,15.957086,-0.063187,-0.789549,0.010314,-0.610338,
36,889410492,9.475926,1.590078,-2.920218,8.596561,8.016727,15.948222,-0.061015,-0.788781,0.011207,-0.611535,
37,889427159,9.412282,1.402456,-2.836402,7.905877,9.437288,15.949223,-0.058925,-0.787874,0.012148,-0.612890,
38,889443826,9.907134,1.313350,-3.077749,5.038068,6.283013,15.141597,-0.057229,-0.787220,0.013279,-0.613867,
39,889460493,10.490210,1.057626,-3.256973,1.522939,5.260169,15.842718,-0.055871,-0.786622,0.014812,-0.614723,
40,889477160,10.118361,1.021801,-3.177745,2.603989,7.514834,18.862556,-0.054125,-0.785820,0.016577,-0.615859,
41,889493827,9.700491,1.299660,-2.936017,0.574833,6.960153,20.117022,-0.052495,-0.785042,0.018670,-0.616931,
42,889510494,10.218874,1.357727,-2.940706,-2.596720,4.057946,17.446373,-0.051460,-0.784502,0.020765,-0.617638,
43,889527161,10.592881,1.110832,-2.410977,-3.111896,8.825271,17.042284,-0.050534,-0.783526,0.022824,-0.618880,
44,889543828,10.829605,1.759238,-2.227149,-1.529017,11.677022,18.344980,-0.049320,-0.782293,0.024868,-0.620457,
45,889560495,10.533598,1.736602,-2.207366,-5.388322,15.692723,18.960503,-0.048503,-0.780659,0.027301,-0.622473,
46,889577162,10.164781,1.870969,-2.083602,-3.650957,17.625473,17.430458,-0.047635,-0.778858,0.029389,-0.624698,
47,889593829,10.008458,1.744988,-1.959221,-3.011790,19.199657,13.126899,-0.047093,-0.776927,0.030920,-0.627065,
48,889610496,9.827868,1.798424,-1.876815,4.176562,22.845110,9.186007,-0.046114,-0.774720,0.031325,-0.629842,
49,889627163,9.504290,2.269282,-1.693552,8.613709,26.601097,3.560681,-0.045167,-0.772212,0.030663,-0.633014,
50,889643830,9.254438,2.589953,-1.369975,10.660488,30.768019,-4.490602,-0.044750,-0.769354,0.028881,-0.636598,
51,889660497,9.252634,2.719471,-1.029703,12.065063,34.792839,-13.902049,-0.045063,-0.766149,0.025887,-0.640557,
52,889677164,9.231653,2.876906,-0.571704,14.958099,39.614853,-23.207256,-0.045937,-0.762516,0.021555,-0.644976,
53,889693831,9.035400,2.953245,0.218587,18.741982,45.350403,-32.643181,-0.047293,-0.758349,0.015781,-0.649939,
54,889710498,8.865857,3.238640,0.431009,32.506950,55.286072,-43.963081,-0.048220,-0.753284,0.007386,-0.655883,
55,889727165,8.348628,3.641581,0.440550,31.379911,58.759201,-55.392288,-0.050358,-0.747780,-0.002178,-0.662030,
56,889743832,8.412285,3.926860,0.215888,25.752344,52.148163,-68.266518,-0.054341,-0.742741,-0.012553,-0.667252,
57,889760499,9.688285,3.535950,0.042816,16.315794,43.754246,-80.523323,-0.060540,-0.738282,-0.023267,-0.671366,
58,889777166,10.753604,2.999421,-0.744104,17.029303,38.282799,-87.526581,-0.067353,-0.734194,-0.034751,-0.674696,
59,889793833,11.319671,2.671058,-1.657818,14.707537,32.739967,-87.466797,-0.074423,-0.730480,-0.045939,-0.677310,
60,889810500,11.571505,1.958474,-1.969205,15.085718,27.580275,-83.177864,-0.081052,-0.727173,-0.056645,-0.679294,
61,889827167,11.545844,1.347370,-2.154247,19.064867,19.848392,-78.994209,-0.086897,-0.724592,-0.067201,-0.680367,
62,889843834,11.003897,1.100546,-2.311743,23.983732,15.704390,-76.215401,-0.091975,-0.722403,-0.077889,-0.680887,
63,889860501,10.344104,0.991408,-1.934348,30.706495,11.949313,-74.327446,-0.096189,-0.720593,-0.088982,-0.680863,
64,889877168,10.466677,1.396149,-1.927600,39.106457,0.015605,-72.958305,-0.099526,-0.719995,-0.100584,-0.679400,
65,889893835,10.685249,2.122851,-2.342443,42.009769,-8.560770,-72.296181,-0.102604,-0.720189,-0.112264,-0.676902,
66,889910502,10.042095,2.694175,-2.335687,32.749107,-13.685007,-69.886765,-0.106484,-0.720686,-0.122687,-0.673959,
67,889927169,9.278000,3.226307,-1.779355,12.224102,-24.022692,-65.200783,-0.112227,-0.721876,-0.130432,-0.670289,
68,889943836,9.012700,3.812558,-1.675044,-10.698637,-37.517639,-58.773125,-0.119994,-0.724051,-0.135034,-0.665670,
69,889960503,8.949323,4.416661,-2.178176,-32.959888,-51.922390,-52.376038,-0.129754,-0.727269,-0.136538,-0.660000,
70,889977170,8.969107,4.413375,-2.209965,-61.885967,-59.832123,-46.420666,-0.142136,-0.730694,-0.134463,-0.654067,
71,889993837,9.104070,3.611598,-1.968094,-87.919960,-64.005714,-39.056042,-0.156632,-0.733942,-0.129010,-0.648191,
72,890010504,9.370619,2.676024,-2.010707,-101.437668,-68.228531,-31.776882,-0.171915,-0.737188,-0.121369,-0.642081,
73,890027171,9.496778,2.401546,-1.459520,-111.342957,-64.429787,-27.459194,-0.187728,-0.739647,-0.112393,-0.636434,
74,890043838,9.477531,2.131963,-1.061849,-128.807343,-61.335060,-24.245987,-0.204994,-0.741094,-0.101493,-0.631234,
75,890060505,9.519985,1.417907,-1.574140,-129.076630,-58.489395,-23.031246,-0.222045,-0.741961,-0.090477,-0.626102,
76,890077172,9.634256,0.668996,-2.108261,-111.556030,-53.347130,-25.098564,-0.237239,-0.742610,-0.081410,-0.620984,
77,890093839,9.656156,-0.001779,-1.699635,-91.952248,-44.622845,-27.356377,-0.250346,-0.742905,-0.074634,-0.616318,
78,890110506,9.279142,-0.487633,-1.221437,-67.547371,-33.940338,-30.662502,-0.260948,-0.742954,-0.070778,-0.612304,
79,890127173,8.921182,-0.290768,-0.918771,-33.984810,-32.833237,-32.859844,-0.268079,-0.744075,-0.070181,-0.607915,
80,890143840,8.760054,0.184200,-0.638600,1.174165,-30.082647,-33.160229,-0.271386,-0.746278,-0.072829,-0.603418,
81,890160507,8.608068,1.186314,-0.302101,36.673199,-23.602314,-30.373697,-0.270512,-0.749306,-0.078541,-0.599329,
82,890177174,8.319495,2.423584,-0.091637,64.113892,-18.740171,-23.464401,-0.265967,-0.753006,-0.086076,-0.595680,
83,890193841,8.073147,3.766567,-0.029329,82.074738,-15.939917,-14.055466,-0.258570,-0.757180,-0.094235,-0.592401,
84,890210508,7.720187,4.655220,0.034863,84.308678,-13.397476,-5.384888,-0.250106,-0.761224,-0.101712,-0.589609,
85,890227175,7.583336,4.902813,-0.169639,76.369263,-11.855447,0.760784,-0.241937,-0.764833,-0.107870,-0.587248,
86,890243842,7.499849,4.962079,-0.944979,67.604004,-9.156102,3.596409,-0.234433,-0.767863,-0.113047,-0.585361,
87,890260509,7.281040,4.820387,-2.035232,60.482658,-5.804182,3.528304,-0.227654,-0.770298,-0.117730,-0.583913,
88,890277176,7.138847,4.352460,-3.152320,61.378094,-4.247474,5.636464,-0.220552,-0.772606,-0.122296,-0.582648,
89,890293843,7.333358,4.203670,-4.192166,65.597221,-13.942525,12.092278,-0.212582,-0.775920,-0.126172,-0.580376,
90,890310510,8.235752,4.657262,-4.631040,56.439861,-17.111109,21.345594,-0.204904,-0.779321,-0.128122,-0.578149,
91,890327177,8.396545,6.002331,-4.318767,39.265896,-19.056475,28.087027,-0.198629,-0.782449,-0.127797,-0.576184,
92,890343844,8.498293,7.956076,-3.457827,1.518426,-26.630505,32.093571,-0.196445,-0.785161,-0.123630,-0.574149,
93,890360511,8.452555,9.231766,-2.672516,-61.062027,-35.649174,37.725346,-0.201084,-0.786873,-0.113325,-0.572322,
94,890377178,8.664727,9.138387,-2.111936,-111.788963,-36.871788,44.280041,-0.210958,-0.787128,-0.097987,-0.571248,
95,890393845,11.692488,8.197223,-1.798939,-150.757111,-34.532906,63.406258,-0.223573,-0.785901,-0.077249,-0.571320,
96,890410512,13.870203,5.106452,-1.670195,-190.076416,-19.889761,83.382790,-0.238690,-0.781810,-0.051380,-0.573725,
97,890427179,10.478518,3.217081,-0.600300,-163.200607,-13.195558,53.354382,-0.253022,-0.777262,-0.031358,-0.575204,
98,890443846,11.169064,5.173262,1.122316,-110.380943,-8.664234,24.692934,-0.263645,-0.773797,-0.019148,-0.575641,
99,890460513,10.510069,6.820798,1.514127,-54.899017,15.588015,9.828816,-0.269157,-0.770252,-0.014181,-0.577983,
100,890477180,6.903951,8.094110,-2.615207,-0.503636,-4.520451,-11.739676,-0.270421,-0.770452,-0.015415,-0.577095,
101,890493847,7.556214,3.692926,-3.279813,-31.964247,-32.220524,-26.101706,-0.276469,-0.771683,-0.014529,-0.572589,
102,890510514,10.361559,-4.564296,-3.601270,-39.455608,-36.875305,-23.040937,-0.283095,-0.772956,-0.012487,-0.567661,
103,890527181,10.075263,-8.907371,-1.744720,63.317055,6.884326,7.413608,-0.275547,-0.774843,-0.017307,-0.568676,
104,890543848,8.311865,-5.774125,-2.213338,182.261185,36.722809,33.332527,-0.252261,-0.778770,-0.030229,-0.573557,
105,890560515,8.806123,1.649664,-4.111305,272.655701,49.271416,47.997803,-0.217157,-0.784091,-0.049450,-0.579308,
106,890577182,9.858589,7.962177,-4.526787,257.430756,33.530499,49.777958,-0.183411,-0.789043,-0.066613,-0.582524,
107,890593849,10.183251,10.874665,-3.262689,118.841690,8.321461,28.413403,-0.167454,-0.791525,-0.073757,-0.583101,
108,890610516,8.543303,8.482237,-3.284512,2.267999,5.735217,8.943375,-0.166571,-0.791054,-0.073183,-0.584065,
109,890627183,8.119859,4.417223,-2.493257,-26.123320,-1.143098,10.252081,-0.168916,-0.790485,-0.069880,-0.584565,
110,890643850,8.997851,1.671050,-2.256995,-28.467083,4.191725,24.839083,-0.170233,-0.789535,-0.064829,-0.586047,
111,890660517,9.426854,0.614312,-2.937675,-16.850468,10.326595,45.039585,-0.168429,-0.788509,-0.058598,-0.588601,
112,890677184,9.318474,0.888018,-2.464161,-16.024258,6.137159,58.956856,-0.165364,-0.787930,-0.050735,-0.590970,
113,890693851,9.592973,0.936603,-1.990054,-25.279194,-0.076186,56.827641,-0.163574,-0.787586,-0.042167,-0.592599,
114,890710518,10.047326,0.629881,-1.689854,-16.275244,-2.297391,48.881355,-0.161440,-0.787546,-0.035229,-0.593689,
115,890727185,9.854510,0.183333,-1.484935,0.623923,3.463264,44.166134,-0.157739,-0.787344,-0.030424,-0.595215,
116,890743852,9.716801,0.110631,-1.665756,21.613270,7.550842,41.526630,-0.151838,-0.787225,-0.027831,-0.597031,
117,890760519,9.631328,0.991651,-1.856486,25.102837,13.404254,38.868855,-0.145737,-0.786629,-0.025972,-0.599417,
118,890777186,9.517067,2.040351,-2.011449,18.056736,17.149040,36.070835,-0.140665,-0.785512,-0.023898,-0.602174,
119,890793853,9.082673,2.632962,-2.528056,2.732844,14.272014,35.496571,-0.137399,-0.784304,-0.020487,-0.604623,
120,890810520,8.882275,2.463035,-2.670027,-11.504757,5.423266,35.556541,-0.135774,-0.783567,-0.015640,-0.606088,
121,890827187,9.159548,2.160415,-2.730694,-12.120794,-2.796457,34.281921,-0.134347,-0.783519,-0.010721,-0.606575,
122,890843854,9.359286,2.174273,-2.729766,-14.342185,-2.006047,31.986282,-0.133371,-0.783333,-0.005883,-0.607096,
123,890860521,9.131310,2.215042,-2.801580,-17.296549,-3.987287,30.503263,-0.132861,-0.783245,-0.000915,-0.607350,
124,890877188,9.243587,2.292509,-2.554866,-19.233015,-11.059669,30.227072,-0.132594,-0.783724,0.004330,-0.606776,
125,890893855,9.343935,2.081349,-2.357243,-19.058338,-15.785173,29.021557,-0.132406,-0.784601,0.009513,-0.605623,
126,890910522,9.418980,1.700567,-2.458968,-9.177997,-14.771983,25.749887,-0.131377,-0.785565,0.013432,-0.604522,
127,890927189,9.645051,1.653764,-2.360192,-0.395000,-6.366651,23.263735,-0.129578,-0.785952,0.016135,-0.604341,
128,890943856,9.293100,1.653906,-2.229692,6.511842,-3.696149,20.285107,-0.127256,-0.786233,0.017839,-0.604421,
129,890960523,9.309051,1.702436,-2.525892,9.524153,-2.708764,16.553286,-0.124919,-0.786487,0.018833,-0.604548,
130,890977190,9.309674,1.367915,-2.651000,8.664702,-6.099915,14.374995,-0.122862,-0.787025,0.019715,-0.604240,
131,890993857,9.566032,1.518428,-2.572545,9.825613,-7.451332,14.717567,-0.120637,-0.787697,0.020558,-0.603785,
132,891010524,9.477653,1.927274,-2.385204,7.062230,-5.027228,15.953534,-0.118627,-0.788100,0.021743,-0.603617,
133,891027191,9.443060,2.199428,-2.269694,3.676047,-5.736353,15.452277,-0.117046,-0.788503,0.023180,-0.603344,
134,891043858,9.365123,2.269645,-2.355749,4.521394,-1.508423,13.170694,-0.115583,-0.788555,0.024208,-0.603519,
135,891060525,9.191088,2.005894,-2.198174,8.319887,-0.339689,10.984351,-0.113880,-0.788573,0.024633,-0.603802,
136,891077192,9.372460,1.740667,-1.838657,15.493415,-3.171138,8.855737,-0.111530,-0.788962,0.024230,-0.603748,
137,891093859,9.613333,1.597694,-2.306474,22.560163,-0.118702,5.488652,-0.108676,-0.789204,0.022771,-0.604010,
138,891110526,9.353320,1.572001,-2.774222,28.091530,2.158216,4.102007,-0.105314,-0.789326,0.020630,-0.604522,
139,891127193,9.245708,1.727420,-2.577049,25.271786,-0.821248,5.883206,-0.102109,-0.789651,0.018987,-0.604701,
140,891143860,9.315021,1.834707,-2.506102,17.737249,-2.456120,8.529099,-0.099532,-0.789993,0.018335,-0.604705,
141,891160527,9.360781,1.878819,-2.598128,10.140043,-1.914064,10.726983,-0.097635,-0.790166,0.018595,-0.604780,
142,891177194,9.438808,1.925869,-2.338860,5.413152,-2.407391,12.727172,-0.096104,-0.790308,0.019508,-0.604811,
143,891193861,9.468849,1.969378,-2.642805,1.980036,-0.301526,13.306890,-0.094923,-0.790212,0.020760,-0.605081,
144,891210528,9.050501,1.829392,-2.509446,-0.742129,0.908093,14.158168,-0.093982,-0.789967,0.022332,-0.605491,
145,891227195,9.180959,1.529598,-2.832685,-2.953454,-2.722184,15.059417,-0.093205,-0.790006,0.024252,-0.605487,
146,891243862,9.520043,1.255726,-2.744678,-1.518809,-4.437559,17.353027,-0.092054,-0.790203,0.026333,-0.605319,
147,891260529,9.848364,1.215670,-2.751922,2.878110,-2.914307,19.901770,-0.090179,-0.790310,0.028298,-0.605373,
148,891277196,9.838885,1.298885,-3.009317,6.197560,0.425139,21.060532,-0.087834,-0.790155,0.030061,-0.605834,
149,891293863,9.565197,1.224466,-2.829086,12.520009,3.026308,22.045778,-0.084685,-0.789840,0.031346,-0.606629,
150,891310530,9.377584,1.422645,-2.742427,20.799021,4.283462,21.289429,-0.080657,-0.789507,0.031798,-0.607587,
151,891327197,9.368392,1.465004,-2.858387,23.378405,5.090213,19.051626,-0.076533,-0.789129,0.031755,-0.608612,
152,891343864,9.572515,1.292116,-3.292160,22.721859,5.641772,17.789915,-0.072597,-0.788688,0.031618,-0.609673,
153,891360531,9.718105,1.179713,-3.436215,19.801817,7.000425,19.679260,-0.068834,-0.788073,0.031942,-0.610886,
154,891377198,9.821388,0.929721,-3.289344,13.807734,7.726763,22.342278,-0.065524,-0.787310,0.033096,-0.612171,
155,891393865,10.394926,0.981457,-3.589148,10.752910,3.926174,23.700289,-0.062423,-0.786839,0.034713,-0.613011,
156,891410532,11.135529,1.102162,-3.436754,8.788527,4.996980,24.329929,-0.059495,-0.786241,0.036567,-0.613961,
157,891427199,10.519382,1.473938,-2.857131,7.950020,11.739854,26.120390,-0.056539,-0.785012,0.038642,-0.615683,
158,891443866,10.077979,1.659707,-2.588461,6.767631,13.657698,24.982168,-0.053830,-0.783594,0.040677,-0.617598,
159,891460533,10.262465,1.455071,-2.287672,8.193223,15.167567,22.267477,-0.051211,-0.782055,0.042261,-0.619661,
160,891477200,10.169733,1.764986,-2.441582,4.606936,15.673688,21.378559,-0.049083,-0.780438,0.044063,-0.621744,
161,891493867,9.700011,2.134429,-2.321414,-0.305547,16.884661,21.503202,-0.047508,-0.778663,0.046314,-0.623924,
162,891510534,9.508255,2.336574,-2.193831,-5.474381,15.973106,18.353632,-0.046798,-0.776945,0.048682,-0.625936,
163,891527201,9.498234,2.215723,-2.166317,-4.790147,17.307587,13.530247,-0.046460,-0.775135,0.050434,-0.628063,
164,891543868,9.368222,2.133033,-1.886755,0.280722,19.923069,8.027437,-0.046071,-0.773153,0.051083,-0.630477,
165,891560535,9.225572,2.053530,-1.461508,4.656815,23.929552,1.033929,-0.045862,-0.770876,0.050517,-0.633321,
166,891577202,9.189197,2.345520,-1.066149,12.958545,29.574869,-7.210207,-0.045523,-0.768179,0.048223,-0.636791,
167,891593869,9.091557,2.488163,-0.616529,19.798899,37.958248,-16.895786,-0.045374,-0.764792,0.044155,-0.641159,
168,891610536,8.896502,2.550011,-0.094846,29.554686,46.969112,-26.442045,-0.045086,-0.760640,0.038054,-0.646487,
169,891627203,8.645887,2.916949,0.486388,36.403366,55.204823,-36.640526,-0.045041,-0.755736,0.030122,-0.652631,
170,891643870,8.840596,3.173616,1.104185,38.214432,61.218086,-49.653442,-0.046053,-0.750219,0.020544,-0.659263,
171,891660537,9.219736,3.163559,-0.080734,38.130066,61.065197,-64.565285,-0.048496,-0.744622,0.009344,-0.665657,
172,891677204,8.930929,3.465353,-1.151229,31.920708,49.363388,-77.926544,-0.052879,-0.739978,-0.002621,-0.670544,
173,891693871,9.745482,3.180913,-0.873995,30.839649,40.141651,-88.735580,-0.058426,-0.736061,-0.015574,-0.674209,
174,891710538,10.935143,2.941593,-0.093852,40.720905,32.484539,-91.435699,-0.063183,-0.732800,-0.029716,-0.676852,
175,891727205,11.857445,2.867415,-0.879550,28.105003,20.505268,-85.962105,-0.068787,-0.730469,-0.041915,-0.678178,
176,891743872,12.022021,2.165730,-1.773982,12.673786,19.091423,-80.087273,-0.075446,-0.728036,-0.051949,-0.679391,
177,891760539,11.538694,1.167848,-2.314793,2.662925,11.134017,-76.455933,-0.082856,-0.726203,-0.060514,-0.679781,
178,891777206,11.348453,0.416666,-2.606135,11.052363,3.144985,-72.626160,-0.089062,-0.725204,-0.069399,-0.679213,
179,891793873,11.248034,0.650663,-2.783941,29.812208,-3.901345,-71.515190,-0.093237,-0.725065,-0.079921,-0.677642,
180,891810540,10.398699,1.339741,-2.493854,40.352818,-5.741911,-70.229767,-0.096183,-0.725168,-0.091310,-0.675680,
181,891827207,9.397268,2.280062,-1.615623,36.306019,-17.274990,-67.741699,-0.099451,-0.726280,-0.101865,-0.672495,
182,891843874,9.333891,3.433469,-1.300149,15.964046,-30.755098,-64.211792,-0.104709,-0.728379,-0.109850,-0.668156,
183,891860541,9.237237,4.012532,-2.038462,-7.983169,-42.579693,-59.029030,-0.112177,-0.731262,-0.114766,-0.662949,
184,891877208,9.118155,4.261224,-2.395451,-33.295887,-53.615044,-54.106667,-0.122033,-0.734782,-0.116522,-0.656983,
185,891893875,9.156481,3.970042,-2.292175,-59.457870,-59.054150,-49.561550,-0.134321,-0.738305,-0.115176,-0.650844,
186,891910542,9.291419,3.504498,-1.906207,-79.347221,-63.002602,-45.717808,-0.148415,-0.741706,-0.111431,-0.644537,
187,891927209,9.552834,3.031936,-1.694952,-97.364273,-68.555359,-39.779198,-0.163942,-0.745111,-0.105203,-0.637859,
188,891943876,9.757049,2.420591,-1.562422,-118.522949,-62.021111,-37.265190,-0.181368,-0.747167,-0.096856,-0.632033,
189,891960543,9.731872,1.756901,-1.531017,-134.129242,-57.949169,-37.883675,-0.200407,-0.748092,-0.087205,-0.626570,
190,891977210,9.754840,0.947114,-1.872113,-141.680511,-54.134769,-39.083164,-0.220225,-0.748056,-0.077065,-0.621267,
191,891993877,9.472597,0.037284,-2.235353,-126.720886,-47.866367,-39.013580,-0.238235,-0.747579,-0.068433,-0.616187,
192,892010544,9.280789,-0.223115,-2.008523,-91.038376,-43.995674,-37.908825,-0.252147,-0.747751,-0.062988,-0.611002,
193,892027211,9.245317,-0.705788,-1.943706,-66.836533,-39.164253,-36.969219,-0.263246,-0.748236,-0.059756,-0.606030,
194,892043878,9.114539,-0.781507,-1.564559,-26.464520,-36.676220,-36.702347,-0.269875,-0.749964,-0.060141,-0.600919,
195,892060545,8.738591,-0.201127,-0.475932,-1.287381,-29.896374,-36.234425,-0.273639,-0.752047,-0.062938,-0.596310,
196,892077212,8.370337,0.383058,0.186057,23.354382,-26.533024,-30.627211,-0.274177,-0.754834,-0.067389,-0.592039,
197,892093879,8.085670,1.306732,0.425989,46.845001,-22.352707,-22.024759,-0.271338,-0.758240,-0.073081,-0.588307,
198,892110546,7.787476,2.498878,0.590381,64.162285,-20.296806,-10.617393,-0.265569,-0.762214,-0.079071,-0.585022,
199,892127213,7.872143,3.912020,0.465603,72.185066,-18.221550,1.640481,-0.257816,-0.766381,-0.084457,-0.582287,
200,892143880,7.595219,5.076426,0.026612,67.312370,-9.528451,6.483391,-0.250062,-0.769608,-0.089208,-0.580702,
201,892160547,7.125263,5.815099,-1.304622,66.446243,-5.157531,5.311997,-0.242424,-0.772346,-0.094167,-0.579520,
202,892177214,7.035232,5.961433,-2.776717,61.735111,-7.471699,7.911789,-0.235108,-0.775083,-0.098347,-0.578185,
203,892193881,7.376678,5.227322,-3.922051,52.342262,-18.736357,15.449538,-0.228361,-0.778496,-0.100495,-0.575930,
204,892210548,8.490114,4.654994,-4.798971,36.007202,-13.754120,24.310593,-0.222636,-0.781038,-0.100432,-0.574740,
205,892227215,8.382275,5.353752,-4.328687,29.634020,-15.673969,33.721737,-0.216866,-0.783638,-0.098701,-0.573705,
206,892243882,8.621525,7.426127,-3.349058,3.122074,-19.039183,38.536407,-0.213757,-0.785721,-0.094099,-0.572796,
207,892260549,8.570852,8.887492,-2.455668,-44.186180,-22.944838,40.150986,-0.215960,-0.786634,-0.085245,-0.572103,
208,892277216,8.427430,9.497508,-2.243661,-85.517395,-24.004969,39.480644,-0.222932,-0.786216,-0.072983,-0.571698,
209,892293883,8.606834,9.210486,-2.348620,-111.254234,-20.248629,38.958401,-0.232795,-0.784448,-0.058745,-0.571835,
210,892310550,13.497906,6.980160,-2.999521,-150.410172,-31.287525,65.343803,-0.244923,-0.782148,-0.037842,-0.571686,
211,892327217,13.472292,1.300946,-2.476120,-188.236755,-22.092035,77.142563,-0.260140,-0.777224,-0.012752,-0.572789,
212,892343884,9.758352,-0.433105,-0.098206,-135.586456,-40.929089,35.185837,-0.272762,-0.775263,0.003932,-0.569694,
213,892360551,12.522699,2.727267,2.833903,-91.120667,-23.421356,13.681401,-0.282074,-0.773378,0.013812,-0.567565,
214,892377218,10.821160,5.672095,2.599050,-15.244236,28.449585,-3.879723,-0.284374,-0.770274,0.013325,-0.570641,
215,892393885,6.370159,6.753220,-3.195479,127.574043,22.140894,-26.669851,-0.272499,-0.773493,-0.001310,-0.572233,
216,892410552,9.018351,1.333923,-5.069113,119.056923,-32.492264,-31.271263,-0.261880,-0.780647,-0.013588,-0.567295,
217,892427219,12.312187,-5.482606,-2.417808,89.679726,7.374897,-12.154717,-0.252871,-0.783231,-0.022788,-0.567525,
218,892443886,9.034773,-5.020374,-2.902520,213.551224,36.668919,11.532848,-0.227554,-0.787576,-0.040574,-0.571224,
219,892460553,8.836769,1.219847,-4.732185,294.732147,47.549519,26.676397,-0.191292,-0.792657,-0.063667,-0.575368,
220,892477220,8.525957,6.141992,-4.441165,248.756149,53.167366,35.621429,-0.159211,-0.794773,-0.081936,-0.579891,
221,892493887,8.355343,7.871662,-2.978998,119.309059,25.586081,37.937840,-0.142083,-0.795559,-0.088314,-0.582321,
222,892510554,8.675382,7.250133,-2.951728,4.310203,9.989147,29.450167,-0.139158,-0.795037,-0.085597,-0.584144,
223,892527221,8.054049,5.212993,-2.407592,-47.151146,3.852682,24.809855,-0.142648,-0.793905,-0.078917,-0.585779,
224,892543888,8.561275,3.055155,-1.842388,-73.674599,-5.728997,30.119738,-0.148845,-0.793023,-0.069157,-0.586666,
225,892560555,9.667483,1.234418,-2.273046,-59.719349,7.184983,43.843987,-0.152113,-0.791378,-0.059277,-0.589125,
226,892577222,9.840801,0.057793,-2.328228,-56.831131,7.869382,52.803745,-0.154256,-0.789719,-0.048620,-0.591763,
227,892593889,9.475680,-1.075853,-2.761855,-36.073067,3.757334,47.432781,-0.154490,-0.788762,-0.040269,-0.593603,
228,892610556,9.420307,-0.932241,-2.360260,0.122641,-2.363117,38.891499,-0.151335,-0.789056,-0.035883,-0.594306,
229,892627223,9.617431,-0.719324,-2.112216,30.811838,0.935863,35.094120,-0.144963,-0.789692,-0.034656,-0.595122,
230,892643890,9.844395,-0.106384,-2.348679,51.433773,6.526507,34.744816,-0.136214,-0.790229,-0.035370,-0.596434,
231,892660557,9.986412,1.138600,-2.510255,60.576771,8.120640,34.053928,-0.126453,-0.790734,-0.036985,-0.597814,
232,892677224,10.089840,2.324576,-2.741596,49.633408,7.024596,32.473297,-0.118083,-0.791056,-0.037807,-0.599047,
233,892693891,9.504926,3.059240,-2.703235,34.824898,8.902523,29.250303,-0.111681,-0.790897,-0.037739,-0.600487,
234,892710558,8.961834,2.898550,-2.753643,24.031590,10.675920,27.227428,-0.106683,-0.790368,-0.036989,-0.602136,
235,892727225,8.537857,2.703974,-2.550746,13.218946,3.692922,27.512815,-0.102937,-0.790266,-0.035151,-0.603031,
236,892743892,8.913337,2.205004,-2.922763,5.215638,-1.061713,28.107733,-0.100083,-0.790452,-0.032470,-0.603419,
237,892760559,9.134818,1.883834,-2.558872,1.882160,0.006371,28.277796,-0.097591,-0.790483,-0.029492,-0.603939,
238,892777226,9.315833,1.697896,-2.662000,-1.751964,0.189823,27.768229,-0.095559,-0.790433,-0.026256,-0.604479,
239,892793893,9.476803,1.730579,-2.842592,1.949868,3.647200,26.230703,-0.093222,-0.790113,-0.023569,-0.605372,
240,892810560,9.352214,1.690487,-2.837710,6.489499,5.918693,24.615381,-0.090497,-0.789639,-0.021499,-0.606480,
241,892827227,9.189229,1.601017,-2.821469,11.083889,4.559052,23.188070,-0.087373,-0.789330,-0.019980,-0.607391,
242,892843894,9.167650,1.886399,-3.101942,18.825077,3.264714,22.211586,-0.083449,-0.789220,-0.019239,-0.608110,
243,892860561,8.919407,2.299489,-3.032060,20.450054,4.885375,20.861868,-0.079452,-0.788969,-0.018817,-0.608983,
244,892877228,8.902575,2.827704,-2.538372,17.168306,-1.006645,19.454178,-0.075971,-0.789187,-0.018197,-0.609163,
245,892893895,9.107748,3.186033,-2.851003,7.619091,-0.143034,18.093611,-0.073705,-0.789212,-0.016897,-0.609447,
246,892910562,8.870839,3.303763,-2.723399,0.482794,1.613352,18.547594,-0.072213,-0.789000,-0.014931,-0.609951,
247,892927229,8.899992,2.796422,-2.642097,-18.117113,-3.099516,20.134151,-0.072725,-0.789006,-0.011084,-0.609964,
248,892943896,9.038033,2.136468,-2.911385,-29.452671,-5.694526,24.325024,-0.074169,-0.789112,-0.005722,-0.609728,
249,892960563,9.067216,1.880161,-2.809134,-34.684536,-8.137079,32.092747,-0.075524,-0.789353,0.001022,-0.609276,
250,892977230,9.237138,2.012423,-2.808886,-37.646656,-10.215745,37.965042,-0.076694,-0.789702,0.008725,-0.608615,
251,892993897,9.400664,2.160720,-2.634288,-36.458927,-8.299997,39.499504,-0.077590,-0.789844,0.016476,-0.608156,
252,893010564,9.352705,2.116823,-2.639962,-29.133400,-4.782583,38.268677,-0.077758,-0.789718,0.023398,-0.608072,
253,893027231,9.248652,2.021818,-2.538966,-14.970204,-0.464694,36.061180,-0.076507,-0.789347,0.028764,-0.608482,
254,893043898,9.155236,2.002819,-2.594300,-0.481085,4.692358,30.969540,-0.074062,-0.788682,0.032205,-0.609473,
255,893060565,9.206717,2.081712,-2.846328,12.372744,9.322866,24.230436,-0.070761,-0.787763,0.033683,-0.610972,
256,893077232,9.214416,2.111290,-3.073325,19.735346,13.116426,18.615631,-0.067134,-0.786597,0.033823,-0.612874,
257,893093899,9.348152,2.044382,-3.180959,22.076170,16.327034,15.571867,-0.063525,-0.785167,0.033375,-0.615112,
258,893110566,9.530135,2.529465,-3.356657,25.334896,17.077776,13.297327,-0.059750,-0.783695,0.032367,-0.617418,
259,893127233,10.302996,3.059114,-2.429345,20.733276,18.084148,8.531288,-0.056931,-0.782099,0.031220,-0.619762,
260,893143900,11.296011,3.732733,-2.422731,17.065327,17.947647,6.831160,-0.054682,-0.780480,0.030210,-0.622051,
261,893160567,10.793270,4.211550,-2.390416,3.405069,24.072607,9.213377,-0.053795,-0.778177,0.030658,-0.624985,
262,893177234,9.843391,4.390121,-2.221671,-15.198809,23.817909,5.074075,-0.055390,-0.775757,0.032329,-0.627764,
263,893193901,10.121486,3.935133,-1.806022,-28.647156,23.900003,-4.339621,-0.059362,-0.773246,0.034165,-0.630397,
264,893210568,10.585876,3.994243,-1.422011,-28.383373,29.806816,-12.456729,-0.064076,-0.770206,0.035010,-0.633601,
265,893227235,10.565153,4.314166,-0.669865,-25.167583,39.753765,-22.073746,-0.069364,-0.766289,0.034387,-0.637814,
266,893243902,10.199913,4.586808,0.488962,-8.207747,51.796604,-36.072212,-0.074116,-0.761437,0.030505,-0.643265,
267,893260569,9.321376,5.231700,-0.562199,12.383749,63.534031,-50.806427,-0.078011,-0.755682,0.022935,-0.649871,
268,893277236,7.237331,5.835195,-1.572225,-14.574705,46.768635,-64.558563,-0.086103,-0.751141,0.016588,-0.654292,
269,893293903,8.039021,4.463161,-2.183894,-31.289326,28.358576,-84.405647,-0.097851,-0.748062,0.009890,-0.656301,
270,893310570,10.366440,2.799029,-1.654067,-18.943144,25.852022,-102.737968,-0.109982,-0.745256,0.000052,-0.657646,
271,893327237,12.424089,2.762468,-1.742392,1.081955,19.636860,-103.873604,-0.120023,-0.743179,-0.011725,-0.658135,
272,893343904,13.862308,2.557486,-2.381944,5.083768,19.778616,-90.386261,-0.128314,-0.741021,-0.022428,-0.658726,
273,893360571,11.925341,1.332574,-2.738891,2.559749,26.913410,-85.837418,-0.136395,-0.738012,-0.032527,-0.660058,
274,893377238,9.732538,0.936874,-2.533730,7.394650,16.729549,-87.275581,-0.144118,-0.735940,-0.043037,-0.660128,
275,893393905,10.224811,1.684382,-2.177542,28.303623,-2.747835,-85.871658,-0.149565,-0.736056,-0.054988,-0.657896,
276,893410572,11.166502,2.504048,-2.313239,55.637859,-3.883804,-83.328453,-0.151820,-0.736751,-0.069247,-0.655250,
277,893427239,10.840992,3.152761,-2.503091,58.352985,-7.519114,-83.191223,-0.153776,-0.737693,-0.083654,-0.652045,
278,893443906,10.426867,3.285393,-2.250197,24.677565,-20.129025,-83.722847,-0.159517,-0.738926,-0.094627,-0.647757,
279,893460573,10.440870,2.666553,-1.711510,-14.605055,-33.211384,-78.651047,-0.169154,-0.740425,-0.101033,-0.642611,
280,893477240,10.737031,1.544125,-1.411732,-38.150433,-42.678516,-70.728996,-0.180698,-0.742221,-0.104136,-0.636877,
281,893493907,10.333931,1.125129,-1.443030,-49.854492,-44.422764,-66.834427,-0.193135,-0.743791,-0.105669,-0.631116,
282,893510574,9.296512,0.742142,-1.364605,-61.597515,-44.526062,-63.925449,-0.206538,-0.744934,-0.105784,-0.625479,
283,893527241,8.652957,0.252431,-0.936689,-62.354568,-37.436584,-58.096989,-0.219340,-0.745351,-0.105391,-0.620672,
284,893543908,8.064300,0.337905,-0.849398,-71.078857,-40.205563,-45.322514,-0.231936,-0.745796,-0.102717,-0.615989,
285,893560575,8.106888,0.117381,-1.204071,-82.201813,-42.487751,-28.487120,-0.244218,-0.746176,-0.097123,-0.611674,
286,893577242,8.210414,-0.006506,-1.276327,-80.779930,-46.016899,-14.000491,-0.255059,-0.746980,-0.089939,-0.607352,
287,893593909,8.324581,-0.541012,-1.691573,-65.907433,-45.296993,-5.756456,-0.263503,-0.748259,-0.083185,-0.603121,
288,893610576,8.637744,-1.128179,-1.157434,-29.449249,-39.467155,-2.569296,-0.267604,-0.750392,-0.079496,-0.599149,
289,893627243,8.014409,-1.475612,0.438217,-10.903441,-22.869453,-4.795157,-0.269673,-0.751751,-0.078310,-0.596669,
290,893643910,7.390463,-1.381674,2.296490,3.683130,-17.288811,-5.806137,-0.270167,-0.753178,-0.078718,-0.594588,
291,893660577,7.984252,-0.508647,3.557547,15.971039,-6.594854,2.126093,-0.268504,-0.754250,-0.079739,-0.593847,
292,893677244,7.964552,1.410619,1.590357,64.412506,16.058130,9.788784,-0.260589,-0.755306,-0.084983,-0.595301,
293,893693911,7.202727,4.587556,-2.345652,140.196228,18.088947,6.951169,-0.244503,-0.758830,-0.097155,-0.595782,
294,893710578,7.320932,7.555872,-5.374058,181.697952,16.134764,-0.693840,-0.224390,-0.763467,-0.113642,-0.594855,
295,893727245,6.899236,9.723511,-6.004380,161.656143,5.608068,-11.801941,-0.207498,-0.767699,-0.129215,-0.592356,
296,893743912,6.877547,9.642962,-5.431037,110.691963,-18.263823,-15.393367,-0.196969,-0.772069,-0.140026,-0.587797,
297,893760579,6.834393,9.029132,-5.279545,104.804955,-33.792606,-12.852099,-0.187150,-0.777448,-0.149568,-0.581532,
298,893777246,7.577130,9.455524,-3.747881,99.798279,-35.920723,4.395576,-0.176440,-0.783056,-0.156642,-0.575461,
299,893793913,8.313985,11.047094,-0.961032,29.129156,-32.088261,28.034637,-0.171688,-0.786956,-0.155186,-0.571961,
300,893810580,8.085956,10.742597,-0.237292,-71.780983,-24.093910,36.228374,-0.177609,-0.787778,-0.144581,-0.571801,
301,893827247,8.037823,8.808390,-2.359350,-126.673798,-10.900106,37.048553,-0.189429,-0.785896,-0.129622,-0.574180,
302,893843914,9.085053,6.844953,-4.547144,-137.126587,-8.723142,46.852009,-0.201508,-0.783406,-0.112677,-0.577039,
303,893860581,16.096277,4.005317,-5.400356,-193.559006,-27.149719,81.474396,-0.217271,-0.780829,-0.086434,-0.579334,
304,893877248,13.105426,-1.173549,-4.029300,-257.110138,-20.157417,89.222610,-0.239231,-0.774767,-0.054073,-0.582735,
305,893893915,9.081538,0.326892,0.642968,-188.404129,-62.071976,46.173595,-0.257135,-0.773357,-0.030856,-0.578661,
306,893910582,14.789535,5.252413,5.377490,-135.688492,3.714126,29.975603,-0.270013,-0.767809,-0.016335,-0.580771,
307,893927249,10.316659,6.275763,1.606454,81.137054,62.795216,5.509490,-0.260519,-0.765483,-0.025176,-0.587820,
308,893943916,8.526390,2.833897,-5.939261,153.460815,31.301708,-13.644485,-0.244630,-0.768233,-0.041128,-0.590154,
309,893960583,10.888459,-7.585327,-6.351592,67.752258,-6.684733,-25.995035,-0.239526,-0.770880,-0.049741,-0.588130,
310,893977250,9.178310,-14.588168,-0.959403,98.052963,3.977743,-6.623080,-0.229251,-0.773690,-0.059136,-0.587665,
311,893993917,9.928782,-9.601275,-1.544454,270.696869,23.408794,44.984982,-0.194767,-0.780343,-0.078069,-0.589097,
312,894010584,10.803306,6.104737,-2.387916,320.665924,53.027100,101.554283,-0.149042,-0.784942,-0.095541,-0.593737,
313,894027251,11.011981,16.327045,-0.837783,114.540802,-10.504342,104.594589,-0.127234,-0.789448,-0.093355,-0.593184,
314,894043918,9.319156,11.172694,-3.262502,-86.705841,69.935913,13.227054,-0.135277,-0.781744,-0.085752,-0.602679,
315,894060585,4.508824,1.660043,-5.920480,-84.029259,51.149544,6.531188,-0.143807,-0.775468,-0.078754,-0.609727,
316,894077252,7.378876,1.391713,-0.433034,-15.720589,-64.127678,26.875511,-0.144125,-0.780955,-0.073096,-0.603319,
317,894093919,11.429265,-0.928044,-3.692406,-77.679611,-12.955560,38.182709,-0.149926,-0.780669,-0.061780,-0.603540,
318,894110586,11.059648,-1.289035,-4.103302,4.673223,9.390813,46.663651,-0.145414,-0.780213,-0.057210,-0.605680,
319,894127253,8.814816,0.534114,-2.136369,-7.289692,14.961085,45.861519,-0.142275,-0.778970,-0.051793,-0.608506,
320,894143920,8.757101,0.860105,-3.191079,12.798068,-6.978760,44.629101,-0.137128,-0.780040,-0.047836,-0.608642,
321,894160587,9.836132,0.979878,-1.995431,24.788952,-10.574013,36.791424,-0.131332,-0.781580,-0.045756,-0.608104,
322,894177254,10.390895,0.837054,-2.135355,36.390430,2.243946,30.930386,-0.124645,-0.782135,-0.045611,-0.608809,
323,894193921,9.644068,2.242610,-1.921129,45.864017,19.932281,31.167686,-0.116734,-0.781251,-0.046596,-0.611431,
324,894210588,8.784397,3.547554,-1.474357,24.124233,17.881184,33.746674,-0.111071,-0.780154,-0.045317,-0.613978,
325,894227255,8.302452,3.981729,-1.873600,3.261404,10.172785,37.614700,-0.107478,-0.779406,-0.041610,-0.615827,
326,894243922,8.305710,3.841366,-1.988322,-10.215766,0.282094,40.786961,-0.105185,-0.779326,-0.036180,-0.616666,
327,894260589,8.726543,3.158080,-2.031659,-26.754789,-4.577322,40.653679,-0.104800,-0.779396,-0.029207,-0.617014,
328,894277256,9.143794,2.175210,-2.503650,-38.210625,-4.350878,41.017166,-0.105675,-0.779227,-0.021166,-0.617405,
329,894293923,9.271857,1.636935,-2.817089,-41.682178,-4.381172,43.025047,-0.106756,-0.778960,-0.012584,-0.617791,
330,894310590,9.285810,1.430398,-2.572137,-35.914604,-6.237276,43.464191,-0.107140,-0.778895,-0.004440,-0.617919,
331,894327257,9.056198,1.652483,-2.282938,-26.297365,-6.834108,43.466888,-0.106427,-0.778987,0.002849,-0.617936,
332,894343924,9.026823,1.778604,-2.115918,-22.785933,-8.228786,41.683872,-0.105472,-0.779220,0.009641,-0.617737,
333,894360591,9.705395,1.691277,-2.170550,-18.197023,-9.037643,39.074265,-0.104224,-0.779566,0.015738,-0.617386,
334,894377258,9.921556,1.342015,-2.582130,-4.737465,-2.278224,38.669079,-0.101500,-0.779483,0.020477,-0.617805,
335,894393925,9.366666,1.687221,-2.409055,12.352970,2.776644,39.480377,-0.096776,-0.779172,0.023698,-0.618841,
336,894410592,9.254195,2.284102,-2.298732,26.251007,5.137185,37.997185,-0.090616,-0.778818,0.025464,-0.620146,
337,894427259,9.176500,3.183378,-2.451660,26.065226,7.005830,34.394695,-0.084804,-0.778276,0.026814,-0.621591,
338,894443926,8.722933,3.595515,-2.745241,18.768463,9.688092,29.160133,-0.080301,-0.777397,0.028197,-0.623226,
339,894460593,8.187544,3.395962,-2.816695,3.763533,6.687678,24.497396,-0.077904,-0.776619,0.030447,-0.624393,
340,894477260,8.662822,2.962033,-2.927297,-8.204545,0.015246,22.327818,-0.077026,-0.776312,0.033613,-0.624721,
341,894493927,9.467789,2.037523,-2.642497,-6.636199,-0.461286,22.722279,-0.075933,-0.776055,0.036687,-0.625001,
342,894510594,10.021084,1.585771,-2.589852,4.314602,1.698337,23.994286,-0.073499,-0.775708,0.038885,-0.625589,
343,894527261,10.225632,1.438865,-2.701534,13.351284,6.376386,26.214703,-0.069869,-0.775008,0.040460,-0.626772,
344,894543928,10.169181,1.885997,-3.036356,21.393408,10.120221,27.702204,-0.065218,-0.774024,0.041430,-0.628424,
345,894560595,10.878882,2.915913,-2.406496,23.935812,11.729692,24.773687,-0.060557,-0.772913,0.041822,-0.630229,
346,894577262,11.708668,4.202917,-2.203451,20.986992,15.827332,19.134598,-0.056768,-0.771417,0.041813,-0.632411,
347,894593929,11.092512,4.958003,-2.605942,7.098993,21.579412,13.517155,-0.055089,-0.769297,0.042403,-0.635097,
348,894610596,9.942159,5.638447,-2.250849,-2.669783,22.420340,3.248446,-0.055457,-0.767075,0.042738,-0.637725,
349,894627263,9.808179,5.709201,-1.373219,-13.801579,23.828798,-15.122635,-0.058781,-0.764732,0.042043,-0.640282,
350,894643930,10.282892,5.019626,0.040893,-20.063007,29.975454,-33.497238,-0.064549,-0.761846,0.039834,-0.643302,
351,894660597,9.843753,4.581265,1.426129,-15.056888,41.776039,-46.267288,-0.071022,-0.757920,0.035626,-0.647490,
352,894677264,9.108231,4.778312,1.744442,-4.157891,51.933109,-59.600239,-0.077595,-0.753130,0.028813,-0.652643,
353,894693931,7.956853,4.157104,-1.140134,-3.521740,56.390953,-75.037903,-0.085570,-0.747864,0.020193,-0.658004,
354,894710598,6.272791,3.786619,-1.799787,-9.012331,35.560932,-91.894920,-0.095678,-0.744419,0.010519,-0.660738,
355,894727265,9.417422,3.223420,-0.017571,25.428087,29.921587,-116.059166,-0.104346,-0.741831,-0.005004,-0.662399,
356,894743932,13.496675,3.623205,0.124755,55.925205,24.598545,-134.735229,-0.111484,-0.739910,-0.025399,-0.662917,
357,894760599,15.966269,3.525902,-1.043865,56.548325,20.606955,-119.588783,-0.117063,-0.738123,-0.044147,-0.662964,
358,894777266,13.965137,1.378966,-1.649536,64.278862,35.368813,-95.274803,-0.119332,-0.734943,-0.061267,-0.664729,
359,894793933,9.945246,0.651985,-2.399877,57.539822,32.116962,-95.562050,-0.122342,-0.731737,-0.077692,-0.666001,
360,894810600,8.624352,2.232347,-3.168342,64.555748,3.585729,-98.381920,-0.125164,-0.731172,-0.094565,-0.663911,
361,894827267,10.182502,4.574065,-3.198590,73.730339,-16.675583,-98.685112,-0.127278,-0.732499,-0.111958,-0.659326,
362,894843934,11.657825,5.449629,-3.222612,45.186687,-26.110844,-99.069107,-0.132586,-0.733976,-0.126447,-0.653995,
363,894860601,11.418775,4.108567,-2.753228,7.576069,-29.264042,-99.158020,-0.141943,-0.734844,-0.137275,-0.648854,
364,894877268,10.563594,2.528536,-1.525752,-24.475565,-44.554008,-95.965828,-0.154694,-0.736378,-0.144389,-0.642626,
365,894893935,10.151669,1.044503,-1.262942,-59.317188,-57.339226,-86.295616,-0.170497,-0.738320,-0.146882,-0.635798,
366,894910602,9.747396,0.248778,-1.501169,-76.159325,-65.982170,-77.969185,-0.187467,-0.740580,-0.146661,-0.628401,
367,894927269,8.161064,0.086730,-1.408298,-79.048691,-49.427937,-71.089462,-0.203705,-0.741156,-0.145839,-0.622834,
368,894943936,7.247137,0.660730,-1.360346,-78.396278,-55.096493,-57.566193,-0.218709,-0.742344,-0.143408,-0.616868,
369,894960603,7.020736,0.669776,-1.487826,-86.547081,-59.731953,-41.198887,-0.233161,-0.743829,-0.138293,-0.610925,
370,894977270,7.145813,0.548923,-1.834558,-92.548782,-61.411476,-25.855513,-0.246869,-0.745363,-0.130889,-0.605274,
371,894993937,7.023008,-0.229565,-2.087306,-87.850464,-61.412186,-10.635593,-0.258661,-0.747162,-0.122215,-0.599922,
372,895010604,7.385188,-1.284673,-2.086502,-78.421532,-56.427189,2.704976,-0.268118,-0.748952,-0.113074,-0.595313,
373,895027271,7.581461,-2.741576,-1.308277,-64.994865,-44.457115,12.247456,-0.275044,-0.750262,-0.104503,-0.592061,
374,895043938,7.924933,-3.435295,0.017788,-37.028004,-43.148518,20.824745,-0.278129,-0.752631,-0.097445,-0.588808,
375,895060605,8.637912,-2.472293,1.468998,-9.193480,-28.979048,30.344307,-0.277134,-0.755005,-0.092297,-0.587065,
376,895077272,8.531168,0.132987,2.286028,24.612556,-2.584699,37.953194,-0.271411,-0.756561,-0.090258,-0.588052,
377,895093939,7.747085,4.368436,-0.169135,94.729332,14.813832,40.590679,-0.257481,-0.759330,-0.094601,-0.590061,
378,895110606,8.267527,9.776960,-3.886178,158.897568,11.616580,38.301968,-0.236605,-0.764446,-0.104546,-0.590516,
379,895127273,8.862473,13.971231,-4.609142,105.550476,3.698880,29.180864,-0.222469,-0.767959,-0.110610,-0.590349,
380,895143940,8.646054,14.009225,-6.038496,33.032475,-22.278006,11.231857,-0.218362,-0.770958,-0.111596,-0.587782,
381,895160607,8.106016,12.794799,-6.842427,60.766098,-50.657341,-5.451387,-0.213015,-0.776932,-0.115915,-0.581003,
382,895177274,8.209417,12.004059,-3.407097,85.070236,-55.235954,6.110931,-0.203989,-0.784108,-0.120820,-0.573555,
383,895193941,8.075750,11.110660,-0.183408,2.556891,-41.298775,20.891357,-0.202870,-0.787833,-0.117555,-0.569511,
384,895210608,9.263785,8.667915,-1.406685,-115.513596,-42.133514,27.660328,-0.214697,-0.788110,-0.103688,-0.567482,
385,895227275,19.424517,2.179057,-2.956207,-260.412781,-59.586639,55.404011,-0.240897,-0.784967,-0.074044,-0.565961,
386,895243942,10.715609,-3.982459,-2.803729,-275.735474,-2.646828,45.672588,-0.268641,-0.775226,-0.046125,-0.569849,
387,895260609,8.801595,0.897041,3.520917,-215.528320,-15.163461,16.063581,-0.291780,-0.767645,-0.025979,-0.570010,
388,895277276,11.745906,5.755478,7.127197,-37.067348,69.056511,-17.698330,-0.297310,-0.760087,-0.027953,-0.577142,
389,895293943,8.433612,4.727363,0.379528,113.456558,46.977512,-34.258316,-0.287609,-0.760637,-0.043431,-0.580367,
390,895310610,9.579078,-6.432852,-6.680393,4.600442,20.891644,-37.813507,-0.290359,-0.758665,-0.049015,-0.581133,
391,895327277,12.292034,-14.058836,-6.554470,147.174057,21.402554,10.045671,-0.273253,-0.762821,-0.061376,-0.582812,
392,895343944,8.369039,-8.738713,-5.827735,341.027740,45.786343,52.975536,-0.230381,-0.771843,-0.086272,-0.586293,
393,895360611,9.109668,2.650028,-4.822797,351.159088,36.722958,70.765854,-0.184359,-0.780163,-0.109502,-0.587679,
394,895377278,10.926041,15.247438,-1.903326,208.058060,-39.015869,88.076004,-0.153933,-0.789904,-0.116306,-0.582090,
395,895393945,10.896381,18.258120,1.103211,-4.433506,-48.181038,50.506893,-0.151161,-0.794556,-0.109163,-0.577853,
396,895410612,6.399500,6.813371,-4.969416,-181.721436,137.768768,0.315216,-0.170052,-0.778405,-0.096945,-0.596463,
397,895427279,3.942053,0.697549,-4.000092,-15.374378,-16.073389,12.440981,-0.171136,-0.779446,-0.093924,-0.595276,
398,895443946,11.722615,2.402477,1.010271,-94.582542,-53.111496,28.281202,-0.180310,-0.781830,-0.081315,-0.591284,
399,895460613,13.364678,-3.473689,-6.372639,-84.817177,9.355150,46.413288,-0.186032,-0.779131,-0.069103,-0.594619,
400,895477280,10.169279,-3.001575,-3.140100,-11.689724,18.972446,50.998516,-0.182948,-0.777522,-0.062945,-0.598353,
401,895493947,8.433001,-2.411031,-3.881357,33.395859,3.033223,43.896126,-0.175515,-0.778387,-0.061086,-0.599646,
402,895510614,10.051886,0.225377,-3.457366,69.006409,-5.011132,46.688236,-0.163859,-0.780809,-0.061805,-0.599723,
403,895527281,10.968043,1.877364,-3.211048,60.569782,-5.383883,50.722237,-0.152790,-0.782993,-0.061312,-0.599848,
404,895543948,10.067981,3.829076,-2.210591,40.612602,5.030047,51.942345,-0.143778,-0.783751,-0.059164,-0.601299,
405,895560615,8.283471,5.173883,-1.857315,16.206705,12.865644,53.008263,-0.137375,-0.783263,-0.054920,-0.603830,
406,895577282,7.319401,4.871718,-1.311320,0.514468,10.007803,51.089710,-0.132944,-0.782649,-0.049455,-0.606085,
407,895593949,8.370874,3.715258,-1.218888,-14.861520,-5.193983,48.088577,-0.130631,-0.783015,-0.042680,-0.606631,
408,895610616,9.783238,1.996316,-1.788064,-21.331686,-4.654095,50.260574,-0.128854,-0.783179,-0.035095,-0.607284,
409,895627283,10.103048,0.647549,-2.094841,-16.506401,2.847135,55.464909,-0.126019,-0.782748,-0.027482,-0.608826,
410,895643950,9.636091,0.354048,-2.296974,0.488805,9.621886,59.497513,-0.120857,-0.781988,-0.021037,-0.611102,
411,895660617,9.091832,1.103592,-2.472508,9.859508,10.728839,57.965595,-0.114752,-0.781232,-0.015616,-0.613403,
412,895677284,9.195263,1.976600,-2.338115,10.823741,7.091329,53.449738,-0.108940,-0.780755,-0.010733,-0.615173,
413,895693951,9.013967,2.507196,-2.134712,13.815998,8.575587,52.194881,-0.102893,-0.780143,-0.006283,-0.617049,
414,895710618,8.560672,3.041986,-2.070283,9.714067,6.926109,52.057728,-0.097319,-0.779572,-0.001455,-0.618703,
415,895727285,8.671313,3.515960,-2.299977,0.518541,1.406477,52.319462,-0.092760,-0.779324,0.004308,-0.619702,
416,895743952,8.917784,3.966156,-2.427470,-8.531141,-0.479756,53.444660,-0.089120,-0.779079,0.011039,-0.620461,
417,895760619,8.814929,4.124383,-2.431447,-11.903926,1.790482,53.905350,-0.085819,-0.778537,0.018096,-0.621440,
418,895777286,8.484321,4.279988,-2.262062,-13.174570,1.938189,50.909019,-0.082929,-0.777928,0.024926,-0.622358,
419,895793953,8.454256,4.058656,-1.947474,-15.567206,-0.514153,43.363525,-0.080981,-0.777501,0.031147,-0.622867,
420,895810620,8.543421,3.459613,-2.205922,-16.990622,-4.267227,35.278206,-0.079908,-0.777405,0.036625,-0.622827,
421,895827287,8.707317,2.903601,-2.774017,-16.543404,-8.161675,30.351671,-0.079208,-0.777672,0.041549,-0.622275,
422,895843954,9.118556,2.101811,-3.089514,-11.267604,-10.216377,28.030785,-0.078107,-0.778182,0.045757,-0.621480,
423,895860621,9.957103,1.603883,-3.183726,-1.640422,-8.864864,28.263180,-0.075904,-0.778664,0.049103,-0.620894,
424,895877288,10.666366,1.330817,-2.985244,7.274908,-2.508363,29.563753,-0.072618,-0.778648,0.051721,-0.621095,
425,895893955,10.715605,1.585739,-3.113523,16.607660,4.054617,30.840288,-0.068209,-0.778111,0.053570,-0.622109,
426,895910622,11.272996,2.583046,-2.993010,22.800402,3.384778,26.598345,-0.063475,-0.777712,0.054384,-0.623039,
427,895927289,11.975320,3.450756,-2.340919,31.981419,14.313756,19.182041,-0.058460,-0.776443,0.053424,-0.625191,
428,895943956,11.137093,5.260949,-2.507584,27.574192,21.758249,15.382973,-0.054345,-0.774465,0.052371,-0.628098,
429,895960623,9.825607,6.117830,-2.091634,8.914515,23.604496,7.378761,-0.053078,-0.772214,0.052104,-0.630993,
430,895977290,9.746495,5.850071,-1.507995,-11.693340,22.413992,-6.666080,-0.055406,-0.770008,0.052159,-0.633479,
431,895993957,10.336270,5.461075,-0.904444,-22.885019,26.737095,-20.832535,-0.060326,-0.767400,0.051622,-0.636234,
432,896010624,9.852497,4.927637,0.603633,-25.120848,40.094357,-33.380424,-0.066755,-0.763585,0.049771,-0.640315,
433,896027291,9.238898,4.778042,1.232988,-13.068657,52.589546,-47.346016,-0.073231,-0.758752,0.045119,-0.645675,
434,896043958,7.657677,4.806378,-1.163541,-11.659128,55.780331,-64.229828,-0.081149,-0.753639,0.038432,-0.651127,
435,896060625,6.533691,4.554773,-2.482295,-30.123354,35.338596,-85.132957,-0.092943,-0.750221,0.031435,-0.653867,
436,896077292,9.288241,2.833720,-0.927868,-9.694236,33.593601,-111.905029,-0.105023,-0.747177,0.019590,-0.655982,
437,896093959,12.229376,2.791723,-0.267836,34.913818,28.951479,-125.292038,-0.113484,-0.745041,0.002099,-0.657291,
438,896110626,14.793293,3.648664,-1.371920,39.689602,22.667065,-112.999229,-0.120210,-0.743317,-0.014416,-0.657891,
439,896127293,13.456847,2.006736,-1.514313,44.582794,39.444527,-95.736977,-0.124685,-0.739889,-0.029820,-0.660400,
440,896143960,10.444679,0.400965,-1.240046,46.941650,35.576115,-93.640305,-0.128687,-0.736684,-0.045148,-0.662342,
441,896160627,9.906931,0.590383,-1.869601,68.821075,12.398038,-92.521271,-0.130354,-0.735925,-0.062017,-0.661495,
442,896177294,10.963573,2.720484,-2.844092,99.519081,0.653045,-92.317307,-0.128776,-0.736630,-0.081573,-0.658892,
443,896193961,10.911707,4.922830,-3.120710,86.939285,-2.081804,-93.385071,-0.128633,-0.737077,-0.099956,-0.655881,
444,896210628,10.604547,4.849640,-2.792358,33.944668,-16.221252,-92.970627,-0.134301,-0.737679,-0.112947,-0.651947,
445,896227295,10.536468,3.408426,-2.385268,-3.339345,-31.612236,-87.616783,-0.143687,-0.738952,-0.121506,-0.646946,
446,896243962,10.751743,1.848098,-2.102808,-30.402313,-45.751801,-81.655212,-0.155641,-0.740949,-0.126558,-0.640900,
447,896260629,10.433637,0.668071,-1.907627,-49.806187,-55.139938,-76.987274,-0.169389,-0.743299,-0.129056,-0.634159,
448,896277296,10.092961,0.360425,-1.609805,-60.827492,-58.089802,-77.617065,-0.184395,-0.745442,-0.130499,-0.627124,
449,896293963,9.157476,0.798193,-1.076678,-71.428711,-54.067959,-72.136627,-0.199921,-0.746827,-0.130451,-0.620696,
450,896310630,8.603506,1.381054,-0.560787,-84.474548,-54.550732,-62.328911,-0.215929,-0.747844,-0.128108,-0.614567,
451,896327297,7.808260,1.123922,-0.828578,-104.100601,-48.865379,-51.699631,-0.232945,-0.747694,-0.122992,-0.609559,
452,896343964,7.297782,0.268535,-1.445867,-113.751717,-49.246258,-38.213230,-0.249739,-0.747231,-0.115498,-0.604927,
453,896360631,7.513759,-1.445545,-2.321443,-106.395164,-50.401787,-20.298828,-0.264094,-0.747189,-0.106623,-0.600495,
454,896377298,8.365391,-2.777751,-2.833435,-79.419678,-47.556591,1.075926,-0.273540,-0.748085,-0.097864,-0.596629,
455,896393965,8.214270,-3.961928,-2.137997,-43.981052,-39.220398,14.817492,-0.277783,-0.749767,-0.091003,-0.593636,
456,896410632,7.707185,-3.910271,-0.228311,-14.717421,-38.828568,17.738924,-0.278558,-0.752593,-0.086360,-0.590382,
457,896427299,8.139925,-2.297161,2.118666,0.329342,-26.439558,21.031542,-0.277238,-0.754982,-0.083147,-0.588411,
458,896443966,8.537888,0.499870,3.142968,22.454340,14.408790,24.081713,-0.272725,-0.754786,-0.083138,-0.590768,
459,896460633,7.715858,5.279523,-1.705804,159.299469,22.602558,21.154947,-0.253263,-0.759059,-0.095507,-0.592085,
460,896477300,8.304073,12.297221,-4.400434,230.306610,0.802258,23.878437,-0.225822,-0.767225,-0.112806,-0.589613,
461,896493967,7.990736,14.920592,-4.994937,138.382401,-6.045279,12.580722,-0.209544,-0.772189,-0.123175,-0.587063,
462,896510634,7.480172,12.891335,-7.128932,50.973541,-33.075352,-15.474267,-0.205915,-0.776107,-0.128379,-0.582044,
463,896527301,7.224881,10.395148,-7.270824,74.395256,-47.106419,-22.123983,-0.200442,-0.781694,-0.135881,-0.574729,
464,896543968,7.291929,10.140250,-2.805364,72.185692,-50.493835,3.798461,-0.193089,-0.787883,-0.140130,-0.567733,
465,896560635,7.131149,9.287712,-0.776263,12.792766,-42.642048,27.900997,-0.190372,-0.792162,-0.136919,-0.563462,
466,896577302,6.414732,6.558987,-1.373221,-85.644371,-35.644089,31.643156,-0.198528,-0.793115,-0.125386,-0.561990,
467,896593969,7.596813,2.556779,-4.460550,-167.093002,-63.253624,45.151611,-0.215387,-0.793854,-0.104785,-0.558950,
468,896610636,20.311382,-2.143915,-3.337776,-253.163589,-79.649857,114.673676,-0.236509,-0.793302,-0.068523,-0.556811,
469,896627303,15.349686,-5.470442,4.049103,-156.097900,67.491295,98.137947,-0.246001,-0.782985,-0.046994,-0.569394,
470,896643970,11.400620,4.547139,8.170876,3.288282,110.109192,49.001732,-0.240979,-0.774061,-0.045756,-0.583665,
471,896660637,10.614458,12.473712,-8.773553,137.775223,77.911255,11.476310,-0.224117,-0.772006,-0.059010,-0.591858,
472,896677304,7.271408,8.139616,-8.893170,13.236858,3.485429,-21.627205,-0.224666,-0.771804,-0.062819,-0.591520,
473,896693971,10.394987,-5.776789,1.560139,-110.621758,-49.555367,-46.216293,-0.241677,-0.771750,-0.056989,-0.585444,
474,896710638,12.592724,-18.202602,-2.371619,78.574234,12.983694,3.035960,-0.232678,-0.773239,-0.063924,-0.586409,
475,896727305,8.720919,-11.164642,-5.168451,279.512787,35.455532,79.498863,-0.194129,-0.779574,-0.080090,-0.590054,
476,896743972,9.498872,4.824898,-4.232029,264.169373,18.386055,119.051186,-0.153775,-0.786009,-0.089829,-0.592008,
477,896760639,13.321629,15.560319,0.692587,137.833160,-52.820324,123.019165,-0.128248,-0.794806,-0.086535,-0.586811,
478,896777306,11.560340,12.057687,-0.750567,-108.338623,71.260223,25.798849,-0.137842,-0.786744,-0.075735,-0.596906,
479,896793973,3.378451,0.502573,-7.352127,-124.940689,106.944176,13.230633,-0.149969,-0.774735,-0.065612,-0.610729,
480,896810640,6.635024,-0.272751,-0.645811,27.157629,-86.667770,37.931782,-0.144553,-0.783174,-0.061966,-0.601583,
481,896827307,12.261530,-0.732444,-2.671986,-62.666569,-7.532794,46.816544,-0.147854,-0.782753,-0.051102,-0.602349,
482,896843974,10.617458,-1.876377,-5.818483,26.955456,17.844051,60.409828,-0.139554,-0.782049,-0.047081,-0.605563,
483,896860641,7.984477,1.638391,-1.692728,22.958626,19.119217,61.906273,-0.131553,-0.781087,-0.042560,-0.608921,
484,896877308,7.930367,1.827445,-2.965935,11.435670,-13.227895,54.335342,-0.125722,-0.782659,-0.037255,-0.608482,
485,896893975,10.351584,2.438275,-1.749506,20.635172,-14.666302,44.864151,-0.119681,-0.784430,-0.033815,-0.607620,
486,896910642,10.206490,2.277463,-1.405455,14.421576,19.993101,41.986340,-0.114427,-0.782976,-0.030755,-0.610663,
487,896927309,8.787848,2.952614,-1.014653,17.699482,25.572189,43.740612,-0.108613,-0.781047,-0.027878,-0.614322,
488,896943976,8.309493,2.898420,-1.645955,3.794251,16.818285,44.925556,-0.104303,-0.779643,-0.023484,-0.617030,
489,896960643,8.345590,2.511907,-2.273844,-3.384528,4.236522,47.938126,-0.100575,-0.779233,-0.017913,-0.618352,
490,896977310,8.804394,1.970231,-2.887949,-14.378440,-1.596122,49.728470,-0.097942,-0.779152,-0.011063,-0.619036,
491,896993977,9.123966,1.557828,-2.951399,-22.053711,-3.368992,52.946072,-0.095887,-0.779080,-0.003132,-0.619540,
492,897010644,9.426804,1.840463,-2.354349,-27.763893,-3.957695,59.048092,-0.093921,-0.778923,0.006014,-0.620017,
493,897027311,9.698117,2.348084,-1.978682,-25.070799,0.412839,63.243114,-0.091268,-0.778335,0.015331,-0.620991,
494,897043978,9.266286,2.781051,-2.045647,-19.499165,3.209825,62.136936,-0.088081,-0.777499,0.023982,-0.622223,
495,897060645,9.150630,2.363332,-2.224030,-17.223816,-1.308774,56.639038,-0.085113,-0.777059,0.031861,-0.622831,
496,897077312,9.436184,2.270399,-1.943198,-8.243587,-3.713825,50.221771,-0.081696,-0.776930,0.038229,-0.623092,
497,897093979,9.848825,2.784108,-1.954564,2.741048,-4.098512,46.910110,-0.077331,-0.776948,0.043228,-0.623300,
498,897110646,9.872787,3.424778,-2.514394,12.046481,0.509857,47.918362,-0.071849,-0.776609,0.047445,-0.624071,
499,897127313,9.871214,3.186816,-2.642487,18.745296,0.742846,48.008793,-0.065602,-0.776280,0.051059,-0.624882,
500,897143980,10.410286,3.076984,-2.727643,20.907909,2.813549,46.797211,-0.059233,-0.775752,0.054317,-0.625899,
501,897160647,10.115221,3.087627,-3.502949,30.766930,7.377338,39.886963,-0.052414,-0.774907,0.055855,-0.627417,
502,897177314,10.079604,3.592126,-2.797911,43.559547,14.487761,28.616920,-0.045238,-0.773559,0.054898,-0.629718,
503,897193981,10.287460,4.982545,-2.244811,54.852634,23.578093,19.743383,-0.037675,-0.771470,0.051845,-0.633030,
504,897210648,9.870112,5.372984,-2.506553,36.456215,26.527002,11.721531,-0.032936,-0.769019,0.049565,-0.636449,
505,897227315,9.593268,5.922680,-2.059896,15.981523,24.994864,1.902575,-0.031385,-0.766659,0.048087,-0.639481,
506,897243982,10.471156,5.998793,-2.277443,-5.112793,21.095737,-13.978215,-0.033637,-0.764662,0.046817,-0.641847,
507,897260649,9.893280,5.743144,-1.911464,-9.819489,28.520290,-26.014851,-0.037588,-0.762011,0.044609,-0.644931,
508,897277316,8.355683,6.204700,-0.533926,-6.499971,40.572292,-37.231575,-0.042302,-0.758280,0.040778,-0.649276,
509,897293983,7.612833,6.146906,1.022590,-6.073423,52.868378,-55.774448,-0.048789,-0.753423,0.034781,-0.654800,
510,897310650,8.083583,5.624609,1.886716,-12.762774,55.496574,-79.058945,-0.058234,-0.748258,0.026845,-0.660301,
511,897327317,8.439187,4.986649,-1.990810,-37.128410,42.714146,-104.093254,-0.072671,-0.744018,0.018625,-0.663934,
512,897343984,7.729442,4.112696,-3.113869,-57.002666,21.242178,-124.223961,-0.091119,-0.741428,0.010365,-0.664736,
513,897360651,11.861301,3.627144,0.071147,0.869878,21.827976,-143.533432,-0.105156,-0.739254,-0.005584,-0.665143,
514,897377318,16.576996,3.978628,0.207601,29.761173,13.727101,-140.465836,-0.115747,-0.737973,-0.023873,-0.664401,
515,897393985,16.197592,1.965771,-1.883144,33.310505,27.216749,-113.617775,-0.123274,-0.735258,-0.039841,-0.665291,
516,897410652,12.493466,-0.627855,-2.025162,37.585869,46.438744,-107.005669,-0.129552,-0.730561,-0.055847,-0.668115,
517,897427319,10.275768,-0.682958,-2.794118,66.448181,23.165129,-110.961121,-0.133290,-0.728383,-0.074620,-0.667924,
518,897443986,10.546159,2.460869,-3.402944,116.323120,0.089223,-109.641815,-0.131805,-0.729096,-0.097615,-0.664468,
519,897460653,10.197794,5.419297,-3.221478,99.909897,-11.261053,-108.111893,-0.132007,-0.730246,-0.118595,-0.659734,
520,897477320,10.200147,6.352918,-2.659626,43.017353,-32.486362,-104.481247,-0.138218,-0.732127,-0.133279,-0.653546,
521,897493987,10.612722,4.790610,-2.142312,-8.159099,-47.817600,-97.131882,-0.149441,-0.734377,-0.141971,-0.646685,
522,897510654,10.810345,2.424764,-1.874351,-42.891132,-58.871212,-88.327103,-0.163733,-0.736898,-0.146178,-0.639378,
523,897527321,10.579641,0.528770,-1.767944,-70.435051,-68.747025,-81.187012,-0.180470,-0.739600,-0.146777,-0.631568,
524,897543988,9.904577,-0.065286,-1.584806,-87.835258,-74.939148,-77.525063,-0.198806,-0.742211,-0.145165,-0.623318,
525,897560655,9.197545,0.123329,-1.192057,-105.190765,-68.133987,-72.724274,-0.218348,-0.743485,-0.141595,-0.616040,
526,897577322,8.119265,0.121778,-0.821828,-123.235168,-67.406471,-63.149681,-0.238863,-0.743961,-0.135329,-0.609222,
527,897593989,7.300564,-0.880967,-1.095985,-126.411446,-67.331421,-51.363041,-0.258555,-0.744181,-0.127439,-0.602580,
528,897610656,7.309981,-1.623394,-1.638363,-125.901619,-67.395569,-30.959707,-0.276281,-0.744450,-0.117324,-0.596404,
529,897627323,7.164478,-1.833316,-1.180015,-133.322037,-64.262558,-4.121376,-0.292301,-0.744265,-0.103730,-0.591498,
530,897643990,7.304123,-3.003974,-0.802369,-146.718353,-54.332607,15.052555,-0.307825,-0.742577,-0.087279,-0.588391,
531,897660657,7.457070,-5.341905,-0.824792,-106.232780,-56.524734,29.719379,-0.317617,-0.742761,-0.072572,-0.584943,
532,897677324,7.930562,-6.705157,-0.020946,-33.428574,-57.923988,42.160503,-0.318428,-0.746391,-0.062632,-0.581017,
533,897693991,8.592498,-4.778750,2.063127,8.361314,-18.015825,48.374126,-0.313781,-0.748572,-0.057390,-0.581280,
534,897710658,8.630083,-0.021065,1.683777,73.545174,21.723274,52.912189,-0.301284,-0.750319,-0.058972,-0.585467,
535,897727325,9.449963,7.794166,0.166624,165.351089,17.352554,51.143677,-0.278834,-0.756140,-0.068347,-0.588074,
536,897743992,10.627020,13.661351,-1.719400,183.695312,12.428180,47.199711,-0.254562,-0.762561,-0.079478,-0.589391,
537,897760659,9.922303,16.337597,-5.093580,174.839264,-3.442365,21.367434,-0.233492,-0.769180,-0.092072,-0.587678,
538,897777326,7.865971,14.532009,-8.832808,189.929825,-14.624383,-9.909287,-0.213394,-0.776305,-0.109011,-0.583035,
539,897793993,6.912527,11.441731,-7.049052,192.854324,-41.490284,-0.134088,-0.192398,-0.785342,-0.124175,-0.575153,
540,897810660,12.171063,10.295810,-2.568309,102.786087,-59.117458,50.640736,-0.177649,-0.793797,-0.125442,-0.567971,
541,897827327,20.455542,8.236461,0.447327,-90.346336,-38.666332,99.677734,-0.180707,-0.796169,-0.105577,-0.567726,
542,897843994,13.068650,4.191941,1.210092,-226.315979,18.008793,62.511402,-0.201562,-0.789084,-0.080196,-0.574706,
543,897860661,10.101846,4.330810,1.442973,-214.633087,-6.543023,34.452209,-0.223488,-0.783204,-0.058204,-0.577283,
544,897877328,9.632081,5.558685,-1.087594,-127.740356,51.461304,7.180624,-0.237159,-0.774493,-0.048456,-0.584438,
545,897893995,5.555337,6.634188,-1.459189,86.642952,20.043459,-37.687366,-0.230646,-0.775294,-0.060885,-0.584819,
546,897910662,8.139469,-0.674766,-2.098584,3.092568,16.573368,-52.706928,-0.234832,-0.773352,-0.067778,-0.584966,
547,897927329,9.759255,-13.767776,-7.736637,-118.029358,10.554679,-37.886707,-0.251392,-0.767776,-0.062478,-0.586019,
548,897943996,7.581161,-18.637247,-4.721511,192.258865,11.425020,25.760498,-0.227726,-0.773617,-0.076512,-0.586347,
549,897960663,7.497465,-4.150722,-4.229418,387.822449,46.246590,88.667435,-0.175847,-0.782050,-0.101126,-0.589278,
550,897977330,11.310975,9.932622,-4.192800,282.179810,7.738717,130.447723,-0.132479,-0.789583,-0.110685,-0.588860,
551,897993997,16.470995,18.812622,0.298033,118.398979,-90.057289,73.011650,-0.114230,-0.800387,-0.110788,-0.577977,
552,898010664,9.185309,10.156285,-3.082385,-175.302963,176.846283,-25.709816,-0.134058,-0.781523,-0.102027,-0.600699,
553,898027331,0.626243,-0.344405,-3.825810,-42.183445,22.499624,-0.398716,-0.138746,-0.778567,-0.098935,-0.603982,
554,898043998,9.206285,1.909998,-0.519902,-20.166958,-54.612671,28.561537,-0.139497,-0.783193,-0.092936,-0.598758,
555,898060665,11.620579,-1.347885,-5.520465,-57.510323,5.815748,44.647427,-0.142270,-0.781939,-0.083069,-0.601190,
556,898077332,12.182312,-0.985385,-4.568306,-9.873364,8.740262,59.530987,-0.138274,-0.781522,-0.075727,-0.603630,
557,898093999,8.300629,-0.787488,-3.745414,-26.304020,20.708252,59.359680,-0.136015,-0.779654,-0.067196,-0.607555,
558,898110666,8.503613,0.427937,-3.182029,2.131436,-16.504152,61.768188,-0.130669,-0.781592,-0.060162,-0.606976,
559,898127333,10.204471,0.363985,-2.352385,-13.036346,-17.524609,57.661201,-0.127407,-0.783234,-0.052231,-0.606287,
560,898144000,10.665174,0.561775,-2.377249,-6.338733,-9.280689,52.373974,-0.123777,-0.784180,-0.045642,-0.606347,
561,898160667,9.852770,1.901980,-1.705904,-0.916612,13.997508,55.297688,-0.119108,-0.783142,-0.039615,-0.609042,
562,898177334,8.541981,2.796468,-0.810880,-9.089790,16.359270,56.172749,-0.115270,-0.781704,-0.032801,-0.612026,
563,898194001,8.232435,2.253515,-1.197350,-20.464016,5.418879,56.857719,-0.112709,-0.780994,-0.024711,-0.613786,
564,898210668,8.841957,1.197264,-1.712859,-23.839912,-3.049788,60.441559,-0.110232,-0.780935,-0.015772,-0.614606,
565,898227335,9.794944,0.639604,-2.476340,-16.847755,-3.860431,63.626278,-0.106669,-0.780999,-0.007082,-0.615315,
566,898244002,9.838821,1.171671,-2.266141,-11.800035,1.214079,63.502815,-0.102528,-0.780619,0.001064,-0.616539,
567,898260669,9.248975,1.960155,-2.327818,-15.081572,4.207530,62.945858,-0.098801,-0.779855,0.009396,-0.618041,
568,898277336,9.068775,2.915874,-2.239803,-27.382517,-0.237062,62.877548,-0.096462,-0.779243,0.018891,-0.618965,
569,898294003,8.834601,3.004198,-2.245192,-41.199245,-6.495595,60.818047,-0.095846,-0.778925,0.029480,-0.619047,
570,898310670,9.189208,2.546215,-2.195385,-49.730145,-16.056540,60.742764,-0.096151,-0.779254,0.040959,-0.617932,
571,898327337,9.894199,2.029757,-2.137625,-42.520279,-20.257820,63.389519,-0.095365,-0.779943,0.052143,-0.616340,
572,898344004,9.859818,2.560560,-1.931407,-17.769156,-15.472453,64.403053,-0.091705,-0.780452,0.061151,-0.615423,
573,898360671,9.333385,3.333924,-1.914324,13.817132,-7.607716,60.241756,-0.084896,-0.780647,0.066748,-0.615571,
574,898377338,8.975397,3.627701,-2.278726,32.898026,-5.052542,50.777447,-0.076786,-0.780882,0.069526,-0.616030,
575,898394005,8.888614,3.534009,-3.694310,24.828255,-11.019342,36.939335,-0.070769,-0.781656,0.071518,-0.615540,
576,898410672,10.058231,3.979194,-3.610325,25.948807,-4.313185,23.607592,-0.065886,-0.781956,0.071822,-0.615667,
577,898427339,10.759433,4.690492,-2.820881,37.648396,12.672173,13.961178,-0.060714,-0.780924,0.069816,-0.617736,
578,898444006,10.585183,4.296382,-2.293777,33.421478,21.639555,7.740157,-0.056670,-0.779084,0.067401,-0.620704,
579,898460673,10.605080,4.784457,-2.064505,19.226675,22.722115,5.853051,-0.054416,-0.777027,0.066042,-0.623622,
580,898477340,10.757639,5.173411,-2.007712,1.727932,21.994745,1.517113,-0.054527,-0.774928,0.065785,-0.626247,
581,898494007,10.740918,5.077235,-1.601958,-9.225196,27.692602,-4.954932,-0.056517,-0.772272,0.065749,-0.629348,
582,898510674,9.976268,5.701728,-0.508491,-7.001370,42.597183,-11.878510,-0.059033,-0.768310,0.064607,-0.634066,
583,898527341,9.146069,5.846968,0.963205,-10.379997,56.402458,-25.161983,-0.063279,-0.763120,0.062169,-0.640139,
584,898544008,8.831749,5.066584,0.723077,-15.190572,66.423355,-42.603573,-0.069768,-0.757022,0.058143,-0.647047,
585,898560675,8.004027,4.930625,-2.685523,-24.749146,54.595181,-66.034767,-0.079405,-0.752016,0.052547,-0.652230,
586,898577342,7.778912,4.234902,-3.078611,-13.394095,44.837944,-95.804573,-0.090535,-0.748136,0.042719,-0.655950,
587,898594009,10.456458,4.191150,-0.454494,41.129974,40.550537,-127.267120,-0.098676,-0.745327,0.024307,-0.658908,
588,898610676,14.250432,5.402787,0.046000,49.757721,27.720623,-136.272751,-0.106656,-0.743571,0.004266,-0.660081,
589,898627343,15.134653,3.396815,-0.719878,27.226097,29.627419,-117.006561,-0.115184,-0.740973,-0.011561,-0.661481,
590,898644010,13.468573,1.052921,-2.158591,14.733812,34.444775,-109.084892,-0.124253,-0.737485,-0.025409,-0.663348,
591,898660677,11.214656,1.135223,-3.061813,32.823338,29.948553,-107.948822,-0.131250,-0.734546,-0.040794,-0.664493,
592,898677344,10.472143,2.866919,-2.682281,80.256950,19.093781,-109.184410,-0.133318,-0.733299,-0.060671,-0.663941,
593,898694011,10.386214,4.651488,-3.083007,80.756363,-1.859579,-110.754044,-0.135615,-0.733778,-0.080334,-0.660851,
594,898710678,10.629060,4.352231,-3.257108,46.508167,-23.118572,-108.328293,-0.141535,-0.735392,-0.095999,-0.655706,
595,898727345,10.664843,3.618725,-2.292539,18.130184,-35.129467,-101.053200,-0.149924,-0.737463,-0.107905,-0.649636,
596,898744012,10.488786,2.115318,-1.852446,-15.431035,-47.305828,-91.201927,-0.161136,-0.739928,-0.115292,-0.642844,
597,898760679,10.166837,0.885914,-1.855382,-45.523926,-58.552486,-85.106590,-0.175164,-0.742655,-0.118916,-0.635326,
598,898777346,9.149781,0.255758,-2.201576,-69.591370,-66.799339,-81.949669,-0.191587,-0.745356,-0.119728,-0.627219,
599,898794013,8.542166,-0.239175,-2.309266,-81.654541,-73.630592,-82.838844,-0.209445,-0.748050,-0.119300,-0.618321,
600,898810680,7.492898,0.053597,-1.495876,-100.585114,-57.010509,-82.152771,-0.228923,-0.748371,-0.117552,-0.611323,
601,898827347,7.153334,-0.333809,-1.261866,-115.863724,-66.734406,-71.715942,-0.249196,-0.748881,-0.112931,-0.603593,
602,898844014,7.265606,-1.396514,-1.310870,-123.486542,-65.650566,-52.764893,-0.268495,-0.748968,-0.105561,-0.596501,
603,898860681,7.383855,-2.268272,-1.436425,-110.167938,-64.593414,-27.635921,-0.284034,-0.749555,-0.096605,-0.590050,
604,898877348,7.527277,-2.973500,-1.634134,-82.863564,-61.165726,-1.805110,-0.294246,-0.751118,-0.087289,-0.584484,
605,898894015,7.156068,-3.632421,-0.901875,-59.172462,-50.648979,16.843283,-0.300097,-0.752903,-0.078384,-0.580460,
606,898910682,7.283040,-4.382880,0.015581,-48.979389,-45.599712,31.416374,-0.303505,-0.754781,-0.068953,-0.577438,
607,898927349,8.362588,-3.421666,0.956641,-28.783001,-30.450014,51.733315,-0.302805,-0.756405,-0.059649,-0.576716,
608,898944016,8.848974,-1.178732,1.841055,-3.570504,1.225593,66.060837,-0.297825,-0.756539,-0.052272,-0.579841,
609,898960683,8.924456,2.409713,0.277929,73.184944,31.367464,66.113312,-0.284119,-0.757338,-0.052660,-0.585612,
610,898977350,9.752144,9.410560,-1.151198,190.854416,30.618286,62.438755,-0.257619,-0.762622,-0.063414,-0.589930,
611,898994017,10.747878,15.209740,-1.481694,175.398514,18.867487,47.015312,-0.234064,-0.767598,-0.074062,-0.592049,
612,899010684,9.783341,18.002369,-6.563125,154.125381,-14.329978,4.703164,-0.216746,-0.773791,-0.086430,-0.588895,
613,899027351,8.931556,17.386553,-8.539486,135.583481,-48.907970,-34.457443,-0.205202,-0.781498,-0.100487,-0.580564,
614,899044018,8.076354,14.621736,-6.211923,105.753487,-60.086452,-28.438860,-0.196626,-0.789041,-0.110969,-0.571347,
615,899060685,8.701421,11.339215,-3.862318,22.178913,-59.420715,9.342066,-0.194453,-0.794588,-0.110168,-0.564518,
616,899077352,16.844044,5.618438,-1.364987,-139.826309,-62.906712,64.542702,-0.206462,-0.796459,-0.089553,-0.561254,
617,899094019,17.111956,-4.500004,-0.646282,-269.799713,-22.125721,82.585640,-0.231282,-0.790425,-0.057368,-0.564310,
618,899110686,10.472361,-5.899079,3.413815,-193.282120,-13.516653,53.023487,-0.249366,-0.785000,-0.035070,-0.566003,
619,899127353,12.303179,2.246278,4.837622,-146.223007,84.050514,32.526775,-0.263080,-0.772562,-0.022496,-0.577434,
620,899144020,4.771573,6.369653,0.286173,38.374928,87.506821,-20.851501,-0.260414,-0.766396,-0.031545,-0.586367,
621,899160687,6.301040,1.053040,-4.549451,18.924078,13.488381,-39.525181,-0.261816,-0.765622,-0.038209,-0.586358,
622,899177354,13.844920,-14.180482,-6.503312,11.850514,-9.413198,-18.038572,-0.262292,-0.766629,-0.041004,-0.584637,
623,899194021,11.125482,-14.730487,-4.431852,257.416321,38.985554,41.226479,-0.229867,-0.772677,-0.059882,-0.588680,
624,899210688,7.819155,-5.366575,-6.252707,372.877289,70.226799,92.351418,-0.179293,-0.778549,-0.083795,-0.595561,
625,899227355,9.327067,9.389300,-3.822981,276.559784,29.195951,116.856232,-0.137528,-0.783769,-0.095315,-0.598086,
626,899244022,12.386806,16.662455,-1.470016,111.109550,-153.812943,93.852188,-0.118957,-0.800165,-0.091274,-0.580735,
627,899260689,13.407600,11.600333,-3.416975,-136.205154,122.366791,6.224257,-0.132806,-0.787134,-0.081246,-0.596809,
628,899277356,1.044643,1.108412,-3.417636,-60.238068,116.190178,14.470378,-0.137245,-0.775772,-0.076703,-0.611112,
629,899294023,6.892373,0.824709,-1.756212,-20.804457,-73.396126,35.372559,-0.137457,-0.782080,-0.069503,-0.603842,
630,899310690,11.048273,-1.029513,-3.565412,-46.971130,3.214673,51.989277,-0.138394,-0.781209,-0.059637,-0.605808,
631,899327357,10.921553,-1.512109,-4.494242,-9.541872,-1.797091,64.256477,-0.134026,-0.781565,-0.051569,-0.607070,
632,899344024,8.943265,-0.556976,-3.390858,4.725489,15.369906,61.817562,-0.128111,-0.780599,-0.045367,-0.610077,
633,899360691,8.188208,0.592515,-2.012769,22.246338,-5.995448,56.973534,-0.120765,-0.781762,-0.040868,-0.610404,
634,899377358,10.220653,0.936291,-1.858018,22.505922,-9.718616,53.984299,-0.113669,-0.783186,-0.036664,-0.610208,
635,899394025,10.509806,1.788543,-2.045158,24.113960,12.611999,55.440556,-0.106132,-0.782604,-0.032802,-0.612528,
636,899410692,9.172932,3.245846,-1.497655,11.465650,25.109751,61.138847,-0.099458,-0.780674,-0.027356,-0.616366,
637,899427359,7.799748,3.605592,-1.383968,-15.793956,16.610483,65.415443,-0.095521,-0.779054,-0.018854,-0.619350,
638,899444026,7.998832,2.815087,-1.950534,-31.885775,-2.407872,67.929688,-0.093223,-0.778847,-0.008352,-0.620191,
639,899460693,9.293792,1.207845,-2.659547,-39.647610,-12.142351,71.456612,-0.091487,-0.779316,0.003383,-0.619907,
640,899477360,9.842551,0.313302,-3.346400,-34.317478,-9.375117,77.845535,-0.088558,-0.779490,0.015323,-0.619933,
641,899494027,9.275472,0.779708,-3.132603,-36.072800,-9.449316,83.529259,-0.085301,-0.779510,0.028066,-0.619919,
642,899510694,9.237401,1.576104,-2.302456,-38.976318,-15.290120,84.386360,-0.082257,-0.779878,0.041233,-0.619131,
643,899527361,10.146711,2.462962,-1.939064,-32.061741,-14.998109,79.443207,-0.078862,-0.780200,0.053208,-0.618253,
644,899544028,10.634982,2.776671,-2.070934,-12.624706,-10.362306,72.490227,-0.073911,-0.780278,0.062585,-0.617889,
645,899560695,10.562024,2.948185,-2.019046,15.363966,-3.809200,68.845848,-0.066165,-0.780017,0.068956,-0.618417,
646,899577362,9.645149,4.019375,-2.669264,41.271729,1.426023,65.427971,-0.055833,-0.779482,0.072550,-0.619698,
647,899594029,9.722720,4.990691,-2.619866,44.862103,6.212432,52.233795,-0.046329,-0.778600,0.074278,-0.621384,
648,899610696,10.682675,4.873637,-2.453957,44.185555,12.613500,38.166580,-0.038239,-0.777220,0.074424,-0.623640,
649,899627363,10.603711,5.440361,-2.474221,36.028229,20.715614,28.997507,-0.031991,-0.775111,0.074224,-0.626634,
650,899644030,9.303451,5.186959,-1.991041,35.331955,28.408899,16.654352,-0.027029,-0.772391,0.072655,-0.630398,
651,899660697,9.031990,4.741755,-2.516562,31.871370,31.037989,1.362419,-0.023886,-0.769543,0.069671,-0.634332,
652,899677364,9.228876,4.984652,-2.710578,19.819281,30.209480,-11.150751,-0.023239,-0.766829,0.066398,-0.637984,
653,899694031,10.513276,5.870570,-2.476599,1.596492,27.199879,-23.036266,-0.025700,-0.764423,0.063499,-0.641065,
654,899710698,10.477044,5.521000,-1.649940,-13.613983,37.726665,-32.707150,-0.030851,-0.761034,0.060899,-0.645109,
655,899727365,8.710743,5.202750,0.223158,-7.476792,55.073750,-40.784565,-0.036234,-0.756053,0.056746,-0.651038,
656,899744032,7.333400,5.483264,1.168142,-3.060090,61.484413,-57.387966,-0.042753,-0.750525,0.050307,-0.657535,
657,899760699,8.527310,5.589932,-1.093888,-27.283924,46.229309,-91.684059,-0.055078,-0.746405,0.042525,-0.661844,
658,899777366,9.083779,4.318700,-3.829357,-60.452091,30.572317,-122.346230,-0.073841,-0.743464,0.034716,-0.663779,
659,899794033,10.122785,3.945813,-1.847403,-18.055477,14.247108,-135.352997,-0.089163,-0.742311,0.021570,-0.663746,
660,899810700,15.487366,3.875176,0.323782,13.923971,15.604377,-135.756546,-0.101040,-0.741140,0.005266,-0.663683,
661,899827367,16.724539,1.734142,-1.074417,17.904232,18.595478,-118.385277,-0.110777,-0.739455,-0.009597,-0.663959,
662,899844034,13.390904,-1.051440,-1.596256,31.928106,42.699078,-106.143440,-0.117756,-0.735456,-0.024881,-0.666797,
663,899860701,10.945625,-0.751796,-1.694284,76.350014,38.733253,-111.254478,-0.120449,-0.732315,-0.044943,-0.668720,
664,899877368,10.651387,2.546181,-1.919406,127.912643,19.261011,-116.636765,-0.118236,-0.731545,-0.070226,-0.667780,
665,899894035,11.164096,5.291737,-1.983307,116.478592,0.722853,-116.695549,-0.117361,-0.731932,-0.094044,-0.664573,
666,899910702,11.175482,5.793759,-1.920876,62.965710,-13.123507,-112.477676,-0.121910,-0.732458,-0.111961,-0.660385,
667,899927369,10.854853,4.169011,-1.568655,11.055696,-24.785238,-106.244972,-0.131542,-0.733059,-0.123988,-0.655704,
668,899944036,10.935866,2.369869,-1.779175,-17.558437,-42.738564,-102.096413,-0.144119,-0.734705,-0.132467,-0.649531,
669,899960703,10.525475,1.273644,-2.209928,-40.893871,-49.822056,-102.052490,-0.159279,-0.736317,-0.138549,-0.642862,
670,899977370,9.484093,0.358687,-2.268204,-53.478897,-63.915607,-100.034843,-0.175827,-0.738747,-0.142865,-0.634766,
671,899994037,8.950092,0.672572,-1.550789,-76.453178,-57.876995,-104.848145,-0.195090,-0.739637,-0.145674,-0.627420,
672,900010704,7.694852,0.104713,-1.530203,-104.091492,-62.499676,-100.410423,-0.216924,-0.739902,-0.145282,-0.619985,
673,900027371,7.156350,-0.624935,-1.723975,-115.042923,-66.416054,-89.235115,-0.238892,-0.740011,-0.142497,-0.612379,
674,900044038,6.825082,-1.342604,-1.945821,-111.596710,-71.694237,-71.318665,-0.258880,-0.740699,-0.137834,-0.604439,
675,900060705,6.720009,-2.063699,-2.593351,-110.633606,-69.723145,-47.543194,-0.276516,-0.741395,-0.130706,-0.597317,
676,900077372,6.775862,-2.667162,-2.148764,-82.045227,-69.068832,-15.968743,-0.288222,-0.743539,-0.122639,-0.590794,
677,900094039,6.609874,-2.744439,-0.122208,-83.747444,-57.280544,11.100893,-0.297506,-0.744907,-0.111963,-0.586573,
678,900110706,6.841182,-3.679589,1.689104,-82.242569,-58.486549,40.195801,-0.304093,-0.746743,-0.098185,-0.583320,
679,900127373,8.476265,-3.033283,3.571152,-74.436607,-45.222218,65.543655,-0.307416,-0.747975,-0.082878,-0.582374,
680,900144040,9.200638,-0.473538,3.758590,-46.718151,5.298543,73.010368,-0.306417,-0.746106,-0.071347,-0.586807,
681,900160707,9.433050,5.457353,-0.481109,71.759949,17.067039,62.201012,-0.293309,-0.748270,-0.071611,-0.590706,
682,900177374,10.207647,12.963080,-5.486617,193.943893,2.082046,44.900616,-0.268398,-0.756369,-0.083579,-0.590662,
683,900194041,9.882672,18.681004,-7.651813,191.223877,-22.355251,-3.219425,-0.248003,-0.765270,-0.099586,-0.585610,
684,900210708,7.566481,16.612663,-6.432823,176.926727,-51.412960,-55.426136,-0.233876,-0.774779,-0.119062,-0.575190,
685,900227375,7.128613,12.191932,-3.309578,137.762970,-56.699749,-39.794659,-0.222798,-0.783176,-0.133247,-0.565014,
686,900244042,6.475052,8.619701,-1.840613,43.877319,-39.423775,10.959460,-0.217848,-0.787872,-0.134458,-0.560108,
687,900260709,7.393079,5.065573,-1.177780,-143.220886,-75.067451,55.574959,-0.231324,-0.790144,-0.114141,-0.555998,
688,900277376,31.176426,-7.600099,4.760304,-265.454498,-123.701942,148.820648,-0.251775,-0.792639,-0.071436,-0.550662,
689,900294043,16.029024,-9.785175,7.830577,102.673050,175.420914,77.138718,-0.232011,-0.782615,-0.077296,-0.572459,
690,900310710,6.577644,11.640850,-4.284533,192.876480,183.936142,29.616564,-0.205548,-0.773403,-0.096260,-0.591888,
691,900327377,1.348302,20.328894,-10.878590,30.618290,-6.818764,22.475229,-0.200459,-0.775060,-0.096287,-0.591462,
692,900344044,7.798056,1.438021,-0.408448,-261.921509,-132.741272,-58.017498,-0.236835,-0.777145,-0.076466,-0.578020,
693,900360711,21.004702,-15.971627,-3.349921,-38.614403,4.849151,-44.189957,-0.245054,-0.774740,-0.078513,-0.577548,
694,900377378,10.348403,-18.951107,-10.332401,140.641418,57.181602,67.559708,-0.223003,-0.775350,-0.084862,-0.584722,
695,900394045,4.199883,-3.397024,-4.224008,258.251343,22.997454,95.974731,-0.185452,-0.782187,-0.096804,-0.586873,
696,900410712,8.940055,9.544238,-2.386153,160.468796,-2.670295,113.101822,-0.157693,-0.787878,-0.097642,-0.587236,
697,900427379,14.687923,15.801599,-0.095897,58.694057,-48.804287,78.758041,-0.145101,-0.794274,-0.092618,-0.582663,
698,900444046,8.694902,8.171101,-2.904001,-167.613708,101.116539,15.570827,-0.161911,-0.781913,-0.078830,-0.596810,
699,900460713,4.174246,-2.103176,-3.420166,-65.628311,-21.313349,36.477280,-0.166638,-0.782447,-0.068596,-0.596073,
700,900477380,10.678546,-1.056508,-1.481444,-23.005062,-29.407745,58.204269,-0.164692,-0.784844,-0.059380,-0.594449,
701,900494047,10.841660,-1.554741,-3.788453,4.836203,9.059502,69.290886,-0.158259,-0.784601,-0.052220,-0.597183,
702,900510714,9.349177,1.227071,-2.550517,27.954906,19.117380,72.038773,-0.148853,-0.783948,-0.046980,-0.600884,
703,900527381,7.365983,1.437768,-2.582293,28.737116,16.151476,65.676521,-0.139915,-0.783433,-0.042464,-0.604031,
704,900544048,8.519638,1.592930,-2.389627,28.483685,-0.116719,63.143467,-0.131314,-0.784245,-0.037878,-0.605211,
705,900560715,10.567184,1.658865,-2.739278,24.307697,3.681226,63.252872,-0.123147,-0.784569,-0.032982,-0.606793,
706,900577382,10.521119,2.274062,-2.439063,10.947588,19.928593,66.027893,-0.116169,-0.783158,-0.026877,-0.610283,
707,900594049,8.781782,2.925888,-1.811941,0.717933,23.939722,73.315262,-0.109680,-0.781159,-0.019100,-0.614325,
708,900610716,7.597497,3.145534,-1.872752,-8.796249,14.720694,77.479393,-0.103913,-0.779745,-0.009849,-0.617335,
709,900627383,7.788326,2.738049,-2.304198,-24.662153,-1.836602,77.847229,-0.099923,-0.779474,0.001120,-0.618413,
710,900644050,8.803556,1.988592,-2.556388,-33.613876,-11.409530,82.773018,-0.096488,-0.779815,0.013590,-0.618380,
711,900660717,9.381414,2.960605,-2.706231,-20.865017,-11.674424,90.504135,-0.090894,-0.780208,0.025792,-0.618343,
712,900677384,8.839060,5.324734,-2.295849,-8.900226,-5.266279,90.538368,-0.083949,-0.780046,0.036833,-0.618970,
713,900694051,7.214086,5.968472,-1.988955,-8.134887,-2.723667,81.313583,-0.077749,-0.779594,0.046721,-0.619682,
714,900710718,7.873005,5.712766,-2.091152,-6.607617,-11.308462,69.453804,-0.072379,-0.779921,0.055217,-0.619222,
715,900727385,10.459758,4.427862,-2.321347,-3.342995,-12.923113,55.709942,-0.067859,-0.780473,0.061873,-0.618408,
716,900744052,12.037254,2.793929,-2.753991,8.055844,-3.368918,48.461697,-0.062781,-0.780299,0.066581,-0.618674,
717,900760719,12.378948,2.977345,-3.360955,24.520800,7.907102,43.663055,-0.056373,-0.779269,0.069157,-0.620305,
718,900777386,11.359778,3.979857,-2.539739,41.211273,22.662308,38.108372,-0.048720,-0.777051,0.069472,-0.623692,
719,900794053,10.609252,5.123879,-2.908846,45.020798,31.589304,30.186808,-0.041443,-0.774069,0.068478,-0.628020,
720,900810720,9.943121,5.491137,-2.678872,43.315899,40.327419,20.766409,-0.035303,-0.770310,0.066519,-0.633207,
721,900827387,10.278846,6.997878,-2.273909,31.807154,38.977081,5.750557,-0.031823,-0.766708,0.063940,-0.638010,
722,900844054,11.172835,7.955902,-2.080312,8.785955,41.579617,-15.553144,-0.032912,-0.762918,0.061105,-0.642759,
723,900860721,8.898257,7.904824,-0.298359,-4.933128,56.447342,-29.135057,-0.036925,-0.757741,0.057970,-0.648926,
724,900877388,6.693387,8.951556,-0.015168,-25.984062,56.599133,-46.807068,-0.044926,-0.752500,0.054865,-0.654764,
725,900894055,6.746674,9.236906,-3.064465,-96.358528,32.218151,-83.666824,-0.063937,-0.749221,0.054572,-0.656963,
726,900910722,6.459982,5.922729,-4.015707,-124.759842,7.214415,-121.122353,-0.089390,-0.747980,0.053114,-0.655526,
727,900927389,10.190364,5.139491,-0.465068,-67.475739,-3.188226,-145.681641,-0.110821,-0.748213,0.043626,-0.652681,
728,900944056,16.118063,4.694655,-0.769887,-52.115791,-7.256919,-156.744400,-0.131542,-0.748720,0.031515,-0.648939,
729,900960723,18.533779,2.221429,-2.033452,-32.364147,0.580953,-132.056717,-0.147754,-0.748380,0.020063,-0.646291,
730,900977390,15.433621,-2.133316,-3.298355,-2.797962,39.406769,-109.298714,-0.158671,-0.744700,0.007467,-0.648220,
731,900994057,11.659560,-1.300067,-2.973502,66.717133,39.658512,-117.868088,-0.162808,-0.742341,-0.012618,-0.649819,
732,901010724,10.838212,3.155832,-3.634274,92.788757,9.571587,-124.569908,-0.164739,-0.743079,-0.035171,-0.647655,
733,901027391,10.693748,5.253349,-3.585838,62.928413,-6.152963,-121.755913,-0.169637,-0.744257,-0.054215,-0.643712,
734,901044058,11.112272,4.634820,-2.681967,28.224243,-27.739363,-114.544228,-0.177726,-0.746389,-0.068677,-0.637652,
735,901060725,11.601206,2.686236,-1.941559,-6.574903,-41.872692,-108.596428,-0.189128,-0.748765,-0.078880,-0.630364,
736,901077392,11.110233,0.422218,-1.437395,-38.295448,-46.826824,-107.081924,-0.203844,-0.750509,-0.085849,-0.622747,
737,901094059,9.988544,-0.662962,-1.197430,-70.925369,-55.240730,-105.627670,-0.222017,-0.751787,-0.089423,-0.614433,
738,901110726,9.754472,-1.847214,-1.453586,-99.871780,-65.681084,-106.921829,-0.243497,-0.752684,-0.090170,-0.605016,
739,901127393,8.616860,-1.535978,-1.006359,-109.854240,-45.539547,-107.483940,-0.265719,-0.751033,-0.090764,-0.597582,
740,901144060,7.816086,-1.486977,-1.092654,-103.600822,-50.370121,-100.336746,-0.286559,-0.749742,-0.090884,-0.589500,
741,901160727,7.208102,-1.554801,-1.004907,-98.872238,-49.252476,-84.900299,-0.305413,-0.748412,-0.089732,-0.581850,
742,901177394,7.196618,-2.943860,-1.979039,-91.114563,-53.142170,-59.417858,-0.321203,-0.747815,-0.086256,-0.574596,
743,901194061,7.455716,-3.854346,-1.645738,-69.708717,-49.336033,-22.777130,-0.331477,-0.748180,-0.080740,-0.569061,
744,901210728,7.578931,-3.980303,-0.230332,-73.362534,-30.051245,6.621216,-0.339436,-0.747005,-0.072639,-0.567001,
745,901227395,7.765568,-3.897059,0.819586,-73.555252,-26.026016,36.559277,-0.344853,-0.745697,-0.061457,-0.566776,
746,901244062,7.355205,-3.086757,2.579918,-65.817223,-28.229980,61.006733,-0.347374,-0.745050,-0.048139,-0.567375,
747,901260729,7.005283,-2.293133,3.013594,-47.144676,-19.399153,67.989655,-0.347175,-0.744541,-0.036043,-0.569059,
748,901277396,7.053284,-0.882091,0.575222,71.064590,-10.026625,67.093727,-0.334139,-0.749091,-0.034293,-0.570997,
749,901294063,10.559714,4.519701,-1.003858,193.324814,0.765021,76.468384,-0.306768,-0.758320,-0.042180,-0.573642,
750,901310730,14.392283,10.719999,-2.791333,205.874985,33.460556,79.314102,-0.277277,-0.764659,-0.052217,-0.579385,
751,901327397,9.492347,17.866924,-11.707457,319.005096,24.138624,20.052315,-0.239834,-0.774667,-0.077912,-0.579914,
752,901344064,7.076002,22.141567,-12.663977,355.094177,-34.979660,-26.696510,-0.202359,-0.788506,-0.109664,-0.570335,
753,901360731,6.247582,17.496494,-6.841288,213.866852,-60.552334,-36.414543,-0.181907,-0.798678,-0.129868,-0.558710,
754,901377398,7.295238,11.738838,-0.526671,-25.170422,-35.548046,13.425742,-0.184599,-0.800994,-0.125453,-0.555511,
755,901394065,16.877417,2.881642,0.557516,-300.409088,-101.624001,125.115295,-0.211300,-0.802295,-0.083874,-0.551941,
756,901410732,24.741207,-7.658275,-0.327513,-339.387299,-37.813213,152.306610,-0.239012,-0.795437,-0.037732,-0.555634,
757,901427399,11.449718,-3.241278,11.446138,-77.140320,167.183945,11.912160,-0.246172,-0.778888,-0.036058,-0.575701,
758,901444066,8.318858,10.342649,-1.145554,294.621033,138.360275,-27.952349,-0.214349,-0.776688,-0.068930,-0.588268,
759,901460733,-1.751492,8.051711,-13.120114,-148.381866,53.341820,-35.533638,-0.233758,-0.766779,-0.062020,-0.594610,
760,901477400,8.960648,-7.363730,-2.571302,-89.033646,-187.417648,-42.971516,-0.249187,-0.779063,-0.052842,-0.572864,
761,901494067,23.450865,-21.879742,-3.696321,45.253963,24.152954,12.172997,-0.243054,-0.778622,-0.056243,-0.575769,
762,901510734,6.691047,-12.986720,-6.493299,323.023315,78.549927,60.145439,-0.200709,-0.782876,-0.079314,-0.583549,
763,901527401,8.261236,4.557410,-6.032019,253.330627,40.122467,110.198212,-0.162077,-0.787354,-0.089494,-0.588043,
764,901544068,8.744501,16.062569,0.004746,185.800659,-59.062943,135.096222,-0.130109,-0.797941,-0.088587,-0.581819,
765,901560735,14.321200,13.899055,-0.841158,-124.199837,-1.616932,25.677027,-0.142537,-0.795786,-0.075167,-0.583744,
766,901577402,6.007947,-1.382625,-11.491154,-118.130692,156.300674,7.669025,-0.153984,-0.779689,-0.067578,-0.603164,
767,901594069,4.486122,0.048634,0.960636,94.409798,-51.269650,47.917614,-0.139752,-0.786525,-0.069382,-0.597523,
768,901610736,10.363693,0.783547,-0.846138,-84.895721,-11.200740,66.138062,-0.144006,-0.786209,-0.054315,-0.598487,
769,901627403,9.322305,-0.192024,-7.053640,16.646151,1.233340,81.967087,-0.135144,-0.786909,-0.046527,-0.600287,
770,901644070,8.949171,3.745933,-0.170647,5.492229,15.296284,80.121735,-0.127605,-0.786041,-0.038246,-0.603650,
771,901660737,7.364220,1.139771,-3.340582,-37.351730,-3.733923,67.720154,-0.126142,-0.785876,-0.027263,-0.604767,
772,901677404,10.206762,0.738550,-3.007104,0.694505,-18.420139,62.897377,-0.120799,-0.787600,-0.019905,-0.603901,
773,901694071,11.085638,0.242233,-2.098269,-19.460976,9.693073,67.766792,-0.117244,-0.786440,-0.010711,-0.606343,
774,901710738,9.908055,0.477081,-2.187005,-6.040553,20.376657,75.577583,-0.111435,-0.784487,-0.001987,-0.610048,
775,901727405,8.543132,1.496661,-0.834506,-14.136850,11.005439,79.528175,-0.106186,-0.783132,0.008058,-0.612670,
776,901744072,8.367858,1.625429,-0.837122,-17.119305,-3.685054,87.652184,-0.100519,-0.782912,0.019519,-0.613648,
777,901760739,9.237022,2.388822,-1.733064,-9.885488,-6.738755,92.875710,-0.093537,-0.782920,0.030971,-0.614269,
778,901777406,9.601406,3.214576,-2.399437,-5.206245,-1.135663,92.490898,-0.086066,-0.782354,0.041879,-0.615435,
779,901794073,8.711203,4.428708,-2.461667,7.743515,1.239591,85.056175,-0.077787,-0.781656,0.050745,-0.616756,
780,901810740,8.326956,5.829790,-2.273324,31.610680,3.499848,76.250191,-0.067592,-0.780977,0.056436,-0.618321,
781,901827407,8.904534,5.804685,-3.064323,31.531771,-1.738176,67.895149,-0.058107,-0.780738,0.061228,-0.619130,
782,901844074,10.259451,5.179094,-4.468078,19.258162,-7.761869,62.966251,-0.050403,-0.780903,0.066610,-0.619041,
783,901860741,11.053415,5.096895,-4.551698,24.213692,0.726020,52.358856,-0.043170,-0.780383,0.070273,-0.619838,
784,901877408,11.384608,5.499650,-2.626722,45.106468,18.474152,36.054897,-0.035216,-0.778507,0.070085,-0.622716,
785,901894075,10.558391,6.235883,-2.306645,55.978313,30.794462,19.576677,-0.027649,-0.775672,0.066977,-0.626962,
786,901910742,9.818777,6.110204,-2.361269,49.291042,39.078991,1.741477,-0.022542,-0.772161,0.062427,-0.631951,
787,901927409,9.303721,6.656850,-1.751308,30.753210,43.963718,-13.597724,-0.020973,-0.768220,0.057836,-0.637222,
788,901944076,9.685617,7.750961,-0.594114,7.838616,43.654243,-27.481596,-0.023249,-0.764307,0.053814,-0.642183,
789,901960743,11.181396,7.853363,0.146494,-13.484281,51.429161,-45.261642,-0.029618,-0.759668,0.049776,-0.647726,
790,901977410,9.396923,7.256681,1.012267,-25.383154,68.185524,-52.993534,-0.038149,-0.753347,0.045923,-0.654908,
791,901994077,6.638260,8.110097,-1.490588,-44.200264,60.131737,-68.883751,-0.050196,-0.747640,0.042155,-0.660861,
792,902010744,4.992028,7.813792,-4.941079,-126.461327,19.680859,-99.402786,-0.073858,-0.745111,0.043254,-0.661425,
793,902027411,7.143056,5.407415,-4.648234,-98.547859,-15.118202,-140.006958,-0.098136,-0.746037,0.037614,-0.657558,
794,902044078,14.425122,5.139421,-1.973874,-35.852879,-23.717266,-174.951462,-0.118844,-0.748374,0.022284,-0.652162,
795,902060745,20.341772,4.876711,-0.424846,-23.176537,-17.054621,-150.777893,-0.135831,-0.749768,0.008255,-0.647556,
796,902077412,17.685837,0.493349,-4.082719,-30.120974,24.752678,-112.371742,-0.149952,-0.746735,-0.001765,-0.647995,
797,902094079,12.424859,0.960120,-4.057013,13.694573,49.391029,-124.723282,-0.160419,-0.742070,-0.017790,-0.650601,
798,902110746,11.636864,3.995424,-3.153897,55.170589,10.162875,-141.059860,-0.167985,-0.741713,-0.038579,-0.648193,
799,902127413,12.494087,4.129354,-3.373299,25.430006,-5.771866,-138.310623,-0.178511,-0.741805,-0.055861,-0.644001,
800,902144080,12.627975,2.298153,-2.813430,2.575250,-22.489199,-123.505478,-0.190184,-0.742707,-0.068950,-0.638328,
801,902160747,12.205622,0.178148,-2.139157,-23.909468,-36.088230,-116.831863,-0.204169,-0.743954,-0.078460,-0.631420,
802,902177414,10.789623,-1.258954,-2.020463,-45.346245,-46.880737,-117.452682,-0.220578,-0.745280,-0.085718,-0.623342,
803,902194081,9.512966,-1.878197,-1.390256,-43.912090,-61.229252,-117.190872,-0.236896,-0.747656,-0.092583,-0.613448,
804,902210748,8.744311,-1.442240,-0.609152,-50.498085,-55.243778,-107.727768,-0.252909,-0.749105,-0.098000,-0.604380,
805,902227415,7.885789,-0.800039,-0.047018,-62.238407,-63.578011,-88.184311,-0.268512,-0.750867,-0.099914,-0.595076,
806,902244082,7.305827,0.171504,0.171264,-93.159729,-68.519447,-77.347198,-0.286523,-0.751726,-0.097737,-0.585883,
807,902260749,6.819003,0.173304,-0.521705,-120.583412,-60.491749,-74.617592,-0.307052,-0.750449,-0.093214,-0.577803,
808,902277416,7.055439,-1.301152,-1.792573,-116.893074,-56.792141,-59.292789,-0.325694,-0.748879,-0.087449,-0.570487,
809,902294083,7.316078,-3.029251,-2.118847,-90.237228,-45.028328,-28.495459,-0.338618,-0.747736,-0.081068,-0.565382,
810,902310750,6.840673,-5.136203,-1.372392,-64.444916,-34.738369,4.619178,-0.345830,-0.747277,-0.073699,-0.562625,
811,902327417,7.535873,-6.418439,0.003613,-36.550785,-49.629845,41.970257,-0.347073,-0.749755,-0.063794,-0.559765,
812,902344084,8.676692,-3.659948,4.075062,-51.894279,-19.326479,70.538216,-0.347330,-0.749152,-0.051045,-0.561718,
813,902360751,8.156667,-1.558292,5.962489,-78.060730,26.607643,77.627403,-0.349440,-0.743362,-0.037692,-0.569108,
814,902377418,7.370686,0.342499,1.161013,57.848324,21.144379,69.515144,-0.337479,-0.744719,-0.036180,-0.574624,
815,902394085,9.901999,6.985185,-4.522408,212.542358,1.323118,61.571964,-0.309330,-0.754833,-0.047459,-0.576445,
816,902410752,12.378274,11.955575,-7.149201,210.184860,16.890528,38.735363,-0.282940,-0.762629,-0.061702,-0.578390,
817,902427419,9.908831,17.051584,-11.678294,317.502045,1.340516,-20.503857,-0.249338,-0.774434,-0.090801,-0.574314,
818,902444086,6.905607,17.547697,-11.321554,379.095673,-27.695669,-39.602676,-0.210139,-0.788627,-0.125901,-0.563966,
819,902460753,7.046464,14.008811,-4.545385,241.253189,-40.033611,-4.168770,-0.183603,-0.798565,-0.144995,-0.554581,
820,902477420,6.629989,9.095441,-0.769343,-61.659275,-42.271557,52.210041,-0.187615,-0.801214,-0.132950,-0.552431,
821,902494087,13.367752,1.961269,0.937849,-330.653412,-131.384827,164.668808,-0.215328,-0.804486,-0.083554,-0.547225,
822,902510754,31.620058,-9.116216,4.794462,-337.938202,-50.063370,191.795044,-0.240047,-0.798778,-0.032679,-0.550693,
823,902527421,12.218642,1.192025,11.941880,31.965036,239.895584,52.835949,-0.231007,-0.780281,-0.037594,-0.579986,
824,902544088,4.280375,21.926836,-11.103526,187.701874,163.405319,-0.247229,-0.208889,-0.772151,-0.059048,-0.597211,
825,902560755,-3.275988,7.783506,-14.065289,-169.023788,-84.737907,-52.520538,-0.233280,-0.773465,-0.047793,-0.587407,
826,902577422,13.210194,-7.727236,7.449639,-238.360596,-145.175064,-95.272171,-0.269227,-0.776264,-0.033313,-0.569052,
827,902594089,23.250347,-28.196125,-7.941124,111.211403,55.885998,9.316676,-0.255790,-0.775772,-0.043788,-0.575179,
828,902610756,4.197941,-12.752952,-9.274789,351.993927,101.470352,80.607521,-0.208520,-0.779600,-0.067970,-0.586620,
829,902627423,4.373771,3.108018,-6.939866,280.379669,64.049072,100.161606,-0.167544,-0.782727,-0.082529,-0.593680,
830,902644090,10.596690,14.913381,-0.236836,204.261932,-105.406181,130.210434,-0.134382,-0.797656,-0.082830,-0.582087,
831,902660757,19.763571,17.126247,0.522501,-73.402504,-62.139442,26.871244,-0.141545,-0.801588,-0.072391,-0.576351,
832,902677424,4.398135,-1.285774,-12.428687,-191.495193,265.390594,11.938155,-0.160100,-0.774484,-0.060451,-0.609006,
833,902694091,1.506192,0.536525,0.104234,118.341431,-106.228775,56.078659,-0.142888,-0.786776,-0.062236,-0.597237,
834,902710758,12.423014,3.199007,1.069085,-100.994484,-36.909290,67.377151,-0.149097,-0.788227,-0.045090,-0.595344,
835,902727425,9.565198,-1.024105,-8.189251,-39.838627,8.517762,71.012154,-0.147647,-0.786906,-0.033796,-0.598194,
836,902744092,9.477239,2.390915,-0.637085,-18.085140,-0.325301,77.030327,-0.143207,-0.786747,-0.023511,-0.599973,
837,902760759,7.020822,-0.296557,-2.743864,-61.386894,-6.856964,74.281464,-0.143959,-0.786119,-0.009622,-0.600999,
838,902777426,10.164330,-0.027119,-2.113387,-19.849583,-33.879704,71.830376,-0.140191,-0.788590,0.000924,-0.598725,
839,902794093,11.472775,-0.026865,-1.976585,-24.971075,-1.648215,76.976929,-0.136545,-0.788041,0.011848,-0.600171,
840,902810760,9.637757,1.063032,-1.613547,-13.630832,11.740248,87.274956,-0.130704,-0.786414,0.022697,-0.603286,
841,902827427,8.120681,1.872275,-1.600514,-5.207486,6.477370,91.906326,-0.123452,-0.785259,0.033431,-0.605813,
842,902844094,8.061525,2.131971,-1.839573,1.691506,-6.237619,91.450912,-0.115369,-0.785215,0.043728,-0.606807,
843,902860761,9.179969,2.870057,-2.151330,12.001188,-9.537200,86.571159,-0.106500,-0.785536,0.052606,-0.607308,
844,902877428,9.550325,3.470717,-2.530032,1.344575,-7.283274,79.285255,-0.099494,-0.785436,0.061550,-0.607785,
845,902894095,9.593551,3.650513,-3.059467,4.990440,-5.784877,72.390556,-0.092684,-0.785225,0.069355,-0.608293,
846,902910762,9.501735,4.301865,-2.878079,44.239849,4.473739,67.369789,-0.081929,-0.784593,0.072967,-0.610227,
847,902927429,9.045672,4.937975,-3.581147,65.179039,3.957048,60.250500,-0.069401,-0.784215,0.073903,-0.612150,
848,902944096,10.502265,4.939334,-3.244029,58.980728,6.324526,47.912697,-0.058695,-0.783588,0.073949,-0.614065,
849,902960763,11.763693,5.790620,-2.641706,58.795689,19.471294,37.669556,-0.049062,-0.781806,0.072723,-0.617319,
850,902977430,10.048470,6.404964,-2.366625,50.147842,30.468054,26.760151,-0.041505,-0.779014,0.070947,-0.621595,
851,902994097,8.754318,6.250076,-2.101788,41.567627,34.498280,10.752203,-0.036408,-0.775914,0.068101,-0.626095,
852,903010764,9.106807,5.680856,-2.302553,26.098696,33.438148,-5.781259,-0.034553,-0.772951,0.064800,-0.630201,
853,903027431,10.228242,6.412901,-1.615360,8.230372,35.306026,-16.053333,-0.035666,-0.769794,0.061970,-0.634274,
854,903044098,11.448423,7.210464,-0.500847,-0.779300,43.953716,-29.775106,-0.039133,-0.765879,0.058385,-0.639131,
855,903060765,10.918948,6.632069,0.925663,4.237182,71.606895,-43.536469,-0.043554,-0.759455,0.052637,-0.646963,
856,903077432,7.598363,7.052268,0.785472,18.415197,84.754967,-54.840649,-0.047566,-0.751823,0.044211,-0.656159,
857,903094099,5.823431,8.137264,-2.673984,-30.958109,64.039970,-80.087715,-0.059245,-0.745807,0.037867,-0.662441,
858,903110766,4.986546,5.802370,-4.780225,-75.262581,37.638664,-117.425186,-0.079162,-0.741896,0.031956,-0.665058,
859,903127433,8.205162,5.810397,-2.651757,-17.713799,0.600403,-145.381729,-0.095368,-0.742020,0.017872,-0.663318,
860,903144100,16.048006,6.095759,-0.262261,-19.584316,-22.203627,-156.126556,-0.112706,-0.743973,0.003116,-0.658628,
861,903160767,19.895180,4.271840,-1.833434,-15.731354,-17.732849,-120.645691,-0.126183,-0.745220,-0.008245,-0.654718,
862,903177434,14.463440,0.778209,-3.799462,-19.284403,41.062023,-100.999352,-0.138066,-0.740605,-0.018216,-0.657350,
863,903194101,10.444370,1.690331,-4.377512,14.657364,21.942307,-113.144279,-0.147465,-0.738260,-0.032350,-0.657403,
864,903210768,11.333928,5.112196,-4.582581,53.127308,-9.123137,-131.517273,-0.154582,-0.739356,-0.051457,-0.653306,
865,903227435,12.157045,5.086845,-3.790815,16.782068,-13.905670,-132.532440,-0.165676,-0.739779,-0.067092,-0.648673,
866,903244102,12.179893,2.498244,-2.672443,2.722713,-28.416166,-118.033226,-0.176998,-0.741113,-0.079467,-0.642735,
867,903260769,12.310366,0.603139,-1.386114,-7.280863,-45.720016,-107.461151,-0.188555,-0.743702,-0.089296,-0.635122,
868,903277436,12.059219,-1.286816,-1.129646,-45.381027,-52.841141,-104.030197,-0.203947,-0.745713,-0.095011,-0.627128,
869,903294103,10.613784,-1.883481,-1.283115,-63.318165,-63.667255,-102.125206,-0.221184,-0.747932,-0.098527,-0.618034,
870,903310770,9.786927,-1.528735,-0.854299,-80.011200,-59.233643,-100.163101,-0.239903,-0.748936,-0.100430,-0.609471,
871,903327437,8.209414,-1.250688,-0.484659,-81.749771,-64.046600,-83.494370,-0.257305,-0.750245,-0.100153,-0.600745,
872,903344104,7.421108,0.176405,0.156506,-99.524368,-65.069878,-70.694740,-0.275440,-0.750869,-0.096848,-0.592409,
873,903360771,7.000944,-0.165881,-0.937522,-116.067497,-68.662529,-59.850060,-0.294376,-0.750964,-0.090748,-0.584089,
874,903377438,7.191059,-1.566087,-1.932699,-110.474648,-55.237793,-42.749863,-0.310948,-0.750072,-0.083790,-0.577653,
875,903394105,6.522017,-3.821199,-1.340786,-101.668411,-41.855297,-16.172520,-0.324064,-0.748541,-0.075252,-0.573590,
876,903410772,5.718770,-6.812199,-0.697002,-77.348808,-50.548851,7.879991,-0.332547,-0.748980,-0.065696,-0.569321,
877,903427439,7.312905,-8.288792,0.804397,-41.046062,-54.488167,38.876282,-0.334491,-0.751681,-0.055568,-0.565688,
878,903444106,9.272960,-5.681894,4.411372,-33.220997,-0.591973,68.257103,-0.332684,-0.750473,-0.045485,-0.569247,
879,903460773,8.224582,-1.517577,3.413745,61.489414,53.692184,74.130737,-0.319629,-0.749252,-0.045218,-0.578285,
880,903477440,7.971046,5.785390,-0.387795,257.294495,33.813553,70.773170,-0.285373,-0.758115,-0.060817,-0.583202,
881,903494107,12.392406,13.976613,-5.147040,340.822205,51.505943,72.123665,-0.241057,-0.767388,-0.083956,-0.588181,
882,903510774,11.312872,19.793461,-10.969879,328.268799,41.504696,20.256893,-0.202105,-0.774554,-0.111254,-0.588932,
883,903527441,6.332074,20.647919,-14.547003,293.446503,-27.103094,-53.621979,-0.174088,-0.783750,-0.141644,-0.579107,
884,903544108,4.906800,14.591663,-8.478100,181.855087,-76.369736,-37.267265,-0.158189,-0.793539,-0.159339,-0.565582,
885,903560775,7.293043,12.428614,1.211190,-40.553719,-71.881195,35.274212,-0.161810,-0.799123,-0.150392,-0.559107,
886,903577442,11.780000,7.733926,1.687994,-327.861725,-91.818405,126.320923,-0.191607,-0.800376,-0.106828,-0.557918,
887,903594109,27.050264,0.890672,-0.068743,-437.037048,-93.683144,164.901260,-0.230268,-0.796299,-0.049483,-0.557167,
888,903610776,14.897747,-7.731221,8.571633,-142.646347,184.215607,5.254702,-0.245109,-0.776036,-0.043597,-0.579473,
889,903627443,8.717148,5.073483,-5.257494,206.547729,161.517456,-45.738461,-0.224655,-0.768772,-0.072020,-0.594418,
890,903644110,-1.375410,-0.888479,-13.586618,-114.881981,-3.868201,-18.958450,-0.239351,-0.764894,-0.064199,-0.594581,
891,903660777,10.245534,-10.430426,0.007581,-71.832092,-133.314117,-39.901840,-0.252180,-0.773206,-0.057899,-0.578969,
892,903677444,15.908506,-23.347187,-6.443397,174.070496,36.959816,11.600619,-0.231432,-0.776174,-0.072721,-0.581982,
893,903694111,10.849438,-6.755512,-7.247404,346.451691,34.041962,109.998993,-0.182534,-0.784883,-0.090791,-0.585146,
894,903710778,12.941823,8.764506,-2.584481,252.343964,4.340559,143.222733,-0.141511,-0.792268,-0.096071,-0.585709,
895,903727445,12.513741,19.123583,2.076874,110.591263,-42.179398,104.561417,-0.120597,-0.799255,-0.092664,-0.581429,
896,903744112,8.961165,10.200441,-4.720726,-216.520050,164.784668,22.675188,-0.141715,-0.781061,-0.074653,-0.603563,
897,903760779,1.652938,-3.180685,-8.430683,-6.432160,38.825684,38.634628,-0.138824,-0.777776,-0.070609,-0.608939,
898,903777446,8.630545,2.643735,2.322505,7.010694,-60.939434,64.878746,-0.133095,-0.783782,-0.062764,-0.603351,
899,903794113,9.426178,-0.604333,-5.772807,-85.755913,7.346719,74.945656,-0.136405,-0.781920,-0.046939,-0.606458,
900,903810780,9.380838,2.110715,-4.656546,9.182917,-4.518003,84.041405,-0.128168,-0.782886,-0.038208,-0.607620,
901,903827447,7.374368,3.097026,-0.221720,-64.116379,5.886784,85.106224,-0.128099,-0.781423,-0.023065,-0.610275,
902,903844114,7.179892,-0.016301,-3.128379,-59.048634,-28.408978,80.257523,-0.127971,-0.782902,-0.008279,-0.608785,
903,903860781,10.496475,0.222347,-0.819381,-45.100365,-33.106972,78.693222,-0.126372,-0.784892,0.005184,-0.606587,
904,903877448,11.639359,-0.157696,-1.728323,-48.535980,-8.668194,84.701080,-0.124627,-0.784504,0.019186,-0.607167,
905,903894115,10.232530,0.366775,-0.447169,-44.805065,3.021447,94.117355,-0.121631,-0.782959,0.033717,-0.609134,
906,903910782,8.772693,-0.130319,-1.088927,-21.349079,-4.647025,97.672699,-0.115584,-0.782320,0.046703,-0.610273,
907,903927449,9.586164,-0.774595,-2.263354,9.998164,-14.286334,93.275658,-0.106273,-0.782941,0.056560,-0.610336,
908,903944116,11.126930,-1.090510,-3.334794,53.860962,-8.781336,85.207222,-0.092706,-0.783663,0.061508,-0.611141,
909,903960783,11.578387,1.221784,-3.578442,76.544350,3.143083,75.975227,-0.077460,-0.783538,0.063214,-0.613247,
910,903977450,10.370139,5.322563,-4.138331,93.792549,18.803284,68.854790,-0.061007,-0.782069,0.062375,-0.617053,
911,903994117,7.921497,8.664959,-3.749568,116.821846,34.414776,60.568596,-0.042802,-0.779216,0.058369,-0.622562,
912,904010784,6.619761,9.642626,-2.636462,108.536934,32.514793,45.900589,-0.026836,-0.776335,0.053441,-0.627476,
913,904027451,9.366610,8.382653,-2.030504,56.126827,15.701277,22.066046,-0.018830,-0.774819,0.050657,-0.629869,
914,904044118,12.731829,6.881804,-1.398851,40.731388,24.765848,10.522778,-0.013686,-0.772464,0.047954,-0.633097,
915,904060785,11.995583,6.270633,-0.724478,34.873554,47.079021,10.598495,-0.009350,-0.767994,0.045750,-0.638752,
916,904077452,9.531290,5.644896,-0.333163,18.517490,50.659916,6.723641,-0.007227,-0.763141,0.044624,-0.644648,
917,904094119,9.436419,5.157982,-1.044872,1.302360,50.382763,-3.678900,-0.007990,-0.758317,0.043954,-0.650353,
918,904110786,10.126941,5.797921,-1.271645,-2.466110,56.464275,-17.876627,-0.010551,-0.752953,0.042063,-0.656643,
919,904127453,10.839434,7.223123,-0.874540,-1.531222,67.009796,-35.967842,-0.014805,-0.746616,0.038081,-0.663999,
920,904144120,7.576228,7.753701,-0.442139,-0.986682,78.019783,-49.685246,-0.020386,-0.739175,0.032526,-0.672419,
921,904160787,4.604741,9.064066,-3.531363,-36.222469,54.149105,-73.145752,-0.031933,-0.733927,0.027956,-0.677901,
922,904177454,4.050938,7.886406,-5.557248,-81.892151,11.193958,-116.528481,-0.052451,-0.732639,0.023448,-0.678188,
923,904194121,8.237806,7.830155,-3.437954,-73.031151,-38.141731,-147.641663,-0.074900,-0.736004,0.015113,-0.672651,
924,904210788,14.896349,5.148419,-2.138656,-79.491524,-51.907986,-154.772552,-0.098661,-0.740175,0.006787,-0.665102,
925,904227455,19.655781,2.674557,-2.599403,-27.879368,-47.918133,-130.069092,-0.114425,-0.744255,-0.003935,-0.658009,
926,904244122,18.199047,-2.444186,-4.102495,0.964395,27.366447,-103.229408,-0.124418,-0.741372,-0.015764,-0.659271,
927,904260789,11.660896,-2.645256,-4.726044,39.753078,50.984406,-111.594429,-0.130935,-0.736683,-0.032635,-0.662638,
928,904277456,9.392189,2.049888,-4.288396,75.348679,-6.947190,-129.710983,-0.135601,-0.737859,-0.053760,-0.659003,
929,904294123,11.613257,4.077195,-2.866615,50.736252,-39.139606,-130.322449,-0.143156,-0.741288,-0.071930,-0.651785,
930,904310790,13.386416,2.834099,-1.877324,36.618279,-54.248024,-112.011322,-0.150597,-0.745746,-0.086445,-0.643202,
931,904327457,12.991947,1.688464,-1.481179,9.334568,-60.001736,-95.885666,-0.159513,-0.750112,-0.096505,-0.634487,
932,904344124,11.034534,1.761300,-0.913993,-20.157618,-67.753708,-93.522346,-0.171490,-0.754328,-0.103378,-0.625215,
933,904360791,10.306974,1.820973,-0.805981,-52.029446,-78.503677,-94.718132,-0.187175,-0.758453,-0.107180,-0.615001,
934,904377458,11.226952,0.809749,-0.665440,-78.886406,-87.413475,-95.173340,-0.205919,-0.762306,-0.108341,-0.603944,
935,904394125,11.079847,0.634580,0.181596,-118.655991,-65.959694,-98.699341,-0.228930,-0.762611,-0.106981,-0.595458,
936,904410792,9.266435,-0.142245,-0.255562,-144.755203,-63.833065,-90.816139,-0.253967,-0.761484,-0.102487,-0.587486,
937,904427459,8.346375,-1.423466,-1.348980,-152.543457,-65.069054,-74.687256,-0.278326,-0.759874,-0.095422,-0.579673,
938,904444126,7.491932,-2.187178,-0.864017,-163.373413,-41.431782,-55.730354,-0.301761,-0.755572,-0.086240,-0.574990,
939,904460793,6.296442,-4.411974,-1.015611,-149.553406,-28.193878,-39.237320,-0.321949,-0.750521,-0.076928,-0.571969,
940,904477460,5.455671,-5.541740,-0.683188,-91.380920,-40.753914,-18.625975,-0.334091,-0.749188,-0.069588,-0.567676,
941,904494127,5.680111,-5.821954,0.022729,-36.888546,-39.090199,3.457795,-0.338406,-0.750484,-0.064410,-0.564008,
942,904510794,5.841855,-5.923715,0.902085,0.934872,-4.290686,22.796785,-0.336665,-0.750942,-0.061933,-0.564718,
943,904527461,6.086514,-3.105095,1.193757,84.995239,19.009411,42.757561,-0.323857,-0.753705,-0.065314,-0.568137,
944,904544128,7.329540,1.998627,0.449428,165.788574,23.592503,56.670361,-0.300862,-0.759706,-0.074032,-0.571706,
945,904560795,12.957254,7.108002,-4.723520,235.370514,16.577192,79.104469,-0.268099,-0.768833,-0.085676,-0.574176,
946,904577462,12.851435,14.548863,-9.382938,308.623016,43.737492,60.618607,-0.227899,-0.777002,-0.106412,-0.577066,
947,904594129,8.105192,18.600334,-11.469178,336.880768,0.730325,-10.163911,-0.190598,-0.786868,-0.135852,-0.571012,
948,904610796,6.205806,15.493316,-8.823215,222.241058,-31.423027,-38.539864,-0.169072,-0.794299,-0.157899,-0.561757,
949,904627463,5.139709,11.508257,-1.706066,41.515247,-56.284645,-2.849078,-0.165978,-0.799666,-0.160357,-0.554320,
950,904644130,5.825117,6.408135,-0.151746,-215.484375,-74.610382,59.066082,-0.188104,-0.801240,-0.134354,-0.551888,
951,904660797,22.100082,2.846398,4.180562,-412.915649,-175.477829,202.149307,-0.223108,-0.805780,-0.072695,-0.543744,
952,904677464,29.991884,-8.913392,3.899082,-214.674103,109.598923,161.796051,-0.234310,-0.791004,-0.040400,-0.563719,
953,904694131,10.342987,6.408648,1.363581,162.375381,206.886963,32.383282,-0.211791,-0.779042,-0.057139,-0.587344,
954,904710798,4.472386,15.476237,-18.660236,73.162361,88.767639,3.405745,-0.202647,-0.773487,-0.065856,-0.596921,
955,904727465,0.304338,1.894656,-1.380917,-233.185196,-125.851730,-58.347397,-0.235190,-0.776235,-0.048543,-0.582914,
956,904744132,15.972641,-19.001232,-0.120115,-123.206726,-66.393890,-67.517792,-0.255438,-0.776832,-0.043570,-0.573920,
957,904760799,14.676451,-26.486519,-8.240396,219.596222,35.096844,66.518066,-0.224910,-0.781903,-0.055796,-0.578731,
958,904777466,7.090044,-4.502936,-6.939581,349.437042,55.016575,120.635773,-0.174449,-0.788391,-0.073325,-0.585346,
959,904794133,10.636152,12.843552,-2.671761,241.518005,-3.084121,145.471909,-0.134449,-0.795538,-0.077182,-0.585735,
960,904810800,14.527526,19.467136,2.836653,55.017799,-58.079571,75.502815,-0.122471,-0.802177,-0.072100,-0.579925,
961,904827467,7.632482,5.013211,-8.361718,-201.060928,203.144257,-0.633700,-0.143930,-0.780628,-0.058889,-0.605339,
962,904844134,0.572684,-2.361398,-6.466967,55.974937,-8.570804,38.917698,-0.134411,-0.782715,-0.059327,-0.604789,
963,904860801,9.310131,3.947988,3.975178,-9.898581,-66.772751,59.910713,-0.131029,-0.788715,-0.050434,-0.598511,
964,904877468,9.543353,-0.214724,-6.085562,-46.921902,22.340799,60.348923,-0.131183,-0.786136,-0.039960,-0.602648,
965,904894135,8.809811,2.607866,-3.067909,17.806784,2.058785,74.413643,-0.122803,-0.786552,-0.033159,-0.604280,
966,904910802,6.854352,2.203027,-1.890552,-41.804348,-3.292632,72.053520,-0.121459,-0.786260,-0.021288,-0.605466,
967,904927469,8.595356,1.081250,-3.116721,-27.887573,-35.205883,60.471722,-0.119628,-0.788886,-0.011402,-0.602675,
968,904944136,11.217832,0.669978,-1.717606,-36.607880,-18.806227,60.884674,-0.118718,-0.789835,-0.000987,-0.601719,
969,904960803,10.626256,0.635655,-1.770888,-29.131430,4.602637,75.367249,-0.115666,-0.788768,0.010033,-0.603627,
970,904977470,8.461057,1.662508,-1.323778,-18.699440,6.438431,85.255424,-0.110532,-0.787585,0.021239,-0.605839,
971,904994137,7.608478,2.717240,-1.818209,-6.509161,-2.677083,85.092606,-0.103972,-0.787281,0.031496,-0.606948,
972,905010804,8.178673,3.363296,-2.311401,-4.885065,-9.265471,78.208420,-0.097789,-0.787506,0.040916,-0.607122,
973,905027471,9.328541,2.820735,-2.818220,-14.229526,-11.263830,68.334160,-0.093527,-0.787743,0.050054,-0.606801,
974,905044138,9.956586,2.360384,-3.019618,-12.572648,-8.512528,61.761322,-0.089667,-0.787736,0.058251,-0.606661,
975,905060805,10.490148,3.010376,-2.854286,13.721651,-2.351581,56.754684,-0.083282,-0.787511,0.063467,-0.607340,
976,905077472,10.548526,4.022174,-2.901232,44.167458,4.682192,54.311913,-0.073684,-0.786990,0.065624,-0.609024,
977,905094139,10.006986,5.049445,-3.835148,65.056877,8.011969,50.516136,-0.062056,-0.786340,0.065452,-0.611174,
978,905110806,10.961325,5.381466,-3.207460,61.578083,13.271590,36.649673,-0.052102,-0.785225,0.063947,-0.613691,
979,905127473,11.166603,6.131638,-2.197469,56.976376,24.203396,27.133139,-0.043623,-0.783108,0.061676,-0.617279,
980,905144140,10.011501,6.699691,-1.654075,46.307087,31.585773,21.272995,-0.036949,-0.780247,0.059643,-0.621523,
981,905160807,9.075027,6.043508,-2.040336,26.313576,34.643204,9.981127,-0.033593,-0.777054,0.058115,-0.625843,
982,905177474,9.748307,5.920527,-2.398157,6.909176,33.694355,-0.591272,-0.033385,-0.773916,0.057159,-0.629819,
983,905194141,10.797335,7.079802,-2.050757,-9.465302,37.787930,-8.945120,-0.035821,-0.770368,0.056740,-0.634058,
984,905210808,11.119329,7.428674,-0.743095,-20.164511,56.501080,-23.424131,-0.040946,-0.765108,0.055584,-0.640189,
985,905227475,8.636506,6.278072,0.990898,-10.897524,80.890564,-36.441196,-0.046446,-0.757635,0.051962,-0.648946,
986,905244142,6.085763,7.774387,-1.325392,-3.402576,74.612396,-58.680733,-0.053165,-0.750831,0.045213,-0.656797,
987,905260809,5.126328,8.080237,-5.172532,-78.249390,40.838848,-94.261963,-0.071222,-0.746697,0.041976,-0.660006,
988,905277476,6.601944,6.569553,-4.109130,-72.648468,-1.025699,-126.853256,-0.091517,-0.746531,0.035076,-0.658092,
989,905294143,12.766707,5.443233,-2.727138,-43.544399,-30.981434,-141.368622,-0.109846,-0.749338,0.024195,-0.652564,
990,905310810,17.676025,4.948408,-2.580976,-32.039497,-29.228397,-137.108047,-0.126474,-0.751796,0.012649,-0.647029,
991,905327477,15.697255,0.792910,-2.900700,-23.583122,21.140501,-108.507156,-0.139533,-0.749344,0.002500,-0.647308,
992,905344144,12.211754,1.721315,-4.243278,31.952801,39.280834,-115.349510,-0.147146,-0.746080,-0.013990,-0.649242,
993,905360811,11.035705,5.511458,-3.774770,66.317276,15.144158,-137.638962,-0.153121,-0.745470,-0.035621,-0.647734,
994,905377478,12.124887,4.816883,-2.904650,26.830296,-2.980789,-139.830048,-0.163605,-0.745326,-0.053351,-0.644109,
995,905394145,12.022685,1.453638,-2.829113,19.383665,-16.558388,-121.798599,-0.173250,-0.746129,-0.068084,-0.639249,
996,905410812,12.176603,0.063343,-2.273689,10.392090,-39.714275,-113.862274,-0.183304,-0.748696,-0.080514,-0.631958,
997,905427479,11.619889,-1.461091,-1.917916,-26.533508,-47.817955,-117.250046,-0.197722,-0.750730,-0.089675,-0.623914,
998,905444146,10.326391,-1.387425,-1.330365,-40.505383,-59.853992,-118.896576,-0.213892,-0.753142,-0.097366,-0.614448,
999,905460813,9.653463,-1.275688,-0.753066,-55.138325,-56.556824,-117.785194,-0.231426,-0.754501,-0.103688,-0.605325,
1000,905477480,8.005119,-1.246962,-0.232010,-62.375793,-60.432762,-102.823280,-0.248398,-0.755873,-0.107556,-0.596142,
1001,905494147,7.565746,0.909736,0.912657,-105.536819,-48.234959,-87.293373,-0.268472,-0.754552,-0.106370,-0.589286,
1002,905510814,6.849067,0.042583,-0.678636,-110.048470,-57.603760,-67.996887,-0.287412,-0.753824,-0.102267,-0.581967,
1003,905527481,7.027411,-0.904494,-1.882290,-123.981270,-55.728512,-44.777489,-0.305761,-0.752372,-0.094471,-0.575779,
1004,905544148,7.008807,-3.453832,-2.168842,-115.787292,-52.686764,-15.869470,-0.320628,-0.751131,-0.084297,-0.570871,
1005,905560815,6.398805,-6.523448,-2.315824,-64.280296,-67.547844,13.573882,-0.327519,-0.753685,-0.074465,-0.564929,
1006,905577482,7.110798,-7.620969,-0.123396,-17.403221,-85.794930,47.634708,-0.326602,-0.760195,-0.063865,-0.557992,
1007,905594149,10.253717,-4.601516,6.298107,-77.872192,-8.752452,85.067444,-0.328535,-0.757744,-0.047863,-0.561780,
1008,905610816,8.845996,-1.855789,7.413262,-88.013832,89.870773,96.280159,-0.329848,-0.746519,-0.034487,-0.576818,
1009,905627483,6.242061,3.932183,1.475162,141.670029,30.546219,78.931091,-0.307795,-0.750789,-0.039396,-0.583117,
1010,905644150,11.929174,11.995552,-7.138880,235.269226,26.702530,74.741005,-0.275617,-0.758850,-0.052491,-0.587730,
1011,905660817,13.171988,17.386051,-14.519641,259.950104,19.537245,16.621651,-0.245364,-0.767034,-0.073750,-0.588231,
1012,905677484,8.070527,18.448915,-13.652943,310.215515,-43.270100,-97.298508,-0.219473,-0.779743,-0.109635,-0.576031,
1013,905694151,7.844403,14.575490,-7.227918,342.012543,-48.320549,-73.226936,-0.187509,-0.792366,-0.145025,-0.562107,
1014,905710818,10.001975,13.227338,-0.811756,120.379395,-28.149885,46.998325,-0.170542,-0.798652,-0.148790,-0.557612,
1015,905727485,15.414532,10.488471,2.835455,-229.796936,-88.771774,175.907806,-0.184913,-0.803041,-0.107519,-0.556212,
1016,905744152,21.204845,4.684436,5.749169,-477.523438,-57.660526,176.231842,-0.226979,-0.795254,-0.046647,-0.560246,
1017,905760819,14.565770,-1.941073,7.778166,-148.913818,161.000656,11.929843,-0.242229,-0.776755,-0.038565,-0.580076,
1018,905777486,6.614976,9.493267,-4.746155,122.984962,137.684311,-36.002533,-0.230722,-0.768836,-0.057978,-0.593546,
1019,905794153,0.884392,-6.193391,-12.531869,-303.165558,-35.957554,-40.630516,-0.268401,-0.760504,-0.035222,-0.590215,
1020,905810820,14.810779,-20.731745,-2.984178,-100.256523,-91.678093,-36.997581,-0.283289,-0.763968,-0.027257,-0.579101,
1021,905827487,9.747601,-24.724621,-6.279220,264.143402,51.439552,47.928410,-0.249684,-0.769966,-0.046409,-0.585368,
1022,905844154,7.715491,-5.785188,-8.046063,389.087158,53.248741,119.375931,-0.195365,-0.778857,-0.068132,-0.592091,
1023,905860821,11.658996,8.317642,-5.951532,306.706635,2.629030,146.437927,-0.147949,-0.787709,-0.078060,-0.592901,
1024,905877488,18.508463,20.848871,2.678705,138.616028,-61.972008,96.300255,-0.124603,-0.796728,-0.077733,-0.586221,
1025,905894155,7.033051,12.202871,-1.262178,-189.555237,119.674164,17.031811,-0.143883,-0.782720,-0.061838,-0.602348,
1026,905910822,2.143137,-3.605397,-9.592645,-97.545700,35.834446,33.243179,-0.151933,-0.777602,-0.050361,-0.608042,
1027,905927489,8.775616,1.277117,-0.378087,72.156204,-61.881294,65.307373,-0.138627,-0.784908,-0.048093,-0.601987,
1028,905944156,10.027915,1.453226,-1.775126,-75.217934,14.198407,73.469337,-0.140863,-0.782439,-0.033512,-0.605660,
1029,905960823,9.281240,1.395421,-6.091794,-8.876545,1.764658,78.636635,-0.135129,-0.782306,-0.023925,-0.607590,
1030,905977490,6.833868,3.072613,-0.420203,-31.700951,23.722275,76.989677,-0.132040,-0.779668,-0.012936,-0.611977,
1031,905994157,6.291569,0.517478,-2.066768,-46.716240,-27.620686,70.611511,-0.131299,-0.781174,-0.000346,-0.610350,
1032,906010824,10.632632,-0.346482,-1.557704,-22.330147,-30.950535,62.344627,-0.128502,-0.783335,0.009203,-0.608102,
1033,906027491,11.393413,-1.110016,-2.050953,-5.458494,-0.348722,65.320923,-0.123547,-0.783024,0.017027,-0.609359,
1034,906044158,9.373519,-0.138047,-1.956200,15.062345,6.301408,73.845680,-0.115503,-0.782392,0.023883,-0.611516,
1035,906060825,7.692836,0.074896,-1.683011,16.667744,0.008369,73.927505,-0.107232,-0.782254,0.030707,-0.612892,
1036,906077492,8.910582,0.828399,-2.276475,30.272924,-16.910807,73.408279,-0.097370,-0.783741,0.036521,-0.612319,
1037,906094159,11.858751,1.959640,-2.504574,51.579838,-9.868814,72.795731,-0.085157,-0.784790,0.040261,-0.612562,
1038,906110826,12.158310,3.143810,-2.203315,50.395458,8.567334,72.651176,-0.073187,-0.784054,0.043856,-0.614800,
1039,906127493,10.368188,4.962198,-1.862427,35.373814,13.578917,76.760765,-0.062584,-0.782561,0.049202,-0.617463,
1040,906144160,8.204919,7.028214,-2.496229,52.505604,13.415572,80.168907,-0.049714,-0.781080,0.053389,-0.620155,
1041,906160827,7.285756,8.476555,-2.657412,56.385471,10.509007,64.873924,-0.037756,-0.779873,0.055500,-0.622328,
1042,906177494,8.873964,7.664152,-2.325567,37.202312,6.167673,39.443626,-0.030239,-0.779076,0.056479,-0.623647,
1043,906194161,12.347206,7.461360,-2.281904,14.054785,10.117435,22.988173,-0.026872,-0.777925,0.057672,-0.625128,
1044,906210828,12.433152,6.133963,-1.387090,3.784465,25.134235,22.355759,-0.024853,-0.775357,0.059666,-0.628206,
1045,906227495,10.386645,4.844468,-2.022283,-2.225296,35.731129,20.653494,-0.023761,-0.771791,0.061976,-0.632402,
1046,906244162,10.319971,4.554829,-3.264779,1.648527,41.528084,7.390149,-0.023508,-0.767795,0.062417,-0.637214,
1047,906260829,10.131577,6.745724,-2.160491,10.109954,56.060757,-3.741457,-0.023474,-0.762540,0.060778,-0.643651,
1048,906277496,10.181296,8.033621,-0.949219,-1.940082,67.690613,-23.467894,-0.026727,-0.756259,0.058031,-0.651145,
1049,906294163,8.821827,7.376276,0.227712,-11.912252,86.409950,-47.263000,-0.033487,-0.748243,0.053528,-0.660413,
1050,906310830,4.912496,6.588812,-2.002477,-35.903694,68.265739,-70.162689,-0.044912,-0.741860,0.048912,-0.667259,
1051,906327497,3.719627,5.534712,-4.369750,-86.112823,28.193953,-104.736732,-0.064811,-0.739041,0.045682,-0.668977,
1052,906344164,8.097059,5.001060,-3.374489,-39.128048,-3.567476,-147.519363,-0.083583,-0.739700,0.033560,-0.666882,
1053,906360831,16.155243,5.918602,-1.887048,-35.123611,-37.656467,-167.789490,-0.103677,-0.743382,0.019263,-0.660502,
1054,906377498,19.919567,3.628582,-2.885240,-16.331104,-21.332083,-137.210190,-0.118793,-0.745290,0.006209,-0.656042,
1055,906394165,16.463491,-0.446433,-3.925230,-13.871673,56.310658,-119.179741,-0.131945,-0.739517,-0.006469,-0.660047,
1056,906410832,11.869473,-0.578942,-3.283117,49.565521,45.293049,-134.741882,-0.139718,-0.735683,-0.026695,-0.662221,
1057,906427499,11.317180,2.836022,-3.921228,121.066788,14.268588,-143.344498,-0.140702,-0.735800,-0.054080,-0.660209,
1058,906444166,11.378889,4.071210,-3.244058,114.886650,-6.159307,-137.224426,-0.141818,-0.737272,-0.079760,-0.655710,
1059,906460833,12.063439,3.811615,-2.513092,73.721664,-35.631733,-123.322838,-0.146283,-0.740445,-0.099370,-0.648435,
1060,906477500,12.479617,2.289469,-1.727757,35.432995,-51.013058,-110.662659,-0.153840,-0.744136,-0.113638,-0.640063,
1061,906494167,12.019215,1.042285,-1.164984,-0.234406,-63.242867,-105.146713,-0.164894,-0.748011,-0.123678,-0.630867,
1062,906510834,11.081045,-0.451466,-0.914440,-34.755814,-67.055740,-105.942123,-0.179786,-0.751137,-0.130501,-0.621642,
1063,906527501,9.486311,-0.833657,-0.740087,-56.879593,-76.075783,-99.725151,-0.196633,-0.754329,-0.134358,-0.611776,
1064,906544168,9.366290,-0.958323,-0.632081,-76.763565,-81.206657,-97.601158,-0.215485,-0.757120,-0.136006,-0.601529,
1065,906560835,7.930133,-0.146206,-0.011003,-122.374847,-69.017288,-87.093529,-0.238083,-0.757223,-0.132817,-0.593540,
1066,906577502,7.175187,-0.647991,-0.746322,-142.442535,-76.184845,-70.707642,-0.261463,-0.757093,-0.125759,-0.585347,
1067,906594169,7.367101,-2.019170,-2.213362,-133.790115,-73.347115,-44.169308,-0.281423,-0.757081,-0.116547,-0.577967,
1068,906610836,6.404860,-3.652547,-1.974728,-124.492142,-63.404736,-17.798035,-0.297836,-0.756698,-0.105562,-0.572326,
1069,906627503,4.828684,-5.601941,-1.684812,-92.039528,-64.856430,-2.120890,-0.309290,-0.757822,-0.095454,-0.566510,
1070,906644170,5.232221,-6.941901,0.057132,-57.430382,-85.403023,25.171177,-0.314886,-0.762384,-0.084238,-0.559035,
1071,906660837,9.140577,-6.546557,4.649492,-105.275558,-38.518845,75.625183,-0.321010,-0.761327,-0.065659,-0.559484,
1072,906677504,9.460728,-3.869891,6.093386,-97.600281,82.318596,105.530655,-0.322539,-0.750712,-0.050001,-0.574369,
1073,906694171,5.455299,2.276254,3.218295,108.944572,56.065624,97.034393,-0.302239,-0.751505,-0.051263,-0.584177,
1074,906710838,12.632445,10.415266,-1.934149,233.846390,16.748322,92.016693,-0.268735,-0.760397,-0.061908,-0.588000,
1075,906727505,14.007154,17.345268,-14.399592,302.581238,61.415253,45.078449,-0.230795,-0.766448,-0.085259,-0.593315,
1076,906744172,8.832403,23.080761,-16.375490,318.713287,-66.070137,-75.475342,-0.202532,-0.780857,-0.118971,-0.578868,
1077,906760839,8.104591,19.946026,-6.488881,229.380890,-104.945702,-71.235062,-0.184344,-0.794504,-0.143321,-0.560570,
1078,906777506,7.356895,16.010561,0.657439,79.122314,-66.440582,8.659540,-0.176050,-0.801990,-0.147107,-0.551523,
1079,906794173,5.412997,7.640714,1.328590,-164.436691,5.999197,58.718906,-0.190528,-0.798149,-0.127311,-0.557179,
1080,906810840,20.961435,-3.718923,-2.443928,-393.404022,-131.047165,157.711685,-0.225623,-0.798980,-0.073400,-0.552573,
1081,906827507,25.701441,-16.656141,-0.560838,-300.142151,30.415295,140.155640,-0.248842,-0.787112,-0.034061,-0.563357,
1082,906844174,7.916023,-5.238624,12.992196,16.362972,154.136108,19.104752,-0.244778,-0.774830,-0.038921,-0.581556,
1083,906860841,6.373213,15.852221,-5.896667,266.129669,174.194000,-1.132011,-0.213847,-0.768594,-0.067839,-0.599108,
1084,906877508,-5.493917,5.548786,-11.531506,-153.585724,-39.921234,-16.258942,-0.232971,-0.766779,-0.055139,-0.595595,
1085,906894175,17.025103,-9.042676,3.086878,-115.437645,-155.140564,-46.993759,-0.251267,-0.775465,-0.045230,-0.577471,
1086,906910842,24.855253,-22.857218,-8.476381,179.212173,91.398727,49.928791,-0.226350,-0.774174,-0.058102,-0.588255,
1087,906927509,4.831628,-8.553347,-6.023058,296.309387,90.482155,82.120514,-0.185153,-0.775901,-0.077239,-0.598105,
1088,906944176,6.384185,5.192338,-6.222659,212.798859,47.495922,100.519264,-0.151937,-0.778017,-0.085750,-0.603532,
1089,906960843,10.144123,17.730883,-0.442241,159.599060,-152.586823,108.057991,-0.126387,-0.795652,-0.084214,-0.586405,
1090,906977510,14.078100,12.343507,-3.385663,-113.374519,89.754005,24.725409,-0.136457,-0.785897,-0.073426,-0.598626,
1091,906994177,2.401911,-1.534469,-8.072219,-91.367798,113.420418,30.932417,-0.143157,-0.774216,-0.064279,-0.613158,
1092,907010844,7.713719,2.199969,1.991284,35.760509,-91.388474,65.080399,-0.134356,-0.783473,-0.058335,-0.603916,
1093,907027511,10.148949,1.136136,-1.753197,-95.695763,22.074619,79.733093,-0.138243,-0.780075,-0.041375,-0.608818,
1094,907044178,8.498168,1.406058,-5.120479,-19.335857,-6.739204,88.652023,-0.132815,-0.780619,-0.029573,-0.610016,
1095,907060845,7.429382,3.308738,0.174729,-60.113609,7.552000,83.311203,-0.132402,-0.778932,-0.015030,-0.612787,
1096,907077512,7.379365,0.137608,-3.243206,-64.444092,-29.834833,68.394196,-0.133863,-0.780296,-0.001069,-0.610915,
1097,907094179,10.128514,0.117707,-1.405404,-50.257244,-30.581919,68.073036,-0.133717,-0.781858,0.011612,-0.608836,
1098,907110846,10.410949,-0.430240,-1.208323,-41.112125,-11.592187,80.883354,-0.131405,-0.781763,0.024567,-0.609078,
1099,907127513,9.390349,0.733615,-1.410216,-16.180975,-3.900137,85.779106,-0.125830,-0.781315,0.035719,-0.610277,
1100,907144180,8.680976,1.834896,-1.420178,-3.214432,-5.961729,81.758133,-0.119108,-0.781193,0.045298,-0.611145,
1101,907160847,8.971516,2.576139,-1.073875,8.304787,-8.779165,80.847984,-0.111125,-0.781421,0.053791,-0.611669,
1102,907177514,9.544768,2.428157,-1.929796,5.700861,-7.656781,72.914284,-0.104138,-0.781472,0.061589,-0.612097,
1103,907194181,9.402102,1.686814,-2.730272,-3.782794,-8.163473,62.903790,-0.099107,-0.781440,0.069095,-0.612173,
1104,907210848,10.029005,2.208572,-2.587074,9.933822,-7.657687,60.785637,-0.092703,-0.781519,0.075126,-0.612364,
1105,907227515,10.413342,3.286663,-2.862073,37.432518,-3.093281,64.587326,-0.082876,-0.781447,0.079070,-0.613367,
1106,907244182,9.871444,4.420028,-3.602023,55.143242,0.725531,67.235863,-0.070835,-0.781113,0.081679,-0.614957,
1107,907260849,10.348507,5.414951,-3.445201,57.828144,1.736436,58.790470,-0.059246,-0.780703,0.083064,-0.616517,
1108,907277516,11.527435,6.060875,-2.631213,54.191742,11.382651,42.425045,-0.049650,-0.779501,0.082824,-0.618913,
1109,907294183,10.409513,6.957514,-2.876618,42.341373,20.829576,28.204037,-0.042791,-0.777472,0.081962,-0.622084,
1110,907310850,9.104795,6.511927,-2.337605,29.853582,26.115578,12.334248,-0.038842,-0.775038,0.080396,-0.625575,
1111,907327517,9.803782,5.809244,-1.873310,11.166581,23.375174,-3.968185,-0.038454,-0.772918,0.078706,-0.628429,
1112,907344184,11.098727,6.018357,-1.561728,-4.535498,26.807327,-12.437873,-0.040646,-0.770480,0.077477,-0.631431,
1113,907360851,11.948699,6.114450,-0.906546,-8.949777,40.807934,-22.856916,-0.044449,-0.766819,0.075399,-0.635867,
1114,907377518,10.932996,5.099265,0.140754,5.475189,71.730888,-34.216633,-0.048031,-0.760442,0.070511,-0.643776,
1115,907394185,7.389641,5.630024,0.577809,29.903934,89.251038,-42.604633,-0.049869,-0.752540,0.062272,-0.653696,
1116,907410852,5.250726,6.851552,-1.814873,0.925129,69.554604,-67.075806,-0.057019,-0.746357,0.054237,-0.660876,
1117,907427519,6.666789,6.250807,-5.073740,-47.369560,39.677036,-112.310875,-0.073510,-0.742792,0.046166,-0.663871,
1118,907444186,8.858588,5.570328,-4.460938,-18.957273,1.234322,-143.052383,-0.089613,-0.743150,0.032421,-0.662304,
1119,907460853,14.419187,5.121655,-0.209045,6.184994,-11.372725,-142.001144,-0.102800,-0.744715,0.016517,-0.659210,
1120,907477520,17.827635,4.080856,-0.976519,0.700921,-14.284994,-119.442856,-0.114375,-0.746143,0.003619,-0.655877,
1121,907494187,14.418284,1.368486,-2.480558,-19.655197,40.196957,-104.421097,-0.126722,-0.741805,-0.006615,-0.658500,
1122,907510854,11.378435,1.331289,-3.114743,13.028521,38.394691,-112.072189,-0.136237,-0.738016,-0.020770,-0.660561,
1123,907527521,11.651148,4.334556,-3.295920,66.387390,11.818962,-123.218391,-0.141126,-0.737533,-0.040713,-0.659144,
1124,907544188,11.448057,4.673084,-3.283412,32.907337,2.244603,-124.304443,-0.149712,-0.736988,-0.057350,-0.656617,
1125,907560855,10.564163,2.332809,-3.018776,3.829358,-13.738850,-113.348900,-0.160454,-0.737192,-0.069670,-0.652647,
1126,907577522,10.545144,0.337692,-2.340602,0.744792,-35.613735,-104.773819,-0.170890,-0.739286,-0.080249,-0.646384,
1127,907594189,11.061998,-0.913729,-1.868652,-7.480416,-51.129467,-99.327240,-0.181832,-0.742501,-0.089060,-0.638511,
1128,907610856,10.507284,-1.365747,-1.168913,-22.543745,-49.579041,-97.691772,-0.194179,-0.744996,-0.096313,-0.630871,
1129,907627523,9.369762,-1.142604,-0.517819,-44.583488,-58.625126,-97.545677,-0.208967,-0.747480,-0.101242,-0.622380,
1130,907644190,8.698771,-0.020519,-0.131430,-59.289322,-56.532730,-95.186508,-0.225038,-0.749115,-0.104612,-0.614199,
1131,907660857,7.536665,0.681482,0.055031,-80.691261,-53.489265,-88.080917,-0.242679,-0.749621,-0.105358,-0.606691,
1132,907677524,6.815181,0.642701,-0.770817,-110.066101,-62.794861,-79.172104,-0.262774,-0.749730,-0.102167,-0.598678,
1133,907694191,7.130750,-0.409076,-1.948437,-120.519798,-58.933098,-64.094513,-0.282513,-0.748970,-0.096521,-0.591534,
1134,907710858,8.084590,-2.648866,-3.071776,-113.056099,-60.230610,-33.063595,-0.298667,-0.748748,-0.088042,-0.585169,
1135,907727525,7.968218,-4.744039,-2.850182,-80.613235,-49.998493,-0.288306,-0.308281,-0.749273,-0.079172,-0.580761,
1136,907744192,6.737041,-7.012613,-1.552469,-38.673298,-61.715778,21.746336,-0.311548,-0.752807,-0.070904,-0.575492,
1137,907760859,7.264992,-6.371120,1.958619,-17.790682,-70.716827,49.349010,-0.310263,-0.758222,-0.060943,-0.570195,
1138,907777526,9.166046,-1.409189,6.894839,-90.284866,-2.925483,74.447105,-0.314218,-0.754795,-0.045245,-0.574024,
1139,907794193,7.332193,2.259165,5.979828,-49.961842,51.227295,72.359444,-0.313484,-0.748484,-0.035605,-0.583294,
1140,907810860,9.287918,10.131248,-1.675954,173.909149,14.904607,65.255356,-0.289025,-0.755067,-0.044056,-0.586853,
1141,907827527,11.507968,17.083506,-8.937997,222.525940,20.664005,50.366219,-0.260200,-0.762417,-0.058494,-0.589572,
1142,907844194,9.552301,19.965370,-13.238757,225.681473,-59.232746,-39.081371,-0.239081,-0.775108,-0.080031,-0.579346,
1143,907860861,7.681420,15.192773,-11.458606,242.827850,-87.869148,-94.740875,-0.220725,-0.789089,-0.108182,-0.562952,
1144,907877528,7.945059,11.434885,-6.085093,253.924469,-67.122307,-34.804493,-0.195527,-0.801462,-0.130866,-0.549819,
1145,907894195,14.752277,7.707433,1.852280,-39.922554,-76.078522,96.088387,-0.194104,-0.807961,-0.114426,-0.544454,
1146,907910862,22.883902,-2.476000,2.429180,-299.379456,-45.101730,187.746353,-0.215095,-0.804984,-0.067390,-0.548811,
1147,907927529,13.939946,-1.514250,11.303199,-366.851593,-2.072256,125.261246,-0.247910,-0.793490,-0.023432,-0.555306,
1148,907944196,12.113561,2.249629,9.747344,-143.615234,198.218948,15.011832,-0.262641,-0.771714,-0.017375,-0.578943,
1149,907960863,3.997549,15.636346,-6.901980,174.776489,96.613106,-38.093189,-0.246086,-0.769679,-0.040183,-0.587725,
1150,907977530,5.770040,-6.433500,-13.881235,-213.998123,-65.011192,-51.472355,-0.274892,-0.766700,-0.025438,-0.579618,
1151,907994197,19.905581,-18.587019,-2.755982,-49.663746,-58.914612,-7.158555,-0.281442,-0.769467,-0.019831,-0.572990,
1152,908010864,6.825298,-24.253077,-5.326026,293.158783,83.510780,64.973083,-0.242901,-0.773768,-0.040517,-0.583644,
1153,908027531,5.062004,-3.250588,-8.898525,396.217560,93.058662,113.182487,-0.187918,-0.778935,-0.064735,-0.594774,
1154,908044198,7.887657,11.785154,-7.450383,254.776199,-49.162548,162.256287,-0.145494,-0.790773,-0.067097,-0.590768,
1155,908060865,20.438532,23.427546,2.275144,151.115875,-258.135376,107.877884,-0.121403,-0.816226,-0.062254,-0.561391,
1156,908077532,13.019898,9.354304,-3.814476,-319.487579,356.452332,-15.569346,-0.157241,-0.779249,-0.044291,-0.605049,
1157,908094199,-4.385179,-7.059528,-10.232148,-27.128122,31.143898,36.737473,-0.157078,-0.775964,-0.038563,-0.609687,
1158,908110866,9.807232,3.862541,3.744828,55.796688,-126.961159,83.720749,-0.144227,-0.788624,-0.031262,-0.596902,
1159,908127533,9.324687,1.521373,-2.503866,-126.903137,36.193237,82.148102,-0.151650,-0.782864,-0.011687,-0.603315,
1160,908144200,8.335551,0.848763,-8.038984,-9.515347,-28.127468,74.407715,-0.146446,-0.785073,-0.001871,-0.601839,
1161,908160867,7.656621,2.381357,0.341288,-41.887142,5.374022,64.265633,-0.145798,-0.783558,0.008909,-0.603903,
1162,908177534,8.158225,-1.950112,-3.324446,-61.295238,-52.426250,53.615627,-0.148199,-0.786598,0.021403,-0.599034,
1163,908194201,11.988171,-1.144401,-2.876568,-7.909350,-33.062233,64.416756,-0.143588,-0.788950,0.030061,-0.596688,
1164,908210868,10.930185,0.760220,-1.017564,-21.001900,0.305227,78.199638,-0.139410,-0.787977,0.040737,-0.598329,
1165,908227535,8.822558,2.625954,-1.293942,-9.014440,6.010221,81.876030,-0.133552,-0.786620,0.050671,-0.600687,
1166,908244202,7.404208,2.851865,-1.846201,1.524289,-1.302882,77.938354,-0.126762,-0.786031,0.059368,-0.602131,
1167,908260869,8.354782,1.451093,-2.430411,24.734982,-14.158531,71.156456,-0.117787,-0.786959,0.065488,-0.602107,
1168,908277536,10.849768,0.665309,-3.059730,33.464596,-24.011166,62.667007,-0.108448,-0.788889,0.070031,-0.600823,
1169,908294203,11.651106,1.642380,-3.496534,35.399578,-9.397178,59.300262,-0.099319,-0.789524,0.073781,-0.601119,
1170,908310870,10.684031,4.678910,-3.643606,47.753414,-0.045463,59.462051,-0.088847,-0.789433,0.076327,-0.602558,
1171,908327537,9.506794,7.706986,-3.194805,51.979893,2.953934,59.962826,-0.077870,-0.789030,0.078510,-0.604321,
1172,908344204,8.139574,7.238815,-2.226919,45.279099,8.036346,56.350281,-0.068031,-0.788054,0.080800,-0.606477,
1173,908360871,10.117574,7.132544,-2.282498,33.886425,3.428608,42.103687,-0.060698,-0.787473,0.082500,-0.607779,
1174,908377538,12.564741,7.276926,-1.425894,24.114386,19.068079,26.002666,-0.056096,-0.785580,0.083076,-0.610586,
1175,908394205,10.718957,6.953643,-1.210091,23.214190,36.555904,16.641958,-0.052640,-0.782209,0.082515,-0.615279,
1176,908410872,9.001883,6.979228,-1.619310,15.275000,44.058781,0.625665,-0.051611,-0.778261,0.080780,-0.620580,
1177,908427539,8.549739,7.311467,-0.512140,10.953963,55.702930,-17.391518,-0.052834,-0.773393,0.077301,-0.626974,
1178,908444206,8.943431,8.557878,0.844672,6.449046,72.392151,-33.813435,-0.056247,-0.767067,0.072248,-0.634999,
1179,908460873,9.790070,8.886183,0.639447,-2.750795,82.848656,-52.812195,-0.062544,-0.759764,0.065824,-0.643827,
1180,908477540,7.619097,7.358712,-2.144474,-11.575818,92.498703,-70.227219,-0.071526,-0.751450,0.058195,-0.653314,
1181,908494207,4.994826,6.516714,-6.400347,-55.608051,52.586361,-96.205048,-0.087432,-0.746454,0.052307,-0.657590,
1182,908510874,7.500511,5.050562,-3.438518,49.570797,15.034794,-134.886230,-0.095301,-0.746392,0.032617,-0.657839,
1183,908527541,14.001754,7.735215,-1.147750,40.543049,-44.163383,-161.104828,-0.106327,-0.751590,0.011746,-0.650898,
1184,908544208,19.448338,4.245190,-0.909947,-38.896793,-19.693758,-128.577438,-0.122947,-0.752801,0.001564,-0.646663,
1185,908560875,17.581785,1.098625,-7.525194,-38.208374,31.120333,-98.723831,-0.136656,-0.748986,-0.006322,-0.648309,
1186,908577542,12.385930,5.316815,-7.961487,14.234575,74.297058,-110.635727,-0.145688,-0.741886,-0.021307,-0.654160,
1187,908594209,11.278040,6.305825,-4.467282,-48.606205,4.618092,-134.467255,-0.163923,-0.739704,-0.031400,-0.651906,
1188,908610876,11.308391,0.356805,-2.483732,-60.345364,-7.966746,-125.292404,-0.182539,-0.738157,-0.039080,-0.648287,
1189,908627543,11.150449,-2.598056,-2.163318,-11.035858,-30.832649,-109.728966,-0.194459,-0.739904,-0.049118,-0.642118,
1190,908644210,10.974156,-2.696114,-1.884700,-15.806858,-41.665222,-97.002129,-0.205726,-0.742423,-0.057019,-0.635007,
1191,908660877,10.211564,-2.277189,-2.197501,-26.231503,-56.110245,-90.514755,-0.217585,-0.745830,-0.062809,-0.626457,
1192,908677544,9.231966,-1.367205,-1.820911,-48.792896,-69.341988,-87.858833,-0.231704,-0.749538,-0.065817,-0.616582,
1193,908694211,8.824023,-0.796048,-0.783423,-64.953979,-61.566071,-87.364754,-0.247388,-0.751764,-0.067561,-0.607524,
1194,908710878,7.493563,0.244086,1.024487,-94.237968,-60.405537,-78.491058,-0.265387,-0.752643,-0.065763,-0.598976,
1195,908727545,7.309009,0.715984,1.474477,-146.785141,-60.924660,-67.684944,-0.288061,-0.751251,-0.058150,-0.590982,
1196,908744212,7.397727,-1.188159,-0.809765,-133.621445,-65.230186,-52.309139,-0.307843,-0.750471,-0.049774,-0.582708,
1197,908760879,7.306155,-2.476336,-1.115629,-113.581985,-48.948219,-33.728298,-0.323608,-0.749011,-0.041774,-0.576640,
1198,908777546,7.142990,-4.959774,-0.910419,-76.485985,-45.000465,-9.644297,-0.333201,-0.748918,-0.034435,-0.571762,
1199,908794213,7.956183,-7.027534,0.291914,-37.683235,-48.009720,11.873510,-0.336750,-0.750970,-0.027826,-0.567335,
1200,908810880,9.175004,-5.798728,3.668300,-31.139891,-21.172871,35.293488,-0.337517,-0.751172,-0.020511,-0.566924,
1201,908827547,9.540004,-1.818324,5.109731,-27.370872,32.284214,50.735680,-0.336411,-0.747141,-0.014438,-0.573061,
1202,908844214,7.374452,1.859793,0.882759,70.074379,59.744274,35.024178,-0.325917,-0.745444,-0.019536,-0.581128,
1203,908860881,5.701698,7.652504,-5.006843,235.341980,41.820683,1.786160,-0.300141,-0.752474,-0.041337,-0.584798,
1204,908877548,9.856052,11.219481,-9.047490,287.355316,25.987505,-2.989521,-0.268734,-0.761981,-0.067332,-0.585348,
1205,908894215,10.759199,14.392949,-11.231090,347.352386,2.121015,-20.192179,-0.231806,-0.774056,-0.099259,-0.580733,
1206,908910882,8.257407,16.425827,-8.961472,379.977203,-48.902405,-24.806290,-0.191682,-0.789283,-0.132458,-0.568106,
1207,908927549,7.131450,15.422449,-3.099787,208.230133,-80.048157,8.333358,-0.168725,-0.801304,-0.146535,-0.554951,
1208,908944216,6.717262,15.570606,-0.503084,-5.221864,-60.413780,32.859715,-0.168152,-0.806570,-0.140927,-0.548916,
1209,908960883,10.593004,10.017564,-0.046740,-232.493439,-44.930248,75.185364,-0.190426,-0.805342,-0.112497,-0.550005,
1210,908977550,29.307922,-3.828240,-5.103203,-431.676910,-98.221245,173.875931,-0.228407,-0.802021,-0.054793,-0.549172,
1211,908994217,13.162096,-6.730225,3.789564,-243.795303,90.236305,102.649765,-0.247938,-0.786736,-0.026450,-0.564688,
1212,909010884,13.156948,6.064138,5.898378,25.740108,153.339767,-16.521538,-0.245903,-0.774666,-0.036116,-0.581481,
1213,909027551,5.156488,14.321662,-11.002958,65.534348,75.477493,-45.738403,-0.242170,-0.770142,-0.049640,-0.588022,
1214,909044218,0.986220,-8.183330,-7.772996,-263.450867,-111.214615,-75.216049,-0.278891,-0.768972,-0.031710,-0.574365,
1215,909060885,18.953587,-27.672249,-1.232512,-51.368774,-69.500954,-40.422810,-0.288514,-0.772294,-0.029258,-0.565213,
1216,909077552,7.415055,-21.509422,-9.481763,384.663544,58.750694,90.590775,-0.237346,-0.782548,-0.053244,-0.573105,
1217,909094219,8.423405,1.567153,-5.276721,348.650360,31.007252,150.082031,-0.184759,-0.791826,-0.066332,-0.578339,
1218,909110886,15.439309,16.341003,0.215384,268.413391,-116.095406,176.489105,-0.140094,-0.809397,-0.065501,-0.566532,
1219,909127553,18.684753,19.037395,0.066789,-79.104210,80.449356,24.426531,-0.146792,-0.801143,-0.057856,-0.577299,
1220,909144220,1.189608,0.623219,-9.875424,-187.280167,278.052917,0.462025,-0.166246,-0.772719,-0.048064,-0.610702,
1221,909160887,1.024774,-1.920764,-4.710645,143.367386,-144.002930,46.996567,-0.147090,-0.788817,-0.052124,-0.594487,
1222,909177554,12.544534,4.483961,3.868767,-29.167757,-30.958160,63.973774,-0.145326,-0.791176,-0.041710,-0.592605,
1223,909194221,8.000755,-0.262385,-8.247249,-46.337624,27.878233,67.745941,-0.144835,-0.788012,-0.030619,-0.597597,
1224,909210888,8.862970,2.627189,-4.116248,43.225391,-1.465792,78.667252,-0.133237,-0.789208,-0.025438,-0.598958,
1225,909227555,7.090804,2.104066,-0.785807,-46.016815,3.120643,68.320663,-0.132745,-0.788117,-0.013755,-0.600882,
1226,909244222,9.040533,-0.452945,-4.922420,-10.575271,-34.875908,60.450760,-0.128940,-0.790920,-0.005336,-0.598156,
1227,909260889,11.293779,1.248603,-1.295164,-9.441430,-6.499661,66.982101,-0.124399,-0.791204,0.003204,-0.598757,
1228,909277556,10.104710,1.451730,-1.827700,-30.577925,10.090425,74.284172,-0.121649,-0.789567,0.014125,-0.601320,
1229,909294223,8.302663,2.226827,-1.546198,-23.238091,6.368885,79.154152,-0.117604,-0.788265,0.025027,-0.603474,
1230,909310890,7.532624,1.308783,-2.248492,-25.038122,-10.540174,80.260452,-0.113591,-0.788298,0.036499,-0.603614,
1231,909327557,8.711301,0.688326,-2.030952,-11.235409,-23.882717,82.318077,-0.107727,-0.789602,0.047210,-0.602241,
1232,909344224,10.814061,1.157240,-2.566854,2.750311,-22.429369,77.735184,-0.100652,-0.790916,0.056140,-0.600973,
1233,909360891,11.040702,2.120307,-2.710400,2.629208,-7.681674,69.091553,-0.094456,-0.790919,0.063864,-0.601204,
1234,909377558,10.567575,3.347993,-2.979295,27.514210,2.065093,65.665092,-0.085778,-0.790364,0.068877,-0.602680,
1235,909394225,9.556572,4.982754,-3.578760,61.628941,8.227365,66.021179,-0.073199,-0.789583,0.070855,-0.605128,
1236,909410892,9.616275,5.257547,-2.644712,70.377464,13.170179,60.152370,-0.060171,-0.788383,0.071321,-0.608066,
1237,909427559,11.188379,6.500166,-2.738281,70.187935,15.928127,49.602821,-0.048119,-0.786914,0.070558,-0.611123,
1238,909444226,10.553487,6.792550,-2.513864,53.012032,32.735031,32.825237,-0.039693,-0.783901,0.069273,-0.615730,
1239,909460893,9.297037,6.567021,-1.837431,48.952511,36.321163,16.577312,-0.033221,-0.780634,0.066472,-0.620554,
1240,909477560,8.918365,5.601945,-2.362714,40.613300,39.883533,1.815033,-0.029063,-0.777089,0.062722,-0.625583,
1241,909494227,9.285947,5.643661,-2.338722,31.023745,41.236691,-11.055843,-0.027172,-0.773446,0.058380,-0.630582,
1242,909510894,10.246049,7.146413,-1.580242,18.307367,44.894825,-22.873692,-0.027828,-0.769471,0.053855,-0.635798,
1243,909527561,10.504564,7.067819,-0.447230,5.409156,59.992176,-36.118111,-0.031272,-0.764084,0.048973,-0.642494,
1244,909544228,8.328697,6.214774,0.438681,8.337348,77.353706,-46.726383,-0.035503,-0.757052,0.042551,-0.650999,
1245,909560895,6.037864,6.769204,-1.255065,0.286237,67.482933,-66.878853,-0.042464,-0.750894,0.034714,-0.658141,
1246,909577562,6.862026,6.173287,-4.795288,-35.482403,42.970055,-106.087517,-0.056952,-0.746867,0.026160,-0.662012,
1247,909594229,8.267637,5.168742,-5.007564,-19.124876,8.126139,-139.261963,-0.072705,-0.746181,0.012705,-0.661639,
1248,909610896,13.817263,5.409427,-1.172494,9.161338,-12.040215,-142.976501,-0.085679,-0.747415,-0.003669,-0.658799,
1249,909627563,17.920694,3.890551,-1.011370,16.808500,-10.204271,-122.765968,-0.095853,-0.748288,-0.018600,-0.656148,
1250,909644230,15.062943,0.730610,-1.565238,11.039783,33.545166,-104.437439,-0.104758,-0.744731,-0.031592,-0.658333,
1251,909660897,11.749595,1.210551,-2.634712,33.458794,30.621534,-110.081535,-0.111758,-0.741556,-0.047287,-0.659824,
1252,909677564,11.462035,4.517223,-3.945477,73.621948,-0.336958,-118.623680,-0.115417,-0.741678,-0.067236,-0.657321,
1253,909694231,11.094878,5.929695,-4.025848,49.584934,-6.738334,-124.540718,-0.122252,-0.741653,-0.085392,-0.653997,
1254,909710898,10.550338,3.670977,-2.936085,9.552530,-20.996077,-116.079178,-0.132735,-0.742123,-0.098546,-0.649556,
1255,909727565,11.148308,1.285464,-2.162237,2.897115,-46.266441,-104.128662,-0.143131,-0.744808,-0.109264,-0.642523,
1256,909744232,11.704661,0.113255,-1.712836,-18.578062,-58.723610,-97.027176,-0.155347,-0.748112,-0.116915,-0.634449,
1257,909760899,10.705353,-0.487130,-1.467810,-45.772976,-63.769707,-95.623489,-0.170428,-0.751063,-0.121753,-0.626126,
1258,909777566,9.780668,-0.496488,-1.272401,-64.060959,-68.207748,-98.088951,-0.187746,-0.753650,-0.125040,-0.617356,
1259,909794233,8.445136,-0.010451,-0.680434,-96.876389,-59.004112,-93.329468,-0.207984,-0.754277,-0.125055,-0.610057,
1260,909810900,7.660761,0.186052,-0.554090,-126.112228,-68.554909,-81.706856,-0.230461,-0.754684,-0.120847,-0.602275,
1261,909827567,7.090574,-0.369801,-0.926846,-143.263382,-66.059212,-71.199959,-0.253714,-0.754020,-0.113991,-0.595054,
1262,909844234,7.127178,-1.535338,-2.105974,-139.228806,-61.656380,-55.850727,-0.274970,-0.752925,-0.105895,-0.588457,
1263,909860901,7.445603,-3.476190,-2.791222,-117.606804,-59.949055,-29.924681,-0.291480,-0.752589,-0.096827,-0.582472,
1264,909877568,7.183835,-5.836593,-2.658638,-77.483521,-48.534264,-3.871179,-0.301145,-0.753141,-0.088761,-0.578111,
1265,909894235,6.690887,-7.834498,-1.528112,-21.744343,-56.379284,17.162327,-0.302994,-0.756969,-0.082720,-0.573018,
1266,909910902,7.891962,-7.540928,2.405077,-16.286348,-49.633793,49.503639,-0.301434,-0.760795,-0.073862,-0.569976,
1267,909927569,9.671415,-2.273545,8.624640,-98.929581,31.632040,78.264511,-0.305688,-0.754393,-0.058513,-0.577946,
1268,909944236,7.667328,1.416946,5.049299,9.899831,61.961060,75.541222,-0.297886,-0.750043,-0.053941,-0.588038,
1269,909960903,10.831396,11.899120,-3.124507,265.719543,7.207816,73.786736,-0.262496,-0.760766,-0.069014,-0.589548,
1270,909977570,11.751297,18.825764,-9.679181,282.725616,32.413891,54.557316,-0.226183,-0.768505,-0.088520,-0.591950,
1271,909994237,9.140108,19.226307,-14.255420,254.304886,-35.558880,-42.633469,-0.201926,-0.778685,-0.114068,-0.582978,
1272,910010904,6.765857,15.195539,-11.031601,259.359711,-56.408527,-80.180367,-0.180324,-0.788975,-0.143513,-0.569565,
1273,910027571,7.559340,14.136203,-1.436094,164.625244,-59.030258,-11.798615,-0.163778,-0.797536,-0.157040,-0.558973,
1274,910044238,10.327400,10.528829,1.700012,-86.752136,-29.770004,83.785568,-0.167875,-0.799528,-0.139666,-0.559522,
1275,910060905,21.292036,2.040942,-0.706184,-367.319305,-102.220818,157.012833,-0.199767,-0.800484,-0.088932,-0.558040,
1276,910077572,17.472626,-5.797092,3.868220,-376.153870,47.208111,89.830803,-0.235523,-0.785463,-0.049331,-0.570212,
1277,910094239,11.244794,-2.711918,7.531596,65.983170,162.765274,-24.448812,-0.228973,-0.773646,-0.063293,-0.587398,
1278,910110906,4.613309,12.809357,-11.551099,104.377586,165.043900,-26.239292,-0.218063,-0.762314,-0.080761,-0.603989,
1279,910127573,-1.826438,-2.772608,-11.835009,-189.567108,-101.851334,-33.231667,-0.243291,-0.764324,-0.064649,-0.593665,
1280,910144240,20.508295,-14.928560,2.078672,-122.335220,-126.596779,-36.207771,-0.261329,-0.770179,-0.053743,-0.579346,
1281,910160907,12.945009,-23.563690,-6.991906,239.362213,75.624580,54.324444,-0.229371,-0.772651,-0.070793,-0.587696,
1282,910177574,7.146086,-2.502030,-5.450838,298.418396,33.971077,118.935371,-0.185268,-0.779935,-0.084107,-0.591863,
1283,910194241,10.959069,10.419904,-1.499164,220.328186,-14.954117,139.768204,-0.148483,-0.788170,-0.086870,-0.590927,
1284,910210908,14.587991,17.132250,4.295889,64.838829,-53.436134,78.063629,-0.135181,-0.794905,-0.082439,-0.585709,
1285,910227575,10.325604,5.446796,-6.338584,-185.036606,145.441055,1.777222,-0.154785,-0.778293,-0.069396,-0.604554,
1286,910244242,3.009985,-2.773148,-6.560591,43.190678,30.744522,33.880959,-0.146795,-0.776733,-0.070159,-0.608452,
1287,910260909,8.824098,3.537230,2.841720,4.506197,-36.915344,55.930660,-0.141900,-0.780494,-0.063556,-0.605519,
1288,910277576,8.485143,0.000833,-6.042249,-40.885506,20.620651,66.776146,-0.140655,-0.778262,-0.052905,-0.609692,
1289,910294243,8.199058,2.846668,-3.653985,29.267036,2.014158,74.835335,-0.130878,-0.779073,-0.047173,-0.611301,
1290,910310910,7.433867,2.875497,-0.890899,-36.019150,-3.085409,67.964287,-0.129127,-0.778950,-0.036313,-0.612571,
1291,910327577,8.737877,0.450211,-3.642608,-27.417955,-27.028982,58.280289,-0.127378,-0.780983,-0.026863,-0.610833,
1292,910344244,10.852364,0.532786,-1.645861,-19.251474,-14.397110,57.886761,-0.124674,-0.781975,-0.018415,-0.610436,
1293,910360911,10.471655,0.238298,-1.881576,-23.791101,4.482946,65.892601,-0.121713,-0.781159,-0.008993,-0.612287,
1294,910377578,9.463335,1.180893,-0.916374,-16.462946,6.572785,75.008331,-0.117090,-0.780210,0.000776,-0.614460,
1295,910394245,8.843807,1.439760,-0.442976,-19.079206,1.554825,81.691826,-0.112151,-0.779560,0.011624,-0.616094,
1296,910410912,9.202403,1.351111,-1.355423,-8.074382,-2.123626,82.756432,-0.105846,-0.779306,0.021663,-0.617260,
1297,910427579,9.947336,1.096476,-2.486383,-4.517164,-6.726089,77.239319,-0.099605,-0.779433,0.030826,-0.617748,
1298,910444246,10.924613,1.455436,-2.626620,-5.577614,-9.762192,71.243729,-0.093998,-0.779755,0.039446,-0.617729,
1299,910460913,10.830382,2.751412,-2.468663,8.891144,-3.989033,71.487892,-0.086750,-0.779673,0.046710,-0.618386,
1300,910477580,9.509870,5.759324,-2.531214,46.148685,4.531396,78.268593,-0.074715,-0.779142,0.051277,-0.620263,
1301,910494247,8.432391,7.213230,-3.280107,62.389633,11.108845,75.666809,-0.061113,-0.778069,0.054003,-0.622862,
1302,910510914,9.276800,4.945654,-2.397224,58.499348,8.361978,63.009109,-0.049067,-0.777172,0.055661,-0.624897,
1303,910527581,11.828743,4.864829,-2.597362,66.398605,15.855811,50.733555,-0.037299,-0.775634,0.055151,-0.627662,
1304,910544248,11.072920,6.259979,-2.097318,63.501171,38.787529,40.764313,-0.026949,-0.771950,0.053648,-0.632841,
1305,910560915,8.834476,6.924170,-2.021114,55.832436,45.590900,27.285475,-0.018753,-0.767609,0.051301,-0.638586,
1306,910577582,8.921367,6.252440,-2.918020,34.185455,38.514248,10.896138,-0.014445,-0.763919,0.049148,-0.643275,
1307,910594249,9.866751,7.047060,-2.995404,16.948738,35.517635,-0.928056,-0.013138,-0.760523,0.047297,-0.647453,
1308,910610916,10.043383,8.947796,-2.654277,-0.317138,37.006123,-18.373035,-0.015397,-0.757046,0.045135,-0.651619,
1309,910627583,8.721893,8.925338,-0.967260,-17.885208,51.260021,-38.883160,-0.021631,-0.752261,0.042344,-0.657147,
1310,910644250,5.561543,8.743673,-0.124302,-16.478220,56.518997,-57.497086,-0.029524,-0.746998,0.037356,-0.663118,
1311,910660917,4.100427,8.951961,-2.465850,-90.255096,29.894896,-87.952675,-0.048219,-0.743959,0.036278,-0.665495,
1312,910677584,5.657467,5.367834,-4.566256,-115.209160,-3.751529,-132.416580,-0.073719,-0.743853,0.033020,-0.663443,
1313,910694251,12.578598,6.301727,-0.865340,-89.809937,-35.414810,-160.605667,-0.098988,-0.746683,0.024577,-0.657314,
1314,910710918,22.129932,4.584362,-1.647438,-40.255680,-49.328037,-148.863708,-0.117640,-0.751021,0.012853,-0.649586,
1315,910727585,22.192102,0.784714,-6.253676,-8.274462,14.820112,-111.155937,-0.129309,-0.749460,0.001124,-0.649297,
1316,910744252,11.880693,-1.281712,-3.516892,-32.257088,70.358940,-111.049194,-0.143546,-0.741952,-0.009372,-0.654839,
1317,910760919,9.242107,0.125036,-3.208690,46.967598,22.845221,-133.490891,-0.151373,-0.740279,-0.028839,-0.654401,
1318,910777586,10.782627,3.060989,-1.894730,110.269760,10.767827,-144.026932,-0.153350,-0.740683,-0.055181,-0.651788,
1319,910794253,11.640223,3.797443,-1.575810,82.608040,-2.667531,-135.820221,-0.157541,-0.741348,-0.077683,-0.647726,
1320,910810920,11.318396,3.179863,-1.662577,34.234928,-16.110695,-124.498001,-0.165960,-0.741964,-0.094065,-0.642727,
1321,910827587,10.407197,2.114735,-1.440141,11.689017,-32.555489,-116.033195,-0.176190,-0.743436,-0.106997,-0.636247,
1322,910844254,10.087615,0.735846,-1.198553,-4.468344,-48.623207,-107.837776,-0.187603,-0.745880,-0.117102,-0.628295,
1323,910860921,10.221869,-0.332533,-0.993512,-22.330278,-63.621929,-98.018372,-0.200254,-0.749149,-0.124064,-0.619098,
1324,910877588,10.227293,-0.152739,-0.569457,-38.597065,-65.630386,-95.486847,-0.214421,-0.751936,-0.129187,-0.609857,
1325,910894255,8.921295,-0.076834,0.113341,-73.781921,-61.709229,-91.306984,-0.231914,-0.753095,-0.130808,-0.601625,
1326,910910922,7.931771,0.437542,0.061072,-102.797386,-61.212772,-85.692703,-0.251985,-0.753020,-0.129236,-0.593937,
1327,910927589,7.394435,0.084710,-0.816612,-123.291786,-59.581421,-75.899986,-0.273298,-0.751865,-0.124817,-0.586879,
1328,910944256,8.036997,-1.255599,-2.501518,-115.700577,-64.588440,-51.096588,-0.291622,-0.751530,-0.118073,-0.579842,
1329,910960923,7.619771,-3.046229,-2.762923,-107.388199,-64.515266,-18.073050,-0.306139,-0.751819,-0.108376,-0.573848,
1330,910977590,6.418262,-5.453241,-2.294138,-87.847763,-72.298935,7.059406,-0.316446,-0.753793,-0.097182,-0.567638,
1331,910994257,5.596120,-6.449144,-0.577580,-47.023357,-79.962006,28.676334,-0.320523,-0.758409,-0.086610,-0.560874,
1332,911010924,7.779923,-5.634446,4.607050,-64.658287,-62.166019,61.789635,-0.323546,-0.761000,-0.071757,-0.557716,
1333,911027591,9.732861,-4.230899,7.400230,-104.260117,33.336311,86.838913,-0.327815,-0.753991,-0.055386,-0.566539,
1334,911044258,8.577216,1.155430,0.848073,106.548897,32.421219,85.912712,-0.308914,-0.756787,-0.056419,-0.573291,
1335,911060925,11.097381,10.219921,-4.070736,230.359604,31.739798,78.725029,-0.276735,-0.764507,-0.068485,-0.578149,
1336,911077592,12.385019,16.204845,-13.121312,338.869202,43.667839,37.344364,-0.235342,-0.773742,-0.094622,-0.580502,
1337,911094259,7.831438,19.904682,-16.672396,436.298431,8.608214,-48.712952,-0.189979,-0.785550,-0.137144,-0.572722,
1338,911110926,6.069610,16.279709,-10.685045,356.228638,-35.684196,-44.687027,-0.153654,-0.796245,-0.170863,-0.559634,
1339,911127593,7.736012,13.740360,-1.887911,34.584953,-81.864029,41.730118,-0.148455,-0.804493,-0.167127,-0.550290,
1340,911144260,11.763116,12.328404,6.293692,-347.523743,-163.742432,161.213394,-0.180092,-0.812389,-0.116768,-0.542176,
1341,911160927,29.225632,0.210271,7.822707,-509.608795,-53.684605,179.270615,-0.226670,-0.803652,-0.053834,-0.547599,
1342,911177594,13.021928,-2.911875,3.869265,23.498650,224.623489,8.550001,-0.221567,-0.786030,-0.062223,-0.573753,
1343,911194261,4.330690,10.906609,-12.649475,45.737183,166.868408,-18.650801,-0.216519,-0.773011,-0.073662,-0.591732,
1344,911210928,-2.069647,-4.098999,-13.910279,-247.949478,-76.841087,-12.898195,-0.246375,-0.770977,-0.051434,-0.585020,
1345,911227595,18.093185,-15.474130,1.774235,-155.310623,-167.344650,-40.301647,-0.268534,-0.778768,-0.036849,-0.565730,
1346,911244262,16.162560,-28.413084,-6.495484,189.070206,58.948605,54.217266,-0.242424,-0.781110,-0.048687,-0.573347,
1347,911260929,9.934283,-5.739026,-5.416420,335.948059,41.999073,131.461090,-0.192868,-0.789159,-0.063299,-0.579674,
1348,911277596,11.517920,9.926350,-2.572567,248.219849,21.156340,145.711288,-0.151920,-0.794853,-0.068155,-0.583509,
1349,911294263,13.465427,17.462393,3.210073,90.230530,-56.907688,91.733368,-0.134419,-0.802290,-0.064050,-0.578066,
1350,911310930,10.258458,4.950206,-6.333624,-123.656082,148.747879,13.784565,-0.146437,-0.787040,-0.055040,-0.596736,
1351,911327597,3.806994,-3.324567,-8.170823,60.245144,37.589401,42.041687,-0.135774,-0.785207,-0.056364,-0.601530,
1352,911344264,8.615450,2.350819,1.176264,54.899181,-15.548057,71.534180,-0.123552,-0.788038,-0.052792,-0.600785,
1353,911360931,8.748655,2.066292,-4.800277,1.357981,28.463804,87.106964,-0.115748,-0.786045,-0.043539,-0.605673,
1354,911377598,7.319527,4.767343,-4.105677,42.339478,29.874245,90.736305,-0.102907,-0.784483,-0.037496,-0.610402,
1355,911394265,5.598802,3.665046,-1.654143,-29.284922,12.286797,73.128448,-0.099880,-0.783175,-0.026834,-0.613140,
1356,911410932,8.627830,0.072123,-4.519967,-8.647755,-28.468466,53.420845,-0.096408,-0.785643,-0.019663,-0.610805,
1357,911427599,11.048254,1.048192,-1.700021,5.781786,4.771955,58.250011,-0.090757,-0.785318,-0.013686,-0.612250,
1358,911444266,10.172945,2.238035,-2.031037,-2.889642,21.654203,70.293701,-0.084982,-0.783328,-0.005782,-0.615744,
1359,911460933,7.881032,3.637754,-1.539703,-0.472960,23.472292,69.881866,-0.078957,-0.781117,0.001836,-0.619369,
1360,911477600,6.985874,2.995242,-2.184121,1.937765,7.431249,65.846550,-0.073010,-0.780301,0.008960,-0.621063,
1361,911494267,7.828685,1.738581,-2.147052,-2.987577,-6.649931,66.810829,-0.067512,-0.780632,0.016789,-0.621106,
1362,911510934,9.845531,0.460931,-2.953672,-13.023672,-16.329405,65.335205,-0.063256,-0.781670,0.025449,-0.619953,
1363,911527601,11.212474,0.375983,-3.272368,-10.386034,-9.325191,64.839417,-0.058766,-0.782031,0.033749,-0.619544,
1364,911544268,11.143697,1.194421,-2.581577,14.643448,4.745959,64.291359,-0.051541,-0.781271,0.039607,-0.620797,
1365,911560935,10.287259,1.706249,-2.352548,54.181919,14.149956,63.359070,-0.039958,-0.779872,0.041715,-0.623267,
1366,911577602,10.252499,3.026635,-2.682279,88.611702,17.107246,60.743073,-0.024716,-0.778268,0.040378,-0.626144,
1367,911594269,11.114771,4.912183,-3.692754,103.188835,23.956923,45.718163,-0.009228,-0.775978,0.035978,-0.629665,
1368,911610936,11.441430,5.784216,-3.777158,93.636414,37.709148,29.680632,0.003641,-0.772302,0.030613,-0.634506,
1369,911627603,11.084633,6.930539,-3.394165,80.337914,44.958591,24.116257,0.014467,-0.767828,0.025847,-0.639971,
1370,911644270,9.665673,6.954311,-2.564165,59.630764,53.179230,18.170929,0.022391,-0.762527,0.022356,-0.646182,
1371,911660937,8.674485,6.204834,-2.220635,41.199631,54.130810,4.491279,0.026976,-0.757149,0.019079,-0.652406,
1372,911677604,9.792974,6.879781,-1.893876,32.681034,49.471306,-18.050985,0.028491,-0.752240,0.014106,-0.658121,
1373,911694271,11.088334,7.333516,-1.647871,15.120982,48.386162,-40.566879,0.025927,-0.747488,0.008342,-0.663716,
1374,911710938,9.077397,6.414301,-0.800772,2.546061,56.882511,-48.156986,0.021246,-0.741892,0.002997,-0.670176,
1375,911727605,6.664309,6.540239,-0.226227,5.544985,63.554359,-54.311165,0.016281,-0.735535,-0.003287,-0.677283,
1376,911744272,5.635088,6.666049,-0.373420,-6.340103,55.816185,-77.453766,0.007755,-0.729826,-0.010895,-0.683502,
1377,911760939,7.028977,5.940228,-4.046559,-9.609994,20.595015,-116.859222,-0.005096,-0.727373,-0.022399,-0.685857,
1378,911777606,10.088755,7.814253,-4.178317,-5.493767,-13.237542,-137.130157,-0.019644,-0.727972,-0.036426,-0.684356,
1379,911794273,15.516441,7.781032,-2.625137,-45.892227,-50.349171,-125.699432,-0.037521,-0.731901,-0.045103,-0.678880,
1380,911810940,20.055288,2.157767,-2.567694,-25.190132,-20.689131,-103.304764,-0.050780,-0.732907,-0.053588,-0.676311,
1381,911827607,15.657846,-2.765914,-1.538494,-4.970898,50.744450,-98.675926,-0.060858,-0.726879,-0.064081,-0.681055,
1382,911844274,10.132097,-4.293099,-0.537293,26.207613,39.844307,-103.222969,-0.068172,-0.721965,-0.078028,-0.684128,
1383,911860941,8.760639,0.005419,-1.462038,55.658234,-7.753318,-112.299568,-0.073813,-0.721752,-0.095361,-0.681566,
1384,911877608,9.559249,3.422470,-2.066241,41.346600,-30.881348,-115.011101,-0.081520,-0.723395,-0.111278,-0.676513,
1385,911894275,10.768522,4.148329,-1.925792,29.733177,-46.298450,-115.093513,-0.090678,-0.726168,-0.125841,-0.669792,
1386,911910942,11.172137,4.122413,-1.173261,11.455044,-54.027458,-111.830162,-0.101560,-0.729265,-0.138133,-0.662402,
1387,911927609,10.551815,1.939413,-0.947978,-10.310303,-67.391678,-107.500626,-0.114566,-0.733167,-0.147626,-0.653871,
1388,911944276,10.492959,1.292311,-0.229656,-10.355467,-80.428658,-109.261391,-0.127982,-0.737998,-0.157028,-0.643678,
1389,911960943,9.505855,1.501170,0.322220,-61.820263,-67.571739,-109.546715,-0.146599,-0.740353,-0.161817,-0.635768,
1390,911977610,9.080200,2.269779,0.912945,-76.454956,-79.847656,-98.279007,-0.165973,-0.743460,-0.163703,-0.626834,
1391,911994277,8.663232,2.203760,0.865434,-108.074272,-78.846664,-85.322327,-0.187476,-0.745646,-0.161246,-0.618760,
1392,912010944,8.355186,1.811718,0.266915,-145.606888,-74.795357,-71.283913,-0.211575,-0.746318,-0.153902,-0.612012,
1393,912027611,7.734653,0.127630,-1.049460,-176.352432,-61.465481,-51.666077,-0.236808,-0.744743,-0.141988,-0.607552,
1394,912044278,7.081014,-1.670760,-1.994992,-171.046005,-56.311028,-30.010584,-0.259267,-0.742779,-0.128266,-0.603827,
1395,912060945,6.875308,-4.625103,-2.916539,-134.481125,-55.061535,-9.809846,-0.275827,-0.742030,-0.115544,-0.599967,
1396,912077612,6.027519,-7.899761,-3.092383,-41.251579,-58.077980,1.317916,-0.281325,-0.745265,-0.109600,-0.594494,
1397,912094279,5.828123,-9.527575,-1.844757,48.080364,-47.470615,6.470750,-0.276494,-0.751248,-0.111243,-0.588899,
1398,912110946,6.114143,-6.680032,-0.240511,124.477859,-12.806098,18.770267,-0.261637,-0.757373,-0.119453,-0.586227,
1399,912127613,6.533787,1.923582,1.050871,204.045380,9.216880,36.833878,-0.235931,-0.764494,-0.133219,-0.584926,
1400,912144280,9.442163,10.331365,-1.601810,289.152344,-4.686271,59.174191,-0.198815,-0.775103,-0.151077,-0.580399,
1401,912160947,12.352621,18.724150,-7.208643,318.865021,12.613709,83.691948,-0.155496,-0.784052,-0.168870,-0.576685,
1402,912177614,7.619802,22.120386,-9.762499,159.884598,-20.687614,31.222065,-0.135295,-0.789797,-0.178325,-0.571066,
1403,912194281,7.740837,16.371351,-14.481136,22.989403,-77.650955,-10.388792,-0.135710,-0.796224,-0.180011,-0.561432,
1404,912210948,5.209395,13.630081,-7.312644,-26.548534,-80.508743,-16.741709,-0.142441,-0.801625,-0.178307,-0.552552,
1405,912227615,6.512058,8.884947,-0.947492,-140.829712,-58.991322,29.167879,-0.158203,-0.803853,-0.162456,-0.549909,
1406,912244282,10.828883,3.625850,1.156142,-318.153534,-66.985435,115.061218,-0.187769,-0.803450,-0.121966,-0.551665,
1407,912260949,34.890251,-1.313865,1.162573,-440.543945,-135.526230,197.689575,-0.225467,-0.803519,-0.059687,-0.547685,
1408,912277616,13.702221,-3.165751,15.428812,-162.687454,218.155731,-6.384622,-0.243123,-0.779982,-0.054727,-0.574041,
1409,912294283,12.267003,13.270153,-1.893783,201.547226,107.530190,-113.184296,-0.228900,-0.776545,-0.088292,-0.580334,
1410,912310950,3.022558,-0.937590,-11.935383,-218.106750,58.479492,-109.617218,-0.262084,-0.762263,-0.084287,-0.585801,
1411,912327617,4.385979,-31.217634,-3.658672,-100.170113,-62.283527,-85.722626,-0.281404,-0.762370,-0.083001,-0.576813,
1412,912344284,7.016391,-26.580942,-12.988225,368.764282,28.783207,26.409040,-0.237759,-0.774104,-0.112190,-0.575888,
1413,912360951,7.421479,-4.480520,-8.219599,450.989166,21.486124,111.922211,-0.176939,-0.787800,-0.137958,-0.573612,
1414,912377618,16.935694,12.973867,-3.781797,333.702240,-64.446999,207.767029,-0.122567,-0.804464,-0.140220,-0.564050,
1415,912394285,31.287443,25.580654,2.511748,98.992775,-207.012177,77.123863,-0.108979,-0.824148,-0.135658,-0.538981,
1416,912410952,6.382099,12.096026,-14.096493,-389.494934,595.679199,-36.989563,-0.146335,-0.766062,-0.118418,-0.614583,
1417,912427619,-13.031867,-6.366255,-6.068995,25.855644,-115.485359,34.340820,-0.142543,-0.777255,-0.114534,-0.602027,
1418,912444286,15.558676,3.157894,5.397150,-8.666635,-209.750626,73.751366,-0.140676,-0.796121,-0.101144,-0.579802,
1419,912460953,13.245920,-4.539957,-9.485485,-148.698456,48.902740,80.408554,-0.150536,-0.789736,-0.080379,-0.589232,
1420,912477620,13.132286,0.325463,-5.876110,19.502483,-9.639915,90.281128,-0.140848,-0.791839,-0.071576,-0.589940,
1421,912494287,8.376633,0.939766,-3.114691,-70.565811,46.366699,91.672462,-0.140794,-0.787106,-0.056013,-0.597915,
1422,912510954,4.558985,0.258177,-5.569075,-41.756050,-31.436447,94.538101,-0.137785,-0.789529,-0.041018,-0.596637,
1423,912527621,9.030128,1.805576,-3.166921,-38.414879,-76.112190,100.188293,-0.134126,-0.795695,-0.024758,-0.590141,
1424,912544288,13.433451,0.780306,-3.754844,-69.364807,-51.862190,95.305557,-0.134333,-0.798879,-0.006870,-0.586259,
1425,912560955,11.859348,-0.627156,-2.685731,-61.664062,11.366542,99.445137,-0.133186,-0.796572,0.009610,-0.589611,
1426,912577622,7.821475,0.053518,1.679925,-53.006351,6.286187,108.728302,-0.130191,-0.794620,0.026518,-0.592391,
1427,912594289,7.855566,0.116652,-0.072576,-8.913527,-12.811365,111.442924,-0.121756,-0.794910,0.040296,-0.593017,
1428,912610956,10.650192,-0.523245,-0.958083,33.833218,-21.488501,105.828712,-0.108780,-0.796530,0.049882,-0.592637,
1429,912627623,12.407150,0.009699,-1.739962,86.664482,-6.310182,97.079300,-0.090514,-0.797496,0.053645,-0.594079,
1430,912644290,10.274144,4.309325,-3.792489,103.857498,5.518284,69.433685,-0.072704,-0.797611,0.052542,-0.596463,
1431,912660957,9.371305,10.211255,-3.103371,117.741463,21.447117,52.567226,-0.054846,-0.796350,0.048091,-0.600421,
1432,912677624,8.350617,12.010351,-3.148813,88.644722,24.065159,50.597607,-0.040536,-0.794409,0.045916,-0.604286,
1433,912694291,9.074646,9.236642,-3.328985,19.563099,9.628554,43.636974,-0.034722,-0.793267,0.049084,-0.605898,
1434,912710958,11.146668,5.473063,-2.768356,0.955352,8.877220,36.477882,-0.031684,-0.792118,0.053066,-0.607230,
1435,912727625,11.339037,4.485746,-2.242131,36.784058,32.776585,29.138018,-0.025351,-0.789043,0.052924,-0.611529,
1436,912744292,9.145569,5.906162,-2.764849,67.204224,55.889256,15.345922,-0.016932,-0.784037,0.048401,-0.618592,
1437,912760959,7.616948,6.713289,-2.376613,64.899590,65.207253,-5.139009,-0.010683,-0.778196,0.041717,-0.626543,
1438,912777626,7.974639,7.111517,-0.331974,57.681221,75.189270,-20.985067,-0.006758,-0.771381,0.033872,-0.635435,
1439,912794293,8.391891,8.074219,0.907645,47.283428,85.932480,-35.703621,-0.005413,-0.763467,0.025316,-0.645328,
1440,912810960,8.291286,8.795754,0.353205,22.466843,83.925507,-54.667641,-0.008599,-0.755612,0.016978,-0.654742,
1441,912827627,6.883978,8.294406,-2.500513,-13.002126,72.795372,-78.281281,-0.017906,-0.748648,0.009430,-0.662658,
1442,912844294,5.707605,6.895988,-5.172082,-59.111927,45.692776,-108.637054,-0.035120,-0.743981,0.003086,-0.667269,
1443,912860961,7.747575,6.259578,-4.135259,-28.466398,1.799252,-134.818375,-0.051527,-0.743449,-0.008843,-0.666745,
1444,912877628,15.963525,6.213422,-2.764894,-33.555351,-54.899845,-154.856735,-0.070476,-0.747975,-0.022018,-0.659607,
1445,912894295,21.074102,3.395727,-5.429130,-28.923559,-36.855461,-130.295410,-0.086473,-0.750515,-0.033140,-0.654332,
1446,912910962,16.117722,-0.945911,-5.181870,-25.325806,81.281364,-107.972984,-0.099348,-0.741657,-0.043640,-0.661945,
1447,912927629,9.972456,-0.238790,-2.583779,31.410767,48.849037,-120.711494,-0.107494,-0.736363,-0.060489,-0.665248,
1448,912944296,11.073112,4.479141,-3.540699,67.552200,-11.617951,-131.673615,-0.113314,-0.737073,-0.081037,-0.661299,
1449,912960963,12.117775,5.315928,-3.853070,33.641327,-22.260927,-128.226196,-0.122514,-0.737972,-0.097744,-0.656379,
1450,912977630,12.118715,3.571841,-2.772075,-2.827347,-36.197258,-113.282593,-0.134359,-0.739508,-0.109084,-0.650519,
1451,912994297,10.979849,1.003040,-1.966809,-30.688639,-51.389225,-100.880119,-0.148226,-0.741912,-0.116124,-0.643514,
1452,913010964,10.486268,-0.306761,-1.811946,-49.231342,-73.689888,-94.844826,-0.163856,-0.745862,-0.120258,-0.634333,
1453,913027631,9.939656,-1.649531,-1.666960,-72.361504,-80.921677,-89.113899,-0.181527,-0.749736,-0.121415,-0.624662,
1454,913044298,9.278967,-1.240469,-1.282762,-82.047447,-92.543449,-81.740028,-0.199705,-0.754206,-0.120527,-0.613812,
1455,913060965,9.018919,0.085482,-0.435428,-105.470688,-78.605423,-78.574692,-0.219828,-0.756440,-0.117544,-0.604696,
1456,913077632,7.876130,0.875124,0.501612,-146.296219,-69.772194,-73.989502,-0.243755,-0.756224,-0.110680,-0.597041,
1457,913094299,7.344897,0.196726,0.261699,-167.310944,-70.948051,-65.210060,-0.269069,-0.754949,-0.100902,-0.589468,
1458,913110966,7.396729,-1.031167,-1.361094,-168.373734,-65.270607,-50.600163,-0.292955,-0.752775,-0.089571,-0.582651,
1459,913127633,7.255643,-3.073033,-2.734230,-144.569580,-59.108299,-27.796907,-0.312033,-0.750907,-0.077965,-0.576797,
1460,913144300,7.607259,-5.289046,-2.561407,-109.833427,-54.401043,-3.686990,-0.325106,-0.750172,-0.066818,-0.571911,
1461,913160967,7.901961,-7.902482,-1.663555,-65.912094,-52.402916,15.544498,-0.331687,-0.751359,-0.057302,-0.567591,
1462,913177634,8.172528,-9.436962,0.096025,-26.988871,-25.368576,26.533625,-0.332845,-0.752209,-0.051095,-0.566378,
1463,913194301,7.417555,-7.006989,1.470121,35.583096,7.956213,42.340137,-0.325586,-0.753422,-0.049920,-0.569083,
1464,913210968,6.816262,0.424448,1.929234,105.530602,37.132908,48.884060,-0.309845,-0.755439,-0.055187,-0.574684,
1465,913227635,9.335999,7.745240,-2.369637,234.884277,37.990692,39.613270,-0.280427,-0.762557,-0.072277,-0.578484,
1466,913244302,14.187240,17.624813,-7.050415,337.655121,41.719006,57.865658,-0.237524,-0.772319,-0.096002,-0.581282,
1467,913260969,10.513138,22.025803,-9.259823,305.619629,-4.199947,12.161803,-0.202190,-0.782490,-0.120356,-0.576491,
1468,913277636,7.607433,20.624655,-9.354318,257.341461,-61.559944,-57.489204,-0.178840,-0.793460,-0.146695,-0.562955,
1469,913294303,5.275158,15.960482,-5.877099,129.591019,-77.968567,-46.626823,-0.169509,-0.801864,-0.160750,-0.549945,
1470,913310970,7.124175,12.017098,-2.201885,-31.649515,-62.041546,15.635406,-0.173581,-0.806223,-0.154993,-0.543922,
1471,913327637,7.475511,5.577588,-0.823481,-247.115540,-36.301697,70.774925,-0.197842,-0.803730,-0.126263,-0.546748,
1472,913344304,25.346380,-5.182013,-6.198644,-431.912445,-152.245941,171.267441,-0.237176,-0.804377,-0.067386,-0.540541,
1473,913360971,15.856976,-14.236170,3.912398,-289.402252,105.177284,124.968697,-0.260093,-0.786277,-0.033723,-0.559447,
1474,913377638,10.445023,-1.741675,11.099428,56.138176,146.525818,22.748016,-0.251237,-0.776244,-0.041362,-0.576726,
1475,913394305,6.970788,14.718576,-14.015161,247.019150,135.266586,0.036515,-0.222532,-0.773131,-0.067113,-0.590122,
1476,913410972,-0.121512,6.460385,-9.189633,-124.723190,-64.056465,-24.227798,-0.239417,-0.774044,-0.057173,-0.583323,
1477,913427639,17.809162,-10.059935,3.980445,-128.463623,-138.670776,-48.225636,-0.259231,-0.780481,-0.046986,-0.566956,
1478,913444306,17.179182,-24.817997,-6.837046,170.798172,73.232635,46.005104,-0.235649,-0.780756,-0.058726,-0.575708,
1479,913460973,6.859859,-7.220891,-6.467567,313.968994,50.210236,104.291008,-0.190759,-0.787142,-0.074944,-0.581723,
1480,913477640,9.640261,9.783697,-2.837051,211.405243,3.419460,135.451172,-0.155121,-0.793536,-0.077483,-0.583297,
1481,913494307,13.196403,19.187508,2.506939,86.299660,-98.558800,106.304749,-0.137390,-0.804672,-0.070404,-0.573297,
1482,913510974,10.983641,7.438288,-7.789411,-221.758789,190.746552,14.096144,-0.160273,-0.783617,-0.054130,-0.597768,
1483,913527641,0.265729,-3.036072,-8.352993,5.388993,41.969200,38.440868,-0.156177,-0.780234,-0.051307,-0.603498,
1484,913544308,8.872714,3.208366,3.958836,12.260998,-100.106346,63.576111,-0.150125,-0.789528,-0.042998,-0.593514,
1485,913560975,9.391753,-0.241849,-5.503967,-88.385773,31.642672,70.280312,-0.154185,-0.785061,-0.028095,-0.599263,
1486,913577642,8.218444,1.684187,-4.767347,43.950729,0.037441,84.591515,-0.141978,-0.786188,-0.022376,-0.601040,
1487,913594309,7.036043,3.380829,0.829285,-22.213205,9.374302,75.456848,-0.138082,-0.784981,-0.012107,-0.603814,
1488,913610976,8.219525,0.437205,-4.281423,-8.511129,-23.374680,57.946747,-0.134202,-0.786810,-0.004382,-0.602412,
1489,913627643,10.418203,1.312052,-1.040345,9.427357,-3.136734,56.862755,-0.128342,-0.787159,0.001253,-0.603247,
1490,913644310,9.869432,0.701430,-1.855106,6.035710,14.454279,65.227631,-0.122129,-0.785836,0.007815,-0.606205,
1491,913660977,8.557803,1.939389,-1.738322,18.236059,14.543479,71.023323,-0.113997,-0.784635,0.013962,-0.609227,
1492,913677644,8.406495,2.439263,-1.866063,14.568160,2.060397,73.651886,-0.106013,-0.784383,0.020938,-0.610791,
1493,913694311,8.652208,2.863900,-2.055486,7.760532,-4.383287,78.761734,-0.098319,-0.784488,0.029199,-0.611604,
1494,913710978,8.769540,2.485231,-2.630500,-10.762579,-7.543269,80.284698,-0.092579,-0.784499,0.039323,-0.611918,
1495,913727645,9.146975,2.187655,-2.830015,-28.942122,-19.912832,78.858986,-0.088955,-0.785262,0.051062,-0.610609,
1496,913744312,10.163691,3.619211,-2.414384,-12.851320,-17.760826,78.748238,-0.083507,-0.785929,0.061323,-0.609574,
1497,913760979,9.320790,4.857029,-2.179671,7.209991,-5.835706,76.531830,-0.076061,-0.785701,0.069401,-0.609977,
1498,913777646,9.129833,3.849820,-2.562939,9.083300,-13.275282,68.771553,-0.069006,-0.786146,0.076497,-0.609394,
1499,913794313,11.078003,2.404362,-3.705430,17.102013,-17.816622,59.863209,-0.061769,-0.787100,0.081903,-0.608235,
1500,913810980,13.703801,2.465127,-3.267559,44.228279,-1.748350,50.178982,-0.052471,-0.786923,0.083648,-0.609099,
1501,913827647,13.171661,4.515150,-2.486913,78.913414,31.584875,41.433922,-0.040376,-0.784056,0.081052,-0.614049,
1502,913844314,10.596802,6.116273,-2.593040,93.765099,46.999889,26.246613,-0.028120,-0.779910,0.075289,-0.620710,
1503,913860981,9.360921,6.399814,-2.459108,86.649849,55.692352,3.205492,-0.018843,-0.775019,0.067501,-0.628039,
1504,913877648,10.198007,7.551129,-2.110193,64.215660,52.214325,-17.226448,-0.013926,-0.770439,0.059453,-0.634582,
1505,913894315,11.809197,8.667706,-1.734284,34.909389,53.697121,-31.930229,-0.013664,-0.765688,0.052450,-0.640924,
1506,913910982,9.718616,8.105332,-0.372154,15.170120,74.469017,-42.269646,-0.016726,-0.758935,0.046084,-0.649318,
1507,913927649,6.180474,7.895123,0.407205,7.468090,84.741844,-53.118671,-0.021731,-0.751118,0.039213,-0.658643,
1508,913944316,4.341944,8.271869,-1.011823,-34.616001,57.753513,-79.385025,-0.033694,-0.745731,0.033577,-0.664546,
1509,913960983,7.237514,6.905232,-5.148307,-85.693466,24.272957,-128.804337,-0.055800,-0.743284,0.027667,-0.666070,
1510,913977650,9.364392,5.510989,-4.419334,-60.438206,-3.527303,-148.242523,-0.076918,-0.743411,0.017418,-0.664169,
1511,913994317,14.079078,5.110866,-0.894307,-39.080421,-15.838560,-135.570221,-0.094437,-0.744566,0.006604,-0.660802,
1512,914010984,18.274687,3.124584,-0.861588,-19.267876,-7.694639,-118.347374,-0.108128,-0.744914,-0.004366,-0.658325,
1513,914027651,14.011012,-0.205226,-2.532980,-20.961220,30.060978,-102.441551,-0.120426,-0.741417,-0.014041,-0.660000,
1514,914044318,9.733796,-0.134820,-4.463370,17.264805,28.915735,-104.907814,-0.128807,-0.738501,-0.027627,-0.661258,
1515,914060985,10.099466,4.451231,-4.593946,92.842003,-7.496156,-120.386017,-0.130656,-0.740161,-0.049451,-0.657758,
1516,914077652,11.745385,5.911891,-4.193310,38.134716,-21.710302,-126.786903,-0.139051,-0.741770,-0.066438,-0.652708,
1517,914094319,11.701450,3.313261,-3.480517,12.062871,-30.200378,-109.213379,-0.148626,-0.743582,-0.078863,-0.647130,
1518,914110986,11.315448,1.019138,-2.835265,8.094816,-52.833332,-94.734489,-0.157488,-0.747406,-0.088837,-0.639288,
1519,914127653,12.076571,-0.014298,-2.365680,-9.467738,-72.109062,-88.765556,-0.167909,-0.752497,-0.096063,-0.629544,
1520,914144320,11.617297,-0.246714,-2.008854,-41.785362,-76.700119,-90.162224,-0.182006,-0.756968,-0.100339,-0.619520,
1521,914160987,10.029630,-0.373620,-1.812231,-88.180946,-85.454697,-96.042633,-0.201787,-0.760588,-0.100807,-0.608789,
1522,914177654,9.019520,-0.700841,-1.333552,-116.766617,-91.969818,-93.156197,-0.224449,-0.763542,-0.098173,-0.597485,
1523,914194321,8.101618,-0.514503,-1.075809,-142.995514,-85.223160,-84.490555,-0.249015,-0.764642,-0.092448,-0.587169,
1524,914210988,7.738973,-1.861635,-2.044750,-167.005524,-85.885246,-70.227753,-0.274840,-0.764507,-0.082987,-0.577151,
1525,914227655,7.903102,-3.457246,-2.700085,-164.550659,-74.383568,-46.021698,-0.298001,-0.763188,-0.071434,-0.568890,
1526,914244322,7.606203,-6.055364,-2.702074,-143.325272,-68.579994,-18.123848,-0.316245,-0.762109,-0.058744,-0.561897,
1527,914260989,7.101584,-7.146844,-1.429153,-92.111557,-79.636307,11.945823,-0.326309,-0.764219,-0.046371,-0.554384,
1528,914277656,7.698005,-7.310761,2.287506,-102.739426,-71.060234,49.063477,-0.334387,-0.765118,-0.029403,-0.549467,
1529,914294323,9.264632,-4.831276,8.102407,-173.241501,12.062741,86.511780,-0.346763,-0.755657,-0.006659,-0.555601,
1530,914310990,6.893713,-1.308908,6.686731,-97.856125,54.501930,102.992188,-0.349256,-0.746094,0.009675,-0.566806,
1531,914327657,5.422728,4.852634,2.739187,115.927002,-4.570881,93.952141,-0.329048,-0.751916,0.010400,-0.571175,
1532,914344324,13.106403,10.801491,-1.210733,175.624939,-7.897989,96.361183,-0.301895,-0.760376,0.006582,-0.575016,
1533,914360991,12.274675,14.438422,-9.552079,229.603912,40.352016,23.691254,-0.274599,-0.766483,-0.011910,-0.580480,
1534,914377658,8.061213,18.566608,-14.893875,327.616150,-80.582809,-74.179359,-0.244354,-0.785134,-0.044730,-0.567321,
1535,914394325,6.735118,15.393967,-7.905180,301.558289,-89.220291,-71.099472,-0.216314,-0.801751,-0.074640,-0.552115,
1536,914410992,7.207239,12.426518,-0.917306,168.256638,-52.759315,-11.375172,-0.198314,-0.810762,-0.087936,-0.543694,
1537,914427659,12.086502,4.508131,1.880978,-162.248672,-2.546578,69.080116,-0.212154,-0.806766,-0.067004,-0.547384,
1538,914444326,34.818268,-8.325526,0.399998,-329.157654,-95.240753,190.992371,-0.236351,-0.804608,-0.015511,-0.544521,
1539,914460993,11.040477,-12.912312,11.244094,-98.591881,185.609329,19.735628,-0.246001,-0.786055,-0.011911,-0.566974,
1540,914477660,12.646194,11.362985,-3.697901,472.361969,167.166290,-26.363531,-0.193479,-0.786896,-0.059921,-0.582897,
1541,914494327,-5.404825,16.766644,-11.351911,-100.295593,160.344574,-34.633549,-0.206623,-0.769724,-0.059996,-0.601026,
1542,914510994,-3.089891,-7.478885,-9.446927,-154.855194,-253.143127,-44.162228,-0.230038,-0.785932,-0.043870,-0.572248,
1543,914527661,28.611975,-14.613313,1.205153,-31.614706,-115.070877,10.362099,-0.233696,-0.794265,-0.036335,-0.559650,
1544,914544328,15.044281,-21.956230,-12.031316,192.048660,115.242752,79.582909,-0.204488,-0.791226,-0.046801,-0.574417,
1545,914560995,5.462404,2.036180,-2.113894,250.312714,52.924000,116.812698,-0.165588,-0.794253,-0.055925,-0.581905,
1546,914577662,8.282299,14.593616,1.073100,119.942177,-39.707024,128.863922,-0.141281,-0.801150,-0.050330,-0.579366,
1547,914594329,13.052443,11.891669,-3.368522,-93.892265,-5.727725,41.248703,-0.148964,-0.799786,-0.037604,-0.580290,
1548,914610996,7.036563,-1.770595,-8.973696,-68.371605,120.133575,22.875895,-0.154496,-0.787994,-0.031884,-0.595129,
1549,914627663,6.176265,-0.201338,-0.237378,46.154476,-35.392834,54.285538,-0.144861,-0.792169,-0.028973,-0.592152,
1550,914644330,10.403281,0.130548,-1.431709,-58.843441,-8.671506,68.087639,-0.145999,-0.791769,-0.015988,-0.592900,
1551,914660997,8.771551,-0.763933,-6.194700,8.884609,12.845958,83.139763,-0.137966,-0.790861,-0.007563,-0.596193,
1552,914677664,8.251776,1.920486,-1.322308,19.139963,15.694950,88.638634,-0.128250,-0.789792,0.000551,-0.599816,
1553,914694331,7.811598,0.882546,-3.003812,-14.367897,-9.017649,71.591827,-0.123848,-0.790143,0.010089,-0.600195,
1554,914710998,9.808420,0.953711,-3.395931,2.218585,-10.788894,63.874981,-0.118200,-0.790881,0.017324,-0.600196,
1555,914727665,9.845980,1.178928,-1.710029,-12.608311,4.916543,70.572838,-0.113701,-0.789902,0.026352,-0.602024,
1556,914744332,8.763327,1.589837,-2.510904,-0.126261,7.157370,80.191391,-0.106920,-0.788801,0.035353,-0.604244,
1557,914760999,7.841169,2.392832,-1.945558,1.088430,-0.759728,80.265656,-0.099938,-0.788310,0.044373,-0.605483,
1558,914777666,8.634390,1.995802,-1.797903,4.100940,-11.407745,75.303528,-0.092968,-0.788734,0.052708,-0.605373,
1559,914794333,9.706584,0.953076,-2.148762,9.344600,-9.480803,70.557159,-0.085819,-0.789009,0.060004,-0.605392,
1560,914811000,10.217278,0.662429,-3.062788,1.552390,-13.971057,64.242371,-0.080073,-0.789560,0.067312,-0.604691,
1561,914827667,11.410578,1.577760,-3.000496,-2.917941,-17.455666,60.145771,-0.075160,-0.790341,0.074579,-0.603448,
1562,914844334,11.102982,3.078518,-3.394605,25.778261,-4.503345,60.091190,-0.067088,-0.790234,0.079171,-0.603954,
1563,914861001,9.968029,4.874966,-2.879123,61.750340,5.298745,64.584496,-0.054592,-0.789466,0.081014,-0.605969,
1564,914877668,9.918307,5.951913,-2.561452,77.152939,10.984569,63.289940,-0.040502,-0.788188,0.081290,-0.608696,
1565,914894335,10.583462,5.990547,-2.915603,65.058411,19.402882,49.502968,-0.029113,-0.786117,0.080990,-0.612055,
1566,914911002,10.336931,6.209939,-2.469496,53.563076,30.945360,33.373768,-0.020610,-0.783063,0.079810,-0.616455,
1567,914927669,10.031771,6.709609,-1.761516,47.224304,34.742767,22.095131,-0.013886,-0.779709,0.077892,-0.621123,
1568,914944336,9.451558,5.980175,-2.324455,33.477726,36.585316,9.754931,-0.009858,-0.776247,0.075806,-0.625777,
1569,914961003,10.336878,6.238549,-3.108857,18.558655,32.840984,-5.713390,-0.008884,-0.773241,0.073332,-0.629794,
1570,914977670,11.909521,7.203121,-2.784346,2.403377,36.414646,-23.554749,-0.011402,-0.770049,0.070323,-0.633994,
1571,914994337,10.640326,6.762291,-1.545135,-16.283844,56.619972,-40.090134,-0.017747,-0.765072,0.067143,-0.640188,
1572,915011004,7.169699,6.458718,0.228938,-21.373220,73.358612,-52.959675,-0.026021,-0.758533,0.062950,-0.648065,
1573,915027671,5.467892,6.813916,-1.125505,-31.607817,58.082195,-77.439186,-0.037588,-0.753459,0.057064,-0.653934,
1574,915044338,7.990041,6.330560,-2.789401,-77.102821,34.755146,-117.018028,-0.057701,-0.750428,0.051274,-0.656429,
1575,915061005,10.553947,4.217782,-3.798198,-34.582764,16.335617,-142.444336,-0.075438,-0.749354,0.038778,-0.656714,
1576,915077672,13.764785,4.993776,-2.008471,-40.437489,-12.670334,-126.299232,-0.092078,-0.750575,0.028902,-0.653699,
1577,915094339,17.167850,1.667269,-1.654344,-23.782579,9.083682,-114.131615,-0.105806,-0.749644,0.018469,-0.653068,
1578,915111006,13.778523,-0.540939,-1.035495,-1.180224,36.290051,-109.086502,-0.116631,-0.746242,0.006014,-0.655349,
1579,915127673,10.753139,-0.420643,-2.212365,31.226027,37.402317,-105.741219,-0.123585,-0.743064,-0.009186,-0.657646,
1580,915144340,10.635870,2.368358,-4.219903,76.653381,11.406839,-111.575180,-0.126179,-0.742925,-0.028890,-0.656740,
1581,915161007,11.913876,4.928170,-4.493874,61.525101,-8.943703,-122.167183,-0.131455,-0.744112,-0.047908,-0.653240,
1582,915177674,11.423736,4.101130,-3.458953,23.353144,-11.764878,-119.477211,-0.140578,-0.744587,-0.062938,-0.649513,
1583,915194341,10.476215,1.818645,-2.291983,3.409320,-32.938038,-110.964302,-0.151207,-0.746505,-0.074711,-0.643649,
1584,915211008,11.520151,0.355471,-1.578429,-15.829093,-59.990726,-103.942856,-0.163515,-0.750383,-0.083302,-0.635018,
1585,915227675,11.852769,0.456839,-1.432011,-49.809940,-62.265331,-102.065010,-0.179329,-0.753433,-0.088466,-0.626380,
1586,915244342,10.749267,-0.370016,-1.233259,-86.020027,-62.559486,-107.208214,-0.199504,-0.755179,-0.090849,-0.617777,
1587,915261009,9.513072,-0.220883,-0.931993,-108.179855,-55.877380,-106.599350,-0.221864,-0.755292,-0.091319,-0.609894,
1588,915277676,8.008166,-0.046328,-0.512886,-127.063866,-53.995556,-96.172607,-0.245216,-0.754325,-0.088975,-0.602450,
1589,915294343,7.695715,-0.435683,-0.592475,-136.785049,-57.703911,-88.690292,-0.268873,-0.752962,-0.084769,-0.594617,
1590,915311010,7.168812,-1.681218,-1.434218,-139.878296,-41.540188,-78.968254,-0.291662,-0.749737,-0.079810,-0.588607,
1591,915327677,6.649224,-3.727946,-2.426461,-103.582932,-44.482857,-58.840832,-0.308666,-0.748185,-0.075600,-0.582434,
1592,915344344,6.992548,-4.959934,-2.206956,-58.699554,-43.070580,-28.459972,-0.318120,-0.748684,-0.071930,-0.577146,
1593,915361011,6.507970,-6.302225,-1.165759,-27.653318,-42.207634,-3.501031,-0.322057,-0.750740,-0.068179,-0.572729,
1594,915377678,6.896994,-7.516812,0.283119,-7.705390,-33.778084,16.368834,-0.322061,-0.753196,-0.064310,-0.569945,
1595,915394345,7.349616,-5.578134,2.181273,14.344497,-2.380523,38.852722,-0.317477,-0.754268,-0.061271,-0.571431,
1596,915411012,6.927765,0.312110,3.873988,48.950550,32.876736,59.119442,-0.307068,-0.754121,-0.060506,-0.577364,
1597,915427679,8.337224,6.273635,2.489406,149.724884,25.871433,70.014473,-0.284641,-0.758882,-0.066672,-0.581921,
1598,915444346,15.542015,13.220934,-4.273980,278.568329,38.062317,99.801491,-0.245015,-0.767298,-0.080875,-0.587094,
1599,915461013,10.374719,19.497129,-13.056403,327.636719,40.823811,42.082394,-0.204302,-0.774936,-0.105634,-0.588707,
1600,915477680,7.276416,21.238966,-14.846819,260.942841,-54.338562,-46.654137,-0.179763,-0.785878,-0.131658,-0.576841,
1601,915494347,5.946560,17.405670,-7.842134,89.445724,-115.080315,-72.082298,-0.177935,-0.796127,-0.144485,-0.560040,
1602,915511014,10.637193,12.825476,-2.096614,-30.538736,-76.371933,6.348189,-0.182742,-0.801490,-0.139411,-0.552072,
1603,915527681,20.726257,6.708269,2.342805,-283.710327,-55.466743,130.654373,-0.206444,-0.800055,-0.099930,-0.554352,
1604,915544348,16.049934,-4.004395,-0.546839,-391.124878,-14.297518,149.364899,-0.239922,-0.790012,-0.050571,-0.561926,
1605,915561015,12.813156,-2.957246,8.996666,-262.624573,89.273384,38.612370,-0.266288,-0.773042,-0.027892,-0.575081,
1606,915577682,10.734310,-0.036269,4.416432,201.691330,128.520782,-34.436718,-0.246021,-0.769344,-0.053728,-0.587108,
1607,915594349,1.552256,6.263212,-10.780726,-22.916159,130.532700,-19.879774,-0.249424,-0.756925,-0.058788,-0.601162,
1608,915611016,6.034353,-10.806588,-8.821921,-158.811417,-124.864998,-15.283170,-0.269411,-0.761471,-0.042163,-0.588049,
1609,915627683,17.321346,-19.056116,-4.144454,145.002411,-18.126871,21.213636,-0.251792,-0.768517,-0.051628,-0.585932,
1610,915644350,8.510867,-11.600824,-6.809351,354.075836,58.575710,82.068192,-0.204636,-0.775866,-0.074817,-0.592080,
1611,915661017,8.370772,3.861254,-5.290468,296.020416,17.578068,132.292023,-0.159621,-0.783598,-0.085932,-0.594230,
1612,915677684,13.950757,14.685894,-0.468660,205.243118,-61.870300,131.509964,-0.125721,-0.794696,-0.087299,-0.587393,
1613,915694351,12.319681,14.948245,2.629795,-37.707836,27.849812,53.025757,-0.125376,-0.792123,-0.078562,-0.592157,
1614,915711018,6.530412,1.946089,-6.520928,-151.663406,100.697083,22.666258,-0.139894,-0.780522,-0.064808,-0.605817,
1615,915727685,5.970677,-0.567446,-1.607809,30.219828,-18.974247,50.787910,-0.132360,-0.783121,-0.061426,-0.604506,
1616,915744352,9.491971,0.018751,-1.733197,-51.293835,5.960569,63.841145,-0.132725,-0.781990,-0.049862,-0.606950,
1617,915761019,8.946440,-0.654523,-5.103421,13.265941,12.513152,79.239708,-0.124320,-0.781531,-0.042365,-0.609884,
1618,915777686,8.308457,1.774686,-2.175853,-3.839105,8.414907,82.961823,-0.117535,-0.781040,-0.032848,-0.612439,
1619,915794353,7.360144,0.698169,-3.381848,-18.361151,-8.789507,75.121819,-0.113165,-0.781693,-0.022629,-0.612893,
1620,915811020,9.014092,0.501392,-2.220538,-0.958804,-30.002562,66.544174,-0.107638,-0.784404,-0.014584,-0.610665,
1621,915827687,11.429297,0.099703,-2.199890,-7.057761,-19.611126,65.833595,-0.102835,-0.786015,-0.006240,-0.609562,
1622,915844354,10.945934,0.886420,-2.368840,1.819786,13.485382,73.513725,-0.096295,-0.784749,0.001701,-0.612285,
1623,915861021,8.231182,1.433667,-1.058639,-16.282856,14.000269,78.019402,-0.091407,-0.783084,0.011760,-0.615048,
1624,915877688,7.970352,1.584684,-0.695728,-32.656956,-15.628067,80.399284,-0.088108,-0.783733,0.023949,-0.614350,
1625,915894355,9.921316,1.229401,-1.677859,-27.623884,-27.243126,84.647667,-0.083800,-0.785335,0.036315,-0.612296,
1626,915911022,11.361650,1.333452,-1.784143,-14.493701,-16.825706,82.070312,-0.078263,-0.786056,0.047086,-0.611370,
1627,915927689,11.556728,2.000793,-1.804605,-13.638035,-7.532044,71.550194,-0.073619,-0.785930,0.056466,-0.611314,
1628,915944356,10.733115,2.997766,-2.050223,-4.506322,-5.227678,68.695534,-0.068195,-0.785640,0.064676,-0.611503,
1629,915961023,9.527904,5.659656,-2.757216,28.470375,-4.612904,70.666664,-0.058828,-0.785519,0.070164,-0.612026,
1630,915977690,8.849102,6.770766,-2.692493,33.193810,-0.574620,69.422150,-0.049068,-0.784998,0.075046,-0.612975,
1631,915994357,9.223011,6.523230,-2.393309,38.055954,-3.742518,60.361252,-0.039525,-0.784805,0.078472,-0.613482,
1632,916011024,10.734819,5.950171,-2.847018,22.169201,0.123755,39.185940,-0.033728,-0.784363,0.080870,-0.614082,
1633,916027691,10.608478,5.183182,-2.575313,29.361313,20.412069,20.563555,-0.029014,-0.782333,0.080396,-0.616968,
1634,916044358,9.292714,3.745149,-3.112434,38.297325,31.705326,11.319747,-0.024247,-0.779401,0.078016,-0.621176,
1635,916061025,9.476549,3.521061,-2.830064,38.702705,34.969898,7.292819,-0.019835,-0.776177,0.075125,-0.625708,
1636,916077692,10.017692,4.017377,-1.966961,28.412685,41.840202,3.114500,-0.017040,-0.772300,0.072675,-0.630856,
1637,916094359,10.317569,4.212126,-1.681219,8.079078,44.029202,-5.107016,-0.017309,-0.768220,0.071156,-0.635983,
1638,916111026,9.591046,4.178793,-0.937424,5.297398,59.597950,-14.275940,-0.018898,-0.762738,0.068826,-0.642756,
1639,916127693,7.027658,4.926805,0.050866,20.798134,76.613426,-26.880127,-0.020116,-0.755744,0.063591,-0.651461,
1640,916144360,5.627365,5.679335,-1.411578,-2.655967,58.787617,-53.243259,-0.026245,-0.750503,0.057723,-0.657818,
1641,916161027,6.156792,4.952670,-3.434373,-51.880596,23.223043,-85.659843,-0.040547,-0.748609,0.053149,-0.659632,
1642,916177694,8.516022,5.498926,-2.966007,-39.221062,-0.669969,-106.117096,-0.055241,-0.749050,0.045259,-0.658653,
1643,916194361,13.720214,6.738497,-2.108802,-42.911747,-19.703691,-115.479691,-0.071092,-0.751116,0.036840,-0.655296,
1644,916211028,16.914146,5.142790,-2.912049,-49.020107,-8.097931,-109.701378,-0.087102,-0.751736,0.029502,-0.653020,
1645,916227695,16.141220,2.339000,-3.321886,-47.103924,17.545645,-107.771080,-0.102804,-0.749702,0.021858,-0.653376,
1646,916244362,13.205766,0.288561,-1.505994,-6.638113,37.988453,-111.513443,-0.114482,-0.746113,0.009646,-0.655832,
1647,916261029,11.742978,0.369998,-1.273630,59.749218,27.806767,-118.083984,-0.119528,-0.744349,-0.009442,-0.656938,
1648,916277696,11.509095,2.139114,-3.212590,85.974922,7.859324,-121.178993,-0.122005,-0.744620,-0.031021,-0.655510,
1649,916294363,12.306056,3.798531,-3.751490,77.104485,-8.273269,-118.683456,-0.125222,-0.745948,-0.051183,-0.652121,
1650,916311030,12.236451,3.577887,-2.749507,44.469551,-16.000696,-111.656822,-0.131324,-0.747189,-0.067327,-0.648019,
1651,916327697,11.660725,2.104172,-2.048056,16.692926,-31.741724,-105.137924,-0.139946,-0.749230,-0.079826,-0.642415,
1652,916344364,11.325435,0.740192,-1.360029,-12.737342,-50.489403,-106.765793,-0.152105,-0.752192,-0.089346,-0.634892,
1653,916361031,10.588581,-0.032657,-1.359638,-52.672424,-60.764114,-109.608482,-0.168973,-0.754918,-0.095231,-0.626480,
1654,916377698,10.240348,-0.559060,-1.425742,-75.972527,-61.808365,-114.653946,-0.188797,-0.756763,-0.099478,-0.617875,
1655,916394365,8.776913,-0.709089,-1.284411,-91.828705,-59.532768,-110.033226,-0.209821,-0.757654,-0.101802,-0.609567,
1656,916411032,7.717309,-0.208378,-1.097301,-124.139221,-60.979664,-99.161377,-0.233341,-0.757417,-0.099961,-0.601564,
1657,916427699,7.338797,-0.626679,-1.134234,-149.749283,-63.305965,-87.260826,-0.258515,-0.756176,-0.094421,-0.593676,
1658,916444366,6.964197,-2.029386,-1.919749,-149.238785,-57.186638,-70.345261,-0.281909,-0.754137,-0.087229,-0.586682,
1659,916461033,7.028677,-3.891041,-2.907900,-113.627075,-50.375805,-45.656704,-0.299059,-0.752903,-0.080600,-0.580693,
1660,916477700,6.510789,-5.572829,-2.798114,-56.142452,-47.526825,-16.029106,-0.307301,-0.754089,-0.075684,-0.575488,
1661,916494367,6.022274,-7.361433,-1.402647,-20.527380,-53.976116,9.403657,-0.309546,-0.757617,-0.070662,-0.570267,
1662,916511034,7.201723,-8.888747,0.909361,-22.761002,-38.666553,36.037231,-0.309646,-0.759997,-0.063202,-0.567917,
1663,916527701,8.609456,-4.492800,4.059798,-24.424730,12.208055,65.663750,-0.306984,-0.758306,-0.054612,-0.572494,
1664,916544368,7.763279,2.372144,5.000191,24.671305,59.445393,73.280724,-0.297849,-0.754819,-0.051369,-0.582147,
1665,916561035,9.623973,9.006204,-0.594875,175.610153,38.577145,69.949875,-0.272437,-0.759240,-0.060342,-0.587955,
1666,916577702,12.967965,17.825247,-9.990488,295.622650,51.630318,76.955460,-0.232691,-0.766296,-0.079232,-0.593604,
1667,916594369,9.465734,19.753920,-13.321874,256.902710,-28.989283,-14.168182,-0.205654,-0.776641,-0.102076,-0.586614,
1668,916611036,7.801257,15.980119,-9.863167,173.325272,-98.007889,-93.692047,-0.195618,-0.788253,-0.124588,-0.569972,
1669,916627703,8.440807,12.681664,-4.379814,144.200500,-92.039650,-66.559891,-0.186397,-0.798355,-0.141641,-0.554817,
1670,916644370,10.852882,12.091700,1.521946,-27.817770,-35.612068,32.514595,-0.187924,-0.800975,-0.134788,-0.552227,
1671,916661037,16.776278,4.591514,-1.114009,-269.344147,-47.551785,138.798630,-0.209089,-0.799212,-0.095702,-0.555322,
1672,916677704,17.161711,-4.053989,0.184959,-338.294678,-43.479725,141.267197,-0.237497,-0.793111,-0.050659,-0.558573,
1673,916694371,16.115732,-5.773905,11.380690,-132.409851,156.803589,15.241504,-0.250473,-0.775416,-0.043680,-0.578001,
1674,916711038,8.170679,4.302370,-4.749129,211.414291,159.410736,-11.927318,-0.226646,-0.768921,-0.068701,-0.593862,
1675,916727705,0.689804,6.142549,-13.030525,-71.895210,7.374027,6.331200,-0.234257,-0.765785,-0.062149,-0.595680,
1676,916744372,11.483577,-7.787761,-0.472832,-152.166458,-135.354813,-17.260944,-0.254024,-0.771687,-0.046380,-0.581222,
1677,916761039,16.103615,-19.813992,-4.217381,118.881836,35.474823,29.029472,-0.238147,-0.773004,-0.054607,-0.585465,
1678,916777706,6.365750,-9.022492,-6.557077,324.665039,57.210815,106.431366,-0.192037,-0.779103,-0.072316,-0.592360,
1679,916794373,5.778897,4.465889,-5.278001,253.861145,22.187283,140.128372,-0.150988,-0.784923,-0.078977,-0.595702,
1680,916811040,13.100121,14.346350,0.134684,185.953461,-67.327507,132.916031,-0.119119,-0.795763,-0.078497,-0.588565,
1681,916827707,15.196868,12.263817,1.310981,-59.980446,-0.340336,50.473610,-0.121925,-0.795145,-0.067619,-0.590175,
1682,916844374,7.216920,0.987707,-8.226751,-126.199921,136.687332,21.703562,-0.133461,-0.780956,-0.056786,-0.607512,
1683,916861041,4.062261,0.063917,-0.998945,48.472797,-17.859779,57.692028,-0.123195,-0.783771,-0.054273,-0.606284,
1684,916877708,8.827989,1.152171,-1.827492,-38.270512,0.595989,68.797081,-0.121677,-0.783393,-0.043168,-0.607969,
1685,916894375,7.974576,1.163067,-5.016138,11.240726,12.090151,74.362228,-0.113938,-0.782814,-0.036005,-0.610675,
1686,916911042,8.105423,3.167644,-1.892992,-12.917912,-4.602144,74.432495,-0.109016,-0.783225,-0.026409,-0.611536,
1687,916927709,8.342876,1.027248,-3.363560,-37.156834,-21.076778,64.716843,-0.107771,-0.784586,-0.015498,-0.610384,
1688,916944376,10.317124,0.285186,-2.642306,-10.229377,-26.263065,58.767971,-0.103980,-0.786735,-0.007574,-0.608423,
1689,916961043,10.944032,0.197226,-1.627053,-23.045273,2.462325,65.190872,-0.101046,-0.786083,0.001786,-0.609803,
1690,916977710,9.702607,0.814164,-1.352007,-29.129702,11.881841,77.798744,-0.097679,-0.784406,0.012989,-0.612370,
1691,916994377,8.773129,1.591200,-0.298931,-49.702080,1.400197,84.138290,-0.096057,-0.783223,0.026893,-0.613687,
1692,917011044,8.580533,0.580355,-1.087782,-56.460510,-14.114600,88.139267,-0.094767,-0.783145,0.042068,-0.613133,
1693,917027711,9.286682,-0.276007,-1.505095,-39.515808,-22.841692,91.717186,-0.091153,-0.783882,0.056250,-0.611601,
1694,917044378,10.909472,0.004116,-2.092758,-15.534150,-22.124296,92.471642,-0.084724,-0.784706,0.068363,-0.610232,
1695,917061045,11.963404,1.167495,-2.782280,0.012928,-10.018329,86.397552,-0.077166,-0.784573,0.078243,-0.610220,
1696,917077712,10.692159,2.971004,-2.979629,11.076130,-1.967780,80.105507,-0.068984,-0.783808,0.086321,-0.611093,
1697,917094379,9.693423,5.279247,-3.472932,39.819099,-5.275190,81.054520,-0.057390,-0.783496,0.091972,-0.611867,
1698,917111046,9.888983,6.738364,-3.207845,53.890697,0.648554,79.196777,-0.044430,-0.782660,0.096092,-0.613380,
1699,917127713,10.279543,6.028572,-2.971178,43.907501,2.505829,65.696724,-0.033833,-0.781660,0.099537,-0.614781,
1700,917144380,11.725731,5.587177,-3.125607,33.066078,10.619328,43.514973,-0.026569,-0.780128,0.101378,-0.616779,
1701,917161047,11.164757,5.241119,-3.187586,39.150784,26.928074,24.905075,-0.020526,-0.777384,0.100492,-0.620607,
1702,917177714,9.792787,5.152050,-3.281128,38.846645,38.225082,11.413547,-0.015901,-0.773768,0.098065,-0.625629,
1703,917194381,9.923542,4.705789,-3.149317,33.967106,42.996426,-1.406421,-0.013061,-0.769840,0.094622,-0.631048,
1704,917211048,10.589197,5.793364,-1.916624,23.478884,50.229271,-12.101472,-0.012479,-0.765324,0.090922,-0.637068,
1705,917227715,10.752136,6.177405,-1.538218,8.843934,57.027077,-28.911030,-0.015176,-0.760312,0.086685,-0.643569,
1706,917244382,8.452950,5.959450,-0.883229,-0.044990,73.248543,-42.335281,-0.020317,-0.753835,0.081747,-0.651642,
1707,917261049,5.663928,6.278500,-0.491791,-0.952155,73.375496,-54.881424,-0.026748,-0.747364,0.075504,-0.659568,
1708,917277716,6.300978,6.483109,-1.271141,-28.234497,56.145462,-83.241295,-0.038673,-0.742592,0.068844,-0.665072,
1709,917294383,8.237219,5.165846,-3.403569,-30.494991,24.874363,-114.050133,-0.053500,-0.740935,0.059230,-0.666817,
1710,917311050,10.976308,6.011815,-3.876502,-34.320496,-20.303862,-118.679153,-0.068783,-0.743426,0.049819,-0.663404,
1711,917327717,15.007231,4.691229,-2.666551,-25.717688,-16.944193,-122.026054,-0.083463,-0.745450,0.039164,-0.660154,
1712,917344384,14.580142,2.375233,-1.449158,-40.736237,21.085855,-112.007172,-0.099000,-0.743336,0.030562,-0.660845,
1713,917361051,12.247195,0.797819,-1.887020,-13.923393,14.065543,-100.098999,-0.110435,-0.742027,0.020762,-0.660885,
1714,917377718,11.815133,2.085604,-3.378313,3.105484,18.418398,-101.975464,-0.120200,-0.740406,0.009049,-0.661263,
1715,917394385,11.016945,3.817333,-3.952872,23.163818,3.271787,-111.086243,-0.128630,-0.740414,-0.005312,-0.659706,
1716,917411052,11.375566,4.077462,-4.391485,-19.603239,-15.908713,-117.217003,-0.142230,-0.741241,-0.015871,-0.655805,
1717,917427719,11.462118,1.547027,-3.489346,-48.339787,-26.488026,-113.401253,-0.158542,-0.742248,-0.023053,-0.650692,
1718,917444386,12.162054,-0.826119,-2.685189,-41.784489,-44.303432,-108.345978,-0.173673,-0.744858,-0.029891,-0.643530,
1719,917461053,11.970452,-1.343685,-1.896028,-42.083855,-51.001995,-114.833542,-0.189410,-0.747794,-0.037222,-0.635250,
1720,917477720,10.706586,-1.309034,-1.284292,-51.040485,-52.251854,-126.028290,-0.207080,-0.750226,-0.044892,-0.626309,
1721,917494387,9.583883,-1.416029,-0.246693,-54.360844,-53.074085,-125.590408,-0.224980,-0.752290,-0.052165,-0.617026,
1722,917511054,8.770497,-0.388935,0.584102,-85.814140,-45.012386,-117.007645,-0.245380,-0.752306,-0.055914,-0.608850,
1723,917527721,8.568960,-0.210664,0.454658,-94.743988,-56.773399,-105.496559,-0.265709,-0.752761,-0.057164,-0.599567,
1724,917544388,8.502652,-0.526631,-0.379752,-104.157661,-50.931503,-92.193741,-0.285730,-0.752087,-0.056334,-0.591227,
1725,917561055,8.417466,-1.863622,-1.675893,-102.087708,-43.833408,-75.521072,-0.303909,-0.750702,-0.054127,-0.584086,
1726,917577722,8.433942,-4.176985,-2.782126,-69.102196,-35.443836,-55.218246,-0.316604,-0.750002,-0.052860,-0.578328,
1727,917594389,7.018029,-6.536489,-2.275866,1.186425,-42.014488,-35.402218,-0.319972,-0.753148,-0.055031,-0.572152,
1728,917611056,7.100397,-7.280340,-0.531921,30.297972,-60.963284,-18.717285,-0.318883,-0.759296,-0.056909,-0.564397,
1729,917627723,8.920347,-5.019076,2.656004,5.641957,-22.412127,3.936980,-0.318317,-0.761281,-0.056043,-0.562125,
1730,917644390,8.507986,-0.107507,5.277674,-12.541275,32.721710,24.802725,-0.317598,-0.758067,-0.053928,-0.567060,
1731,917661057,7.302563,3.902081,-0.136936,148.059906,58.739189,32.669052,-0.298225,-0.759960,-0.065376,-0.573801,
1732,917677724,8.462211,12.084490,-5.783251,319.639648,88.557800,34.407738,-0.259038,-0.765719,-0.092141,-0.581450,
1733,917694391,6.633977,14.619370,-7.179693,263.370819,54.572998,52.881649,-0.224500,-0.770977,-0.110636,-0.585622,
1734,917711058,7.888998,15.470836,-11.628500,234.986481,-52.748478,50.892525,-0.194722,-0.783320,-0.123278,-0.577317,
1735,917727725,8.391863,16.823631,-10.660700,234.201889,-111.288498,15.525110,-0.168794,-0.798873,-0.138063,-0.560579,
1736,917744392,7.961911,16.050547,-4.232472,25.403921,-90.811958,7.950862,-0.167198,-0.806845,-0.137101,-0.549771,
1737,917761059,8.398291,11.106348,-1.633722,-243.385376,-48.357265,53.364628,-0.192536,-0.805166,-0.110252,-0.549983,
1738,917777726,25.415447,2.647468,4.102012,-431.406372,-135.922272,193.868240,-0.229411,-0.804865,-0.049147,-0.545112,
1739,917794393,23.056948,-11.708181,8.113296,-179.419327,138.951126,87.966164,-0.242513,-0.787853,-0.029382,-0.565342,
1740,917811060,9.512927,4.469278,2.827207,130.724228,137.907593,-28.653225,-0.229418,-0.780555,-0.048406,-0.579446,
1741,917827727,0.196079,8.139446,-10.363739,-119.353447,58.658302,-34.788536,-0.245651,-0.771080,-0.044378,-0.585766,
1742,917844394,3.363365,-8.143254,-0.563061,-123.481270,-111.077454,-71.472382,-0.266432,-0.775258,-0.038027,-0.571439,
1743,917861061,19.696104,-26.277025,-9.846405,53.288177,9.809097,-12.116116,-0.261577,-0.776273,-0.044341,-0.571849,
1744,917877728,6.686547,-15.921866,-10.156265,366.936188,56.312218,91.035858,-0.212030,-0.784797,-0.066777,-0.578513,
1745,917894395,10.092846,1.273737,-4.674755,331.637878,14.222756,104.928444,-0.165141,-0.793705,-0.083173,-0.579519,
1746,917911062,16.076973,17.597622,-0.298079,276.528503,-157.115906,134.407883,-0.123781,-0.814079,-0.087202,-0.560668,
1747,917927729,13.425138,20.109564,-4.417882,-140.159149,121.048004,25.222961,-0.136920,-0.801570,-0.075050,-0.577153,
1748,917944396,1.424549,-1.153222,-12.427602,-147.235275,260.053558,17.184809,-0.149865,-0.776102,-0.065914,-0.608983,
1749,917961063,1.472308,1.120412,1.988203,129.208954,-141.319153,54.304676,-0.131964,-0.791499,-0.068230,-0.592840,
1750,917977730,12.116952,3.090313,0.279252,-120.096321,-34.191486,71.977966,-0.140090,-0.792551,-0.049031,-0.591467,
1751,917994397,9.131169,-1.350483,-10.643309,-32.041908,22.597929,88.648453,-0.136183,-0.790379,-0.036625,-0.596166,
1752,918011064,9.534751,3.789673,-1.418757,18.030487,4.129970,98.764793,-0.125712,-0.790697,-0.027024,-0.598552,
1753,918027731,7.184835,1.818015,-1.792305,-98.801880,-4.411962,89.685692,-0.129464,-0.789356,-0.008134,-0.600075,
1754,918044398,8.976873,-0.285089,-3.550796,-49.382656,-39.996948,84.213158,-0.128023,-0.791806,0.006489,-0.597169,
1755,918061065,11.563555,-0.154138,-0.516697,-69.677284,-23.824526,85.410828,-0.128797,-0.792277,0.022708,-0.595980,
1756,918077732,11.109741,-2.325540,-2.700807,-54.838959,-9.959399,92.932617,-0.127222,-0.791597,0.038244,-0.596428,
1757,918094399,9.820499,-2.267031,-2.618676,-45.420067,-13.337806,92.196861,-0.124576,-0.791203,0.052934,-0.596386,
1758,918111066,10.703376,-0.586570,-3.257323,-26.823946,-23.867941,88.864807,-0.119971,-0.791923,0.065806,-0.595092,
1759,918127733,13.150126,3.989735,-3.006089,53.151260,-20.608288,91.882332,-0.105898,-0.793557,0.072034,-0.594864,
1760,918144400,12.322737,8.053903,-2.244186,94.246513,7.905982,84.876740,-0.087958,-0.793203,0.073437,-0.598079,
1761,918161067,9.728774,10.246008,-0.403891,125.041245,8.719071,80.470779,-0.066825,-0.792903,0.071612,-0.601423,
1762,918177734,7.546884,12.264579,-2.292718,124.970207,22.549809,66.781593,-0.047018,-0.791182,0.068046,-0.605961,
1763,918194401,8.712082,12.081028,-3.447569,80.391129,22.644745,37.152012,-0.034943,-0.789204,0.064975,-0.609684,
1764,918211068,11.682948,11.501493,-0.872398,45.741722,35.211414,11.234796,-0.029263,-0.786083,0.061927,-0.614314,
1765,918227735,10.601015,10.407728,1.339822,27.467541,54.524982,-3.700302,-0.027183,-0.781233,0.058714,-0.620877,
1766,918244402,7.431050,10.438939,0.875879,20.955950,81.912956,-24.220074,-0.027932,-0.773960,0.053640,-0.630339,
1767,918261069,4.645526,10.095117,0.817474,7.003727,100.012253,-45.722660,-0.032362,-0.764971,0.047336,-0.641506,
1768,918277736,3.669743,9.028208,-0.115387,-21.216957,93.884262,-64.164825,-0.041606,-0.756335,0.041625,-0.651532,
1769,918294403,7.767991,6.725995,-3.881722,-50.466442,47.909336,-108.077225,-0.057939,-0.751896,0.034118,-0.655844,
1770,918311070,11.866879,4.506979,-4.214147,43.024456,30.183275,-142.986954,-0.067267,-0.749786,0.014009,-0.658103,
1771,918327737,11.886539,7.690808,-3.860193,7.203164,0.728197,-135.752792,-0.079721,-0.749794,-0.001602,-0.656849,
1772,918344404,14.414479,6.357333,-2.781193,-84.478867,11.563439,-131.650681,-0.101743,-0.747355,-0.008133,-0.656539,
1773,918361071,14.883776,3.520730,-2.757768,-80.591553,-0.144096,-130.597290,-0.123204,-0.745702,-0.014745,-0.654623,
1774,918377738,17.004698,1.557566,-9.181561,-44.334930,-0.496171,-117.433655,-0.139429,-0.744442,-0.023368,-0.652548,
1775,918394405,14.650618,1.386129,-5.302148,19.152733,112.331223,-125.477051,-0.149090,-0.733379,-0.041164,-0.661992,
1776,918411072,10.310029,2.009923,-1.959947,15.957705,27.504702,-136.980713,-0.160627,-0.729960,-0.058018,-0.661809,
1777,918427739,11.395653,-0.994199,-2.664766,-0.169578,-7.260826,-125.926140,-0.173044,-0.729322,-0.071311,-0.658073,
1778,918444406,11.610308,-1.383711,-2.061259,34.614853,-24.357391,-111.837082,-0.180540,-0.731105,-0.085985,-0.652301,
1779,918461073,11.463194,-2.216284,-1.701271,22.004862,-36.626602,-104.979584,-0.188825,-0.733594,-0.098384,-0.645372,
1780,918477740,10.510062,-2.667782,-1.595794,20.357670,-46.600956,-99.392654,-0.196849,-0.736855,-0.109730,-0.637381,
1781,918494407,8.943493,-1.667134,-1.132636,11.742499,-55.676121,-87.860641,-0.204821,-0.740710,-0.118751,-0.628725,
1782,918511074,8.334071,-1.144506,-0.733690,1.411695,-75.554077,-76.738663,-0.213181,-0.746089,-0.125008,-0.618287,
1783,918527741,8.157306,1.246372,1.103785,-61.456470,-72.996010,-65.513794,-0.227247,-0.749293,-0.124438,-0.609453,
1784,918544408,7.935221,1.201097,1.042596,-128.519791,-77.189018,-46.766132,-0.246942,-0.750687,-0.115691,-0.601750,
1785,918561075,8.390435,-0.320551,-0.799707,-142.433914,-71.806282,-23.782856,-0.265920,-0.751091,-0.103347,-0.595371,
1786,918577742,8.756319,-2.981614,-1.749265,-119.144630,-61.126534,3.210774,-0.279731,-0.751526,-0.090434,-0.590576,
1787,918594409,8.246610,-7.232540,-2.404199,-55.676193,-68.875710,20.826582,-0.285114,-0.755232,-0.080705,-0.584654,
1788,918611076,9.334112,-8.847548,0.041435,1.645322,-75.994453,45.511326,-0.282133,-0.762087,-0.072827,-0.578204,
1789,918627743,11.055646,-4.084027,7.831511,-75.716118,3.171611,73.858788,-0.284444,-0.759259,-0.058533,-0.582401,
1790,918644410,8.505906,-2.199423,5.831187,-37.313660,64.473297,72.759087,-0.282018,-0.752639,-0.050132,-0.592863,
1791,918661077,4.138590,4.774025,-3.617470,309.138214,51.066517,45.985397,-0.243754,-0.760304,-0.073919,-0.597542,
1792,918677744,10.467398,12.229171,-9.570775,328.619354,34.633820,39.947327,-0.203499,-0.768334,-0.099319,-0.598653,
1793,918694411,10.864273,14.184852,-25.647810,383.576263,-0.301901,-39.528965,-0.163978,-0.777784,-0.137073,-0.591078,
1794,918711078,6.099768,14.840384,-19.241144,413.362274,-79.997734,-94.288956,-0.126809,-0.790959,-0.181191,-0.570501,
1795,918727745,9.202889,18.474121,-0.079786,131.283508,-116.206848,-9.824947,-0.115728,-0.802367,-0.191133,-0.553428,
1796,918744412,3.030951,19.595406,15.121423,-361.492065,-78.152252,69.286934,-0.154502,-0.803152,-0.152493,-0.554817,
1797,918761079,2.112937,-6.722366,10.768899,-507.864624,-33.244846,96.201111,-0.206515,-0.794133,-0.099280,-0.562892,
1798,918777746,30.367786,-4.945010,6.248648,29.966721,-67.009422,238.579636,-0.184570,-0.803301,-0.072241,-0.561624,
1799,918794413,30.680147,5.293940,-12.219715,-65.221962,338.590973,10.120291,-0.187779,-0.772849,-0.074863,-0.601530,
1800,918811080,-9.133211,18.928032,-6.829048,-216.811310,-150.516571,-52.347370,-0.218426,-0.778784,-0.057737,-0.585193,
1801,918827747,10.629816,-7.871567,2.254735,-330.152161,-41.363632,-109.432625,-0.265395,-0.769741,-0.040786,-0.579138,
1802,918844414,18.033966,-28.604683,-10.641513,8.745880,14.743626,-50.215740,-0.268764,-0.768369,-0.047851,-0.578865,
1803,918861081,8.208916,-21.244411,-12.451990,280.685028,53.415100,91.455490,-0.229279,-0.774608,-0.063432,-0.585995,
1804,918877748,6.526114,-5.194949,-5.482609,333.881409,31.437361,89.912239,-0.183622,-0.782766,-0.082841,-0.588810,
1805,918894415,18.511318,7.986637,-4.224003,302.809296,-88.980759,87.563759,-0.142709,-0.798502,-0.096443,-0.576824,
1806,918911082,22.587507,19.980743,-0.340096,43.385506,-114.212570,69.468895,-0.133592,-0.809660,-0.089737,-0.564402,
1807,918927749,3.730290,5.653754,-14.936130,-127.376350,439.063293,46.647514,-0.138911,-0.769828,-0.082237,-0.617499,
1808,918944416,-7.148937,2.930694,5.218375,85.141014,-134.665466,75.069206,-0.124394,-0.784153,-0.078835,-0.602839,
1809,918961083,13.900144,2.804658,-0.334464,-65.010674,-57.675060,51.819454,-0.128106,-0.788409,-0.066279,-0.598002,
1810,918977750,9.949788,-1.083747,-5.118426,-20.754665,28.660997,54.813019,-0.125631,-0.785890,-0.058828,-0.602605,
1811,918994417,10.220373,0.853566,-2.169316,-39.644703,-8.274708,84.564194,-0.123004,-0.786412,-0.045636,-0.603608,
1812,919011084,6.766738,0.345060,-3.303097,-44.645809,1.017411,98.727409,-0.119617,-0.785955,-0.030542,-0.605832,
1813,919027751,8.425258,1.917704,-2.195425,-60.517715,-33.246593,96.898438,-0.118326,-0.788022,-0.013654,-0.604014,
1814,919044418,9.979265,1.821944,-1.209086,-78.686775,-31.742554,97.169556,-0.119051,-0.789392,0.004840,-0.602215,
1815,919061085,10.603447,1.192619,-0.388620,-72.511108,-19.190348,109.996086,-0.117910,-0.789477,0.024045,-0.601867,
1816,919077752,10.220529,0.654761,-1.159974,-34.841049,-7.744555,111.890785,-0.112279,-0.788941,0.039968,-0.602800,
1817,919094419,10.646289,0.453442,-1.361702,6.730451,-7.016881,101.498993,-0.102765,-0.788881,0.051031,-0.603739,
1818,919111086,10.550659,1.078891,-1.738435,37.111546,-1.374412,91.503807,-0.090663,-0.788692,0.058185,-0.605276,
1819,919127753,9.445400,2.827856,-3.958400,67.216080,6.767323,81.617760,-0.076027,-0.788096,0.061434,-0.607742,
1820,919144420,9.352538,5.795005,-4.600476,93.644897,18.337267,69.356125,-0.059531,-0.786675,0.060798,-0.611476,
1821,919161087,9.525740,7.959876,-3.903448,95.396507,26.106079,55.939114,-0.044082,-0.784478,0.058385,-0.615827,
1822,919177754,9.281672,8.669920,-4.071030,67.204208,28.249384,42.591053,-0.033058,-0.781859,0.056947,-0.619968,
1823,919194421,8.963758,7.979490,-3.494418,43.407345,28.136763,23.559721,-0.026455,-0.779210,0.055483,-0.623742,
1824,919211088,9.959513,7.119081,-1.697619,23.857214,25.400208,3.794698,-0.023841,-0.776857,0.053558,-0.626941,
1825,919227755,10.398219,6.158249,-0.884549,1.526873,27.278419,-4.658770,-0.024539,-0.774305,0.052706,-0.630136,
1826,919244422,9.850943,5.727404,-0.110386,-10.379565,39.622334,-14.559252,-0.027582,-0.770631,0.051782,-0.634575,
1827,919261089,9.456819,5.547500,0.591821,-16.608999,50.408634,-29.104752,-0.032747,-0.765997,0.049754,-0.640078,
1828,919277756,9.947244,5.639689,0.891335,-20.738022,60.504097,-46.503132,-0.040064,-0.760444,0.046118,-0.646523,
1829,919294423,9.530113,5.990083,0.348563,-20.292498,66.993958,-58.208855,-0.048472,-0.754238,0.041098,-0.653518,
1830,919311090,7.442987,5.982198,-3.318013,-8.665257,61.708691,-74.666061,-0.057129,-0.748567,0.033195,-0.659758,
1831,919327757,5.853655,5.943521,-4.455318,-9.378872,54.159672,-104.535622,-0.068681,-0.743567,0.022161,-0.664755,
1832,919344424,6.901502,6.401187,-2.798923,11.562304,21.121071,-134.927841,-0.080779,-0.741806,0.006138,-0.665703,
1833,919361091,13.909513,7.170163,-2.135498,8.750965,-28.890997,-158.486267,-0.095379,-0.744516,-0.011572,-0.660654,
1834,919377758,19.682802,5.207201,-2.269378,-2.688647,-29.926222,-136.227936,-0.109035,-0.746841,-0.025754,-0.655497,
1835,919394425,16.819918,-0.439935,-3.519137,-6.309945,42.113354,-104.238457,-0.119730,-0.742100,-0.037250,-0.658456,
1836,919411092,10.253860,-0.386329,-2.294705,9.807631,60.629356,-106.532661,-0.128765,-0.735629,-0.050847,-0.663086,
1837,919427759,8.391018,3.229066,-2.920338,33.312950,-0.264989,-114.498749,-0.136462,-0.735179,-0.066407,-0.660667,
1838,919444426,10.042777,5.116312,-3.839160,15.043408,-30.361120,-115.849464,-0.146490,-0.737017,-0.079737,-0.654972,
1839,919461093,11.601453,4.079217,-3.731960,-15.055937,-42.945911,-111.270760,-0.159409,-0.739236,-0.089417,-0.648169,
1840,919477760,11.900815,0.941305,-2.743529,-30.736254,-49.225475,-104.147179,-0.173374,-0.741548,-0.096679,-0.640859,
1841,919494427,10.571342,-1.081694,-1.815473,-39.120010,-52.651649,-101.049141,-0.187948,-0.743783,-0.102709,-0.633176,
1842,919511094,9.284954,-1.541289,-1.515160,-50.128471,-66.872673,-94.316254,-0.203241,-0.746885,-0.106572,-0.624098,
1843,919527761,9.256294,-0.534671,-1.184899,-53.698326,-67.183708,-89.597664,-0.218428,-0.749731,-0.109553,-0.614972,
1844,919544428,8.703467,0.920396,-0.692153,-76.580818,-71.831993,-77.446800,-0.235020,-0.752199,-0.108975,-0.605876,
1845,919561095,8.931747,1.649550,-0.261822,-99.386223,-74.323662,-65.948898,-0.253040,-0.753994,-0.105000,-0.597025,
1846,919577762,8.825518,1.638556,-0.502185,-127.061424,-69.858765,-58.309483,-0.273242,-0.754143,-0.097900,-0.589087,
1847,919594429,8.547836,-0.465055,-2.083421,-142.236633,-55.914795,-47.287792,-0.293818,-0.752247,-0.088791,-0.583019,
1848,919611096,8.516058,-3.230656,-2.974041,-127.811691,-46.452824,-25.557940,-0.310709,-0.750088,-0.078888,-0.578450,
1849,919627763,7.473442,-6.785127,-3.065804,-83.485512,-49.513191,-0.774208,-0.320618,-0.750245,-0.069847,-0.573984,
1850,919644430,7.191231,-9.381062,-2.331013,-11.602964,-68.715897,22.340366,-0.320895,-0.755478,-0.063375,-0.567681,
1851,919661097,8.030679,-7.806488,1.240599,13.974277,-43.706085,46.907280,-0.316066,-0.759994,-0.057474,-0.564985,
1852,919677764,8.453714,-2.637977,6.288498,-16.054121,0.576252,70.952995,-0.312176,-0.759617,-0.048475,-0.568488,
1853,919694431,8.115438,2.445728,4.001048,65.880165,36.876213,77.122047,-0.298412,-0.759867,-0.047207,-0.575607,
1854,919711098,11.558948,10.572124,-3.594289,287.198700,38.770702,78.180351,-0.259780,-0.768755,-0.064376,-0.580848,
1855,919727765,13.122078,17.716545,-7.477667,333.760803,71.410034,72.185539,-0.215571,-0.774875,-0.087237,-0.587781,
1856,919744432,9.121663,18.830215,-12.956217,308.866455,-4.942511,-16.979456,-0.182262,-0.783837,-0.115428,-0.582286,
1857,919761099,6.684809,16.309387,-13.165367,298.437927,-72.548988,-58.588829,-0.154433,-0.795953,-0.145455,-0.566967,
1858,919777766,7.327735,14.544633,-3.748777,176.828033,-76.848083,-14.011519,-0.136874,-0.805510,-0.160001,-0.553912,
1859,919794433,9.148835,11.150476,2.812436,-182.345428,-43.015324,66.531342,-0.154009,-0.806414,-0.136725,-0.554332,
1860,919811100,15.749510,0.834175,-0.871804,-419.622253,-108.696297,154.156586,-0.192783,-0.806895,-0.082245,-0.552260,
1861,919827767,23.066889,-9.696469,2.746204,-326.467773,33.988476,133.120636,-0.219934,-0.795399,-0.041400,-0.563255,
1862,919844434,9.232290,-5.236454,8.044801,81.067383,156.009811,12.243551,-0.208746,-0.784888,-0.051737,-0.581119,
1863,919861101,4.890925,13.867482,-8.483064,122.655403,171.877594,0.326261,-0.193530,-0.773575,-0.067386,-0.599656,
1864,919877768,-5.067317,-0.046549,-11.152392,-140.124985,-80.119011,-3.727092,-0.210559,-0.776223,-0.053434,-0.591851,
1865,919894435,18.780613,-6.399892,2.618491,-80.779594,-156.704620,-16.502626,-0.222455,-0.786714,-0.043656,-0.574185,
1866,919911102,19.504202,-22.011393,-6.974373,109.207382,68.379608,44.609810,-0.205959,-0.784530,-0.050007,-0.582746,
1867,919927769,7.458536,-7.488081,-4.841365,246.495026,54.068466,77.450569,-0.170923,-0.787183,-0.063762,-0.589120,
1868,919944436,8.335377,7.156061,-2.844889,196.695801,41.224503,101.477867,-0.139426,-0.788927,-0.070099,-0.594340,
1869,919961103,9.858925,17.169901,1.966983,83.143120,-57.729866,89.571526,-0.122894,-0.796234,-0.065932,-0.588695,
1870,919977770,9.400610,5.492820,-8.733295,-116.240242,98.479439,21.368299,-0.133743,-0.785594,-0.055359,-0.601573,
1871,919994437,3.753943,1.018895,-4.384116,28.670088,27.242151,36.016754,-0.127291,-0.783902,-0.054389,-0.605256,
1872,920011104,8.510520,3.293961,1.145766,-51.093571,-48.450516,55.279144,-0.128822,-0.787462,-0.042795,-0.601228,
1873,920027771,9.199229,0.267140,-6.364226,-63.002075,3.735623,64.294594,-0.130582,-0.786159,-0.030097,-0.603320,
1874,920044438,8.556113,1.908325,-2.931054,-12.886657,-0.970176,71.839676,-0.125951,-0.786145,-0.020840,-0.604712,
1875,920061105,7.507201,1.707651,-2.190698,-60.799980,-12.052334,67.342056,-0.127209,-0.786104,-0.007677,-0.604813,
1876,920077772,8.640072,0.536357,-3.101526,-40.015099,-33.177036,59.320412,-0.126802,-0.788177,0.003132,-0.602236,
1877,920094439,10.210378,0.571764,-1.469079,-51.208710,-30.032898,60.931122,-0.127519,-0.789659,0.015049,-0.599959,
1878,920111106,10.531528,0.117058,-2.533973,-41.371292,-14.862167,68.623817,-0.126449,-0.789869,0.026706,-0.599503,
1879,920127773,9.279932,0.239569,-1.678386,-32.673588,-7.693693,73.491096,-0.123966,-0.789488,0.038030,-0.599912,
1880,920144440,9.123519,-0.287836,-1.695155,-15.933685,-12.228237,71.226692,-0.119717,-0.789719,0.047711,-0.599778,
1881,920161107,10.713877,-0.485558,-2.234737,10.137243,-13.504663,68.856712,-0.112659,-0.790448,0.054862,-0.599574,
1882,920177774,11.352719,0.242734,-2.546664,33.264999,-3.124119,66.766090,-0.103193,-0.790583,0.059580,-0.600650,
1883,920194441,11.342641,2.529171,-2.815174,58.678341,0.641443,66.088402,-0.090883,-0.790667,0.061936,-0.602286,
1884,920211108,10.895698,5.494030,-3.243713,89.643875,15.886195,65.941437,-0.075145,-0.789660,0.061348,-0.605826,
1885,920227775,9.803874,7.615848,-2.824634,113.622375,27.123325,70.438049,-0.056335,-0.787629,0.059019,-0.610723,
1886,920244442,10.106055,9.046283,-3.648204,82.987503,23.986856,66.398811,-0.041349,-0.785411,0.058953,-0.614772,
1887,920261109,10.677571,7.790668,-3.432791,45.194366,28.291779,54.097885,-0.031816,-0.782543,0.060823,-0.618801,
1888,920277776,10.337912,7.549420,-1.698131,32.778885,37.707638,42.673542,-0.024806,-0.778790,0.062459,-0.623674,
1889,920294443,7.923489,7.714192,-0.742848,21.048939,42.262871,25.813257,-0.020699,-0.774676,0.063226,-0.628849,
1890,920311110,6.888244,7.493664,-1.374137,-2.441390,38.258934,-3.749514,-0.021907,-0.771092,0.062817,-0.633238,
1891,920327777,8.573014,7.647398,-1.191695,-11.517315,41.874863,-31.413553,-0.026716,-0.767362,0.060125,-0.637830,
1892,920344444,10.865179,8.358961,-0.364083,-2.953900,59.446648,-51.292381,-0.032567,-0.762130,0.054343,-0.644316,
1893,920361111,9.072484,8.604251,-0.637748,-7.837656,73.763489,-62.273228,-0.040101,-0.755490,0.047722,-0.652188,
1894,920377778,5.991448,8.865705,-4.207664,-63.840611,53.293724,-82.357498,-0.055544,-0.750412,0.044312,-0.657139,
1895,920394445,5.596721,6.725474,-6.151875,-109.446312,9.029129,-122.871185,-0.079529,-0.749126,0.041175,-0.656346,
1896,920411112,12.364653,6.958600,-2.130011,-71.957809,-31.780512,-155.731964,-0.102274,-0.751901,0.031323,-0.650541,
1897,920427779,19.498222,5.184850,-1.152313,-66.060921,-31.782166,-150.327042,-0.123803,-0.754266,0.021485,-0.644433,
1898,920444446,18.092575,0.709894,-3.371934,-20.808189,25.301712,-119.308464,-0.137581,-0.751645,0.009769,-0.644985,
1899,920461113,12.007113,-0.365350,-3.087837,-6.469870,65.995522,-118.947212,-0.149764,-0.745215,-0.004070,-0.649775,
1900,920477780,10.453930,1.622410,-3.300342,52.664433,24.506737,-131.310928,-0.156666,-0.743672,-0.023931,-0.649487,
1901,920494447,12.405226,4.556816,-2.912509,62.184460,2.037115,-140.320541,-0.163391,-0.744085,-0.045142,-0.646221,
1902,920511114,12.684329,2.404491,-3.216222,23.699411,-2.018949,-132.883530,-0.173536,-0.743680,-0.061815,-0.642654,
1903,920527781,11.881307,0.297969,-2.436133,16.980576,-23.884144,-125.065834,-0.183808,-0.744941,-0.076439,-0.636738,
1904,920544448,11.281066,-1.416375,-1.984992,-7.550601,-35.950382,-121.028191,-0.196431,-0.746448,-0.088003,-0.629671,
1905,920561115,10.133718,-1.464072,-1.088645,-24.429546,-45.838612,-115.641945,-0.210449,-0.748189,-0.097122,-0.621684,
1906,920577782,9.595683,-1.473910,-0.772618,-48.993427,-51.858231,-109.606544,-0.226602,-0.749541,-0.103143,-0.613352,
1907,920594449,8.505727,-1.066006,-0.649788,-71.734390,-50.320736,-98.897003,-0.244170,-0.749888,-0.105979,-0.605655,
1908,920611116,7.891905,0.438293,-0.174646,-95.917068,-55.116798,-84.262817,-0.263060,-0.749727,-0.104875,-0.598089,
1909,920627783,7.862044,-0.245704,-1.928076,-107.511505,-54.595734,-69.714142,-0.281831,-0.748987,-0.101151,-0.591065,
1910,920644450,7.698608,-1.358017,-2.591199,-97.832817,-39.760162,-56.462547,-0.298086,-0.747293,-0.097386,-0.585844,
1911,920661117,6.668904,-5.061735,-3.498385,-75.512535,-40.748665,-43.628319,-0.310759,-0.746642,-0.094059,-0.580608,
1912,920677784,5.725903,-10.029291,-4.615586,13.506181,-87.112152,-22.177467,-0.312526,-0.754087,-0.093805,-0.569983,
1913,920694451,8.447256,-10.084044,-0.898104,52.099163,-102.415184,27.945772,-0.306037,-0.765067,-0.090533,-0.559300,
1914,920711118,11.562904,-3.107321,7.701219,-65.743973,18.545946,76.064133,-0.307072,-0.761403,-0.077679,-0.565631,
1915,920727785,8.002234,0.748790,7.500104,-57.964512,97.919098,93.939072,-0.304770,-0.751496,-0.067002,-0.581274,
1916,920744452,5.916148,4.966734,3.825018,132.904465,36.176365,94.545036,-0.282001,-0.754880,-0.069620,-0.588035,
1917,920761119,11.402109,9.941164,-4.886314,243.493027,15.809615,92.580963,-0.247187,-0.763759,-0.081006,-0.590770,
1918,920777786,14.962090,13.106781,-15.537299,227.018463,39.774101,55.842297,-0.216754,-0.768558,-0.095814,-0.594269,
1919,920794453,7.498672,18.881142,-20.957243,356.951355,-34.745857,-60.835873,-0.182501,-0.780741,-0.132344,-0.582770,
1920,920811120,7.288033,17.964354,-9.659811,375.049591,-72.418945,-66.685509,-0.146875,-0.794162,-0.169679,-0.564750,
1921,920827787,8.861807,18.157551,5.364914,59.389389,-51.729118,40.328701,-0.138151,-0.800468,-0.168907,-0.558244,
1922,920844454,9.409455,13.023335,6.529074,-322.537018,-64.737663,148.595734,-0.165215,-0.801644,-0.124034,-0.560969,
1923,920861121,19.659155,2.405355,-1.868216,-443.079285,-105.940964,202.590103,-0.201994,-0.801044,-0.061578,-0.560120,
1924,920877788,17.983425,-6.602439,3.721648,-289.471466,95.392311,75.230598,-0.228726,-0.784472,-0.032119,-0.575549,
1925,920894455,10.461888,1.029187,2.811474,163.216431,164.597916,-3.999310,-0.209755,-0.775520,-0.051828,-0.593198,
1926,920911122,-2.881546,5.647612,-13.065055,-157.262619,101.639404,3.742434,-0.226534,-0.761547,-0.041048,-0.605841,
1927,920927789,4.550400,-8.895431,-3.864513,-159.032684,-186.908035,-27.386169,-0.247743,-0.771978,-0.024014,-0.584890,
1928,920944456,22.570879,-20.930126,-4.139196,29.350321,-2.310145,-9.043131,-0.245432,-0.773056,-0.027576,-0.584283,
1929,920961123,9.592757,-15.890645,-6.979201,326.881226,56.382839,79.907990,-0.201576,-0.779167,-0.048467,-0.591537,
1930,920977790,9.408602,0.624179,-4.812078,269.702454,32.081070,104.216682,-0.161839,-0.784219,-0.060870,-0.595905,
1931,920994457,12.913134,13.721281,0.101304,202.349060,-35.889328,115.298950,-0.129181,-0.792522,-0.064485,-0.592505,
1932,921011124,12.411380,15.326286,1.343933,-46.551136,27.757868,46.100716,-0.130497,-0.789513,-0.055785,-0.597099,
1933,921027791,4.554948,0.206734,-10.526048,-109.712685,122.508949,33.089977,-0.139385,-0.776688,-0.044875,-0.612628,
1934,921044458,5.845859,2.131951,-0.782267,53.472607,-49.717510,55.958714,-0.128871,-0.782368,-0.042412,-0.607859,
1935,921061125,10.055637,2.526541,-0.512060,-95.073090,-9.849302,67.565300,-0.133958,-0.781631,-0.026234,-0.608621,
1936,921077792,8.230392,0.334822,-6.767533,-50.785908,9.305174,81.303368,-0.132688,-0.779925,-0.012781,-0.611512,
1937,921094459,6.747303,2.654300,-0.811937,-49.204487,-4.906270,86.022209,-0.130819,-0.779368,0.001344,-0.612756,
1938,921111126,6.811730,-0.160623,-2.828297,-80.524055,-42.571369,73.069168,-0.133615,-0.781384,0.017508,-0.609327,
1939,921127793,10.394222,-0.591160,-1.376855,-45.951603,-51.362938,70.212532,-0.132680,-0.784669,0.030450,-0.604784,
1940,921144460,11.822509,-0.650445,-0.934474,-57.991844,-27.447926,79.394356,-0.132389,-0.785414,0.045032,-0.602967,
1941,921161127,10.026626,0.489739,-0.747734,-39.801800,-12.096867,92.326843,-0.128956,-0.784910,0.059191,-0.603144,
1942,921177794,8.496398,1.631254,-0.979351,-11.842828,-12.512811,87.816635,-0.122699,-0.784857,0.070379,-0.603316,
1943,921194461,8.657830,1.335015,-2.004455,0.444844,-20.367939,75.357796,-0.116035,-0.785727,0.079197,-0.602408,
1944,921211128,10.597569,0.484614,-2.712733,14.339617,-23.342020,68.943756,-0.108298,-0.787074,0.086105,-0.601142,
1945,921227795,11.580703,0.498010,-3.636401,33.384739,-12.752189,65.902580,-0.098766,-0.787745,0.090823,-0.601210,
1946,921244462,10.877945,1.993226,-3.805384,70.467743,3.148731,57.401722,-0.085925,-0.787559,0.091083,-0.603383,
1947,921261129,10.066593,4.704980,-3.656053,112.007721,13.246232,46.420708,-0.069404,-0.786963,0.086292,-0.606981,
1948,921277796,9.806229,6.456025,-3.843412,116.545746,24.209602,35.959736,-0.053404,-0.785327,0.079764,-0.611593,
1949,921294463,10.118058,6.557680,-3.676178,101.334068,29.818895,27.389481,-0.039957,-0.782951,0.073541,-0.616427,
1950,921311130,11.179728,6.881817,-2.429788,82.848000,38.170113,19.159533,-0.029437,-0.779638,0.067973,-0.621834,
1951,921327797,10.020292,6.503085,-0.997798,58.210499,43.692379,11.448462,-0.022462,-0.775680,0.063724,-0.627499,
1952,921344464,9.056958,6.510351,-0.531858,35.861301,38.551373,3.272855,-0.018707,-0.772127,0.060602,-0.632295,
1953,921361131,8.614708,5.035767,-1.496388,9.657440,40.730446,-10.180807,-0.019154,-0.768381,0.058367,-0.637037,
1954,921377798,9.744532,5.230484,-1.677508,3.011573,43.638878,-21.366343,-0.021406,-0.764406,0.055487,-0.641986,
1955,921394465,10.791816,6.550948,-1.379943,8.216766,53.437302,-33.884781,-0.024328,-0.759578,0.050692,-0.647981,
1956,921411132,9.377256,6.766449,-0.496246,12.483374,75.960083,-45.611591,-0.028049,-0.752628,0.044111,-0.656367,
1957,921427799,5.954250,7.164956,0.333808,21.283779,79.553520,-59.288094,-0.032133,-0.745308,0.035168,-0.665016,
1958,921444466,4.910558,8.054019,-2.991734,-20.767721,53.704082,-93.315392,-0.043930,-0.740283,0.026714,-0.670326,
1959,921461133,6.082373,6.194797,-5.276225,-77.100174,14.585825,-130.425476,-0.065243,-0.738573,0.019994,-0.670711,
1960,921477800,11.061127,5.910456,-2.823294,-49.797428,-19.710762,-149.286957,-0.085331,-0.740138,0.008899,-0.666960,
1961,921494467,19.086727,4.699774,-1.167155,-39.776741,-39.756714,-138.156448,-0.103194,-0.743379,-0.001728,-0.660860,
1962,921511134,19.362059,0.878955,-4.833725,-23.810673,4.633815,-106.674530,-0.116256,-0.742325,-0.011152,-0.659783,
1963,921527801,12.213115,-1.202771,-1.728016,0.540517,68.628815,-108.351372,-0.126709,-0.735310,-0.024171,-0.665341,
1964,921544468,9.792481,0.178731,-1.655225,49.737236,17.682821,-121.425537,-0.133296,-0.733816,-0.042400,-0.664792,
1965,921561135,10.641626,2.491571,-3.264007,96.816696,-6.133054,-127.324356,-0.135513,-0.735161,-0.065329,-0.660989,
1966,921577802,10.971664,5.025187,-3.005547,87.096947,-19.557894,-123.313057,-0.138441,-0.737262,-0.086595,-0.655575,
1967,921594469,10.980166,4.507878,-2.214111,27.928432,-38.571220,-111.154655,-0.146737,-0.739841,-0.100499,-0.648847,
1968,921611136,11.397840,2.394052,-1.834445,-8.791802,-58.030468,-100.978233,-0.158264,-0.743397,-0.109397,-0.640582,
1969,921627803,11.758409,0.390395,-1.437866,-35.788311,-65.478111,-97.220039,-0.172429,-0.746856,-0.115168,-0.631830,
1970,921644470,10.576240,-0.794080,-0.920692,-48.719902,-58.832615,-96.718391,-0.187784,-0.749147,-0.119824,-0.623825,
1971,921661137,9.835291,-1.062350,-0.741787,-64.072639,-69.216637,-96.149117,-0.204871,-0.751702,-0.122697,-0.614749,
1972,921677804,8.933920,-0.442380,-0.403724,-79.708046,-62.340607,-89.682671,-0.222885,-0.752998,-0.123620,-0.606658,
1973,921694471,8.018346,0.284125,-0.341333,-107.218056,-66.141312,-73.061935,-0.242417,-0.753717,-0.120120,-0.598928,
1974,921711138,7.671617,0.278854,-0.802415,-128.289001,-69.730743,-59.013470,-0.262976,-0.753881,-0.113058,-0.591375,
1975,921727805,7.608983,-0.600584,-1.632328,-144.174271,-63.017902,-44.636177,-0.283785,-0.752681,-0.103246,-0.585045,
1976,921744472,7.957486,-2.765149,-3.092763,-126.778984,-53.484028,-23.349003,-0.300593,-0.751336,-0.092926,-0.580087,
1977,921761139,6.787414,-5.901251,-3.800471,-77.292290,-50.526840,3.179266,-0.309624,-0.752041,-0.083982,-0.575772,
1978,921777806,5.984344,-8.876635,-2.542139,-23.081770,-67.093224,23.427183,-0.311182,-0.756713,-0.076602,-0.569810,
1979,921794473,7.701947,-10.475178,0.359239,0.623100,-57.142933,53.015968,-0.307527,-0.761874,-0.068369,-0.565951,
1980,921811140,9.742441,-4.186629,6.686974,-15.276980,8.652535,84.340652,-0.302354,-0.761114,-0.058286,-0.570868,
1981,921827807,8.468979,2.445931,6.914386,30.083967,59.637135,87.274162,-0.291421,-0.757984,-0.053872,-0.581060,
1982,921844474,13.116922,11.575749,-2.388173,304.261200,24.906742,87.870186,-0.250152,-0.768509,-0.071022,-0.584614,
1983,921861141,12.144562,21.260279,-10.084189,372.891388,73.045448,70.845177,-0.201515,-0.775235,-0.097468,-0.590679,
1984,921877808,8.341421,19.650185,-14.873572,239.856842,-34.602112,-35.792831,-0.178106,-0.784092,-0.121153,-0.582065,
1985,921894475,6.247598,13.637548,-13.893107,201.414810,-86.396164,-79.908493,-0.163517,-0.794619,-0.145131,-0.566374,
1986,921911142,13.741551,12.777669,-2.577692,129.022018,-99.243828,18.177790,-0.149349,-0.805881,-0.151386,-0.552570,
1987,921927809,20.222120,9.768002,5.964543,-189.992157,-31.059374,132.769363,-0.161733,-0.806566,-0.119929,-0.555797,
1988,921944476,12.010818,3.291002,4.947819,-308.360962,9.637948,121.821671,-0.187890,-0.799579,-0.080945,-0.564640,
1989,921961143,16.221458,0.879935,3.629688,-305.433899,39.038551,64.982544,-0.217611,-0.787813,-0.049430,-0.574066,
1990,921977810,8.599297,-1.567474,-3.763387,163.552139,156.856949,-38.559135,-0.201052,-0.779033,-0.072572,-0.589421,
1991,921994477,1.390467,2.449014,-11.591734,-60.584385,98.940201,-41.812218,-0.210628,-0.768063,-0.075124,-0.600058,
1992,922011144,1.244151,-15.578421,-6.881584,-73.365189,-140.691620,-40.565796,-0.224046,-0.777287,-0.069047,-0.583832,
1993,922027811,16.639116,-15.564364,-0.123613,102.557243,-44.352165,35.775665,-0.210025,-0.784503,-0.072384,-0.578969,
1994,922044478,14.378237,-8.477554,-5.259966,288.342010,59.203678,139.965912,-0.164684,-0.788781,-0.082541,-0.586421,
1995,922061145,12.242620,8.066067,-2.897721,206.550156,24.895443,152.279221,-0.127776,-0.792745,-0.083338,-0.590154,
1996,922077812,12.441492,17.820745,2.052925,56.452385,-18.016829,74.246063,-0.115287,-0.796033,-0.079387,-0.588844,
1997,922094479,7.192877,5.780104,-5.465375,-173.165466,151.910858,21.779160,-0.131839,-0.779783,-0.064647,-0.608587,
1998,922111146,3.395998,-2.532919,-5.866858,49.079338,-14.695007,43.345398,-0.122767,-0.782260,-0.063897,-0.607383,
1999,922127813,9.474060,3.778478,2.139818,-16.672070,-27.328291,59.208191,-0.119877,-0.784758,-0.055301,-0.605579,
2000,922144480,8.298403,0.436764,-5.647766,-50.747486,16.422688,69.710114,-0.119586,-0.782792,-0.043262,-0.609151,
2001,922161147,7.876359,2.584311,-3.425582,-4.805211,-1.262711,82.350471,-0.113037,-0.783154,-0.033539,-0.610546,
2002,922177814,6.858519,2.070671,-2.319703,-56.810604,-12.728291,76.995285,-0.112924,-0.783524,-0.019615,-0.610699,
2003,922194481,8.763565,0.132787,-2.356682,-39.618378,-42.389938,65.345161,-0.111951,-0.786640,-0.008055,-0.607124,
2004,922211148,10.774873,-0.172232,-0.971198,-48.470577,-21.149334,67.212547,-0.111784,-0.787618,0.004156,-0.605925,
2005,922227815,9.924805,0.247146,-1.358501,-43.196842,-4.677350,80.134781,-0.109864,-0.787094,0.017114,-0.606729,
2006,922244482,8.924042,1.711555,-1.373811,-28.868570,-2.973055,86.004219,-0.105771,-0.786499,0.029450,-0.607754,
2007,922261149,8.607717,2.035964,-1.816221,-12.358655,-10.160165,87.914818,-0.099573,-0.786653,0.040651,-0.607955,
2008,922277816,8.606349,1.600374,-1.908802,-7.491476,-15.061778,87.630386,-0.092798,-0.787185,0.051453,-0.607520,
2009,922294483,9.634017,1.505187,-2.454348,-11.119925,-19.167341,80.921410,-0.086986,-0.787960,0.061855,-0.606405,
2010,922311150,10.884142,2.112541,-2.672009,-15.835420,-16.320152,73.573021,-0.082377,-0.788386,0.071785,-0.605399,
2011,922327817,10.855632,2.068007,-3.095749,5.624408,-9.865080,68.896210,-0.075779,-0.788463,0.079205,-0.605236,
2012,922344484,10.612025,2.840259,-3.086544,39.502026,-4.455813,69.082733,-0.065333,-0.788345,0.083594,-0.606016,
2013,922361151,10.966039,4.657614,-4.346248,67.817993,2.135467,64.057106,-0.052155,-0.787856,0.084835,-0.607754,
2014,922377818,11.092997,5.384293,-4.504277,70.899246,20.780376,46.004101,-0.040443,-0.785833,0.083578,-0.611428,
2015,922394485,11.547359,7.014891,-3.348373,74.201324,33.349865,31.434177,-0.029798,-0.782766,0.080274,-0.616396,
2016,922411152,10.139992,7.619968,-1.662392,55.992165,41.186192,17.487293,-0.022568,-0.778977,0.076968,-0.621901,
2017,922427819,8.813166,7.032974,-0.718179,32.454895,37.758667,2.223823,-0.019349,-0.775528,0.074066,-0.626654,
2018,922444486,9.136376,5.491519,-1.651367,5.389418,33.760689,-13.440046,-0.020569,-0.772504,0.071869,-0.630595,
2019,922461153,10.841226,5.447299,-1.976611,-0.773868,38.046577,-24.576635,-0.023550,-0.769154,0.068970,-0.634894,
2020,922477820,11.394218,6.083570,-1.112615,0.260530,56.594028,-35.099842,-0.027574,-0.764144,0.064727,-0.641196,
2021,922494487,8.556413,6.073477,0.639316,6.638831,82.526436,-43.751675,-0.031939,-0.756713,0.058813,-0.650313,
2022,922511154,5.048516,7.108000,-0.676134,9.544298,73.195511,-61.278763,-0.037558,-0.750177,0.050725,-0.658218,
2023,922527821,5.102770,8.074866,-3.801316,-60.278812,39.752502,-103.897751,-0.054620,-0.746569,0.044837,-0.661544,
2024,922544488,7.409513,6.105939,-4.717405,-84.821144,7.866366,-143.985519,-0.077974,-0.745740,0.037190,-0.660613,
2025,922561155,13.333417,6.208046,-1.449013,-63.783047,-20.442354,-148.345627,-0.099266,-0.747454,0.027345,-0.656285,
2026,922577822,20.003172,4.169449,-2.597218,-61.127857,-22.601112,-126.174522,-0.118098,-0.748948,0.019672,-0.651722,
2027,922594489,16.977985,0.636324,-4.284618,-41.747929,41.756275,-108.396858,-0.133274,-0.744336,0.010987,-0.654279,
2028,922611156,10.748023,-0.441908,-2.363556,-7.550069,46.127560,-112.289116,-0.145080,-0.739733,-0.001463,-0.657073,
2029,922627823,9.877919,-0.578799,-3.163977,40.575504,18.676796,-122.079361,-0.152598,-0.738512,-0.018984,-0.656470,
2030,922644490,10.677110,2.256822,-2.430291,107.242828,5.887400,-128.736710,-0.153551,-0.739619,-0.043291,-0.653843,
2031,922661157,12.257166,4.251702,-2.620054,77.029205,-9.159994,-122.153671,-0.157142,-0.741137,-0.063658,-0.649592,
2032,922677824,11.789842,2.895782,-3.090158,25.260202,-20.208357,-113.179527,-0.165509,-0.742322,-0.077890,-0.644591,
2033,922694491,11.212719,0.429890,-2.446287,4.943412,-37.760708,-110.461014,-0.175963,-0.744476,-0.089479,-0.637798,
2034,922711158,10.824897,-1.077321,-1.506152,-4.207079,-48.054508,-107.555511,-0.187219,-0.747167,-0.099613,-0.629894,
2035,922727825,10.757087,-1.436525,-0.759395,-16.090372,-65.891869,-109.089310,-0.200101,-0.750903,-0.108306,-0.619978,
2036,922744492,10.286901,-0.433317,0.175564,-22.985607,-53.101383,-110.498505,-0.213591,-0.753005,-0.116864,-0.611314,
2037,922761159,9.045456,0.861125,0.327916,-56.797329,-54.463409,-99.284233,-0.229736,-0.754111,-0.121104,-0.603217,
2038,922777826,8.276514,1.667768,0.093160,-82.332596,-60.259651,-85.530655,-0.247492,-0.754841,-0.121357,-0.595176,
2039,922794493,7.820458,1.695228,-0.625299,-104.464935,-55.797783,-72.076675,-0.266335,-0.754326,-0.118328,-0.588265,
2040,922811160,7.611905,0.306037,-1.685053,-129.724701,-49.918777,-56.468849,-0.286393,-0.752260,-0.111600,-0.582777,
2041,922827827,8.002570,-2.712741,-3.072906,-123.125885,-46.958229,-31.246029,-0.303416,-0.750299,-0.102747,-0.578301,
2042,922844494,7.297918,-5.310584,-3.432021,-84.433151,-45.198948,-1.664303,-0.313611,-0.750120,-0.093964,-0.574576,
2043,922861161,6.048461,-8.107759,-2.613608,-25.238148,-62.848511,22.268997,-0.315539,-0.754333,-0.086697,-0.569123,
2044,922877828,7.347067,-8.486134,1.026481,-14.697833,-44.010387,50.291512,-0.313717,-0.757749,-0.078080,-0.566834,
2045,922894495,8.313080,-4.878625,6.133344,-35.575825,6.853455,75.105812,-0.311532,-0.756211,-0.067316,-0.571455,
2046,922911162,7.605951,-0.446896,4.558701,52.142136,47.795628,79.337021,-0.298885,-0.755140,-0.065218,-0.579808,
2047,922927829,10.275779,8.694934,-2.557539,331.830109,30.686501,84.180725,-0.254884,-0.766683,-0.085333,-0.583052,
2048,922944496,13.736945,17.450087,-7.014406,370.206604,72.258240,80.799438,-0.205666,-0.773926,-0.110377,-0.588691,
2049,922961163,7.767254,22.442360,-15.368879,311.042450,-9.414634,-16.146675,-0.172177,-0.782832,-0.138545,-0.581665,
2050,922977830,5.422719,19.418549,-15.335954,207.188416,-92.554062,-74.167068,-0.156815,-0.793736,-0.162235,-0.564864,
2051,922994497,7.233934,15.807964,-2.819451,94.487946,-73.198074,-38.966579,-0.150998,-0.800708,-0.172928,-0.553319,
2052,923011164,9.410314,10.201774,3.405535,-218.149445,-39.473824,77.589691,-0.171250,-0.800430,-0.145505,-0.555710,
2053,923027831,22.030704,0.074486,2.006663,-456.469910,-143.477676,201.112061,-0.210846,-0.802483,-0.081405,-0.552211,
2054,923044498,23.314774,-13.370462,8.712828,-199.099777,127.670174,88.544807,-0.225521,-0.786491,-0.059085,-0.571911,
2055,923061165,10.981474,-1.062809,2.726654,288.970123,217.940430,-7.980262,-0.191161,-0.776541,-0.091221,-0.593397,
2056,923077832,-1.790335,15.216267,-18.114914,50.542297,197.179626,1.446567,-0.182829,-0.760454,-0.100981,-0.614887,
2057,923094499,-4.170480,-0.911428,-7.556067,-144.834991,-266.183289,-49.192036,-0.207172,-0.778771,-0.086412,-0.585771,
2058,923111166,29.244921,-12.800040,3.917184,-82.758392,-65.050659,-61.364899,-0.222761,-0.780780,-0.084468,-0.577602,
2059,923127833,12.666692,-22.783625,-9.298388,247.018143,101.148743,65.319450,-0.188004,-0.780321,-0.101135,-0.587813,
2060,923144500,7.062978,-1.009782,-5.348251,279.531006,50.241257,114.253212,-0.145781,-0.784435,-0.113452,-0.592062,
2061,923161167,8.974473,14.067839,-0.461975,185.388184,25.359413,145.101807,-0.111815,-0.787973,-0.113439,-0.594750,
2062,923177834,12.384209,17.108286,2.280506,-35.584885,-76.921432,60.745224,-0.112079,-0.794821,-0.102239,-0.587575,
2063,923194501,8.773108,1.136667,-11.341396,-182.620850,173.207932,10.381274,-0.129837,-0.776521,-0.088299,-0.610214,
2064,923211168,2.274958,-1.027919,-1.438907,80.209969,-14.238682,43.287449,-0.117302,-0.779647,-0.090358,-0.608462,
2065,923227835,10.554800,2.561733,2.121678,-71.574394,-45.458805,59.741077,-0.120908,-0.783008,-0.076568,-0.605324,
2066,923244502,9.287597,-1.152396,-7.995486,-37.028782,22.417145,71.068924,-0.118804,-0.780981,-0.065709,-0.609620,
2067,923261169,8.356672,2.515856,-0.727640,18.350365,6.088811,80.901314,-0.109675,-0.781343,-0.058350,-0.611612,
2068,923277836,7.008413,1.090565,-1.879503,-49.794434,-5.961043,71.709755,-0.109194,-0.781494,-0.045773,-0.612575,
2069,923294503,9.417303,0.487538,-2.934525,-2.692760,-25.383175,64.309502,-0.104133,-0.783974,-0.037919,-0.610821,
2070,923311170,11.119437,0.843585,-1.119247,-21.749031,-3.905672,66.876160,-0.100888,-0.784194,-0.028401,-0.611599,
2071,923327837,9.854839,0.901322,-1.671465,-11.643738,13.708305,80.707611,-0.095174,-0.782958,-0.018460,-0.614473,
2072,923344504,8.488020,2.107481,-1.397459,-11.277533,7.915548,87.480461,-0.088814,-0.782144,-0.007696,-0.616688,
2073,923361171,8.842625,3.124931,-1.627549,-10.617172,-4.406095,92.435631,-0.081934,-0.782315,0.003733,-0.617459,
2074,923377838,9.081601,3.481732,-2.002853,-14.267258,-4.834881,93.089180,-0.075396,-0.782340,0.015566,-0.618075,
2075,923394505,9.072301,2.833848,-2.080483,-35.852753,-10.257693,88.280045,-0.071721,-0.782481,0.028850,-0.617856,
2076,923411172,10.129652,3.076496,-2.549051,-31.720201,-16.418322,91.424782,-0.067255,-0.783053,0.042179,-0.616867,
2077,923427839,9.714235,4.453260,-3.197291,-3.388801,-4.255151,91.222260,-0.059642,-0.782668,0.052814,-0.617320,
2078,923444506,8.489524,4.956046,-4.036730,19.529633,-4.475880,86.515236,-0.049834,-0.782408,0.060849,-0.617779,
2079,923461173,9.679650,4.916946,-4.590327,24.636438,-7.587745,70.254684,-0.040873,-0.782501,0.066587,-0.617727,
2080,923477840,12.618876,3.909359,-3.125490,37.314182,5.050020,48.606018,-0.032535,-0.781672,0.068639,-0.619047,
2081,923494507,12.915593,5.181700,-2.211536,62.279892,34.757523,36.308338,-0.022761,-0.778326,0.066897,-0.623871,
2082,923511174,9.936612,6.200331,-1.383290,75.860634,51.799454,23.402790,-0.012785,-0.773479,0.062393,-0.630613,
2083,923527841,8.746943,5.850305,-2.134353,59.683594,52.194084,3.245771,-0.006482,-0.768625,0.057093,-0.637114,
2084,923544508,9.669451,6.363366,-2.124804,40.456688,51.787029,-12.053370,-0.003745,-0.763828,0.051856,-0.643322,
2085,923561175,11.740610,7.455625,-1.493266,22.652882,53.172890,-24.709879,-0.004183,-0.758918,0.046871,-0.649483,
2086,923577842,10.914020,7.273555,-0.654382,3.860749,73.372444,-34.844162,-0.007794,-0.752069,0.042524,-0.657664,
2087,923594509,7.168193,6.906903,0.323132,0.879188,79.570557,-43.471275,-0.012596,-0.744555,0.037501,-0.666388,
2088,923611176,5.483486,8.962637,-2.189592,-29.680410,46.688168,-73.724144,-0.023460,-0.740199,0.032216,-0.671206,
2089,923627843,6.327000,8.614917,-5.096637,-129.212585,11.104382,-117.107010,-0.049100,-0.738867,0.032082,-0.671294,
2090,923644510,9.218409,5.658061,-4.669458,-140.824600,-22.219650,-146.986740,-0.078713,-0.740269,0.030082,-0.667008,
2091,923661177,17.485277,4.697476,-1.792128,-87.220551,-29.949604,-146.360580,-0.102403,-0.742461,0.023014,-0.661616,
2092,923677844,22.086845,2.501313,-3.706017,-51.324112,-1.811796,-118.960533,-0.119625,-0.742013,0.015018,-0.659455,
2093,923694511,13.826456,-0.551533,-2.420746,-25.529959,68.328148,-116.160454,-0.133900,-0.734993,0.003624,-0.664713,
2094,923711178,9.461008,-0.906495,-2.205750,6.548628,36.776325,-126.654343,-0.145690,-0.731363,-0.011379,-0.666147,
2095,923727845,10.498854,1.343972,-3.112419,75.233810,9.589138,-136.636398,-0.151118,-0.731478,-0.033516,-0.664063,
2096,923744512,10.897829,3.617069,-2.891309,66.378166,4.684743,-133.290268,-0.157114,-0.731523,-0.054316,-0.661241,
2097,923761179,9.998084,2.387689,-2.328399,30.573502,-10.087120,-121.065529,-0.165795,-0.731969,-0.070014,-0.657138,
2098,923777846,10.015737,0.499279,-1.797953,12.547743,-33.197945,-112.192810,-0.175729,-0.734048,-0.082464,-0.650762,
2099,923794513,10.262492,-0.743159,-1.276460,-3.948776,-42.927395,-109.867035,-0.187267,-0.736435,-0.092830,-0.643410,
2100,923811180,9.663000,-0.912737,-1.090758,-26.864017,-54.881184,-112.296494,-0.201584,-0.739043,-0.100955,-0.634812,
2101,923827847,9.369379,-0.799002,-0.881193,-41.382359,-62.066490,-116.256996,-0.217855,-0.741550,-0.107915,-0.625297,
2102,923844514,8.680359,-0.140057,-0.126432,-73.568733,-66.234093,-106.671494,-0.236694,-0.743246,-0.110733,-0.615873,
2103,923861181,8.242211,0.451118,0.166554,-105.420425,-68.967125,-92.844139,-0.257665,-0.743948,-0.109055,-0.606841,
2104,923877848,8.023062,0.801988,-0.809647,-112.960632,-69.374016,-79.199135,-0.278118,-0.744235,-0.105163,-0.598084,
2105,923894515,8.002674,0.331794,-1.170842,-120.962486,-63.467075,-64.551262,-0.297933,-0.743537,-0.099174,-0.590384,
2106,923911182,8.456904,-1.843144,-2.069342,-114.264893,-58.742149,-43.122116,-0.314984,-0.742705,-0.091603,-0.583767,
2107,923927849,8.674304,-4.610390,-2.974157,-80.168823,-55.515682,-11.762380,-0.325549,-0.743357,-0.083659,-0.578307,
2108,923944516,7.316090,-7.460850,-2.495522,-32.391136,-70.292488,18.254330,-0.328546,-0.747756,-0.075771,-0.571994,
2109,923961183,7.515042,-7.589740,0.777791,-29.450342,-66.363319,43.401104,-0.329038,-0.752143,-0.065568,-0.567199,
2110,923977850,8.090170,-5.503355,4.502039,-58.953045,-38.507687,71.892967,-0.330080,-0.752958,-0.051133,-0.566998,
2111,923994517,9.125782,-2.263938,7.011646,-96.228867,11.260281,96.103539,-0.332734,-0.747831,-0.033345,-0.573519,
2112,924011184,9.236193,0.990611,1.719920,67.780464,32.306004,90.434540,-0.317808,-0.748602,-0.030859,-0.581068,
2113,924027851,12.230876,10.725266,-4.143726,267.226959,38.233479,76.369438,-0.282027,-0.757298,-0.046999,-0.587155,
2114,924044518,11.692404,17.757534,-11.498943,354.163147,48.539272,40.000633,-0.239099,-0.766771,-0.074883,-0.591004,
2115,924061185,7.576279,21.859970,-14.768048,414.936493,-28.106882,-44.396992,-0.196726,-0.781564,-0.114488,-0.580817,
2116,924077852,8.642632,19.144630,-9.653872,333.211426,-85.449837,-56.406174,-0.164990,-0.796227,-0.146572,-0.563309,
2117,924094519,19.063370,18.096207,1.411946,56.580532,-92.117821,54.744530,-0.156082,-0.806035,-0.142765,-0.552778,
2118,924111186,18.210516,9.405918,4.509637,-263.871613,7.819910,120.157959,-0.177243,-0.801051,-0.107656,-0.561526,
2119,924127853,8.397234,8.195623,3.873389,-402.748627,2.002581,75.293732,-0.217850,-0.790121,-0.066009,-0.569116,
2120,924144520,12.943219,0.999475,7.422192,-135.720596,98.007324,-51.846764,-0.236936,-0.776806,-0.063955,-0.579951,
2121,924161187,12.007109,0.482610,-5.001384,93.241447,150.652023,-60.817371,-0.230254,-0.766306,-0.083993,-0.593888,
2122,924177854,0.628408,-16.294497,-18.864250,-257.360474,39.294319,-13.854461,-0.259690,-0.753416,-0.064697,-0.600616,
2123,924194521,6.918734,-21.373253,-4.178704,158.050781,-123.302536,12.482413,-0.242536,-0.769806,-0.072580,-0.585923,
2124,924211188,10.143091,-13.228844,-7.514459,306.477814,29.579094,61.180840,-0.202648,-0.777798,-0.092936,-0.587645,
2125,924227855,11.719172,3.914668,-5.715487,323.418915,-7.927612,157.643402,-0.152621,-0.788933,-0.102498,-0.586332,
2126,924244522,20.977962,18.871908,2.776718,198.324585,-84.929039,162.457397,-0.117348,-0.802257,-0.098918,-0.576912,
2127,924261189,10.643089,16.789457,1.293609,-153.212601,112.329071,37.134590,-0.130629,-0.790295,-0.083720,-0.592756,
2128,924277856,2.112595,-0.472182,-6.322882,-157.668457,104.610115,35.569843,-0.144554,-0.778264,-0.068106,-0.607265,
2129,924294523,8.405556,-1.872106,1.218941,35.688999,-79.795555,59.647038,-0.136219,-0.786426,-0.062931,-0.599181,
2130,924311190,11.514844,-2.457079,-2.955614,-76.082062,25.125469,73.417664,-0.138473,-0.783168,-0.048503,-0.604251,
2131,924327857,9.888102,-1.055014,-5.476701,20.949074,17.969770,92.307396,-0.128033,-0.782454,-0.040295,-0.608070,
2132,924344524,7.339335,1.258982,-2.139489,-2.892285,36.602650,91.166580,-0.120270,-0.779489,-0.030446,-0.614007,
2133,924361191,5.775936,0.849171,-3.492890,-7.796418,-9.329745,80.224319,-0.114223,-0.780361,-0.020591,-0.614464,
2134,924377858,8.769471,0.387307,-2.853969,2.732935,-39.029457,71.379395,-0.107845,-0.783931,-0.012184,-0.611287,
2135,924394525,11.580722,0.099730,-2.501405,-14.869719,-31.159594,73.009094,-0.103300,-0.786425,-0.002149,-0.608983,
2136,924411192,10.507091,0.931307,-2.672514,-21.250868,7.565653,87.819984,-0.098144,-0.785278,0.009564,-0.611240,
2137,924427859,7.861727,3.863989,-0.949153,-28.570648,1.333442,100.744675,-0.092647,-0.784406,0.023492,-0.612838,
2138,924444526,7.753599,5.264920,-1.086976,-17.891869,-7.884441,100.187515,-0.085931,-0.784329,0.036523,-0.613278,
2139,924461193,8.484667,2.612754,-0.663003,8.089503,-1.088683,85.643425,-0.077570,-0.783903,0.045484,-0.614336,
2140,924477860,9.216347,1.535426,-1.784456,31.473959,-1.816088,77.518608,-0.067254,-0.783745,0.051430,-0.615285,
2141,924494527,9.654888,2.489344,-2.660493,10.723797,-4.436241,72.149635,-0.059756,-0.783559,0.058640,-0.615650,
2142,924511194,9.492431,4.554530,-3.023424,-8.490234,-15.981313,68.078011,-0.054709,-0.784193,0.067200,-0.614436,
2143,924527861,9.763616,5.507275,-3.101068,-5.258348,-13.438526,67.049591,-0.049406,-0.784560,0.075327,-0.613474,
2144,924544528,10.049356,6.575069,-2.467467,14.705095,-5.379215,65.505241,-0.042049,-0.784295,0.081429,-0.613582,
2145,924561195,10.349732,5.530247,-3.287474,4.305791,2.224058,55.177822,-0.036890,-0.783350,0.087227,-0.614323,
2146,924577862,11.722669,3.852722,-3.657198,11.984179,13.588982,45.128990,-0.031898,-0.781516,0.091127,-0.616369,
2147,924594529,11.583954,4.496496,-1.948411,37.612556,36.943939,40.759090,-0.024695,-0.777711,0.092117,-0.621345,
2148,924611196,9.064409,6.189983,-0.765603,44.428085,46.792286,26.494350,-0.018141,-0.773156,0.090831,-0.627415,
2149,924627863,8.138677,6.467998,-1.712713,23.433289,46.224430,-1.920331,-0.016536,-0.768910,0.088259,-0.633019,
2150,924644530,10.266399,7.177710,-1.694160,15.511168,45.935596,-29.113150,-0.018318,-0.764972,0.083368,-0.638382,
2151,924661197,13.358587,7.562333,-0.750075,7.023805,60.520954,-50.662426,-0.023223,-0.759837,0.076818,-0.645141,
2152,924677864,10.601831,6.523467,0.678630,9.003911,91.270142,-61.755783,-0.029293,-0.751794,0.068735,-0.655151,
2153,924694531,6.346834,7.831383,-1.277307,-5.614097,72.795204,-82.908440,-0.038787,-0.745459,0.059789,-0.662730,
2154,924711198,8.036432,7.427220,-4.188244,-88.530403,41.670849,-137.861588,-0.062282,-0.741803,0.053026,-0.665610,
2155,924727865,9.433870,3.791230,-3.584347,-63.446175,26.961201,-169.303055,-0.085959,-0.739545,0.040536,-0.666363,
2156,924744532,15.924096,3.672061,-0.130977,2.949383,3.730440,-163.931091,-0.101785,-0.739856,0.022454,-0.664642,
2157,924761199,22.808025,1.475416,-1.870888,32.813450,7.042849,-140.087280,-0.112052,-0.739830,0.003989,-0.663385,
2158,924777866,17.339638,-2.983004,-2.087937,62.652847,70.659027,-124.200447,-0.117558,-0.733784,-0.016683,-0.668927,
2159,924794533,11.991055,-2.440094,-2.266861,99.943886,56.973072,-135.841568,-0.120177,-0.729238,-0.041978,-0.672315,
2160,924811200,10.842841,1.886589,-2.581344,151.068481,22.478865,-148.174347,-0.118689,-0.728285,-0.072941,-0.670964,
2161,924827867,10.240322,5.513313,-2.567774,121.977509,-0.365245,-146.241028,-0.120231,-0.728449,-0.100404,-0.666952,
2162,924844534,9.783281,4.895422,-1.673916,64.941910,-25.115442,-132.166229,-0.126738,-0.729768,-0.120348,-0.660978,
2163,924861201,10.423086,2.420548,-0.962333,24.200733,-53.730442,-120.801224,-0.136922,-0.732970,-0.134592,-0.652604,
2164,924877868,11.174438,-0.037369,-1.148750,-4.040358,-64.039146,-115.733444,-0.149786,-0.736409,-0.145357,-0.643535,
2165,924894535,10.380590,-0.703248,-0.480385,-25.077669,-65.295616,-112.086388,-0.164530,-0.739308,-0.153680,-0.634615,
2166,924911202,9.263605,-0.221915,0.165596,-49.033558,-76.944466,-107.589325,-0.181627,-0.742513,-0.158966,-0.624832,
2167,924927869,8.338486,1.210582,0.860469,-105.416618,-62.587742,-105.498848,-0.204199,-0.742606,-0.159202,-0.617652,
2168,924944536,7.145597,0.627442,0.357884,-133.705917,-63.752159,-97.481728,-0.229006,-0.741689,-0.155897,-0.610859,
2169,924961203,6.663704,-0.314095,-0.790699,-131.297623,-54.131912,-91.409210,-0.252648,-0.739659,-0.152371,-0.604860,
2170,924977870,6.225564,-1.480292,-1.824163,-127.070053,-54.818481,-74.802177,-0.274243,-0.737791,-0.147317,-0.598960,
2171,924994537,6.632887,-3.609096,-3.026984,-101.182304,-61.616394,-48.156895,-0.290763,-0.737794,-0.141321,-0.592575,
2172,925011204,7.232716,-5.699014,-4.001915,-57.336079,-63.417236,-14.598932,-0.299646,-0.740309,-0.135389,-0.586365,
2173,925027871,6.553863,-7.496587,-3.696135,4.721966,-62.442799,11.041630,-0.299602,-0.745864,-0.132013,-0.580084,
2174,925044538,6.843385,-9.431558,-1.191630,26.158392,-54.429935,31.758850,-0.295300,-0.752010,-0.128534,-0.575115,
2175,925061205,7.026649,-8.168135,2.155731,19.968079,-9.603971,61.255226,-0.288339,-0.754627,-0.123222,-0.576381,
2176,925077872,6.659314,0.882293,6.629898,47.635521,28.515606,84.071404,-0.275699,-0.755505,-0.119303,-0.582210,
2177,925094539,9.723475,8.058105,3.323848,139.691132,37.298786,85.784241,-0.252537,-0.759056,-0.123293,-0.587245,
2178,925111206,15.300608,19.725878,-11.330644,393.630798,77.784958,113.430008,-0.197749,-0.767350,-0.147133,-0.591963,
2179,925127873,8.777012,27.464102,-16.747581,320.967194,-5.742767,28.488022,-0.159577,-0.776687,-0.171373,-0.584742,
2180,925144540,6.917909,22.301886,-15.734851,129.441513,-103.141418,-62.264099,-0.152954,-0.786502,-0.187084,-0.568348,
2181,925161207,5.681464,17.840652,-5.715516,79.961739,-102.668701,-38.211361,-0.149916,-0.795425,-0.195872,-0.553587,
2182,925177874,5.729480,13.462030,4.123150,-227.637222,-48.341103,46.192619,-0.174004,-0.795044,-0.171166,-0.555275,
2183,925194541,14.403268,2.156096,-0.273054,-536.990173,-139.639206,167.098557,-0.225598,-0.793913,-0.104550,-0.554866,
2184,925211208,31.651257,-8.776731,2.267762,-497.975342,-40.485378,147.825699,-0.271300,-0.780671,-0.045865,-0.561111,
2185,925227875,10.300685,-7.635037,17.809923,-80.587959,192.577576,-18.238668,-0.280734,-0.761145,-0.049080,-0.582613,
2186,925244542,6.897341,10.936543,-14.873816,309.385895,211.315689,-34.486187,-0.247701,-0.754333,-0.087788,-0.601596,
2187,925261209,-5.524820,0.520696,-17.263376,-111.115723,-51.662941,-30.529665,-0.263385,-0.754174,-0.079669,-0.596239,
2188,925277876,21.881639,-20.260172,4.594486,-99.533577,-189.338120,-85.385147,-0.283955,-0.765215,-0.073241,-0.573106,
2189,925294543,15.795612,-25.338547,-7.947814,380.025543,90.758369,40.082787,-0.237107,-0.772374,-0.104205,-0.579966,
2190,925311210,8.730157,2.677865,-7.340652,374.610138,22.726439,147.503143,-0.182038,-0.784133,-0.119953,-0.581041,
2191,925327877,11.460953,20.117580,-0.840435,251.806778,-46.271492,193.112778,-0.137800,-0.797084,-0.117970,-0.575978,
2192,925344544,14.705442,20.343861,3.519480,-109.081772,1.011144,48.224079,-0.146549,-0.795378,-0.103357,-0.578976,
2193,925361211,7.307014,1.726417,-13.204248,-260.500427,205.038788,-4.804716,-0.174015,-0.771420,-0.086349,-0.605949,
2194,925377878,2.364191,-3.078985,-1.660224,94.252090,-65.705757,46.076950,-0.160372,-0.779908,-0.087922,-0.598576,
2195,925394545,11.895991,2.182575,2.677598,-110.765114,-30.907860,71.931404,-0.167230,-0.780643,-0.069494,-0.598164,
2196,925411212,8.757565,-3.184010,-9.455640,-21.194174,30.756466,96.733086,-0.161085,-0.778202,-0.057521,-0.604271,
2197,925427879,8.405637,3.411784,0.370290,32.595753,-3.876595,104.557899,-0.148414,-0.779950,-0.048563,-0.606047,
2198,925444546,7.785216,1.218242,-3.021642,-56.462502,-5.252567,81.604355,-0.147844,-0.779557,-0.034319,-0.607663,
2199,925461213,8.482900,0.078190,-3.482290,4.049829,-26.127329,68.277893,-0.141672,-0.782122,-0.026479,-0.606228,
2200,925477880,10.015698,0.818888,-1.276206,-14.225681,-11.757849,73.258293,-0.137067,-0.782976,-0.016754,-0.606532,
2201,925494547,9.696429,1.519754,-2.166885,1.939125,12.167853,81.101906,-0.129852,-0.781960,-0.008036,-0.609600,
2202,925511214,7.840864,3.198957,-0.741019,-6.906825,11.883445,85.285835,-0.123255,-0.780692,0.001949,-0.612636,
2203,925527881,7.301765,3.458721,-1.514503,-27.043053,-9.536168,86.711380,-0.118791,-0.780845,0.014273,-0.613161,
2204,925544548,8.116048,2.618933,-1.392124,-47.000874,-25.351385,94.214417,-0.115868,-0.781885,0.029499,-0.611849,
2205,925561215,9.022977,1.875216,-2.286772,-44.217781,-22.704659,102.423332,-0.111880,-0.782502,0.045357,-0.610832,
2206,925577882,9.094044,1.682225,-2.911060,-43.029945,-14.397378,99.524796,-0.108041,-0.782217,0.060633,-0.610563,
2207,925594549,8.855528,2.156634,-2.271784,-23.960135,-14.808552,88.820015,-0.102956,-0.782196,0.072992,-0.610115,
2208,925611216,9.390145,3.945826,-1.844803,-11.304127,-15.428291,79.794792,-0.097210,-0.782392,0.083197,-0.609500,
2209,925627883,9.042363,4.516981,-2.770531,-7.731184,-12.986013,77.518768,-0.091277,-0.782346,0.092781,-0.609093,
2210,925644550,8.978125,4.134866,-2.985770,3.957645,-14.146764,80.202011,-0.083751,-0.782420,0.101637,-0.608666,
2211,925661217,9.937452,3.594894,-3.257101,16.730572,-9.636474,73.689827,-0.075404,-0.782247,0.108552,-0.608785,
2212,925677884,11.147709,3.134808,-3.660659,23.463776,-5.301295,61.269230,-0.067455,-0.781881,0.113398,-0.609304,
2213,925694551,11.458599,3.489094,-2.974175,40.656403,6.732591,47.682796,-0.058948,-0.780777,0.115048,-0.611291,
2214,925711218,10.170374,5.013827,-2.479331,60.306896,24.571472,35.072910,-0.049627,-0.778390,0.113354,-0.615465,
2215,925727885,10.146890,5.336964,-2.857531,41.618568,27.912664,19.755243,-0.043844,-0.775755,0.111563,-0.619545,
2216,925744552,10.949127,6.102837,-2.752330,19.184402,23.506165,12.222868,-0.041201,-0.773464,0.110965,-0.622690,
2217,925761219,12.654229,6.823472,-3.332459,-6.966690,18.851250,0.133487,-0.042522,-0.771621,0.111401,-0.624806,
2218,925777886,12.099833,6.302954,-2.245443,-13.770539,39.153027,-19.083395,-0.046685,-0.768181,0.110167,-0.628953,
2219,925794553,9.177495,6.294380,0.363938,-6.306355,64.145538,-38.085003,-0.052150,-0.762743,0.105947,-0.635829,
2220,925811220,8.142070,6.356031,0.893900,-5.406575,72.415344,-65.116119,-0.060138,-0.756837,0.098562,-0.643325,
2221,925827887,8.482780,5.735762,-1.679585,-36.608871,55.668587,-102.363045,-0.074791,-0.752555,0.090116,-0.648033,
2222,925844554,9.452072,4.379087,-3.440669,-48.439289,49.625877,-137.136063,-0.093907,-0.748854,0.079004,-0.651273,
2223,925861221,10.041457,3.867938,-2.596578,2.530020,30.093493,-150.089401,-0.108429,-0.747467,0.061880,-0.652462,
2224,925877888,15.590508,4.355271,-0.112979,31.565680,9.800204,-150.300079,-0.119577,-0.748086,0.042265,-0.651369,
2225,925894555,17.993919,1.040599,1.088567,60.582428,21.707483,-130.604004,-0.125718,-0.747598,0.021815,-0.651778,
2226,925911222,13.575556,-1.339223,-1.620508,58.903633,46.797207,-119.115799,-0.130977,-0.744334,0.002306,-0.654833,
2227,925927889,10.965030,1.984442,-3.918995,131.143951,45.919880,-126.156082,-0.129008,-0.742094,-0.024827,-0.657295,
2228,925944556,10.392406,8.069835,-2.953763,116.384209,20.915588,-138.322205,-0.129789,-0.741383,-0.051376,-0.656403,
2229,925961223,10.610526,6.092222,-2.394031,35.480621,2.962953,-137.456009,-0.139274,-0.740444,-0.069741,-0.653821,
2230,925977890,11.103621,2.716655,-1.342448,16.890705,-18.303028,-127.556213,-0.149979,-0.740955,-0.084816,-0.649074,
2231,925994557,12.406518,0.485893,-0.932473,2.877673,-33.881744,-119.609642,-0.161584,-0.742471,-0.097341,-0.642769,
2232,926011224,11.821123,-1.073712,-0.656787,-15.988660,-30.646954,-116.274139,-0.174814,-0.743046,-0.107786,-0.636949,
2233,926027891,9.586652,-1.861429,-0.646104,-39.897961,-38.028969,-114.972221,-0.190563,-0.743469,-0.115650,-0.630527,
2234,926044558,8.695374,-1.712990,-0.932613,-54.397251,-49.982071,-113.972603,-0.207915,-0.744325,-0.121700,-0.622849,
2235,926061225,7.931003,-1.041494,-0.924570,-70.044838,-47.338322,-100.084808,-0.225574,-0.744428,-0.124861,-0.615916,
2236,926077892,6.996847,-1.805850,-1.870895,-76.298599,-58.567883,-84.093498,-0.242598,-0.745355,-0.125316,-0.608184,
2237,926094559,6.790435,-2.860821,-2.901436,-63.200382,-55.205906,-69.206177,-0.256750,-0.746492,-0.125394,-0.600920,
2238,926111226,5.564986,-4.574849,-2.506117,-49.600769,-50.858326,-54.930553,-0.268040,-0.747859,-0.125246,-0.594285,
2239,926127893,5.029743,-6.656485,-2.176669,-17.053905,-52.348854,-40.220520,-0.274506,-0.750791,-0.126234,-0.587387,
2240,926144560,5.814627,-7.494861,-0.561560,23.362564,-67.036446,-6.153229,-0.273887,-0.757142,-0.126354,-0.579445,
2241,926161227,7.841604,-3.670748,4.817295,-31.201574,-15.513311,32.692982,-0.275031,-0.757634,-0.119637,-0.579686,
2242,926177894,5.836002,1.357661,6.365155,-3.236548,44.950329,48.935154,-0.270652,-0.754375,-0.115897,-0.586714,
2243,926194561,4.811772,7.770609,5.360235,127.017899,6.870915,60.778316,-0.251544,-0.759499,-0.120444,-0.587690,
2244,926211228,10.247458,14.514221,-2.972003,244.077362,-3.288589,79.125069,-0.217899,-0.769411,-0.132489,-0.585639,
2245,926227895,11.651825,19.751493,-16.279501,186.364716,2.408846,44.277557,-0.193335,-0.775512,-0.143559,-0.583604,
2246,926244562,6.287892,18.294281,-20.330856,154.811218,-105.826752,-77.939987,-0.184808,-0.786729,-0.162578,-0.566101,
2247,926261229,7.534595,13.016243,-8.254157,137.248718,-121.423920,-112.732834,-0.181357,-0.797215,-0.183566,-0.545766,
2248,926277896,9.414269,10.322737,2.995090,-59.142773,-40.289410,7.904306,-0.188840,-0.798871,-0.177021,-0.542962,
2249,926294563,15.193773,8.936157,4.309735,-314.981415,-84.658905,164.124557,-0.214569,-0.799854,-0.130665,-0.545087,
2250,926311230,29.206299,0.107324,7.325696,-441.116425,35.172688,186.480957,-0.250081,-0.784753,-0.074967,-0.562141,
2251,926327897,12.243515,-2.538216,12.068757,71.769226,165.709259,-36.120075,-0.243151,-0.772989,-0.091101,-0.578848,
2252,926344564,9.588432,14.208064,-10.899734,232.295502,192.080811,-73.098099,-0.220608,-0.763122,-0.125700,-0.594286,
2253,926361231,0.115089,-0.898346,-12.170982,-295.490570,-22.547335,-64.842407,-0.259397,-0.753496,-0.106645,-0.594628,
2254,926377898,13.074521,-28.882189,-1.418208,-60.836067,-66.522293,-88.734520,-0.274928,-0.755289,-0.108715,-0.584922,
2255,926394565,6.491286,-24.687017,-13.522450,376.279877,40.339005,27.405670,-0.230417,-0.766027,-0.139280,-0.583704,
2256,926411232,8.752263,0.732822,-7.123452,420.662811,-9.590090,153.106766,-0.170472,-0.782258,-0.157428,-0.578124,
2257,926427899,14.743774,20.129560,-1.612510,319.652588,-19.975346,253.654617,-0.113134,-0.796142,-0.154790,-0.573932,
2258,926444566,22.382404,25.140095,2.988227,24.084377,-72.498932,105.693787,-0.103309,-0.804685,-0.143453,-0.566771,
2259,926461233,5.653738,6.726620,-5.900783,-348.048737,316.005615,-34.071594,-0.140170,-0.770674,-0.123288,-0.609273,
2260,926477900,0.767763,-3.954053,-3.194138,-11.581868,-112.691269,30.967785,-0.140918,-0.780719,-0.116585,-0.597518,
2261,926494567,13.000217,-1.436000,-0.896119,-95.237106,-27.470341,84.456467,-0.145024,-0.782301,-0.098247,-0.597763,
2262,926511234,10.546824,-5.668795,-7.803113,-33.156544,24.540985,102.230217,-0.139731,-0.780687,-0.084349,-0.603231,
2263,926527901,9.794043,0.854823,-3.043932,18.401611,22.270273,108.372108,-0.128034,-0.780196,-0.074208,-0.607778,
2264,926544568,6.885527,1.816349,-2.840786,-39.144276,8.826056,100.100044,-0.123709,-0.779537,-0.059649,-0.611113,
2265,926561235,6.952022,2.038464,-2.669545,-38.169327,-40.870316,96.382080,-0.120004,-0.783087,-0.044689,-0.608586,
2266,926577902,10.320596,2.014313,-1.558728,-52.219353,-62.424194,97.670547,-0.117889,-0.788076,-0.027950,-0.603536,
2267,926594569,12.498713,1.421040,-2.683496,-56.711720,-14.912396,95.556587,-0.116247,-0.788575,-0.011864,-0.603734,
2268,926611236,8.524119,1.934028,-0.400004,-66.005936,23.804327,105.643974,-0.114683,-0.785298,0.005543,-0.608378,
2269,926627903,6.345710,1.799442,-0.396794,-72.959076,-8.870152,111.568764,-0.113321,-0.784511,0.024786,-0.609168,
2270,926644570,6.742189,1.465430,-0.986062,-75.399406,-31.190845,114.321655,-0.111870,-0.785344,0.044916,-0.607208,
2271,926661237,9.298088,0.464025,-1.318228,-58.573101,-43.562840,113.465942,-0.108448,-0.787239,0.063646,-0.603690,
2272,926677904,10.789439,0.641641,-1.588678,-21.273714,-23.897547,107.849785,-0.101395,-0.787796,0.078128,-0.602488,
2273,926694571,9.897171,2.696416,-1.922073,-12.813409,-11.259353,99.902359,-0.094188,-0.787274,0.090753,-0.602570,
2274,926711238,8.997642,3.839335,-2.047110,-6.217834,-10.969363,90.951263,-0.086997,-0.786784,0.101752,-0.602535,
2275,926727905,8.652913,3.945981,-2.453977,6.519287,-14.790029,84.414505,-0.078853,-0.786759,0.110920,-0.602070,
2276,926744572,10.249222,3.858250,-3.465608,19.514578,-16.445143,82.374763,-0.069363,-0.786943,0.118716,-0.601511,
2277,926761239,11.178681,4.049231,-3.573147,36.516312,-3.842363,83.341560,-0.058051,-0.786054,0.124988,-0.602600,
2278,926777906,10.647907,4.549277,-3.863122,30.792181,4.400189,77.100792,-0.048083,-0.784385,0.130959,-0.604382,
2279,926794573,9.860050,4.229012,-3.450715,39.198692,11.804800,65.183975,-0.038340,-0.782249,0.134761,-0.607005,
2280,926811240,9.631104,3.094956,-4.205776,53.631264,22.443096,50.019352,-0.028501,-0.779458,0.135487,-0.610963,
2281,926827907,11.212365,2.897555,-4.513357,56.322361,29.498041,35.493443,-0.019785,-0.776248,0.134281,-0.615642,
2282,926844574,12.422517,4.063317,-3.792660,54.848408,40.043640,27.033121,-0.012198,-0.772170,0.132206,-0.621391,
2283,926861241,13.763468,5.933919,-3.862832,52.696507,48.394306,11.729059,-0.006399,-0.767541,0.128576,-0.627938,
2284,926877908,10.828269,6.548846,-3.164317,58.104897,71.301147,-12.449019,-0.002634,-0.761166,0.121710,-0.637029,
2285,926894575,6.216544,8.240022,-1.888705,61.853947,82.199203,-41.911724,-0.001380,-0.754133,0.111202,-0.647236,
2286,926911242,5.100952,9.319515,-1.253218,28.455307,83.496262,-91.401268,-0.008472,-0.747540,0.098373,-0.656836,
2287,926927909,5.763604,8.540082,-1.254525,-23.725649,55.178883,-139.294907,-0.025407,-0.743957,0.085312,-0.662272,
2288,926944576,8.802716,6.623535,-1.388581,-66.134712,20.684364,-161.084442,-0.048589,-0.743377,0.074054,-0.662982,
2289,926961243,12.956555,5.836277,0.271641,-88.654427,-10.290561,-147.835983,-0.072567,-0.744995,0.066568,-0.659762,
2290,926977910,16.912968,2.057742,-1.104842,-105.994064,-14.737333,-137.866531,-0.097378,-0.746274,0.061827,-0.655568,
2291,926994577,16.599714,-1.524472,-0.987010,-47.765896,9.401609,-140.193893,-0.116253,-0.745674,0.050904,-0.654113,
2292,927011244,15.402493,-2.181609,-2.175640,27.141207,29.088375,-145.589569,-0.127608,-0.744145,0.031914,-0.654939,
2293,927027911,13.875225,1.144854,-2.705538,97.362381,36.508671,-149.444794,-0.131685,-0.742784,0.005663,-0.656429,
2294,927044578,11.495639,3.903273,-2.083244,107.458603,27.872663,-146.784805,-0.134315,-0.741907,-0.021102,-0.656573,
2295,927061245,10.931108,4.779441,-1.680275,80.287407,-2.919709,-141.152832,-0.139348,-0.742980,-0.044051,-0.653163,
2296,927077912,12.728106,3.910181,-2.020661,47.737034,-28.879221,-134.442856,-0.147356,-0.745524,-0.062635,-0.646959,
2297,927094579,14.093501,2.395641,-1.848065,26.570419,-32.161324,-128.455093,-0.157063,-0.747663,-0.078482,-0.640447,
2298,927111246,13.237677,0.746481,-0.723937,-1.555897,-30.973505,-125.313225,-0.169463,-0.748803,-0.091364,-0.634215,
2299,927127913,11.578647,-0.814299,0.082787,-47.322838,-41.569439,-127.134056,-0.187086,-0.749471,-0.099924,-0.627141,
2300,927144580,10.307598,-2.545521,-0.498636,-83.449623,-52.372452,-125.812294,-0.208589,-0.749792,-0.104700,-0.619144,
2301,927161247,9.890977,-3.104173,-0.830000,-89.880356,-53.623165,-124.882675,-0.230609,-0.749625,-0.108697,-0.610792,
2302,927177914,8.407971,-3.517725,-0.794651,-106.989006,-47.244244,-117.333099,-0.253586,-0.748001,-0.110501,-0.603306,
2303,927194581,7.508014,-5.038015,-2.788797,-83.341492,-47.406406,-97.081009,-0.272088,-0.747219,-0.112114,-0.595871,
2304,927211248,6.262806,-6.566164,-2.997645,-44.837547,-47.493149,-74.137077,-0.284333,-0.748115,-0.114530,-0.588525,
2305,927227915,5.556908,-6.093342,-0.307914,-21.374430,-32.272396,-53.322140,-0.291942,-0.748911,-0.117300,-0.583216,
2306,927244582,4.439997,-6.489056,2.430053,-26.553947,-10.929095,-30.013262,-0.297752,-0.748026,-0.117988,-0.581273,
2307,927261249,5.198125,-3.102518,5.130146,-13.932222,-6.249916,10.119327,-0.298705,-0.747964,-0.115574,-0.581350,
2308,927277916,4.318712,3.361709,6.260685,70.859001,34.796356,30.105350,-0.288031,-0.748390,-0.119929,-0.585293,
2309,927294583,3.204132,9.579953,3.841345,193.942856,28.589706,38.210381,-0.263239,-0.754271,-0.133558,-0.586466,
2310,927311250,5.762937,15.062101,-5.011757,289.764130,1.563322,56.578960,-0.226554,-0.765472,-0.152130,-0.582737,
2311,927327917,10.886219,17.741035,-16.930811,203.422470,-44.926258,52.404148,-0.200544,-0.776608,-0.162112,-0.574788,
2312,927344584,5.927911,17.617365,-18.604685,109.771942,-117.279335,-80.955528,-0.197801,-0.787283,-0.177088,-0.556507,
2313,927361251,7.700069,12.768622,-8.346712,169.652878,-95.651611,-87.566849,-0.188022,-0.797117,-0.198145,-0.538507,
2314,927377918,4.717653,10.342784,7.267808,-174.963058,1.222325,-1.188109,-0.208487,-0.791789,-0.184692,-0.543592,
2315,927394585,10.570474,4.186196,15.516725,-493.627441,10.253079,94.430031,-0.257183,-0.776280,-0.134795,-0.559532,
2316,927411252,41.418655,-8.856290,6.633712,-49.827499,25.050467,189.507935,-0.246995,-0.775614,-0.110376,-0.570292,
2317,927427919,-0.110245,11.376949,-8.333796,277.911957,297.042358,-18.761858,-0.212217,-0.759144,-0.146137,-0.597752,
2318,927444586,4.199010,10.370072,-11.111898,-65.450867,-73.077484,-66.186722,-0.226919,-0.761790,-0.145604,-0.589052,
2319,927461253,15.657694,-10.020753,0.715776,-243.478348,-49.558716,-145.330704,-0.267385,-0.754087,-0.139217,-0.583503,
2320,927477920,6.720313,-29.976564,-14.403642,140.780945,70.674629,-63.570770,-0.256021,-0.751879,-0.160976,-0.585848,
2321,927494587,8.575850,-10.356922,-6.608080,377.456970,-59.555733,109.939850,-0.206547,-0.772158,-0.178747,-0.573724,
2322,927511254,14.322552,9.704723,-1.216773,369.647278,6.307214,215.957657,-0.146654,-0.786695,-0.185300,-0.570322,
2323,927527921,28.841703,21.267191,1.099943,162.664459,-85.543533,144.818665,-0.118423,-0.800559,-0.180407,-0.559048,
2324,927544588,11.188677,15.167102,-3.339331,-184.380035,203.597183,-3.371170,-0.134894,-0.779947,-0.169286,-0.587220,
2325,927561255,1.542999,1.918866,-4.256497,-154.483490,69.171074,23.028965,-0.148884,-0.771176,-0.154897,-0.599273,
2326,927577922,9.517076,-0.642182,0.390513,-40.284622,-65.936691,72.410118,-0.148744,-0.777436,-0.141929,-0.594411,
2327,927594589,11.157253,-6.653645,-6.435126,-104.304871,52.072063,107.575241,-0.150307,-0.772538,-0.121948,-0.604749,
2328,927611256,9.238648,-2.746164,-7.001532,-0.244256,11.514506,125.502419,-0.139251,-0.773469,-0.108164,-0.608815,
2329,927627923,8.711978,2.186990,-3.928095,-28.159504,25.446062,110.954285,-0.132359,-0.772135,-0.093792,-0.614403,
2330,927644590,5.562671,3.759802,-4.758563,-58.093861,0.490785,108.896126,-0.129311,-0.772195,-0.076467,-0.617370,
2331,927661257,6.361769,3.297252,-4.876521,-68.322365,-78.559761,122.932426,-0.126977,-0.778986,-0.055129,-0.611571,
2332,927677924,10.017590,2.443860,-1.828127,-87.243706,-68.781960,118.385529,-0.127043,-0.784097,-0.032775,-0.606611,
2333,927694591,9.946374,0.455108,-0.346756,-102.019112,-16.973053,116.432571,-0.128651,-0.783941,-0.010280,-0.607272,
2334,927711258,8.770304,-0.642796,-0.316187,-92.203606,-16.318495,127.351143,-0.128109,-0.783522,0.012587,-0.607884,
2335,927727925,8.075867,-0.677867,-0.423560,-79.889206,-19.344862,131.449875,-0.125728,-0.783190,0.034882,-0.607938,
2336,927744592,8.061663,-1.444418,0.347382,-49.430977,-36.275463,141.801544,-0.118813,-0.784468,0.055958,-0.606104,
2337,927761259,10.097470,0.025224,0.066955,-0.571915,-33.048534,150.349167,-0.105538,-0.785848,0.073618,-0.604884,
2338,927777926,9.651732,3.373296,-0.359942,26.819609,-8.550706,138.008484,-0.090431,-0.785270,0.087048,-0.606296,
2339,927794593,8.336446,5.828133,0.058644,27.561409,4.658564,113.187393,-0.077565,-0.783580,0.097374,-0.608690,
2340,927811260,7.878136,6.547566,-1.833766,2.905906,-5.882545,92.424110,-0.069183,-0.782659,0.107611,-0.609161,
2341,927827927,8.770828,7.050639,-4.667231,-6.641096,-13.823570,90.359680,-0.061937,-0.782242,0.118519,-0.608452,
2342,927844594,8.897463,6.273417,-4.936556,-14.965256,-10.646400,95.437958,-0.055236,-0.781240,0.130689,-0.607893,
2343,927861261,9.163667,4.437085,-4.266884,-14.545278,-14.842713,92.897705,-0.048623,-0.780512,0.142540,-0.606727,
2344,927877928,10.578047,3.563375,-3.457290,2.371264,-12.590996,83.869926,-0.040928,-0.779764,0.151834,-0.606003,
2345,927894595,9.275786,3.242757,-4.231978,23.799128,1.023606,57.410095,-0.033433,-0.778440,0.156138,-0.607069,
2346,927911262,11.054572,2.129474,-4.733198,54.911819,13.361013,25.532589,-0.025509,-0.776843,0.154013,-0.610036,
2347,927927929,14.942039,1.892209,-4.064177,89.574539,34.512173,9.814423,-0.015536,-0.773743,0.146937,-0.616027,
2348,927944596,18.083344,4.438902,-3.910601,89.561256,48.389137,-7.512673,-0.007412,-0.769611,0.137849,-0.623411,
2349,927961263,12.558491,7.646825,-2.673631,72.553047,73.269409,-32.857254,-0.003990,-0.763531,0.127405,-0.633065,
2350,927977930,7.560387,10.577917,-0.559691,45.588490,82.660965,-64.738777,-0.006675,-0.756959,0.115862,-0.643074,
2351,927994597,6.574059,8.955684,0.016283,17.711315,91.134529,-103.191498,-0.016170,-0.749949,0.102641,-0.653283,
2352,928011264,6.662963,8.853554,-0.732221,-12.384752,71.698387,-134.928787,-0.031670,-0.744842,0.088813,-0.660545,
2353,928027931,7.387026,7.709729,-1.057918,-78.079704,30.586903,-155.696335,-0.055733,-0.743207,0.079180,-0.662017,
2354,928044598,11.578652,6.022720,0.117288,-113.831390,-15.611919,-163.336426,-0.083825,-0.745248,0.072475,-0.657514,
2355,928061265,15.586596,2.493503,-0.397808,-128.212585,-26.354059,-169.305542,-0.113857,-0.747517,0.066560,-0.651018,
2356,928077932,19.366236,-0.461333,-1.111949,-63.532475,-11.208221,-160.308701,-0.136061,-0.748726,0.055195,-0.646413,
2357,928094599,18.576008,-1.460617,-3.482091,-3.701987,37.446568,-143.282242,-0.150465,-0.745987,0.039066,-0.647562,
2358,928111266,13.309475,0.905874,-3.738069,69.390465,59.684345,-150.609924,-0.157667,-0.742370,0.014751,-0.651007,
2359,928127933,11.237701,3.007819,-2.303906,84.807564,32.590916,-155.260742,-0.163477,-0.741177,-0.010914,-0.651008,
2360,928144600,12.731461,2.277539,-2.384305,82.206314,2.045737,-150.067657,-0.169016,-0.742334,-0.035041,-0.647414,
2361,928161267,13.824163,1.108810,-1.933071,68.379288,-7.152948,-140.269882,-0.175076,-0.743641,-0.056560,-0.642765,
2362,928177934,13.072212,0.251898,-1.118426,37.122303,-13.252213,-135.649414,-0.184048,-0.744407,-0.074475,-0.637524,
2363,928194601,11.447301,-1.548083,-0.986982,10.936012,-25.218594,-133.396103,-0.195698,-0.745298,-0.089366,-0.631068,
2364,928211268,10.398159,-2.646708,-0.686739,-18.063168,-41.329929,-130.197403,-0.210325,-0.746582,-0.100753,-0.623079,
2365,928227935,9.385296,-3.272636,-0.136400,-34.834869,-46.692905,-127.264648,-0.226497,-0.747572,-0.110092,-0.614585,
2366,928244602,8.542299,-3.255671,-0.667935,-72.593948,-43.216213,-118.762291,-0.245855,-0.746815,-0.115197,-0.607085,
2367,928261269,7.746730,-4.741676,-1.235446,-46.427120,-53.414310,-99.044365,-0.260703,-0.747935,-0.120059,-0.598509,
2368,928277936,6.190223,-5.788170,-0.018635,-36.112190,-40.291729,-88.617622,-0.273218,-0.748279,-0.125147,-0.591412,
2369,928294603,4.690716,-5.835496,1.310000,-45.904572,-16.088701,-79.990112,-0.285554,-0.746151,-0.129387,-0.587346,
2370,928311270,3.559495,-6.340231,2.069036,-20.501780,-13.198195,-56.417179,-0.293023,-0.745172,-0.133339,-0.584017,
2371,928327937,4.908478,-1.788095,4.135222,13.917337,-11.679123,-5.921459,-0.292428,-0.746477,-0.134799,-0.582312,
2372,928344604,4.520354,3.188560,4.619102,91.360580,33.690590,30.045383,-0.279456,-0.747853,-0.140826,-0.585481,
2373,928361271,3.079144,8.657698,4.615408,173.653336,53.657558,49.883541,-0.255303,-0.750918,-0.152445,-0.589663,
2374,928377938,5.240159,13.686274,-2.900462,243.712921,12.329110,88.555939,-0.220830,-0.760172,-0.164151,-0.588580,
2375,928394605,9.585857,12.625810,-15.454239,153.458130,-8.222769,109.059555,-0.194834,-0.767960,-0.165031,-0.587403,
2376,928411272,6.769102,13.898684,-20.536282,79.893684,-92.922356,-41.443073,-0.191838,-0.776872,-0.173949,-0.573941,
2377,928427939,9.122343,15.284980,-8.653107,179.167374,-118.059410,-93.851189,-0.182494,-0.788746,-0.196243,-0.553230,
2378,928444606,14.047984,16.534655,11.243462,-129.643173,-36.869041,30.359194,-0.196123,-0.788824,-0.181448,-0.553506,
2379,928461273,20.603277,14.303778,10.374938,-280.056976,63.836266,88.617378,-0.219433,-0.777122,-0.150531,-0.570325,
2380,928477940,10.347433,11.678753,0.676143,40.891567,118.944153,-26.541386,-0.214571,-0.767677,-0.160832,-0.582034,
2381,928494607,10.906206,1.602712,1.544230,-221.203171,60.450283,-107.459290,-0.247001,-0.752449,-0.156017,-0.590313,
2382,928511274,11.891358,-17.817171,-9.661886,-252.055267,71.770409,-69.141747,-0.278895,-0.734901,-0.144536,-0.601039,
2383,928527941,3.261818,-22.251472,-14.918218,144.879700,60.094353,-14.926465,-0.263574,-0.734843,-0.161326,-0.603744,
2384,928544608,-0.884526,-9.642422,-7.237761,282.966766,-30.675774,58.040100,-0.228913,-0.748922,-0.178770,-0.595613,
2385,928561275,13.337780,1.127072,-3.109548,311.063507,-91.065796,176.489609,-0.181978,-0.770512,-0.183324,-0.582742,
2386,928577942,34.890400,13.550019,-1.138228,250.047134,-212.673721,184.831238,-0.143879,-0.798766,-0.178022,-0.556399,
2387,928594609,16.731129,17.002542,-9.950338,-118.607162,261.825195,19.671974,-0.149327,-0.774752,-0.171579,-0.589933,
2388,928611276,-4.831939,5.694081,-1.804456,-163.973083,137.114624,13.508049,-0.163326,-0.759229,-0.158995,-0.609604,
2389,928627943,7.524322,2.037931,-0.715103,2.630459,-157.616730,66.526855,-0.160917,-0.774414,-0.148201,-0.593653,
2390,928644610,11.255875,-0.220909,-3.579430,-137.728455,9.830834,90.275970,-0.168560,-0.771912,-0.126444,-0.599792,
2391,928661277,12.664372,-0.969646,-4.370224,-58.798054,-24.405882,114.505180,-0.165778,-0.774418,-0.107953,-0.600950,
2392,928677944,11.482696,0.593312,-3.323370,-86.795258,32.445160,114.067780,-0.165225,-0.770959,-0.088389,-0.608695,
2393,928694611,6.315405,-0.486691,-2.900217,-79.728432,6.165777,106.196022,-0.164843,-0.769578,-0.069664,-0.612962,
2394,928711278,7.119749,-0.577484,-2.323755,-61.572300,-38.452545,108.157715,-0.162646,-0.772352,-0.051243,-0.611876,
2395,928727945,9.804942,-0.703216,-1.370258,-60.196255,-48.685715,111.822929,-0.159984,-0.775813,-0.032271,-0.609490,
2396,928744612,11.289829,0.180080,-1.210952,-45.621147,-35.231647,110.526199,-0.155670,-0.778139,-0.015038,-0.608308,
2397,928761279,10.563157,1.071521,-1.423354,-54.750805,-10.026201,108.029396,-0.152505,-0.777779,0.002155,-0.609752,
2398,928777946,8.445529,1.784512,-2.024626,-111.324570,-18.504589,108.047707,-0.155672,-0.776596,0.024554,-0.609968,
2399,928794613,7.842627,0.984346,-1.289336,-158.632019,-42.963467,115.305206,-0.163344,-0.775959,0.052505,-0.607001,
2400,928811280,8.172785,0.557582,-1.062491,-93.832596,-45.132408,130.510178,-0.162229,-0.776380,0.076467,-0.604209,
2401,928827947,9.300303,1.443049,-1.693446,-61.192299,-46.944443,132.699905,-0.157127,-0.777290,0.097809,-0.601303,
2402,928844614,9.264717,1.118724,0.292755,-15.722397,-36.975815,133.699600,-0.146869,-0.778005,0.115017,-0.599923,
2403,928861281,8.714093,2.019766,-0.311682,35.952820,-31.092773,128.832138,-0.131228,-0.779084,0.126994,-0.599733,
2404,928877948,8.352962,2.780497,-0.854129,61.574211,-31.504416,119.209763,-0.113467,-0.780560,0.135603,-0.599552,
2405,928894615,10.374569,3.710290,-2.092171,73.084389,-27.476131,109.987267,-0.095240,-0.781757,0.142043,-0.599674,
2406,928911282,11.494184,3.484084,-3.975774,85.921089,-9.184261,106.621216,-0.076191,-0.781307,0.146672,-0.601864,
2407,928927949,12.086727,5.310297,-4.586449,111.793228,15.894032,96.020248,-0.055634,-0.778845,0.147490,-0.607084,
2408,928944616,9.965544,7.155948,-4.525330,108.857208,42.245987,82.065308,-0.037185,-0.773989,0.146707,-0.614845,
2409,928961283,7.581131,7.815270,-3.947232,91.664902,52.095203,67.984116,-0.022131,-0.768169,0.145766,-0.623039,
2410,928977950,8.263342,5.232877,-3.505125,62.478424,37.544563,52.580528,-0.011423,-0.763711,0.145758,-0.628784,
2411,928994617,12.131339,3.942787,-4.186035,36.229252,27.394743,46.307053,-0.003990,-0.760175,0.147450,-0.632753,
2412,929011284,15.494771,4.754563,-4.609173,10.334346,26.802227,40.445210,0.000050,-0.756752,0.150866,-0.636055,
2413,929027951,12.541946,5.528018,-4.078982,-3.649655,41.783970,14.421861,-0.000189,-0.752479,0.152703,-0.640668,
2414,929044618,7.199156,7.247063,-2.529576,-2.088061,50.890049,-25.501371,-0.004182,-0.748203,0.150015,-0.646274,
2415,929061285,6.442104,6.657784,-0.189911,-9.837410,53.283974,-78.208672,-0.014029,-0.744746,0.142295,-0.651850,
2416,929077952,9.286489,5.065781,0.856914,-6.004561,59.010983,-117.902344,-0.027340,-0.741360,0.129856,-0.657857,
2417,929094619,11.535347,4.514940,-0.676413,-30.579618,48.507065,-144.458099,-0.045633,-0.739047,0.116887,-0.661864,
2418,929111286,13.396278,2.674469,-1.575979,-59.898582,32.092827,-154.049774,-0.067698,-0.737862,0.105750,-0.663168,
2419,929127953,14.709312,1.266638,0.906724,-47.895058,21.908737,-146.352554,-0.087539,-0.737240,0.094320,-0.663263,
2420,929144620,14.982605,-0.805876,0.916545,-26.306965,15.592261,-144.834656,-0.104788,-0.737111,0.081003,-0.662665,
2421,929161287,14.111349,-1.473310,0.874541,25.257250,32.368355,-147.345413,-0.116898,-0.735819,0.062152,-0.664110,
2422,929177954,13.339090,-0.269492,0.009880,77.664795,36.037701,-153.897919,-0.123995,-0.734691,0.037440,-0.665922,
2423,929194621,11.921904,1.100907,-1.269171,102.071152,37.350800,-156.895294,-0.128691,-0.733362,0.009995,-0.667471,
2424,929211288,10.484332,3.089806,-1.365899,118.499237,21.999121,-154.176041,-0.131246,-0.733242,-0.018476,-0.666925,
2425,929227955,11.292097,4.311161,-0.945198,105.277939,-4.138156,-146.740891,-0.134460,-0.734870,-0.044359,-0.663263,
2426,929244622,12.485785,3.278400,-0.800799,77.207405,-14.918042,-136.650070,-0.139689,-0.736604,-0.066218,-0.658420,
2427,929261289,11.952818,1.564141,-1.253927,47.855709,-23.654858,-132.682938,-0.147698,-0.738259,-0.084633,-0.652683,
2428,929277956,10.888084,0.419235,-1.400364,23.046165,-39.167110,-133.088730,-0.158536,-0.740530,-0.100365,-0.645296,
2429,929294623,10.562246,-0.737427,-1.147475,2.750620,-53.256496,-125.949944,-0.171028,-0.743455,-0.113057,-0.636586,
2430,929311290,10.474762,-1.420024,-0.586952,-24.850622,-58.220596,-115.433395,-0.185545,-0.746037,-0.121887,-0.627809,
2431,929327957,9.612375,-2.278479,-0.467025,-48.853966,-57.983807,-113.897255,-0.202447,-0.747689,-0.128317,-0.619282,
2432,929344624,8.556485,-2.204388,-0.447730,-60.801777,-57.643066,-115.280975,-0.220679,-0.748618,-0.133775,-0.610716,
2433,929361291,7.525345,-1.744408,0.011716,-79.692261,-50.478344,-105.785751,-0.239888,-0.748165,-0.136691,-0.603339,
2434,929377958,6.433919,-2.453889,-0.548070,-76.659813,-48.505802,-84.694687,-0.256782,-0.747778,-0.137594,-0.596622,
2435,929394625,6.495457,-3.500151,-1.231633,-39.154999,-48.464882,-59.212952,-0.267321,-0.749115,-0.138947,-0.589965,
2436,929411292,6.449959,-3.061883,-0.236433,-6.250492,-32.928532,-31.022341,-0.271512,-0.750892,-0.140640,-0.585374,
2437,929427959,5.456589,-1.997150,1.650485,15.609319,-12.633175,-6.420627,-0.270797,-0.752288,-0.142302,-0.583508,
2438,929444626,4.928869,0.064558,3.125970,22.794340,-8.540696,16.305523,-0.267277,-0.754080,-0.142247,-0.582831,
2439,929461293,5.559729,5.669086,4.134584,52.064766,4.003186,34.755478,-0.258709,-0.756291,-0.143128,-0.583616,
2440,929477960,6.281540,10.826952,0.360548,73.557358,27.656538,41.856853,-0.246653,-0.757356,-0.145926,-0.586753,
2441,929494627,6.246797,15.736408,-11.413881,207.517944,3.052896,25.838305,-0.221602,-0.764576,-0.160959,-0.583445,
2442,929511294,6.604966,16.828787,-12.941462,176.402908,-58.454842,-11.209512,-0.204414,-0.774519,-0.175361,-0.572349,
2443,929527961,6.000953,12.264201,-7.272483,81.240837,-89.400414,-56.590847,-0.202403,-0.782630,-0.185939,-0.558524,
2444,929544628,7.913870,8.835071,-3.264147,21.725357,-42.595425,-18.290886,-0.202749,-0.786056,-0.188665,-0.552643,
2445,929561295,9.792644,9.727696,4.588414,-158.203674,15.585085,73.714088,-0.214603,-0.781748,-0.168061,-0.560867,
2446,929577962,30.130083,2.141177,13.365117,-281.545288,-39.074783,199.153168,-0.231237,-0.779862,-0.121175,-0.568911,
2447,929594629,14.103846,3.622646,5.951150,145.431168,177.636490,31.508835,-0.209076,-0.770010,-0.135674,-0.587336,
2448,929611296,3.603636,18.545345,-13.967827,72.861610,107.353165,-59.121223,-0.204003,-0.761556,-0.151881,-0.596109,
2449,929627963,9.710043,0.940257,-5.422321,-283.223755,-97.187981,-117.372963,-0.247659,-0.757983,-0.137409,-0.587575,
2450,929644630,14.911304,-24.484129,-3.757719,-121.890068,50.359818,-112.229530,-0.269799,-0.746635,-0.141269,-0.591428,
2451,929661297,2.367117,-23.252043,-10.788697,257.142365,23.164597,33.743324,-0.238498,-0.754726,-0.160657,-0.589658,
2452,929677964,8.739138,-2.717013,-3.629831,385.907715,-7.036932,145.742752,-0.183580,-0.770598,-0.177335,-0.583977,
2453,929694631,12.742284,10.130345,-4.812300,300.548767,6.031107,241.913467,-0.129101,-0.782980,-0.175747,-0.582570,
2454,929711298,28.195904,20.567453,0.493528,154.992737,-129.115631,143.947830,-0.102646,-0.799854,-0.170060,-0.566371,
2455,929727965,11.549111,14.160752,-5.093978,-237.606842,276.619202,-9.370345,-0.124237,-0.772016,-0.155583,-0.603614,
2456,929744632,-3.244262,-2.037704,-3.104437,-147.440475,57.553223,30.347218,-0.136975,-0.764617,-0.140335,-0.613925,
2457,929761299,7.984557,-3.846126,-2.173417,-35.176987,-77.471130,87.757126,-0.134799,-0.772353,-0.125976,-0.607808,
2458,929777966,10.661136,-5.824587,-6.485721,-56.315178,-3.036703,115.220360,-0.131160,-0.773346,-0.108079,-0.610779,
2459,929794633,12.570751,-0.314303,-5.362002,32.167263,3.924935,113.182846,-0.117594,-0.775136,-0.098369,-0.612910,
2460,929811300,8.786344,3.055591,-2.331112,-32.221806,39.816570,111.896492,-0.110851,-0.772374,-0.083646,-0.619801,
2461,929827967,5.591387,2.812474,-2.235814,-56.943264,-6.868400,109.200905,-0.107661,-0.773144,-0.066219,-0.621508,
2462,929844634,7.458713,2.501077,-0.738989,-56.883926,-45.356396,108.771751,-0.104837,-0.777130,-0.048221,-0.618670,
2463,929861301,11.357221,1.366099,-2.527463,-63.547310,-42.957142,100.063629,-0.103498,-0.780471,-0.030629,-0.615804,
2464,929877968,10.947831,0.464510,-2.544214,-62.749256,6.006316,100.268173,-0.101799,-0.779196,-0.013812,-0.618303,
2465,929894635,7.706658,0.513960,-1.001359,-74.295036,-1.980620,106.946945,-0.100790,-0.778230,0.004924,-0.619818,
2466,929911302,7.258936,0.982981,-1.594742,-73.630249,-27.664595,113.341492,-0.099072,-0.779292,0.024698,-0.618287,
2467,929927969,8.482362,1.298076,-1.714969,-80.985657,-45.144444,119.078651,-0.097567,-0.781458,0.046024,-0.614560,
2468,929944636,10.266544,0.443316,-1.522210,-67.954102,-41.984600,122.023888,-0.094293,-0.783150,0.066455,-0.611039,
2469,929961303,10.574417,0.674563,-0.647975,-38.989826,-24.081987,122.086670,-0.087850,-0.783334,0.084046,-0.609594,
2470,929977970,10.046205,3.167906,-1.274711,-19.227396,-21.613556,115.992416,-0.079698,-0.783373,0.099133,-0.608397,
2471,929994637,8.572701,4.872645,-1.070891,-10.326268,-19.069927,105.089149,-0.071513,-0.783238,0.112133,-0.607330,
2472,930011304,9.077780,5.768604,-2.111856,4.804755,-18.865421,96.658981,-0.062339,-0.783210,0.122808,-0.606312,
2473,930027971,10.822712,5.145262,-3.199801,8.670427,-9.955510,87.869904,-0.053650,-0.782446,0.132036,-0.606189,
2474,930044638,11.522754,4.379804,-3.266317,24.074509,7.072590,82.859299,-0.043972,-0.780275,0.139182,-0.608165,
2475,930061305,10.665468,5.108770,-2.619309,36.973602,21.506821,74.635956,-0.033844,-0.776958,0.144138,-0.611895,
2476,930077972,8.658215,3.805118,-3.780387,49.744961,28.619495,53.675404,-0.024287,-0.773401,0.145532,-0.616507,
2477,930094639,9.558825,3.351754,-5.590100,64.992371,33.033569,31.662798,-0.015080,-0.769870,0.143047,-0.621780,
2478,930111306,11.197899,4.419412,-5.114976,72.940392,40.894917,21.135035,-0.006099,-0.765755,0.138626,-0.627985,
2479,930127973,12.682556,6.136695,-4.131007,56.938843,40.425781,4.319560,-0.000429,-0.761909,0.133774,-0.633718,
2480,930144640,11.420574,6.761394,-2.930466,35.432835,52.667362,-29.271551,-0.000479,-0.757509,0.127166,-0.640319,
2481,930161307,8.191927,6.944339,-0.810966,22.391714,65.096756,-67.980156,-0.005805,-0.752548,0.117485,-0.647946,
2482,930177974,7.330163,5.674443,1.055513,35.446514,89.935112,-104.003349,-0.013522,-0.745633,0.102570,-0.658276,
2483,930194641,7.797820,5.705840,0.763391,28.563972,80.746506,-138.166107,-0.025115,-0.739718,0.084573,-0.667108,
2484,930211308,10.922107,3.809147,-1.557773,-30.158922,44.921234,-162.603043,-0.044942,-0.736918,0.069723,-0.670872,
2485,930227975,14.304832,1.478021,-0.348833,-16.111799,25.989624,-156.198364,-0.062421,-0.735557,0.054269,-0.672394,
2486,930244642,16.636482,-0.534815,-0.031208,12.486959,20.915546,-140.092896,-0.075196,-0.734461,0.037759,-0.673414,
2487,930261309,15.044523,-1.516908,-0.424251,44.487946,37.222458,-138.090424,-0.084411,-0.731768,0.018134,-0.676063,
2488,930277976,12.952259,0.762385,-0.833524,81.590508,34.891644,-145.829956,-0.090384,-0.729374,-0.005943,-0.678092,
2489,930294643,12.155182,3.391038,-1.677919,104.149605,19.657505,-147.640030,-0.094095,-0.728293,-0.032232,-0.678009,
2490,930311310,10.573207,3.736291,-2.067340,102.321587,7.147641,-143.301498,-0.097566,-0.727942,-0.057687,-0.676204,
2491,930327977,10.802215,3.856199,-1.578830,87.685402,-24.121462,-135.552124,-0.102027,-0.730077,-0.080405,-0.670904,
2492,930344644,12.751476,2.947548,-1.294603,65.395370,-45.097370,-125.322952,-0.108050,-0.733669,-0.099509,-0.663439,
2493,930361311,13.256228,1.828016,-1.290243,47.494934,-45.170605,-118.075356,-0.115238,-0.736777,-0.116069,-0.656054,
2494,930377978,11.874394,1.134375,-0.546443,23.564339,-48.676060,-117.233475,-0.124924,-0.739557,-0.130152,-0.648467,
2495,930394645,10.943785,0.738596,-0.016883,-16.967220,-60.643311,-116.349709,-0.139066,-0.742475,-0.140051,-0.640138,
2496,930411312,10.156045,0.140829,-0.263620,-59.624847,-71.157776,-111.887390,-0.157553,-0.745292,-0.145226,-0.631368,
2497,930427979,9.383784,-0.955225,-0.837152,-92.630264,-75.585709,-103.658401,-0.178877,-0.747564,-0.146302,-0.622693,
2498,930444646,8.664766,-1.353026,-0.378523,-119.595360,-72.478912,-93.229347,-0.202017,-0.748648,-0.143799,-0.614847,
2499,930461313,8.112028,-2.242459,-1.204325,-142.097458,-65.248337,-78.712456,-0.226028,-0.748256,-0.137824,-0.608299,
2500,930477980,7.160267,-3.990884,-2.110883,-119.859055,-65.126358,-60.519485,-0.245878,-0.748526,-0.131761,-0.601573,
2501,930494647,6.775647,-3.836874,-0.442110,-78.887215,-58.884033,-38.545326,-0.259135,-0.749870,-0.127064,-0.595314,
2502,930511314,5.856734,-2.957863,2.450369,-96.081406,-35.482883,-19.295565,-0.272104,-0.748718,-0.119629,-0.592510,
2503,930527981,5.174659,-3.709909,4.147335,-114.776344,-8.644920,-5.822551,-0.285409,-0.744554,-0.110146,-0.593337,
2504,930544648,4.395097,-3.921880,2.931912,-30.255262,-1.335195,9.675891,-0.288060,-0.743400,-0.106563,-0.594156,
2505,930561315,4.649955,2.898707,2.864225,113.310219,1.088637,27.433779,-0.273572,-0.748213,-0.113550,-0.593668,
2506,930577982,5.526441,9.294558,-0.581154,185.654327,36.596565,30.769022,-0.250196,-0.752498,-0.127772,-0.595670,
2507,930594649,8.120786,15.409714,-11.393696,304.049347,9.619464,13.147793,-0.215559,-0.762074,-0.153020,-0.591069,
2508,930611316,7.770409,17.630232,-13.056295,312.739319,-25.186316,-38.060925,-0.184702,-0.772232,-0.183289,-0.579610,
2509,930627983,6.184129,15.603719,-7.476743,218.022461,-71.115570,-71.224281,-0.168193,-0.781556,-0.207770,-0.563660,
2510,930644650,6.434617,12.312423,-4.841657,99.653290,-42.969280,-23.067514,-0.160219,-0.786560,-0.217615,-0.555244,
2511,930661317,6.388868,12.665130,8.666265,-232.738541,-14.103423,46.926670,-0.183586,-0.783130,-0.193130,-0.561875,
2512,930677984,26.070700,3.632084,12.306376,-296.536560,-46.506355,149.267502,-0.206438,-0.782113,-0.150577,-0.568339,
2513,930694651,20.598581,7.812661,-0.527557,102.249680,207.076538,18.436840,-0.188834,-0.767863,-0.163198,-0.589994,
2514,930711318,-0.467514,12.053329,-11.114450,-145.556885,86.113014,-48.473042,-0.207341,-0.754902,-0.158559,-0.601656,
2515,930727985,15.711997,-7.670746,-2.453398,-324.215607,-98.896156,-99.549965,-0.253841,-0.750314,-0.138063,-0.594585,
2516,930744652,12.929080,-27.746864,-11.158969,-20.405876,104.103928,-66.057243,-0.259847,-0.738935,-0.147460,-0.603911,
2517,930761319,0.347151,-16.304779,-8.606892,222.768692,-6.117212,62.960773,-0.230550,-0.748658,-0.160068,-0.600613,
2518,930777986,9.372790,-2.328276,-2.500948,336.278931,-27.271444,156.403534,-0.180770,-0.764700,-0.171379,-0.594293,
2519,930794653,21.513824,9.376699,-5.376750,257.119781,-89.594391,183.445221,-0.138533,-0.782749,-0.170764,-0.582195,
2520,930811320,23.416819,16.824661,-1.305738,76.329445,13.068029,75.648689,-0.123267,-0.784814,-0.168968,-0.583371,
2521,930827987,4.490431,12.833331,-2.483291,-172.713837,168.707993,26.413864,-0.136689,-0.767408,-0.154327,-0.607111,
2522,930844654,2.470980,0.376267,-4.466279,-127.325455,-5.339931,54.623634,-0.146354,-0.766263,-0.136956,-0.610462,
2523,930861321,8.095599,-1.056746,-2.900064,-61.270554,-53.201241,92.041862,-0.146234,-0.771244,-0.120212,-0.607739,
2524,930877988,11.393988,-1.900396,-4.202297,-104.706795,-37.381084,114.019630,-0.148704,-0.773962,-0.097450,-0.607760,
2525,930894655,11.489191,-1.102419,-6.337554,-56.602066,4.472641,125.342934,-0.144093,-0.773825,-0.078522,-0.611773,
2526,930911322,8.171836,1.653368,-1.020000,-47.870430,13.052324,125.912735,-0.138292,-0.772814,-0.060456,-0.616424,
2527,930927989,6.822591,1.412779,-1.395337,-93.024887,-30.460871,122.713982,-0.138173,-0.774420,-0.037798,-0.616240,
2528,930944656,8.895040,-0.134464,-2.075275,-74.118950,-55.272892,120.787651,-0.136165,-0.778234,-0.016535,-0.612811,
2529,930961323,11.603950,-0.283799,0.022802,-65.367035,-36.621681,116.819008,-0.133413,-0.780205,0.003138,-0.611123,
2530,930977990,11.100563,-0.997026,-0.868180,-63.137177,-0.902880,119.077713,-0.130171,-0.778739,0.022175,-0.613294,
2531,930994657,8.789312,-0.224061,-0.832207,-43.607311,8.444416,123.178024,-0.124333,-0.776508,0.039752,-0.616438,
2532,931011324,7.559020,0.629788,-0.841933,-49.432858,-9.567263,123.689835,-0.118956,-0.775501,0.058219,-0.617299,
2533,931027991,7.843623,0.633815,-1.099340,-47.370819,-38.944366,120.483200,-0.113341,-0.776902,0.076626,-0.614577,
2534,931044658,10.408079,0.607632,-1.485429,-43.797798,-48.546959,116.333672,-0.107543,-0.778977,0.094374,-0.610510,
2535,931061325,11.108486,1.472288,-2.106405,-12.448496,-26.664732,109.017227,-0.099110,-0.779452,0.108138,-0.609046,
2536,931077992,10.324566,3.204981,-2.168847,16.032215,-10.503559,92.297432,-0.089162,-0.778997,0.117226,-0.609485,
2537,931094659,9.462190,5.691402,-2.459544,24.457092,-6.434729,75.199791,-0.079830,-0.778461,0.123558,-0.610212,
2538,931111326,9.921453,6.708923,-2.344499,32.194344,-8.632285,74.724358,-0.069619,-0.778115,0.129158,-0.610743,
2539,931127993,10.171519,5.545229,-2.142740,42.504295,1.437192,83.782249,-0.057618,-0.776687,0.134742,-0.612602,
2540,931144660,9.971506,6.299568,-1.568722,43.525990,11.021464,84.073044,-0.045656,-0.774265,0.140163,-0.615453,
2541,931161327,8.644470,7.744656,-1.818365,38.569672,24.461077,65.148544,-0.036215,-0.770871,0.143781,-0.619494,
2542,931177994,6.474725,7.139237,-2.411258,25.585384,31.547445,39.658489,-0.030676,-0.767227,0.145659,-0.623863,
2543,931194661,7.361460,4.687184,-4.193981,21.811817,26.391008,16.470886,-0.027554,-0.764489,0.145305,-0.627442,
2544,931211328,11.954147,5.146743,-6.343504,20.968828,20.132137,0.058301,-0.025894,-0.762649,0.143224,-0.630225,
2545,931227995,15.113336,7.175742,-5.640370,-0.702625,38.595566,-19.616907,-0.028828,-0.759422,0.140871,-0.634509,
2546,931244662,10.036439,6.445848,-0.414964,-30.654470,58.162277,-40.152241,-0.037368,-0.754620,0.138918,-0.640198,
2547,931261329,7.395279,5.171927,3.142173,-44.802952,61.967602,-66.688652,-0.050004,-0.749787,0.135321,-0.645760,
2548,931277996,8.489378,2.746466,0.983316,-58.140987,59.776470,-93.670853,-0.066575,-0.745379,0.130010,-0.650442,
2549,931294663,11.932243,0.277831,-3.394169,-64.249985,39.076969,-113.370293,-0.085256,-0.742963,0.123292,-0.652331,
2550,931311330,15.371914,-0.590871,-4.059719,-6.964093,33.022522,-126.886543,-0.098887,-0.741786,0.109705,-0.654171,
2551,931327997,16.048210,0.225866,-1.484893,52.312485,50.115856,-125.636002,-0.106236,-0.739508,0.090323,-0.658546,
2552,931344664,14.398893,0.428361,0.359612,69.283287,49.887833,-125.614449,-0.111703,-0.737163,0.069277,-0.662807,
2553,931361331,12.478152,0.405938,-0.284141,78.443047,38.875412,-126.976540,-0.116152,-0.735671,0.047348,-0.665624,
2554,931377998,12.945879,1.916834,-0.698117,106.080009,25.242239,-125.308060,-0.117324,-0.735549,0.023125,-0.666834,
2555,931394665,11.717769,2.694322,-1.339038,103.739952,17.889603,-125.094315,-0.118634,-0.735673,-0.000735,-0.666866,
2556,931411332,10.413544,3.478729,-2.177148,100.960396,-0.483780,-128.667358,-0.120521,-0.737111,-0.024391,-0.664490,
2557,931427999,11.123955,3.788478,-1.730578,91.340096,-22.674843,-123.597427,-0.122962,-0.740144,-0.046173,-0.659496,
2558,931444666,12.338186,3.055994,-1.295851,64.846817,-33.028210,-115.728378,-0.127515,-0.743412,-0.064360,-0.653404,
2559,931461333,12.168926,2.117587,-0.992005,37.116524,-37.463863,-116.290611,-0.135114,-0.746303,-0.079865,-0.646836,
2560,931478000,11.081117,1.355036,-0.471028,4.440701,-43.776779,-120.819176,-0.146710,-0.748830,-0.092636,-0.639646,
2561,931494667,10.270051,0.629840,-0.136299,-29.637636,-49.914803,-120.196785,-0.161986,-0.750933,-0.102003,-0.632024,
2562,931511334,9.719680,-0.164221,-0.081528,-50.281826,-53.771893,-112.981133,-0.178848,-0.752720,-0.108553,-0.624213,
2563,931528001,9.286613,-0.585222,-0.271643,-61.660469,-55.844486,-103.384415,-0.196046,-0.754260,-0.112922,-0.616365,
2564,931544668,8.558858,-0.552771,0.243937,-96.052414,-44.510174,-96.790398,-0.216157,-0.753601,-0.113760,-0.610262,
2565,931561335,7.598595,-1.695348,-0.754005,-93.675743,-45.761173,-89.200607,-0.235261,-0.752934,-0.113889,-0.603963,
2566,931578002,7.047522,-2.175899,-1.244591,-76.324196,-39.092033,-76.912140,-0.251193,-0.752218,-0.114383,-0.598319,
2567,931594669,6.288909,-2.699788,-1.015367,-56.839813,-39.754601,-56.287689,-0.263149,-0.752442,-0.114265,-0.592896,
2568,931611336,5.317011,-2.616199,0.440276,-55.691654,-28.358328,-40.259834,-0.273367,-0.751885,-0.112909,-0.589229,
2569,931628003,4.268156,-3.511233,1.233487,-46.958447,-24.047974,-26.578489,-0.281359,-0.751456,-0.110965,-0.586377,
2570,931644670,4.584081,-4.612822,1.207798,-12.409484,-28.219667,-2.554094,-0.283577,-0.753148,-0.109164,-0.583468,
2571,931661337,5.758311,-2.287008,0.789627,77.214447,-12.945896,28.217491,-0.273099,-0.757668,-0.112217,-0.582033,
2572,931678004,6.377716,4.004442,0.567621,167.312042,27.316183,44.761883,-0.250528,-0.762331,-0.122627,-0.583994,
2573,931694671,8.791701,10.423843,-4.825442,292.976166,40.747463,52.609333,-0.212808,-0.769600,-0.143170,-0.584749,
2574,931711338,9.605086,18.446922,-9.508173,323.259491,21.092106,49.608322,-0.171926,-0.777814,-0.165718,-0.581364,
2575,931728005,5.808198,20.568737,-8.753826,154.364395,-29.683094,-0.790413,-0.155389,-0.783808,-0.178197,-0.574234,
2576,931744672,6.963039,14.379262,-11.607078,2.474072,-66.250626,-26.832632,-0.159247,-0.788505,-0.180081,-0.566101,
2577,931761339,11.251040,12.477249,-3.090318,-68.875862,-83.973610,34.374207,-0.166685,-0.794465,-0.168630,-0.559111,
2578,931778006,30.352718,8.850132,9.796286,-391.853912,-98.709595,133.723251,-0.203364,-0.794597,-0.118763,-0.559601,
2579,931794673,15.894942,-3.398844,9.654495,-131.321091,170.042191,4.369451,-0.215349,-0.776406,-0.112682,-0.581481,
2580,931811340,8.316394,6.077516,-4.350615,8.946515,154.233139,-59.212337,-0.216959,-0.762285,-0.125055,-0.596835,
2581,931828007,6.212642,-5.121161,-9.058307,-186.332809,-15.872828,-33.159348,-0.240901,-0.756723,-0.112137,-0.597296,
2582,931844674,12.838958,-21.876059,-4.743245,-44.577118,-14.256965,-33.730042,-0.249162,-0.755660,-0.111603,-0.595348,
2583,931861341,5.903467,-20.609062,-11.628636,320.597412,41.765312,50.126324,-0.208831,-0.763462,-0.135358,-0.595980,
2584,931878008,9.092507,-3.406656,-7.858052,359.901062,-3.145690,152.107574,-0.155612,-0.776274,-0.149459,-0.592322,
2585,931894675,17.171803,13.949696,-1.953711,287.025238,-70.314499,213.394379,-0.106325,-0.792227,-0.148402,-0.582278,
2586,931911342,19.610353,23.341171,2.621453,49.491859,-81.651833,96.930984,-0.094330,-0.801704,-0.140238,-0.573328,
2587,931928009,6.164695,8.649420,-8.912189,-394.071167,359.989014,-0.676432,-0.132851,-0.763729,-0.112107,-0.621691,
2588,931944676,-2.140874,-6.409161,-7.285153,18.804428,-83.795265,55.594967,-0.127281,-0.772345,-0.106104,-0.613208,
2589,931961343,13.929295,0.782946,7.239856,-57.984768,-102.868118,96.278862,-0.126956,-0.781603,-0.088293,-0.604304,
2590,931978010,11.595218,-6.609236,-9.720339,-106.534042,36.491989,108.823463,-0.129193,-0.777483,-0.067316,-0.611798,
2591,931994677,9.111045,0.770445,-4.068574,65.323624,34.674717,114.607582,-0.111436,-0.776462,-0.060910,-0.617235,
2592,932011344,5.372140,3.134015,1.561477,-57.999325,11.275583,102.787033,-0.108836,-0.775174,-0.044367,-0.620718,
2593,932028011,6.901067,0.321715,-4.650366,-36.346451,-41.157135,96.187828,-0.104699,-0.778707,-0.029681,-0.617877,
2594,932044678,10.648927,1.251025,-0.408728,-8.381763,-28.571112,92.095924,-0.097685,-0.781345,-0.018157,-0.616139,
2595,932061345,11.527937,0.371047,-1.623256,-53.197758,-8.012524,94.209053,-0.095499,-0.781338,-0.002664,-0.616752,
2596,932078012,9.553568,1.554580,-0.875723,-44.055286,5.452827,104.729538,-0.091300,-0.780054,0.013018,-0.618879,
2597,932094679,8.037020,2.232462,-1.608400,-25.428484,0.088899,103.209625,-0.085090,-0.779305,0.026919,-0.620256,
2598,932111346,8.564476,2.525780,-1.495231,0.396120,-4.417002,95.963921,-0.076573,-0.779146,0.037718,-0.621003,
2599,932128013,8.710271,2.628754,-1.515939,14.482315,-6.834534,91.357735,-0.066848,-0.779245,0.046743,-0.621387,
2600,932144680,9.095340,2.481546,-2.427922,-5.813247,-12.552057,84.586105,-0.059987,-0.779583,0.056882,-0.620819,
2601,932161347,9.781280,2.690435,-3.115379,-7.243918,-14.828839,80.793503,-0.053604,-0.780032,0.066731,-0.619857,
2602,932178014,10.371985,3.048533,-2.865452,5.927861,-11.299888,81.242767,-0.045714,-0.780154,0.075406,-0.619341,
2603,932194681,10.300140,4.123637,-2.917298,26.609369,-1.858968,83.039452,-0.035414,-0.779429,0.082347,-0.620043,
2604,932211348,9.710238,5.028223,-3.474524,48.916599,13.740871,78.791840,-0.023150,-0.777333,0.086700,-0.622655,
2605,932228015,9.537197,5.529848,-3.196632,51.645481,24.688784,64.418282,-0.012018,-0.774307,0.089129,-0.626387,
2606,932244682,9.757600,5.719562,-2.651705,42.914059,29.729713,48.733257,-0.003364,-0.770910,0.090564,-0.630464,
2607,932261349,9.428419,5.815331,-2.006291,39.654797,35.951645,35.982483,0.003670,-0.767035,0.090855,-0.635128,
2608,932278016,8.496154,5.519542,-2.149463,35.203995,43.126846,22.154018,0.008833,-0.762621,0.090009,-0.640491,
2609,932294683,8.583152,5.327029,-2.397616,33.098907,48.292606,2.708851,0.011879,-0.757927,0.087200,-0.646375,
2610,932311350,11.416819,6.890510,-2.347420,30.959223,45.652016,-23.832649,0.012224,-0.753764,0.081653,-0.651938,
2611,932328017,12.935306,6.951297,-2.510314,0.889667,49.160507,-52.263348,0.006531,-0.749586,0.075837,-0.657515,
2612,932344684,9.740461,6.575211,-0.383166,-12.058350,64.683426,-69.909203,-0.002438,-0.744013,0.069336,-0.664553,
2613,932361351,8.508901,7.128158,1.097335,-13.972098,70.046562,-98.585808,-0.014441,-0.738013,0.059894,-0.671967,
2614,932378018,8.054622,5.903460,-0.674824,-59.534103,59.020538,-130.818008,-0.034386,-0.732963,0.051440,-0.677448,
2615,932394685,9.446795,4.409243,-2.611865,-87.151604,24.289631,-152.885910,-0.059169,-0.730919,0.043496,-0.678502,
2616,932411352,16.255341,3.372946,-0.836081,-69.697983,-0.697311,-152.308258,-0.081846,-0.731016,0.034076,-0.676576,
2617,932428019,21.327684,-0.043261,-2.901016,-42.459896,-4.564037,-136.427231,-0.100003,-0.731355,0.023692,-0.674209,
2618,932444686,17.243744,-3.001472,-3.106866,16.323706,37.959839,-119.203056,-0.110326,-0.728032,0.008749,-0.676551,
2619,932461353,13.390540,-2.345234,-0.544454,64.618195,49.786995,-130.904099,-0.116652,-0.724023,-0.012377,-0.679727,
2620,932478020,12.277976,0.209954,-0.928072,106.143555,25.286209,-136.923264,-0.119173,-0.722708,-0.037817,-0.679750,
2621,932494687,10.849374,2.739429,-1.647371,114.874702,13.630969,-133.325729,-0.120405,-0.722240,-0.063514,-0.678113,
2622,932511354,9.963913,3.730736,-1.311449,81.355423,-9.236687,-127.497871,-0.124725,-0.723078,-0.084856,-0.674093,
2623,932528021,10.702372,2.697663,-0.991609,44.758915,-30.159224,-117.067871,-0.132077,-0.725126,-0.101099,-0.668226,
2624,932544688,11.140295,1.386602,-1.024122,27.882229,-41.381138,-107.559525,-0.140405,-0.727842,-0.114449,-0.661387,
2625,932561355,10.643384,0.708241,-1.057744,14.136279,-48.613892,-105.491547,-0.150067,-0.730791,-0.126077,-0.653857,
2626,932578022,9.768506,0.394735,-0.313761,-7.414236,-55.088150,-107.635941,-0.162295,-0.733624,-0.135701,-0.645787,
2627,932594689,9.346652,-0.364878,-0.047420,-46.102444,-67.368988,-108.366211,-0.178903,-0.736421,-0.141431,-0.636926,
2628,932611356,8.709805,-0.398604,-0.104334,-51.808838,-61.979267,-106.150597,-0.195734,-0.738331,-0.146479,-0.628569,
2629,932628023,7.788646,-0.138668,0.232432,-78.128990,-62.015572,-93.500023,-0.214158,-0.739474,-0.147702,-0.620885,
2630,932644690,7.367265,-0.845148,-0.251443,-81.866119,-66.081490,-75.085876,-0.231325,-0.740983,-0.146424,-0.613182,
2631,932661357,7.110254,-1.314947,-0.970205,-85.362923,-63.999870,-57.613792,-0.247187,-0.742311,-0.142970,-0.606162,
2632,932678024,7.311179,-2.395443,-1.991799,-80.270416,-59.487629,-40.080532,-0.260789,-0.743581,-0.138193,-0.599982,
2633,932694691,7.298064,-2.812180,-1.221349,-58.931515,-50.168381,-16.823343,-0.269814,-0.745173,-0.133088,-0.595151,
2634,932711358,6.607342,-2.477351,1.126537,-65.188110,-32.785702,2.062559,-0.277510,-0.745289,-0.126059,-0.592993,
2635,932728025,6.036564,-2.178740,3.065989,-84.781250,-6.028095,16.659599,-0.285540,-0.742472,-0.116819,-0.594604,
2636,932744692,5.367977,-1.794240,2.853888,-57.004921,2.529093,30.200270,-0.289217,-0.740206,-0.108858,-0.597159,
2637,932761359,5.405265,1.295454,1.507426,28.750343,7.431349,38.233307,-0.282866,-0.741197,-0.107677,-0.599182,
2638,932778026,7.273179,7.040152,-2.528797,169.780518,13.022226,39.532356,-0.261015,-0.747268,-0.118839,-0.599449,
2639,932794693,10.858973,13.512912,-9.147221,294.527283,1.506538,32.938854,-0.226064,-0.758033,-0.141004,-0.595313,
2640,932811360,8.940945,18.745272,-10.328201,303.083588,-49.982441,-14.294744,-0.194884,-0.771117,-0.167155,-0.582631,
2641,932828027,7.842734,18.906572,-6.844326,190.591370,-79.667336,-51.414101,-0.179896,-0.781494,-0.186858,-0.567439,
2642,932844694,8.033079,15.790380,-4.231877,49.966194,-34.084743,-9.243515,-0.176084,-0.785177,-0.191264,-0.562058,
2643,932861361,8.863378,11.314614,1.952186,-139.658783,-37.583378,70.248245,-0.187475,-0.786256,-0.170945,-0.563411,
2644,932878028,29.442339,4.234498,6.801292,-405.140411,-64.398651,138.812164,-0.223831,-0.782221,-0.119946,-0.568895,
2645,932894695,14.219936,-5.977676,11.373815,-91.020157,186.051575,-11.654792,-0.232001,-0.763146,-0.119881,-0.591111,
2646,932911362,8.577353,3.220720,-4.281222,173.532730,169.846039,-46.975456,-0.213870,-0.752922,-0.145791,-0.605072,
2647,932928029,3.229303,-0.167657,-15.162787,-92.745026,68.875328,6.803176,-0.222132,-0.743842,-0.139127,-0.614816,
2648,932944696,6.148343,-10.474840,-4.527966,-29.860861,-79.402962,0.754435,-0.227081,-0.749772,-0.133920,-0.606911,
2649,932961363,11.421751,-18.897362,-6.841834,165.543564,1.196339,20.760931,-0.207299,-0.755158,-0.146389,-0.604428,
2650,932978030,12.610869,-4.827359,-7.975402,301.828857,-17.975821,120.932327,-0.163862,-0.767410,-0.159044,-0.599112,
2651,932994697,16.244238,12.105830,-2.864871,236.460709,-32.613384,164.577148,-0.123921,-0.778863,-0.160469,-0.593520,
2652,933011364,11.776784,21.349909,3.032374,18.951578,-13.527402,113.769241,-0.112424,-0.782770,-0.149056,-0.593645,
2653,933028031,5.770418,9.044707,-3.043744,-274.442871,135.489624,31.308481,-0.138090,-0.766329,-0.123974,-0.615061,
2654,933044698,4.798846,-1.855327,-4.079313,-54.260193,-32.603447,44.466690,-0.140932,-0.768760,-0.113607,-0.613383,
2655,933061365,11.978257,-0.550499,1.253434,-123.986267,-42.178955,73.491928,-0.149094,-0.770866,-0.093544,-0.612197,
2656,933078032,12.409956,-6.349668,-6.713830,-74.941734,-2.446616,96.786514,-0.149082,-0.770511,-0.076060,-0.615063,
2657,933094699,9.599770,-1.578776,-1.743011,-14.040829,24.052544,107.654694,-0.140932,-0.769007,-0.063355,-0.620283,
2658,933111366,6.625020,0.610651,-2.192755,-31.551458,3.876261,106.543953,-0.134989,-0.768757,-0.048765,-0.623227,
2659,933128033,6.698070,2.520378,-1.028361,-27.903870,-24.589344,102.102715,-0.129208,-0.770936,-0.034429,-0.622718,
2660,933144700,8.690957,2.337140,-0.867878,-33.186604,-40.561005,96.282356,-0.124594,-0.774243,-0.019961,-0.620182,
2661,933161367,11.002633,1.800833,-1.226379,-34.079502,-23.008205,90.670540,-0.120509,-0.775759,-0.006356,-0.619383,
2662,933178034,9.651530,1.568473,-0.791826,-34.043953,5.749179,95.889931,-0.115897,-0.774526,0.007331,-0.621790,
2663,933194701,7.690856,1.773498,-1.186033,-24.816835,5.428586,98.859436,-0.109952,-0.773308,0.020522,-0.624086,
2664,933211368,7.297362,1.797846,-1.713240,-27.828005,-18.692619,97.824677,-0.104344,-0.774065,0.034251,-0.623508,
2665,933228035,8.066097,2.095962,-2.376824,-35.590706,-32.257957,100.101562,-0.099311,-0.775739,0.049139,-0.621249,
2666,933244702,8.663386,2.472754,-2.519802,-43.751469,-30.199156,103.735756,-0.094859,-0.776876,0.065129,-0.619050,
2667,933261369,9.103389,2.706679,-1.981117,-33.220253,-31.571712,109.822678,-0.088629,-0.778001,0.080858,-0.616701,
2668,933278036,9.729616,4.409813,-1.594616,-6.759053,-28.283529,107.877251,-0.079595,-0.778982,0.093930,-0.614840,
2669,933294703,9.235435,6.231944,-2.479702,10.111982,-20.718075,91.030190,-0.070243,-0.779542,0.103474,-0.613737,
2670,933311370,8.512867,5.981187,-3.889391,21.112425,-9.833914,63.988285,-0.062216,-0.779543,0.108843,-0.613673,
2671,933328037,9.183069,4.612264,-4.264669,33.994419,-3.488208,37.129059,-0.055224,-0.779464,0.109951,-0.614244,
2672,933344704,11.417142,4.024987,-3.992167,53.145428,5.843871,24.748053,-0.047314,-0.778857,0.107861,-0.616042,
2673,933361371,11.175935,4.707767,-3.665574,70.969536,29.419453,21.954655,-0.038004,-0.776226,0.103684,-0.620708,
2674,933378038,9.965119,5.595362,-3.630024,73.064423,41.159824,17.371132,-0.029044,-0.772504,0.098718,-0.626616,
2675,933394705,9.894362,6.767971,-3.186926,64.664803,48.354481,12.752564,-0.021551,-0.768045,0.093953,-0.633099,
2676,933411372,12.185200,8.224011,-2.581978,24.384941,36.580334,-0.462364,-0.019615,-0.764655,0.091447,-0.637617,
2677,933428039,13.742542,7.326050,-1.592158,-26.586405,40.303055,-19.903002,-0.025203,-0.760993,0.091488,-0.641782,
2678,933444706,10.861650,6.861309,1.223760,-50.411312,58.958740,-32.594624,-0.034861,-0.755588,0.092267,-0.647578,
2679,933461373,9.712852,6.865097,1.544164,-76.537048,64.918686,-51.842754,-0.049279,-0.749582,0.093339,-0.653441,
2680,933478040,8.213958,4.618243,-2.470108,-120.573303,46.803802,-83.606125,-0.071253,-0.745115,0.095224,-0.656246,
2681,933494707,7.547758,2.872357,-3.728866,-111.118423,25.712286,-106.784897,-0.094087,-0.742691,0.093861,-0.656313,
2682,933511374,10.571692,3.565079,-2.286116,-40.665829,22.522139,-126.323486,-0.111091,-0.741461,0.083662,-0.656426,
2683,933528041,14.854628,3.710588,-1.908032,-39.490639,13.282652,-144.083298,-0.129503,-0.741021,0.071548,-0.654979,
2684,933544708,17.462456,1.970857,-1.082825,-26.148170,16.247589,-138.601044,-0.145927,-0.740149,0.058664,-0.653791,
2685,933561375,16.932062,-1.095800,-1.956764,2.952513,34.795586,-127.476860,-0.158258,-0.737734,0.043792,-0.654816,
2686,933578042,13.944734,-0.824206,-1.867979,72.370224,49.452820,-133.318680,-0.163716,-0.735216,0.021327,-0.657418,
2687,933594709,11.177532,0.835332,-2.196787,108.308510,39.375610,-136.477005,-0.165499,-0.734076,-0.004684,-0.658574,
2688,933611376,10.291668,2.435628,-2.376006,118.130463,12.877489,-134.981781,-0.165995,-0.735209,-0.030834,-0.656477,
2689,933628043,11.483871,2.868912,-1.507539,98.549484,-13.523397,-128.909912,-0.168017,-0.737957,-0.053809,-0.651379,
2690,933644710,12.853860,2.185019,-0.782423,69.880615,-27.884832,-119.145409,-0.172220,-0.741076,-0.072642,-0.644879,
2691,933661377,12.778600,1.316488,-0.370503,43.717693,-33.750259,-115.292595,-0.178876,-0.743844,-0.088431,-0.637870,
2692,933678044,11.145278,-0.199786,-0.191798,2.015463,-41.340782,-116.621872,-0.190202,-0.745962,-0.100266,-0.630326,
2693,933694711,9.747938,-1.434690,-0.173845,-22.775633,-51.513840,-112.351440,-0.203909,-0.748138,-0.109049,-0.621947,
2694,933711378,8.929102,-1.998819,-0.321113,-22.503132,-59.260765,-101.221382,-0.216634,-0.750958,-0.116379,-0.612852,
2695,933728045,8.129605,-1.497200,-0.199612,-47.158051,-61.307327,-93.098587,-0.231293,-0.753088,-0.120522,-0.604017,
2696,933744712,7.483768,-1.595718,-0.618397,-68.475716,-62.007450,-83.956413,-0.247420,-0.754478,-0.121726,-0.595591,
2697,933761379,7.101750,-2.418884,-1.422496,-73.031342,-58.293652,-65.061272,-0.262265,-0.755485,-0.120558,-0.588153,
2698,933778046,6.761767,-3.116688,-2.034853,-52.911968,-53.935860,-33.201443,-0.272040,-0.757287,-0.117749,-0.581932,
2699,933794713,5.094029,-3.676953,-0.903669,-56.104382,-34.680584,-9.918531,-0.279832,-0.757641,-0.112850,-0.578739,
2700,933811380,3.755231,-4.623857,0.747983,-44.812069,-28.444330,5.716447,-0.284937,-0.758128,-0.107424,-0.576639,
2701,933828047,4.682524,-4.428371,3.228162,-57.533157,-35.706577,37.604469,-0.288854,-0.759125,-0.097102,-0.575207,
2702,933844714,7.421217,-0.859867,4.809266,-52.919182,19.206480,72.787064,-0.288498,-0.756103,-0.085572,-0.581167,
2703,933861381,6.195111,5.154868,4.609556,68.225563,68.479057,77.481590,-0.273737,-0.753867,-0.085810,-0.591091,
2704,933878048,7.753990,12.056321,-1.570007,218.143585,52.851086,80.822701,-0.242245,-0.758411,-0.097881,-0.597118,
2705,933894715,9.212145,17.643454,-11.344601,230.971436,11.510100,61.110237,-0.211352,-0.765807,-0.111669,-0.596992,
2706,933911382,9.072595,18.431095,-14.461627,121.230858,-94.146103,-50.913219,-0.203938,-0.776518,-0.125066,-0.582912,
2707,933928049,8.673922,14.605677,-8.646737,108.284164,-107.721924,-103.156479,-0.202537,-0.786558,-0.142786,-0.565612,
2708,933944716,14.550527,13.256978,1.742235,16.915724,-67.185036,2.748436,-0.201956,-0.792453,-0.142014,-0.557730,
2709,933961383,22.977316,5.317918,5.502008,-190.974197,-4.186786,129.634781,-0.213619,-0.789266,-0.111523,-0.564791,
2710,933978050,13.609562,2.559382,4.819256,-234.717575,57.581226,60.015133,-0.234755,-0.777548,-0.087211,-0.576803,
2711,933994717,14.191184,-0.385537,7.989463,-54.026569,79.913155,-83.286880,-0.247002,-0.767654,-0.094947,-0.583679,
2712,934011384,13.714798,0.867573,-4.830899,316.609924,177.407166,-67.437859,-0.214789,-0.761773,-0.135706,-0.595945,
2713,934028051,0.209305,-12.215006,-17.069948,-192.557175,68.259247,-9.748337,-0.235717,-0.749144,-0.122293,-0.606848,
2714,934044718,7.620495,-19.689489,-4.040130,179.868195,-150.622360,7.487552,-0.218196,-0.768144,-0.132239,-0.587246,
2715,934061385,13.757917,-11.066749,-6.620825,306.149414,21.350819,95.693939,-0.175365,-0.776884,-0.148346,-0.586251,
2716,934078052,16.813341,10.849042,-5.998352,310.281433,-59.750877,236.825851,-0.121313,-0.793572,-0.146387,-0.578012,
2717,934094719,16.861895,24.557028,2.975136,86.155243,15.314113,159.383743,-0.097774,-0.796780,-0.135563,-0.580693,
2718,934111386,3.182933,12.420525,-1.361489,-372.749359,308.744812,12.834326,-0.133709,-0.763552,-0.106776,-0.622662,
2719,934128053,0.125701,-6.471994,-13.194894,-41.431767,-88.615387,30.143728,-0.137138,-0.771007,-0.098045,-0.614107,
2720,934144720,12.015221,1.842717,7.271660,-5.216898,-74.925552,74.634109,-0.132303,-0.778429,-0.087810,-0.607316,
2721,934161387,11.195589,-7.305632,-8.641508,-114.440651,30.020079,86.468277,-0.137402,-0.774362,-0.068578,-0.613825,
2722,934178054,9.595420,0.336908,-4.554088,87.441177,30.692148,110.611191,-0.117537,-0.774168,-0.064629,-0.618604,
2723,934194721,5.682629,3.754534,0.603739,-34.685009,18.345024,105.597786,-0.111947,-0.772682,-0.050022,-0.622838,
2724,934211388,6.965195,2.351459,-4.226175,-20.048624,-43.602707,91.671387,-0.106399,-0.776756,-0.037286,-0.619628,
2725,934228055,9.916021,2.563498,-0.932876,-11.995882,-23.674416,80.113380,-0.100856,-0.778955,-0.026883,-0.618331,
2726,934244722,10.857394,2.003561,-0.976296,-57.584930,-9.505287,81.731087,-0.100259,-0.779079,-0.012400,-0.618732,
2727,934261389,8.573659,2.969299,-1.393165,-54.369156,17.404844,93.677719,-0.098150,-0.776670,0.002757,-0.622207,
2728,934278056,6.513278,5.018108,-0.826947,-74.102341,-7.505792,95.416519,-0.098077,-0.776016,0.020251,-0.622712,
2729,934294723,7.467140,4.547898,-1.457604,-80.319023,-30.016968,85.362137,-0.099522,-0.777103,0.037487,-0.620323,
2730,934311390,8.816100,1.810031,-1.990675,-80.165817,-35.445465,76.491554,-0.101692,-0.778502,0.053773,-0.617009,
2731,934328057,9.482257,-0.140332,-2.572559,-67.555367,-33.470737,77.706001,-0.102313,-0.779697,0.069022,-0.613873,
2732,934344724,10.702453,-1.093790,-3.137549,-59.688892,-35.944157,76.607368,-0.102092,-0.781058,0.083464,-0.610376,
2733,934361391,12.311942,-0.935345,-2.931968,-23.840574,-30.308767,72.634804,-0.098201,-0.782359,0.094175,-0.607784,
2734,934378058,12.641076,0.186748,-2.995739,25.369825,-13.541888,70.080498,-0.089152,-0.782817,0.099993,-0.607660,
2735,934394725,11.552638,2.327255,-3.216757,67.287239,2.010330,75.512779,-0.075062,-0.782237,0.102507,-0.609888,
2736,934411392,10.500677,4.614631,-3.202197,100.287178,19.402506,76.027153,-0.057412,-0.780252,0.101934,-0.614426,
2737,934428059,9.952503,6.407551,-3.213629,107.891853,36.020065,64.158401,-0.040188,-0.776753,0.099159,-0.620650,
2738,934444726,9.503831,7.634320,-2.854934,86.033531,45.107624,43.613487,-0.027412,-0.772372,0.095954,-0.627282,
2739,934461393,8.188508,7.858608,-2.442905,53.510822,47.090649,27.070177,-0.019823,-0.767774,0.093829,-0.633503,
2740,934478060,7.976803,6.851008,-2.477159,23.390137,40.425480,13.127886,-0.016794,-0.763827,0.092931,-0.638474,
2741,934494727,9.630811,5.747043,-3.102764,14.081851,41.822224,-1.095091,-0.016142,-0.759885,0.091308,-0.643410,
2742,934511394,11.977002,6.581535,-3.124291,13.101950,45.632099,-14.471927,-0.016902,-0.755726,0.088283,-0.648689,
2743,934528061,10.932098,5.968885,-1.800602,3.860317,62.905396,-30.969765,-0.020458,-0.750065,0.084265,-0.655655,
2744,934544728,7.032917,5.074501,0.505250,20.394560,80.888252,-46.981327,-0.023958,-0.742818,0.076855,-0.664635,
2745,934561395,5.764307,6.903520,-0.380769,33.860600,65.820976,-83.069916,-0.029319,-0.737304,0.064277,-0.671856,
2746,934578062,7.840183,7.090195,-3.406772,-44.993202,32.922062,-137.162109,-0.048104,-0.734899,0.053717,-0.674331,
2747,934594729,9.604511,5.107886,-3.864119,-55.495232,11.049415,-154.274567,-0.069497,-0.734311,0.042482,-0.673908,
2748,934611396,15.746778,5.268028,-0.914387,-35.567909,-23.969500,-140.183472,-0.087129,-0.736886,0.031127,-0.669655,
2749,934628063,21.102795,1.322857,-1.646427,-23.939112,-4.635303,-121.308449,-0.101732,-0.737345,0.020404,-0.667500,
2750,934644730,16.637949,-1.922189,-1.602421,12.502174,36.460533,-114.874985,-0.111892,-0.734094,0.006220,-0.669737,
2751,934661397,12.579274,-1.650084,-0.999039,52.453415,37.852261,-122.966370,-0.118530,-0.731095,-0.012744,-0.671780,
2752,934678064,10.084528,0.640145,-0.780826,95.713448,24.038765,-129.273346,-0.121151,-0.729821,-0.036359,-0.671834,
2753,934694731,8.987474,3.724346,-0.518180,100.170097,0.331018,-129.946045,-0.123420,-0.730522,-0.060042,-0.668954,
2754,934711398,9.316802,4.670486,-0.605936,40.174675,-28.177401,-125.149284,-0.131786,-0.732611,-0.076839,-0.663332,
2755,934728065,11.014211,3.303893,-0.827414,-14.403920,-42.875908,-123.364922,-0.145910,-0.734813,-0.087869,-0.656535,
2756,934744732,12.017399,1.821430,-0.630564,-35.876305,-45.474167,-125.684212,-0.162526,-0.736490,-0.097007,-0.649428,
2757,934761399,11.443830,0.950440,-0.624784,-47.050808,-42.167278,-128.435226,-0.180482,-0.737236,-0.105420,-0.642492,
2758,934778066,9.677974,0.400765,-0.213385,-50.479759,-39.749706,-126.666870,-0.198522,-0.737370,-0.113340,-0.635632,
2759,934794733,8.851376,-0.201504,0.004260,-52.982014,-48.798470,-119.751961,-0.216255,-0.738066,-0.119975,-0.627772,
2760,934811400,8.930369,0.847103,1.069997,-72.880661,-48.450935,-110.929161,-0.235217,-0.737944,-0.123806,-0.620308,
2761,934828067,8.123085,-0.452490,-0.035203,-104.221390,-43.369785,-100.664932,-0.256416,-0.736136,-0.123824,-0.614021,
2762,934844734,7.572216,-1.055018,-0.609060,-85.479408,-45.771103,-85.834450,-0.274217,-0.735194,-0.123783,-0.607431,
2763,934861401,7.274880,-2.402119,-1.826477,-87.788010,-44.146370,-65.196594,-0.290320,-0.734145,-0.121355,-0.601680,
2764,934878068,7.011791,-4.297087,-3.219865,-58.636108,-46.696629,-37.110004,-0.300830,-0.734881,-0.118341,-0.596193,
2765,934894735,6.482111,-5.691620,-2.720551,-12.373799,-56.780937,-8.062476,-0.304013,-0.738936,-0.115778,-0.590038,
2766,934911402,6.796640,-7.273186,0.052378,-6.649124,-50.461040,17.005117,-0.304301,-0.743077,-0.111282,-0.585537,
2767,934928069,7.470898,-6.669544,3.201739,-8.750981,-22.903128,45.237473,-0.301944,-0.745195,-0.104766,-0.585267,
2768,934944736,7.822058,-0.381792,6.055892,30.449800,12.823208,69.662354,-0.292686,-0.746300,-0.100497,-0.589297,
2769,934961403,8.485246,6.819092,2.785682,147.553146,32.984749,72.580261,-0.270069,-0.750437,-0.106770,-0.593722,
2770,934978070,10.356269,17.540359,-9.943577,400.819153,31.450962,77.149872,-0.218911,-0.763172,-0.134119,-0.593007,
2771,934994737,7.550598,25.260710,-16.539150,364.658905,-29.602180,32.563103,-0.176099,-0.776724,-0.160935,-0.582913,
2772,935011404,5.690231,19.923048,-13.335828,86.580063,-123.852097,-60.716885,-0.174506,-0.787651,-0.172042,-0.565292,
2773,935028071,11.525073,11.379206,-5.325358,0.340040,-96.928932,-33.160992,-0.179790,-0.794562,-0.173522,-0.553386,
2774,935044738,25.325857,13.473081,12.227783,-267.240112,-76.213142,135.299850,-0.201709,-0.796170,-0.134359,-0.554413,
2775,935061405,18.755610,-0.079784,11.744722,-298.544800,147.858276,67.946571,-0.227852,-0.775694,-0.106743,-0.578781,
2776,935078072,12.470517,0.760076,1.918362,158.064713,142.146332,-64.734001,-0.213349,-0.767398,-0.132138,-0.590018,
2777,935094739,5.633706,2.875977,-9.667892,-68.340591,141.617416,-30.505217,-0.221014,-0.752163,-0.134164,-0.606138,
2778,935111406,4.300588,-16.673809,-9.488674,-180.706085,-61.866516,-1.645187,-0.242246,-0.751319,-0.116499,-0.602714,
2779,935128073,8.988780,-21.485994,-6.966174,213.832260,-15.316111,4.365015,-0.218837,-0.759746,-0.134293,-0.597378,
2780,935144740,9.468109,-10.377954,-9.504170,349.796539,4.581667,99.143410,-0.171379,-0.771200,-0.153798,-0.593486,
2781,935161407,16.269400,7.606913,-3.623708,355.850830,-26.643511,198.969467,-0.114787,-0.785307,-0.161369,-0.586580,
2782,935178074,19.980213,21.580086,1.091079,177.532104,-72.413269,168.556183,-0.081928,-0.797721,-0.156048,-0.576695,
2783,935194741,7.400232,16.928970,-1.230613,-256.183044,274.055542,28.677526,-0.103069,-0.770998,-0.134377,-0.613906,
2784,935211408,-0.756856,-1.908060,-10.474641,-192.488678,22.962318,37.520397,-0.121002,-0.766327,-0.113374,-0.620684,
2785,935228075,8.513453,-0.054918,0.888505,28.340960,-113.847084,76.711464,-0.112964,-0.778067,-0.105459,-0.608875,
2786,935244742,10.977824,-1.393435,-1.839717,-174.801727,4.077258,103.303856,-0.123678,-0.775938,-0.078417,-0.613575,
2787,935261409,9.398550,-2.261843,-8.619015,-22.652161,1.056510,121.666161,-0.115541,-0.776563,-0.062776,-0.616165,
2788,935278076,7.483603,3.480304,1.162372,-39.156239,2.318902,117.886551,-0.109557,-0.776517,-0.046082,-0.618784,
2789,935294743,6.448171,0.221032,-3.224573,-109.906868,-30.773121,101.633720,-0.113203,-0.777897,-0.024312,-0.617632,
2790,935311410,8.491995,0.263052,-1.297429,-57.759590,-62.009575,95.792183,-0.111538,-0.782599,-0.007362,-0.612407,
2791,935328077,11.967435,0.200469,-1.196944,-85.857491,-48.798401,93.205521,-0.113245,-0.785383,0.011585,-0.608453,
2792,935344744,10.139222,-0.226855,-1.142009,-75.773018,-13.419256,102.265594,-0.113017,-0.784900,0.030088,-0.608484,
2793,935361411,8.719087,0.774642,-1.182107,-59.162239,-14.472362,108.425941,-0.110305,-0.784496,0.047832,-0.608367,
2794,935378078,8.814206,2.568875,-1.414998,-29.204830,-21.140482,103.979324,-0.104489,-0.784969,0.062511,-0.607452,
2795,935394745,9.187510,3.676133,-1.128360,-9.586911,-18.354918,93.223969,-0.097387,-0.785419,0.074173,-0.606737,
2796,935411412,8.742929,3.819790,-1.038024,0.318239,-15.613036,81.529434,-0.090202,-0.785766,0.083573,-0.606177,
2797,935428079,9.138790,3.653576,-2.548274,10.967294,-16.381134,70.954880,-0.082712,-0.786350,0.090825,-0.605445,
2798,935444746,9.233891,3.148437,-4.191017,41.490311,-8.000386,68.607086,-0.072040,-0.786499,0.095007,-0.605973,
2799,935461413,10.639844,4.128341,-4.611607,58.582458,-0.721825,69.301849,-0.059442,-0.786059,0.097671,-0.607485,
2800,935478080,11.407493,3.389087,-3.495165,62.531128,17.758078,69.814117,-0.046602,-0.783874,0.099866,-0.611061,
2801,935494747,11.051577,4.429395,-2.506506,80.014931,30.790937,63.779919,-0.032486,-0.780571,0.099709,-0.616207,
2802,935511414,9.092463,5.456060,-2.452994,81.255959,46.396656,44.291611,-0.020197,-0.775978,0.097131,-0.622908,
2803,935528081,8.271878,4.989004,-2.896669,59.935307,42.028950,28.191994,-0.011710,-0.771810,0.094661,-0.628658,
2804,935544748,10.350753,4.062083,-3.217490,42.525986,40.530972,20.315384,-0.005878,-0.767776,0.092891,-0.633921,
2805,935561415,11.192738,4.562214,-3.231306,46.290943,53.579113,15.943915,-0.000207,-0.762529,0.090263,-0.640626,
2806,935578082,12.022968,6.493564,-3.453755,57.084774,62.943771,-0.753775,0.004980,-0.756528,0.084764,-0.648425,
2807,935594749,11.779499,7.008295,-2.433982,62.216896,83.355042,-32.819237,0.007451,-0.748839,0.075249,-0.658423,
2808,935611416,7.732608,6.933654,1.129489,88.689835,109.575233,-57.218449,0.010176,-0.738598,0.060539,-0.671344,
2809,935628083,5.168880,9.225670,0.146330,50.423264,91.633598,-92.954765,0.005453,-0.730141,0.045670,-0.681747,
2810,935644750,7.265069,6.080681,-3.420472,-101.720894,19.413202,-144.280716,-0.020042,-0.728902,0.040349,-0.683133,
2811,935661417,11.601938,2.367443,-3.027299,-107.663643,-11.093831,-158.826004,-0.047421,-0.730224,0.034136,-0.680704,
2812,935678084,17.237711,2.816603,-0.558471,-19.909395,-10.448300,-136.223633,-0.063218,-0.731535,0.021607,-0.678522,
2813,935694751,18.519630,1.557222,-1.875262,-20.250263,6.336803,-131.269852,-0.078592,-0.730879,0.009477,-0.677900,
2814,935711418,15.037267,-0.772661,-0.498576,-36.787060,19.370972,-140.385117,-0.096606,-0.728451,-0.002146,-0.678248,
2815,935728085,13.998781,-0.962948,-1.188495,20.443983,6.079747,-145.451614,-0.109015,-0.727797,-0.019762,-0.676784,
2816,935744752,13.040170,0.670410,-1.506138,68.934196,16.641605,-147.120758,-0.116366,-0.726490,-0.042483,-0.675919,
2817,935761419,11.259635,2.248267,-0.916514,74.991348,10.518753,-138.954803,-0.122246,-0.725535,-0.064809,-0.674132,
2818,935778086,10.230335,2.417327,-0.398451,52.213894,-9.021956,-126.805130,-0.129465,-0.725863,-0.083243,-0.670396,
2819,935794753,10.262115,1.761857,-0.364206,28.338764,-33.808380,-116.387474,-0.138442,-0.728018,-0.097750,-0.664280,
2820,935811420,10.538179,1.297236,-0.688761,17.464638,-43.336575,-111.006241,-0.148139,-0.730715,-0.110414,-0.657205,
2821,935828087,10.515335,0.914971,-0.664566,12.173627,-46.028698,-108.501671,-0.158156,-0.733372,-0.122213,-0.649781,
2822,935844754,10.268850,0.279095,-0.303259,-3.931137,-51.067535,-105.011856,-0.169603,-0.735979,-0.131965,-0.641993,
2823,935861421,9.615076,-0.655270,-0.442591,-26.536545,-56.400791,-102.831635,-0.183315,-0.738345,-0.139199,-0.633928,
2824,935878088,8.496840,-1.047578,-0.044071,-63.853718,-61.374619,-101.407730,-0.200938,-0.739946,-0.142657,-0.625902,
2825,935894755,8.202829,-1.320134,-0.608562,-80.962715,-65.468788,-92.893631,-0.219628,-0.741296,-0.143464,-0.617787,
2826,935911422,7.622965,-1.088242,-0.640040,-88.662033,-67.525070,-78.584274,-0.237813,-0.742582,-0.141910,-0.609818,
2827,935928089,6.788911,-2.102563,-1.605485,-83.715080,-65.545555,-61.137619,-0.253790,-0.743956,-0.138926,-0.602345,
2828,935944756,6.677661,-3.160757,-1.962792,-61.419910,-64.146477,-41.827267,-0.265565,-0.746225,-0.135820,-0.595127,
2829,935961423,6.909074,-3.379676,-0.512064,-45.960175,-49.612083,-20.401402,-0.273476,-0.748140,-0.132265,-0.589917,
2830,935978090,6.855651,-3.174371,1.555807,-53.600716,-29.207348,1.362927,-0.279932,-0.748351,-0.126484,-0.587886,
2831,935994757,6.523024,-2.795892,3.506370,-63.348385,-11.663322,24.256931,-0.285140,-0.747018,-0.118078,-0.588826,
2832,936011424,6.382089,-0.363723,3.370289,-19.536779,-8.735221,44.137684,-0.283812,-0.747537,-0.111376,-0.590114,
2833,936028091,6.987971,5.085649,1.388574,86.943855,12.906665,50.974899,-0.269933,-0.750605,-0.113946,-0.592237,
2834,936044758,9.952602,11.897559,-6.988121,259.404846,38.052120,45.047680,-0.237098,-0.757538,-0.132906,-0.593512,
2835,936061425,8.955235,17.909437,-12.643093,330.506744,3.307318,12.228727,-0.199491,-0.767851,-0.160165,-0.587328,
2836,936078092,6.871767,18.524805,-8.887215,231.111450,-75.430771,-42.442772,-0.179126,-0.779361,-0.182476,-0.572024,
2837,936094759,8.387343,16.786253,-1.863431,65.833763,-96.352974,-27.551327,-0.176672,-0.788089,-0.188667,-0.558665,
2838,936111426,7.033454,14.137168,2.787454,-61.056168,-18.882702,22.166401,-0.182566,-0.788469,-0.180805,-0.558834,
2839,936128093,7.620140,8.228849,3.106878,-276.280670,-66.618637,64.153557,-0.210807,-0.787368,-0.149206,-0.559776,
2840,936144760,35.357731,-5.251272,6.588045,-276.432251,-45.245598,111.231285,-0.234379,-0.784076,-0.112585,-0.563573,
2841,936161427,12.664515,-6.535739,10.153615,96.305870,258.222748,4.172421,-0.218841,-0.765476,-0.128848,-0.591230,
2842,936178094,4.285668,4.099717,-17.750473,123.253815,169.617355,6.397142,-0.201487,-0.754411,-0.144196,-0.607844,
2843,936194761,5.705935,2.552999,-6.892799,9.021465,-64.580666,-14.783334,-0.203344,-0.759875,-0.144835,-0.600220,
2844,936211428,15.031885,-17.576046,-1.772970,-33.521568,-3.105119,-77.643600,-0.214069,-0.757297,-0.150508,-0.598350,
2845,936228095,10.689620,-17.187572,-10.749310,327.231537,53.948643,25.893265,-0.174540,-0.762309,-0.177746,-0.597350,
2846,936244762,10.541423,0.791945,-7.737328,341.447632,26.284367,130.865479,-0.124577,-0.770835,-0.193418,-0.594040,
2847,936261429,12.487055,15.133139,-1.623732,202.184326,46.079659,158.052582,-0.087042,-0.774257,-0.193963,-0.596094,
2848,936278096,10.580949,18.505669,1.952721,16.867752,-0.527692,99.678268,-0.076674,-0.777092,-0.184272,-0.596902,
2849,936294763,6.897892,9.657081,-7.705661,-285.735748,112.834969,7.283853,-0.105403,-0.763373,-0.159820,-0.616935,
2850,936311430,3.578101,-3.845040,-9.467166,-2.335161,11.089086,38.093563,-0.102170,-0.763061,-0.155649,-0.618928,
2851,936328097,9.288829,1.168151,3.803266,-36.389984,-74.542244,78.635139,-0.100988,-0.770757,-0.142616,-0.612695,
2852,936344764,11.335725,-3.653546,-7.962557,-116.393379,3.347211,94.748184,-0.105685,-0.770383,-0.121738,-0.616863,
2853,936361431,9.278415,-0.208239,-5.612680,16.564976,19.208408,100.075684,-0.094686,-0.770459,-0.112390,-0.620319,
2854,936378098,6.746478,2.997026,1.105829,-52.175163,-15.564304,92.444374,-0.092622,-0.772424,-0.097192,-0.620754,
2855,936394765,6.980130,0.796082,-2.664155,-70.358116,-44.802204,88.177734,-0.093376,-0.776513,-0.080410,-0.617934,
2856,936411432,10.104458,0.499694,-0.911423,-49.882156,-57.347019,86.365273,-0.092099,-0.781761,-0.065480,-0.613254,
2857,936428099,13.235885,-0.504262,-1.547192,-57.567497,-23.730242,87.724243,-0.091230,-0.783719,-0.050143,-0.612329,
2858,936444766,10.906538,-0.379549,-0.999244,-58.261173,10.941743,102.608871,-0.088835,-0.782479,-0.033493,-0.615396,
2859,936461433,8.480551,1.042893,-0.811238,-53.819199,6.785491,112.608734,-0.085032,-0.781475,-0.016038,-0.617907,
2860,936478100,7.924996,2.436061,-0.381425,-51.654911,-7.785388,118.297508,-0.080478,-0.781556,0.002055,-0.618618,
2861,936494767,9.606559,3.008497,-0.526619,-32.973164,-17.713495,119.623528,-0.073650,-0.782485,0.018732,-0.618014,
2862,936511434,9.266416,3.575727,-0.559046,-23.761284,-7.027140,111.152260,-0.066544,-0.782342,0.033498,-0.618377,
2863,936528101,7.911489,4.396379,-1.199059,-37.198959,-16.569750,100.260796,-0.061884,-0.782781,0.048315,-0.617325,
2864,936544768,8.096993,5.018132,-2.689539,-26.868454,-21.465813,90.570946,-0.056872,-0.783649,0.061135,-0.615566,
2865,936561435,9.050907,5.362991,-3.424805,-5.208828,-18.831001,85.146553,-0.049892,-0.784373,0.071362,-0.614147,
2866,936578102,9.579633,4.820012,-4.494528,8.163902,-14.190208,80.567497,-0.041838,-0.784712,0.079827,-0.613273,
2867,936594769,11.331044,3.779753,-4.602859,10.389928,-9.924990,71.417534,-0.034394,-0.784696,0.087013,-0.612779,
2868,936611436,12.318423,3.216100,-3.394475,22.007420,9.990074,64.281281,-0.026510,-0.782973,0.092239,-0.614606,
2869,936628103,11.340445,2.983547,-2.878507,39.333504,35.168922,55.770969,-0.017750,-0.779097,0.094840,-0.619434,
2870,936644770,10.728106,2.873500,-2.742300,62.623096,49.134590,41.952003,-0.007788,-0.774099,0.093725,-0.626039,
2871,936661437,11.323389,3.844279,-2.932548,56.480679,50.916348,28.107391,0.000197,-0.769002,0.091594,-0.632649,
2872,936678104,12.123670,5.606620,-3.277098,39.638325,55.415962,17.956692,0.005301,-0.763534,0.089865,-0.639461,
2873,936694771,12.397716,6.469999,-3.206186,31.523882,65.179451,-1.516670,0.007563,-0.757336,0.086723,-0.647197,
2874,936711438,9.914174,6.867577,-1.905516,37.803246,82.216393,-30.768845,0.007543,-0.749779,0.079772,-0.656819,
2875,936728105,6.787109,7.056960,-0.138087,57.865177,96.063889,-64.363342,0.006336,-0.741058,0.067231,-0.668036,
2876,936744772,5.164939,7.986067,0.360782,58.103264,102.818359,-106.343575,0.001004,-0.731756,0.050117,-0.679720,
2877,936761439,4.472858,7.472251,-1.208836,-20.134964,67.222267,-150.553925,-0.016769,-0.725890,0.035995,-0.686664,
2878,936778106,9.100808,5.648455,-2.486856,-74.754646,21.082197,-179.716431,-0.042968,-0.724133,0.024334,-0.687889,
2879,936794773,15.024645,3.818026,-0.617762,-47.472202,-2.016062,-167.136627,-0.064924,-0.724279,0.011392,-0.686349,
2880,936811440,20.017416,1.642149,-1.688634,-25.500443,-18.429356,-137.162323,-0.081514,-0.725829,-0.000438,-0.683028,
2881,936828107,16.525990,-2.140950,-1.698770,22.997683,40.143185,-130.115875,-0.092246,-0.721831,-0.017035,-0.685682,
2882,936844774,12.211432,-1.033778,-0.576073,65.645874,29.801048,-142.848022,-0.099750,-0.719057,-0.039074,-0.686643,
2883,936861441,11.627942,1.460800,-1.977463,113.004044,14.873687,-150.789993,-0.103111,-0.717945,-0.066429,-0.685208,
2884,936878108,9.897509,3.798258,-2.074618,121.923698,6.818894,-148.722931,-0.105332,-0.717233,-0.094284,-0.682343,
2885,936894775,9.737838,4.381942,-1.589791,81.531960,-26.156551,-139.738251,-0.111255,-0.718810,-0.116624,-0.676264,
2886,936911442,11.053980,3.315120,-1.236078,50.408947,-51.027714,-128.247192,-0.119666,-0.722153,-0.134241,-0.667948,
2887,936928109,11.828819,2.428921,-0.730137,31.843185,-57.905041,-119.304871,-0.129241,-0.725706,-0.148937,-0.659139,
2888,936944776,11.376980,1.899268,-0.056121,-0.911316,-57.277866,-116.503525,-0.141941,-0.728368,-0.160152,-0.650910,
2889,936961443,10.274977,0.687114,-0.119943,-41.550121,-58.102623,-112.104874,-0.158495,-0.730102,-0.166976,-0.643389,
2890,936978110,9.357833,0.095400,0.152489,-78.307167,-70.541901,-103.659103,-0.178394,-0.732047,-0.169106,-0.635363,
2891,936994777,8.764457,-0.946552,-1.243006,-98.915123,-77.749329,-89.708511,-0.199286,-0.734107,-0.167575,-0.627128,
2892,937011444,8.283566,-0.745351,-1.166154,-118.191795,-74.891808,-74.909081,-0.220711,-0.735324,-0.162699,-0.619769,
2893,937028111,8.017727,-2.272998,-2.299461,-137.883881,-80.313477,-57.654999,-0.242685,-0.736382,-0.153935,-0.612495,
2894,937044778,8.065313,-2.827478,-1.725094,-126.010925,-76.439529,-32.783783,-0.260950,-0.737666,-0.143615,-0.605911,
2895,937061445,6.471578,-4.061543,-0.577977,-139.817368,-64.487343,-14.888622,-0.278737,-0.737381,-0.130540,-0.601276,
2896,937078112,5.096023,-5.012128,0.405532,-110.520035,-69.364708,1.657260,-0.291904,-0.738704,-0.117995,-0.595974,
2897,937094779,5.989840,-5.555035,3.132309,-108.427582,-64.037224,30.784733,-0.302124,-0.739891,-0.102684,-0.592232,
2898,937111446,8.045475,-5.616819,4.896345,-103.284828,-8.145639,57.613365,-0.308544,-0.736647,-0.087350,-0.595417,
2899,937128113,6.452902,-0.020485,3.958367,64.933044,38.417793,55.427483,-0.296462,-0.736715,-0.088883,-0.601216,
2900,937144780,5.655628,9.793808,1.558571,210.947876,9.553259,41.716736,-0.270140,-0.744998,-0.103353,-0.601099,
2901,937161447,8.895684,17.079182,-8.019814,258.197205,-7.102797,27.154503,-0.239903,-0.755483,-0.122755,-0.597179,
2902,937178114,9.860034,19.969036,-14.952868,295.628113,-77.608627,-33.526390,-0.211681,-0.771027,-0.149405,-0.581710,
2903,937194781,6.834728,18.556849,-11.757265,306.639435,-96.925652,-81.310776,-0.186234,-0.785848,-0.181429,-0.561108,
2904,937211448,8.504886,16.566772,-1.701079,114.401329,-72.996483,-14.736786,-0.176439,-0.794210,-0.190572,-0.549347,
2905,937228115,20.513502,16.857063,12.043295,-239.825943,-74.366791,124.750320,-0.196272,-0.796642,-0.155081,-0.550262,
2906,937244782,23.229366,6.288249,11.385557,-232.560699,116.803192,37.030411,-0.217670,-0.780752,-0.135545,-0.569801,
2907,937261449,10.724090,3.049523,3.184048,-33.886547,165.299011,-109.645325,-0.227453,-0.763318,-0.150498,-0.585628,
2908,937278116,11.165222,-6.812120,-7.768256,-206.695740,84.550697,-73.475739,-0.254870,-0.747049,-0.143892,-0.596869,
2909,937294783,9.436673,-24.057184,-11.704881,-26.257128,42.835316,-20.180464,-0.258767,-0.741738,-0.145519,-0.601405,
2910,937311450,0.733634,-19.299623,-10.675175,248.439987,50.236809,2.244162,-0.230722,-0.746071,-0.168919,-0.601341,
2911,937328117,7.256847,-5.601197,-7.354301,366.552490,-7.658487,95.712074,-0.182613,-0.760093,-0.190186,-0.593919,
2912,937344784,16.518915,8.912382,-7.719828,352.564728,-51.741947,190.060913,-0.128534,-0.777711,-0.198035,-0.582603,
2913,937361451,28.223612,19.685980,-2.154967,159.596786,-67.757622,110.264381,-0.103200,-0.789114,-0.197840,-0.572283,
2914,937378118,3.944933,16.710173,-3.317583,-174.683182,228.841629,25.131777,-0.114644,-0.767317,-0.183784,-0.603576,
2915,937394785,0.553245,2.059629,-4.771013,-164.504501,-10.976231,35.318935,-0.130338,-0.766093,-0.165267,-0.607289,
2916,937411452,8.075583,0.265242,-1.678280,-48.095051,-57.781269,73.259773,-0.130784,-0.771804,-0.151848,-0.603454,
2917,937428119,10.982715,-2.369023,-3.636599,-132.332535,-26.740923,106.660027,-0.137010,-0.773597,-0.127813,-0.605342,
2918,937444786,13.940622,-1.740906,-5.339947,-55.901669,-21.334223,124.296974,-0.132912,-0.776373,-0.108563,-0.606460,
2919,937461453,9.852679,0.798146,-2.692819,-78.559044,29.816013,114.239716,-0.131394,-0.773723,-0.089392,-0.613267,
2920,937478120,5.790188,0.273015,-2.149105,-70.383850,-10.335453,103.690056,-0.130368,-0.774382,-0.071336,-0.615017,
2921,937494787,6.875528,0.574741,-1.015240,-63.412346,-34.830700,104.309715,-0.128711,-0.777115,-0.053346,-0.613743,
2922,937511454,10.443683,0.313065,-0.730697,-64.008392,-43.463760,107.820305,-0.126831,-0.780361,-0.034725,-0.611347,
2923,937528121,12.474271,-0.172136,-0.821135,-52.706890,-13.410334,105.244072,-0.123702,-0.780873,-0.017943,-0.612057,
2924,937544788,9.487088,0.265640,-0.967120,-23.341009,11.500051,104.281631,-0.117224,-0.779485,-0.004327,-0.615339,
2925,937561455,7.541137,1.362225,-1.097813,-28.545462,8.045415,101.952217,-0.111519,-0.778132,0.009551,-0.618048,
2926,937578122,7.367802,1.070903,-1.826939,-29.930702,-14.141643,95.969765,-0.106453,-0.778585,0.023234,-0.618008,
2927,937594789,8.992013,0.692309,-2.146358,-31.900873,-30.299587,92.068878,-0.101882,-0.780306,0.036897,-0.615939,
2928,937611456,11.262900,1.903095,-1.994018,-14.854518,-26.951075,91.050545,-0.095466,-0.781828,0.048861,-0.614201,
2929,937628123,11.448376,4.258302,-1.645713,12.976375,-6.655951,87.361313,-0.086343,-0.781813,0.057629,-0.614811,
2930,937644790,9.842185,5.578579,-0.923435,26.881817,8.559466,80.896820,-0.076332,-0.780544,0.064218,-0.617090,
2931,937661457,7.702377,6.006728,-1.225973,40.032673,6.922655,77.833015,-0.065078,-0.779476,0.069284,-0.619177,
2932,937678124,7.572128,6.613983,-2.513830,29.774548,-3.365405,74.239357,-0.055201,-0.779162,0.074953,-0.619872,
2933,937694791,9.426866,6.590251,-3.776407,12.255689,-3.149235,66.560173,-0.048000,-0.778684,0.081320,-0.620269,
2934,937711458,11.437639,6.407345,-3.566265,-0.406145,11.255474,54.178539,-0.043520,-0.776906,0.087318,-0.622012,
2935,937728125,10.693398,5.464722,-2.046624,-3.010764,24.887430,45.942104,-0.040253,-0.773936,0.092528,-0.625172,
2936,937744792,9.487659,5.053856,-1.825286,6.160984,24.482313,39.200394,-0.036561,-0.771109,0.096141,-0.628339,
2937,937761459,9.229245,4.588923,-3.546011,18.286919,32.145607,26.461464,-0.032782,-0.767790,0.097171,-0.632440,
2938,937778126,9.884713,5.260626,-4.034716,31.149269,44.383835,12.988733,-0.028979,-0.763556,0.095448,-0.637990,
2939,937794793,10.968778,6.771971,-2.448855,28.942633,51.383591,-1.190954,-0.026835,-0.758807,0.092318,-0.644180,
2940,937811460,11.494944,7.089435,-0.334120,9.785764,68.011353,-22.544603,-0.029029,-0.752640,0.088550,-0.651804,
2941,937828127,9.443659,6.690499,1.155832,9.459860,82.532639,-46.764740,-0.033741,-0.745289,0.082084,-0.660808,
2942,937844794,7.395566,6.404079,-0.863308,-2.419604,70.640953,-82.553513,-0.043033,-0.739279,0.072917,-0.668055,
2943,937861461,7.166054,5.246418,-3.263831,-36.003620,55.172020,-124.858223,-0.059870,-0.734754,0.062535,-0.672786,
2944,937878128,8.563693,4.703313,-3.585492,-34.662598,27.934231,-147.370148,-0.078490,-0.732763,0.049821,-0.674103,
2945,937894795,14.778541,4.981783,-1.151905,-18.413637,-2.289498,-149.592804,-0.095340,-0.733570,0.035596,-0.671951,
2946,937911462,20.947168,1.708086,-1.220513,-5.178927,-7.107368,-134.989700,-0.109287,-0.734630,0.021686,-0.669257,
2947,937928129,17.036301,-2.495142,-2.075294,40.702698,30.950466,-119.086494,-0.116860,-0.732386,0.004394,-0.670772,
2948,937944796,12.069300,-0.956458,-1.318181,79.293571,43.222980,-130.728348,-0.121411,-0.729276,-0.018109,-0.673117,
2949,937961463,10.675435,2.254127,-1.610292,116.093849,14.235306,-139.026505,-0.122871,-0.729179,-0.044571,-0.671725,
2950,937978130,10.389083,5.365897,-1.592286,112.135994,-4.077057,-136.942795,-0.124581,-0.730314,-0.070067,-0.667991,
2951,937994797,10.578704,5.093631,-1.196170,56.432804,-21.589643,-129.179626,-0.131564,-0.731817,-0.088972,-0.662735,
2952,938011464,11.055439,2.932435,-0.752400,18.329794,-36.984856,-121.933922,-0.142050,-0.733879,-0.103105,-0.656210,
2953,938028131,11.406493,1.059664,-0.592249,-1.441821,-45.978439,-118.543671,-0.154409,-0.736184,-0.114766,-0.648860,
2954,938044798,10.681445,0.251998,-0.416361,-20.710142,-46.296795,-114.839813,-0.168432,-0.737894,-0.124164,-0.641658,
2955,938061465,9.353766,-0.856232,-0.366238,-47.426182,-50.229412,-108.493622,-0.184740,-0.739175,-0.130248,-0.634450,
2956,938078132,8.724200,-1.338428,0.171430,-55.902451,-58.214912,-107.033737,-0.201905,-0.740717,-0.135128,-0.626348,
2957,938094799,8.004724,-1.873790,-0.305143,-76.009514,-58.305569,-99.863983,-0.220503,-0.741523,-0.137346,-0.618593,
2958,938111466,7.412280,-2.148027,-0.907769,-83.142952,-64.558197,-89.442055,-0.238965,-0.742566,-0.137540,-0.610388,
2959,938128133,7.786304,-1.846225,-1.524893,-84.534996,-66.768974,-69.659805,-0.255772,-0.743870,-0.135344,-0.602428,
2960,938144800,6.911819,-3.727183,-2.997890,-58.613083,-52.009754,-35.879051,-0.266456,-0.745320,-0.132276,-0.596658,
2961,938161467,6.297337,-4.448739,-1.786776,-42.779430,-39.597542,-14.981932,-0.273339,-0.746622,-0.128781,-0.592668,
2962,938178134,4.939075,-5.965677,0.785125,-42.857151,-40.811501,3.798417,-0.278609,-0.748322,-0.123181,-0.589251,
2963,938194801,6.108023,-6.181306,3.673216,-49.431393,-32.699333,33.715141,-0.281859,-0.749533,-0.114076,-0.587998,
2964,938211468,6.539663,-1.785991,5.094736,-1.123052,16.378229,51.728321,-0.277464,-0.748766,-0.109140,-0.591990,
2965,938228135,4.420167,5.924659,4.281576,155.968628,31.121576,51.358204,-0.255669,-0.752820,-0.118328,-0.594890,
2966,938244802,8.214676,13.603064,-4.074435,279.603455,23.355774,59.021183,-0.219523,-0.761400,-0.136945,-0.594411,
2967,938261469,13.089113,21.037098,-15.610416,290.093933,-0.250479,45.869171,-0.183436,-0.770746,-0.156931,-0.589638,
2968,938278136,7.624851,19.386925,-16.223608,232.934067,-84.173309,-56.701614,-0.164176,-0.782205,-0.181031,-0.573087,
2969,938294803,9.499113,15.839993,-6.509100,129.020493,-98.042702,-60.179527,-0.157233,-0.791476,-0.196358,-0.557033,
2970,938311470,21.079678,16.841440,4.227925,-76.625885,-72.063240,106.919830,-0.159598,-0.798278,-0.176282,-0.553358,
2971,938328137,18.386669,18.234753,10.907838,-351.861206,60.523632,115.308990,-0.189559,-0.786857,-0.135872,-0.571368,
2972,938344804,10.647535,8.764089,11.538147,-220.976059,84.869797,-84.789040,-0.220288,-0.771350,-0.129599,-0.582834,
2973,938361471,17.820822,-6.489402,-1.719346,-113.871109,153.670151,-154.439423,-0.243321,-0.751101,-0.142247,-0.596998,
2974,938378138,9.923841,-27.800425,-21.885569,-285.501282,84.962013,-30.562162,-0.275367,-0.732101,-0.123803,-0.610633,
2975,938394805,-2.114533,-27.467710,-11.324244,326.730927,-6.127748,32.933418,-0.237655,-0.745322,-0.149044,-0.604814,
2976,938411472,3.133573,-9.709332,-11.205204,413.483276,32.896763,61.164665,-0.186508,-0.756498,-0.179746,-0.600514,
2977,938428139,10.549085,5.829369,-8.205659,374.148956,-49.545322,186.660919,-0.130187,-0.774275,-0.190310,-0.589348,
2978,938444806,36.425072,27.126173,0.628072,286.512543,-320.341095,230.185410,-0.086931,-0.811416,-0.182519,-0.548392,
2979,938461473,14.256017,24.673611,-9.070046,-408.963226,427.118744,6.670642,-0.123126,-0.769247,-0.153979,-0.607774,
2980,938478140,-14.778590,-5.416382,-8.244390,-187.747879,116.032433,27.297163,-0.139239,-0.755683,-0.136433,-0.625253,
2981,938494807,9.428932,3.452861,9.798956,3.392823,-261.704803,82.749779,-0.136617,-0.780442,-0.122347,-0.597727,
2982,938511474,12.935336,-7.103030,-5.268761,-241.403992,22.641497,103.084915,-0.154741,-0.774793,-0.090139,-0.606321,
2983,938528141,16.409946,-3.962930,-4.615780,20.549440,-47.093811,139.886673,-0.140866,-0.780924,-0.075217,-0.603868,
2984,938544808,11.484613,-0.640548,-0.679482,-71.424149,76.699875,120.072128,-0.137748,-0.773694,-0.056966,-0.615774,
2985,938561475,4.362457,-0.810701,-3.216422,-38.110577,21.723129,101.201302,-0.132970,-0.771592,-0.042696,-0.620597,
2986,938578142,5.719193,1.945683,-0.995907,-26.885214,-35.254387,103.582275,-0.127037,-0.774667,-0.028058,-0.618841,
2987,938594809,9.935497,2.135974,-2.276553,-32.773876,-64.118134,100.974823,-0.122084,-0.779996,-0.012642,-0.613630,
2988,938611476,11.957894,1.805975,-1.428832,-25.507835,-10.354936,95.637054,-0.116651,-0.780442,0.000568,-0.614249,
2989,938628143,9.068178,1.556481,-0.517267,-52.636806,-1.451184,104.771095,-0.113454,-0.779441,0.017088,-0.615880,
2990,938644810,8.077499,1.900473,-0.471928,-68.563362,-10.618119,108.102432,-0.111705,-0.778742,0.035556,-0.616293,
2991,938661477,9.183777,1.933959,-0.793066,-56.544559,-32.121422,107.168129,-0.108530,-0.779910,0.053179,-0.614111,
2992,938678144,10.783159,2.360861,-0.955949,-31.906013,-25.679945,104.184280,-0.102846,-0.780686,0.068146,-0.612623,
2993,938694811,9.282485,3.027895,-1.745639,-29.379158,-15.088226,102.591789,-0.097097,-0.780377,0.082531,-0.612186,
2994,938711478,8.043046,3.583039,-2.156146,-8.547483,-17.091547,103.453751,-0.088860,-0.780347,0.095167,-0.611641,
2995,938728145,9.150883,2.849276,-4.500226,28.584774,-20.300270,90.203209,-0.077527,-0.781103,0.103016,-0.610946,
2996,938744812,11.713640,2.824204,-5.177509,51.382645,-15.002217,71.745964,-0.065310,-0.781784,0.106665,-0.610876,
2997,938761479,11.966695,4.361001,-4.238378,88.803032,18.596138,74.412308,-0.049110,-0.779620,0.106948,-0.615096,
2998,938778146,9.755226,5.746440,-3.980628,97.862885,34.623764,63.198704,-0.033123,-0.776030,0.105002,-0.621010,
2999,938794813,8.686612,5.822977,-3.239951,84.879578,37.197964,42.517216,-0.020502,-0.772259,0.101853,-0.626754,
3000,938811480,8.246706,6.901661,-3.053654,60.437489,36.951645,29.110424,-0.011844,-0.768506,0.099408,-0.631962,
3001,938828147,8.003223,6.434235,-2.263740,25.930010,36.710476,23.243864,-0.007581,-0.764734,0.099469,-0.636577,
3002,938844814,9.189655,4.525284,-2.438240,0.089626,34.788292,13.975260,-0.007026,-0.761213,0.100888,-0.640568,
3003,938861481,10.844875,3.550422,-2.790403,1.572199,39.131020,5.590188,-0.007153,-0.757387,0.101230,-0.645031,
3004,938878148,12.693323,4.443256,-2.666394,23.641296,55.301235,-8.812113,-0.006441,-0.752237,0.097892,-0.651548,
3005,938894815,11.082630,5.080715,-1.344239,41.189060,87.347824,-28.906542,-0.006170,-0.744240,0.090646,-0.661704,
3006,938911482,6.999796,6.376933,-1.187101,50.009567,98.901627,-55.119926,-0.007620,-0.735280,0.079677,-0.673020,
3007,938928149,5.781452,7.966194,-2.723299,-9.215007,50.582664,-103.223434,-0.019553,-0.731313,0.069387,-0.678221,
3008,938944816,7.107442,5.862851,-3.344867,-78.185974,11.349794,-144.230057,-0.042465,-0.731115,0.061618,-0.678137,
3009,938961483,11.309140,4.931211,-0.903316,-53.657986,1.171452,-145.735733,-0.062803,-0.731681,0.051296,-0.676806,
3010,938978150,15.743685,5.442906,-0.254530,-66.350700,-18.188738,-133.211472,-0.083086,-0.733575,0.043705,-0.673093,
3011,938994817,17.060375,2.322310,-1.551938,-117.753815,-19.452223,-130.498047,-0.108532,-0.734527,0.041425,-0.668561,
3012,939011484,15.506409,-1.010755,-1.306851,-89.235565,-9.441135,-136.093475,-0.131470,-0.734532,0.035589,-0.664765,
3013,939028151,14.942335,-0.900623,-1.865741,-0.110271,5.338284,-147.922607,-0.146035,-0.734487,0.019572,-0.662434,
3014,939044818,13.407093,0.839935,-1.687241,48.968708,13.199270,-148.260025,-0.155339,-0.734360,-0.001384,-0.660744,
3015,939061485,12.059216,1.895020,-0.561270,51.022896,5.229611,-138.122055,-0.163371,-0.734683,-0.021275,-0.658102,
3016,939078152,11.560858,1.527131,0.154128,34.763054,-14.033561,-130.559402,-0.172406,-0.736169,-0.038334,-0.653346,
3017,939094819,12.024513,0.866284,0.143273,23.920868,-27.602577,-126.301277,-0.182206,-0.738413,-0.053550,-0.647054,
3018,939111486,12.369226,0.370393,-0.032855,25.757116,-28.555258,-122.507561,-0.191391,-0.740556,-0.068487,-0.640512,
3019,939128153,11.894152,0.017671,-0.089381,23.754822,-30.534651,-119.176666,-0.200433,-0.742604,-0.082798,-0.633648,
3020,939144820,10.790400,-0.667322,0.266128,6.231210,-36.763603,-114.657173,-0.210960,-0.744529,-0.094796,-0.626248,
3021,939161487,9.946182,-0.879453,0.525121,-24.956486,-44.877522,-109.551208,-0.224441,-0.746071,-0.103121,-0.618361,
3022,939178154,8.899170,-1.205625,0.446883,-65.643661,-42.424858,-106.771744,-0.241971,-0.745847,-0.107528,-0.611228,
3023,939194821,7.552604,-1.712223,-0.122246,-80.485046,-43.018295,-100.779053,-0.260492,-0.744958,-0.109901,-0.604238,
3024,939211488,6.947196,-3.601788,-1.694806,-71.621292,-44.567772,-84.373650,-0.276542,-0.744540,-0.111176,-0.597347,
3025,939228155,6.194582,-5.033503,-1.985196,-39.861641,-41.991066,-60.947426,-0.287009,-0.745384,-0.112750,-0.591029,
3026,939244822,5.477743,-4.700332,-0.613897,-13.053645,-37.880516,-35.781982,-0.292306,-0.747327,-0.114059,-0.585704,
3027,939261489,4.928495,-3.975910,1.949111,-12.748127,-25.547722,-14.700270,-0.295554,-0.748552,-0.113619,-0.582587,
3028,939278156,5.769999,-1.397352,6.217601,-58.200241,-7.225246,17.416258,-0.300710,-0.746762,-0.106611,-0.583569,
3029,939294823,6.985762,2.091653,6.842759,-16.358658,35.810139,48.730106,-0.297971,-0.743573,-0.101626,-0.589902,
3030,939311490,6.210625,8.814736,1.289531,208.781586,58.233265,58.652370,-0.269536,-0.747936,-0.115794,-0.595427,
3031,939328157,7.480590,15.257176,-9.910484,359.299683,29.510561,63.964973,-0.224245,-0.759319,-0.141063,-0.594348,
3032,939344824,7.246089,13.403189,-17.259315,215.886551,-16.813263,24.830172,-0.198685,-0.767783,-0.156488,-0.588681,
3033,939361491,8.544515,12.942172,-14.092260,151.679321,-119.482224,-56.684307,-0.189426,-0.780622,-0.172410,-0.570107,
3034,939378158,16.432264,13.891145,-5.508336,122.175285,-121.773972,14.731734,-0.177515,-0.794058,-0.177590,-0.553554,
3035,939394825,22.143845,21.272886,19.851341,-273.478821,-10.681596,89.932655,-0.202157,-0.789332,-0.144898,-0.561330,
3036,939411492,11.664432,0.912302,8.729338,-141.387344,107.664612,-19.273508,-0.217821,-0.775552,-0.138822,-0.576022,
3037,939428159,13.414721,1.310217,2.385643,0.832647,140.153397,-75.877022,-0.221393,-0.761930,-0.151986,-0.589362,
3038,939444826,8.680122,-9.278535,-11.810631,-141.311401,72.744942,-5.075852,-0.236016,-0.750655,-0.142865,-0.600335,
3039,939461493,7.012083,-18.029747,-9.562722,46.687626,-5.716833,32.650505,-0.228372,-0.753243,-0.143301,-0.599946,
3040,939478160,4.601499,-14.170070,-9.741112,244.379425,15.173100,39.029377,-0.197920,-0.760200,-0.160877,-0.597530,
3041,939494827,11.142661,-1.500272,-7.024824,276.283356,-47.111847,110.562790,-0.158862,-0.773948,-0.171265,-0.588588,
3042,939511494,20.906857,13.978050,-2.263791,204.592804,-112.316124,161.237396,-0.124871,-0.791497,-0.168001,-0.574208,
3043,939528161,14.462405,20.315260,-1.099155,-47.057175,68.385376,85.340302,-0.121641,-0.786750,-0.155573,-0.584829,
3044,939544828,0.698084,8.026839,-7.890754,-295.918121,247.902451,37.161480,-0.146705,-0.759873,-0.130409,-0.619729,
3045,939561495,0.306139,-1.384792,-4.083309,-10.236720,-154.201904,72.932190,-0.144334,-0.774554,-0.118202,-0.604369,
3046,939578162,13.229475,2.051672,2.943688,-145.874176,-84.168259,99.432610,-0.153606,-0.780143,-0.092477,-0.599357,
3047,939594829,12.654852,-4.708301,-7.791601,-151.517685,-26.392183,112.694412,-0.161464,-0.780135,-0.065971,-0.600805,
3048,939611496,12.078867,-1.027120,-3.058184,-27.836145,6.307177,122.375504,-0.154036,-0.779842,-0.049903,-0.604673,
3049,939628163,6.525286,-0.043478,-0.190575,-84.860390,6.284657,118.673035,-0.153339,-0.777944,-0.029219,-0.608635,
3050,939644830,6.885636,-0.088444,-2.847026,-34.030548,-40.098843,114.860832,-0.147367,-0.780967,-0.012419,-0.606811,
3051,939661497,9.735170,1.732931,-0.146378,-42.017673,-42.646629,107.154648,-0.142937,-0.783779,0.004270,-0.604351,
3052,939678164,10.993396,1.454419,-1.423928,-47.524223,-21.199799,103.130157,-0.139461,-0.784363,0.020536,-0.604072,
3053,939694831,9.040837,1.045128,-1.463668,-40.989887,-4.893188,107.365082,-0.134877,-0.783418,0.036376,-0.605591,
3054,939711498,8.619419,1.478347,-1.516566,-20.677885,-17.380037,104.845276,-0.128099,-0.783782,0.050375,-0.605590,
3055,939728165,9.869771,2.519767,-1.611922,2.096378,-18.632618,98.497200,-0.119247,-0.784551,0.061658,-0.605358,
3056,939744832,9.604382,2.303522,-1.565680,15.028193,-9.102386,88.227478,-0.109886,-0.784651,0.070451,-0.606039,
3057,939761499,9.117047,2.236701,-2.381927,14.259407,-9.271948,79.108383,-0.101400,-0.784731,0.078265,-0.606457,
3058,939778166,9.995999,2.697323,-2.822339,4.836014,-17.956038,74.043976,-0.094325,-0.785396,0.086449,-0.605625,
3059,939794833,10.478991,3.178463,-2.202369,12.567094,-13.053150,77.536079,-0.086110,-0.785595,0.094272,-0.605423,
3060,939811500,10.552338,4.081065,-2.036417,27.349743,-5.901275,86.917564,-0.075467,-0.785103,0.101761,-0.606268,
3061,939828167,10.212434,3.878096,-2.208323,39.399971,4.917188,86.881493,-0.063599,-0.783650,0.108045,-0.608418,
3062,939844834,10.151748,3.456946,-2.920402,57.027004,19.544199,75.576866,-0.050943,-0.781095,0.111325,-0.612293,
3063,939861501,10.618684,4.108906,-3.655928,69.209869,31.674532,59.450382,-0.038527,-0.777660,0.111575,-0.617504,
3064,939878168,10.327143,5.293293,-2.829724,73.763145,45.412697,44.571556,-0.027150,-0.773107,0.109633,-0.624139,
3065,939894835,8.818889,6.438552,-1.638564,77.966232,59.022491,30.948633,-0.016751,-0.767390,0.105699,-0.632186,
3066,939911502,7.970327,7.292177,-1.099834,68.607643,65.377747,11.228834,-0.009307,-0.761211,0.100386,-0.640620,
3067,939928169,8.141502,7.338186,-1.213834,53.125401,69.413391,-13.874437,-0.005977,-0.754864,0.093711,-0.649125,
3068,939944836,9.663478,8.472775,-1.451353,47.240208,73.842125,-44.630409,-0.006259,-0.748371,0.084190,-0.657886,
3069,939961503,10.209713,9.391788,-3.038431,42.365089,82.897682,-76.759590,-0.010259,-0.741204,0.071606,-0.667371,
3070,939978170,6.108200,10.873463,-1.672861,-11.268217,75.623215,-104.542198,-0.022662,-0.734701,0.061216,-0.675243,
3071,939994837,5.204309,9.100598,-1.805671,-93.189865,32.943367,-138.208755,-0.046738,-0.732056,0.055382,-0.677379,
3072,940011504,7.855763,5.146851,0.050822,-88.065445,16.988380,-158.930695,-0.072151,-0.730692,0.046903,-0.677261,
3073,940028171,14.173314,5.020524,-0.197024,-82.870522,-17.474380,-169.726379,-0.097790,-0.732305,0.037093,-0.672897,
3074,940044838,21.592009,2.808399,-3.649725,-76.399864,-29.171288,-152.469589,-0.120921,-0.734540,0.028624,-0.667090,
3075,940061505,19.693306,-2.668763,-5.837500,-11.823001,19.026022,-121.704536,-0.134310,-0.732748,0.016315,-0.666914,
3076,940078172,14.578132,-3.367525,-3.612856,61.907818,47.064835,-136.220291,-0.141255,-0.729396,-0.005244,-0.669329,
3077,940094839,13.340965,0.674954,-2.367688,140.116180,15.938791,-147.923553,-0.140963,-0.730155,-0.035011,-0.667665,
3078,940111506,12.485058,4.050938,-2.568318,119.100700,-1.419307,-141.582016,-0.142260,-0.731612,-0.061679,-0.663853,
3079,940128173,12.072085,4.283559,-2.479320,71.231606,-34.547642,-128.438370,-0.147592,-0.734951,-0.081607,-0.656814,
3080,940144840,12.238844,3.383985,-1.499692,37.611645,-53.827007,-117.083115,-0.155597,-0.739225,-0.096659,-0.648068,
3081,940161507,12.591997,2.086130,-0.886457,9.876760,-67.831764,-111.852539,-0.166228,-0.743987,-0.108180,-0.638081,
3082,940178174,12.369438,1.135576,-0.308996,-23.068172,-67.746353,-111.503151,-0.180328,-0.747673,-0.116568,-0.628393,
3083,940194841,10.669909,-0.030314,-0.118979,-58.050747,-65.904625,-111.803268,-0.198153,-0.749965,-0.121791,-0.619237,
3084,940211508,9.167558,-0.379216,0.521160,-72.202721,-63.278172,-111.911980,-0.217394,-0.751271,-0.125770,-0.610338,
3085,940228175,8.357309,-0.324083,0.533132,-114.780472,-58.799229,-106.700409,-0.240624,-0.750528,-0.125474,-0.602547,
3086,940244842,7.431037,-1.249618,0.360996,-126.911812,-60.928989,-89.634087,-0.263577,-0.749409,-0.122101,-0.594983,
3087,940261509,6.497570,-2.123746,0.062143,-146.292389,-55.675739,-71.491669,-0.286813,-0.746952,-0.115199,-0.588667,
3088,940278176,5.647563,-4.125542,-1.378288,-137.338089,-54.597977,-50.779819,-0.307119,-0.744692,-0.106790,-0.582843,
3089,940294843,5.224605,-5.818448,-2.331541,-79.599014,-56.943401,-22.185690,-0.318669,-0.745381,-0.100033,-0.576932,
3090,940311510,4.990128,-4.496799,0.675717,-54.884476,-29.844717,4.281408,-0.324874,-0.745216,-0.093719,-0.574741,
3091,940328177,4.043738,-3.499381,4.217893,-66.642883,21.963221,15.450009,-0.330680,-0.740244,-0.087648,-0.578798,
3092,940344844,3.408295,-1.128346,6.291132,-39.759708,38.077221,27.831327,-0.332310,-0.735293,-0.083273,-0.584790,
3093,940361511,4.166121,5.919000,7.131864,43.567108,32.179218,42.210331,-0.323848,-0.734977,-0.084153,-0.589787,
3094,940378178,6.965228,13.620473,-0.448849,195.564362,13.861403,62.544308,-0.297464,-0.743276,-0.094993,-0.591635,
3095,940394845,10.893840,19.961395,-10.133129,209.137085,-1.675112,49.545433,-0.270674,-0.752630,-0.107648,-0.590504,
3096,940411512,8.295387,15.210393,-13.161899,73.982094,-78.497421,-70.001892,-0.269970,-0.760897,-0.118692,-0.577982,
3097,940428179,8.807762,8.709409,-7.637874,125.212807,-89.681770,-155.273132,-0.270776,-0.770129,-0.142958,-0.559593,
3098,940444846,9.355730,10.757831,-0.179407,134.425339,-37.920151,-63.617306,-0.261811,-0.776838,-0.159641,-0.549993,
3099,940461513,21.097445,14.382206,11.120090,-113.949829,-27.348806,84.490868,-0.268693,-0.776318,-0.140052,-0.552737,
3100,940478180,23.949184,4.504224,12.770336,-60.639511,143.340820,43.387737,-0.269252,-0.762931,-0.135989,-0.571791,
3101,940494847,9.061659,4.490849,-4.192015,89.724586,135.860886,-55.098438,-0.261304,-0.753647,-0.154980,-0.582852,
3102,940511514,11.760344,-3.954404,-7.174128,-139.566940,38.498512,-32.367500,-0.278610,-0.743998,-0.148258,-0.588951,
3103,940528181,10.838185,-15.421291,-9.221063,22.691223,32.437664,-20.758457,-0.277418,-0.741502,-0.153891,-0.591212,
3104,940544848,3.730851,-14.182500,-9.667627,233.318497,32.933044,12.939214,-0.250429,-0.747768,-0.173921,-0.589813,
3105,940561515,9.812625,-3.225260,-6.872307,324.623230,-17.537939,121.906639,-0.204981,-0.763060,-0.187768,-0.583494,
3106,940578182,14.576631,8.605948,-6.058308,298.175537,-11.919904,179.306763,-0.156922,-0.776719,-0.192692,-0.578751,
3107,940594849,17.535191,14.751861,-3.373331,134.882065,4.649612,122.036728,-0.131395,-0.782401,-0.190410,-0.578211,
3108,940611516,6.008976,14.736034,-1.571290,-69.902794,76.095070,45.920906,-0.133530,-0.775675,-0.180843,-0.589740,
3109,940628183,5.431734,5.041891,-3.724085,-120.845757,41.256504,23.649179,-0.144202,-0.770115,-0.168687,-0.598057,
3110,940644850,5.461751,0.645669,-3.164602,-78.099915,11.838148,49.624081,-0.148509,-0.768438,-0.156677,-0.602412,
3111,940661517,8.739168,-1.709808,-4.595784,-63.853207,-22.848425,86.642700,-0.148738,-0.770784,-0.140995,-0.603232,
3112,940678184,11.094803,-1.199403,-4.917858,-38.462341,-4.302869,105.485481,-0.144046,-0.772242,-0.125792,-0.605862,
3113,940694851,8.647184,0.939965,-4.505923,-38.208866,16.652218,112.691620,-0.138265,-0.771774,-0.110204,-0.610821,
3114,940711518,7.055494,2.474889,-3.489229,-54.158978,-13.948991,108.860756,-0.135061,-0.773407,-0.092979,-0.612335,
3115,940728185,7.587659,3.025760,-2.120447,-67.932968,-38.294769,103.336136,-0.134183,-0.776608,-0.074640,-0.610985,
3116,940744852,8.995271,2.464109,-1.001641,-76.454979,-48.299923,102.944038,-0.134362,-0.780240,-0.055366,-0.608363,
3117,940761519,10.891502,2.062866,0.121386,-71.536537,-34.777321,100.475380,-0.134043,-0.782466,-0.037051,-0.606965,
3118,940778186,10.432216,1.878200,0.063158,-74.172867,-8.280571,100.818825,-0.133805,-0.782040,-0.018968,-0.608399,
3119,940794853,9.052340,0.971180,-0.173874,-72.978256,-5.090258,106.089417,-0.132912,-0.781104,-0.000446,-0.610090,
3120,940811520,8.438747,-0.256136,-0.963554,-62.104774,-14.094537,108.794609,-0.130497,-0.780913,0.017592,-0.610603,
3121,940828187,9.252062,-0.417853,-1.515250,-52.620903,-15.476244,108.875824,-0.126953,-0.780773,0.034818,-0.610789,
3122,940844854,9.623919,0.159060,-1.836972,-32.776115,-13.389540,107.273048,-0.121270,-0.780599,0.050052,-0.611108,
3123,940861521,9.493561,2.335372,-1.892457,-11.209357,-11.851992,103.386002,-0.113466,-0.780506,0.062889,-0.611540,
3124,940878188,9.244455,3.878078,-2.393149,-5.215816,-15.182104,92.631592,-0.105885,-0.780747,0.074012,-0.611347,
3125,940894855,9.479331,4.650261,-2.202730,15.119797,-15.416637,90.559677,-0.096158,-0.781204,0.083083,-0.611204,
3126,940911522,9.220209,5.436485,-2.561504,28.255077,-9.337328,98.093323,-0.084326,-0.781061,0.091739,-0.611895,
3127,940928189,8.871723,5.344432,-4.385961,31.810287,-5.919115,98.595459,-0.072075,-0.780481,0.100073,-0.612895,
3128,940944856,10.678034,4.617904,-3.174668,39.418087,6.581766,91.484138,-0.059763,-0.778804,0.106767,-0.615218,
3129,940961523,11.627412,5.366874,-1.910227,36.674427,22.912685,79.320381,-0.049095,-0.775686,0.112166,-0.619128,
3130,940978190,9.678190,6.549350,-1.604815,38.844685,33.131565,63.475079,-0.039771,-0.771803,0.115491,-0.624018,
3131,940994857,8.147646,6.045421,-2.700713,18.589787,32.962410,40.201935,-0.034828,-0.768133,0.118029,-0.628353,
3132,941011524,10.497530,5.010564,-4.277212,-0.324694,30.257177,23.809221,-0.033452,-0.764860,0.120470,-0.631947,
3133,941028191,12.658121,6.543429,-3.570486,0.300176,36.488945,15.747486,-0.032859,-0.761134,0.121922,-0.636184,
3134,941044858,12.268480,8.014636,-2.478831,-11.804456,47.380981,-3.965469,-0.035624,-0.756659,0.122253,-0.641290,
3135,941061525,8.633721,8.025144,-0.165474,-7.332013,69.509750,-28.857731,-0.040614,-0.750518,0.119298,-0.648723,
3136,941078192,4.959957,8.264468,-0.108870,11.388319,77.556099,-57.875957,-0.046433,-0.744106,0.111339,-0.657079,
3137,941094859,5.593349,9.138887,-2.630064,-50.572559,42.194107,-109.299492,-0.063290,-0.741279,0.103941,-0.660073,
3138,941111526,8.026407,6.227641,-4.413468,-108.391930,17.332729,-155.261871,-0.090384,-0.740580,0.097306,-0.658713,
3139,941128193,11.700072,5.524719,-1.705506,-74.102318,-7.751894,-164.362595,-0.114237,-0.742316,0.086663,-0.654527,
3140,941144860,21.644547,5.049426,-0.287084,-68.493904,-33.386917,-153.633514,-0.136065,-0.745954,0.077008,-0.647385,
3141,941161527,23.088345,-1.294292,-1.811090,-18.617256,14.419813,-129.115295,-0.150643,-0.745427,0.064330,-0.646147,
3142,941178194,13.852487,-4.140716,-0.781342,28.205225,64.891167,-126.490761,-0.160305,-0.740848,0.046407,-0.650609,
3143,941194861,10.995379,-1.702093,-2.370218,97.350151,33.474926,-138.579346,-0.163359,-0.740530,0.021349,-0.651515,
3144,941211528,11.912102,3.856927,-2.082880,144.998291,14.256145,-142.951523,-0.161509,-0.742616,-0.008253,-0.649899,
3145,941228195,12.179395,6.102664,-1.555733,78.239716,0.820967,-139.298904,-0.166424,-0.743876,-0.030830,-0.646529,
3146,941244862,12.230961,3.551508,-1.227692,29.444269,-20.118675,-133.844894,-0.176121,-0.745592,-0.047709,-0.640934,
3147,941261529,12.597208,0.441879,-1.191434,-4.230624,-36.034401,-134.693253,-0.189584,-0.747613,-0.061113,-0.633559,
3148,941278196,11.471828,-1.721780,-0.816530,-31.137299,-35.964119,-134.983871,-0.205916,-0.748562,-0.072044,-0.626150,
3149,941294863,9.701305,-2.247752,-0.248535,-39.706020,-38.941864,-131.506104,-0.222802,-0.749231,-0.081692,-0.618335,
3150,941311530,8.899582,-1.340806,0.602589,-51.517342,-45.682785,-119.939957,-0.239918,-0.749941,-0.088764,-0.610039,
3151,941328197,7.836881,-1.286226,0.528381,-111.163574,-42.181122,-106.324821,-0.262168,-0.748076,-0.089137,-0.603079,
3152,941344864,7.225097,-1.560159,-0.539315,-107.973808,-48.532345,-93.057541,-0.282854,-0.746673,-0.088057,-0.595583,
3153,941361531,6.745061,-2.541241,-1.785573,-104.566360,-40.652882,-81.996529,-0.301981,-0.744533,-0.086353,-0.589085,
3154,941378198,6.840808,-5.010031,-3.956912,-70.044670,-47.924084,-63.069584,-0.315738,-0.744525,-0.085208,-0.582005,
3155,941394865,6.164603,-8.072748,-5.177027,25.201864,-61.875202,-39.843800,-0.317327,-0.750225,-0.088952,-0.573194,
3156,941411532,5.978615,-10.044145,-2.401144,61.764786,-65.059555,-17.050556,-0.313016,-0.758063,-0.093095,-0.564530,
3157,941428199,8.263123,-5.238430,4.629137,-17.546841,-14.402493,31.632994,-0.312729,-0.758715,-0.087651,-0.564685,
3158,941444866,6.496341,1.460134,8.357700,-65.872826,73.007828,61.322266,-0.314171,-0.750246,-0.078922,-0.576367,
3159,941461533,2.689079,5.715858,7.221804,69.544235,55.488247,75.292953,-0.299777,-0.749377,-0.079196,-0.585059,
3160,941478200,5.403049,10.808155,-0.822909,277.696381,50.898476,99.419121,-0.260386,-0.757436,-0.094263,-0.591273,
3161,941494867,11.189106,15.205091,-9.887365,265.153595,3.629523,123.192764,-0.220504,-0.768017,-0.103673,-0.592266,
3162,941511534,12.067966,18.315781,-18.447510,116.570938,-76.903000,9.218807,-0.208001,-0.778211,-0.110324,-0.582195,
3163,941528201,8.492600,19.165014,-13.566794,203.969315,-102.902832,-100.415718,-0.195131,-0.790825,-0.135901,-0.563959,
3164,941544868,11.169935,17.374107,2.414336,41.319180,-65.957481,-14.902607,-0.193087,-0.796918,-0.139261,-0.555198,
3165,941561535,22.020063,5.194406,5.986366,-316.570160,-33.437729,139.244080,-0.219154,-0.792385,-0.096599,-0.561039,
3166,941578202,19.079653,-1.981403,3.487408,-319.466400,76.097565,107.495224,-0.246047,-0.776360,-0.060602,-0.577107,
3167,941594869,13.469028,-2.720159,16.089746,-214.361938,77.334015,-79.598763,-0.276302,-0.760868,-0.054466,-0.584611,
3168,941611536,14.077341,2.432825,-7.402009,476.936768,194.345612,-86.624168,-0.228805,-0.760474,-0.112341,-0.597249,
3169,941628203,-3.162110,-7.145852,-19.676706,-153.318878,63.293320,-44.775505,-0.248744,-0.748739,-0.106172,-0.605180,
3170,941644870,9.300282,-22.917673,-2.424284,96.433060,-149.144150,-42.953094,-0.244437,-0.764272,-0.114029,-0.585777,
3171,941661537,13.265437,-17.278957,-8.377947,406.825714,45.155178,62.668442,-0.192898,-0.774387,-0.143231,-0.585320,
3172,941678204,14.321292,10.678960,-9.621137,342.411011,-58.048725,239.148727,-0.135027,-0.792309,-0.143661,-0.577387,
3173,941694871,19.136047,26.225098,0.003731,215.902496,-123.808815,212.421112,-0.094927,-0.810347,-0.134835,-0.562268,
3174,941711538,9.417275,18.139711,-1.128577,-432.026123,390.326019,-16.174639,-0.139299,-0.769132,-0.106457,-0.614572,
3175,941728205,-5.060624,-7.457046,-13.438640,-159.827408,11.771220,17.246588,-0.155610,-0.764748,-0.090559,-0.618663,
3176,941744872,10.989063,1.394272,7.027392,51.725803,-177.595276,81.791473,-0.144967,-0.782508,-0.082167,-0.599929,
3177,941761539,13.102237,-5.650653,-5.373498,-179.256516,24.118097,88.711823,-0.157470,-0.777209,-0.057017,-0.606545,
3178,941778206,11.277125,-1.872460,-5.379076,49.083897,17.047773,108.054749,-0.142421,-0.777476,-0.049623,-0.610561,
3179,941794873,5.882130,1.688231,0.498793,-46.934521,30.556238,98.887497,-0.138902,-0.774268,-0.035004,-0.616433,
3180,941811540,6.612329,0.204627,-3.770081,-14.616941,-27.753654,88.266472,-0.132963,-0.776712,-0.023292,-0.615221,
3181,941828207,9.804327,1.700717,-0.889315,-15.383336,-33.104816,79.403221,-0.127897,-0.779460,-0.012405,-0.613132,
3182,941844874,10.839003,0.829306,-2.726146,-34.669945,-12.597875,80.279083,-0.124883,-0.779898,-0.000079,-0.613321,
3183,941861541,9.074574,2.342659,-0.700809,-37.198788,9.101404,90.221367,-0.121246,-0.778215,0.013208,-0.616041,
3184,941878208,6.811275,3.678358,-0.794625,-47.253662,-8.989614,95.776825,-0.118188,-0.777793,0.028339,-0.616657,
3185,941894875,7.276185,4.794425,-1.291867,-46.577305,-20.520569,91.248077,-0.115386,-0.778255,0.043089,-0.615750,
3186,941911542,8.096601,3.629835,-1.579803,-36.680031,-23.219889,84.536064,-0.112025,-0.779006,0.056228,-0.614359,
3187,941928209,8.538939,2.055024,-1.999702,-39.843292,-23.723263,79.425835,-0.109456,-0.779653,0.069067,-0.612691,
3188,941944876,9.826260,1.097573,-3.203584,-41.356308,-25.847517,74.115982,-0.107492,-0.780386,0.081461,-0.610579,
3189,941961543,10.776733,1.125437,-3.223487,-15.763995,-20.785843,71.875687,-0.102868,-0.780987,0.091238,-0.609223,
3190,941978210,10.326415,1.854057,-3.034788,12.675555,-11.266465,70.239296,-0.095273,-0.781105,0.098156,-0.609232,
3191,941994877,10.262633,3.011518,-3.269263,36.826111,-7.785831,76.051956,-0.084458,-0.781067,0.103534,-0.609984,
3192,942011544,11.029288,4.361897,-4.091610,59.296337,1.247989,78.758690,-0.070973,-0.780329,0.107095,-0.612029,
3193,942028211,10.987434,4.677720,-3.810583,62.972385,17.020226,67.542854,-0.058303,-0.778251,0.108872,-0.615688,
3194,942044878,10.986232,5.568026,-2.675979,61.516270,28.877043,54.096298,-0.047182,-0.775181,0.109139,-0.620448,
3195,942061545,9.582299,6.789919,-1.823279,42.062336,35.952888,40.213467,-0.039616,-0.771462,0.109530,-0.625523,
3196,942078212,8.666553,6.625201,-1.518910,13.928712,31.956858,22.735706,-0.036734,-0.768172,0.110534,-0.629559,
3197,942094879,10.247497,5.236860,-2.421076,-8.247662,28.545015,6.056751,-0.037804,-0.765321,0.111719,-0.632750,
3198,942111546,11.869095,5.176068,-2.009210,-1.665629,39.796284,-6.720362,-0.039502,-0.761658,0.110809,-0.637211,
3199,942128213,13.331122,6.165412,-1.492894,11.057990,56.782101,-28.786943,-0.042109,-0.756799,0.106168,-0.643591,
3200,942144880,10.587038,6.346507,0.339567,30.114807,92.822876,-48.414482,-0.045007,-0.748855,0.097343,-0.653999,
3201,942161547,5.489173,7.619090,0.241765,42.992592,97.534767,-65.468361,-0.048182,-0.740564,0.085372,-0.664796,
3202,942178214,5.469895,8.734108,-2.421324,-45.282001,52.977779,-112.804001,-0.064873,-0.736284,0.077118,-0.669126,
3203,942194881,7.501397,5.825961,-3.330196,-54.164070,35.061695,-163.288925,-0.087195,-0.733843,0.064448,-0.670609,
3204,942211548,11.304391,6.285462,-0.620304,-32.642761,-2.040622,-168.312286,-0.107308,-0.734865,0.049570,-0.667833,
3205,942228215,20.295792,5.140935,-0.124991,-45.145912,-29.256327,-149.486267,-0.126672,-0.737765,0.038312,-0.661958,
3206,942244882,22.449322,0.149917,-2.419284,-12.579651,14.584015,-124.574440,-0.140332,-0.736577,0.025764,-0.661133,
3207,942261549,14.161489,-3.477663,-1.574226,24.798559,77.017525,-124.427673,-0.150149,-0.729845,0.008356,-0.666867,
3208,942278216,10.039948,-1.434121,-1.750790,80.370277,35.102322,-134.557556,-0.154918,-0.728028,-0.014606,-0.667654,
3209,942294883,10.026668,2.791127,-2.141080,119.881721,7.018391,-139.465683,-0.155939,-0.729355,-0.041279,-0.664846,
3210,942311550,10.099682,4.355882,-2.272364,73.821777,-7.804651,-136.951981,-0.161594,-0.730633,-0.062870,-0.660386,
3211,942328217,10.354031,2.540180,-1.536961,38.147034,-27.227964,-129.402634,-0.170418,-0.732670,-0.079749,-0.654058,
3212,942344884,11.289998,0.334475,-0.990829,15.306710,-45.236931,-120.596077,-0.180981,-0.735675,-0.093038,-0.646043,
3213,942361551,10.858110,-1.779080,-0.837159,-1.751723,-43.486465,-116.785980,-0.192923,-0.737862,-0.104330,-0.638322,
3214,942378218,9.442975,-2.816170,-1.204924,7.262499,-52.051521,-108.110321,-0.203157,-0.740992,-0.115251,-0.629583,
3215,942394885,8.738419,-1.189051,-0.019912,0.218236,-43.775703,-100.413887,-0.213247,-0.743074,-0.124908,-0.621903,
3216,942411552,8.047103,-0.058883,0.319574,-42.174809,-50.742142,-93.957092,-0.227401,-0.744388,-0.129782,-0.614273,
3217,942428219,7.623895,-0.015424,-0.232031,-66.647705,-62.706921,-85.274063,-0.243583,-0.745893,-0.131092,-0.605908,
3218,942444886,7.157539,-0.544404,-0.892763,-66.923988,-59.900097,-72.792267,-0.258564,-0.747148,-0.131081,-0.598108,
3219,942461553,6.468109,-1.747020,-1.697714,-65.214287,-51.120110,-57.265888,-0.271774,-0.747810,-0.129827,-0.591662,
3220,942478220,6.642485,-4.227719,-2.944120,-35.757465,-46.244446,-33.091316,-0.279564,-0.749556,-0.128650,-0.586053,
3221,942494887,6.590952,-5.339540,-2.138329,0.713888,-40.965012,-3.747916,-0.280756,-0.752837,-0.127588,-0.581493,
3222,942511554,6.165328,-5.397094,1.285265,-15.648071,-30.443123,18.990705,-0.281609,-0.754958,-0.123075,-0.579299,
3223,942528221,6.611699,-1.837334,6.022488,-57.054813,-17.651926,54.921322,-0.283725,-0.754885,-0.111639,-0.580676,
3224,942544888,6.728926,3.981661,7.514137,-25.721895,16.686209,86.488388,-0.279133,-0.753598,-0.100782,-0.586529,
3225,942561555,8.678349,10.470928,-0.300040,197.501007,24.429752,109.283531,-0.247848,-0.760571,-0.106719,-0.590520,
3226,942578222,11.561291,18.995211,-6.057312,267.846558,53.379940,101.184059,-0.208680,-0.766378,-0.120483,-0.595484,
3227,942594889,7.458591,19.591667,-14.300854,142.969070,-17.768246,10.647808,-0.192283,-0.772122,-0.131237,-0.591296,
3228,942611556,6.931713,18.258755,-12.497545,8.364403,-132.360413,-54.887871,-0.198745,-0.782373,-0.134517,-0.574715,
3229,942628223,16.630903,14.483729,-1.126284,-88.328186,-123.719986,-8.843341,-0.212105,-0.789649,-0.124667,-0.562070,
3230,942644890,21.330261,7.030405,7.060261,-290.458435,-35.252735,75.723587,-0.239900,-0.784034,-0.091169,-0.565178,
3231,942661557,13.280822,1.031127,6.849050,-270.052490,57.267521,19.914557,-0.268302,-0.769384,-0.068773,-0.575614,
3232,942678224,20.216457,-11.325850,8.026680,31.961153,82.476135,-77.667656,-0.270571,-0.762683,-0.083490,-0.581493,
3233,942694891,11.235183,-4.020811,-11.878560,267.685730,263.756714,-25.401676,-0.239633,-0.749303,-0.119319,-0.605709,
3234,942711558,-3.722200,-15.373886,-15.036267,-38.254631,97.755157,19.914080,-0.240515,-0.739448,-0.117294,-0.617746,
3235,942728225,2.775010,-14.922457,-7.031611,364.310242,-237.034393,32.232002,-0.202215,-0.772383,-0.138137,-0.586047,
3236,942744892,18.481256,2.633441,-2.058443,219.055908,-89.047974,146.095337,-0.166963,-0.788572,-0.137786,-0.575579,
3237,942761559,27.771042,18.754160,-2.759677,232.879105,-259.690857,232.226822,-0.125906,-0.819006,-0.124210,-0.545847,
3238,942778226,14.182532,20.166475,-7.311917,-310.345245,493.809906,24.794062,-0.151674,-0.771520,-0.105352,-0.608813,
3239,942794893,-15.067286,-1.270472,-4.599384,-176.616104,139.809799,46.672932,-0.165323,-0.755380,-0.087611,-0.628008,
3240,942811560,9.642137,0.042426,1.114474,5.772382,-288.080688,68.128288,-0.162185,-0.781854,-0.073757,-0.597461,
3241,942828227,12.899067,-3.998832,-2.548873,-188.292557,22.662489,78.482132,-0.176656,-0.775799,-0.049090,-0.603753,
3242,942844894,13.651748,-4.632316,-6.258796,2.818804,-44.957954,106.320808,-0.167497,-0.780338,-0.036292,-0.601415,
3243,942861561,9.030385,0.247593,-0.209603,-16.926847,36.989872,114.897171,-0.159343,-0.777047,-0.022777,-0.608514,
3244,942878228,5.578850,1.470414,-1.647117,0.516187,-5.967383,106.426697,-0.150065,-0.777722,-0.010761,-0.610339,
3245,942894895,7.498343,3.319328,-0.555792,-23.519154,-30.682976,93.286530,-0.144678,-0.779872,0.002444,-0.608983,
3246,942911562,9.660730,2.173265,-1.597093,-42.590694,-32.019283,81.421593,-0.142476,-0.781587,0.016020,-0.607096,
3247,942928229,9.720411,1.166265,-1.514279,-50.458630,-11.757069,86.039146,-0.140779,-0.781179,0.030392,-0.607467,
3248,942944896,7.955336,1.464574,-1.730591,-46.926437,-3.020029,97.512604,-0.137673,-0.779845,0.045570,-0.608943,
3249,942961563,7.594961,3.062173,-1.748326,-35.206383,-20.352715,101.765717,-0.132713,-0.780060,0.060528,-0.608465,
3250,942978230,8.110323,4.074637,-1.694178,-25.281641,-26.239586,105.040466,-0.126253,-0.780762,0.075077,-0.607316,
3251,942994897,7.956961,4.155386,-2.189846,-32.349014,-25.531185,97.756607,-0.121216,-0.781162,0.089391,-0.605889,
3252,943011564,8.631885,3.478447,-2.815614,-53.319443,-29.325212,79.557442,-0.120091,-0.781591,0.103531,-0.603303,
3253,943028231,9.567112,2.081304,-2.931978,-40.337082,-27.620338,66.825737,-0.118613,-0.782153,0.115036,-0.600777,
3254,943044898,10.363612,1.014206,-3.260802,-8.737290,-19.438877,59.971870,-0.114264,-0.782573,0.122847,-0.599525,
3255,943061565,10.517296,1.137430,-3.522875,37.308575,-6.205484,62.717842,-0.104661,-0.782481,0.126724,-0.600591,
3256,943078232,10.514752,2.397365,-3.691175,73.468491,1.817572,66.332260,-0.090758,-0.782052,0.127710,-0.603198,
3257,943094899,11.183184,3.722665,-3.953888,87.620773,7.161557,57.304535,-0.076120,-0.781340,0.126331,-0.606427,
3258,943111566,11.404085,4.133972,-3.216408,90.984299,21.607801,46.453613,-0.062305,-0.779414,0.123231,-0.611101,
3259,943128233,10.477185,5.097373,-1.644734,87.510864,38.104733,41.701687,-0.049590,-0.775900,0.119723,-0.617402,
3260,943144900,9.941414,5.656591,-1.670974,51.880985,37.093296,30.889200,-0.041844,-0.772280,0.118181,-0.622788,
3261,943161567,11.137332,5.410482,-2.880584,20.904818,32.106556,19.256718,-0.038545,-0.769068,0.118158,-0.626967,
3262,943178234,13.925849,6.493956,-3.931676,7.508348,31.012512,11.016623,-0.037478,-0.765997,0.118437,-0.630726,
3263,943194901,13.643479,6.705937,-3.545058,-1.167117,49.178047,-3.837557,-0.039056,-0.761440,0.117750,-0.636254,
3264,943211568,8.786330,7.295582,-0.182561,9.517929,69.574409,-24.677959,-0.041728,-0.755346,0.113638,-0.644048,
3265,943228235,5.699735,8.165569,1.662522,17.582928,87.010094,-56.437199,-0.046772,-0.748055,0.105153,-0.653581,
3266,943244902,5.686433,8.071786,-0.305401,-31.185350,69.674988,-104.520988,-0.061417,-0.742589,0.096155,-0.659957,
3267,943261569,7.456374,6.146944,-3.905583,-105.976364,35.354244,-148.978577,-0.087894,-0.739956,0.089785,-0.660816,
3268,943278236,9.697946,4.987925,-2.706067,-58.737198,7.326485,-164.025116,-0.110309,-0.740298,0.077550,-0.658617,
3269,943294903,16.513586,4.048874,0.569322,-39.189789,-3.256220,-151.729935,-0.129258,-0.741389,0.064888,-0.655304,
3270,943311570,20.027063,-0.386232,-0.149062,9.353523,0.976350,-136.465729,-0.141499,-0.742498,0.049135,-0.652886,
3271,943328237,16.510168,-3.946195,-0.593325,41.535366,54.272354,-124.795197,-0.149477,-0.738811,0.030469,-0.656419,
3272,943344904,12.377605,-2.192682,-1.024873,99.660477,58.811325,-132.337524,-0.151863,-0.735582,0.005330,-0.660172,
3273,943361571,11.075182,3.519758,-1.448516,162.064209,43.611221,-142.636856,-0.148422,-0.734576,-0.026566,-0.661561,
3274,943378238,10.363808,6.045212,-2.210556,114.007347,18.145046,-145.009720,-0.150308,-0.734326,-0.053521,-0.659778,
3275,943394905,10.634676,4.391346,-1.689290,53.461933,-7.397788,-140.578812,-0.158344,-0.734791,-0.073605,-0.655432,
3276,943411572,12.162262,1.675921,-1.761512,21.589291,-34.719482,-140.210785,-0.169969,-0.736783,-0.089948,-0.648205,
3277,943428239,12.372361,-0.411041,-1.547093,13.032633,-41.141243,-143.075882,-0.182783,-0.738786,-0.105588,-0.640028,
3278,943444906,10.964492,-1.562968,-1.894417,14.622787,-41.082039,-140.642761,-0.195111,-0.740515,-0.121065,-0.631595,
3279,943461573,9.920572,-1.372814,-0.701695,3.405499,-34.758053,-134.725128,-0.207903,-0.741123,-0.134999,-0.623929,
3280,943478240,8.273857,-1.755099,-0.047617,-22.124393,-46.735825,-121.468880,-0.222395,-0.742013,-0.144770,-0.615629,
3281,943494907,7.854637,-2.158392,-0.110547,-37.276917,-55.752163,-105.190437,-0.237173,-0.743299,-0.151083,-0.606984,
3282,943511574,7.214734,-4.023018,-1.487931,-41.044281,-48.826618,-85.955124,-0.250437,-0.744050,-0.155178,-0.599658,
3283,943528241,5.810439,-5.348542,-1.742219,-33.150723,-48.736401,-62.111732,-0.260711,-0.745469,-0.157351,-0.592912,
3284,943544908,4.388723,-4.415117,0.200817,-37.779011,-45.701439,-39.435078,-0.269425,-0.746872,-0.156758,-0.587383,
3285,943561575,4.217855,-3.322700,3.157556,-75.114540,-37.598255,-5.713606,-0.279091,-0.746791,-0.149608,-0.584831,
3286,943578242,4.602322,-1.576287,4.184272,-55.968380,7.033621,28.210188,-0.282787,-0.744341,-0.142195,-0.588021,
3287,943594909,2.826058,2.048527,4.921595,69.921349,41.341026,48.881489,-0.270337,-0.744459,-0.144700,-0.593094,
3288,943611576,2.871287,6.915607,4.595266,169.739273,33.124748,61.736618,-0.246026,-0.749147,-0.154035,-0.595419,
3289,943628243,9.839358,13.023913,-7.809995,280.363007,-7.660950,108.958801,-0.206178,-0.761402,-0.166143,-0.591738,
3290,943644910,13.639671,18.285845,-21.005285,215.439880,-8.758997,108.508888,-0.173259,-0.770610,-0.172427,-0.588566,
3291,943661577,6.038590,17.348408,-16.228924,114.587891,-127.393341,-72.675507,-0.169956,-0.782143,-0.187230,-0.569483,
3292,943678244,9.992112,13.203870,1.746549,22.741552,-90.480560,-83.656853,-0.176918,-0.787639,-0.196493,-0.556520,
3293,943694911,17.171358,11.356014,9.901630,-293.837006,-60.116436,99.421600,-0.204240,-0.786798,-0.159713,-0.560112,
3294,943711578,29.462751,0.967592,8.815556,-357.708282,20.676853,175.435120,-0.230239,-0.777086,-0.111006,-0.575156,
3295,943728245,13.399397,1.906187,8.132673,101.790100,183.956879,-29.467606,-0.218322,-0.764103,-0.129091,-0.593142,
3296,943744912,9.244176,11.139874,-8.121711,258.455078,157.354523,-98.645683,-0.195128,-0.755900,-0.167322,-0.602115,
3297,943761579,0.217533,-2.128561,-10.192428,-250.725967,18.865334,-95.042763,-0.230594,-0.744069,-0.156344,-0.607243,
3298,943778246,13.407117,-30.079271,-5.122900,-52.843712,-51.087872,-94.996368,-0.246023,-0.744363,-0.160344,-0.599738,
3299,943794913,7.150580,-25.166271,-13.151567,429.035187,44.450409,18.045116,-0.196691,-0.754622,-0.197187,-0.594118,
3300,943811580,11.429646,2.733174,-8.184355,477.531982,-12.504467,155.039764,-0.130936,-0.771627,-0.220641,-0.582035,
3301,943828247,17.394592,25.439964,-3.067183,354.404297,-5.688647,269.228241,-0.068476,-0.785722,-0.219963,-0.574080,
3302,943844914,16.409864,27.763344,2.537168,-76.293228,-17.853321,92.576988,-0.070186,-0.789141,-0.202902,-0.575466,
3303,943861581,5.697286,4.495628,-11.216540,-425.970886,320.006531,-47.500359,-0.113526,-0.754085,-0.175481,-0.622635,
3304,943878248,-0.687186,-3.221288,-2.697384,71.084084,-98.320213,22.998846,-0.106323,-0.764471,-0.177844,-0.610450,
3305,943894915,12.403228,1.286280,0.412338,-172.885239,-36.570946,85.310768,-0.119053,-0.766785,-0.152475,-0.612060,
3306,943911582,11.490488,-7.103096,-8.569701,-63.224789,3.997828,118.716980,-0.115610,-0.767670,-0.133751,-0.615977,
3307,943928249,12.204078,-0.066976,-1.808854,-11.004443,26.249372,123.663719,-0.105414,-0.767264,-0.119476,-0.621224,
3308,943944916,6.750961,-0.475433,-3.742979,-34.757828,27.066711,104.577187,-0.099545,-0.765856,-0.105160,-0.626495,
3309,943961583,6.558442,0.698761,-1.924314,-16.689684,-9.004544,94.959999,-0.093068,-0.767674,-0.093014,-0.627186,
3310,943978250,9.187955,1.106804,-0.708924,-29.440437,-26.796442,96.344635,-0.088109,-0.770801,-0.079290,-0.625951,
3311,943994917,13.135348,3.139297,-0.324918,-26.158590,-17.345827,96.194450,-0.082667,-0.772940,-0.065985,-0.625599,
3312,944011584,10.568254,3.686201,-0.335571,-40.581253,39.847237,92.962616,-0.078573,-0.769493,-0.052403,-0.631633,
3313,944028251,6.781632,3.409634,-0.581084,-41.957317,24.837246,97.365685,-0.074324,-0.767250,-0.038018,-0.635891,
3314,944044918,6.177226,1.612090,-0.908529,-58.250114,5.963523,92.691956,-0.072412,-0.766359,-0.022435,-0.637924,
3315,944061585,8.306787,-0.591545,-1.857542,-47.582260,-15.721128,83.930695,-0.070179,-0.767391,-0.008586,-0.637269,
3316,944078252,10.886864,-0.422430,-2.036148,-32.647209,-15.678624,86.956413,-0.065984,-0.768430,0.004220,-0.636509,
3317,944094919,11.000483,1.713028,-2.479577,-17.597454,0.951587,93.293404,-0.059518,-0.767928,0.016181,-0.637560,
3318,944111586,10.208449,4.352327,-2.050723,-6.148460,5.321432,94.711487,-0.051642,-0.766974,0.027196,-0.639018,
3319,944128253,9.352405,5.497384,-2.142567,15.938889,11.451066,92.968193,-0.041479,-0.765480,0.035912,-0.641116,
3320,944144920,8.814329,5.814003,-2.303225,28.637756,19.735695,83.169746,-0.030854,-0.763206,0.042295,-0.644030,
3321,944161587,9.236183,5.216804,-1.858260,37.083519,26.510321,67.380463,-0.020811,-0.760318,0.046098,-0.647579,
3322,944178254,9.280938,5.302909,-1.977675,39.681679,28.192663,46.898312,-0.012422,-0.757329,0.047378,-0.651194,
3323,944194921,8.972227,5.849203,-1.883895,36.412693,36.688210,32.871613,-0.005781,-0.753561,0.047403,-0.655641,
3324,944211588,9.525225,5.795898,-2.467093,33.139862,42.733295,23.520590,-0.000433,-0.749221,0.046703,-0.660671,
3325,944228255,10.689198,6.034399,-2.957003,35.772903,53.888950,12.881752,0.004100,-0.743821,0.044585,-0.666878,
3326,944244922,12.749302,7.934545,-3.946711,32.659279,58.898544,-10.573441,0.005986,-0.738017,0.040228,-0.673555,
3327,944261589,12.113174,8.095465,-2.480736,-3.013707,66.896889,-41.777767,0.000935,-0.731556,0.036016,-0.680828,
3328,944278256,8.123210,7.591133,0.538570,-7.693252,76.298744,-57.345383,-0.006208,-0.724123,0.030603,-0.688963,
3329,944294923,4.914891,8.033487,-2.642994,-26.351055,52.697491,-74.418541,-0.016924,-0.718969,0.025275,-0.694376,
3330,944311590,3.262750,7.408349,-3.679222,-57.793201,13.141706,-103.390762,-0.033707,-0.717656,0.020180,-0.695288,
3331,944328257,9.353090,6.753775,-1.357504,-19.470165,-31.418125,-137.362946,-0.049787,-0.720870,0.007875,-0.691234,
3332,944344924,20.400116,7.935252,-0.440404,-7.217889,-38.098690,-163.331284,-0.067157,-0.724499,-0.008345,-0.685945,
3333,944361591,23.910463,2.425556,-2.574803,-22.534929,-4.197566,-116.590279,-0.081412,-0.724322,-0.018439,-0.684390,
3334,944378258,17.416203,-3.600885,-1.578622,0.655793,68.660706,-107.028542,-0.092048,-0.716954,-0.030691,-0.690334,
3335,944394925,11.596437,-3.145913,-0.487018,14.040051,36.418365,-124.302994,-0.103131,-0.712667,-0.045645,-0.692377,
3336,944411592,12.523167,-0.507378,-1.104244,78.346741,0.108830,-123.764206,-0.107690,-0.712710,-0.066452,-0.689950,
3337,944428259,11.983505,-0.192823,-1.221822,98.118095,0.323330,-119.572670,-0.109723,-0.712737,-0.088779,-0.687084,
3338,944444926,10.673388,-1.086405,-1.097017,103.741898,-23.499538,-116.595985,-0.111124,-0.714902,-0.110931,-0.681367,
3339,944461593,10.064379,-0.941008,-0.975160,107.027252,-43.988358,-114.121811,-0.112206,-0.718801,-0.132759,-0.673133,
3340,944478260,9.343485,0.383242,-0.983729,113.482132,-55.416351,-108.955521,-0.112261,-0.723612,-0.154415,-0.663278,
3341,944494927,8.593832,1.705064,-0.888693,108.195580,-67.549019,-101.018806,-0.112314,-0.729270,-0.174437,-0.652013,
3342,944511594,7.812093,2.940961,-0.319509,82.704880,-75.561371,-88.657021,-0.114045,-0.735225,-0.190514,-0.640423,
3343,944528261,6.868867,4.469859,0.656619,24.926497,-88.946465,-72.259094,-0.120756,-0.741656,-0.199165,-0.629044,
3344,944544928,6.439780,4.825723,1.035325,-57.373856,-95.516174,-58.877945,-0.135273,-0.747397,-0.198665,-0.619379,
3345,944561595,6.173234,3.427489,0.030116,-121.192924,-89.168953,-51.514751,-0.155822,-0.751195,-0.191654,-0.612123,
3346,944578262,6.281688,0.738883,-1.940895,-141.671097,-86.582329,-40.063828,-0.177426,-0.754181,-0.181517,-0.605626,
3347,944594929,6.371228,-1.691381,-2.494248,-144.762344,-78.928871,-20.919647,-0.197373,-0.756463,-0.169095,-0.600178,
3348,944611596,5.326687,-4.315149,-2.595481,-149.172333,-73.131020,-8.892393,-0.216495,-0.757965,-0.155030,-0.595470,
3349,944628263,4.666066,-6.486606,-2.384568,-118.856918,-77.055214,2.125947,-0.231298,-0.760626,-0.142173,-0.589691,
3350,944644930,5.353981,-9.238942,-1.959143,-79.024200,-78.330299,25.317743,-0.239648,-0.764951,-0.130073,-0.583523,
3351,944661597,6.182590,-6.443377,1.306644,-20.273113,-18.783684,39.403255,-0.239097,-0.766417,-0.123443,-0.583266,
3352,944678264,4.714978,0.427849,1.623675,100.600502,3.738658,29.304770,-0.225488,-0.769888,-0.128956,-0.582921,
3353,944694931,4.905803,7.683869,-5.471558,258.177521,-19.645515,20.444290,-0.195245,-0.779708,-0.147943,-0.576235,
3354,944711598,5.790318,15.364153,-15.868217,396.613861,-60.463669,-0.538928,-0.151488,-0.794549,-0.179387,-0.559967,
3355,944728265,6.742107,18.251793,-15.925829,282.656586,-133.442993,-26.829979,-0.124521,-0.809974,-0.202501,-0.536124,
3356,944744932,10.499293,13.468299,-7.951697,32.687050,-141.747894,-6.033676,-0.125464,-0.821123,-0.203279,-0.518356,
3357,944761599,9.350101,12.175080,10.513758,-289.317810,5.784172,18.031002,-0.158542,-0.815071,-0.179382,-0.527585,
3358,944778266,29.097198,-1.216194,12.105666,-346.445435,-84.170570,183.943085,-0.187595,-0.816809,-0.128915,-0.530104,
3359,944794933,40.692989,7.430289,-3.089613,124.378731,212.809265,196.953384,-0.153650,-0.806493,-0.120923,-0.557977,
3360,944811600,-3.741973,36.684635,-7.331600,-185.248596,64.705193,-68.568581,-0.179925,-0.795380,-0.115451,-0.567158,
3361,944828267,21.759401,0.071376,-4.466619,-500.709656,-47.835739,-209.065460,-0.255462,-0.780070,-0.096875,-0.562889,
3362,944844934,25.648287,-42.006847,-7.777009,-355.194214,92.258682,-86.072983,-0.301306,-0.756784,-0.080994,-0.574398,
3363,944861601,-4.819738,-36.068695,-9.331438,279.477753,85.559120,92.107643,-0.261742,-0.762065,-0.098003,-0.584074,
3364,944878268,-1.405370,-6.323560,-5.312385,543.419556,50.164654,103.708748,-0.191382,-0.777322,-0.134346,-0.584033,
3365,944894935,3.620034,9.062175,-8.598929,441.474762,10.663748,174.492981,-0.126204,-0.790110,-0.152193,-0.580203,
3366,944911602,28.959381,17.345793,-0.241770,315.976624,-181.617691,317.002563,-0.067066,-0.816151,-0.138838,-0.556886,
3367,944928269,30.479879,14.949531,-6.978551,-50.678932,61.145847,22.248123,-0.070209,-0.810958,-0.132785,-0.565495,
3368,944944936,-1.219725,0.456539,-11.110624,-165.193832,412.384735,-44.124256,-0.085375,-0.772668,-0.128439,-0.615790,
3369,944961603,0.826944,-2.521267,-3.840443,117.541397,-167.035568,42.416298,-0.071632,-0.789384,-0.132161,-0.595209,
3370,944978270,8.341198,0.438173,-2.051120,-40.074554,36.879982,115.832809,-0.065662,-0.787727,-0.115851,-0.601458,
3371,944994937,4.714641,0.456214,-7.479972,-2.512473,7.414642,145.172791,-0.053293,-0.789192,-0.099138,-0.603743,
3372,945011604,8.724256,6.039499,0.349822,-13.454669,-39.144321,166.351151,-0.040964,-0.794554,-0.078622,-0.600687,
3373,945028271,11.591743,3.958675,0.085506,-137.997131,-10.163161,124.214462,-0.046349,-0.795626,-0.052217,-0.601750,
3374,945044938,10.580198,-0.004468,-1.482829,-110.973289,25.305332,75.125656,-0.052610,-0.792957,-0.034066,-0.606044,
3375,945061605,8.027304,-2.290122,-1.152296,-70.373062,29.933804,60.821362,-0.055410,-0.789884,-0.021168,-0.610381,
3376,945078272,9.481622,-3.378597,-2.553575,21.924438,28.946260,65.681030,-0.047169,-0.787530,-0.015891,-0.614262,
3377,945094939,9.846544,-3.392776,-3.310690,40.071796,13.432609,77.411789,-0.035828,-0.786606,-0.010783,-0.616320,
3378,945111606,10.046647,-1.895007,-3.651812,35.484592,7.903341,85.708595,-0.024268,-0.786034,-0.004285,-0.617692,
3379,945128273,9.227460,2.167163,-2.399590,42.632057,8.004262,74.758629,-0.012871,-0.785341,0.000323,-0.618929,
3380,945144940,8.737513,6.388014,-1.128501,41.475910,11.309863,63.730766,-0.002598,-0.784241,0.003767,-0.620439,
3381,945161607,7.662601,9.291696,-2.683579,32.935253,12.200912,59.851917,0.006348,-0.782974,0.007538,-0.621976,
3382,945178274,7.127560,9.642550,-3.080309,15.827637,12.972707,56.200588,0.013010,-0.781590,0.012438,-0.623533,
3383,945194941,7.181902,8.017889,-2.694667,4.059395,13.221286,54.145973,0.018142,-0.780156,0.018168,-0.625057,
3384,945211608,7.966784,5.914037,-1.791564,-0.977925,5.909959,43.534733,0.021752,-0.779390,0.023130,-0.625734,
3385,945228275,10.233312,5.418051,-0.250355,-6.985130,2.896056,28.764479,0.023344,-0.778944,0.026953,-0.626078,
3386,945244942,11.094938,4.772001,-1.023123,-0.135863,23.489662,18.216980,0.024667,-0.776627,0.029024,-0.628808,
3387,945261609,10.142571,5.716466,-2.441243,21.134600,48.746380,7.145125,0.027270,-0.771938,0.027988,-0.634495,
3388,945278276,11.718577,8.138617,-3.147167,24.882875,52.496819,-17.264643,0.028022,-0.766933,0.023876,-0.640669,
3389,945294943,13.976557,8.737449,-3.118037,-6.036784,53.045250,-55.537128,0.021749,-0.762055,0.018373,-0.646886,
3390,945311610,12.103048,7.837290,-0.134204,-45.562714,68.425911,-76.086449,0.009113,-0.755755,0.014354,-0.654634,
3391,945328277,10.101601,7.257474,0.178997,-74.462654,56.817032,-84.950729,-0.007526,-0.750380,0.012089,-0.660853,
3392,945344944,9.410345,4.983548,-1.103589,-41.157646,72.910553,-101.630470,-0.022161,-0.743250,0.004779,-0.668630,
3393,945361611,8.074939,5.353254,-3.278287,-26.117172,48.422150,-112.912399,-0.036244,-0.738288,-0.005139,-0.673491,
3394,945378278,13.187346,6.503915,-3.737733,-11.363208,12.762308,-142.510300,-0.051657,-0.736584,-0.019490,-0.674088,
3395,945394945,19.854677,4.688818,-2.545031,-7.965380,13.835863,-149.678665,-0.067382,-0.734435,-0.034944,-0.674420,
3396,945411612,19.263393,-0.242988,-2.367798,18.612953,37.831295,-117.263954,-0.076940,-0.730054,-0.049764,-0.677218,
3397,945428279,12.663950,-3.449295,-0.943098,49.683300,58.020782,-110.794296,-0.082387,-0.723814,-0.067162,-0.681758,
3398,945444946,10.883342,-1.292112,-1.956125,86.248001,11.116120,-104.928711,-0.083826,-0.722435,-0.086979,-0.680805,
3399,945461613,12.037182,1.138516,-4.151597,86.831375,-10.200453,-99.549957,-0.084906,-0.722963,-0.105996,-0.677407,
3400,945478280,11.599223,2.152166,-4.268063,82.294037,-7.147172,-114.011032,-0.087808,-0.722625,-0.126077,-0.673948,
3401,945494947,11.335410,2.448458,-3.122616,55.009422,-36.894310,-133.927277,-0.096032,-0.724165,-0.145142,-0.667305,
3402,945511614,10.697854,1.013499,-2.371244,31.659317,-53.282047,-137.057877,-0.107319,-0.726556,-0.161972,-0.659062,
3403,945528281,9.379072,1.098527,-0.762953,38.465565,-56.672905,-130.126450,-0.117250,-0.729199,-0.178591,-0.650097,
3404,945544948,8.135229,2.066576,0.143933,-0.545344,-67.719109,-119.993118,-0.130594,-0.732167,-0.190181,-0.640864,
3405,945561615,7.736157,2.348082,0.337692,-42.643127,-71.964073,-107.073441,-0.147282,-0.734795,-0.196313,-0.632333,
3406,945578282,7.009728,3.273739,1.497554,-95.084259,-67.185837,-91.621513,-0.167952,-0.735982,-0.195988,-0.625868,
3407,945594949,6.441607,2.618629,1.353153,-141.791397,-58.454903,-75.560593,-0.191818,-0.735287,-0.189799,-0.621719,
3408,945611616,5.865937,1.347896,0.661724,-164.104294,-53.881073,-55.442184,-0.215997,-0.733621,-0.179441,-0.618825,
3409,945628283,5.471235,0.035436,-1.039643,-172.072021,-55.218552,-30.609873,-0.238673,-0.731953,-0.165547,-0.616339,
3410,945644950,5.263025,-1.636405,-2.848753,-165.844650,-59.797104,-2.956247,-0.258152,-0.731072,-0.148994,-0.613752,
3411,945661617,5.328972,-3.193051,-3.008065,-136.215561,-63.996075,25.570274,-0.271874,-0.731876,-0.131808,-0.610793,
3412,945678284,4.757523,-4.012070,-1.514422,-121.606590,-63.266323,46.558598,-0.282033,-0.733254,-0.113651,-0.608177,
3413,945694951,4.864835,-6.347203,-0.053438,-101.057037,-60.280964,60.612690,-0.288592,-0.735147,-0.095887,-0.605870,
3414,945711618,5.430365,-6.001626,1.755121,-50.652973,-27.832903,68.298737,-0.288552,-0.736208,-0.083077,-0.606493,
3415,945728285,4.953079,0.320792,4.112267,59.296314,14.074335,54.044865,-0.277444,-0.737903,-0.083235,-0.609586,
3416,945744952,6.575542,7.732578,2.472365,163.531967,16.055431,47.420403,-0.255610,-0.743271,-0.093393,-0.611138,
3417,945761619,9.437293,16.558981,-7.050122,332.733856,-22.925901,31.517874,-0.217063,-0.757067,-0.118715,-0.604681,
3418,945778286,7.151683,24.957567,-10.778325,315.493622,-86.728546,-4.095646,-0.184148,-0.773571,-0.144157,-0.588978,
3419,945794953,7.519686,18.595827,-10.946137,104.625824,-114.413368,-70.999176,-0.181003,-0.784297,-0.158127,-0.571937,
3420,945811620,7.957299,10.765085,-4.950285,-19.955652,-59.828121,-54.892342,-0.189408,-0.787276,-0.161279,-0.564189,
3421,945828287,32.274887,4.560511,7.000041,-282.222961,-210.023483,172.167313,-0.212407,-0.799342,-0.112526,-0.550702,
3422,945844954,29.309385,-2.651028,10.722215,-291.972504,217.203278,111.934692,-0.233698,-0.773392,-0.082825,-0.583430,
3423,945861621,5.972719,12.771247,0.773925,73.667000,107.443047,-81.840485,-0.231212,-0.765443,-0.102047,-0.591798,
3424,945878288,7.704113,4.228209,-4.307391,-199.714508,51.819122,-58.965557,-0.257844,-0.752855,-0.093250,-0.598356,
3425,945894955,19.745359,-15.842369,-10.314109,-313.682678,-91.650421,-59.492226,-0.298506,-0.747217,-0.069063,-0.589737,
3426,945911622,10.654119,-35.143524,-6.468894,108.181396,77.272217,0.065259,-0.286114,-0.744991,-0.081811,-0.597021,
3427,945928289,0.372067,-16.345678,-11.281610,502.465759,46.038254,64.529854,-0.224978,-0.760467,-0.120231,-0.597175,
3428,945944956,3.658099,4.661687,-10.889883,493.324677,39.987587,170.451889,-0.154501,-0.773754,-0.145276,-0.596933,
3429,945961623,13.145576,18.296621,-3.760336,379.730621,-108.534218,258.078430,-0.091510,-0.795187,-0.146526,-0.581234,
3430,945978290,32.009819,23.750319,3.069968,110.294228,-249.934738,111.996979,-0.074709,-0.819298,-0.139542,-0.551087,
3431,945994957,12.828218,8.364185,-15.092596,-426.411316,484.634888,-46.677937,-0.119207,-0.771155,-0.115716,-0.614588,
3432,946011624,-8.517882,-6.613026,-8.704479,51.475166,87.339867,38.225967,-0.108725,-0.764642,-0.117632,-0.624231,
3433,946028291,6.234501,2.699358,5.902647,43.621586,-176.916779,96.835510,-0.098251,-0.782566,-0.108073,-0.605191,
3434,946044958,8.623524,-2.079329,-7.571024,-138.817947,57.571503,126.621353,-0.102152,-0.777047,-0.082324,-0.615618,
3435,946061625,7.541618,0.769029,-5.365360,70.068481,-21.498522,140.927002,-0.082042,-0.781362,-0.072430,-0.614407,
3436,946078292,11.009275,4.872178,2.060236,-53.477570,-24.699163,113.415787,-0.078426,-0.783864,-0.054552,-0.613539,
3437,946094959,10.462292,-0.602358,-5.394220,-105.327614,-1.554475,75.117455,-0.083930,-0.783133,-0.036659,-0.615072,
3438,946111626,9.335265,-0.668881,-3.010605,-18.230051,2.467823,79.705841,-0.079060,-0.782938,-0.026074,-0.616504,
3439,946128293,10.133533,0.293841,1.344587,-77.162918,-12.487148,91.548607,-0.079876,-0.783280,-0.008679,-0.616455,
3440,946144960,10.438977,-0.757939,-2.057035,-64.849182,6.905703,102.384781,-0.078270,-0.781799,0.008625,-0.618538,
3441,946161627,9.471590,1.432983,-0.329901,-27.950132,11.634624,99.069984,-0.072750,-0.780109,0.022177,-0.621003,
3442,946178294,10.055122,1.421652,-1.612298,-35.941105,-9.443756,76.087379,-0.070131,-0.780167,0.034062,-0.620693,
3443,946194961,11.016982,1.271617,-1.516135,-9.155110,-11.308890,65.689346,-0.065394,-0.780625,0.042364,-0.620124,
3444,946211628,9.918026,1.493988,-1.811756,2.120687,-0.824167,71.460915,-0.058915,-0.780132,0.050200,-0.620808,
3445,946228295,8.730360,3.800254,-2.409949,9.483542,-6.902770,77.072166,-0.051043,-0.780121,0.058053,-0.620834,
3446,946244962,8.022575,6.112707,-3.129021,10.246761,-7.441775,73.811356,-0.043371,-0.780100,0.065465,-0.620707,
3447,946261629,7.280378,6.287579,-3.935570,23.301945,10.042374,66.294571,-0.035060,-0.778570,0.070725,-0.622573,
3448,946278296,8.163218,4.411512,-3.627707,40.292351,8.481879,49.837883,-0.026299,-0.777365,0.072583,-0.624294,
3449,946294963,9.487342,4.002507,-2.281338,50.737923,13.619741,35.917923,-0.017675,-0.775817,0.071892,-0.626599,
3450,946311630,8.010534,4.316455,-2.041905,57.335861,29.272860,24.893873,-0.009475,-0.772904,0.069307,-0.630655,
3451,946328297,7.549434,4.863523,-2.801062,69.437225,42.104198,8.142243,-0.001583,-0.768908,0.063703,-0.636176,
3452,946344964,9.502975,6.155521,-2.797307,70.889206,44.672211,-6.033631,0.005135,-0.764694,0.056367,-0.641902,
3453,946361631,12.972308,8.014021,-2.546904,41.786362,44.460678,-27.389793,0.006620,-0.760604,0.049364,-0.647302,
3454,946378298,12.601495,7.407543,-0.580177,-6.138266,64.066841,-44.573566,0.001040,-0.754749,0.044982,-0.654468,
3455,946394965,7.990269,6.226620,-0.409793,-26.858561,76.799179,-54.136173,-0.007812,-0.747617,0.041516,-0.662785,
3456,946411632,6.679817,6.484559,-2.719145,-42.447926,47.551304,-82.851646,-0.020950,-0.743291,0.036450,-0.667645,
3457,946428299,9.230644,5.099062,-3.736807,-51.435997,23.460461,-126.574005,-0.039174,-0.741265,0.027591,-0.669499,
3458,946444966,13.355588,4.351984,-2.160943,6.712001,14.174000,-146.615250,-0.053026,-0.740227,0.010946,-0.670173,
3459,946461633,19.020861,5.061322,-1.470211,39.182381,0.887540,-125.439362,-0.061278,-0.740388,-0.006486,-0.669348,
3460,946478300,17.568871,0.759840,-1.975403,25.673759,34.243786,-104.967354,-0.068943,-0.736960,-0.020693,-0.672092,
3461,946494967,12.798829,-1.457351,-1.699888,31.664846,43.558945,-113.163002,-0.076714,-0.732429,-0.036454,-0.675525,
3462,946511634,12.026288,1.111479,-3.033478,106.183990,21.764238,-119.354897,-0.077236,-0.730510,-0.059933,-0.675868,
3463,946528301,12.110530,4.264943,-3.349213,119.264465,3.771777,-123.133652,-0.076849,-0.730043,-0.084861,-0.673743,
3464,946544968,11.878896,3.255730,-3.610159,75.891106,-13.051440,-116.729042,-0.080608,-0.730439,-0.104628,-0.670085,
3465,946561635,11.117722,1.264780,-2.794385,66.056580,-38.409878,-109.670700,-0.085077,-0.733008,-0.122349,-0.663696,
3466,946578302,11.190920,0.488949,-1.871104,46.228321,-60.582500,-109.956787,-0.092048,-0.737187,-0.137863,-0.655038,
3467,946594969,10.152432,1.064755,-1.303260,19.086729,-71.065468,-111.747162,-0.102273,-0.741686,-0.150790,-0.645526,
3468,946611636,9.156830,1.936734,-0.965321,-23.683079,-80.094528,-111.263779,-0.117223,-0.746111,-0.159454,-0.635729,
3469,946628303,8.663810,2.562757,-0.443114,-71.254822,-80.482918,-105.004768,-0.136712,-0.749570,-0.162963,-0.626815,
3470,946644970,8.251265,2.288494,-0.423430,-130.040344,-84.494972,-91.330215,-0.161376,-0.752110,-0.159445,-0.618761,
3471,946661637,8.195383,0.832114,-1.107109,-169.025131,-83.708282,-72.829552,-0.188493,-0.753503,-0.150290,-0.611649,
3472,946678304,7.906432,-1.427962,-1.690477,-191.394791,-76.123703,-51.717030,-0.215845,-0.753380,-0.136902,-0.605877,
3473,946694971,7.551679,-4.097211,-2.956134,-180.905930,-73.298210,-27.837725,-0.239692,-0.753138,-0.121787,-0.600415,
3474,946711638,6.700583,-5.753503,-2.623526,-146.140854,-67.898903,-6.845455,-0.257635,-0.753491,-0.107509,-0.595246,
3475,946728305,5.311670,-6.330392,-0.866866,-125.253159,-62.976208,4.589416,-0.272095,-0.754013,-0.093917,-0.590430,
3476,946744972,5.085459,-7.042805,1.607572,-126.671829,-55.607697,22.488394,-0.284956,-0.753777,-0.078490,-0.586906,
3477,946761639,5.744720,-6.000098,4.313562,-122.980370,-18.495770,48.164852,-0.294681,-0.750521,-0.062068,-0.588242,
3478,946778306,4.420455,-0.060339,5.297480,-0.060639,28.043398,55.276314,-0.289891,-0.748443,-0.057363,-0.593722,
3479,946794973,4.048521,7.710879,3.778932,146.417023,4.259900,50.856735,-0.269652,-0.754338,-0.064768,-0.595035,
3480,946811640,10.432777,12.656731,-4.639930,232.176926,0.568884,61.425339,-0.238902,-0.763367,-0.078235,-0.595042,
3481,946828307,11.508855,16.395000,-10.579315,263.038269,-21.408609,13.280027,-0.208825,-0.773802,-0.098849,-0.589789,
3482,946844974,7.607847,16.277342,-11.647754,285.793671,-72.732483,-78.001419,-0.184402,-0.786693,-0.129959,-0.574648,
3483,946861641,6.364751,15.416229,-5.745466,227.022095,-81.466042,-80.337486,-0.166757,-0.797392,-0.155979,-0.558595,
3484,946878308,7.029372,10.569602,-0.576627,-20.919271,-48.792587,-21.241007,-0.172206,-0.800195,-0.155692,-0.552985,
3485,946894975,13.597706,6.845150,3.919123,-283.766785,-122.704941,113.365349,-0.198885,-0.804460,-0.116579,-0.547447,
3486,946911642,45.671425,-1.713038,11.515425,-347.154175,10.019027,159.654694,-0.226506,-0.794944,-0.070535,-0.558375,
3487,946928309,6.177998,3.555467,3.594793,130.132919,273.645142,-80.986588,-0.215205,-0.775206,-0.099541,-0.585520,
3488,946944976,0.382323,16.181835,-18.474649,-150.666946,52.340992,-76.068420,-0.238045,-0.764515,-0.097024,-0.591132,
3489,946961643,14.601329,-18.039629,-0.581636,-422.662659,-154.596802,-133.696091,-0.298328,-0.759346,-0.070129,-0.573999,
3490,946978310,16.842506,-37.818993,-13.049117,188.850540,73.545914,-9.586111,-0.277596,-0.760820,-0.090254,-0.579609,
3491,946994977,3.181508,-9.777845,-8.951538,417.741333,33.212337,131.313156,-0.219519,-0.774905,-0.112210,-0.582015,
3492,947011644,4.579805,7.642915,-5.690958,347.412140,50.950043,196.412003,-0.162736,-0.783419,-0.121032,-0.587471,
3493,947028311,20.957355,17.263693,-0.126260,199.683350,-177.084198,170.738953,-0.128527,-0.805310,-0.114434,-0.567328,
3494,947044978,22.276701,19.788113,1.081851,-93.142235,27.664698,7.385791,-0.138533,-0.801190,-0.106502,-0.572328,
3495,947061645,1.468343,-0.029831,-12.161596,-287.390442,317.733948,-6.685502,-0.167555,-0.767161,-0.089678,-0.612655,
3496,947078312,0.847003,-2.519651,0.681478,114.555534,-155.431534,71.175087,-0.150579,-0.784249,-0.088226,-0.595395,
3497,947094979,13.093544,-1.724976,-2.481395,-115.591202,-11.662415,84.666573,-0.156739,-0.783505,-0.068396,-0.597390,
3498,947111646,9.947248,-3.399946,-9.741305,31.082790,27.985811,96.413551,-0.144715,-0.782516,-0.060851,-0.602514,
3499,947128313,8.527883,2.489413,-1.099204,30.273397,16.382387,100.484566,-0.132492,-0.782385,-0.052511,-0.606268,
3500,947144980,6.366142,1.096035,-2.826351,-26.509546,-4.565358,88.485649,-0.127922,-0.782755,-0.040115,-0.607717,
3501,947161647,8.792781,2.052244,-1.486965,21.420809,-41.172459,85.288803,-0.118367,-0.787090,-0.031631,-0.604547,
3502,947178314,12.468766,2.553621,-0.987310,-8.727053,-19.070902,75.955612,-0.112963,-0.788794,-0.021940,-0.603788,
3503,947194981,10.499513,1.359049,-4.399047,-8.304070,44.596786,69.607048,-0.107851,-0.784787,-0.014058,-0.610148,
3504,947211648,7.082164,1.297222,-2.185730,-2.853259,40.422531,80.201103,-0.101167,-0.781134,-0.005381,-0.616089,
3505,947228315,7.377994,0.216446,-2.165690,-27.949202,-10.175297,87.510429,-0.096701,-0.781518,0.007119,-0.616302,
3506,947244982,9.449100,-0.174147,-2.713191,-7.933331,-26.153065,87.038391,-0.089969,-0.783480,0.017996,-0.614606,
3507,947261649,10.392916,1.278583,-1.421269,-8.883849,-25.564970,91.993973,-0.082888,-0.785224,0.029512,-0.612928,
3508,947278316,10.136939,1.536293,-1.601855,-12.440503,-15.138148,95.268471,-0.075950,-0.785831,0.041587,-0.612349,
3509,947294983,10.283046,2.037365,-1.507629,-7.854992,-9.973773,88.101685,-0.069144,-0.785932,0.052370,-0.612199,
3510,947311650,10.699638,2.171893,-2.359284,8.309549,2.069686,78.223732,-0.061453,-0.785084,0.060456,-0.613361,
3511,947328317,10.991847,3.565191,-1.842211,21.996084,7.248640,73.108559,-0.052693,-0.783845,0.066682,-0.615113,
3512,947344984,10.569901,5.525030,-1.845203,29.727995,14.501209,71.447731,-0.043267,-0.781935,0.071962,-0.617679,
3513,947361651,8.867674,7.393208,-2.016367,33.984241,20.382654,71.954613,-0.033368,-0.779414,0.076869,-0.620879,
3514,947378318,7.935489,8.498507,-1.991600,26.509983,23.022495,69.533897,-0.024566,-0.776543,0.082153,-0.624201,
3515,947394985,7.662455,8.303819,-2.195959,0.514303,19.077290,56.363754,-0.019850,-0.774019,0.088312,-0.626658,
3516,947411652,7.628671,7.023744,-2.316983,-18.922338,15.753692,38.357231,-0.018923,-0.771929,0.094218,-0.628403,
3517,947428319,7.966786,6.033251,-2.145146,-14.387674,24.583637,19.404306,-0.019343,-0.769277,0.097551,-0.631127,
3518,947444986,8.442180,5.278054,-1.940365,7.519979,40.953465,0.694576,-0.019264,-0.765426,0.096729,-0.635920,
3519,947461653,9.544949,6.364475,-1.990343,24.980042,48.233017,-18.318594,-0.019104,-0.761176,0.092148,-0.641681,
3520,947478320,12.252291,7.716435,-1.909292,0.023583,51.394505,-42.585491,-0.024015,-0.756822,0.087191,-0.647334,
3521,947494987,10.832302,5.734831,0.354171,-35.196754,71.803284,-55.931648,-0.034319,-0.750475,0.083993,-0.654640,
3522,947511654,8.422793,5.620576,-0.132945,-52.286255,55.079025,-75.628723,-0.048154,-0.745702,0.080334,-0.659663,
3523,947528321,9.825664,4.933242,-2.952112,-73.706184,46.921955,-120.102158,-0.068468,-0.741808,0.073934,-0.662998,
3524,947544988,9.970512,3.266811,-3.299404,-56.171803,25.156061,-144.266754,-0.088951,-0.740072,0.063410,-0.663596,
3525,947561655,16.164114,3.870882,-1.946732,-11.700392,7.185754,-140.122849,-0.104043,-0.740252,0.049245,-0.662402,
3526,947578322,21.210138,1.994227,-3.796177,12.775940,-3.773431,-115.971214,-0.114058,-0.741416,0.035467,-0.660329,
3527,947594989,17.540216,-1.157679,-4.732103,19.250570,42.002159,-105.925331,-0.122610,-0.738023,0.021380,-0.663197,
3528,947611656,12.326409,-1.923020,-1.561383,43.547619,45.998344,-111.214218,-0.129036,-0.734458,0.004306,-0.666260,
3529,947628323,12.177800,0.502005,-1.771199,91.517632,12.497674,-115.378685,-0.130666,-0.734740,-0.017233,-0.665422,
3530,947644990,12.070369,2.745730,-3.031247,95.424576,-2.180964,-114.462616,-0.131764,-0.736174,-0.038763,-0.662709,
3531,947661657,11.734322,3.469348,-2.630668,58.689651,-19.405863,-111.172455,-0.136519,-0.738281,-0.056056,-0.658149,
3532,947678324,11.616476,2.565973,-1.714288,16.338301,-33.124023,-107.590057,-0.145548,-0.740660,-0.068621,-0.652326,
3533,947694991,11.622531,1.143635,-1.212742,-18.570189,-45.708393,-110.328911,-0.158679,-0.743247,-0.077881,-0.645243,
3534,947711658,10.710428,0.123109,-0.958789,-46.559540,-55.932190,-114.661240,-0.175300,-0.745834,-0.084718,-0.637043,
3535,947728325,10.050095,0.388286,0.065208,-66.937477,-43.046028,-123.408134,-0.194706,-0.746278,-0.090908,-0.629996,
3536,947744992,8.895868,-0.261808,0.276818,-83.846634,-47.197521,-123.900887,-0.215949,-0.746245,-0.095437,-0.622395,
3537,947761659,8.302367,-0.663803,0.047096,-88.870110,-50.097446,-113.786720,-0.236748,-0.746072,-0.098273,-0.614547,
3538,947778326,7.732246,-0.925477,-0.065489,-95.896385,-44.377232,-98.344139,-0.256734,-0.745011,-0.098955,-0.607662,
3539,947794993,7.245926,-1.943451,-0.761099,-98.569946,-38.085499,-78.906715,-0.275095,-0.743268,-0.097486,-0.601973,
3540,947811660,7.121234,-2.888567,-1.772601,-85.378563,-36.566391,-52.920372,-0.289645,-0.742057,-0.094392,-0.597116,
3541,947828327,7.134932,-3.365149,-2.197791,-60.023369,-38.774410,-19.674074,-0.298546,-0.742427,-0.089801,-0.592964,
3542,947844994,6.000250,-3.692194,-0.873786,-60.576591,-35.196911,6.014127,-0.305209,-0.742720,-0.082531,-0.590257,
3543,947861661,4.777050,-3.466384,1.632023,-70.704521,-31.723377,20.271263,-0.311661,-0.742346,-0.072994,-0.588609,
3544,947878328,5.244198,-4.054323,3.580288,-81.793755,-26.302776,38.290413,-0.317658,-0.741077,-0.060794,-0.588389,
3545,947894995,7.070742,-4.524499,3.366385,-53.533634,20.728762,59.388474,-0.318334,-0.737153,-0.050900,-0.593867,
3546,947911662,6.946194,-1.545283,-0.030811,104.052971,47.165218,63.222977,-0.301506,-0.738084,-0.055414,-0.601045,
3547,947928329,9.028314,5.343637,-2.892110,240.230591,29.192604,61.205742,-0.270133,-0.745925,-0.071212,-0.604609,
3548,947944996,11.956490,9.805520,-6.286267,272.552917,46.151031,58.730087,-0.234896,-0.752405,-0.090677,-0.608677,
3549,947961663,8.785355,16.642941,-11.721077,364.225525,-20.111902,-10.116617,-0.196077,-0.765284,-0.123318,-0.600572,
3550,947978330,8.670627,23.167763,-9.070495,319.609009,-77.609283,-66.037140,-0.167629,-0.778932,-0.156333,-0.583716,
3551,947994997,6.444912,21.750301,-3.102702,145.434647,-73.225044,-60.638885,-0.158101,-0.786920,-0.173837,-0.570563,
3552,948011664,5.094843,14.851807,-0.326523,-53.555691,-39.525688,-20.608730,-0.167122,-0.788256,-0.170962,-0.567005,
3553,948028331,11.423257,7.463753,-0.002233,-205.819000,-42.938370,62.652710,-0.186727,-0.787798,-0.145813,-0.568547,
3554,948044998,31.763857,-3.136603,-5.832053,-361.426117,-89.755417,190.223495,-0.214152,-0.787830,-0.091592,-0.570151,
3555,948061665,8.721071,-2.785434,3.819650,-232.615860,89.222969,77.519226,-0.233233,-0.773508,-0.066276,-0.585572,
3556,948078332,9.825880,6.642919,10.879389,-14.390331,126.490883,-45.152451,-0.237638,-0.761514,-0.074540,-0.598387,
3557,948094999,6.364482,8.858603,-7.314621,-76.937729,68.982613,-54.141632,-0.250297,-0.751998,-0.076344,-0.604997,
3558,948111666,8.314372,-10.860855,-5.015933,-255.258484,-54.220463,-53.276310,-0.283519,-0.746163,-0.057813,-0.599595,
3559,948128333,19.735418,-27.651886,-9.605083,92.289429,4.672743,34.778419,-0.270607,-0.749626,-0.062407,-0.600780,
3560,948145000,2.267469,-15.101172,-9.583425,429.343170,66.061867,87.148819,-0.215248,-0.759837,-0.092992,-0.606357,
3561,948161667,6.418773,0.001771,-7.483585,375.170990,-6.962818,120.158844,-0.163138,-0.772427,-0.112529,-0.603390,
3562,948178334,17.604773,15.379588,-2.936133,331.771515,-100.457100,158.805145,-0.113522,-0.790383,-0.121348,-0.589645,
3563,948195001,19.954990,22.057388,3.789718,35.511795,-31.820889,72.021919,-0.103992,-0.794771,-0.115681,-0.586636,
3564,948211668,4.299527,7.318886,-5.895032,-234.382721,257.460236,5.095308,-0.126359,-0.768187,-0.098950,-0.619782,
3565,948228335,0.453281,-1.143125,-2.453098,-7.165536,-82.113441,48.187553,-0.124178,-0.775936,-0.091504,-0.611662,
3566,948245002,12.064366,1.819142,0.396140,-53.603325,-27.811476,62.019230,-0.125263,-0.778067,-0.079329,-0.610432,
3567,948261669,9.487266,-1.857987,-5.498106,-30.821733,27.227404,75.043129,-0.121958,-0.775756,-0.068694,-0.615312,
3568,948278336,9.281513,1.471241,-2.345095,-0.438245,13.562970,84.133270,-0.114528,-0.775183,-0.059497,-0.618413,
3569,948295003,6.721786,0.493108,-3.726255,-24.028185,15.232429,72.633766,-0.110761,-0.773859,-0.049495,-0.621630,
3570,948311670,7.347523,0.452060,-2.633911,-1.000998,-20.031004,63.297466,-0.105488,-0.775945,-0.042052,-0.620494,
3571,948328337,10.434226,0.994442,-1.559425,-5.998964,-30.068115,61.235558,-0.101016,-0.778777,-0.034233,-0.618166,
3572,948345004,11.683671,2.486017,-1.319639,-18.538067,-6.435116,69.205528,-0.097118,-0.779262,-0.024727,-0.618633,
3573,948361671,9.227482,3.843845,-0.441160,-46.599621,14.648963,79.873222,-0.095353,-0.777378,-0.011781,-0.621652,
3574,948378338,7.433695,3.692164,-0.912673,-68.170601,3.832168,82.873665,-0.095754,-0.776013,0.003605,-0.623395,
3575,948395005,7.359074,2.376611,-1.696086,-76.525108,-19.662649,80.548981,-0.097274,-0.776466,0.019814,-0.622290,
3576,948411672,8.819299,0.888035,-2.469609,-66.445587,-33.991283,84.748657,-0.097208,-0.778140,0.035780,-0.619490,
3577,948428339,9.307978,1.022301,-2.205734,-42.968102,-24.023001,90.475700,-0.093998,-0.779030,0.050131,-0.617870,
3578,948445006,9.064896,1.929848,-2.298269,-32.647106,-19.691334,86.975998,-0.089946,-0.779539,0.063088,-0.616642,
3579,948461673,9.533846,2.516776,-2.533314,-25.503593,-24.316544,78.608910,-0.085776,-0.780502,0.074504,-0.614742,
3580,948478340,10.495846,2.991170,-2.674245,-13.970674,-22.753498,74.099525,-0.080706,-0.781410,0.084347,-0.613002,
3581,948495007,10.563490,2.802416,-2.929663,16.344753,-11.128805,73.767120,-0.072354,-0.781545,0.091300,-0.612875,
3582,948511674,10.392699,4.300995,-3.097808,43.312199,-2.210447,69.523514,-0.061425,-0.781126,0.095262,-0.613998,
3583,948528341,10.724938,5.079961,-3.006824,51.870785,11.455244,53.050438,-0.051180,-0.779694,0.096454,-0.616566,
3584,948545008,10.519418,5.185905,-2.666971,51.881985,23.434267,37.002979,-0.042538,-0.777331,0.095724,-0.620309,
3585,948561675,9.715948,5.731951,-1.917837,53.068382,31.452328,23.739370,-0.035068,-0.774365,0.093327,-0.624835,
3586,948578342,8.991485,5.905669,-1.702063,43.737007,36.728333,7.634729,-0.030184,-0.771028,0.089928,-0.629696,
3587,948595009,9.591232,5.687594,-1.790160,31.676165,43.649704,-10.268368,-0.028384,-0.767186,0.085587,-0.635054,
3588,948611676,11.238997,6.172363,-1.286757,33.324688,54.503586,-24.471415,-0.027848,-0.762461,0.079455,-0.641532,
3589,948628343,13.338264,7.565223,-0.686021,33.135895,68.767380,-43.975285,-0.029317,-0.756527,0.071108,-0.649423,
3590,948645010,10.994996,7.188618,-0.413511,30.132896,93.785492,-62.177692,-0.033091,-0.748230,0.060916,-0.659808,
3591,948661677,6.507172,8.789289,-2.355761,3.406249,71.693390,-79.567047,-0.041240,-0.741873,0.051483,-0.667288,
3592,948678344,5.635018,7.837053,-3.568583,-49.054222,47.190899,-118.606850,-0.058644,-0.737628,0.043055,-0.671276,
3593,948695011,7.870557,7.265165,-3.091799,-36.710182,14.000195,-154.029327,-0.077951,-0.736600,0.029884,-0.671157,
3594,948711678,13.278373,7.038365,-1.881023,-39.150902,-21.351564,-163.640640,-0.098259,-0.738607,0.016302,-0.666738,
3595,948728345,21.900751,5.697679,-1.042849,-16.254301,-29.003805,-149.962143,-0.114711,-0.741234,0.002068,-0.661369,
3596,948745012,20.061771,-0.040493,-2.958882,0.929339,29.811815,-114.827324,-0.125903,-0.738177,-0.011016,-0.662663,
3597,948761679,11.700006,-2.427775,-4.598299,8.321544,66.585121,-113.335609,-0.136054,-0.731461,-0.025319,-0.667692,
3598,948778346,9.338202,2.444781,-3.601224,88.073341,15.476371,-130.398346,-0.139500,-0.730891,-0.048158,-0.666347,
3599,948795013,11.000018,5.171830,-3.168946,41.814487,-7.666385,-140.364929,-0.148921,-0.731193,-0.067079,-0.662329,
3600,948811680,11.540797,2.426871,-3.265226,20.432795,-20.188349,-131.637802,-0.159834,-0.732011,-0.082714,-0.657092,
3601,948828347,11.391172,0.607247,-1.752819,8.066699,-38.085720,-119.205490,-0.171032,-0.734136,-0.095396,-0.650147,
3602,948845014,10.530447,-0.531460,-1.047274,-27.737801,-49.172573,-117.101082,-0.185945,-0.736190,-0.104158,-0.642339,
3603,948861681,9.739745,-1.415725,-0.827577,-45.098728,-57.285133,-114.603592,-0.202534,-0.738289,-0.110771,-0.633749,
3604,948878348,8.831391,-0.907301,-0.269237,-61.074043,-52.449841,-113.090607,-0.220536,-0.739197,-0.115845,-0.625724,
3605,948895015,7.634140,-0.796184,-0.139347,-84.097809,-52.751801,-105.742798,-0.240252,-0.739197,-0.117971,-0.618020,
3606,948911682,6.892257,-0.220426,-0.163311,-94.473770,-68.679283,-93.913864,-0.260180,-0.740123,-0.117281,-0.608908,
3607,948928349,6.641448,-0.538992,-0.899351,-111.531471,-70.848038,-78.972076,-0.280527,-0.740485,-0.113331,-0.600119,
3608,948945016,6.522857,-1.564889,-1.537199,-105.563622,-67.663292,-58.248611,-0.298241,-0.740814,-0.107746,-0.592146,
3609,948961683,6.545092,-3.442875,-2.747149,-80.439598,-70.093750,-30.136595,-0.310764,-0.742636,-0.101153,-0.584539,
3610,948978350,6.596926,-5.213469,-2.799355,-24.204750,-70.761307,4.702502,-0.314198,-0.747429,-0.095528,-0.577497,
3611,948995017,6.516109,-5.823544,-0.338274,-14.547300,-67.824310,32.934658,-0.314130,-0.752722,-0.087764,-0.571864,
3612,949011684,7.858036,-5.771451,3.056789,-55.846394,-25.293442,56.750771,-0.316015,-0.752796,-0.075888,-0.572428,
3613,949028351,7.986605,-2.930665,5.736831,-73.262222,20.569761,81.618813,-0.317163,-0.748371,-0.061928,-0.579235,
3614,949045018,6.354935,2.544486,6.380899,-8.764423,28.796608,86.049988,-0.310773,-0.746103,-0.053283,-0.586439,
3615,949061685,8.427583,8.553751,1.364058,125.463348,18.268307,75.155807,-0.290733,-0.750480,-0.056776,-0.590787,
3616,949078352,12.053119,16.436911,-9.540687,275.377808,46.214165,79.865540,-0.253381,-0.757996,-0.073751,-0.596490,
3617,949095019,9.674331,21.944309,-14.830503,284.536194,-57.305473,-5.930859,-0.223125,-0.772567,-0.097037,-0.586463,
3618,949111686,8.886256,20.172371,-7.986096,151.365311,-121.644180,-93.747398,-0.215922,-0.786008,-0.116616,-0.567423,
3619,949128353,8.127547,16.336994,-1.849970,93.993507,-97.206108,-67.350815,-0.212531,-0.795507,-0.129131,-0.552560,
3620,949145020,8.513845,11.085965,0.358494,-41.103477,-23.069145,19.024887,-0.216386,-0.796282,-0.123056,-0.551333,
3621,949161687,27.354610,-0.841803,-0.528614,-243.076660,-87.127014,161.938202,-0.233099,-0.797591,-0.082107,-0.550247,
3622,949178354,16.433311,-12.361852,2.739317,-253.924057,31.405569,120.704605,-0.252523,-0.787096,-0.048935,-0.560640,
3623,949195021,16.175488,0.019899,11.667889,-71.350510,143.224030,19.589035,-0.258208,-0.772579,-0.046264,-0.578195,
3624,949211688,6.540374,12.188339,-9.180144,437.292389,170.353439,-13.815762,-0.208730,-0.772636,-0.090982,-0.592611,
3625,949228355,-1.785561,11.205866,-16.828588,-203.802719,38.829025,-34.918335,-0.234232,-0.762124,-0.078603,-0.598433,
3626,949245022,13.863707,-14.466962,1.013110,-206.243652,-242.174850,-64.122887,-0.265381,-0.774443,-0.059562,-0.571193,
3627,949261689,19.770355,-26.727377,-4.266144,130.096786,51.181252,30.024822,-0.247934,-0.775165,-0.069088,-0.576953,
3628,949278356,4.931417,-5.966369,-7.297643,359.590790,69.945808,122.593903,-0.196225,-0.782130,-0.087972,-0.584832,
3629,949295023,5.017584,10.981814,-3.119796,194.322647,40.172981,166.413940,-0.159501,-0.785698,-0.086771,-0.591361,
3630,949311690,11.980623,15.910169,4.879792,67.402924,-109.614906,160.814270,-0.139469,-0.798235,-0.071724,-0.581571,
3631,949328357,20.520805,7.939556,-3.776843,-191.033752,19.778908,9.604062,-0.160765,-0.792340,-0.054940,-0.585947,
3632,949345024,4.023209,-5.532164,-11.419658,-38.045261,191.003433,27.918430,-0.161375,-0.774936,-0.053041,-0.608785,
3633,949361691,4.570272,2.599501,4.831684,73.417793,-77.891174,74.157463,-0.147304,-0.783859,-0.049455,-0.601182,
3634,949378358,8.042902,0.680223,-4.855376,-78.394073,33.424145,86.842575,-0.148582,-0.779627,-0.033517,-0.607437,
3635,949395025,5.983402,2.066843,-6.501771,33.045311,-6.700650,94.808830,-0.136677,-0.781186,-0.025646,-0.608613,
3636,949411692,8.560158,3.993451,-0.471450,-21.284546,-32.223423,76.452866,-0.132640,-0.783718,-0.014538,-0.606614,
3637,949428359,9.404063,0.502978,-4.039179,-47.762547,-26.525293,59.003914,-0.133131,-0.785087,-0.003192,-0.604900,
3638,949445026,10.659516,1.845315,-1.850210,-13.992262,-13.364763,73.787338,-0.128441,-0.785861,0.006617,-0.604881,
3639,949461693,8.933884,3.145010,-0.786838,-66.106834,8.020706,84.350990,-0.128775,-0.783628,0.021817,-0.607344,
3640,949478360,6.967152,3.689017,-1.942265,-51.706863,0.043972,84.288048,-0.127421,-0.782195,0.035882,-0.608808,
3641,949495027,7.175196,3.016902,-1.426888,-54.293018,-22.090445,80.214928,-0.126582,-0.782535,0.050115,-0.607540,
3642,949511694,8.841783,0.484475,-1.608774,-45.161770,-34.899143,74.773811,-0.125067,-0.784063,0.063148,-0.604662,
3643,949528361,10.013697,-0.778076,-1.781473,-30.161795,-32.326389,73.540581,-0.121952,-0.785518,0.074663,-0.602091,
3644,949545028,11.600926,0.223721,-2.564163,-10.249565,-25.901426,73.059753,-0.116656,-0.786661,0.084256,-0.600380,
3645,949561695,10.923347,2.014765,-3.012741,21.578022,-4.396340,71.496429,-0.108105,-0.786391,0.090516,-0.601422,
3646,949578362,9.353077,4.260634,-3.062598,70.940109,4.110677,73.950188,-0.093788,-0.785992,0.092589,-0.604026,
3647,949595029,9.768126,5.369659,-2.670681,88.898666,13.053552,67.772255,-0.078062,-0.784947,0.092235,-0.607665,
3648,949611696,10.164320,5.538043,-3.441355,89.459419,24.849419,53.695347,-0.063656,-0.782859,0.090064,-0.612346,
3649,949628363,9.579306,7.661921,-2.613663,77.430580,35.611301,36.252064,-0.052303,-0.779766,0.086859,-0.617806,
3650,949645030,8.039165,7.912355,-1.095949,52.946789,37.225922,21.089861,-0.045107,-0.776427,0.084109,-0.622938,
3651,949661697,7.461092,7.005178,-1.255758,30.744318,32.089931,6.626577,-0.041666,-0.773530,0.081761,-0.627081,
3652,949678364,8.615102,6.210229,-1.627285,15.297269,36.323307,-12.024349,-0.041716,-0.770344,0.078694,-0.631377,
3653,949695031,10.114720,6.738922,-0.054113,16.142654,55.374096,-27.360340,-0.043298,-0.765540,0.073708,-0.637684,
3654,949711698,11.907098,8.425071,0.280252,27.431427,71.528664,-46.240635,-0.045545,-0.759409,0.065459,-0.645707,
3655,949728365,11.260857,8.582392,0.521320,14.528943,90.686996,-64.163544,-0.051075,-0.751394,0.056297,-0.655461,
3656,949745032,6.550780,7.991923,-1.927599,-14.145565,80.095146,-84.055946,-0.061538,-0.744122,0.047755,-0.663487,
3657,949761699,4.559979,6.051927,-4.654844,-90.290070,40.089279,-116.935204,-0.083114,-0.739957,0.043338,-0.666091,
3658,949778366,7.942526,3.866473,-3.114293,-19.225225,10.995963,-162.373016,-0.101217,-0.739354,0.027475,-0.665098,
3659,949795033,18.064047,5.703650,-0.064388,40.724606,-27.286930,-178.162735,-0.114183,-0.742915,0.004659,-0.659558,
3660,949811700,22.980303,2.669162,-2.618210,51.087292,-27.398827,-125.415962,-0.120906,-0.746200,-0.013454,-0.654512,
3661,949828367,17.417702,-1.031493,-6.212905,47.556381,82.015953,-111.373039,-0.126407,-0.738710,-0.031625,-0.661308,
3662,949845034,11.439948,0.810107,-2.852615,73.779327,51.326492,-131.793869,-0.131131,-0.734188,-0.053929,-0.663975,
3663,949861701,12.800713,5.428108,-3.160240,114.477776,-3.002180,-144.203674,-0.133047,-0.735127,-0.080418,-0.659863,
3664,949878368,12.945105,4.269209,-4.202896,69.149239,-15.800087,-134.694839,-0.138967,-0.736082,-0.101243,-0.654692,
3665,949895035,11.806769,3.049341,-2.492714,53.336220,-44.440632,-115.460617,-0.145107,-0.739402,-0.117882,-0.646785,
3666,949911702,11.919597,1.337779,-1.308854,-10.156906,-70.609421,-107.827156,-0.157751,-0.743700,-0.127129,-0.637073,
3667,949928369,11.964608,-0.390892,-1.059163,-55.457741,-70.853683,-107.892723,-0.175242,-0.746690,-0.132130,-0.627922,
3668,949945036,10.514520,-0.961810,-0.676760,-64.043411,-72.366173,-107.421883,-0.193573,-0.749282,-0.136198,-0.618511,
3669,949961703,9.322001,0.562464,0.133799,-84.145164,-63.072315,-107.999184,-0.213870,-0.750110,-0.138717,-0.610206,
3670,949978370,7.931002,0.650085,0.350838,-107.572693,-73.298935,-95.356026,-0.235693,-0.750979,-0.137386,-0.601335,
3671,949995037,7.271595,0.744176,0.308369,-129.015976,-70.061241,-85.183167,-0.258763,-0.750592,-0.133099,-0.593243,
3672,950011704,6.623134,-0.929191,-0.845445,-135.682556,-56.662876,-72.640602,-0.281065,-0.748593,-0.127290,-0.586863,
3673,950028371,6.429095,-3.477230,-2.536337,-106.097786,-58.892719,-44.705608,-0.297671,-0.748161,-0.120814,-0.580561,
3674,950045038,6.272661,-4.905174,-2.261722,-63.584049,-65.476456,-8.538414,-0.306630,-0.750562,-0.113672,-0.574207,
3675,950061705,5.493933,-5.784834,-0.870818,-51.216961,-59.303459,11.596462,-0.312405,-0.753217,-0.105621,-0.569132,
3676,950078372,5.040252,-7.365057,0.080471,-26.144585,-40.348145,21.169277,-0.314317,-0.755519,-0.099445,-0.566132,
3677,950095039,5.342894,-6.753857,1.794912,13.073602,-16.087543,43.255878,-0.309731,-0.757898,-0.095173,-0.566214,
3678,950111706,5.482289,-1.074008,3.920150,64.179054,45.989822,64.524353,-0.296857,-0.757662,-0.095547,-0.573319,
3679,950128373,4.469043,4.537848,2.403294,172.388702,55.434727,64.592514,-0.271777,-0.760934,-0.105295,-0.579681,
3680,950145040,11.386533,11.458880,-5.101650,313.821411,42.296181,77.594612,-0.229753,-0.769953,-0.124844,-0.582065,
3681,950161707,12.814221,22.030739,-12.824810,330.871674,50.721500,76.832916,-0.185193,-0.776999,-0.145910,-0.583684,
3682,950178374,6.199420,22.608009,-13.689324,200.219193,-32.504147,-26.821388,-0.165642,-0.784088,-0.165121,-0.574894,
3683,950195041,6.208813,16.939514,-7.901115,48.683964,-106.742905,-86.546219,-0.170042,-0.791782,-0.176581,-0.559450,
3684,950211708,8.002867,10.032137,-3.993382,-16.413368,-90.979210,-21.286249,-0.176176,-0.798009,-0.175566,-0.548926,
3685,950228375,12.468468,5.340224,1.888145,-229.492966,-90.353409,101.173058,-0.197097,-0.801177,-0.143202,-0.546591,
3686,950245042,33.579933,-6.292774,-4.031560,-439.796326,-146.291275,230.498123,-0.232675,-0.802582,-0.076987,-0.543872,
3687,950261709,12.160802,-6.938994,11.353131,-260.184937,120.848656,100.489067,-0.253709,-0.784423,-0.048844,-0.563849,
3688,950278376,10.459627,6.218992,2.948692,151.523300,183.469406,-6.144907,-0.235677,-0.774314,-0.068848,-0.583227,
3689,950295043,1.699126,11.810083,-14.663449,14.044182,59.479393,-27.338697,-0.236011,-0.769289,-0.075286,-0.588918,
3690,950311710,8.818655,-5.672710,-4.017409,-192.336929,-132.208633,-46.824341,-0.263049,-0.772889,-0.059604,-0.574365,
3691,950328377,19.777014,-21.256029,-0.369549,24.093578,-4.832563,-2.869717,-0.260823,-0.774042,-0.061891,-0.573585,
3692,950345044,7.334432,-18.566181,-6.894198,352.618561,61.569073,85.947517,-0.213241,-0.781804,-0.083999,-0.579874,
3693,950361711,7.581271,2.624962,-7.112174,361.901611,34.655357,148.747238,-0.158982,-0.790507,-0.098657,-0.583172,
3694,950378378,11.594831,18.740114,-1.340800,266.382233,-62.540142,178.139511,-0.114157,-0.803502,-0.099323,-0.575750,
3695,950395045,17.342762,16.652151,5.245261,-67.416946,-28.567434,46.927483,-0.118692,-0.805255,-0.087822,-0.574251,
3696,950411712,9.084393,1.425668,-11.062093,-228.895248,212.527420,1.609486,-0.142711,-0.782606,-0.072211,-0.601620,
3697,950428379,1.646657,-3.752239,-8.683800,90.623955,-2.248038,54.226971,-0.127854,-0.785026,-0.074022,-0.601588,
3698,950445046,8.276824,5.426395,6.099506,-10.314881,-49.429863,80.464401,-0.122704,-0.789820,-0.063113,-0.597616,
3699,950461713,7.473315,1.023798,-7.172529,-124.270714,19.737759,81.629814,-0.129870,-0.786315,-0.043379,-0.602462,
3700,950478380,7.517832,1.316210,-7.617399,15.742019,-10.649343,85.193336,-0.120862,-0.787894,-0.034918,-0.602824,
3701,950495047,7.931001,2.100600,1.180099,-61.968136,-16.137674,66.379517,-0.122414,-0.788363,-0.021697,-0.602518,
3702,950511714,9.865120,-1.573608,-3.877728,-71.585114,-47.071915,57.777096,-0.125897,-0.791186,-0.008064,-0.598423,
3703,950528381,11.918237,0.298715,-2.038113,-10.204506,-5.462784,74.224251,-0.120814,-0.791397,0.001359,-0.599243,
3704,950545048,9.014153,1.845916,-0.534987,-53.880650,15.905682,84.109100,-0.119879,-0.788846,0.015351,-0.602589,
3705,950561715,7.021518,2.272040,-2.031296,-31.334381,-1.296506,90.944511,-0.115696,-0.788021,0.028448,-0.604010,
3706,950578382,7.043437,2.631883,-1.401957,-19.239107,-15.599997,93.913101,-0.109785,-0.788491,0.041058,-0.603774,
3707,950595049,8.255609,1.888095,-1.823125,-4.161656,-23.854139,86.188148,-0.102756,-0.789832,0.051582,-0.602450,
3708,950611716,9.824720,2.393967,-3.591019,-2.833397,-27.610832,78.574554,-0.096197,-0.791458,0.061162,-0.600499,
3709,950628383,10.242155,3.801326,-3.853183,7.331769,-9.716402,72.630211,-0.089134,-0.791618,0.068912,-0.600539,
3710,950645050,8.757550,5.023114,-3.900943,42.793251,4.918423,68.035667,-0.078528,-0.790910,0.072837,-0.602486,
3711,950661717,7.911304,6.363158,-3.699886,49.735077,4.990050,62.501217,-0.067601,-0.790230,0.075505,-0.604372,
3712,950678384,9.169889,5.348642,-3.910757,48.676151,2.122683,50.496372,-0.057814,-0.789833,0.076904,-0.605728,
3713,950695051,11.873091,5.191154,-3.646177,60.421345,13.008726,39.651871,-0.047752,-0.788615,0.075923,-0.608311,
3714,950711718,10.840294,6.658319,-2.684331,66.715324,36.554276,31.891527,-0.037910,-0.785344,0.073319,-0.613532,
3715,950728385,8.255073,8.072379,-1.901360,57.577900,42.627422,16.913879,-0.030513,-0.781540,0.069776,-0.619189,
3716,950745052,7.535890,7.613041,-2.125072,30.808222,39.777252,-3.428098,-0.027962,-0.778015,0.066335,-0.624108,
3717,950761719,9.215602,8.003309,-1.849598,14.145648,41.175034,-25.058613,-0.029275,-0.774460,0.061947,-0.628901,
3718,950778386,12.492670,9.835131,-0.930008,6.765069,50.225891,-47.496342,-0.033555,-0.770186,0.055661,-0.634499,
3719,950795053,12.889236,9.714216,0.588610,-12.933697,74.168503,-62.663162,-0.041635,-0.763605,0.049366,-0.642445,
3720,950811720,7.253983,8.783433,-2.171508,-46.410358,67.503822,-74.366562,-0.054472,-0.757344,0.044924,-0.649187,
3721,950828387,4.940575,6.821743,-5.303880,-111.911232,45.011684,-104.019897,-0.077157,-0.752572,0.043557,-0.652521,
3722,950845054,6.549778,3.470444,-4.349178,-31.414833,8.577554,-154.369781,-0.095539,-0.752072,0.029423,-0.651455,
3723,950861721,17.007771,6.122965,0.922871,42.438225,-32.377026,-183.363998,-0.108353,-0.756106,0.005671,-0.645392,
3724,950878388,24.094063,2.602662,0.385607,48.660515,-42.462524,-137.777191,-0.116128,-0.760664,-0.013500,-0.638530,
3725,950895055,20.061077,-2.175773,-11.802467,32.210522,61.440136,-105.846992,-0.122504,-0.755037,-0.029360,-0.643467,
3726,950911722,9.707881,1.517211,-2.213366,44.764111,127.412361,-129.696426,-0.129380,-0.742944,-0.050168,-0.654811,
3727,950928389,10.935213,5.285658,-1.815677,51.201942,-10.167496,-148.872406,-0.138306,-0.743457,-0.071043,-0.650458,
3728,950945056,11.984606,2.322871,-2.973205,28.726908,-14.613697,-130.767029,-0.147931,-0.743781,-0.087712,-0.645919,
3729,950961723,12.728126,0.990025,-2.305806,12.158222,-48.734859,-108.409241,-0.157632,-0.746981,-0.099641,-0.638156,
3730,950978390,12.193144,-0.140672,-1.949879,-16.236494,-48.592194,-100.799438,-0.169661,-0.749409,-0.108081,-0.630808,
3731,950995057,10.622599,0.006014,-1.626156,-35.561695,-54.894844,-99.691948,-0.183743,-0.751739,-0.114439,-0.622921,
3732,951011724,9.344764,-0.137017,-1.373349,-68.890732,-70.091232,-100.408150,-0.201717,-0.754268,-0.117406,-0.613682,
3733,951028391,9.066739,-0.059673,-0.925227,-91.531876,-72.218636,-100.719437,-0.222142,-0.755966,-0.118268,-0.604302,
3734,951045058,7.158461,1.139424,0.672402,-149.145401,-60.973270,-98.018585,-0.248327,-0.754380,-0.114058,-0.596854,
3735,951061725,6.100261,-0.387725,-1.168061,-176.755051,-72.775276,-89.421944,-0.276777,-0.752317,-0.105983,-0.588371,
3736,951078392,6.117021,-3.003279,-2.765800,-149.990799,-59.058426,-71.303596,-0.300313,-0.749829,-0.098682,-0.581231,
3737,951095059,5.877403,-5.535048,-2.295694,-110.568306,-52.450676,-49.495777,-0.317454,-0.748430,-0.092570,-0.574896,
3738,951111726,6.104354,-7.198059,-1.274679,-43.632492,-65.226959,-24.842556,-0.325335,-0.751328,-0.088756,-0.567261,
3739,951128393,7.075428,-5.721223,1.258065,-21.247501,-61.651871,1.711024,-0.328491,-0.755247,-0.084043,-0.560920,
3740,951145060,6.752334,-3.302743,3.436868,-39.030216,-15.751446,20.967173,-0.331444,-0.754756,-0.077949,-0.560724,
3741,951161727,6.102648,0.658059,3.868474,0.626779,19.129456,41.657021,-0.327944,-0.753533,-0.074494,-0.564882,
3742,951178394,5.546324,4.306314,1.121340,91.105324,32.785316,46.451740,-0.313939,-0.755446,-0.078587,-0.569708,
3743,951195061,7.729126,8.721937,-4.791861,193.031693,11.307652,41.952774,-0.289191,-0.763340,-0.090595,-0.570502,
3744,951211728,12.780152,11.683479,-9.863768,190.216721,12.642484,45.868858,-0.264179,-0.770437,-0.101920,-0.571181,
3745,951228395,8.073165,12.013518,-11.137477,248.608917,-0.267349,-9.484066,-0.237135,-0.779220,-0.123694,-0.566818,
3746,951245062,7.873767,13.085637,-8.372448,307.751465,-53.559162,-48.176048,-0.207140,-0.792412,-0.152675,-0.553051,
3747,951261729,8.251837,11.666387,-2.793797,154.990585,-71.794075,-9.626257,-0.191769,-0.802254,-0.164178,-0.540979,
3748,951278396,6.143384,8.225619,-1.062019,-105.487549,-80.384300,38.210533,-0.203135,-0.806243,-0.149286,-0.535184,
3749,951295063,6.708562,0.375911,4.879723,-368.644104,-25.721870,71.122993,-0.241250,-0.797547,-0.111430,-0.541572,
3750,951311730,35.568707,-13.701612,5.120920,-175.013229,-119.686172,270.678680,-0.242065,-0.804083,-0.062076,-0.539445,
3751,951328397,20.440165,1.567328,3.842406,157.770309,291.866425,177.511108,-0.206898,-0.787009,-0.064017,-0.577677,
3752,951345064,2.164255,32.741970,-15.706177,195.601608,59.728012,21.421627,-0.182260,-0.787584,-0.079892,-0.583189,
3753,951361731,5.385253,14.113372,-10.463562,-287.438599,-136.061417,-66.394638,-0.222386,-0.789710,-0.059556,-0.568643,
3754,951378398,7.006255,-9.074078,9.976014,-249.489471,-31.993416,-130.341095,-0.262108,-0.782346,-0.052949,-0.562520,
3755,951395065,24.112297,-31.885433,-9.886251,-92.859352,-50.157997,48.283489,-0.269280,-0.783029,-0.038082,-0.559378,
3756,951411732,5.444220,-17.082306,-8.368772,351.269226,69.414711,135.940109,-0.217631,-0.790543,-0.053965,-0.569883,
3757,951428399,7.550002,4.402411,-3.182307,289.574615,33.482582,123.366158,-0.173815,-0.796934,-0.064902,-0.574867,
3758,951445066,12.491135,13.352070,-0.234916,176.979828,-50.495193,130.179382,-0.142988,-0.806303,-0.063415,-0.570446,
3759,951461733,18.451998,13.172351,-0.302513,-65.580940,-21.443632,28.880508,-0.148658,-0.806807,-0.054253,-0.569226,
3760,951478400,5.260062,-1.280828,-12.821589,-125.403053,218.915451,24.434572,-0.159710,-0.785485,-0.045818,-0.596159,
3761,951495067,1.840120,0.505094,-1.744699,151.931351,-67.746880,71.421242,-0.136753,-0.794966,-0.049353,-0.588975,
3762,951511734,10.086355,5.934932,2.574974,-59.428978,-19.208839,81.545822,-0.136955,-0.795800,-0.034556,-0.588856,
3763,951528401,6.713002,0.791631,-9.620491,-53.536434,33.819054,79.825783,-0.136327,-0.792025,-0.021512,-0.594683,
3764,951545068,6.992990,2.863801,-1.871839,22.591167,-7.728250,79.565826,-0.127057,-0.793213,-0.014254,-0.595370,
3765,951561735,7.447993,1.286555,-1.379721,-71.681458,-26.306622,65.988121,-0.129855,-0.794100,-0.000055,-0.593754,
3766,951578402,9.946530,-0.736645,-4.942045,-24.592947,-34.662937,67.649117,-0.127048,-0.796461,0.010428,-0.591101,
3767,951595069,10.398999,1.076995,-0.031949,-32.979424,-6.197830,78.388321,-0.124314,-0.796093,0.022350,-0.591847,
3768,951611736,8.626429,0.652160,-2.063969,-23.827745,-6.067752,85.180031,-0.119916,-0.795732,0.034263,-0.592669,
3769,951628403,7.823197,1.305176,-1.932882,-2.150605,-13.107192,88.213905,-0.112693,-0.796211,0.044778,-0.592742,
3770,951645070,8.665285,0.356581,-2.350569,5.289382,-23.511694,85.915627,-0.104721,-0.797595,0.054547,-0.591524,
3771,951661737,10.891680,0.106452,-3.287958,29.965570,-22.944029,81.225670,-0.094277,-0.799213,0.061633,-0.590399,
3772,951678404,11.211823,2.128440,-3.673407,53.932480,0.819690,78.355370,-0.081490,-0.799006,0.065989,-0.592110,
3773,951695071,10.006839,4.471426,-3.862827,92.550919,13.295231,74.751427,-0.064626,-0.798024,0.066438,-0.595455,
3774,951711738,8.799343,6.282126,-4.117554,104.364365,24.061113,69.670815,-0.046917,-0.796016,0.065150,-0.599927,
3775,951728405,9.327034,7.505466,-3.833627,92.125343,19.591677,61.972847,-0.031243,-0.794148,0.064048,-0.603531,
3776,951745072,9.789990,7.996306,-3.579822,71.963501,27.715065,48.846184,-0.019122,-0.791425,0.063147,-0.607694,
3777,951761739,8.999165,8.546705,-2.842827,43.623623,33.621826,33.338787,-0.011688,-0.788142,0.062938,-0.612155,
3778,951778406,8.142083,7.105650,-1.950604,30.581919,38.352798,18.977524,-0.007076,-0.784490,0.062231,-0.616970,
3779,951795073,8.090672,6.160631,-2.194240,15.826431,38.392052,4.638392,-0.005437,-0.780912,0.061205,-0.621611,
3780,951811740,9.456342,6.640760,-2.175910,5.957171,46.086689,-11.816885,-0.006479,-0.776742,0.059193,-0.626997,
3781,951828407,11.598022,7.855711,-1.133546,1.142338,58.580055,-31.894600,-0.010005,-0.771543,0.055332,-0.633687,
3782,951845074,12.783935,8.149765,0.132694,-8.651586,77.384132,-52.611420,-0.016694,-0.764650,0.050012,-0.642285,
3783,951861741,8.969983,6.409740,0.986188,-6.808520,103.443237,-59.678452,-0.024026,-0.755184,0.043655,-0.653616,
3784,951878408,4.605688,7.250865,-3.134473,-58.480988,73.586647,-81.437248,-0.038908,-0.748267,0.039908,-0.661051,
3785,951895075,6.815076,4.578300,-5.487509,-115.860077,21.436703,-128.640335,-0.064251,-0.745942,0.036813,-0.661881,
3786,951911742,12.650915,3.820622,-3.831735,-27.935106,2.597352,-164.953232,-0.083411,-0.745977,0.021466,-0.660379,
3787,951928409,20.260382,5.866481,-3.593076,7.668288,-22.460415,-146.367767,-0.096803,-0.748390,0.005009,-0.656137,
3788,951945076,21.794109,2.438349,-6.175169,7.293740,29.794119,-110.434151,-0.106810,-0.745502,-0.008240,-0.657838,
3789,951961743,13.309988,0.859711,-2.241909,-2.219670,75.111328,-116.300667,-0.118315,-0.737862,-0.021917,-0.664139,
3790,951978410,10.971072,1.174998,-2.363417,38.758892,15.992191,-129.872940,-0.126872,-0.736292,-0.039982,-0.663459,
3791,951995077,11.495276,2.767093,-3.527885,74.364601,-6.083312,-133.468521,-0.132034,-0.737157,-0.061440,-0.659842,
3792,952011744,11.965759,3.797724,-3.844212,55.699417,-28.669548,-125.327103,-0.138556,-0.739565,-0.079774,-0.653820,
3793,952028411,12.251232,2.885407,-3.000201,9.403049,-46.816170,-111.989510,-0.148948,-0.742649,-0.091875,-0.646410,
3794,952045078,12.364944,1.095184,-2.125994,-34.934288,-65.922447,-103.749992,-0.163559,-0.746430,-0.098473,-0.637490,
3795,952061745,12.068158,-0.140051,-1.589123,-76.241455,-71.319412,-107.687286,-0.183027,-0.749362,-0.101498,-0.628217,
3796,952078412,10.493330,-1.320301,-1.366636,-88.288460,-73.692184,-111.445984,-0.204089,-0.751747,-0.103715,-0.618439,
3797,952095079,8.912523,-0.740129,-0.362799,-100.971138,-71.737045,-112.899261,-0.226519,-0.753124,-0.104948,-0.608669,
3798,952111746,8.004362,-0.540749,-0.165270,-127.943283,-81.119522,-102.338737,-0.250961,-0.754109,-0.102256,-0.598232,
3799,952128413,8.083305,-0.247670,-0.297565,-147.757538,-82.356239,-85.994919,-0.275983,-0.754161,-0.095926,-0.588108,
3800,952145080,7.750236,-0.741786,-0.814604,-164.408569,-69.014786,-66.167236,-0.300737,-0.752099,-0.086458,-0.580024,
3801,952161747,7.235218,-1.890129,-1.485751,-154.135834,-59.420345,-39.685982,-0.321802,-0.749488,-0.075319,-0.573618,
3802,952178414,6.053727,-3.479775,-0.909463,-154.301605,-53.494774,-12.492290,-0.340359,-0.746228,-0.061432,-0.568792,
3803,952195081,4.859033,-5.819160,-0.404288,-145.104782,-57.228085,8.210735,-0.356051,-0.743511,-0.045839,-0.564196,
3804,952211748,5.081022,-7.777699,1.092614,-119.205505,-57.762337,32.001266,-0.366829,-0.741999,-0.029749,-0.560346,
3805,952228415,7.371550,-9.374529,3.299803,-94.753593,-33.606846,69.584274,-0.371669,-0.739724,-0.012870,-0.560807,
3806,952245082,8.247216,-6.683704,3.137728,1.091936,36.088104,88.467354,-0.364430,-0.736793,-0.005537,-0.569470,
3807,952261749,6.394573,0.232380,-0.003198,183.848618,40.791885,73.552040,-0.338647,-0.742760,-0.015181,-0.577404,
3808,952278416,10.049353,6.599697,-1.110741,221.520584,26.014877,51.473671,-0.310350,-0.751047,-0.029631,-0.582008,
3809,952295083,15.850736,11.725392,-8.077258,338.265137,72.090210,23.849436,-0.270889,-0.759216,-0.058997,-0.588836,
3810,952311750,7.992651,19.940985,-14.587276,567.504395,17.555435,-52.447418,-0.211894,-0.776850,-0.113946,-0.581912,
3811,952328417,6.453737,21.556416,-12.375087,471.921722,-56.541344,-59.703518,-0.164275,-0.793150,-0.158706,-0.564570,
3812,952345084,5.211292,16.786310,-4.823795,200.542206,-41.490299,-18.632399,-0.143742,-0.800420,-0.176388,-0.554574,
3813,952361751,8.496249,10.838364,2.761393,-198.800034,-79.211983,74.241776,-0.163034,-0.803978,-0.150094,-0.551825,
3814,952378418,32.938648,5.990587,5.867399,-448.870300,-186.382828,236.040680,-0.200300,-0.810813,-0.081789,-0.543849,
3815,952395085,16.698439,-0.972432,8.123970,-160.543198,258.448975,62.709976,-0.211192,-0.785475,-0.069285,-0.577604,
3816,952411752,6.000175,17.705427,-8.133883,119.115837,117.572174,-34.111328,-0.199406,-0.778523,-0.086910,-0.588716,
3817,952428419,1.363041,1.512426,-9.692839,-325.464447,-32.683731,-62.296864,-0.241965,-0.770029,-0.065185,-0.586736,
3818,952445086,15.642558,-19.250528,-1.314982,-287.722412,-94.154526,-99.780518,-0.283533,-0.766014,-0.048565,-0.574868,
3819,952461753,10.843746,-35.075615,-12.102075,173.981735,59.194683,30.351357,-0.261292,-0.768028,-0.062291,-0.581359,
3820,952478420,2.617537,-7.967113,-7.883196,393.005981,32.640541,123.610085,-0.206390,-0.779792,-0.082955,-0.585188,
3821,952495087,6.936150,4.031350,-6.094925,321.360138,15.212375,145.620285,-0.157291,-0.788735,-0.094250,-0.586748,
3822,952511754,24.509148,16.689312,0.169948,255.394852,-192.168045,138.170151,-0.118828,-0.811723,-0.095788,-0.563746,
3823,952528421,19.217882,18.077652,-2.075032,-156.707306,140.836105,21.910231,-0.133691,-0.797253,-0.082853,-0.582795,
3824,952545088,-1.555256,-1.268851,-10.843211,-174.872742,248.526794,36.176582,-0.147957,-0.772297,-0.068700,-0.613959,
3825,952561755,2.373540,0.882302,-0.622435,111.740097,-170.065842,87.276787,-0.129432,-0.790227,-0.065285,-0.595421,
3826,952578422,11.626955,5.503816,0.814890,-124.939980,-7.473431,96.506165,-0.135663,-0.789099,-0.043325,-0.597528,
3827,952595089,6.790019,1.182786,-10.204876,-76.303810,14.853974,94.088264,-0.136326,-0.786644,-0.026291,-0.601593,
3828,952611756,7.999010,3.365762,-0.408406,-39.395126,-14.898282,89.607933,-0.133236,-0.787306,-0.012401,-0.601866,
3829,952628423,6.653830,-0.532237,-0.864990,-127.313309,-22.545856,81.029739,-0.140932,-0.786646,0.008353,-0.601046,
3830,952645090,10.033696,-1.793810,-2.476328,-44.201717,-57.579170,88.339897,-0.138384,-0.790443,0.023395,-0.596240,
3831,952661757,13.400148,-0.128085,-0.234733,-51.283260,-22.642689,95.703407,-0.136092,-0.790835,0.039189,-0.595418,
3832,952678424,11.037132,0.454939,-1.375354,-24.475611,5.910305,102.666695,-0.130242,-0.789052,0.052888,-0.598027,
3833,952695091,8.490755,1.162220,-1.897652,17.187584,5.625280,101.965675,-0.119639,-0.787910,0.062876,-0.600775,
3834,952711758,8.224769,0.320853,-2.334439,65.390335,2.054690,85.797539,-0.104866,-0.787884,0.066848,-0.603136,
3835,952728425,10.114348,1.690573,-3.068811,88.641846,-4.035919,67.609741,-0.088938,-0.788729,0.066772,-0.604597,
3836,952745092,12.335099,5.108525,-4.659264,90.492737,3.659053,63.269901,-0.073233,-0.788762,0.065919,-0.606750,
3837,952761759,9.624318,8.138913,-4.733861,111.434418,41.531952,74.854279,-0.054444,-0.785304,0.064120,-0.613369,
3838,952778426,7.032334,10.446533,-3.314845,90.022728,36.949162,81.461227,-0.037451,-0.781731,0.064997,-0.619087,
3839,952795093,7.647488,9.331945,-2.597147,50.606586,25.414688,66.935387,-0.026134,-0.778927,0.067814,-0.622889,
3840,952811760,9.240256,7.909028,-2.036710,28.592819,26.374889,40.773270,-0.019693,-0.776123,0.069650,-0.626413,
3841,952828427,8.936460,8.350262,-1.101117,28.390308,38.727077,19.019676,-0.015383,-0.772368,0.069005,-0.631229,
3842,952845094,8.178467,7.619571,-0.444447,17.751307,55.293274,-5.900315,-0.014726,-0.767267,0.066494,-0.637701,
3843,952861761,9.539821,7.588485,-0.647586,25.363703,73.163391,-28.196825,-0.015462,-0.760654,0.060741,-0.646124,
3844,952878428,10.256380,9.142041,-1.187912,15.695249,87.979820,-51.012775,-0.019543,-0.752685,0.053324,-0.655926,
3845,952895095,9.777028,10.070602,-4.685508,-8.372957,74.463936,-80.902145,-0.029005,-0.745982,0.044954,-0.663813,
3846,952911762,5.898288,8.820398,-4.073776,-70.727631,40.673397,-101.195930,-0.046965,-0.742175,0.040527,-0.667329,
3847,952928429,5.759826,6.781141,-1.826611,-42.615608,9.169528,-124.102028,-0.063915,-0.741477,0.031098,-0.667202,
3848,952945096,12.046695,9.783446,-1.265696,-57.584515,-31.491274,-161.289871,-0.085871,-0.744372,0.019470,-0.661934,
3849,952961763,18.322123,6.880656,-2.848140,-93.146736,-27.667099,-167.899506,-0.112265,-0.745928,0.010485,-0.656412,
3850,952978430,21.804482,1.606581,-6.446190,-63.590256,-9.761540,-132.231522,-0.132006,-0.745726,0.002248,-0.653040,
3851,952995097,17.192940,-0.541312,-6.512095,30.942810,68.951141,-121.789940,-0.140465,-0.739520,-0.015348,-0.658136,
3852,953011764,12.798227,1.845944,-2.330688,39.882683,28.361525,-138.440765,-0.149583,-0.737010,-0.034751,-0.658204,
3853,953028431,13.480047,0.818707,-3.387267,20.831779,-11.187744,-135.544708,-0.160597,-0.737565,-0.051146,-0.653904,
3854,953045098,12.517945,0.802797,-2.835893,41.976555,-19.902521,-127.162247,-0.168546,-0.739209,-0.068426,-0.648444,
3855,953061765,12.299890,0.022379,-1.918063,22.309958,-45.250618,-120.618195,-0.178177,-0.742547,-0.082500,-0.640367,
3856,953078432,11.871754,-1.286098,-1.361490,-6.985799,-56.119171,-118.348000,-0.190824,-0.745891,-0.093287,-0.631292,
3857,953095099,10.429809,-2.050318,-1.252810,-31.931732,-69.650238,-114.363159,-0.205918,-0.749551,-0.100938,-0.620953,
3858,953111766,9.619953,-1.470213,-0.868598,-31.570177,-74.366913,-111.299301,-0.220678,-0.753388,-0.108103,-0.609936,
3859,953128433,8.696705,0.195712,0.400061,-67.318253,-73.104591,-103.348328,-0.238535,-0.755771,-0.111219,-0.599617,
3860,953145100,7.516984,0.401580,0.400624,-118.677315,-86.783966,-93.444389,-0.261262,-0.757314,-0.108232,-0.588645,
3861,953161767,6.799076,0.106002,0.685627,-155.773575,-73.170250,-76.622833,-0.286236,-0.756014,-0.100656,-0.579982,
3862,953178434,6.061407,-2.358544,-0.688219,-166.587067,-67.598816,-50.376438,-0.309887,-0.753609,-0.089439,-0.572750,
3863,953195101,5.634617,-5.077271,-2.034645,-124.973404,-65.694633,-16.276018,-0.325930,-0.752923,-0.077982,-0.566387,
3864,953211768,4.596253,-7.613060,-1.854512,-69.193970,-84.530312,13.379523,-0.333521,-0.756512,-0.066950,-0.558542,
3865,953228435,6.118880,-6.001641,2.319053,-70.204597,-82.973564,44.023434,-0.338625,-0.760021,-0.052519,-0.552216,
3866,953245102,8.670425,-2.346496,8.145576,-171.965622,-17.612797,83.355591,-0.351136,-0.753164,-0.028759,-0.555536,
3867,953261769,7.873965,-1.554392,7.093667,-129.697159,52.940014,102.530121,-0.356923,-0.742308,-0.009892,-0.566998,
3868,953278436,4.669633,2.486303,2.707792,88.438240,38.158886,85.267708,-0.340429,-0.743602,-0.010103,-0.575379,
3869,953295103,7.372379,8.385877,-0.600770,184.081177,27.654549,74.540016,-0.314305,-0.750052,-0.018951,-0.581613,
3870,953311770,14.798918,10.905707,-11.946810,253.296417,25.966686,34.421494,-0.283685,-0.758861,-0.037931,-0.584990,
3871,953328437,6.456781,18.146412,-19.288385,440.556183,-44.584812,-115.720154,-0.244757,-0.778358,-0.086365,-0.571659,
3872,953345104,9.847767,17.153486,-13.462801,428.388519,-57.900352,-141.246750,-0.208419,-0.794794,-0.135827,-0.553547,
3873,953361771,22.400604,13.699681,3.733532,49.271038,-120.871689,64.137939,-0.200094,-0.806969,-0.128825,-0.540524,
3874,953378438,26.845316,6.281722,19.263042,-376.671112,14.022069,149.489777,-0.232114,-0.796164,-0.082020,-0.552737,
3875,953395105,13.459031,-1.894498,9.045697,8.580040,147.908234,-41.224579,-0.232812,-0.783723,-0.092598,-0.568333,
3876,953411772,7.306345,16.070276,-11.247093,271.367981,208.235291,-69.752136,-0.204752,-0.773596,-0.130031,-0.585420,
3877,953428439,-0.214678,-3.607420,-13.880370,-381.430084,-75.947556,-64.814514,-0.254459,-0.766044,-0.102514,-0.581307,
3878,953445106,20.278809,-21.227304,0.127154,-40.054489,-83.781258,-59.271240,-0.265349,-0.770507,-0.102752,-0.570394,
3879,953461773,7.833010,-20.452429,-10.378049,234.065750,79.368134,59.910683,-0.232972,-0.773173,-0.118580,-0.577812,
3880,953478440,3.362893,0.296256,-6.924853,326.147095,38.664421,143.307602,-0.183466,-0.782247,-0.131140,-0.580716,
3881,953495107,6.308113,11.916784,-2.465858,205.019470,12.290182,158.755066,-0.146548,-0.789007,-0.130744,-0.582149,
3882,953511774,17.787006,11.997300,0.245416,95.264572,-158.617874,141.061783,-0.126787,-0.806559,-0.119281,-0.564942,
3883,953528441,19.558758,7.584955,-6.487712,-188.663422,87.070778,29.548557,-0.145099,-0.795921,-0.101979,-0.578840,
3884,953545108,4.454012,-1.212930,-10.131215,-55.173050,192.516479,47.822659,-0.144724,-0.778760,-0.095928,-0.602814,
3885,953561775,2.449036,1.766356,4.055962,29.596586,-53.042862,89.727142,-0.134415,-0.785052,-0.087339,-0.598328,
3886,953578442,7.922921,0.544017,-4.745372,-116.326904,-15.673788,107.826744,-0.138666,-0.785165,-0.064683,-0.600086,
3887,953595109,8.163730,1.206564,-6.092213,-4.786627,-20.180960,121.079636,-0.129005,-0.787713,-0.050129,-0.600293,
3888,953611776,9.314961,2.433810,0.834168,-59.950714,-22.223494,108.151405,-0.126766,-0.789061,-0.032185,-0.600231,
3889,953628443,10.032792,-0.671950,-3.427917,-93.415718,-31.761749,87.819580,-0.130143,-0.790254,-0.013467,-0.598648,
3890,953645110,10.563407,-0.117215,-2.583703,-37.700642,-8.537679,89.695625,-0.126869,-0.790261,0.000182,-0.599492,
3891,953661777,10.303556,1.130552,-1.143903,-52.118065,-2.010246,95.832619,-0.124688,-0.789257,0.015673,-0.601065,
3892,953678444,9.570361,1.012234,-3.471333,-39.351265,-3.633121,101.379974,-0.120523,-0.788419,0.030711,-0.602433,
3893,953695111,8.972766,1.578611,-2.128525,-22.166113,-11.397318,105.775894,-0.113936,-0.788350,0.044875,-0.602917,
3894,953711778,9.185767,2.092587,-1.512415,-6.650311,-29.805840,102.354523,-0.105724,-0.789986,0.057582,-0.601189,
3895,953728445,10.044733,3.038867,-1.191310,21.569775,-30.113420,91.255402,-0.095215,-0.792005,0.066537,-0.599362,
3896,953745112,10.913630,4.783304,-2.393179,41.531124,-16.153418,82.317871,-0.083303,-0.793020,0.072515,-0.599100,
3897,953761779,10.368430,6.746738,-3.200670,63.104759,13.912517,84.098007,-0.069051,-0.791495,0.076440,-0.602432,
3898,953778446,7.808741,8.017883,-3.683864,80.806282,33.780933,87.392349,-0.052677,-0.788153,0.078970,-0.608115,
3899,953795113,6.457719,8.297715,-1.807622,50.632889,25.680731,75.255905,-0.040732,-0.785238,0.082817,-0.612276,
3900,953811780,7.946671,7.600901,-0.736136,29.911615,17.568081,46.651161,-0.033603,-0.783169,0.085279,-0.615015,
3901,953828447,8.522996,7.130572,-0.807509,35.864727,28.765512,20.900232,-0.028239,-0.780400,0.084213,-0.618940,
3902,953845114,7.517983,6.891851,-1.343930,41.168842,48.067963,0.644297,-0.024335,-0.776108,0.080284,-0.624995,
3903,953861781,7.808285,5.914642,-1.845973,54.198555,69.187492,-16.915846,-0.020803,-0.770048,0.073100,-0.633443,
3904,953878448,9.344264,8.144898,-1.948848,67.420296,82.522293,-40.136475,-0.018070,-0.762873,0.062039,-0.643311,
3905,953895115,11.224226,9.464384,-3.040683,26.785839,81.512131,-70.984734,-0.022721,-0.755755,0.051341,-0.652443,
3906,953911782,8.608561,9.891932,-5.406480,-31.731491,57.552166,-97.602493,-0.036148,-0.750700,0.043330,-0.658229,
3907,953928449,8.156992,7.829064,-3.267443,-46.790272,26.872135,-130.009720,-0.054119,-0.748433,0.033366,-0.660155,
3908,953945116,12.633209,7.835821,-0.716734,-42.378036,0.889730,-152.889877,-0.073658,-0.748442,0.020674,-0.658772,
3909,953961783,15.589087,5.797999,-1.795166,-47.853191,3.568073,-153.892975,-0.093857,-0.747725,0.008354,-0.657289,
3910,953978450,16.372345,1.977482,-2.831512,-26.930347,13.008201,-133.853821,-0.109833,-0.746002,-0.003922,-0.656811,
3911,953995117,17.740177,-0.918421,-6.779077,21.639008,14.897478,-122.165909,-0.119382,-0.744604,-0.019597,-0.656452,
3912,954011784,16.339186,1.993516,-5.647077,97.827072,32.277039,-130.934555,-0.121409,-0.742498,-0.043785,-0.657296,
3913,954028451,12.413498,3.859526,-3.358670,51.868309,15.437812,-141.889481,-0.129486,-0.740718,-0.064443,-0.656061,
3914,954045118,11.174801,2.453635,-2.790696,34.821609,-21.673607,-128.959351,-0.138455,-0.741951,-0.081354,-0.650938,
3915,954061785,12.204297,1.249221,-2.315963,33.124992,-51.835041,-112.242081,-0.146329,-0.745927,-0.095662,-0.642673,
3916,954078452,12.669059,-0.249624,-2.023375,13.125332,-60.242268,-106.392227,-0.155892,-0.750093,-0.107254,-0.633683,
3917,954095119,10.870578,-1.027259,-0.931592,-11.105435,-63.133030,-110.593132,-0.168477,-0.753658,-0.116968,-0.624446,
3918,954111786,9.751712,-0.196921,0.009208,-45.437119,-79.150558,-108.939827,-0.184878,-0.757570,-0.122943,-0.613834,
3919,954128453,9.588156,1.233449,1.173916,-91.413940,-78.910355,-104.864876,-0.205884,-0.759925,-0.124309,-0.603882,
3920,954145120,8.552477,1.398511,2.332101,-158.583054,-62.779774,-105.616257,-0.233940,-0.758301,-0.120254,-0.596481,
3921,954161787,7.737055,0.190932,1.141114,-196.677124,-54.551334,-100.933769,-0.265415,-0.754002,-0.112540,-0.590228,
3922,954178454,7.422700,-3.357191,-2.316853,-175.821014,-50.974529,-74.946381,-0.292056,-0.749892,-0.103793,-0.584458,
3923,954195121,7.129148,-5.967516,-3.030285,-141.194244,-41.106747,-38.083324,-0.311443,-0.746473,-0.094317,-0.580419,
3924,954211788,6.162426,-9.070212,-2.668318,-87.391251,-27.684429,-13.488607,-0.322619,-0.744442,-0.087286,-0.578016,
3925,954228455,5.582506,-7.931597,-0.289285,-3.265757,-41.288754,12.674382,-0.322619,-0.747754,-0.083844,-0.574239,
3926,954245122,4.975007,-3.791747,4.135043,-10.756844,-24.928825,43.071888,-0.320678,-0.749686,-0.077231,-0.573735,
3927,954261789,3.911601,-0.095695,6.633271,1.083759,23.481209,58.045433,-0.315630,-0.748247,-0.072224,-0.579040,
3928,954278456,3.400079,4.776565,6.439349,124.684448,27.698940,65.214203,-0.296404,-0.752010,-0.077020,-0.583689,
3929,954295123,6.304595,13.316731,-4.148381,302.204102,27.522724,75.830154,-0.256508,-0.762619,-0.095618,-0.586065,
3930,954311790,12.077343,21.476278,-20.409634,424.475922,-14.339789,56.249268,-0.204565,-0.778821,-0.124956,-0.579634,
3931,954328457,5.027900,19.131445,-20.329332,221.377502,-78.692307,-64.342888,-0.186414,-0.790236,-0.148615,-0.564526,
3932,954345124,10.713741,10.107100,-14.153807,146.157150,-130.837967,-66.392792,-0.178006,-0.803005,-0.164767,-0.544379,
3933,954361791,19.379923,15.333557,31.053219,-438.173920,-45.395065,95.238152,-0.222504,-0.795672,-0.117596,-0.550970,
3934,954378458,31.727501,-7.730556,4.798655,-122.578056,58.180557,156.102615,-0.223289,-0.789205,-0.091687,-0.564704,
3935,954395125,5.697475,16.958700,-3.770876,51.810623,245.289749,6.335136,-0.213607,-0.770151,-0.103255,-0.592096,
3936,954411792,1.416406,4.082525,-8.638553,-320.309082,-63.227009,-44.190109,-0.254189,-0.763938,-0.078679,-0.587874,
3937,954428459,25.076712,-22.881023,-3.360513,-207.809219,-61.543804,-102.315422,-0.286782,-0.759726,-0.070095,-0.579361,
3938,954445126,4.509392,-31.496981,-14.160231,168.317886,66.044022,44.564709,-0.263850,-0.761207,-0.082218,-0.586675,
3939,954461793,4.470854,-8.200426,-5.131836,387.618744,0.199585,142.561279,-0.208510,-0.776247,-0.099483,-0.586572,
3940,954478460,8.330423,6.215742,-5.777289,311.984772,18.385118,196.576706,-0.156151,-0.785724,-0.104434,-0.589362,
3941,954495127,26.614634,17.054306,0.491849,191.925018,-233.767548,180.309006,-0.122302,-0.811690,-0.094948,-0.563193,
3942,954511794,18.538954,16.399355,-2.621002,-255.472855,153.061966,34.090965,-0.147610,-0.794174,-0.072750,-0.584983,
3943,954528461,-0.374437,-4.090796,-13.005314,-193.942963,251.413284,64.535095,-0.161881,-0.768287,-0.054232,-0.616918,
3944,954545128,1.860966,-0.343897,1.753277,93.016937,-152.075439,120.884911,-0.141961,-0.784568,-0.045569,-0.601849,
3945,954561795,10.236121,2.215890,0.076594,-166.938812,-22.442947,133.770950,-0.149575,-0.783461,-0.015317,-0.602976,
3946,954578462,7.627309,-1.078198,-11.080320,-80.766586,-29.827040,132.906357,-0.147351,-0.784287,0.007456,-0.602600,
3947,954595129,10.177238,2.733558,0.558198,-49.394855,-31.310383,129.913605,-0.141736,-0.785550,0.027166,-0.601734,
3948,954611796,8.178490,-0.818083,-0.285109,-141.762070,-39.126671,123.723732,-0.147101,-0.785145,0.054395,-0.599123,
3949,954628463,11.317969,-2.934541,-2.185030,-78.818634,-71.449059,120.117226,-0.145241,-0.788417,0.076386,-0.592848,
3950,954645130,13.879017,-3.145907,0.084163,-82.019417,-42.322098,126.707130,-0.143423,-0.788622,0.098753,-0.589706,
3951,954661797,12.607098,-1.195165,-1.064640,11.026293,-15.493753,135.072388,-0.130535,-0.787992,0.113496,-0.590887,
3952,954678464,10.626112,2.179325,-0.620066,86.069984,2.695827,116.433472,-0.110895,-0.787207,0.119263,-0.594797,
3953,954695131,8.971301,4.383995,-1.309456,132.130127,5.767826,92.642349,-0.088040,-0.786926,0.118214,-0.599184,
3954,954711798,10.586983,8.019305,-4.340413,144.476105,16.403082,79.426529,-0.065060,-0.785664,0.114374,-0.604498,
3955,954728465,7.847825,8.401167,-5.874535,128.344574,41.626900,76.785667,-0.044543,-0.781654,0.111346,-0.612074,
3956,954745132,6.904065,9.251562,-4.028379,94.498543,28.257994,68.169571,-0.028412,-0.778441,0.110394,-0.617280,
3957,954761799,7.729869,8.215363,-2.555033,74.217857,27.199518,53.350204,-0.015885,-0.775290,0.109557,-0.621828,
3958,954778466,7.620203,5.541624,-3.086619,73.276070,36.786137,33.404835,-0.005423,-0.771451,0.106514,-0.627286,
3959,954795133,7.614413,3.558069,-3.132886,93.443680,49.712227,9.437445,0.004912,-0.766666,0.098908,-0.634362,
3960,954811800,9.588835,4.228518,-2.927569,128.675644,67.834610,-7.292570,0.017368,-0.760163,0.086165,-0.643758,
3961,954828467,8.628149,6.639391,-3.271693,134.479050,91.091141,-20.793074,0.028898,-0.751252,0.071399,-0.655505,
3962,954845134,8.456213,8.976364,-2.651104,119.742645,85.244431,-53.322456,0.035758,-0.742890,0.054420,-0.666239,
3963,954861801,9.869940,10.173180,-1.578634,69.852333,66.539215,-96.398277,0.033182,-0.736599,0.037494,-0.674474,
3964,954878468,7.619457,7.672452,-2.865028,-21.479418,33.584366,-108.791824,0.019770,-0.733794,0.028023,-0.678505,
3965,954895135,8.033450,7.305417,-2.427351,-56.218033,5.195921,-109.185753,0.002717,-0.733664,0.021846,-0.679155,
3966,954911802,9.555544,6.072824,-2.169014,-115.076630,-11.748487,-114.028633,-0.021044,-0.734917,0.020946,-0.677506,
3967,954928469,11.592912,4.512989,-1.841058,-136.476868,-39.593941,-117.943024,-0.047381,-0.738382,0.021806,-0.672362,
3968,954945136,15.962875,4.026742,-2.740563,-163.220520,-61.861282,-126.927757,-0.077357,-0.743228,0.024447,-0.664100,
3969,954961803,18.540083,3.332521,-5.162139,-142.690887,-52.223316,-133.658234,-0.105728,-0.746702,0.024248,-0.656254,
3970,954978470,17.172434,2.529273,-3.977155,-102.648537,-20.470490,-134.828247,-0.129897,-0.747202,0.019593,-0.651484,
3971,954995137,15.295847,0.419200,-2.770126,-68.415619,-13.578955,-134.710892,-0.150282,-0.747274,0.011567,-0.647195,
3972,955011804,16.286840,-0.648894,-1.775551,-13.125394,-14.485088,-130.644180,-0.164207,-0.748307,-0.001206,-0.642706,
3973,955028471,15.431092,-0.472986,0.461561,19.006838,4.692699,-125.646973,-0.174102,-0.748042,-0.016896,-0.640184,
3974,955045138,13.548737,-0.659263,1.105668,7.753842,-2.430304,-124.243286,-0.185047,-0.747902,-0.031197,-0.636731,
3975,955061805,13.241050,-1.131307,0.093534,22.187061,-15.306828,-121.271004,-0.194141,-0.749105,-0.046153,-0.631680,
3976,955078472,13.143008,-1.182951,0.331337,26.727890,-15.677041,-123.105026,-0.202842,-0.750203,-0.061699,-0.626293,
3977,955095139,11.580666,-1.946059,0.725715,-0.006647,-16.760796,-126.596832,-0.214716,-0.750316,-0.075133,-0.620707,
3978,955111806,9.848934,-2.409457,0.871374,0.045984,-39.094704,-122.945358,-0.226419,-0.752220,-0.087449,-0.612577,
3979,955128473,8.726139,-2.037956,0.359933,-24.060478,-37.313736,-118.416328,-0.240251,-0.752965,-0.097147,-0.604885,
3980,955145140,7.683331,-1.709573,0.318769,-42.328735,-36.031136,-108.768906,-0.255133,-0.752842,-0.104192,-0.597728,
3981,955161807,7.324162,-1.310141,-0.896655,-37.168392,-34.662861,-97.336243,-0.268361,-0.752746,-0.110453,-0.590894,
3982,955178474,6.276421,-1.058855,-1.152184,-39.949852,-16.899948,-86.893768,-0.280645,-0.751007,-0.115997,-0.586320,
3983,955195141,5.617163,-2.512727,-1.603844,-28.271875,-13.542830,-70.478767,-0.290149,-0.749610,-0.120861,-0.582487,
3984,955211808,5.264197,-4.255934,-1.367106,7.238260,-14.732341,-43.124409,-0.293457,-0.750226,-0.125688,-0.579004,
3985,955228475,4.695252,-4.369134,-1.329242,58.280777,-8.406339,-16.118448,-0.288784,-0.752937,-0.132127,-0.576396,
3986,955245142,4.252830,1.267643,0.481953,92.849403,-19.632750,20.333773,-0.277443,-0.758639,-0.136981,-0.573348,
3987,955261809,3.957945,7.321387,1.209233,76.381187,-11.723267,52.293522,-0.265045,-0.763513,-0.137229,-0.572684,
3988,955278476,3.441600,9.957944,-0.530363,98.598351,7.168007,67.901398,-0.248442,-0.767798,-0.138291,-0.574141,
3989,955295143,2.955927,11.022912,-4.825510,101.069885,-9.604165,75.365082,-0.231202,-0.773482,-0.138078,-0.573764,
3990,955311810,5.337483,8.700310,-12.942378,106.850960,-54.299282,64.717072,-0.215019,-0.782601,-0.137995,-0.567679,
3991,955328477,8.711802,9.771482,-12.638649,60.650913,-52.848660,31.662439,-0.206737,-0.789287,-0.137871,-0.561496,
3992,955345144,34.587395,24.803633,5.651923,4.366930,-48.933723,90.257996,-0.200015,-0.794993,-0.126518,-0.558545,
3993,955361811,18.944334,21.425320,14.114830,-81.000526,107.701088,1.725843,-0.207417,-0.783616,-0.122985,-0.572537,
3994,955378478,8.315706,-3.504459,6.729537,-433.022125,95.136871,-125.687561,-0.265229,-0.758470,-0.103994,-0.586141,
3995,955395145,11.519098,-23.351778,-13.528902,-83.211586,53.672703,-74.398132,-0.280102,-0.749266,-0.107296,-0.590449,
3996,955411812,5.561253,-22.058710,-12.669158,82.288193,34.222469,31.261572,-0.268084,-0.749934,-0.112471,-0.594205,
3997,955428479,1.409518,-15.836238,-8.168805,327.994873,15.005033,109.307968,-0.222480,-0.762107,-0.129454,-0.594085,
3998,955445146,10.459008,2.417049,-6.246850,366.540680,-53.456860,187.901093,-0.166425,-0.780577,-0.138443,-0.586375,
3999,955461813,28.715120,14.267813,-3.798093,317.438568,-156.556244,175.315521,-0.118509,-0.803705,-0.141705,-0.565627,
4000,955478480,18.597160,23.024582,-3.041143,-123.846565,104.875809,50.373245,-0.126813,-0.793591,-0.127503,-0.581269,
4001,955495147,0.078755,4.226678,-6.578014,-324.840179,281.741333,14.174780,-0.157795,-0.762355,-0.103474,-0.619038,
4002,955511814,2.294624,-4.644304,-4.403918,7.946575,-143.274017,73.435379,-0.152607,-0.776188,-0.092837,-0.604669,
4003,955528481,11.969738,-2.762113,0.905768,-93.812088,-29.692984,127.165314,-0.152562,-0.778083,-0.069656,-0.605359,
4004,955545148,9.681480,-5.607739,-7.917619,-64.050865,-5.063614,141.732956,-0.147535,-0.778210,-0.047954,-0.608542,
4005,955561815,10.488742,1.149384,-3.270909,21.161112,-13.236138,134.880173,-0.133456,-0.780494,-0.034370,-0.609784,
4006,955578482,9.201756,2.563834,-0.608419,-47.982983,-25.063818,120.154449,-0.128540,-0.782119,-0.016083,-0.609515,
4007,955595149,9.755836,2.747356,-2.275885,-40.592281,-42.028133,119.438934,-0.122839,-0.785100,0.001790,-0.607063,
4008,955611816,12.138353,0.735899,-1.942604,-48.777664,-32.002594,107.618759,-0.119079,-0.786786,0.018856,-0.605336,
4009,955628483,14.364238,-2.437205,-2.825790,-46.895206,-22.618383,109.019669,-0.114968,-0.787434,0.035749,-0.604526,
4010,955645150,14.430617,-1.949610,-0.865246,-26.488110,-8.135996,126.642433,-0.107006,-0.786801,0.052613,-0.605578,
4011,955661817,11.462599,-0.082792,-2.187959,34.770988,1.059153,136.359421,-0.091207,-0.785938,0.065031,-0.608074,
4012,955678484,9.764583,3.166297,-1.804687,75.636536,5.509134,134.582657,-0.070894,-0.784883,0.073543,-0.611166,
4013,955695151,10.744611,6.646658,-0.979736,109.636154,18.928738,119.903641,-0.048113,-0.782730,0.077182,-0.615680,
4014,955711818,8.857712,8.951490,-1.202658,117.925583,34.892414,104.106834,-0.025960,-0.778951,0.078124,-0.621657,
4015,955728485,6.058288,10.353539,-2.514235,70.556931,28.175566,85.543907,-0.010766,-0.775496,0.081233,-0.626012,
4016,955745152,6.822291,8.507262,-4.279094,43.884964,17.657579,69.241020,0.000056,-0.772988,0.084931,-0.628710,
4017,955761819,8.935726,7.182557,-4.739038,64.606606,31.868259,58.964989,0.012087,-0.769183,0.085563,-0.633158,
4018,955778486,8.606112,7.270360,-2.624147,108.684067,64.221344,46.881195,0.027526,-0.762259,0.080815,-0.641617,
4019,955795153,5.659059,6.122429,-2.283960,136.680374,89.037254,22.250423,0.043461,-0.752834,0.070783,-0.652949,
4020,955811820,3.840346,4.734833,-3.046705,143.298843,91.887917,-9.287630,0.057067,-0.742975,0.056644,-0.664472,
4021,955828487,6.140738,5.032574,-4.754347,118.637543,75.257553,-51.020699,0.064081,-0.734867,0.040207,-0.673978,
4022,955845154,13.226678,8.977969,-3.761466,104.942322,51.408024,-98.477921,0.065085,-0.729147,0.019796,-0.680967,
4023,955861821,12.469008,10.087212,-2.070041,49.853279,70.260445,-112.249725,0.058793,-0.721782,0.003547,-0.689610,
4024,955878488,6.184743,10.259526,-0.758599,-18.005672,47.307121,-100.197151,0.046571,-0.717037,-0.004831,-0.695460,
4025,955895155,5.975096,12.273070,-1.101507,-101.493645,6.946067,-107.511703,0.024855,-0.716667,-0.005804,-0.696948,
4026,955911822,9.513616,8.738138,-2.089710,-226.815033,-49.166149,-110.683739,-0.010317,-0.721756,0.005393,-0.692049,
4027,955928489,14.660016,4.271010,-4.361115,-296.620636,-101.993484,-108.495125,-0.052529,-0.730697,0.023905,-0.680258,
4028,955945156,19.810305,2.085685,-6.935773,-254.084213,-89.726227,-131.597122,-0.092446,-0.737273,0.035615,-0.668292,
4029,955961823,19.075993,1.806891,-5.902261,-169.699692,-23.554058,-145.508774,-0.124875,-0.737519,0.036689,-0.662665,
4030,955978490,15.700451,-0.549136,-4.514101,-105.040794,3.688377,-143.557495,-0.150218,-0.735652,0.031213,-0.659754,
4031,955995157,16.249462,-0.927349,-2.164922,-15.629939,-0.565379,-145.103424,-0.166039,-0.735734,0.017071,-0.656380,
4032,956011824,17.350670,-0.718754,-0.963045,43.569206,8.067326,-146.343307,-0.175581,-0.736069,-0.003072,-0.653731,
4033,956028491,15.197692,-0.641144,-0.496807,70.519562,13.065606,-143.908722,-0.181910,-0.736228,-0.025640,-0.651321,
4034,956045158,12.769816,0.365852,-0.675575,70.215469,-13.931443,-141.386780,-0.188031,-0.738545,-0.047180,-0.645732,
4035,956061825,12.595790,1.308192,-0.926107,57.938438,-36.834488,-133.135681,-0.194755,-0.742357,-0.066028,-0.637664,
4036,956078492,12.070065,0.303575,-0.719980,13.056643,-51.919147,-128.988525,-0.205996,-0.746004,-0.079809,-0.628230,
4037,956095159,10.170033,-0.918485,0.179829,-30.846954,-58.689091,-131.793472,-0.222242,-0.748591,-0.089643,-0.618210,
4038,956111826,9.210261,-2.470655,-0.164697,-86.328941,-61.193897,-132.288864,-0.244483,-0.749197,-0.094412,-0.608291,
4039,956128493,8.917670,-3.919808,-0.690817,-67.760002,-70.638649,-127.452263,-0.264258,-0.750927,-0.099902,-0.596905,
4040,956145160,8.197906,-4.241685,-0.083080,-70.855888,-54.580582,-112.039902,-0.282664,-0.750994,-0.104007,-0.587615,
4041,956161827,7.643318,-5.008138,-0.158887,-81.568390,-26.222885,-92.628960,-0.300039,-0.748195,-0.106198,-0.582153,
4042,956178494,5.386019,-6.440974,-0.246411,-35.553371,-6.580318,-70.877747,-0.310186,-0.745897,-0.110748,-0.578928,
4043,956195161,4.376839,-7.980664,-1.182308,30.275425,-39.721394,-44.935989,-0.311501,-0.749689,-0.116515,-0.572151,
4044,956211828,3.728863,-4.623255,-0.310350,91.976265,-26.238564,-8.704642,-0.302796,-0.755663,-0.124058,-0.567360,
4045,956228495,2.709439,2.638834,1.269189,129.766373,7.110193,30.716021,-0.285996,-0.761047,-0.131819,-0.567130,
4046,956245162,-0.053972,7.177035,2.284607,139.598251,16.126753,59.217407,-0.265463,-0.766316,-0.137555,-0.568653,
4047,956261829,0.808680,9.487466,-1.917831,149.284912,-1.901568,94.371689,-0.241157,-0.773718,-0.139401,-0.569008,
4048,956278496,1.446762,12.053496,-19.818092,287.581299,-56.715630,127.169029,-0.199363,-0.790088,-0.146885,-0.560749,
4049,956295163,6.494266,10.651408,-22.877230,203.966919,-133.794205,79.985672,-0.172316,-0.807930,-0.150483,-0.543058,
4050,956311830,23.104197,19.443264,2.890508,-29.951715,-113.449829,40.961174,-0.175242,-0.816771,-0.140576,-0.531426,
4051,956328497,39.474812,28.367571,20.677589,-407.151947,16.986609,148.441315,-0.211607,-0.806358,-0.091801,-0.544593,
4052,956345164,11.141114,17.377028,8.794150,-179.814529,107.521301,-90.649956,-0.238528,-0.790503,-0.091592,-0.556614,
4053,956361831,13.040357,-11.894992,-3.240295,-468.619080,123.334435,-120.365814,-0.300037,-0.760430,-0.071695,-0.571475,
4054,956378498,18.946997,-48.427261,-15.347389,-89.924522,66.807915,-127.701180,-0.320016,-0.749224,-0.081382,-0.574134,
4055,956395165,-3.908218,-27.733679,-7.924356,314.182037,73.696236,22.549458,-0.282869,-0.756972,-0.108624,-0.578946,
4056,956411832,5.463131,-5.293258,-8.478868,514.664246,33.933849,107.314728,-0.216042,-0.774594,-0.141317,-0.577372,
4057,956428499,10.662092,6.334410,-11.938360,405.491455,-13.230991,188.449219,-0.154556,-0.790523,-0.153531,-0.572375,
4058,956445166,43.736477,27.571562,1.822339,225.612244,-319.536621,167.950851,-0.121657,-0.824274,-0.145641,-0.533441,
4059,956461833,15.566087,17.057873,-16.833193,-283.608795,524.124023,3.205209,-0.143984,-0.775463,-0.132109,-0.600393,
4060,956478500,-17.294352,-1.771090,-10.300638,-112.133369,207.706085,28.569534,-0.150234,-0.754910,-0.123470,-0.626335,
4061,956495167,7.902119,2.285691,6.365787,106.359909,-313.892731,89.218750,-0.136069,-0.786335,-0.116454,-0.591269,
4062,956511834,13.187233,-4.444201,-7.864027,-187.384766,58.548565,114.197960,-0.146793,-0.778953,-0.088485,-0.603202,
4063,956528501,11.201122,-2.692567,-9.839790,6.601089,-30.076206,139.026291,-0.134388,-0.783219,-0.072758,-0.602672,
4064,956545168,14.791832,4.098540,-2.795245,-18.157608,2.640956,120.884804,-0.125995,-0.783658,-0.057538,-0.605553,
4065,956561835,4.848925,-0.037070,-2.752424,-88.061890,34.564922,117.636429,-0.125537,-0.779667,-0.037094,-0.612358,
4066,956578502,6.900449,1.154881,-3.254739,-28.867508,-73.976921,119.713776,-0.118711,-0.786082,-0.019687,-0.606295,
4067,956595169,11.132438,0.593584,-2.148088,-36.918148,-33.845345,107.182617,-0.113752,-0.788503,-0.003689,-0.604408,
4068,956611836,13.688255,-1.630388,-3.199493,-10.090482,-27.213722,110.298706,-0.105407,-0.790566,0.010200,-0.603150,
4069,956628503,12.747647,-1.363726,-2.248562,13.141576,13.888990,114.854401,-0.094021,-0.789157,0.021943,-0.606556,
4070,956645170,11.552312,1.171434,-0.534552,40.467136,14.302461,121.356483,-0.078896,-0.787816,0.032010,-0.609997,
4071,956661837,11.138239,4.222879,0.109546,68.872932,15.719595,130.226471,-0.059704,-0.786319,0.040543,-0.613591,
4072,956678504,11.306441,9.026100,1.124996,80.162308,17.983480,127.844955,-0.039423,-0.784362,0.047758,-0.617204,
4073,956695171,7.654055,10.481637,-0.135752,78.976189,39.815334,119.287109,-0.020182,-0.780129,0.053953,-0.622961,
4074,956711838,3.045706,7.596641,-3.530062,43.475880,32.634590,91.349831,-0.007442,-0.776390,0.060194,-0.627328,
4075,956728505,6.127524,6.476694,-4.799231,45.748688,11.800051,56.152302,0.002525,-0.774730,0.062263,-0.629214,
4076,956745172,11.073458,8.713063,-2.636367,76.311935,30.677549,37.358173,0.014040,-0.771394,0.059414,-0.633422,
4077,956761839,10.513080,7.836880,-1.492875,108.420219,76.211479,28.975985,0.027983,-0.763656,0.052741,-0.642857,
4078,956778506,6.698112,5.809167,-1.438105,131.109253,100.736031,19.567970,0.043360,-0.753233,0.042973,-0.654914,
4079,956795173,4.816113,4.703660,-3.729240,124.673042,96.681953,-7.333829,0.055467,-0.742986,0.030819,-0.666292,
4080,956811840,7.254580,7.095213,-6.822784,94.482857,74.420197,-58.133598,0.059462,-0.735030,0.015906,-0.675235,
4081,956828507,13.180863,13.704530,-6.073433,67.945099,42.151188,-106.599464,0.055909,-0.730306,-0.001869,-0.680825,
4082,956845174,7.822090,11.976251,-2.067692,-25.081102,48.296558,-109.711929,0.042142,-0.725472,-0.010718,-0.686876,
4083,956861841,5.608630,14.457273,2.188737,-59.670635,-1.604534,-101.297951,0.025470,-0.725621,-0.015530,-0.687447,
4084,956878508,8.230336,12.882518,-0.726055,-212.906525,-41.380527,-123.900688,-0.009745,-0.729667,-0.007547,-0.683691,
4085,956895175,12.867696,5.359398,-3.485435,-278.716187,-74.868279,-148.321030,-0.054388,-0.735614,0.004441,-0.675199,
4086,956911842,21.933268,1.365690,-7.279127,-223.954483,-111.996605,-148.624969,-0.093075,-0.744149,0.011305,-0.661401,
4087,956928509,24.174273,1.592718,-8.507772,-95.433662,-22.166155,-125.240425,-0.115650,-0.744871,0.007111,-0.657070,
4088,956945176,15.203827,-0.563713,-4.246946,-67.248428,55.833328,-134.878403,-0.136110,-0.738212,-0.002134,-0.660691,
4089,956961843,12.155399,-0.286992,-1.681634,-23.403414,1.436747,-146.796707,-0.152950,-0.737261,-0.015795,-0.657877,
4090,956978510,12.934078,0.633909,-1.821747,24.041111,-16.487822,-143.689392,-0.164373,-0.738741,-0.033255,-0.652791,
4091,956995177,12.187147,0.620816,-2.074310,37.394566,-19.548519,-139.928741,-0.173943,-0.740509,-0.051487,-0.647100,
4092,957011844,11.480053,-0.056950,-1.689364,40.322266,-40.591202,-136.382568,-0.182939,-0.744014,-0.069057,-0.638910,
4093,957028511,11.626425,-1.009737,-1.622229,23.550173,-62.624393,-132.861328,-0.193555,-0.748806,-0.084067,-0.628298,
4094,957045178,10.852230,-1.575241,-0.987034,-20.817261,-71.243225,-136.412613,-0.209335,-0.752723,-0.095123,-0.616878,
4095,957061845,9.487281,-2.239561,0.516520,-64.613136,-69.070595,-146.584732,-0.230666,-0.754530,-0.103372,-0.605633,
4096,957078512,8.842443,-2.971906,0.437312,-97.141212,-75.941193,-150.311493,-0.255826,-0.755243,-0.108857,-0.593557,
4097,957095179,8.853518,-4.711366,-0.934436,-62.115852,-84.054916,-134.538452,-0.275722,-0.757669,-0.115251,-0.580200,
4098,957111846,9.097181,-5.336557,-0.857359,-34.633121,-70.931099,-97.985878,-0.289148,-0.760339,-0.120406,-0.569017,
4099,957128513,7.675957,-4.809211,0.011581,-61.324520,-34.772915,-72.514389,-0.302701,-0.759127,-0.122018,-0.563213,
4100,957145180,5.746259,-3.935460,-0.907415,-58.673271,-9.769348,-44.155319,-0.313140,-0.756357,-0.121795,-0.561277,
4101,957161847,3.700557,-0.559134,0.688446,-18.355976,-18.732855,-4.329543,-0.316027,-0.756811,-0.120063,-0.559418,
4102,957178514,2.791133,1.716870,2.438162,-6.758917,-6.814368,31.662476,-0.314494,-0.757442,-0.115858,-0.560314,
4103,957195181,3.310953,4.917418,4.713104,10.199781,0.557533,64.145905,-0.308305,-0.758754,-0.109787,-0.563193,
4104,957211848,4.838543,7.501994,2.290911,35.662739,0.691784,104.423607,-0.295955,-0.761711,-0.101345,-0.567394,
4105,957228515,8.206882,9.790266,-12.916117,201.150665,-15.829834,116.625252,-0.264311,-0.772804,-0.104426,-0.567458,
4106,957245182,10.315954,15.705734,-23.838726,283.672852,-96.508713,35.765816,-0.230892,-0.791323,-0.120144,-0.553228,
4107,957261849,12.858724,16.365595,-9.119595,129.318726,-117.397324,-52.377678,-0.222384,-0.803779,-0.132736,-0.535598,
4108,957278516,30.101799,17.383848,20.723402,-165.559387,-22.319813,66.619156,-0.237092,-0.801034,-0.111433,-0.538251,
4109,957295183,22.041090,0.560954,12.611820,-41.344276,98.098862,47.457466,-0.236767,-0.792434,-0.106182,-0.552010,
4110,957311850,8.458194,6.306059,-0.947841,-65.748573,168.774445,3.716442,-0.241554,-0.776245,-0.106391,-0.572517,
4111,957328517,7.328529,-9.386390,-4.890281,-187.421677,47.218712,-25.793362,-0.264232,-0.764855,-0.095449,-0.579713,
4112,957345184,10.031361,-27.001835,-10.668867,11.117280,22.798859,-48.841911,-0.266985,-0.762497,-0.102826,-0.580295,
4113,957361851,5.750327,-16.732210,-8.808892,255.775375,25.664124,72.807991,-0.232081,-0.770623,-0.117382,-0.581807,
4114,957378518,8.132772,-3.299285,-6.712051,371.205109,37.118050,161.492935,-0.175976,-0.781271,-0.131850,-0.584177,
4115,957395185,11.775126,9.761172,-8.208736,274.777496,11.207654,193.041962,-0.128113,-0.789976,-0.133501,-0.584553,
4116,957411852,21.011623,16.850292,-0.905768,82.163521,-57.571541,117.228973,-0.109962,-0.798340,-0.126016,-0.578517,
4117,957428519,8.085600,11.110481,-3.799483,-196.198502,94.953758,51.883499,-0.126751,-0.787597,-0.105043,-0.593794,
4118,957445186,2.901942,-0.773411,-5.025626,-120.010086,45.829418,65.124382,-0.134328,-0.782106,-0.088147,-0.602076,
4119,957461853,6.951801,-0.901126,-0.111673,-39.398617,-27.342140,108.973167,-0.129786,-0.784875,-0.071858,-0.601634,
4120,957478520,9.269569,-3.193528,-4.634014,-61.566799,4.409680,132.494125,-0.125334,-0.784401,-0.051518,-0.605270,
4121,957495187,10.804077,1.072437,-4.845481,-16.157948,-23.096294,129.254822,-0.116139,-0.786837,-0.035021,-0.605122,
4122,957511854,9.418957,1.477216,-4.267424,-55.781479,7.049016,112.947319,-0.112719,-0.785594,-0.017398,-0.608139,
4123,957528521,7.599276,0.179156,-3.568541,-50.755997,-39.582603,116.688400,-0.108471,-0.788293,0.000976,-0.605662,
4124,957545188,10.928851,0.156074,-2.087901,-44.551239,-57.820694,119.945923,-0.103180,-0.792390,0.019466,-0.600910,
4125,957561855,13.966487,-0.795044,-3.201528,-22.744875,-25.395266,112.970490,-0.096041,-0.793724,0.034753,-0.599641,
4126,957578522,14.684895,-0.850440,-2.626794,-1.674002,0.206929,119.368828,-0.086011,-0.792857,0.048574,-0.601349,
4127,957595189,12.548797,0.846908,-0.463081,48.634182,9.691345,129.691223,-0.069314,-0.791439,0.059050,-0.604427,
4128,957611856,12.474771,4.749329,-0.824650,98.616577,10.129583,131.845749,-0.046645,-0.790086,0.065347,-0.607715,
4129,957628523,14.891801,10.454824,-1.689101,136.245621,31.685213,121.410469,-0.020754,-0.786674,0.066931,-0.613378,
4130,957645190,9.852427,13.855119,-3.010579,137.136841,75.409447,105.804031,0.003432,-0.778940,0.066464,-0.623557,
4131,957661857,5.978660,15.563616,-3.080457,97.965202,73.031433,68.844925,0.019843,-0.771345,0.065320,-0.632745,
4132,957678524,6.036243,16.327068,-1.053160,92.613312,82.562508,16.426710,0.030724,-0.763101,0.058786,-0.642866,
4133,957695191,5.533687,13.031651,-1.725918,80.068810,105.117004,-32.174789,0.035458,-0.752943,0.048106,-0.655366,
4134,957711858,3.925158,12.100925,-3.100244,64.805740,114.358757,-62.816589,0.035513,-0.741877,0.035548,-0.668650,
4135,957728525,4.268921,11.772776,-4.967960,-10.402040,78.558434,-111.339027,0.022901,-0.734613,0.024862,-0.677643,
4136,957745192,8.930845,13.027142,-5.169889,-92.546867,-5.021090,-164.267029,-0.003421,-0.735621,0.016323,-0.677187,
4137,957761859,11.507594,14.418798,-0.935706,-92.955132,-37.252750,-161.973541,-0.029487,-0.739231,0.008068,-0.672758,
4138,957778526,10.820526,9.429112,-0.253992,-148.306335,-8.992830,-163.154221,-0.061632,-0.739163,0.004971,-0.670682,
4139,957795193,13.064142,5.596937,-6.055962,-169.334778,-34.859486,-190.220871,-0.098582,-0.740537,0.001236,-0.664744,
4140,957811860,21.045361,4.317864,-8.823700,-69.870605,-52.028675,-180.604446,-0.123782,-0.744152,-0.010834,-0.656352,
4141,957828527,23.609577,4.748095,-7.162261,72.172813,20.994881,-153.601013,-0.130825,-0.742843,-0.034846,-0.655632,
4142,957845194,17.912424,1.727863,-3.752542,-38.169441,32.147167,-162.878067,-0.150532,-0.737860,-0.049531,-0.656086,
4143,957861861,15.218625,-0.248185,-2.778129,-47.362820,-16.973711,-152.511215,-0.170500,-0.737000,-0.061121,-0.651171,
4144,957878528,13.057294,-0.930584,-1.086194,-49.012199,-27.899752,-140.742142,-0.189536,-0.736850,-0.070987,-0.645049,
4145,957895195,12.791812,-4.077189,-1.245146,-79.146179,-46.679226,-140.075806,-0.211823,-0.737232,-0.077399,-0.636890,
4146,957911862,12.321527,-5.075866,-1.321077,-75.704582,-53.743855,-141.903595,-0.233858,-0.737903,-0.084056,-0.627490,
4147,957928529,11.878420,-5.375750,-0.990278,-60.693192,-53.377552,-143.207397,-0.254251,-0.738593,-0.092183,-0.617527,
4148,957945196,8.421374,-6.699710,-2.250679,-73.616951,-40.726292,-127.698311,-0.274330,-0.737475,-0.097897,-0.609335,
4149,957961863,6.327009,-4.952675,-0.595808,-92.345245,-76.036140,-111.561302,-0.295335,-0.738573,-0.098757,-0.597941,
4150,957978530,4.165318,-8.703716,-2.379951,-99.720276,-24.156666,-92.419342,-0.314576,-0.734754,-0.099097,-0.592754,
4151,957995197,2.690469,-13.127025,-2.523012,2.358544,-33.570545,-74.935654,-0.321445,-0.736465,-0.105907,-0.585726,
4152,958011864,4.808075,-9.119704,4.185503,16.052534,-107.289238,-1.731157,-0.321678,-0.746083,-0.102573,-0.573901,
4153,958028531,7.785937,1.851828,10.900593,-107.422508,-16.764292,67.741859,-0.328062,-0.743183,-0.085595,-0.576826,
4154,958045198,3.750087,4.521613,8.680906,-9.853810,30.157068,89.349625,-0.321417,-0.741068,-0.076682,-0.584490,
4155,958061865,4.372554,11.086002,12.628194,2.207563,11.119332,105.743820,-0.312225,-0.741160,-0.066121,-0.590614,
4156,958078532,7.408450,14.760354,-8.188571,86.485847,-41.602570,141.087387,-0.291296,-0.749632,-0.056570,-0.591605,
4157,958095199,9.968963,18.130518,-36.138477,302.760101,-92.178764,62.412697,-0.253581,-0.769924,-0.071983,-0.581146,
4158,958111866,7.433134,8.429914,-22.558636,397.916382,-91.636818,-148.365997,-0.222243,-0.789106,-0.118819,-0.560180,
4159,958128533,11.344357,7.003018,6.242846,40.759712,-108.788307,-102.861504,-0.227963,-0.797171,-0.130541,-0.543609,
4160,958145200,40.293133,2.282728,28.379259,-429.443298,-99.169319,257.348267,-0.258827,-0.793326,-0.063311,-0.547388,
4161,958161867,22.420332,-4.468225,8.540389,32.745789,212.639496,147.351303,-0.241378,-0.778276,-0.057024,-0.576863,
4162,958178534,3.717985,30.141993,-9.146870,257.733856,197.415710,-37.167564,-0.213626,-0.769427,-0.089842,-0.595210,
4163,958195201,-2.529258,-3.260802,-3.798446,-505.733398,-135.011673,-115.103104,-0.281444,-0.761405,-0.054636,-0.581435,
4164,958211868,22.899763,-27.897615,-10.039109,7.606723,-46.833702,-105.669228,-0.290081,-0.764576,-0.065197,-0.571862,
4165,958228535,11.014498,-30.764839,-17.918831,151.158554,48.159351,115.438721,-0.263291,-0.767585,-0.067073,-0.580510,
4166,958245202,3.489020,-3.793391,-4.935879,408.902893,83.087929,188.019760,-0.200596,-0.776220,-0.083748,-0.591801,
4167,958261869,9.680207,13.841290,-3.008210,146.123718,-16.115786,196.605133,-0.167424,-0.783635,-0.073721,-0.593674,
4168,958278536,21.500900,19.185383,0.569496,92.042702,-349.887939,121.979187,-0.150086,-0.816048,-0.059248,-0.555004,
4169,958295203,14.663645,6.146381,-9.444650,-363.970734,361.302734,18.334831,-0.188421,-0.776719,-0.035553,-0.599950,
4170,958311870,-4.176446,-8.564195,-3.383850,24.260792,29.757908,92.657387,-0.177615,-0.775054,-0.028127,-0.605766,
4171,958328537,10.560257,0.220183,2.851271,-36.091194,-132.026505,126.660408,-0.171192,-0.785863,-0.007358,-0.594187,
4172,958345204,10.863484,-0.933002,-8.917121,-60.051460,19.823109,125.708824,-0.167329,-0.782503,0.011599,-0.599629,
4173,958361871,7.678061,3.092500,-2.644369,19.836123,16.332220,128.857697,-0.154027,-0.781087,0.024027,-0.604650,
4174,958378538,4.101524,2.431921,-0.166600,-80.055153,-24.699139,132.182770,-0.151569,-0.780690,0.046525,-0.604471,
4175,958395205,9.491933,1.246593,-3.737335,-52.778584,-107.588882,115.152534,-0.146870,-0.787872,0.066494,-0.594361,
4176,958411872,15.255367,0.908770,1.323498,-77.697899,-47.094490,120.822990,-0.145044,-0.788825,0.087940,-0.590748,
4177,958428539,14.559016,-3.595649,-4.181911,-31.937037,-25.470091,137.674271,-0.136730,-0.788311,0.106891,-0.590292,
4178,958445206,13.590666,-0.699369,-0.962498,65.496727,-7.483638,121.360069,-0.118867,-0.788120,0.115207,-0.592844,
4179,958461873,13.499661,3.880884,0.105849,111.450127,3.087119,111.430573,-0.096716,-0.787618,0.118187,-0.596939,
4180,958478540,11.854016,11.148104,-3.794546,148.974884,28.996090,102.750343,-0.071410,-0.785062,0.116477,-0.604161,
4181,958495207,7.074599,15.010438,-4.639355,124.114029,52.542145,96.965591,-0.049808,-0.779776,0.115970,-0.613204,
4182,958511874,5.678244,14.724627,-4.611860,109.312271,54.967407,62.529278,-0.032980,-0.774369,0.112799,-0.621724,
4183,958528541,6.241504,14.709195,-2.565964,87.965172,60.096691,13.996655,-0.023026,-0.768946,0.106029,-0.630038,
4184,958545208,4.449193,13.539063,0.377942,82.095993,81.440666,-27.565235,-0.017867,-0.761981,0.095044,-0.640337,
4185,958561875,2.254276,12.313550,1.950739,84.952667,105.639755,-67.093842,-0.016406,-0.753014,0.079308,-0.653001,
4186,958578542,2.420166,10.413217,-1.958278,1.818219,88.166702,-114.275238,-0.028327,-0.745698,0.066300,-0.662372,
4187,958595209,8.708211,7.886451,-4.517511,-85.007484,16.129759,-179.315002,-0.055220,-0.745103,0.054853,-0.662392,
4188,958611876,19.278692,9.936522,-0.309077,-48.065063,-56.668850,-190.968216,-0.078607,-0.751259,0.039121,-0.654141,
4189,958628543,17.216299,5.315288,-1.556719,-48.162380,21.391787,-153.105865,-0.098792,-0.749219,0.026606,-0.654371,
4190,958645210,10.678863,5.431424,0.106206,-38.148205,23.745699,-145.958405,-0.117164,-0.746669,0.013869,-0.654648,
4191,958661877,14.705170,4.182814,-4.322721,-28.003302,-8.319840,-156.784683,-0.135343,-0.746972,-0.000470,-0.650933,
4192,958678544,18.929304,4.502055,-7.823258,78.209229,-26.756054,-143.561157,-0.140652,-0.750689,-0.023067,-0.645097,
4193,958695211,20.101702,5.061260,-6.984020,69.035316,28.898312,-143.724548,-0.146713,-0.748566,-0.045944,-0.644990,
4194,958711878,15.559286,1.649675,-2.393410,-34.516529,16.563869,-154.245956,-0.165033,-0.744907,-0.059965,-0.643647,
4195,958728545,13.779331,-0.842833,-0.579159,-25.947870,-25.505568,-148.089874,-0.182127,-0.745054,-0.073079,-0.637482,
4196,958745212,14.589481,-2.156810,-0.331078,-51.997028,-51.473701,-139.077820,-0.201388,-0.746629,-0.082074,-0.628690,
4197,958761879,13.434859,-4.532498,-1.608711,-55.580677,-45.666885,-137.740891,-0.220737,-0.747191,-0.090721,-0.620282,
4198,958778546,11.249406,-6.144053,-2.480505,-11.567549,-59.911209,-127.555489,-0.234463,-0.750231,-0.101728,-0.609779,
4199,958795213,9.319970,-5.650612,-0.107368,-6.328616,-49.301670,-126.127846,-0.247233,-0.752222,-0.113361,-0.600155,
4200,958811880,6.549895,-5.607730,-0.462720,-37.767017,-57.512966,-114.769226,-0.262485,-0.753694,-0.120665,-0.590328,
4201,958828547,5.780643,-3.617540,0.938703,-68.549339,-56.553165,-94.254990,-0.279232,-0.753987,-0.123066,-0.581710,
4202,958845214,5.092875,-3.138609,1.993285,-91.166412,-77.797737,-54.200691,-0.295347,-0.755601,-0.118253,-0.572584,
4203,958861881,8.320845,-1.619085,5.549219,-120.024467,-47.965164,24.172289,-0.307483,-0.754561,-0.103660,-0.570391,
4204,958878548,8.471073,2.685450,6.553402,-94.772896,25.937708,56.784611,-0.312928,-0.748767,-0.090853,-0.577208,
4205,958895215,5.642159,3.326445,4.770922,-16.463148,50.410866,68.163925,-0.308500,-0.744470,-0.084472,-0.586051,
4206,958911882,4.354902,2.987587,1.270819,72.631500,33.259315,94.530746,-0.292316,-0.745777,-0.082041,-0.592989,
4207,958928549,6.307498,4.996589,-8.624475,131.945740,-39.624653,122.022873,-0.268051,-0.755838,-0.078604,-0.592181,
4208,958945216,6.489591,5.339145,-17.382381,69.269989,-87.400574,76.712494,-0.254976,-0.766648,-0.072846,-0.584749,
4209,958961883,8.916086,-1.868835,-8.677071,84.170448,-75.810143,-20.100775,-0.248266,-0.775755,-0.079557,-0.574664,
4210,958978550,11.064692,-7.726926,13.266466,14.689420,38.472786,-37.211250,-0.249456,-0.772473,-0.086503,-0.577560,
4211,958995217,10.637763,-14.174229,-1.944690,236.060135,14.537930,53.080624,-0.218331,-0.779859,-0.100969,-0.577889,
4212,959011884,11.934181,0.244101,-11.813703,394.023956,34.607502,180.328964,-0.157756,-0.790407,-0.114642,-0.580712,
4213,959028551,8.864606,25.821793,4.368783,308.938507,-22.724018,252.099411,-0.101265,-0.802147,-0.111154,-0.577883,
4214,959045218,31.649632,26.133606,5.301622,-269.768036,-45.640411,43.407848,-0.129923,-0.801922,-0.082770,-0.577225,
4215,959061885,6.142748,-10.884699,-3.795959,-224.890579,168.553345,-77.894730,-0.160739,-0.781719,-0.076201,-0.597722,
4216,959078552,9.076325,-12.969223,-6.857555,-117.596054,-4.357055,20.973740,-0.172503,-0.779317,-0.063594,-0.599051,
4217,959095219,10.799682,-19.077724,-8.557989,19.128809,4.314636,173.650864,-0.155301,-0.780639,-0.045776,-0.603646,
4218,959111886,13.604358,-5.347330,-6.852745,198.287750,13.826172,197.350250,-0.115434,-0.784441,-0.041154,-0.607974,
4219,959128553,14.478410,6.786664,-6.845833,114.940117,28.341158,100.904770,-0.093381,-0.784142,-0.040362,-0.612185,
4220,959145220,13.527340,9.112436,-6.690882,55.181240,-36.013069,106.844589,-0.077954,-0.788472,-0.032683,-0.609234,
4221,959161887,13.642395,6.397932,-5.040131,-11.686788,-14.946087,121.492195,-0.068774,-0.789997,-0.017631,-0.608986,
4222,959178554,17.002466,4.603018,-3.910035,-5.835204,-27.749889,111.453606,-0.059828,-0.792458,-0.004117,-0.606971,
4223,959195221,18.320848,6.740349,-4.462811,-6.507159,26.480133,132.424454,-0.049056,-0.789879,0.011402,-0.611191,
4224,959211888,15.184719,11.680782,-2.371895,-17.988394,63.387249,131.103302,-0.039763,-0.783610,0.027518,-0.619368,
4225,959228555,8.977152,12.693491,-2.880788,-37.353439,65.902580,115.410606,-0.034091,-0.776731,0.043563,-0.627398,
4226,959245222,5.643069,12.770584,-1.750890,-42.646702,38.032703,87.658775,-0.031367,-0.772300,0.057077,-0.631910,
4227,959261889,5.281876,14.390151,-1.887724,-37.172176,37.469013,60.394650,-0.030530,-0.768032,0.067014,-0.636163,
4228,959278556,1.736987,14.591860,-0.569664,-39.211285,54.470219,34.835693,-0.032454,-0.762332,0.074196,-0.642099,
4229,959295223,-1.325083,14.319794,-1.813842,-51.262321,40.627480,7.675494,-0.038105,-0.758078,0.079544,-0.646172,
4230,959311890,-3.268424,12.623942,-3.830992,-105.173691,15.587735,-26.593458,-0.052630,-0.756141,0.086302,-0.646554,
4231,959328557,-2.941571,8.390205,-1.790519,-132.671234,-1.499158,-57.225952,-0.072832,-0.755718,0.092372,-0.644246,
4232,959345224,-0.383835,4.791447,1.499619,-85.051224,-1.502212,-87.645981,-0.090626,-0.755915,0.090599,-0.642005,
4233,959361891,3.355312,2.173446,2.177662,-63.586021,12.941779,-127.873466,-0.109973,-0.755285,0.082172,-0.640857,
4234,959378558,7.275026,0.545731,2.441796,-17.701206,12.008718,-193.524567,-0.130318,-0.755782,0.062220,-0.638701,
4235,959395225,26.439558,13.603921,1.787687,46.694508,-76.421509,-246.834686,-0.147586,-0.765330,0.032036,-0.625669,
4236,959411892,36.340862,10.053558,-13.150234,42.723022,25.020000,-108.066772,-0.153018,-0.764235,0.015445,-0.626332,
4237,959428559,4.491454,6.025566,3.471118,-12.074054,186.166809,-146.334076,-0.168271,-0.746753,-0.004003,-0.643450,
4238,959445226,20.725628,-0.975542,-4.810852,-5.962482,-73.624947,-115.836227,-0.180027,-0.753144,-0.014354,-0.632581,
4239,959461893,24.451567,-1.398989,-4.332071,22.735893,26.379345,-111.739021,-0.187985,-0.750831,-0.029509,-0.632490,
4240,959478560,22.490257,-0.591530,-4.135082,37.824020,-4.095193,-114.166801,-0.194588,-0.751495,-0.045472,-0.628747,
4241,959495227,21.773615,1.509089,-3.201001,-0.377983,-29.903860,-107.232582,-0.204844,-0.753266,-0.056435,-0.622449,
4242,959511894,15.850821,-1.333184,-2.572952,-33.992321,-11.066423,-115.793854,-0.219339,-0.752039,-0.065838,-0.618055,
4243,959528561,9.576734,-4.876731,-2.219176,-68.492157,4.980872,-152.172104,-0.240619,-0.747575,-0.076596,-0.614302,
4244,959545228,6.694092,-7.430850,-2.196360,-41.780605,-7.522952,-159.182465,-0.259613,-0.744641,-0.090017,-0.608282,
4245,959561895,4.565259,-9.848997,-2.409213,-6.711974,-21.273695,-127.682846,-0.272076,-0.744308,-0.102564,-0.601216,
4246,959578562,6.564834,-8.439159,-2.688610,85.174675,-57.754620,-47.569725,-0.268039,-0.751763,-0.112995,-0.591810,
4247,959595229,7.044393,-4.056237,-2.265065,139.525543,-73.507591,30.018023,-0.251528,-0.763665,-0.118958,-0.582578,
4248,959611896,5.068943,-0.253739,1.528741,65.714264,-28.370607,85.887283,-0.237597,-0.769709,-0.114065,-0.581450,
4249,959628563,-0.284088,4.811694,7.371600,-93.293625,15.830347,129.625702,-0.236940,-0.766939,-0.092309,-0.589189,
4250,959645230,-3.113837,2.344154,5.298590,-111.783318,40.357941,150.357529,-0.236086,-0.761201,-0.067444,-0.600240,
4251,959661897,-2.988755,3.211822,0.598569,78.197762,-0.889106,149.539078,-0.214518,-0.765057,-0.057791,-0.604425,
4252,959678564,-0.967067,4.964312,-2.984690,123.646339,-5.752271,140.194122,-0.188616,-0.770176,-0.052985,-0.606997,
4253,959695231,-0.669883,9.833783,-13.510587,149.782669,-51.185207,95.040810,-0.163989,-0.779123,-0.054261,-0.602603,
4254,959711898,12.018476,7.424582,6.211891,1.106349,-133.733917,-48.496170,-0.169350,-0.790189,-0.056775,-0.586258,
4255,959728565,55.824478,-34.344173,-0.994842,-212.392899,37.759727,-101.964806,-0.202247,-0.780282,-0.051409,-0.589587,
4256,959745232,0.059470,-29.122396,-8.584089,474.979767,171.182968,46.131317,-0.142803,-0.777663,-0.091882,-0.605314,
4257,959761899,8.931805,10.499363,-3.183681,310.880646,-20.233660,202.973663,-0.090032,-0.787338,-0.095836,-0.602335,
4258,959778566,25.253145,22.361069,1.386625,105.987068,-76.025154,158.486588,-0.065212,-0.797113,-0.086030,-0.594101,
4259,959795233,20.504877,6.394962,-9.765776,-202.448761,84.681168,16.274687,-0.086366,-0.787535,-0.067508,-0.606442,
4260,959811900,-0.311473,-3.008828,-4.621153,-84.966682,208.308044,63.640335,-0.088581,-0.768129,-0.055399,-0.631713,
4261,959828567,12.209893,-3.340919,-8.091526,-13.929881,-268.012085,134.242569,-0.080078,-0.792791,-0.035711,-0.603153,
4262,959845234,30.697966,1.666467,-8.366549,-8.100163,39.371952,131.829437,-0.069420,-0.789649,-0.020347,-0.609279,
4263,959861901,13.227931,2.611609,-2.906672,-34.646648,127.562935,132.660141,-0.061435,-0.777977,-0.003414,-0.625272,
4264,959878568,12.608668,7.866582,-3.955638,-49.097134,-24.743805,128.147751,-0.055537,-0.779578,0.015688,-0.623640,
4265,959895235,13.944963,8.107582,-2.048141,-34.549084,31.900156,118.190842,-0.049005,-0.775892,0.031875,-0.628150,
4266,959911902,12.478734,6.111541,-2.036084,3.314378,41.128925,121.070145,-0.037965,-0.771356,0.044848,-0.633685,
4267,959928569,8.126910,6.009598,-2.968900,67.923271,80.794456,108.160530,-0.021115,-0.763289,0.050181,-0.643759,
4268,959945236,3.033185,9.351523,-2.434278,92.273933,84.883575,72.945549,-0.004881,-0.754820,0.049287,-0.654059,
4269,959961903,0.608215,14.628907,-0.707569,70.584641,59.158592,29.165655,0.004989,-0.748856,0.045650,-0.661140,
4270,959978570,0.181410,16.580765,-1.522757,21.139006,38.587788,-4.318587,0.006382,-0.745039,0.043096,-0.665597,
4271,959995237,0.005027,16.354008,-4.026520,-26.190659,27.608072,-26.466549,0.000564,-0.742434,0.042706,-0.668556,
4272,960011904,-1.128217,13.404635,-3.569371,-120.799591,23.169786,-29.838133,-0.015778,-0.740144,0.051137,-0.670315,
4273,960028571,-4.906897,10.396394,0.113045,-163.312546,12.844894,-20.342306,-0.035691,-0.738349,0.064730,-0.670355,
4274,960045238,-2.644474,6.095135,-0.066656,-180.045502,-13.502625,-44.472328,-0.059488,-0.738773,0.077454,-0.666840,
4275,960061905,3.433061,2.939066,-0.962313,-140.062881,-14.556124,-101.160660,-0.084435,-0.739770,0.080164,-0.662710,
4276,960078572,13.578104,4.326133,1.111492,-95.518669,-37.862858,-224.734833,-0.116141,-0.744277,0.065491,-0.654427,
4277,960095239,35.138397,13.557730,0.670389,-86.955452,-74.992928,-228.190521,-0.146742,-0.751485,0.050170,-0.641263,
4278,960111906,28.491707,-1.099791,-8.848241,-6.737339,98.410606,-107.947052,-0.158499,-0.742656,0.036756,-0.649606,
4279,960128573,10.542944,1.275004,-2.489886,50.451584,93.143600,-140.782181,-0.167060,-0.735400,0.014496,-0.656557,
4280,960145240,19.501198,0.431564,-7.931983,70.209610,-28.138494,-139.505859,-0.173028,-0.739758,-0.006576,-0.650212,
4281,960161907,25.193794,3.548085,-8.306413,159.101990,-24.404222,-116.166809,-0.167100,-0.745518,-0.033629,-0.644321,
4282,960178574,20.142820,2.977097,-5.650137,84.937790,24.603163,-134.310913,-0.170556,-0.744279,-0.056868,-0.643215,
4283,960195241,15.642579,0.841205,-3.757509,9.488554,-59.864185,-115.351913,-0.181023,-0.748887,-0.068874,-0.633762,
4284,960211908,16.288137,-1.014589,-4.691687,-52.483955,-98.419891,-120.244499,-0.198989,-0.755017,-0.074652,-0.620305,
4285,960228575,11.423597,-4.706329,-3.423061,-146.981079,-68.129822,-143.599274,-0.228946,-0.754831,-0.075285,-0.610036,
4286,960245242,7.107502,-6.847740,-1.652508,-168.192551,-53.271046,-142.536499,-0.260730,-0.751839,-0.074333,-0.601026,
4287,960261909,6.084849,-9.489098,-1.171703,-102.439926,-84.899384,-106.443443,-0.282285,-0.753848,-0.073915,-0.588698,
4288,960278576,7.019557,-10.568316,-2.391454,-9.930644,-63.756195,-52.700912,-0.288756,-0.758133,-0.076363,-0.579675,
4289,960295243,7.034523,-7.926687,0.561217,22.385220,-64.218697,18.791452,-0.285600,-0.764515,-0.073620,-0.573174,
4290,960311910,4.816561,-2.670352,7.371333,-101.167740,-31.581360,75.229477,-0.291059,-0.763475,-0.055637,-0.573842,
4291,960328577,-0.861550,3.223439,9.479134,-151.868378,25.813694,105.194992,-0.299022,-0.755322,-0.032496,-0.582253,
4292,960345244,-6.607122,-0.406987,5.052238,-76.670280,36.494595,105.908646,-0.298450,-0.749110,-0.016088,-0.591187,
4293,960361911,-5.186553,2.198061,3.658494,71.927002,0.731699,102.480370,-0.281963,-0.752147,-0.011274,-0.595520,
4294,960378578,-2.676326,-0.897864,-7.943805,114.582809,-35.479359,108.022079,-0.260270,-0.759753,-0.008059,-0.595793,
4295,960395245,-0.324081,-0.428932,-16.020176,301.488953,-94.761543,88.052231,-0.219371,-0.778483,-0.020988,-0.587707,
4296,960411912,26.031563,10.919752,4.016933,344.382263,-198.501999,-89.967888,-0.188518,-0.804663,-0.054354,-0.560378,
4297,960428579,50.145992,-10.025022,4.008978,-211.441650,53.219448,-36.879128,-0.215949,-0.793690,-0.043005,-0.567074,
4298,960445246,-0.597574,-29.941000,-7.154795,356.755798,140.670273,-16.167706,-0.175098,-0.791823,-0.078758,-0.579788,
4299,960461913,10.963382,15.968083,-12.347046,420.491852,-29.371887,150.231110,-0.114189,-0.804915,-0.096102,-0.574314,
4300,960478580,15.472560,30.832773,12.098460,-61.031021,-206.948792,152.289627,-0.111603,-0.822595,-0.069783,-0.553184,
4301,960495247,22.117229,6.100341,-14.514223,-422.288025,72.315025,-33.759289,-0.164050,-0.807845,-0.041021,-0.564615,
4302,960511914,2.453333,-9.540182,-13.553925,-73.645950,286.617981,52.130070,-0.166752,-0.781964,-0.035774,-0.599537,
4303,960528581,5.602426,-7.519581,3.296431,-14.885384,-259.378510,129.264450,-0.158576,-0.804070,-0.013571,-0.572835,
4304,960545248,26.214365,-12.671831,-8.585052,-96.868698,-59.123955,139.056458,-0.158577,-0.806646,0.012010,-0.569237,
4305,960561915,18.414301,-8.087447,-7.935994,84.556870,91.369377,131.454422,-0.138070,-0.800412,0.018207,-0.583049,
4306,960578582,12.186651,5.592328,-1.147215,88.591209,-20.602394,138.140869,-0.116137,-0.803233,0.027082,-0.583606,
4307,960595249,19.682844,12.453849,-5.105767,56.212791,-15.964929,121.284447,-0.099382,-0.804800,0.036643,-0.584018,
4308,960611916,13.912166,9.934482,-1.773517,36.941631,89.292587,108.763542,-0.086471,-0.796885,0.044835,-0.596226,
4309,960628583,8.817865,8.746317,-0.985062,57.871796,52.307854,101.768967,-0.071470,-0.792171,0.050849,-0.603962,
4310,960645250,8.242762,8.371776,-1.353766,50.777168,57.470333,80.612198,-0.059165,-0.786847,0.054976,-0.611840,
4311,960661917,7.590106,8.259133,-2.914597,47.223606,58.923222,67.706589,-0.048417,-0.781280,0.057915,-0.619599,
4312,960678584,6.972458,9.517543,-3.202563,32.362560,64.087585,58.059612,-0.040265,-0.775070,0.061046,-0.627628,
4313,960695251,4.147413,10.538588,-3.263153,-0.753154,68.635353,48.353691,-0.036771,-0.768211,0.066068,-0.635715,
4314,960711918,-0.024026,12.773588,-2.946772,-28.967840,53.659744,40.154617,-0.037044,-0.762564,0.072852,-0.641729,
4315,960728585,-3.295801,16.425501,-1.762681,-56.115578,22.494614,25.634624,-0.041353,-0.759756,0.080713,-0.643853,
4316,960745252,-5.411601,14.120049,-0.463644,-127.415993,12.052989,-6.330084,-0.056412,-0.757703,0.091761,-0.643648,
4317,960761919,-3.683750,9.132104,1.366660,-127.118797,5.557126,-43.776775,-0.074843,-0.756480,0.098670,-0.642184,
4318,960778586,1.381461,6.199586,-0.866184,-140.009003,-2.659942,-94.644012,-0.099288,-0.756232,0.101221,-0.638755,
4319,960795253,7.221214,2.335326,-0.375623,-128.658112,3.218884,-159.187485,-0.128494,-0.755979,0.095456,-0.634723,
4320,960811920,19.430090,3.754864,1.953560,-80.637718,-22.885639,-242.515808,-0.159600,-0.759313,0.076477,-0.626197,
4321,960828587,41.557224,9.280373,-1.870816,-3.727190,-126.146507,-132.415955,-0.170873,-0.771804,0.064965,-0.609016,
4322,960845254,16.855541,0.404506,-6.356856,48.583851,286.239014,-130.440247,-0.179751,-0.747946,0.038706,-0.637784,
4323,960861921,9.262213,0.668624,-1.464081,59.226006,21.004288,-136.607986,-0.186311,-0.748006,0.017665,-0.636759,
4324,960878588,20.828655,3.631606,-4.690539,107.978638,-6.623903,-118.296364,-0.185704,-0.751513,-0.005159,-0.633020,
4325,960895255,25.740623,3.067917,-5.347357,87.139488,3.121359,-100.827385,-0.185671,-0.753226,-0.024416,-0.630539,
4326,960911922,18.339912,0.537687,-2.990038,-4.028004,64.223999,-131.572220,-0.198146,-0.746448,-0.040318,-0.633978,
4327,960928589,17.344406,-2.147886,-3.436466,-3.536092,-20.271545,-118.944893,-0.209820,-0.747257,-0.052443,-0.628357,
4328,960945256,15.393279,-3.990319,-2.492861,24.112888,-4.433461,-133.149216,-0.219587,-0.747089,-0.069099,-0.623590,
4329,960961923,10.690506,-4.789055,-0.383942,0.687057,-12.296199,-148.681015,-0.233287,-0.746404,-0.085034,-0.617436,
4330,960978590,8.499521,-5.497242,1.264444,-58.757179,8.780663,-144.215546,-0.252656,-0.741489,-0.095815,-0.614148,
4331,960995257,6.396083,-7.896924,-1.367078,8.590095,-13.150048,-113.147400,-0.262187,-0.741141,-0.108415,-0.608452,
4332,961011924,6.210538,-4.434430,-0.662541,76.420303,-43.413506,-53.569241,-0.259542,-0.746810,-0.119411,-0.600544,
4333,961028591,5.596891,-1.185218,0.192835,52.103313,-58.788673,12.019353,-0.254027,-0.753914,-0.120556,-0.593759,
4334,961045258,3.561717,1.598063,3.009615,-16.248714,-40.907253,72.820763,-0.250406,-0.757909,-0.109774,-0.592300,
4335,961061925,-0.225859,5.114886,8.345292,-152.513016,-0.196667,113.957085,-0.257498,-0.753745,-0.084153,-0.598732,
4336,961078592,-3.187285,-1.201357,5.062652,-146.285995,21.584110,140.374756,-0.261132,-0.747619,-0.056926,-0.607976,
4337,961095259,-2.603999,-0.092541,2.233292,43.772808,-2.717214,140.128860,-0.244151,-0.750361,-0.045570,-0.612594,
4338,961111926,-0.431298,1.226445,-5.756521,64.232765,2.652998,124.014832,-0.226234,-0.752925,-0.037967,-0.616831,
4339,961128593,0.573445,0.837684,-15.606822,196.670959,-28.821890,81.802055,-0.197623,-0.761923,-0.045806,-0.615077,
4340,961145260,8.557020,7.243026,-6.097104,313.325134,-50.891502,-28.833767,-0.165828,-0.774332,-0.075628,-0.605963,
4341,961161927,57.497879,-13.929021,4.461190,37.404980,-105.558197,-55.395729,-0.167836,-0.783663,-0.082722,-0.592335,
4342,961178594,4.245968,-16.659121,0.261985,288.908539,293.846558,18.510828,-0.129683,-0.764079,-0.112620,-0.621838,
4343,961195261,5.006673,23.333832,-7.971184,324.019409,89.526268,77.137848,-0.085266,-0.762249,-0.134983,-0.627284,
4344,961211928,2.518661,9.984128,-1.843238,-173.489685,-166.675079,136.617493,-0.095423,-0.777220,-0.101931,-0.613541,
4345,961228595,29.064278,3.558581,4.318919,-42.687439,-228.402878,-4.715543,-0.104193,-0.796354,-0.095528,-0.588079,
4346,961245262,17.951988,-7.626222,-12.453820,-252.850296,201.566910,55.679543,-0.125979,-0.775010,-0.070511,-0.615237,
4347,961261929,6.021228,-12.518956,-12.634362,61.767517,111.614784,138.903824,-0.105589,-0.767150,-0.062498,-0.629623,
4348,961278596,10.792498,-0.249249,2.866350,78.805061,-35.694134,134.613602,-0.084954,-0.772515,-0.054218,-0.626947,
4349,961295263,15.341228,2.469683,-6.849300,-74.530380,-15.867326,103.067818,-0.084227,-0.773591,-0.035721,-0.627046,
4350,961311930,12.327672,4.616442,-9.046834,33.564381,20.721996,133.646103,-0.068329,-0.772525,-0.024077,-0.630838,
4351,961328597,12.206694,8.543736,1.927923,-14.727276,-21.766943,132.389664,-0.058094,-0.774573,-0.007713,-0.629763,
4352,961345264,14.473716,4.358885,-5.369670,-75.428574,3.257799,106.595345,-0.057015,-0.773501,0.011094,-0.631127,
4353,961361931,11.436992,4.641141,-0.326883,-26.470453,48.202969,110.036217,-0.050167,-0.768444,0.025418,-0.637440,
4354,961378598,9.190189,4.618197,-2.180725,-28.002378,33.709663,107.570541,-0.043652,-0.764498,0.039704,-0.641919,
4355,961395265,7.714288,6.238498,-2.159949,-14.994101,35.558910,92.411018,-0.037108,-0.760362,0.051069,-0.646424,
4356,961411932,7.045806,8.177123,-1.987376,-14.152881,28.910585,70.696533,-0.032461,-0.756890,0.059980,-0.649974,
4357,961428599,5.806697,10.729661,-1.764024,-4.427543,36.792801,54.675438,-0.028327,-0.752777,0.066161,-0.654329,
4358,961445266,2.476543,12.142767,-1.400753,13.228506,49.854538,48.037014,-0.023017,-0.747485,0.069869,-0.660193,
4359,961461933,-0.844070,14.863473,-2.201821,39.521729,53.467426,39.227444,-0.015738,-0.741938,0.070074,-0.666611,
4360,961478600,-4.806523,16.094236,-3.871615,-37.343624,35.811367,8.273116,-0.019578,-0.738175,0.074419,-0.670206,
4361,961495267,-5.268709,10.853788,-2.026150,-128.298965,1.325828,-34.695099,-0.037002,-0.737818,0.083094,-0.668842,
4362,961511934,0.084342,7.569600,0.193810,-166.735901,-25.949072,-89.188072,-0.063500,-0.740139,0.089752,-0.663405,
4363,961528601,7.460437,3.875257,0.390279,-170.066864,-20.803082,-161.705750,-0.097363,-0.742148,0.088791,-0.657155,
4364,961545268,16.130116,4.361927,1.101118,-106.455109,-36.539776,-225.709244,-0.130147,-0.746439,0.074948,-0.648284,
4365,961561935,30.419489,8.517530,-0.753946,-29.957996,-47.838699,-169.825012,-0.149108,-0.751868,0.060096,-0.639414,
4366,961578602,16.134621,1.577097,-2.918748,52.971741,112.481750,-119.748726,-0.155649,-0.743247,0.039490,-0.649459,
4367,961595269,14.353468,1.539752,-3.148434,66.496445,-3.678856,-128.084442,-0.160763,-0.745549,0.019314,-0.646482,
4368,961611936,21.931923,0.560121,-6.152166,109.903343,4.285297,-127.204445,-0.161025,-0.747723,-0.005043,-0.644170,
4369,961628603,23.516708,3.058338,-4.435399,121.507538,24.056519,-129.683548,-0.160136,-0.747836,-0.031215,-0.643524,
4370,961645270,17.205658,4.300570,-1.603413,43.639118,17.009035,-133.608658,-0.168024,-0.746359,-0.050344,-0.642013,
4371,961661937,18.491596,2.781280,-1.911225,14.144590,-46.648079,-111.589622,-0.177460,-0.749986,-0.062755,-0.634105,
4372,961678604,19.316042,0.180918,-1.078084,-13.343439,-41.297810,-121.602806,-0.190707,-0.752065,-0.073837,-0.626559,
4373,961695271,14.476248,-1.760212,-0.565606,-53.590164,-45.515312,-127.207191,-0.208831,-0.753045,-0.081716,-0.618575,
4374,961711938,11.981544,-3.519865,-0.770113,-75.388184,-59.851841,-116.841026,-0.228477,-0.754419,-0.086023,-0.609303,
4375,961728605,10.429070,-2.645964,0.754901,-56.839207,-60.965313,-95.356651,-0.244100,-0.756461,-0.089540,-0.600137,
4376,961745272,8.296659,-4.081539,-1.024820,-77.823952,-39.745342,-71.294785,-0.259577,-0.755984,-0.089302,-0.594250,
4377,961761939,6.806729,-7.081531,-3.070572,-19.387068,-48.888546,-35.327641,-0.265589,-0.758835,-0.089795,-0.587850,
4378,961778606,4.840713,-5.697777,-1.069122,11.466859,-56.044102,10.618710,-0.264336,-0.764033,-0.087570,-0.581989,
4379,961795273,1.935144,-1.786588,5.230155,-59.433582,-9.336779,33.398468,-0.268413,-0.762778,-0.078598,-0.583049,
4380,961811940,-1.388018,1.626760,10.429109,-134.041428,12.917697,52.434067,-0.278824,-0.756732,-0.062035,-0.588017,
4381,961828607,-1.745948,-0.177613,3.902887,24.832420,72.522545,55.831501,-0.270836,-0.751818,-0.061083,-0.598068,
4382,961845274,-4.440733,5.048914,-0.133672,215.125122,55.985477,49.834167,-0.242541,-0.755303,-0.076646,-0.604000,
4383,961861941,-5.180856,0.329407,-8.369145,195.526352,-11.526903,47.091274,-0.217160,-0.763263,-0.088336,-0.602053,
4384,961878608,-1.715415,-2.368605,-9.428189,180.402313,-71.379990,6.984871,-0.197559,-0.774850,-0.101193,-0.591893,
4385,961895275,7.309482,-5.280119,-5.303389,255.791901,-75.276085,-69.697372,-0.175886,-0.786888,-0.128944,-0.577273,
4386,961911942,71.387131,-11.538311,-3.904669,158.343369,-555.738098,86.996941,-0.160456,-0.836199,-0.117740,-0.511039,
4387,961928609,13.017031,32.813751,-18.903873,336.021545,839.621582,25.168041,-0.102279,-0.774845,-0.158239,-0.603418,
4388,961945276,-15.844743,20.771240,10.757500,-435.004028,-302.744659,87.320213,-0.150427,-0.794422,-0.105391,-0.578927,
4389,961961943,15.534586,-7.049321,4.218271,-25.595936,-18.167242,3.530038,-0.153564,-0.795295,-0.102553,-0.577414,
4390,961978610,28.636612,-9.745228,-6.022170,-152.922424,-118.338562,45.073235,-0.169362,-0.802014,-0.081934,-0.566900,
4391,961995277,20.808331,-22.709299,-14.600883,4.753577,235.790787,149.655609,-0.153710,-0.783675,-0.070733,-0.597682,
4392,962011944,-0.142422,-7.025459,-3.360307,75.460419,70.295280,118.749298,-0.134204,-0.780132,-0.065414,-0.607539,
4393,962028611,12.852519,0.767433,-7.830139,123.921227,-61.580616,117.727203,-0.110461,-0.788710,-0.061878,-0.601586,
4394,962045278,13.641665,12.975236,-2.248143,25.111668,-77.535378,163.730942,-0.094093,-0.796967,-0.044120,-0.595015,
4395,962061945,11.133294,7.041332,-9.889080,-114.219841,-12.856725,138.489975,-0.095581,-0.797011,-0.018091,-0.596078,
4396,962078612,13.088005,4.895701,-5.346015,26.700258,29.161442,124.296593,-0.081808,-0.794924,-0.006498,-0.601133,
4397,962095279,10.789380,7.031292,1.752395,-90.749130,50.422321,146.019424,-0.079653,-0.789193,0.017624,-0.608703,
4398,962111946,11.099934,6.670393,-2.355699,-52.097336,6.467077,137.136124,-0.073695,-0.787377,0.037803,-0.610882,
4399,962128613,8.267847,5.633243,-0.816292,-74.336655,26.154537,113.371048,-0.072474,-0.783370,0.057008,-0.614678,
4400,962145280,9.278397,6.610392,-1.721306,-40.378632,3.421902,94.867844,-0.068829,-0.781662,0.071290,-0.615779,
4401,962161947,7.900817,10.046429,-0.938311,-30.226927,30.417675,77.273468,-0.065876,-0.777670,0.082377,-0.619760,
4402,962178614,4.602847,10.902115,-0.679519,-8.267445,47.169914,74.338524,-0.060900,-0.772287,0.090976,-0.625769,
4403,962195281,1.279171,13.577634,-0.624047,22.951977,58.677643,63.466629,-0.053553,-0.766149,0.095393,-0.633283,
4404,962211948,-2.518615,13.788911,0.182324,-12.485119,57.572247,33.631046,-0.052887,-0.760149,0.099741,-0.639865,
4405,962228615,-4.578261,10.210406,-1.014728,-65.018936,43.870331,-20.499983,-0.062868,-0.755714,0.103082,-0.643675,
4406,962245282,-1.553392,6.372197,0.278831,-51.002934,26.667109,-77.209740,-0.076354,-0.753737,0.099014,-0.645172,
4407,962261949,3.772680,5.571334,2.848147,-43.741886,30.072254,-125.160774,-0.093569,-0.751983,0.088936,-0.646419,
4408,962278616,10.113427,4.064650,1.981497,-61.276783,13.220956,-179.555878,-0.117545,-0.751831,0.074736,-0.644474,
4409,962295283,29.986561,10.965599,3.434451,33.843826,-159.700073,-188.829666,-0.129988,-0.768821,0.053485,-0.623823,
4410,962311950,30.205833,0.251779,-14.028104,115.973404,33.108429,-129.836502,-0.129273,-0.768647,0.027678,-0.625863,
4411,962328617,6.012649,8.311635,-2.298139,-30.003618,269.726135,-106.732239,-0.143558,-0.743148,0.013260,-0.653411,
4412,962345284,11.971131,6.577295,-5.708399,102.766960,-78.653587,-106.963890,-0.142676,-0.752625,-0.006548,-0.642772,
4413,962361951,24.412043,6.769967,-8.495990,-14.582490,-21.733992,-114.396194,-0.155217,-0.754005,-0.017379,-0.638030,
4414,962378618,23.022816,2.454040,-5.504374,-54.921967,27.186865,-116.936081,-0.172240,-0.749673,-0.025844,-0.638479,
4415,962395285,15.695045,-0.296738,-1.747936,-87.157738,3.046074,-127.649651,-0.193784,-0.746399,-0.031866,-0.635861,
4416,962411952,17.519085,-4.008253,-2.144626,-84.605492,-28.419115,-130.614960,-0.215367,-0.745698,-0.037541,-0.629397,
4417,962428619,13.441917,-4.560774,-0.257450,-62.429707,-9.148096,-141.940674,-0.235356,-0.743470,-0.047055,-0.624215,
4418,962445286,9.973207,-5.659489,-0.560100,-40.115582,-29.580027,-131.470673,-0.252005,-0.743580,-0.056739,-0.616735,
4419,962461953,9.442225,-4.393989,-0.736490,-25.234213,-23.467243,-115.695511,-0.265483,-0.743541,-0.066250,-0.610144,
4420,962478620,7.945929,-5.184540,-2.462051,9.666029,-28.613491,-93.542107,-0.273198,-0.745324,-0.076245,-0.603357,
4421,962495287,6.524995,-6.596935,-3.631623,47.929066,-34.654934,-58.512928,-0.273706,-0.749416,-0.085544,-0.596777,
4422,962511954,5.096203,-5.297590,-1.638837,49.020432,-40.951294,-8.428545,-0.269789,-0.754635,-0.089216,-0.591422,
4423,962528621,3.471194,-1.337122,4.556737,-12.726846,-40.623177,48.926701,-0.267685,-0.758084,-0.081284,-0.589105,
4424,962545288,1.692564,4.817125,11.012922,-170.198273,7.910821,84.770515,-0.279183,-0.751344,-0.057764,-0.595148,
4425,962561955,-0.595856,0.119629,5.499375,-89.776161,69.184265,92.196365,-0.280570,-0.742166,-0.042846,-0.607153,
4426,962578622,-2.481336,2.350496,0.430100,161.373856,39.145802,82.136124,-0.255762,-0.745388,-0.049940,-0.613586,
4427,962595289,-2.831420,3.336405,-5.570800,191.424179,28.596857,77.326935,-0.227996,-0.750028,-0.059805,-0.617979,
4428,962611956,-3.621207,7.329987,-16.647612,237.780396,-49.306126,68.897308,-0.196357,-0.762293,-0.072106,-0.612497,
4429,962628623,4.891778,12.288366,5.110789,125.484497,-94.060799,-38.695847,-0.187034,-0.773501,-0.084990,-0.599575,
4430,962645290,57.463882,-33.417542,-1.304144,-160.792465,-209.693985,-68.564178,-0.213751,-0.785811,-0.073041,-0.575740,
4431,962661957,8.085339,-19.802467,-10.717370,538.814453,421.120239,-6.271579,-0.147457,-0.763235,-0.131631,-0.615143,
4432,962678624,-4.310611,27.881891,-2.148996,210.963058,-18.644592,141.774231,-0.111789,-0.771472,-0.134372,-0.611782,
4433,962695291,20.660265,22.581757,6.929588,5.441261,-281.947510,159.530258,-0.102556,-0.798763,-0.112331,-0.582101,
4434,962711958,31.574877,3.178139,-10.369373,-314.846954,63.677494,-28.618586,-0.140580,-0.787186,-0.089943,-0.593704,
4435,962728625,3.322985,-7.788906,-2.038693,-66.208023,246.867874,36.239487,-0.141894,-0.764292,-0.085172,-0.623272,
4436,962745292,13.604006,-13.519010,-6.193420,-95.426826,-100.671860,131.744522,-0.141944,-0.772643,-0.059869,-0.615865,
4437,962761959,16.791050,-7.873415,-7.476291,57.175594,31.282051,144.858887,-0.122423,-0.771943,-0.049440,-0.621829,
4438,962778626,17.202574,0.206052,-7.211967,35.143307,20.866743,112.631332,-0.108307,-0.771245,-0.040427,-0.625952,
4439,962795293,10.828708,8.379827,-4.631832,30.062119,30.710361,144.399033,-0.091768,-0.769462,-0.027527,-0.631466,
4440,962811960,10.868635,11.890648,-3.159621,-32.399578,-37.796600,143.277771,-0.082555,-0.772766,-0.008092,-0.629246,
4441,962828627,14.194577,10.507950,-2.902050,-63.430405,8.484557,112.077065,-0.079602,-0.771107,0.010123,-0.631628,
4442,962845294,11.531203,5.888504,0.337556,-84.663353,44.085732,113.677254,-0.078907,-0.765616,0.030048,-0.637732,
4443,962861961,8.705667,2.898452,-0.869591,-49.501774,43.555614,117.952324,-0.073867,-0.760234,0.047180,-0.643709,
4444,962878628,6.749546,2.118488,-1.547678,-19.457043,36.293503,109.746368,-0.066199,-0.755656,0.060654,-0.648785,
4445,962895295,6.877465,3.711309,-2.199837,7.103826,33.193748,91.658974,-0.057278,-0.751602,0.069650,-0.653423,
4446,962911962,6.171134,7.973947,-2.777113,19.633636,36.915718,76.292702,-0.048476,-0.747321,0.075730,-0.658350,
4447,962928629,3.587957,11.987823,-2.942786,18.121927,42.413643,60.871677,-0.041374,-0.742571,0.080228,-0.663657,
4448,962945296,-0.543394,15.450140,-3.408469,35.844021,43.044064,42.010231,-0.034185,-0.738004,0.080960,-0.669049,
4449,962961963,-5.233696,17.445496,-3.733925,-15.525283,24.661692,13.613818,-0.035064,-0.735261,0.083727,-0.671678,
4450,962978630,-7.561265,14.341013,-0.430114,-61.569244,6.722546,-22.445147,-0.044176,-0.734433,0.087216,-0.671602,
4451,962995297,-3.525788,11.201562,-0.574015,-145.876358,-34.661350,-70.046539,-0.066407,-0.737459,0.094086,-0.665501,
4452,963011964,4.265157,6.145212,-3.189660,-209.458725,-46.056671,-129.785660,-0.101017,-0.741079,0.100713,-0.656090,
4453,963028631,13.494996,2.098948,-0.911935,-161.706726,-57.563614,-220.484634,-0.138818,-0.746709,0.093030,-0.643817,
4454,963045298,40.126362,10.883545,1.787351,-24.466307,-146.583054,-220.833206,-0.160324,-0.762261,0.074107,-0.622705,
4455,963061965,21.021971,-0.223163,-4.208168,59.978394,205.426117,-119.029472,-0.166828,-0.745744,0.050512,-0.643026,
4456,963078632,8.657258,0.747526,-0.138896,118.159843,31.224829,-135.254257,-0.167092,-0.746303,0.023890,-0.643848,
4457,963095299,23.725414,-0.554298,-4.966141,108.132904,-7.546441,-137.130905,-0.168370,-0.749749,-0.001070,-0.639943,
4458,963111966,26.710995,-0.631267,-2.307672,114.081581,29.946156,-139.939789,-0.169136,-0.749339,-0.027805,-0.639618,
4459,963128633,18.753508,1.692318,0.505777,98.028061,24.276711,-162.811050,-0.173671,-0.748407,-0.055375,-0.637697,
4460,963145300,19.523085,3.318946,-0.794543,89.236305,-38.302299,-156.108765,-0.178912,-0.752547,-0.079777,-0.628727,
4461,963161967,18.826529,-0.029499,-0.984233,76.211960,-37.652466,-158.568192,-0.185668,-0.755729,-0.103218,-0.619472,
4462,963178634,13.427098,-0.825501,0.628117,41.531734,-26.598413,-161.879608,-0.196244,-0.756437,-0.124126,-0.611461,
4463,963195301,10.545668,0.284131,2.169311,-37.319538,-38.224720,-136.708893,-0.213358,-0.755973,-0.134853,-0.603984,
4464,963211968,9.922652,-0.535561,0.526441,-80.672951,-18.497658,-98.413712,-0.231398,-0.752871,-0.138117,-0.600470,
4465,963228635,7.768047,-2.724533,-0.721973,-57.854607,7.783452,-67.982758,-0.243690,-0.748651,-0.140887,-0.600240,
4466,963245302,3.965965,-6.605622,-1.511893,-13.922038,-9.526819,-38.766438,-0.248974,-0.748017,-0.143680,-0.598196,
4467,963261969,3.094901,-5.247944,-0.065929,10.788239,-38.595081,8.448687,-0.248057,-0.751767,-0.142426,-0.594162,
4468,963278636,1.535195,-3.784242,2.637671,-6.418469,-22.165522,43.580540,-0.245631,-0.754175,-0.136430,-0.593525,
4469,963295303,0.518031,-0.548137,6.473097,-44.608128,21.203169,69.923393,-0.244234,-0.751920,-0.125781,-0.599287,
4470,963311970,-0.498926,0.562521,3.762743,51.615204,69.900459,87.118729,-0.229868,-0.748974,-0.123339,-0.609086,
4471,963328637,-1.200634,3.991695,-2.195980,175.946625,53.088505,98.879417,-0.201081,-0.751423,-0.129991,-0.614843,
4472,963345304,-3.473407,4.342273,-10.264961,189.186127,-2.229635,98.080482,-0.171778,-0.758492,-0.136178,-0.613708,
4473,963361971,-1.450916,5.206923,-10.604510,158.891479,-53.473198,65.258034,-0.149623,-0.768116,-0.141894,-0.606198,
4474,963378638,8.103156,3.449097,3.010428,153.362839,-72.110878,1.164029,-0.134027,-0.777456,-0.153788,-0.594935,
4475,963395305,67.900940,-8.531412,0.251186,119.202240,-144.228897,135.544037,-0.112166,-0.794708,-0.145996,-0.578396,
4476,963411972,-8.248168,15.355525,-0.465001,287.348236,366.513733,-26.631086,-0.073358,-0.766038,-0.178972,-0.613003,
4477,963428639,6.512856,7.609071,4.010922,-169.117676,-148.887360,22.783995,-0.094186,-0.777529,-0.159768,-0.600875,
4478,963445306,12.882936,-4.652221,-0.780404,-56.942398,17.024807,57.862503,-0.095354,-0.776395,-0.148574,-0.605015,
4479,963461973,23.086098,-10.155279,-5.916064,-61.478985,-20.449894,99.168388,-0.094184,-0.779219,-0.131762,-0.605463,
4480,963478640,14.736152,-11.180575,-8.757407,-2.522656,140.076630,86.528229,-0.084321,-0.768135,-0.123711,-0.622538,
4481,963495307,5.615076,-1.238417,-4.495201,51.570553,67.873482,111.473808,-0.067406,-0.764323,-0.116820,-0.630570,
4482,963511974,12.905860,6.016572,-5.444675,20.519005,-44.411743,122.902260,-0.054774,-0.770405,-0.104664,-0.626515,
4483,963528641,15.244856,7.673962,-5.563142,-71.273972,-6.744474,115.876564,-0.052475,-0.771929,-0.085193,-0.627785,
4484,963545308,11.235355,3.266737,-4.702111,-77.466965,27.119112,122.137199,-0.049861,-0.770067,-0.064678,-0.632714,
4485,963561975,14.295590,3.513977,-3.230479,-80.740646,-24.852701,126.715446,-0.047658,-0.772645,-0.042942,-0.631588,
4486,963578642,15.590892,3.630344,-2.808068,-83.825867,21.908161,127.655334,-0.045399,-0.770533,-0.021122,-0.635430,
4487,963595309,13.311576,5.248281,-1.222302,-69.803833,30.731907,139.411850,-0.040434,-0.767337,0.000673,-0.639968,
4488,963611976,11.022575,7.148926,-1.188048,-53.571087,39.227581,144.115021,-0.033202,-0.763039,0.021431,-0.645143,
4489,963628643,8.727607,7.634391,-0.586175,-56.674107,39.293289,127.343102,-0.027874,-0.758402,0.040605,-0.649923,
4490,963645310,6.649490,7.542260,-1.266735,-41.787361,34.977089,103.885086,-0.023091,-0.754096,0.055788,-0.653983,
4491,963661977,4.537292,10.309399,-1.879240,-3.275129,41.053486,88.517776,-0.015591,-0.749282,0.065583,-0.658810,
4492,963678644,1.098596,14.298898,-2.532464,33.583073,53.429970,73.123962,-0.005670,-0.743367,0.070127,-0.665173,
4493,963695311,-2.776208,18.544193,-3.149365,11.296230,48.038956,37.827492,-0.001524,-0.738213,0.072999,-0.670604,
4494,963711978,-6.867664,16.076042,-2.016394,-94.038437,31.211803,-16.729593,-0.013839,-0.735148,0.080276,-0.672995,
4495,963728645,-4.242528,9.041381,0.422464,-145.758591,4.863899,-65.409050,-0.036141,-0.734843,0.087427,-0.671607,
4496,963745312,2.402316,5.546059,-1.898072,-184.806656,-17.345839,-123.151970,-0.067943,-0.736643,0.092260,-0.666505,
4497,963761979,10.464881,2.820610,-1.760960,-161.965179,-42.025154,-208.949509,-0.105197,-0.741254,0.085813,-0.657352,
4498,963778646,34.583416,10.291459,3.617234,-29.942102,-121.471802,-254.715027,-0.131430,-0.754845,0.062887,-0.639516,
4499,963795313,23.954760,0.025917,-2.106153,33.662960,184.722687,-142.862366,-0.142900,-0.739051,0.040381,-0.657078,
4500,963811980,8.095985,0.895336,-4.127794,94.047348,53.975861,-132.690872,-0.146007,-0.736272,0.015875,-0.660555,
4501,963828647,18.383326,4.026452,-6.674895,122.700005,27.090725,-145.560776,-0.147115,-0.736193,-0.012201,-0.660476,
4502,963845314,24.527586,3.391946,-4.465074,124.934845,-2.371253,-147.014847,-0.148059,-0.738409,-0.040007,-0.656680,
4503,963861981,21.829626,2.942936,-3.911400,81.772606,27.209455,-142.040634,-0.152886,-0.736391,-0.063766,-0.655963,
4504,963878648,16.041933,2.329358,-2.623567,77.370529,-26.741564,-124.140053,-0.156894,-0.739196,-0.083953,-0.649557,
4505,963895315,18.774149,2.306512,-1.566488,20.304638,-75.571884,-112.076942,-0.166423,-0.745139,-0.096301,-0.638590,
4506,963911982,15.801778,-0.547960,-1.010041,-85.979309,-53.818703,-142.858337,-0.189934,-0.745663,-0.102586,-0.630386,
4507,963928649,11.295124,-3.354404,-2.350744,-113.459808,-55.855343,-155.369202,-0.217454,-0.744861,-0.107573,-0.621549,
4508,963945316,10.771113,-3.711676,-1.413608,-96.740051,-49.920769,-128.946365,-0.240518,-0.743916,-0.111316,-0.613472,
4509,963961983,7.514056,-6.612221,-1.808528,-98.735123,-16.455246,-107.523285,-0.261212,-0.739862,-0.113671,-0.609468,
4510,963978650,4.964120,-8.658856,-1.521376,-26.467335,-37.646534,-83.611618,-0.272270,-0.740582,-0.119014,-0.602696,
4511,963995317,3.808223,-6.200998,-0.701816,60.906349,-62.265240,-29.965393,-0.269585,-0.747711,-0.125237,-0.593773,
4512,964011984,2.012327,0.208492,4.769231,8.604895,-52.611816,26.983894,-0.267457,-0.752902,-0.121111,-0.589013,
4513,964028651,-0.979751,0.903714,7.314507,-113.985252,7.013494,55.360176,-0.275217,-0.748559,-0.105670,-0.593926,
4514,964045318,-3.627432,-2.672679,5.332105,-75.191513,31.224695,68.619110,-0.277159,-0.743660,-0.093075,-0.601239,
4515,964061985,-1.362027,0.374148,-0.154785,84.851456,-2.997986,74.786758,-0.261645,-0.748100,-0.092404,-0.602784,
4516,964078652,-1.824209,-0.230605,-6.107523,190.498337,25.029978,83.237144,-0.233368,-0.753775,-0.101087,-0.605923,
4517,964095319,-0.772526,-0.088982,-11.376189,302.435303,-48.171535,94.164513,-0.192583,-0.768702,-0.115794,-0.598833,
4518,964111986,6.788132,5.010415,-0.342099,266.731964,-57.725052,29.760189,-0.161193,-0.780946,-0.134109,-0.588348,
4519,964128653,49.729244,-2.641951,6.470573,123.470421,-310.761353,73.049026,-0.146980,-0.810744,-0.129051,-0.551758,
4520,964145320,24.972616,-12.905510,-15.550445,97.084114,388.197205,3.592282,-0.127899,-0.780230,-0.144612,-0.594954,
4521,964161987,-3.344068,35.891876,-3.047987,306.526855,-62.249134,74.912003,-0.087989,-0.791897,-0.161416,-0.582323,
4522,964178654,18.584892,10.397808,14.457452,-226.451294,-149.432159,47.270504,-0.113685,-0.801985,-0.134865,-0.570707,
4523,964195321,16.621302,-6.729105,-5.317860,-254.438705,18.478836,-23.727808,-0.145076,-0.795072,-0.116844,-0.577200,
4524,964211988,15.121999,-13.207019,-11.885110,-133.579559,34.284130,79.467087,-0.153418,-0.790366,-0.097251,-0.585086,
4525,964228655,11.546256,-14.422958,-11.339002,-19.080740,84.359962,171.473633,-0.139951,-0.784741,-0.077873,-0.598775,
4526,964245322,9.458322,-3.626582,-3.283708,50.294090,23.432381,139.584869,-0.121937,-0.784986,-0.066883,-0.603701,
4527,964261989,14.200491,7.023735,-5.659628,-26.270750,-99.430931,134.707291,-0.114219,-0.794196,-0.047511,-0.594936,
4528,964278656,11.060070,6.734737,-6.542650,-52.990509,16.264446,162.168854,-0.106344,-0.792661,-0.024550,-0.599813,
4529,964295323,10.916873,3.096579,-1.601532,-56.516560,-39.008083,145.825668,-0.100440,-0.795378,-0.002297,-0.597728,
4530,964311990,16.775009,3.975336,-3.967785,-66.881340,-15.629628,150.208206,-0.095290,-0.795471,0.021023,-0.598083,
4531,964328657,14.930987,7.263056,-0.325382,-24.624996,46.875771,150.186005,-0.085394,-0.790274,0.039786,-0.605467,
4532,964345324,8.728982,7.580445,-0.028464,-41.905426,30.267611,134.140991,-0.078762,-0.786036,0.058413,-0.610353,
4533,964361991,8.269046,7.546504,-0.913652,-34.044609,10.692165,102.604393,-0.073843,-0.783627,0.072939,-0.612499,
4534,964378658,9.959937,7.918082,-0.831205,-30.070133,16.625017,79.777885,-0.070556,-0.780816,0.084430,-0.614995,
4535,964395325,8.729356,8.157689,-1.077422,1.578572,39.915504,76.848099,-0.064215,-0.776160,0.092502,-0.620399,
4536,964411992,4.702607,9.584638,-1.810785,51.605312,67.072899,71.369743,-0.053079,-0.769435,0.095169,-0.629361,
4537,964428659,0.312897,12.236419,-2.087403,91.574776,81.103836,54.712757,-0.039175,-0.761721,0.092170,-0.640118,
4538,964445326,-3.302158,13.719231,-1.342648,63.326721,74.411232,13.445905,-0.032146,-0.754801,0.087236,-0.649332,
4539,964461993,-3.828328,12.051341,-2.413050,-3.034486,45.528790,-48.052628,-0.037845,-0.750964,0.081937,-0.654146,
4540,964478660,-1.807150,9.145105,0.102471,-28.079411,33.980118,-91.815666,-0.050302,-0.748489,0.074289,-0.657050,
4541,964495327,1.579163,8.524907,1.271004,-60.626255,22.998617,-119.237083,-0.068792,-0.746885,0.066821,-0.658000,
4542,964511994,6.456043,4.886888,-0.383162,-103.060135,7.199793,-174.417450,-0.096973,-0.746425,0.057532,-0.655847,
4543,964528661,21.294142,9.404096,-0.123665,-58.229404,-77.841881,-242.634628,-0.125965,-0.754402,0.037693,-0.643109,
4544,964545328,33.117599,6.563150,-5.354448,-2.791856,-1.982700,-163.710480,-0.141791,-0.755098,0.019901,-0.639785,
4545,964561995,9.229397,2.607497,1.144501,16.978106,145.457657,-132.141602,-0.152832,-0.741858,0.000682,-0.652907,
4546,964578662,16.903273,5.410247,-3.884915,54.891624,-49.077068,-129.259003,-0.159389,-0.747445,-0.017504,-0.644682,
4547,964595329,24.022467,2.029277,-7.712339,37.068687,3.801123,-122.146980,-0.167016,-0.747372,-0.034464,-0.642147,
4548,964611996,22.564276,0.791343,-3.171532,47.351772,33.583351,-134.152847,-0.174425,-0.744404,-0.054397,-0.642245,
4549,964628663,17.460663,0.229880,-0.523394,5.885370,7.215066,-138.210587,-0.186832,-0.742491,-0.070202,-0.639432,
4550,964645330,18.928038,-0.369356,-1.419418,21.233004,-29.244183,-125.036835,-0.196655,-0.744229,-0.084992,-0.632634,
4551,964661997,16.258413,-1.261696,-0.565965,-4.546709,-28.000801,-131.222031,-0.209744,-0.744760,-0.098080,-0.625876,
4552,964678664,12.167130,-2.663315,-0.710673,-36.928551,-48.211193,-128.941895,-0.226331,-0.745866,-0.107315,-0.617204,
4553,964695331,11.177259,-2.881316,-0.173749,-57.113888,-35.547482,-109.696815,-0.243092,-0.745177,-0.113021,-0.610609,
4554,964711998,9.355126,-3.470417,-0.899087,-61.296654,-37.896282,-78.376373,-0.257487,-0.744838,-0.114844,-0.604753,
4555,964728665,7.769973,-5.499249,-1.796235,-51.879883,-42.369957,-51.246296,-0.268497,-0.745551,-0.114365,-0.599152,
4556,964745332,5.710572,-6.939233,-1.837568,1.130359,-52.109383,-22.993984,-0.271428,-0.749570,-0.115046,-0.592651,
4557,964761999,4.209602,-6.917768,0.569502,22.784014,-61.240425,16.513721,-0.268721,-0.755834,-0.112915,-0.586305,
4558,964778666,4.782887,-0.962966,8.621617,-89.558723,-23.616787,69.708519,-0.273158,-0.755231,-0.096806,-0.587911,
4559,964795333,1.821190,1.310060,7.982642,-81.884827,43.487858,90.467445,-0.273945,-0.749245,-0.081708,-0.597418,
4560,964812000,-1.433143,3.089540,3.136796,123.811905,64.465622,95.117188,-0.251536,-0.749329,-0.084772,-0.606670,
4561,964828667,-4.383396,6.230702,-0.853496,241.430603,65.610214,94.085754,-0.216130,-0.752815,-0.098278,-0.613921,
4562,964845334,-4.528787,4.771956,-10.926895,201.396469,-11.274986,95.421944,-0.185812,-0.760969,-0.105523,-0.612588,
4563,964862001,-2.827195,2.310173,-12.583543,115.896439,-103.759300,48.554443,-0.170400,-0.773731,-0.107760,-0.600577,
4564,964878668,14.851893,1.829616,11.186088,179.138916,-75.050079,-78.626961,-0.158406,-0.782990,-0.130462,-0.587207,
4565,964895335,64.855095,-23.125153,-5.855978,110.719429,-121.661682,83.043404,-0.141151,-0.797083,-0.127733,-0.573079,
4566,964912002,0.070624,4.850718,-7.782886,585.211914,460.271576,24.719995,-0.062201,-0.766423,-0.182352,-0.612759,
4567,964928669,0.469693,38.072994,-0.069383,-101.310028,-230.359665,102.624519,-0.070585,-0.788008,-0.159755,-0.590372,
4568,964945336,19.280369,1.280097,5.791243,-110.725548,-73.850342,-3.835984,-0.085495,-0.792829,-0.150005,-0.584475,
4569,964962003,17.243139,-9.094984,-6.703141,-212.871063,23.076424,-27.463026,-0.112015,-0.787081,-0.135399,-0.591290,
4570,964978670,15.691449,-14.320617,-14.629188,-87.425041,44.013435,95.081947,-0.113146,-0.783442,-0.117796,-0.599616,
4571,964995337,7.953684,-10.749373,-9.556871,84.918091,166.169266,157.773331,-0.086986,-0.772418,-0.109991,-0.619440,
4572,965012004,6.876082,1.502380,-1.892625,65.427620,2.896453,119.236389,-0.069021,-0.774604,-0.102601,-0.620239,
4573,965028671,16.196970,10.517656,-8.192076,-35.622955,-119.449203,113.734703,-0.064729,-0.786354,-0.085439,-0.608406,
4574,965045338,9.999056,8.108327,-6.123636,-88.911789,105.721352,133.515961,-0.061941,-0.777385,-0.063363,-0.622753,
4575,965062005,7.788337,4.582579,-1.560431,-80.613083,-60.037823,122.640778,-0.060687,-0.782896,-0.041733,-0.617777,
4576,965078672,16.066204,3.131008,-5.185712,-98.700073,-9.095200,112.255089,-0.062088,-0.783218,-0.020090,-0.618313,
4577,965095339,11.626719,3.552560,0.538211,-69.652641,51.548859,123.877174,-0.058930,-0.778010,-0.000272,-0.625481,
4578,965112006,10.350335,3.515303,-1.637390,-70.544724,6.201748,121.679688,-0.056048,-0.776571,0.019765,-0.627220,
4579,965128673,10.008501,4.294299,-1.014611,-63.021591,9.266322,109.614624,-0.053407,-0.774656,0.037722,-0.628993,
4580,965145340,11.434993,6.252154,-1.638597,-34.976318,10.584523,90.814827,-0.049318,-0.772735,0.050974,-0.630753,
4581,965162007,9.832978,11.046790,-1.323785,10.670766,42.227085,83.228050,-0.041022,-0.768146,0.058948,-0.636234,
4582,965178674,4.036895,15.895945,-2.484930,105.892014,87.863007,79.590332,-0.022803,-0.759660,0.057410,-0.647379,
4583,965195341,-3.864720,21.105909,-2.600324,80.948715,97.601112,52.321751,-0.009981,-0.750051,0.055146,-0.659001,
4584,965212008,-9.325302,16.660986,-3.067284,-70.648994,54.655392,-23.541941,-0.020626,-0.744726,0.059182,-0.664420,
4585,965228675,-4.709308,9.028967,-1.074743,-104.674515,12.858032,-92.616814,-0.041266,-0.743706,0.059129,-0.664607,
4586,965245342,3.259093,7.059877,2.296400,-116.030418,2.052902,-147.927109,-0.068359,-0.743695,0.054218,-0.662800,
4587,965262009,9.367142,4.062678,1.305008,-112.722572,15.820744,-203.112488,-0.100462,-0.742108,0.042836,-0.661322,
4588,965278676,17.923450,7.959836,2.237185,-29.961056,-28.160765,-225.787842,-0.125418,-0.745251,0.021633,-0.654525,
4589,965295343,31.202707,5.639249,-6.477067,71.833557,-48.217644,-160.325592,-0.132937,-0.751269,-0.001817,-0.646467,
4590,965312010,15.798902,5.290556,-4.641503,65.471687,162.349411,-124.334251,-0.137599,-0.736740,-0.024804,-0.661562,
4591,965328677,14.324007,4.262893,-5.920391,99.945168,-11.780720,-127.352242,-0.139379,-0.739073,-0.047929,-0.657303,
4592,965345344,19.348389,4.198072,-6.258525,16.824690,7.475088,-138.725281,-0.150978,-0.737438,-0.064696,-0.655137,
4593,965362011,20.638597,3.577598,-4.067092,0.556170,-19.083370,-131.851868,-0.163855,-0.737744,-0.078568,-0.650163,
4594,965378678,18.081408,3.299217,-1.405295,-36.310028,-16.662535,-131.075806,-0.180521,-0.736660,-0.088897,-0.645632,
4595,965395345,19.028368,0.984712,-1.617893,-73.377258,-50.917221,-126.153061,-0.201054,-0.737545,-0.094277,-0.637743,
4596,965412012,17.661427,-2.442133,-2.126286,-90.086533,-45.504570,-130.481201,-0.223595,-0.736974,-0.098677,-0.630187,
4597,965428679,11.830506,-4.003983,-2.472183,-106.709465,-46.112164,-129.999786,-0.247743,-0.735470,-0.101420,-0.622431,
4598,965445346,9.469109,-4.644614,-2.214455,-88.412537,-64.518898,-109.048607,-0.268162,-0.736172,-0.102855,-0.612830,
4599,965462013,7.110649,-5.472760,-3.224109,-67.463493,-58.266548,-85.801109,-0.284060,-0.737172,-0.103868,-0.604233,
4600,965478680,5.407816,-8.114305,-3.633215,-7.880227,-69.424103,-60.664688,-0.291456,-0.741807,-0.106934,-0.594424,
4601,965495347,5.226696,-9.389002,-2.227381,54.312294,-81.441376,-18.051756,-0.288586,-0.750636,-0.110249,-0.584044,
4602,965512014,5.982375,-6.536331,4.110344,12.538385,-87.554306,45.346169,-0.284931,-0.759096,-0.102813,-0.576208,
4603,965528681,6.532424,2.933795,15.400216,-173.286026,20.495481,100.071289,-0.295436,-0.751217,-0.078188,-0.585044,
4604,965545348,1.081945,2.307032,9.052339,-53.316128,76.787590,107.040367,-0.291412,-0.743298,-0.065376,-0.598591,
4605,965562015,-3.215430,7.978162,1.274923,186.736771,50.663845,105.167206,-0.261644,-0.747272,-0.072509,-0.606522,
4606,965578682,-5.608644,6.114856,-3.557202,130.090149,41.852901,93.859406,-0.238913,-0.749154,-0.075483,-0.613180,
4607,965595349,-4.364401,-5.351624,-14.078214,183.583923,-45.302288,76.533035,-0.212686,-0.759938,-0.082034,-0.608711,
4608,965612016,4.465202,-1.429795,-0.527805,254.410751,-95.607651,25.738119,-0.183472,-0.775836,-0.098810,-0.595527,
4609,965628683,44.400536,-16.240755,-0.896622,293.451874,-168.654068,-23.365662,-0.154794,-0.796849,-0.122358,-0.571051,
4610,965645350,27.282627,-13.647926,-12.597182,63.793407,174.852264,37.653076,-0.141292,-0.783986,-0.127303,-0.590927,
4611,965662017,2.438612,20.400328,-9.222104,545.832764,215.361771,100.546486,-0.066174,-0.775486,-0.166763,-0.605336,
4612,965678684,12.011823,40.927071,1.267379,-220.734375,-449.392639,180.212875,-0.086074,-0.814801,-0.122317,-0.560115,
4613,965695351,26.688911,2.981197,1.419827,-383.119354,174.284744,7.432780,-0.127775,-0.794282,-0.092313,-0.586743,
4614,965712018,3.047146,-10.282454,-5.403294,-165.740021,138.788406,54.497078,-0.140537,-0.779534,-0.074524,-0.605823,
4615,965728685,14.383417,-12.825089,-6.360237,-111.956665,-132.721848,130.855850,-0.143273,-0.789835,-0.047190,-0.594480,
4616,965745352,15.800525,-15.346228,-10.092567,-68.784714,25.902954,147.890732,-0.138374,-0.786822,-0.024897,-0.600952,
4617,965762019,10.743126,-5.291617,-5.845057,59.013229,29.358818,148.403610,-0.118712,-0.785641,-0.013767,-0.607030,
4618,965778686,9.568327,9.839206,-2.899784,75.684708,-74.541855,161.075363,-0.096157,-0.793427,-0.000859,-0.601021,
4619,965795353,15.251170,14.500126,-2.870537,-37.876331,-26.907309,138.033524,-0.088656,-0.794978,0.018650,-0.599835,
4620,965812020,12.133382,5.586508,-1.779525,-51.936703,45.934513,123.320320,-0.084226,-0.789690,0.036736,-0.606585,
4621,965828687,10.676069,4.099062,-0.882501,-25.557575,12.370042,128.625107,-0.076086,-0.787350,0.053501,-0.609449,
4622,965845354,9.768033,6.912753,-0.996585,-4.298901,21.504026,103.156525,-0.067820,-0.784400,0.065349,-0.613063,
4623,965862021,8.691931,7.733325,-1.413613,-10.705725,25.136620,84.171844,-0.061998,-0.781090,0.075551,-0.616722,
4624,965878688,7.686093,6.938854,-0.972349,-16.183538,29.624487,73.394691,-0.057808,-0.777330,0.084971,-0.620642,
4625,965895355,6.613511,5.723505,-2.180740,-5.052247,27.125931,70.799454,-0.052555,-0.773822,0.093100,-0.624316,
4626,965912022,4.803763,7.425778,-2.512863,51.361122,44.888733,70.055046,-0.041254,-0.769019,0.095872,-0.630647,
4627,965928689,2.325583,11.462404,-2.374098,112.999161,71.588753,54.337513,-0.024862,-0.762112,0.091041,-0.640529,
4628,965945356,-0.204635,14.225587,-1.834526,81.917458,77.724922,17.609060,-0.015411,-0.754736,0.084981,-0.650318,
4629,965962023,-1.423334,12.440514,-2.176650,-6.766661,53.776798,-38.843777,-0.020735,-0.749982,0.081145,-0.656134,
4630,965978690,-1.694439,9.079744,1.105777,-60.163033,45.265274,-77.060829,-0.035429,-0.746198,0.078248,-0.660159,
4631,965995357,-0.808736,7.421842,4.534700,-74.477692,31.628958,-97.351913,-0.053459,-0.743655,0.074569,-0.662237,
4632,966012024,5.174194,4.129372,2.301964,-130.258194,8.171560,-138.077911,-0.081159,-0.742960,0.071998,-0.660484,
4633,966028691,15.884272,4.037708,-1.089085,-120.325653,-50.664360,-205.819214,-0.113588,-0.747981,0.061772,-0.651003,
4634,966045358,30.834610,7.909602,-4.877141,-79.312851,-68.829514,-188.349350,-0.139614,-0.754395,0.049795,-0.639466,
4635,966062025,17.090948,-0.480026,-3.250796,-4.244638,145.162582,-114.390503,-0.151956,-0.741243,0.034562,-0.652896,
4636,966078692,11.925368,8.230875,-1.924368,34.963722,3.330498,-142.012985,-0.161890,-0.742119,0.015742,-0.650233,
4637,966095359,20.705723,6.847264,-7.336582,-15.173390,-30.912672,-140.562180,-0.176947,-0.744712,0.002620,-0.643496,
4638,966112026,25.773365,4.594188,-6.728719,84.936462,21.427155,-125.814163,-0.179716,-0.744622,-0.019622,-0.642537,
4639,966128693,20.189302,2.486360,-1.147954,69.234581,55.139709,-129.857147,-0.184374,-0.740576,-0.041705,-0.644836,
4640,966145360,18.189140,2.528313,-0.976348,44.859375,-17.874680,-114.531799,-0.190583,-0.742496,-0.057876,-0.639552,
4641,966162027,19.011740,1.840416,-1.650526,8.890129,-28.417955,-103.770401,-0.199707,-0.744275,-0.069229,-0.633544,
4642,966178694,15.707929,-1.665723,-1.200300,-45.440464,-26.697962,-120.584419,-0.216182,-0.743915,-0.077424,-0.627583,
4643,966195361,11.492618,-4.619215,-0.924332,-59.728004,-34.960266,-140.211090,-0.235988,-0.743304,-0.086143,-0.619990,
4644,966212028,11.041111,-4.166163,0.330212,-45.111294,-38.003475,-124.561577,-0.252729,-0.743317,-0.094342,-0.612132,
4645,966228695,10.462413,-5.192606,-0.820891,-23.555706,-33.894512,-93.396271,-0.264228,-0.743949,-0.101213,-0.605375,
4646,966245362,7.877996,-5.138262,-1.161189,-10.414730,-17.013683,-70.301910,-0.271978,-0.743812,-0.107371,-0.601034,
4647,966262029,4.360183,-6.274274,-0.625248,11.341712,-56.886620,-43.584156,-0.275630,-0.748354,-0.110952,-0.593029,
4648,966278696,5.149354,-4.869315,-0.083283,44.750660,-55.588718,-6.963028,-0.272434,-0.754633,-0.113468,-0.586031,
4649,966295363,2.423628,-0.860592,6.762726,-52.282200,-27.583342,40.683041,-0.275337,-0.755388,-0.103580,-0.585534,
4650,966312030,-0.041159,-3.595325,6.601830,-111.782471,27.833271,80.057724,-0.280516,-0.749435,-0.086493,-0.593445,
4651,966328697,-2.564567,-2.314897,2.375013,73.961998,47.662647,99.455902,-0.263416,-0.749298,-0.084096,-0.601740,
4652,966345364,-2.393145,1.678272,0.264852,181.540665,61.680931,102.994400,-0.233936,-0.751590,-0.091209,-0.609973,
4653,966362031,-3.420078,2.947195,-6.786298,284.126740,17.047567,100.375961,-0.193734,-0.760202,-0.106055,-0.610992,
4654,966378698,-1.466809,5.390224,-10.148867,271.601074,-28.732807,81.317635,-0.156964,-0.770863,-0.120415,-0.605502,
4655,966395365,8.106497,9.543695,-0.221391,224.598267,-70.349968,-17.727316,-0.134685,-0.781275,-0.140618,-0.593039,
4656,966412032,70.263351,-5.992603,2.563135,-42.526962,-338.252106,32.297882,-0.143673,-0.809158,-0.126601,-0.555512,
4657,966428699,4.059676,-3.436318,-15.302296,338.500122,706.254639,-41.996052,-0.093583,-0.753095,-0.172850,-0.627864,
4658,966445366,-8.382376,21.492857,2.784404,-64.224777,-270.380005,54.097481,-0.102582,-0.777477,-0.157334,-0.600210,
4659,966462033,19.646767,-1.518444,0.252317,-71.470428,-58.916420,37.049923,-0.108957,-0.782172,-0.146119,-0.595806,
4660,966478700,17.544844,-3.871763,-4.527470,-115.325981,20.355278,24.132677,-0.119726,-0.778826,-0.133790,-0.600995,
4661,966495367,16.245195,-9.879539,-10.289935,-80.324142,42.397598,108.770134,-0.118659,-0.775527,-0.115269,-0.609254,
4662,966512034,7.787299,-2.894530,-6.458527,32.400524,123.906326,139.776886,-0.100694,-0.767014,-0.104577,-0.624990,
4663,966528701,9.921541,4.811105,-3.146668,-30.891970,-53.442413,100.772812,-0.095978,-0.772701,-0.089830,-0.621008,
4664,966545368,12.740643,4.899600,-5.582952,-81.049522,5.481448,127.049263,-0.093719,-0.772414,-0.068389,-0.624432,
4665,966562035,7.636385,1.133790,-3.690271,-59.046890,-13.837135,139.655838,-0.087991,-0.773936,-0.047233,-0.625339,
4666,966578702,14.781313,3.440803,-3.547347,-51.224152,-50.266857,125.146568,-0.082912,-0.778418,-0.027935,-0.621620,
4667,966595369,18.412172,4.878326,-3.249744,-46.247375,9.498204,128.244843,-0.076712,-0.777249,-0.009445,-0.624427,
4668,966612036,10.895233,4.831307,-1.089852,-28.720167,36.422062,136.207611,-0.067741,-0.773522,0.008057,-0.630087,
4669,966628703,9.591708,6.440885,-0.107099,-14.504128,23.099207,123.654808,-0.058279,-0.770874,0.022973,-0.633899,
4670,966645370,10.327166,5.394546,-0.587316,-29.687586,19.368763,104.052437,-0.052299,-0.768282,0.037116,-0.636891,
4671,966662037,11.357706,6.000072,-1.657662,-4.462303,29.011728,96.864326,-0.044205,-0.764848,0.048035,-0.640894,
4672,966678704,9.705398,9.373160,-2.065820,34.312122,48.809872,97.701744,-0.031849,-0.759627,0.055295,-0.647220,
4673,966695371,4.563192,12.536097,-3.179229,81.964096,79.054657,94.758537,-0.014737,-0.751526,0.057582,-0.657020,
4674,966712038,-1.696661,16.806648,-2.447405,70.990189,77.372269,70.845650,-0.001092,-0.743463,0.058284,-0.666231,
4675,966728705,-6.249527,17.264265,-1.194315,-35.867863,42.717651,7.664847,-0.004830,-0.739125,0.062501,-0.670644,
4676,966745372,-5.893876,11.293971,-1.827987,-118.397972,19.810467,-62.187916,-0.024045,-0.737427,0.067259,-0.671639,
4677,966762039,-0.768776,7.527443,0.757047,-117.024597,0.995228,-93.955353,-0.046022,-0.737557,0.068512,-0.670221,
4678,966778706,4.289902,6.093945,0.206057,-171.168442,-12.860254,-134.255630,-0.077559,-0.738522,0.070758,-0.666004,
4679,966795373,11.034432,3.340807,-0.847730,-164.453461,-24.909454,-195.224899,-0.114061,-0.740461,0.065857,-0.659068,
4680,966812040,29.177265,8.684706,-1.043193,-68.124359,-89.378746,-219.569870,-0.141754,-0.749406,0.050084,-0.644816,
4681,966828707,22.588963,1.190389,-4.334710,27.020561,149.115784,-137.452606,-0.152958,-0.736527,0.029362,-0.658232,
4682,966845374,7.890275,2.357749,-1.311142,92.631905,51.009056,-139.953644,-0.156837,-0.733935,0.004252,-0.660850,
4683,966862041,17.311365,3.933546,-5.550324,70.517120,-12.204209,-132.368774,-0.162218,-0.736489,-0.016484,-0.656503,
4684,966878708,21.042202,3.257800,-5.913421,117.087654,-1.982507,-123.694191,-0.161670,-0.738782,-0.040970,-0.652981,
4685,966895375,21.427158,4.242555,-3.637969,96.114914,14.480974,-131.654587,-0.163936,-0.738532,-0.064681,-0.650777,
4686,966912042,17.842508,4.780500,-1.634254,40.976624,-15.015720,-121.198891,-0.171336,-0.739515,-0.081317,-0.645871,
4687,966928709,18.774399,3.611371,-2.058213,15.204803,-47.635994,-96.727524,-0.179542,-0.742983,-0.092063,-0.638173,
4688,966945376,17.217207,0.585657,-1.446467,-42.979649,-44.371288,-106.922874,-0.194886,-0.744276,-0.098567,-0.631155,
4689,966962043,12.393955,-1.758635,-1.434688,-114.200829,-46.143700,-116.509979,-0.218751,-0.743223,-0.099474,-0.624397,
4690,966978710,10.226269,-3.470726,-2.220329,-114.345932,-59.307087,-102.812592,-0.241446,-0.743114,-0.098409,-0.616279,
4691,966995377,8.595723,-3.751673,-1.005750,-116.104683,-53.773766,-76.366196,-0.261753,-0.742433,-0.094469,-0.609388,
4692,967012044,6.881950,-7.737634,-3.186525,-85.506973,-66.078758,-57.557842,-0.277154,-0.743969,-0.090704,-0.601222,
4693,967028711,5.932123,-8.955039,-3.160579,6.151326,-70.640747,-24.772982,-0.279769,-0.749870,-0.091202,-0.592542,
4694,967045378,5.201012,-7.841858,0.852707,23.399939,-79.302216,23.358686,-0.276432,-0.757758,-0.087571,-0.584568,
4695,967062045,5.375995,0.297949,10.783303,-122.525032,-24.875362,74.777931,-0.284028,-0.755579,-0.068029,-0.586344,
4696,967078712,2.072796,1.578312,9.696795,-111.647369,38.929970,93.997307,-0.288027,-0.748247,-0.049906,-0.595547,
4697,967095379,-1.714426,2.869842,2.388758,130.656647,57.101768,94.895546,-0.265291,-0.749086,-0.053406,-0.604680,
4698,967112046,-4.153091,5.546041,-1.097928,185.502686,25.029287,91.143173,-0.236960,-0.754263,-0.060860,-0.609288,
4699,967128713,-2.609426,1.380494,-10.284798,165.810883,-26.508501,74.533691,-0.212526,-0.762575,-0.066567,-0.607356,
4700,967145380,1.489937,8.806224,-15.578565,270.825623,-114.279907,14.369340,-0.182347,-0.780339,-0.085422,-0.592049,
4701,967162047,38.028225,-9.488488,9.016123,66.034370,-134.623566,-104.375504,-0.185650,-0.791971,-0.099478,-0.573079,
4702,967178714,22.746666,-26.298304,-6.460447,152.770279,190.794708,-1.489231,-0.165498,-0.779530,-0.117596,-0.592548,
4703,967195381,3.123951,5.275439,-5.144357,457.112946,68.631981,80.036636,-0.105452,-0.784030,-0.149390,-0.593178,
4704,967212048,3.314244,32.849415,2.187359,26.639090,-83.194550,261.352692,-0.081784,-0.796525,-0.120604,-0.586783,
4705,967228715,34.052128,15.817649,3.944960,-222.857773,-251.415390,17.111238,-0.110639,-0.814537,-0.096585,-0.561213,
4706,967245382,13.238125,-8.281176,-14.020705,-244.557709,433.818115,-19.006268,-0.134954,-0.772675,-0.085729,-0.614337,
4707,967262049,1.839268,-9.748115,-1.029314,-62.858486,-71.671623,89.898300,-0.135058,-0.778688,-0.068699,-0.608838,
4708,967278716,18.737818,-14.390627,-10.441087,-30.034798,-53.478916,124.933617,-0.128109,-0.783791,-0.050937,-0.605529,
4709,967295383,16.269709,-7.608683,-7.548801,53.820526,45.281933,107.609077,-0.112344,-0.781338,-0.044355,-0.612308,
4710,967312050,12.420396,3.894826,-4.969252,83.997993,-4.344813,138.020523,-0.090712,-0.783649,-0.036174,-0.613479,
4711,967328717,15.830786,14.807446,-1.763645,15.585537,-72.144440,154.926239,-0.075673,-0.790744,-0.019047,-0.607152,
4712,967345384,15.690872,10.561901,-5.926234,-113.085388,40.567177,119.962234,-0.078162,-0.785893,0.004191,-0.613388,
4713,967362051,10.622320,5.543681,-0.706484,-95.440346,59.139103,129.753647,-0.077725,-0.779096,0.026760,-0.621492,
4714,967378718,9.412568,3.848801,-0.715165,-70.260307,19.844999,136.190033,-0.073656,-0.775673,0.048210,-0.624965,
4715,967395385,9.245179,4.043322,-0.880571,-48.403358,24.931204,128.433624,-0.067831,-0.771724,0.066724,-0.628799,
4716,967412052,8.154359,3.910355,-1.660135,-28.801685,15.821848,109.824226,-0.061396,-0.768720,0.081423,-0.631404,
4717,967428719,8.097395,7.340294,-1.008609,15.094025,32.808838,86.571571,-0.052378,-0.764647,0.089323,-0.636075,
4718,967445386,5.528814,9.593460,-0.905798,40.498531,51.490372,76.948700,-0.041654,-0.759015,0.093638,-0.642956,
4719,967462053,1.770581,12.151375,-2.193087,72.818642,64.494789,65.619034,-0.028594,-0.752326,0.093580,-0.651483,
4720,967478720,-0.932997,15.803395,-3.782984,48.675953,43.342682,35.898731,-0.020698,-0.747795,0.092625,-0.657111,
4721,967495387,-2.986268,14.245630,-1.207015,-24.353579,36.437672,-3.904042,-0.024455,-0.744180,0.094331,-0.660832,
4722,967512054,-3.411994,10.032956,2.013756,-111.838104,17.780468,-47.314407,-0.041595,-0.742506,0.099796,-0.661056,
4723,967528721,0.060723,6.504793,0.396584,-155.763184,-4.732347,-94.514603,-0.067668,-0.743029,0.104470,-0.657582,
4724,967545388,5.749189,2.893694,-1.291809,-156.881317,-4.168038,-148.318619,-0.098955,-0.743667,0.103340,-0.653060,
4725,967562055,14.116656,2.617226,-0.138070,-37.974094,-5.387843,-210.050812,-0.123131,-0.746324,0.084156,-0.648657,
4726,967578722,26.689339,11.565017,-2.098175,67.915680,-13.490367,-191.777664,-0.133876,-0.750721,0.057032,-0.644393,
4727,967595389,14.645446,5.054204,-4.101634,26.309767,99.949600,-140.547989,-0.145202,-0.742671,0.037147,-0.652668,
4728,967612056,15.789426,5.477273,-2.480456,20.431288,-18.829489,-130.688004,-0.155511,-0.745332,0.021373,-0.647950,
4729,967628723,25.257275,2.356770,-4.490149,34.599064,-20.181919,-127.272064,-0.163899,-0.748145,0.004657,-0.642957,
4730,967645390,24.693542,0.964393,-2.856948,85.124092,37.732883,-124.783691,-0.166522,-0.746408,-0.017895,-0.644069,
4731,967662057,17.648899,1.984997,0.297998,35.614601,24.207493,-130.675919,-0.175028,-0.744376,-0.036113,-0.643401,
4732,967678724,17.490250,2.090816,-0.939763,14.982852,-20.401794,-114.412033,-0.184417,-0.745817,-0.049491,-0.638198,
4733,967695391,17.705400,-0.045276,-2.399539,-4.707861,-28.438061,-124.941483,-0.196918,-0.747157,-0.061952,-0.631776,
4734,967712058,13.625606,-2.282126,-2.690534,-35.603874,-34.004292,-136.650375,-0.213820,-0.747716,-0.072661,-0.624437,
4735,967728725,11.364122,-2.444003,-1.600639,-46.936314,-42.866932,-125.179436,-0.230912,-0.748520,-0.080784,-0.616336,
4736,967745392,9.576954,-1.881194,-0.703696,-76.572350,-24.621235,-100.522018,-0.248715,-0.746691,-0.084147,-0.611157,
4737,967762059,7.960026,-2.580651,-0.725139,-55.076397,-34.374084,-76.036552,-0.262054,-0.746590,-0.086385,-0.605366,
4738,967778726,6.924824,-4.713237,-1.117965,-36.101887,-48.950298,-46.947235,-0.270909,-0.748734,-0.086564,-0.598759,
4739,967795393,6.094425,-5.773907,-1.334094,-6.459609,-49.039165,-13.166393,-0.273569,-0.752411,-0.085633,-0.593046,
4740,967812060,4.001020,-5.303839,0.027661,0.368877,-42.492943,21.294565,-0.272414,-0.756188,-0.081776,-0.589307,
4741,967828727,2.328888,-0.827099,5.626156,-41.604218,-30.925127,50.581612,-0.273205,-0.757601,-0.071551,-0.588455,
4742,967845394,0.216597,2.293396,8.289640,-89.093277,5.527475,69.202103,-0.277205,-0.754057,-0.056645,-0.592744,
4743,967862061,-0.870572,1.940292,5.532453,30.224049,49.846222,82.030571,-0.266582,-0.751427,-0.052392,-0.601287,
4744,967878728,-1.958851,4.133925,0.295057,164.122574,34.512810,89.358986,-0.240676,-0.755022,-0.058427,-0.607127,
4745,967895395,-2.917252,3.470773,-9.721851,201.604141,-8.407327,67.725922,-0.212725,-0.762891,-0.068596,-0.606662,
4746,967912062,0.793385,2.692905,-7.873324,193.855667,-68.192314,-10.159961,-0.192908,-0.774321,-0.084810,-0.596675,
4747,967928729,25.845490,-13.160125,-3.281330,115.760933,-131.199203,-131.161072,-0.192978,-0.786801,-0.106025,-0.576595,
4748,967945396,33.812012,-31.020035,-17.390131,255.541092,105.994118,9.455580,-0.161353,-0.784451,-0.129384,-0.584689,
4749,967962063,4.259972,21.904625,-0.216604,595.703003,134.061279,116.692612,-0.080574,-0.785878,-0.169410,-0.589239,
4750,967978730,14.888682,55.875294,7.153332,-240.653229,-297.287872,246.730637,-0.094256,-0.812736,-0.116872,-0.562953,
4751,967995397,20.219719,-4.069061,-3.180448,-349.575592,239.593155,-94.501587,-0.139221,-0.784970,-0.102599,-0.594905,
4752,968012064,-2.232147,-9.296355,0.090431,-102.319710,45.195698,-71.975960,-0.156629,-0.777620,-0.102977,-0.600142,
4753,968028731,25.707350,-20.542896,-10.616501,-116.205490,-130.272568,134.228516,-0.160125,-0.787812,-0.074754,-0.590020,
4754,968045398,18.968739,-16.613363,-9.194140,112.480637,99.573280,172.116135,-0.131498,-0.783191,-0.067082,-0.604003,
4755,968062065,12.661054,-3.107939,-7.787480,116.351616,46.885639,99.538429,-0.109206,-0.781925,-0.066951,-0.610069,
4756,968078732,15.424568,12.977489,-6.965543,99.198944,-62.966694,127.855461,-0.087358,-0.789956,-0.060295,-0.603905,
4757,968095399,14.130738,20.493868,-4.829260,-68.185829,-28.643236,167.235046,-0.080924,-0.792670,-0.034810,-0.603252,
4758,968112066,11.666722,9.644471,-5.923745,-132.459976,27.696478,124.593689,-0.085301,-0.788908,-0.009243,-0.608491,
4759,968128733,12.246815,4.585151,1.901133,-125.168983,32.728527,124.343880,-0.088800,-0.784242,0.015593,-0.613869,
4760,968145400,11.778013,0.908858,-0.103155,-88.027885,13.628669,140.112793,-0.086555,-0.781231,0.039149,-0.616971,
4761,968162067,10.896616,1.375752,-0.191181,-31.683674,34.686409,135.988541,-0.078355,-0.776668,0.056898,-0.622422,
4762,968178734,8.580840,1.332569,-0.988136,9.655725,46.309341,113.874931,-0.067554,-0.771415,0.068251,-0.629044,
4763,968195401,7.244054,3.458257,-1.768998,36.356133,63.029552,79.890755,-0.057014,-0.765016,0.073167,-0.637296,
4764,968212068,6.179687,5.740413,-2.613207,41.848305,65.969345,67.023094,-0.047073,-0.758348,0.076099,-0.645679,
4765,968228735,5.079857,8.511499,-2.371647,63.075485,77.543495,68.725655,-0.034750,-0.750518,0.077126,-0.655413,
4766,968245402,2.986091,11.731641,-2.474502,111.001167,84.669472,60.515675,-0.018043,-0.742046,0.072619,-0.666159,
4767,968262069,-1.495943,16.230993,-1.640194,74.784737,79.502571,38.231125,-0.007345,-0.733930,0.069199,-0.675651,
4768,968278736,-5.594188,13.601640,-0.410844,-14.390152,58.016678,-1.343634,-0.009843,-0.728096,0.070330,-0.681787,
4769,968295403,-4.127755,9.343735,1.095552,-46.581318,30.117678,-43.681168,-0.019661,-0.725346,0.070198,-0.684513,
4770,968312070,2.088598,8.404092,0.656402,-106.613892,-7.533493,-104.453812,-0.041476,-0.726578,0.069720,-0.682278,
4771,968328737,9.040023,5.592649,-1.080442,-151.869949,-12.216621,-163.836792,-0.073879,-0.728038,0.067425,-0.678201,
4772,968345404,14.838203,6.821492,-0.399913,-110.844627,-19.840872,-171.093018,-0.102516,-0.730042,0.060337,-0.672970,
4773,968362071,25.231594,7.512734,-2.622997,-64.723045,-29.370230,-135.195038,-0.122585,-0.732839,0.052641,-0.667194,
4774,968378738,16.531368,1.446780,-5.782762,-44.729992,44.452103,-117.229271,-0.139294,-0.728365,0.043580,-0.669464,
4775,968395405,17.485775,2.170890,-4.718557,7.035037,4.891610,-149.176697,-0.153317,-0.728679,0.026878,-0.666932,
4776,968412072,22.209576,2.244045,-4.267063,86.029884,1.701778,-142.662994,-0.158241,-0.730647,0.003260,-0.664156,
4777,968428739,20.735468,3.803621,-2.015009,122.786911,20.198378,-127.407333,-0.157694,-0.731205,-0.022713,-0.663292,
4778,968445406,16.629789,4.108903,-1.382411,70.966377,14.833393,-126.569771,-0.162505,-0.730680,-0.043464,-0.661672,
4779,968462073,15.945954,3.385289,-2.120723,48.289688,-11.947499,-124.988091,-0.169673,-0.731898,-0.061212,-0.657106,
4780,968478740,16.652311,0.634047,-2.150503,5.845890,-33.236275,-120.455276,-0.181054,-0.733878,-0.073875,-0.650526,
4781,968495407,14.703570,-2.601198,-2.337480,-54.383904,-39.854008,-123.778725,-0.199180,-0.734582,-0.080989,-0.643550,
4782,968512074,11.782856,-4.079619,-1.301054,-58.776428,-52.543583,-123.401314,-0.217797,-0.736025,-0.087248,-0.634996,
4783,968528741,10.145067,-3.894717,0.208780,-64.282036,-45.240997,-115.438438,-0.236079,-0.736395,-0.092338,-0.627265,
4784,968545408,8.402929,-5.571006,-0.093862,-64.755997,-47.576225,-90.401688,-0.252071,-0.737028,-0.094587,-0.619921,
4785,968562075,7.371723,-5.607018,-0.879552,-24.947964,-60.235180,-45.456886,-0.259859,-0.740715,-0.095121,-0.612181,
4786,968578742,4.703878,-4.688334,0.326755,-26.099087,-64.326050,-9.354278,-0.264581,-0.745134,-0.091497,-0.605310,
4787,968595409,2.163714,-3.931408,3.013502,-39.449512,-50.311943,9.475883,-0.268879,-0.747986,-0.085185,-0.600802,
4788,968612076,1.315560,-1.490973,7.172844,-107.844818,-54.144955,45.381207,-0.277468,-0.748779,-0.068823,-0.598000,
4789,968628743,1.756600,0.664224,7.713085,-62.125168,16.224773,80.673141,-0.277225,-0.745435,-0.055413,-0.603657,
4790,968645410,-0.452774,3.495919,4.198473,108.454353,65.309006,82.001945,-0.257881,-0.744408,-0.058794,-0.613105,
4791,968662077,-3.811927,5.853375,-5.211014,235.074600,32.828304,72.929230,-0.225693,-0.750288,-0.073176,-0.617070,
4792,968678744,-3.879120,1.112107,-13.451509,159.661224,-39.828861,54.055733,-0.203981,-0.759294,-0.080399,-0.612699,
4793,968695411,3.127836,1.556053,2.432000,130.964539,-64.239723,-36.791336,-0.193706,-0.768148,-0.094329,-0.602933,
4794,968712078,57.367718,-8.341505,-1.102767,441.746857,-368.731232,21.425774,-0.147113,-0.810347,-0.120048,-0.554332,
4795,968728745,29.674690,-0.426016,-23.750389,-16.006987,491.730621,-50.919365,-0.144326,-0.767258,-0.135080,-0.610114,
4796,968745412,-19.537485,15.752808,5.939892,209.727539,104.485504,-52.532990,-0.123634,-0.760740,-0.161765,-0.616296,
4797,968762079,10.399618,3.957530,7.666320,4.884624,-309.122742,64.255432,-0.124668,-0.789090,-0.149473,-0.582625,
4798,968778746,14.570312,1.579736,0.595459,-118.829514,-2.681022,135.599640,-0.127018,-0.789693,-0.123858,-0.587290,
4799,968795413,35.828217,-9.363551,-10.178377,-130.885117,-170.581787,102.141678,-0.136513,-0.803070,-0.097841,-0.571725,
4800,968812080,13.112729,-9.718918,-16.093327,-43.544044,451.445953,119.145264,-0.125147,-0.764379,-0.089162,-0.626190,
4801,968828747,-1.404277,0.758613,0.414473,-1.388110,-53.756386,117.070946,-0.115508,-0.770496,-0.075125,-0.622374,
4802,968845414,16.435259,2.084720,-6.666758,-35.610996,-112.685463,140.840210,-0.108138,-0.781230,-0.054299,-0.612402,
4803,968862081,7.400911,5.046163,-6.366740,-86.720238,81.478569,159.695679,-0.103278,-0.773416,-0.029791,-0.624718,
4804,968878748,7.907374,3.020937,-3.928990,-49.106026,-117.818741,153.809509,-0.095500,-0.783603,-0.006346,-0.613844,
4805,968895415,21.699039,6.390760,-4.408781,-52.879391,-69.788673,141.046661,-0.089179,-0.788889,0.015321,-0.607837,
4806,968912082,14.510782,7.440457,0.282683,-84.054306,105.456062,156.118759,-0.085429,-0.777665,0.039186,-0.621613,
4807,968928749,8.491816,6.085472,-0.162514,-96.441032,6.920777,141.873825,-0.083743,-0.774685,0.063754,-0.623527,
4808,968945416,8.304635,4.305500,0.037376,-91.306168,5.462572,123.043457,-0.083127,-0.771643,0.085718,-0.624747,
4809,968962083,9.547064,4.507588,-0.328639,-51.804390,-7.681828,114.076218,-0.078696,-0.770067,0.103209,-0.624620,
4810,968978750,9.869438,5.610147,-0.165260,37.292774,22.509035,110.100883,-0.065078,-0.766590,0.111785,-0.628973,
4811,968995417,5.438138,8.221768,-2.756186,122.580467,65.268860,98.969887,-0.043638,-0.759846,0.110861,-0.639093,
4812,969012084,0.581530,11.642689,-3.432440,123.715393,69.223198,64.873619,-0.025284,-0.752866,0.105975,-0.649093,
4813,969028751,-1.285751,11.030704,-1.103274,74.254173,58.939785,17.727762,-0.016630,-0.747137,0.100595,-0.656802,
4814,969045418,-0.180185,10.264688,-0.727947,50.370430,57.821037,-37.023228,-0.015786,-0.742128,0.091530,-0.663792,
4815,969062085,0.590820,10.063535,-1.531104,-14.739925,42.445984,-69.587776,-0.024908,-0.738772,0.085254,-0.668077,
4816,969078752,1.152435,7.806553,0.464734,-60.624916,29.293463,-87.414986,-0.040527,-0.736595,0.081549,-0.670175,
4817,969095419,4.758566,7.404303,1.741207,-82.992500,1.203117,-124.546127,-0.061813,-0.737187,0.076180,-0.668528,
4818,969112086,10.887461,7.539431,-0.696646,-109.203926,-24.360001,-162.907867,-0.089318,-0.739965,0.069426,-0.663063,
4819,969128753,20.091497,7.385928,-1.704553,-123.172707,-44.543198,-179.851746,-0.119674,-0.743976,0.062390,-0.654435,
4820,969145420,23.094606,1.368004,-2.717032,-44.712349,11.293773,-137.153427,-0.137892,-0.743086,0.051482,-0.652807,
4821,969162087,16.261494,3.831320,-3.746222,36.885609,35.530758,-126.785866,-0.146432,-0.741135,0.033444,-0.654337,
4822,969178754,15.963397,4.460624,-4.224627,34.067467,5.650433,-139.696747,-0.156296,-0.741716,0.014902,-0.652079,
4823,969195421,19.864416,4.775680,-3.885122,85.828117,-15.731568,-127.564262,-0.159305,-0.745121,-0.006760,-0.647588,
4824,969212088,20.507250,5.064759,-3.292510,71.287682,11.168297,-120.957298,-0.163166,-0.745314,-0.026957,-0.645877,
4825,969228755,16.471792,3.697513,-1.740169,17.766960,14.344026,-120.079033,-0.172672,-0.743663,-0.042098,-0.644497,
4826,969245422,16.398485,1.807514,-1.881815,-15.398856,-29.250610,-107.187935,-0.184772,-0.745123,-0.051627,-0.638737,
4827,969262089,17.031796,-1.608467,-1.893211,-65.750809,-43.355469,-101.094078,-0.201810,-0.746352,-0.055423,-0.631791,
4828,969278756,13.792113,-5.477948,-2.613126,-93.458305,-51.661594,-114.214310,-0.223035,-0.747097,-0.057827,-0.623504,
4829,969295423,11.101475,-5.571186,-2.021395,-64.544739,-43.824989,-121.666939,-0.241618,-0.747642,-0.063887,-0.615280,
4830,969312090,8.208019,-5.325203,-0.784224,-59.671101,-56.621223,-106.867744,-0.258361,-0.749327,-0.068295,-0.605882,
4831,969328757,6.515726,-7.250600,-2.035372,-45.906384,-68.668228,-83.603310,-0.271584,-0.752565,-0.070903,-0.595701,
4832,969345424,5.064852,-8.163792,-3.221521,39.567776,-82.715805,-42.616955,-0.271973,-0.760628,-0.075856,-0.584569,
4833,969362091,4.001455,-4.276444,1.568250,53.852234,-67.470428,3.964470,-0.266600,-0.768335,-0.077457,-0.576702,
4834,969378758,2.295748,2.890558,11.090717,-101.012550,-6.910546,41.239395,-0.274669,-0.765221,-0.064235,-0.578677,
4835,969395425,-0.306482,3.687932,10.301059,-137.870560,29.253786,66.403526,-0.284280,-0.757530,-0.046531,-0.585805,
4836,969412092,-2.086794,5.653154,2.760813,93.616745,65.292160,66.511360,-0.268011,-0.756004,-0.050007,-0.595086,
4837,969428759,-3.521702,8.169386,-3.189870,159.347336,53.425121,56.345924,-0.245347,-0.757605,-0.059803,-0.601883,
4838,969445426,-4.467394,2.760278,-14.822106,184.684784,-31.657572,46.673717,-0.221304,-0.766930,-0.069805,-0.598306,
4839,969462093,2.391295,6.367700,-4.935720,135.112305,-114.028114,-30.940910,-0.210219,-0.780486,-0.081449,-0.583109,
4840,969478760,48.296593,-20.317724,10.069540,8.418117,-187.612793,-113.793320,-0.221234,-0.794767,-0.089436,-0.558033,
4841,969495427,27.121492,-17.022167,-16.699581,335.271820,353.127289,28.711821,-0.175227,-0.775139,-0.124572,-0.594084,
4842,969512094,-10.501352,18.655352,1.817921,290.540619,-19.776289,30.397289,-0.140236,-0.783955,-0.145741,-0.586948,
4843,969528761,13.484207,8.772673,3.248308,16.696484,-91.060387,111.430557,-0.130905,-0.794114,-0.132686,-0.578482,
4844,969545428,28.188080,6.089581,-0.787478,-66.488327,-136.526749,78.596809,-0.134753,-0.805464,-0.115491,-0.565447,
4845,969562095,21.563065,-3.388446,-11.156328,-158.110336,127.955238,8.545625,-0.150550,-0.791490,-0.104064,-0.583137,
4846,969578762,6.652658,-7.005457,-4.000174,-61.422478,127.189438,87.746552,-0.148397,-0.780312,-0.091623,-0.600580,
4847,969595429,13.189552,-6.600404,-8.063263,-4.203757,-66.591660,129.912460,-0.138570,-0.787456,-0.075163,-0.595870,
4848,969612096,17.252344,-1.046144,-9.010282,13.197667,9.082464,120.962952,-0.126643,-0.788002,-0.062731,-0.599232,
4849,969628763,12.247555,3.956469,-5.001541,-7.449610,29.828325,134.822418,-0.115637,-0.786209,-0.047271,-0.605202,
4850,969645430,9.025225,5.828726,-4.159652,-39.588173,-11.496552,155.406647,-0.106725,-0.787286,-0.025910,-0.606728,
4851,969662097,12.046242,7.689953,-3.081299,-59.946571,-51.011257,147.143066,-0.100964,-0.791062,-0.003074,-0.603338,
4852,969678764,14.588705,4.875807,-1.834055,-105.278625,13.618541,131.954163,-0.101663,-0.788027,0.021045,-0.606823,
4853,969695431,10.724460,2.563905,-0.177476,-69.802139,24.870461,133.719421,-0.098121,-0.784087,0.042058,-0.611400,
4854,969712098,9.251523,2.729557,-0.216669,-47.760971,18.817574,117.655022,-0.093417,-0.780771,0.059347,-0.614937,
4855,969728765,10.525837,2.469352,-0.451606,-26.916321,6.532810,93.958237,-0.088334,-0.778828,0.072234,-0.616770,
4856,969745432,11.142249,4.431324,-1.997456,34.923473,15.573043,83.542595,-0.077260,-0.776833,0.078261,-0.620029,
4857,969762099,7.401716,8.865526,-4.543835,133.820221,59.317734,94.542068,-0.054489,-0.771565,0.076089,-0.629228,
4858,969778766,0.849506,15.817624,-4.601801,216.167664,92.587402,110.077988,-0.021377,-0.762943,0.067784,-0.642546,
4859,969795433,-6.312810,21.518457,1.803866,88.310585,47.624969,83.216301,-0.004499,-0.757714,0.068521,-0.648963,
4860,969812100,-7.055893,14.769628,0.073926,-24.070496,38.208279,-33.971733,-0.010978,-0.754308,0.066935,-0.653007,
4861,969828767,-1.102316,8.942440,-1.777330,-64.552429,30.192722,-94.490372,-0.027572,-0.752044,0.062554,-0.655558,
4862,969845434,3.012961,5.901241,-1.107133,-78.315941,37.756538,-102.153511,-0.046462,-0.748812,0.058591,-0.658550,
4863,969862101,6.389462,8.309316,0.279946,-76.417442,9.717182,-114.667320,-0.066090,-0.748084,0.053251,-0.658154,
4864,969878768,14.549192,12.237027,-0.202401,-113.441093,-42.511364,-121.585350,-0.089971,-0.751660,0.051173,-0.651379,
4865,969895435,17.409451,9.802666,-2.927464,-153.092743,-11.931376,-124.962769,-0.118670,-0.751289,0.052040,-0.647127,
4866,969912102,14.250555,5.034395,-3.897959,-141.307648,5.589701,-136.347168,-0.147191,-0.748931,0.050209,-0.644140,
4867,969928769,15.671562,5.586048,-4.295359,-33.877426,-0.947620,-135.390503,-0.163781,-0.749008,0.038522,-0.640842,
4868,969945436,17.895012,4.696505,-5.250381,-30.967703,-14.174990,-125.549141,-0.179000,-0.750037,0.027937,-0.636100,
4869,969962103,24.617056,4.527880,-6.773252,13.671128,-30.657717,-127.897888,-0.189433,-0.753484,0.013385,-0.629442,
4870,969978770,25.802977,3.286722,-5.784818,17.325045,67.370415,-137.168976,-0.200420,-0.747742,-0.005224,-0.632997,
4871,969995437,17.192198,0.669774,0.003069,-2.204055,55.380493,-143.947052,-0.214059,-0.742147,-0.022419,-0.634739,
4872,970012104,18.818844,-1.611143,-0.923944,9.437985,-13.651149,-140.675644,-0.226261,-0.742944,-0.038174,-0.628794,
4873,970028771,15.343251,-3.957231,-0.638788,9.611550,-19.202135,-148.388077,-0.239073,-0.743871,-0.054577,-0.621707,
4874,970045438,11.527700,-4.544345,-0.623763,29.488300,-30.257847,-145.241058,-0.249419,-0.746151,-0.072024,-0.613075,
4875,970062105,10.268106,-2.076118,0.474195,57.826088,-44.317039,-117.146294,-0.254216,-0.750673,-0.088403,-0.603364,
4876,970078772,8.742376,-1.911008,-0.515776,22.440416,-44.795540,-90.988800,-0.260505,-0.754025,-0.098775,-0.594833,
4877,970095439,8.581840,-2.703275,-1.367793,-3.667012,-45.040565,-64.513008,-0.267320,-0.756652,-0.103955,-0.587546,
4878,970112106,7.288938,-4.855307,-1.919446,-10.979323,-32.420105,-35.617966,-0.272254,-0.758284,-0.105809,-0.582827,
4879,970128773,4.736058,-5.020285,-0.355682,-9.983661,-29.807117,-4.264632,-0.274367,-0.760189,-0.104388,-0.579602,
4880,970145440,2.730277,-3.112697,3.583586,-40.516441,-33.688744,22.078817,-0.277679,-0.761569,-0.097319,-0.577438,
4881,970162107,1.581307,-0.810462,6.348701,-108.661942,16.003157,56.627079,-0.284879,-0.756363,-0.082688,-0.583027,
4882,970178774,-0.088984,1.198741,4.252807,20.105980,88.154549,78.439743,-0.275108,-0.750398,-0.079538,-0.595728,
4883,970195441,-2.539548,5.509905,0.979710,183.136032,82.427338,90.805275,-0.246361,-0.751097,-0.088882,-0.606018,
4884,970212108,-4.915562,4.816091,-5.758118,199.414581,29.335966,84.999077,-0.216787,-0.756224,-0.098305,-0.609479,
4885,970228775,-4.007247,1.407619,-10.016873,72.014244,-58.007111,70.910179,-0.203583,-0.764393,-0.095171,-0.604317,
4886,970245442,4.592533,4.848826,1.874489,172.264633,-67.419731,-22.048330,-0.187432,-0.774690,-0.110857,-0.593662,
4887,970262109,63.801537,-10.219812,1.686943,283.747284,-428.831635,18.580677,-0.160474,-0.817409,-0.121380,-0.539775,
4888,970278776,21.137882,2.137314,-28.226486,76.436684,710.522461,-60.538597,-0.142931,-0.757843,-0.150573,-0.618523,
4889,970295443,-24.586842,12.812429,3.907088,32.248360,-79.467323,-29.974237,-0.143982,-0.764789,-0.155215,-0.608501,
4890,970312110,14.624965,5.252519,10.399597,74.224106,-300.485565,71.816498,-0.136192,-0.793588,-0.147450,-0.574393,
4891,970328777,19.065300,0.577261,-1.893608,-138.710129,-62.253479,132.976501,-0.142555,-0.798405,-0.119338,-0.572700,
4892,970345444,32.852325,-4.118177,-13.470164,-162.258652,-90.379906,107.512207,-0.154127,-0.803905,-0.091528,-0.567102,
4893,970362111,6.326512,-4.889177,-7.641611,-38.818756,427.432709,113.129341,-0.143514,-0.767491,-0.084611,-0.619032,
4894,970378778,4.510820,-2.454346,-2.691403,-76.413223,-132.162476,128.331955,-0.142247,-0.778915,-0.060715,-0.607759,
4895,970395445,16.889444,-1.582944,-7.037135,-43.074089,-41.284943,155.637619,-0.133884,-0.782689,-0.038510,-0.606621,
4896,970412112,9.044800,-1.019748,-4.303914,-66.394661,5.744120,153.578735,-0.128013,-0.781394,-0.015372,-0.610572,
4897,970428779,11.004886,-0.788711,-4.509128,-37.625072,-72.929100,155.627808,-0.118787,-0.787146,0.006918,-0.605180,
4898,970445446,17.590591,1.528944,-4.202367,-22.461475,-45.551296,172.786880,-0.106261,-0.790214,0.029360,-0.602833,
4899,970462113,18.861549,7.428157,-1.761137,-7.876416,35.639847,177.130600,-0.091955,-0.785834,0.049750,-0.609536,
4900,970478780,10.459714,8.329607,1.143199,-50.110737,55.420940,161.694931,-0.083926,-0.778716,0.071820,-0.617575,
4901,970495447,7.076637,5.936179,-0.189922,-53.086735,19.129660,132.523529,-0.078431,-0.774696,0.091255,-0.620779,
4902,970512114,7.600737,4.491672,-0.656726,-26.605169,13.994904,101.665993,-0.072649,-0.771593,0.104851,-0.623195,
4903,970528781,9.008095,6.150727,-1.209280,2.134244,11.926832,92.937050,-0.064387,-0.768954,0.114861,-0.625596,
4904,970545448,9.141095,7.964385,-1.938540,40.513538,32.550098,81.165642,-0.053239,-0.764851,0.119846,-0.630718,
4905,970562115,5.376546,9.510652,-2.139333,101.998802,70.195274,67.162910,-0.037180,-0.757782,0.117304,-0.640799,
4906,970578782,0.911709,11.121509,-2.321832,123.947266,82.878021,55.130291,-0.020027,-0.749498,0.111264,-0.652282,
4907,970595449,-1.714108,13.097812,-1.967776,98.597549,72.929939,21.603973,-0.008650,-0.742305,0.103949,-0.661892,
4908,970612116,-2.633612,13.317324,-2.240631,36.605904,50.065861,-31.281874,-0.008717,-0.737876,0.096899,-0.667887,
4909,970628783,-1.581694,11.171732,-0.584809,-36.225681,28.131790,-72.408028,-0.020290,-0.735967,0.092520,-0.670358,
4910,970645450,1.278058,11.238216,0.822929,-101.228264,-0.634188,-94.502701,-0.040585,-0.736756,0.092168,-0.668616,
4911,970662117,9.033177,10.294024,-1.663253,-189.310928,-42.610523,-141.613480,-0.074304,-0.741129,0.095502,-0.660367,
4912,970678784,23.549881,8.370852,-2.281655,-159.344070,-90.780350,-205.763596,-0.110178,-0.750283,0.089422,-0.645708,
4913,970695451,27.878670,2.690712,-1.876205,-73.562477,39.100216,-158.163162,-0.133793,-0.747129,0.078294,-0.646350,
4914,970712118,11.917251,1.565107,2.560695,27.451389,71.808014,-132.993759,-0.144361,-0.742128,0.059723,-0.651796,
4915,970728785,17.213928,4.101231,-5.680843,-0.468945,-14.932807,-127.750771,-0.156630,-0.744395,0.046160,-0.647466,
4916,970745452,29.248741,2.510724,-8.963420,79.920448,-38.265522,-109.291412,-0.158239,-0.750277,0.027537,-0.641316,
4917,970762119,23.230591,1.964931,-4.404361,12.884305,99.771805,-152.845367,-0.171685,-0.741489,0.007225,-0.648587,
4918,970778786,13.511152,-1.664939,-1.812807,-26.839693,9.968054,-156.667862,-0.189570,-0.739713,-0.007515,-0.645624,
4919,970795453,18.748348,-1.895997,-2.069380,-2.067767,-35.708420,-135.727142,-0.202780,-0.742572,-0.021064,-0.637984,
4920,970812120,16.001766,-4.055432,-1.342122,-23.651911,-12.026998,-143.268158,-0.218855,-0.742246,-0.034111,-0.632463,
4921,970828787,11.388094,-5.809518,-1.883762,-24.050468,-26.365545,-147.378433,-0.235314,-0.742851,-0.047090,-0.624965,
4922,970845454,9.639180,-5.631942,-1.112088,-23.500843,-31.638731,-133.421921,-0.250369,-0.743712,-0.058406,-0.617087,
4923,970862121,7.247190,-6.381303,-1.418843,-46.879406,-33.440479,-109.375389,-0.265713,-0.743809,-0.064933,-0.609859,
4924,970878788,5.194077,-7.277010,-2.653553,-12.221738,-54.124569,-83.751320,-0.275154,-0.747119,-0.070943,-0.600890,
4925,970895455,3.143565,-9.582225,-3.022938,51.381702,-58.275524,-63.261097,-0.275873,-0.753391,-0.080100,-0.591506,
4926,970912122,4.302409,-7.317098,3.121175,60.486580,-83.657433,-6.929239,-0.270980,-0.762705,-0.082830,-0.581368,
4927,970928789,6.801301,4.864714,13.815149,-108.469673,15.333105,58.282887,-0.278044,-0.757567,-0.067917,-0.586660,
4928,970945456,1.361807,7.352133,11.478646,-56.716118,97.132172,70.562325,-0.277458,-0.747393,-0.059349,-0.600748,
4929,970962123,-3.774518,10.781804,6.539355,179.152023,71.823601,75.258759,-0.250869,-0.748506,-0.069821,-0.609858,
4930,970978790,-4.852444,14.914384,-3.675382,258.318481,5.104569,86.212570,-0.215069,-0.757614,-0.083607,-0.610554,
4931,970995457,-3.844060,7.626012,-20.038103,76.986763,-12.174253,101.558846,-0.197894,-0.762056,-0.078986,-0.611448,
4932,971012124,-1.243690,2.821798,-25.642775,136.183640,-170.582977,5.235085,-0.184414,-0.780680,-0.085695,-0.590919,
4933,971028791,29.922928,7.337215,19.520882,106.749733,-103.220795,-141.662643,-0.185885,-0.790168,-0.108279,-0.573897,
4934,971045458,42.218273,-27.645746,2.497135,-204.725464,111.992363,-24.318380,-0.209771,-0.774295,-0.097087,-0.589098,
4935,971062125,-0.176663,-14.159643,-13.851440,502.035645,209.514008,13.101115,-0.148750,-0.769280,-0.144789,-0.604250,
4936,971078792,-5.687419,23.200731,-0.539659,19.988657,-7.031170,145.551285,-0.134015,-0.773074,-0.130183,-0.606175,
4937,971095459,18.616646,2.466422,3.197697,23.492264,-308.801392,135.806137,-0.125283,-0.802247,-0.110927,-0.573061,
4938,971112126,40.846531,3.148985,-5.140576,-270.430939,-91.100677,18.974550,-0.156800,-0.804385,-0.084541,-0.566772,
4939,971128793,9.411264,-12.115371,-11.133638,-85.778130,367.409576,64.898621,-0.156912,-0.771566,-0.078249,-0.611507,
4940,971145460,3.544180,-6.554785,1.647878,-41.482925,-73.353065,137.110428,-0.150355,-0.778357,-0.057583,-0.606825,
4941,971162127,17.826855,-6.906545,-7.245574,34.925190,-36.239788,136.642471,-0.134802,-0.783160,-0.044495,-0.605400,
4942,971178794,17.930403,0.570938,-5.292306,15.207769,-1.759849,123.641045,-0.122358,-0.784160,-0.031807,-0.607544,
4943,971195461,9.646562,2.635961,-5.356237,13.247814,32.118229,157.145920,-0.106967,-0.781949,-0.015714,-0.613894,
4944,971212128,11.303857,7.867081,-3.059522,-8.378913,-72.992691,158.018219,-0.094136,-0.788332,0.004054,-0.607992,
4945,971228795,17.734890,9.622979,-7.011338,-36.246830,-17.768904,143.157486,-0.085796,-0.789028,0.023821,-0.607870,
4946,971245462,10.768021,8.113491,0.614093,-54.064381,104.069344,142.575974,-0.079929,-0.778269,0.043561,-0.621297,
4947,971262129,7.379970,5.260877,-0.134000,-59.824638,5.619939,132.003235,-0.075002,-0.775953,0.063743,-0.623063,
4948,971278796,9.264475,3.876565,-0.751074,-56.604500,10.444847,110.412239,-0.071686,-0.773139,0.081118,-0.624929,
4949,971295463,10.922915,3.669389,-1.234114,-27.291674,11.820067,95.185974,-0.066457,-0.770479,0.094079,-0.626972,
4950,971312130,10.017920,6.346321,-1.274426,16.195375,37.374092,86.877182,-0.057453,-0.765870,0.101879,-0.632268,
4951,971328797,6.869514,8.571108,-1.404970,56.078030,52.902031,78.723213,-0.044973,-0.760117,0.104945,-0.639676,
4952,971345464,3.143222,10.888170,-3.093718,121.844963,71.362793,71.843391,-0.026134,-0.752886,0.100970,-0.649833,
4953,971362131,-0.510816,14.885785,-4.986144,130.096695,70.968102,55.986160,-0.007876,-0.745562,0.094424,-0.659666,
4954,971378798,-4.127475,15.547224,-4.908987,25.736397,41.319981,13.587727,-0.004599,-0.741330,0.093296,-0.664608,
4955,971395465,-4.505325,11.538521,0.524982,-52.985878,22.506954,-37.311028,-0.014482,-0.739499,0.094289,-0.666363,
4956,971412132,-1.846773,10.995956,2.835596,-110.885918,1.299502,-81.192474,-0.034552,-0.740014,0.096189,-0.664780,
4957,971428799,3.459820,10.337008,-0.924172,-212.715317,-39.500561,-135.899536,-0.070272,-0.744056,0.102162,-0.656510,
4958,971445466,11.910317,5.442050,-2.036147,-187.432755,-30.738617,-188.203094,-0.108277,-0.747208,0.099815,-0.648068,
4959,971462133,26.774071,9.097799,-1.099994,-86.991005,-70.677139,-193.210464,-0.135126,-0.754806,0.087957,-0.635823,
4960,971478800,24.430536,1.915128,-3.186404,-23.074654,82.603622,-152.656403,-0.153061,-0.748313,0.071551,-0.641467,
4961,971495467,14.046505,0.497217,-2.189152,39.941212,31.761145,-146.999084,-0.162988,-0.747463,0.050970,-0.641978,
4962,971512134,20.900045,1.101868,-3.513647,65.586143,8.005360,-145.456177,-0.169720,-0.749027,0.028700,-0.639788,
4963,971528801,26.427435,2.090751,-2.076201,145.094696,21.428019,-131.797287,-0.166456,-0.750734,0.000170,-0.639288,
4964,971545468,20.742023,3.072881,-0.252071,75.623451,64.781609,-143.498596,-0.171740,-0.746173,-0.024227,-0.642763,
4965,971562135,18.161974,1.891001,-1.446993,40.756771,5.605042,-136.340286,-0.180252,-0.745889,-0.043097,-0.639767,
4966,971578802,19.879105,-0.601500,-2.125082,13.569825,-11.635649,-142.847809,-0.192345,-0.746126,-0.059671,-0.634617,
4967,971595469,14.608041,-4.191049,-1.715895,-19.618040,-10.725513,-159.238815,-0.209443,-0.744833,-0.074954,-0.629078,
4968,971612136,10.665788,-5.279425,-1.780771,1.308437,-31.522167,-154.710510,-0.223968,-0.745723,-0.090983,-0.620852,
4969,971628803,9.060922,-4.384293,-0.628459,-4.797425,-28.642237,-128.603821,-0.236654,-0.746160,-0.103678,-0.613588,
4970,971645470,7.902280,-4.576969,-1.351436,0.537012,-46.618240,-98.166161,-0.246238,-0.748610,-0.112892,-0.605149,
4971,971662137,7.444633,-6.372241,-3.233964,36.245174,-50.939426,-63.210491,-0.248872,-0.753136,-0.121262,-0.596779,
4972,971678804,5.649884,-5.450771,-0.828503,55.933296,-50.765079,-23.999203,-0.245902,-0.758940,-0.127030,-0.589411,
4973,971695471,3.470681,-0.740132,5.782688,-23.772724,-26.897566,10.649013,-0.248296,-0.760428,-0.122983,-0.587344,
4974,971712138,0.847793,4.805885,10.614565,-114.947510,26.464375,50.021976,-0.256408,-0.754624,-0.108695,-0.594123,
4975,971728805,-2.282453,2.571107,6.947118,-40.838249,65.647003,68.273979,-0.254119,-0.748264,-0.100239,-0.604546,
4976,971745472,-4.742810,4.726264,0.963075,154.487045,42.905704,66.531586,-0.230955,-0.750775,-0.108263,-0.609324,
4977,971762139,-3.197922,3.974545,-8.109237,96.258270,6.581645,78.450287,-0.213556,-0.754379,-0.108557,-0.611163,
4978,971778806,-3.142808,-3.655022,-18.682806,86.085419,-72.615601,55.234726,-0.200520,-0.764102,-0.108002,-0.603552,
4979,971795473,4.069526,-0.027537,-5.057437,223.032227,-74.996109,-32.404488,-0.179843,-0.776081,-0.129053,-0.590508,
4980,971812140,19.974403,-4.301797,8.551167,233.706345,-26.783346,-109.339577,-0.163428,-0.781745,-0.160794,-0.579922,
4981,971828807,47.482456,-23.336336,-14.155336,81.019173,-153.036652,135.962402,-0.146431,-0.799212,-0.148574,-0.563687,
4982,971845474,9.236631,36.119129,-13.181805,652.758545,410.158966,137.808685,-0.049813,-0.777184,-0.193856,-0.596593,
4983,971862141,11.425447,40.715332,14.924131,-542.261780,-389.828003,43.483562,-0.118157,-0.804436,-0.138329,-0.565496,
4984,971878808,16.627695,-13.129586,6.937077,-259.134155,192.348587,-111.460854,-0.153813,-0.780781,-0.133316,-0.590719,
4985,971895475,16.630829,-15.147198,-6.153467,-127.495712,-47.042774,-15.838107,-0.170727,-0.781351,-0.123198,-0.587507,
4986,971912142,20.393198,-23.520355,-9.581323,8.809515,78.112953,200.566879,-0.151292,-0.777956,-0.103155,-0.601044,
4987,971928809,7.473838,-11.464899,-7.774525,164.130203,100.143272,162.277161,-0.117112,-0.774585,-0.101376,-0.613209,
4988,971945476,10.113731,-3.809500,-8.014455,116.146538,82.069847,107.688705,-0.093345,-0.770431,-0.101054,-0.622503,
4989,971962143,12.221235,13.635429,-6.942229,100.719421,-85.054909,133.134201,-0.071390,-0.781035,-0.094143,-0.613208,
4990,971978810,13.513724,14.386911,-9.538408,-77.303398,-92.055405,168.815384,-0.066517,-0.790270,-0.067159,-0.605423,
4991,971995477,9.949148,3.371254,-7.466956,-64.309990,145.743942,126.403130,-0.061508,-0.777581,-0.048438,-0.623890,
4992,972012144,5.554675,1.822016,1.942574,-56.835354,35.651325,150.826248,-0.054170,-0.774557,-0.026612,-0.629617,
4993,972028811,14.384697,4.791617,-1.899156,-43.374641,-56.226742,158.067673,-0.044977,-0.779616,-0.004464,-0.624624,
4994,972045478,15.206750,6.304726,-2.344933,-80.314224,21.979635,131.191040,-0.042341,-0.776870,0.017485,-0.627991,
4995,972062145,7.896507,4.542221,-1.557957,-81.171837,5.233098,126.497429,-0.040168,-0.775279,0.039072,-0.629128,
4996,972078812,9.270791,7.611826,-0.123060,-44.604012,0.556195,110.836830,-0.035266,-0.774120,0.055560,-0.629609,
4997,972095479,8.820928,9.863307,0.812197,-3.075492,10.735954,109.363739,-0.025899,-0.772041,0.068008,-0.631393,
4998,972112146,6.071058,10.577375,-0.901515,70.676010,49.494606,92.679268,-0.010165,-0.766619,0.071642,-0.638012,
4999,972128813,3.266604,13.964445,-2.434211,85.968430,74.674873,59.286747,0.003911,-0.758971,0.070067,-0.647331,
5000,972145480,0.192055,12.920023,-1.041806,28.879902,77.145432,16.356518,0.007609,-0.751373,0.069108,-0.656204,
5001,972162147,-0.811224,10.746029,-1.939858,-0.338119,62.472874,-34.982475,0.003355,-0.745625,0.065297,-0.663150,
5002,972178814,0.153361,9.450446,-2.239833,-29.078571,52.200634,-83.754440,-0.008628,-0.741217,0.058948,-0.668616,
5003,972195481,1.800558,10.305980,-0.117361,-52.695660,32.032391,-116.710983,-0.026191,-0.738797,0.051347,-0.671458,
5004,972212148,6.281777,9.686228,0.654864,-120.163162,-9.300029,-145.647400,-0.053512,-0.739947,0.047352,-0.668859,
5005,972228815,12.407558,7.541556,-1.713227,-131.753082,-39.708557,-191.603165,-0.086283,-0.743554,0.039718,-0.661895,
5006,972245482,22.638369,6.212414,-1.482609,-92.593399,-49.106152,-204.796524,-0.115945,-0.747765,0.026965,-0.653204,
5007,972262149,20.789598,1.859492,-2.798626,-5.394281,54.036224,-141.841522,-0.130456,-0.742790,0.011006,-0.656599,
5008,972278816,16.862970,5.391304,-6.903823,50.906002,31.625067,-140.764069,-0.138680,-0.740649,-0.009790,-0.657352,
5009,972295483,19.621305,5.132072,-6.359400,38.270405,21.232693,-152.510330,-0.149330,-0.738843,-0.030430,-0.656418,
5010,972312150,21.408937,3.411415,-4.125269,57.321899,23.540689,-150.421936,-0.157640,-0.736832,-0.052697,-0.655325,
5011,972328817,18.277615,1.615493,-1.796273,25.481390,25.240345,-141.502335,-0.168415,-0.733618,-0.070984,-0.654524,
5012,972345484,16.878052,0.705916,-0.895847,20.570791,-5.906148,-119.795479,-0.177901,-0.733186,-0.085697,-0.650726,
5013,972362151,17.691366,-0.579244,-1.003811,-3.182301,-29.211422,-107.986618,-0.189037,-0.734276,-0.096273,-0.644852,
5014,972378818,15.442492,-2.236284,-1.185780,-53.645103,-33.856323,-118.392944,-0.206536,-0.734025,-0.103064,-0.638691,
5015,972395485,11.870534,-3.470786,-1.718764,-66.914948,-49.659592,-124.333389,-0.226147,-0.734435,-0.108733,-0.630586,
5016,972412152,9.842085,-3.681618,-0.672630,-69.406807,-54.514725,-117.003326,-0.245316,-0.734977,-0.113178,-0.621947,
5017,972428819,7.674999,-4.784737,-1.093873,-86.707726,-64.932251,-99.194702,-0.264778,-0.735798,-0.113727,-0.612829,
5018,972445486,6.458762,-7.613692,-3.053472,-50.596989,-82.619080,-70.426735,-0.277999,-0.739779,-0.113689,-0.602094,
5019,972462153,5.281597,-7.537382,-2.517035,26.459652,-95.943054,-22.275644,-0.278855,-0.748648,-0.114645,-0.590442,
5020,972478820,4.555235,-6.224427,2.069167,-0.388797,-64.906898,22.019569,-0.278264,-0.754387,-0.109711,-0.584322,
5021,972495487,4.788907,-0.554567,10.533515,-131.210541,-13.547213,75.745056,-0.286557,-0.751102,-0.089808,-0.587932,
5022,972512154,2.612708,0.898758,10.601083,-121.350716,60.573368,99.277481,-0.290638,-0.741786,-0.071217,-0.600175,
5023,972528821,-1.283582,3.244649,2.632658,133.865387,54.805252,100.591476,-0.266952,-0.743306,-0.074471,-0.608839,
5024,972545488,-3.346490,8.117807,-5.866508,264.713379,9.974467,96.754196,-0.229646,-0.752971,-0.087900,-0.610386,
5025,972562155,-3.399452,3.446871,-18.492981,180.442642,-65.050484,82.293365,-0.203513,-0.765329,-0.092818,-0.603521,
5026,972578822,6.977305,4.065949,0.413452,171.159332,-106.179230,-42.354706,-0.189726,-0.778661,-0.109497,-0.587964,
5027,972595489,34.274139,-17.389328,1.853086,153.866882,-45.196255,-139.056961,-0.185020,-0.784043,-0.137228,-0.576379,
5028,972612156,23.284006,-19.202770,-14.270103,426.158386,143.953522,88.493584,-0.125940,-0.783324,-0.166528,-0.585501,
5029,972628823,4.972058,36.997173,-1.432918,384.147125,14.734660,138.500183,-0.069990,-0.790935,-0.183527,-0.579517,
5030,972645490,22.457342,34.888371,5.176129,-341.462402,-243.168564,87.045067,-0.108436,-0.808592,-0.142030,-0.560578,
5031,972662157,13.658607,-6.405778,-5.206303,-299.539001,284.539703,-73.096710,-0.143711,-0.777515,-0.130554,-0.598142,
5032,972678824,5.403093,-9.134992,-1.692397,-123.238716,-7.223536,17.017338,-0.156471,-0.775610,-0.117849,-0.600048,
5033,972695491,19.834957,-20.122940,-13.566570,-90.217560,-44.762531,167.439911,-0.152928,-0.779874,-0.090134,-0.600238,
5034,972712158,14.613339,-11.463729,-5.718049,52.660217,77.456657,144.472778,-0.133458,-0.775797,-0.080141,-0.611477,
5035,972728825,9.932521,-2.188814,-6.115405,61.636940,40.730843,105.087708,-0.116832,-0.774329,-0.074633,-0.617409,
5036,972745492,9.200649,9.614535,-2.940452,52.067539,-46.446396,154.536774,-0.097732,-0.780700,-0.061179,-0.614176,
5037,972762159,11.065012,10.444561,-1.743379,-68.868385,-61.046543,152.877701,-0.092584,-0.786149,-0.036869,-0.609949,
5038,972778826,14.662647,3.258887,-7.122162,-66.889427,-3.226492,114.838661,-0.090230,-0.785885,-0.017844,-0.611493,
5039,972795493,13.650705,2.025744,-0.593841,-47.163002,48.963219,138.312958,-0.083361,-0.780960,0.001432,-0.618991,
5040,972812160,12.657489,1.854357,-1.435806,-38.370552,2.224885,140.276871,-0.075266,-0.779981,0.020704,-0.620915,
5041,972828827,10.699998,3.260366,-2.048939,-30.205420,7.011213,137.700485,-0.066464,-0.778332,0.038888,-0.623112,
5042,972845494,10.966386,4.950418,-1.991635,-28.394453,0.175669,125.743866,-0.058475,-0.777092,0.055601,-0.624193,
5043,972862161,13.138775,8.459559,-0.668084,-10.508129,7.802446,116.144554,-0.049385,-0.775144,0.069524,-0.626002,
5044,972878828,10.974549,12.371400,-1.197225,40.555744,34.319881,110.222496,-0.035335,-0.770978,0.077915,-0.631089,
5045,972895495,3.287585,15.767662,-3.392732,96.699120,74.531395,89.403091,-0.017350,-0.763341,0.078576,-0.640964,
5046,972912162,-3.061922,17.097679,-2.908596,62.155891,68.752609,53.959759,-0.006440,-0.756287,0.078503,-0.649481,
5047,972928829,-4.669304,13.306507,-1.962432,0.363722,46.945686,-6.041456,-0.007754,-0.751811,0.077672,-0.654742,
5048,972945496,-1.458282,8.356585,-2.985618,-31.876093,31.447121,-61.930973,-0.017746,-0.749340,0.073806,-0.657820,
5049,972962163,2.585045,6.663252,-1.821642,-37.265877,22.582035,-93.485878,-0.031248,-0.747907,0.067021,-0.659672,
5050,972978830,4.103065,7.930058,1.782128,-50.467976,29.473619,-113.582069,-0.048179,-0.745728,0.059269,-0.661858,
5051,972995497,5.880754,9.709592,0.820462,-81.799919,5.746748,-150.859497,-0.071863,-0.745563,0.050618,-0.660612,
5052,973012164,10.693478,8.940213,-1.216698,-87.155632,-15.390844,-196.416809,-0.100296,-0.747098,0.037723,-0.656020,
5053,973028831,24.748890,9.409567,0.619345,-34.100933,-40.368767,-198.851746,-0.122965,-0.751091,0.019825,-0.648343,
5054,973045498,25.975836,0.834848,-3.689250,54.128159,44.217865,-144.168961,-0.130998,-0.747977,-0.001946,-0.650665,
5055,973062165,15.895835,1.483814,-4.126624,107.241936,54.092403,-147.489975,-0.133474,-0.744445,-0.029290,-0.653551,
5056,973078832,14.671594,3.743849,-3.722665,54.532375,12.308000,-145.867828,-0.141592,-0.743385,-0.050616,-0.651742,
5057,973095499,20.870760,4.754804,-2.850725,46.428295,-28.910767,-133.025497,-0.149603,-0.745801,-0.068911,-0.645485,
5058,973112166,22.769146,3.541866,-1.974966,28.924639,-9.919445,-135.214035,-0.159461,-0.745712,-0.086183,-0.641138,
5059,973128833,16.780367,1.487473,-1.764796,-10.890095,-20.226593,-147.521896,-0.174839,-0.745172,-0.100799,-0.635601,
5060,973145500,15.995799,0.142998,-2.099124,-21.403917,-61.441391,-142.082840,-0.191368,-0.747880,-0.112751,-0.625572,
5061,973162167,13.162144,-0.790580,-1.135053,-80.521469,-56.881401,-132.453308,-0.213266,-0.748270,-0.118341,-0.616931,
5062,973178834,9.811944,-3.109655,-1.814175,-113.352776,-71.169502,-103.751190,-0.236277,-0.748970,-0.117345,-0.607821,
5063,973195501,8.429685,-3.417614,-1.914068,-136.524261,-49.143581,-80.658989,-0.259249,-0.746870,-0.112469,-0.601935,
5064,973212168,6.540862,-5.713654,-2.866506,-118.181320,-38.787861,-75.609558,-0.279480,-0.744247,-0.108980,-0.596750,
5065,973228835,4.763418,-10.352933,-3.214297,-33.919437,-55.758224,-58.160954,-0.289255,-0.746569,-0.110190,-0.588918,
5066,973245502,4.256398,-12.042599,-1.585236,60.374241,-80.560402,-14.055263,-0.285353,-0.755549,-0.113621,-0.578627,
5067,973262169,6.906713,-2.899669,7.455153,-28.799101,-66.169640,64.710968,-0.284322,-0.760767,-0.101463,-0.574543,
5068,973278836,3.638725,3.608487,10.521414,-101.596848,50.523502,97.350540,-0.286800,-0.753449,-0.084402,-0.585607,
5069,973295503,-2.211917,3.903713,5.595238,60.980614,106.455856,95.566330,-0.270790,-0.747754,-0.083675,-0.600445,
5070,973312170,-5.076371,7.920153,-1.869993,177.745605,22.787210,84.991257,-0.243847,-0.753336,-0.090944,-0.603947,
5071,973328837,-3.503533,2.769947,-13.630802,159.330673,-44.224632,99.166801,-0.218372,-0.763737,-0.092596,-0.600370,
5072,973345504,0.270513,-2.352356,-10.600880,225.792480,-92.215858,43.937134,-0.190761,-0.778912,-0.104566,-0.588193,
5073,973362171,13.881539,-3.026885,9.764691,241.438004,-5.399749,-49.224976,-0.167780,-0.784683,-0.130701,-0.582271,
5074,973378838,56.557400,-4.727487,-5.890855,279.757629,-266.425079,133.096817,-0.129561,-0.815065,-0.132592,-0.548910,
5075,973395505,5.303745,14.382943,-11.773589,325.038025,552.038025,-54.042660,-0.084372,-0.772424,-0.174829,-0.604712,
5076,973412172,-6.319624,18.709286,-4.355012,-261.024139,-251.431091,8.298113,-0.119407,-0.790314,-0.147723,-0.582513,
5077,973428839,20.573362,0.592772,10.541871,0.886345,-136.291321,36.247227,-0.119327,-0.802347,-0.141351,-0.567467,
5078,973445506,21.932133,-3.896452,-3.802176,-234.266968,-61.594715,66.528557,-0.142543,-0.804053,-0.113212,-0.566006,
5079,973462173,20.420292,-14.963916,-16.796003,-98.825890,128.698944,116.153214,-0.142546,-0.792843,-0.094237,-0.584979,
5080,973478840,3.077944,-7.360958,-0.191388,8.562637,135.239136,137.553940,-0.128135,-0.782951,-0.081984,-0.603197,
5081,973495507,13.115131,-2.513979,-6.639323,22.826897,-84.504684,132.043610,-0.115117,-0.792025,-0.067460,-0.595728,
5082,973512174,18.332525,5.418737,-3.281257,-4.921035,-42.966278,153.099136,-0.103003,-0.796830,-0.048767,-0.593357,
5083,973528841,10.040836,1.259751,-6.385206,-63.219337,37.750309,161.040771,-0.096326,-0.793382,-0.025304,-0.600521,
5084,973545508,10.370164,1.354195,-3.896422,-18.409908,-28.906002,152.767685,-0.085391,-0.795889,-0.005760,-0.599362,
5085,973562175,15.612174,5.075030,-3.907509,-5.124922,-1.904591,159.771042,-0.072241,-0.795801,0.013103,-0.601091,
5086,973578842,15.922826,9.016500,-2.007158,0.662280,50.445518,157.618744,-0.058671,-0.790761,0.030655,-0.608535,
5087,973595509,7.755390,7.353172,-0.580623,-53.977448,46.538651,142.951187,-0.052636,-0.785227,0.051372,-0.614824,
5088,973612176,8.600179,5.223860,-0.908162,-60.379837,-2.693062,112.786789,-0.049640,-0.783927,0.069568,-0.614942,
5089,973628843,13.562970,6.186966,-1.668423,-38.568878,-4.522618,104.077461,-0.044904,-0.782803,0.084812,-0.614825,
5090,973645510,12.963161,8.503683,-2.360187,15.295229,44.585934,101.926613,-0.034824,-0.777462,0.094651,-0.620790,
5091,973662177,4.835613,12.380278,-1.915929,92.483566,81.859383,85.846489,-0.017971,-0.769082,0.095476,-0.631723,
5092,973678844,-1.853307,17.075411,-0.071312,141.201843,91.099174,65.372353,0.002328,-0.759820,0.089455,-0.643944,
5093,973695511,-7.425779,16.251205,-3.043953,36.131584,69.097618,0.347328,0.005209,-0.753192,0.086041,-0.652129,
5094,973712178,-5.067571,9.533881,-2.689774,-32.786175,27.209839,-68.053413,-0.005427,-0.751341,0.081626,-0.654823,
5095,973728845,1.544879,6.889033,0.847876,-70.771561,13.299285,-91.356445,-0.022269,-0.750899,0.078273,-0.655384,
5096,973745512,4.844123,8.781448,0.784375,-98.802147,3.169560,-102.156235,-0.043078,-0.751178,0.076416,-0.654245,
5097,973762179,10.115313,10.279899,-1.470976,-152.962219,-25.768621,-123.281776,-0.071466,-0.753625,0.077537,-0.648791,
5098,973778846,18.175747,9.029674,-3.389225,-115.664597,-22.646034,-174.819901,-0.100598,-0.756068,0.069383,-0.642983,
5099,973795513,21.241056,4.942630,-0.349737,-108.924454,27.158859,-180.792908,-0.129954,-0.753283,0.059146,-0.642010,
5100,973812180,18.152521,2.865649,0.248848,11.754040,44.770557,-148.796463,-0.143161,-0.750294,0.040771,-0.644128,
5101,973828847,17.905888,4.679506,-3.375769,16.003288,32.840023,-137.507217,-0.154707,-0.748082,0.023459,-0.644894,
5102,973845514,20.071314,2.676061,-4.299693,46.651890,29.862127,-140.934113,-0.163156,-0.746501,0.002955,-0.645063,
5103,973862181,22.980692,3.064698,-3.528130,59.377041,43.648388,-148.227753,-0.170825,-0.743529,-0.019862,-0.646211,
5104,973878848,19.413359,1.379565,-0.777988,-1.892892,47.885223,-156.050064,-0.185741,-0.738181,-0.037860,-0.647422,
5105,973895515,19.191858,-0.222805,-2.053601,6.176701,-0.480853,-151.279999,-0.199508,-0.737235,-0.054778,-0.643179,
5106,973912182,16.797085,-2.355180,-2.646685,15.293717,-6.549706,-148.431046,-0.211979,-0.736785,-0.072039,-0.637982,
5107,973928849,13.219741,-3.263305,-1.650988,12.410993,-10.145834,-145.384338,-0.224413,-0.736266,-0.088561,-0.632224,
5108,973945516,10.186554,-4.100424,-2.565776,23.848265,-40.379963,-124.189713,-0.233967,-0.738864,-0.102839,-0.623508,
5109,973962183,8.979434,-3.027646,-1.984317,-4.897656,-29.659414,-99.947021,-0.244179,-0.739649,-0.112237,-0.617008,
5110,973978850,5.906454,-5.632221,-3.452885,-17.936064,-37.303036,-86.210236,-0.254630,-0.740721,-0.118691,-0.610253,
5111,973995517,3.977211,-10.369896,-5.145926,6.603727,-38.040604,-82.110168,-0.262037,-0.742699,-0.126831,-0.603032,
5112,974012184,2.745624,-13.625407,-4.105208,139.944275,-100.741150,-36.351906,-0.252074,-0.755796,-0.139278,-0.588075,
5113,974028851,9.420297,0.232796,10.539688,-36.734146,-68.789619,68.705437,-0.251786,-0.761484,-0.126176,-0.583803,
5114,974045518,4.507362,7.399712,15.314923,-190.180298,82.910599,91.934708,-0.263568,-0.748596,-0.102947,-0.599614,
5115,974062185,-1.807185,3.637485,6.249766,29.834936,120.002098,99.030975,-0.250012,-0.740402,-0.099468,-0.615958,
5116,974078852,-5.320138,8.864401,-2.416898,227.172195,29.673361,94.266640,-0.216719,-0.746731,-0.110804,-0.618989,
5117,974095519,-5.068588,5.036719,-13.396553,106.436325,-42.752750,81.878647,-0.198633,-0.754944,-0.110243,-0.615183,
5118,974112186,-0.065185,-3.818265,-15.420553,104.120461,-118.809021,27.966660,-0.186752,-0.768676,-0.113146,-0.601214,
5119,974128853,14.161982,-4.764176,11.898280,178.992477,-3.956464,-64.676643,-0.172589,-0.772378,-0.135997,-0.595944,
5120,974145520,53.842102,-14.577246,-13.367792,367.834137,-208.112610,90.828987,-0.127393,-0.799762,-0.152294,-0.566532,
5121,974162187,7.651672,8.123184,-10.705113,367.908020,448.410431,13.969873,-0.073302,-0.766980,-0.188824,-0.608862,
5122,974178854,-3.049593,34.041176,1.203874,-99.114075,-224.148331,31.485304,-0.087856,-0.785991,-0.174122,-0.586669,
5123,974195521,18.992010,4.458138,8.187693,-124.931961,-90.408234,47.167042,-0.100564,-0.792940,-0.156977,-0.580078,
5124,974212188,19.082155,-5.549130,-1.422845,-221.898117,-5.852386,-6.580348,-0.126975,-0.789475,-0.138962,-0.584205,
5125,974228855,21.097874,-15.725772,-14.580536,-133.974670,76.223289,90.530411,-0.133270,-0.781940,-0.118661,-0.597267,
5126,974245522,6.267476,-12.009311,-3.206697,16.220594,145.517288,155.054169,-0.115573,-0.771772,-0.105311,-0.616376,
5127,974262189,10.451838,-5.096046,-5.786161,38.516331,5.058200,134.863281,-0.099251,-0.773733,-0.093791,-0.618619,
5128,974278856,15.566757,5.272096,-3.909322,36.050915,-10.709628,116.134354,-0.085069,-0.776545,-0.083894,-0.618629,
5129,974295523,9.546005,6.452947,-3.988805,-40.577148,34.051895,159.739548,-0.075035,-0.774565,-0.062695,-0.624890,
5130,974312190,9.889776,3.775595,-4.328057,-63.265087,-59.333820,144.911026,-0.069712,-0.780230,-0.040050,-0.620305,
5131,974328857,17.357248,2.902240,-5.610812,-54.720654,-3.874933,136.135132,-0.063853,-0.780520,-0.019711,-0.621549,
5132,974345524,13.618334,2.909913,-2.155470,-29.737196,74.212646,161.198471,-0.052632,-0.773615,0.000498,-0.631466,
5133,974362191,10.382442,5.324392,0.539486,-27.926138,31.184538,156.922867,-0.041567,-0.770198,0.020392,-0.636121,
5134,974378858,8.990806,4.968792,0.563543,-36.968639,25.166533,136.387070,-0.033373,-0.766967,0.038843,-0.639639,
5135,974395525,11.835999,4.785241,-0.668054,-3.724227,14.252765,111.481842,-0.023720,-0.764787,0.051468,-0.641785,
5136,974412192,10.165475,7.519869,-1.615312,83.476189,44.609028,100.859001,-0.005577,-0.759902,0.054645,-0.647713,
5137,974428859,4.289886,12.739768,-3.429454,180.437515,86.365295,80.406593,0.021020,-0.750802,0.046361,-0.658563,
5138,974445526,-1.380111,19.104902,-6.286196,191.899170,95.810028,42.697994,0.045172,-0.740273,0.032841,-0.669982,
5139,974462193,-6.571596,19.749636,-4.361178,55.110458,59.914360,-15.348897,0.049088,-0.733990,0.026137,-0.676879,
5140,974478860,-4.963725,13.759576,-2.668232,-61.371326,10.998264,-65.917381,0.035761,-0.733427,0.025149,-0.678360,
5141,974495527,0.131755,9.963440,0.058725,-135.358688,-9.490313,-85.259636,0.012694,-0.735072,0.029280,-0.677237,
5142,974512194,3.186031,10.169500,-0.680187,-177.840576,-17.648785,-99.690193,-0.016311,-0.737127,0.036016,-0.674596,
5143,974528861,7.704607,9.156186,-3.290667,-216.676071,-41.078979,-139.824921,-0.053270,-0.740730,0.042266,-0.668352,
5144,974545528,21.729057,8.732149,-1.232910,-141.794693,-98.729874,-210.915115,-0.088644,-0.749825,0.033969,-0.654791,
5145,974562195,31.779470,2.069875,-3.316476,-38.586384,25.222649,-174.630310,-0.109818,-0.747409,0.018153,-0.654972,
5146,974578862,10.700562,0.274545,0.979537,22.943911,106.564789,-134.158936,-0.120593,-0.737617,-0.000431,-0.664362,
5147,974595529,17.570797,2.836336,-8.828410,51.048286,-17.461590,-121.930206,-0.127117,-0.739924,-0.018244,-0.660319,
5148,974612196,21.442839,2.616446,-6.197078,18.878929,11.451363,-144.839157,-0.139173,-0.738486,-0.035960,-0.658768,
5149,974628863,22.405121,2.457961,-3.461123,7.454898,-2.188192,-150.622604,-0.153012,-0.737743,-0.052908,-0.655380,
5150,974645530,18.434118,3.433711,-2.367006,23.474895,-16.745487,-145.594360,-0.164692,-0.738426,-0.070494,-0.650102,
5151,974662197,19.521969,2.298125,-4.143610,-9.009159,-61.210941,-127.324287,-0.178513,-0.742390,-0.081949,-0.640526,
5152,974678864,17.243963,0.250800,-3.115004,-40.580139,-57.513130,-136.069580,-0.196429,-0.744739,-0.091464,-0.631200,
5153,974695531,12.694593,-1.478654,-1.436839,-96.624969,-61.363594,-146.119705,-0.221265,-0.745244,-0.096755,-0.621523,
5154,974712198,10.463383,-2.935886,-1.409771,-123.432732,-64.814056,-144.205917,-0.248704,-0.744629,-0.099226,-0.611414,
5155,974728865,8.292152,-4.405166,-2.459428,-67.626495,-70.347023,-114.531158,-0.267372,-0.746451,-0.103178,-0.600563,
5156,974745532,7.506821,-4.311911,-1.090750,-63.741165,-47.933575,-89.143150,-0.282956,-0.746553,-0.105543,-0.592836,
5157,974762199,5.934704,-8.645120,-2.164817,-20.686636,-47.097378,-66.238579,-0.291812,-0.748534,-0.109142,-0.585346,
5158,974778866,5.390689,-9.732591,-2.130009,68.228714,-62.654202,-28.423174,-0.287963,-0.756084,-0.115513,-0.576256,
5159,974795533,5.602300,-6.246887,2.239670,64.713295,-71.949844,13.924973,-0.281048,-0.764831,-0.116519,-0.567863,
5160,974812200,4.484911,3.973706,10.859698,-65.896797,-25.147005,54.244141,-0.284487,-0.764917,-0.104144,-0.568438,
5161,974828867,2.460501,2.411235,8.604134,-111.749161,60.936420,70.722168,-0.290273,-0.756003,-0.089676,-0.579792,
5162,974845534,-0.322404,0.846131,3.840380,45.488380,90.161766,64.417236,-0.278814,-0.750893,-0.090359,-0.591826,
5163,974862201,-1.555209,3.047344,-3.179844,217.555725,36.613773,52.309223,-0.250121,-0.756690,-0.104938,-0.594851,
5164,974878868,-2.215134,2.560093,-16.005676,352.757263,-23.087318,49.089638,-0.207282,-0.771095,-0.129194,-0.588010,
5165,974895535,0.957337,1.072412,-9.073224,249.488953,-65.999870,12.489778,-0.179526,-0.783802,-0.147173,-0.575990,
5166,974912202,8.347081,-2.594716,8.293685,159.307983,28.473270,-53.705009,-0.165387,-0.784038,-0.167463,-0.574357,
5167,974928869,36.504261,-0.168659,-3.673254,343.967224,-205.765717,152.308228,-0.118344,-0.811529,-0.173675,-0.545208,
5168,974945536,20.528391,4.211515,-8.486015,250.235046,270.541077,86.715950,-0.075114,-0.795207,-0.187791,-0.571609,
5169,974962203,5.851378,33.634171,2.639877,33.889206,-107.003517,-2.983769,-0.074530,-0.804142,-0.189867,-0.558346,
5170,974978870,23.467445,2.582965,4.153169,-195.890320,57.277531,-38.516850,-0.099130,-0.795787,-0.179112,-0.569925,
5171,974995537,14.140169,-7.245533,-6.569271,-208.128906,75.891289,2.106138,-0.121194,-0.785983,-0.162733,-0.584003,
5172,975012204,13.638646,-17.133734,-11.446756,-90.604622,72.288597,107.949509,-0.120823,-0.780441,-0.144041,-0.596293,
5173,975028871,6.194674,-9.706453,-7.284379,68.254959,76.390327,158.199890,-0.097895,-0.777892,-0.133400,-0.606221,
5174,975045538,9.423856,-0.150256,-7.035220,78.830994,3.546103,157.856445,-0.075143,-0.781370,-0.122598,-0.607276,
5175,975062205,17.946081,7.080245,-6.607400,38.901375,-110.384071,120.519424,-0.062210,-0.793327,-0.111192,-0.595313,
5176,975078872,18.182386,7.573647,-6.424383,-92.359070,18.605518,115.656662,-0.062723,-0.792434,-0.090092,-0.599998,
5177,975095539,8.399539,1.644332,-3.280806,-101.592415,31.144936,137.682861,-0.062182,-0.790213,-0.065713,-0.606117,
5178,975112206,13.527128,1.107800,-3.557343,-79.500748,-38.768223,159.962128,-0.057764,-0.794041,-0.040044,-0.603787,
5179,975128873,18.185408,4.352204,-1.442234,-63.275578,2.730263,163.011765,-0.050924,-0.793847,-0.015771,-0.605776,
5180,975145540,15.571688,6.719880,-0.130956,-70.670212,36.922813,157.906525,-0.045276,-0.790060,0.008321,-0.611298,
5181,975162207,9.053963,7.409267,-0.032434,-47.430462,47.493237,145.609848,-0.038039,-0.785028,0.028859,-0.617617,
5182,975178874,10.531348,9.265938,1.814674,-72.916519,22.373436,106.871986,-0.037070,-0.781919,0.047390,-0.620469,
5183,975195541,14.321544,8.519599,1.138147,-93.494148,29.702894,89.985794,-0.040004,-0.777866,0.065797,-0.623694,
5184,975212208,10.529742,5.788024,-1.410735,-61.208954,72.928879,106.538574,-0.038185,-0.769608,0.082871,-0.631964,
5185,975228875,4.460058,6.499439,-4.490289,26.088146,94.766312,113.295959,-0.026221,-0.759397,0.092517,-0.643481,
5186,975245542,-0.305299,11.489233,-4.122083,98.758286,96.236549,97.346504,-0.007730,-0.749136,0.093543,-0.655732,
5187,975262209,-5.487827,18.859440,0.819334,59.060146,74.288727,44.009277,0.001648,-0.741339,0.092528,-0.664720,
5188,975278876,-10.003191,18.747793,0.965789,-76.839485,46.132236,-46.629772,-0.012017,-0.737348,0.094849,-0.668713,
5189,975295543,-5.193544,10.617773,-1.985867,-112.486938,17.690548,-91.977432,-0.033522,-0.736433,0.095787,-0.668855,
5190,975312210,2.068828,7.282962,-1.662398,-148.739960,3.636227,-108.050385,-0.060259,-0.736493,0.098540,-0.666510,
5191,975328877,9.462628,2.646055,0.256502,-156.835266,-7.500663,-155.318741,-0.092232,-0.737586,0.097024,-0.661850,
5192,975345544,25.437323,6.823936,2.964266,-76.394928,-68.278366,-223.521835,-0.121173,-0.745706,0.081148,-0.650118,
5193,975362211,32.136387,4.961101,-5.659507,-63.320431,34.582993,-145.473175,-0.142423,-0.742714,0.070611,-0.650465,
5194,975378878,7.596509,-2.158000,-1.159186,-20.571539,146.943970,-138.852936,-0.159481,-0.729368,0.054369,-0.663047,
5195,975395545,14.864874,1.198249,-3.651667,48.770226,2.879407,-143.298843,-0.168363,-0.731052,0.034271,-0.660335,
5196,975412212,21.036507,-0.503619,-4.528206,101.903870,7.267586,-125.083443,-0.169779,-0.733142,0.010883,-0.658452,
5197,975428879,23.600142,0.996124,-4.093051,135.667953,29.189583,-124.444489,-0.167456,-0.733491,-0.016218,-0.658548,
5198,975445546,16.121639,1.245377,-2.102134,88.394829,44.703701,-147.888000,-0.172265,-0.730629,-0.041656,-0.659371,
5199,975462213,15.955987,1.647158,-2.981002,84.423195,-25.020535,-139.992279,-0.177052,-0.733940,-0.064101,-0.652591,
5200,975478880,16.502398,0.839367,-2.114766,38.820877,-39.427532,-144.822388,-0.187198,-0.736997,-0.082329,-0.644216,
5201,975495547,12.586299,-1.018925,-1.162589,-2.550282,-48.216999,-148.125183,-0.202097,-0.739330,-0.096750,-0.634970,
5202,975512214,10.518671,-1.320228,-0.841059,-17.658333,-43.979687,-137.105865,-0.217444,-0.740624,-0.108667,-0.626407,
5203,975528881,8.696693,-1.072664,-0.376765,-43.809086,-34.792019,-110.526314,-0.232953,-0.740383,-0.115587,-0.619843,
5204,975545548,8.454784,-2.279568,-0.947878,-50.804443,-46.573402,-76.854019,-0.246312,-0.741325,-0.117817,-0.613095,
5205,975562215,7.878121,-5.247221,-1.854068,-46.802010,-50.234123,-41.604652,-0.256112,-0.743205,-0.116449,-0.607035,
5206,975578882,5.490879,-7.895318,-2.977940,3.649256,-78.404305,-8.161525,-0.257948,-0.749920,-0.114853,-0.598240,
5207,975595549,4.349775,-5.901139,-1.316003,29.024046,-69.157173,20.982475,-0.254289,-0.757175,-0.112618,-0.591049,
5208,975612216,1.770974,2.722085,8.214798,-75.501671,-29.400095,49.055294,-0.259035,-0.757490,-0.099758,-0.590896,
5209,975628883,0.842536,4.387800,11.711408,-219.823517,46.361736,70.019196,-0.276602,-0.745643,-0.074975,-0.601569,
5210,975645550,-0.350696,-0.313803,4.069672,-35.274147,94.712196,88.600830,-0.271792,-0.736607,-0.066206,-0.615756,
5211,975662217,-3.230042,3.023369,-0.610718,188.248642,31.531715,85.876587,-0.243714,-0.741558,-0.075206,-0.620515,
5212,975678884,-5.192779,1.659975,-11.485070,183.076584,-46.831177,72.691093,-0.218025,-0.752597,-0.082318,-0.615862,
5213,975695551,2.651030,6.962188,-14.294787,179.029205,-138.182022,-1.550937,-0.200314,-0.770079,-0.094219,-0.598310,
5214,975712218,47.212826,-18.940027,4.354408,96.235031,-172.567093,-18.466719,-0.193628,-0.787184,-0.099720,-0.576979,
5215,975728885,22.107046,-15.926953,-9.211721,548.635193,312.484711,69.671417,-0.119901,-0.773939,-0.146217,-0.604369,
5216,975745552,-0.465759,36.636189,2.204890,291.845856,-70.183502,75.353661,-0.081988,-0.785871,-0.162113,-0.591103,
5217,975762219,15.199000,14.021338,2.757799,-162.486557,-45.515919,60.066010,-0.096624,-0.788850,-0.140787,-0.590388,
5218,975778886,16.601664,-4.402496,-3.856776,-130.197266,21.358892,-6.246246,-0.111834,-0.784764,-0.130707,-0.595444,
5219,975795553,18.502552,-5.515261,-8.487710,-141.339172,-15.740922,57.070210,-0.123484,-0.784572,-0.111774,-0.597247,
5220,975812220,12.855288,-10.847367,-11.897237,-105.443474,115.287376,139.346863,-0.121671,-0.774424,-0.088842,-0.614467,
5221,975828887,8.358716,-2.048688,-5.216401,22.139074,35.617264,141.645920,-0.106221,-0.773149,-0.075577,-0.620681,
5222,975845554,15.536451,6.628852,-5.451745,-66.534935,-94.486221,125.216682,-0.103598,-0.781659,-0.054106,-0.612657,
5223,975862221,13.730990,4.813731,-4.759713,-123.387161,39.076538,130.998077,-0.105805,-0.776943,-0.028889,-0.619944,
5224,975878888,7.334803,1.080123,-0.143158,-89.589806,-19.406404,138.096024,-0.103731,-0.777548,-0.004998,-0.620188,
5225,975895555,17.674505,2.001067,-2.532041,-86.377686,-70.565262,124.578537,-0.102490,-0.782355,0.017849,-0.614082,
5226,975912222,17.739717,2.672600,-1.566361,-58.848179,26.302568,129.507950,-0.097875,-0.778509,0.037346,-0.618829,
5227,975928889,10.841845,3.298324,-0.730963,-45.361328,28.599562,133.209274,-0.091370,-0.774289,0.055999,-0.623692,
5228,975945556,8.859154,3.946614,-0.669780,-31.829987,24.970606,116.717918,-0.084774,-0.770422,0.071595,-0.627804,
5229,975962223,8.967014,4.244206,0.343804,-14.196942,26.464252,94.250252,-0.078249,-0.766668,0.083025,-0.631826,
5230,975978890,8.611334,6.068375,-0.313382,26.971508,42.976505,84.379288,-0.068225,-0.761829,0.089367,-0.637946,
5231,975995557,5.498985,8.255997,-1.929379,55.891808,63.075657,84.563988,-0.055226,-0.755219,0.092822,-0.646513,
5232,976012224,2.563065,10.725141,-2.475818,92.843864,76.373466,81.705101,-0.038599,-0.747415,0.092346,-0.656775,
5233,976028891,0.454968,13.583737,-2.034518,87.897636,78.539688,65.175690,-0.024106,-0.739291,0.090492,-0.666842,
5234,976045558,-2.026087,14.357607,-2.450051,28.729111,54.975773,26.226698,-0.019440,-0.733582,0.090247,-0.673301,
5235,976062225,-3.043855,12.191836,-2.645342,-41.444946,38.139874,-26.655514,-0.027223,-0.729952,0.091268,-0.676830,
5236,976078892,-2.903982,9.070609,-0.253920,-69.090469,23.763430,-67.667542,-0.041785,-0.728061,0.090696,-0.678199,
5237,976095559,1.287456,7.569274,-0.703808,-99.464417,-11.243447,-131.754379,-0.065411,-0.729990,0.086509,-0.674797,
5238,976112226,7.819647,7.898983,-0.266558,-86.401932,-10.737025,-201.189133,-0.094412,-0.732275,0.073588,-0.670406,
5239,976128893,20.861572,12.601176,-0.130925,-129.603516,-59.851364,-222.215622,-0.129424,-0.738054,0.063224,-0.659187,
5240,976145560,27.290749,4.496926,-1.674111,-78.602722,-13.506862,-149.127747,-0.152253,-0.738900,0.054872,-0.654091,
5241,976162227,19.417147,1.846857,-3.451004,-9.396297,17.696375,-126.854744,-0.165700,-0.737771,0.041611,-0.653074,
5242,976178894,21.731014,1.140801,-3.404409,25.185888,11.299572,-154.732193,-0.177973,-0.737923,0.022211,-0.650617,
5243,976195561,25.091686,0.978543,-2.730814,98.877060,21.237976,-136.579590,-0.180547,-0.738559,-0.002481,-0.649558,
5244,976212228,19.618343,0.923791,0.128026,59.893890,74.392197,-143.860703,-0.187861,-0.732684,-0.025666,-0.653623,
5245,976228895,16.741583,0.570221,-0.471723,76.482338,14.846224,-151.524750,-0.194238,-0.732430,-0.049601,-0.650659,
5246,976245562,17.212934,0.155541,0.494591,71.239433,2.968678,-149.513489,-0.200949,-0.732724,-0.072458,-0.646131,
5247,976262229,13.664650,-2.850618,1.064038,29.512760,-13.756635,-147.420288,-0.211976,-0.732996,-0.090642,-0.639973,
5248,976278896,11.492239,-3.010699,0.798675,19.713955,-20.931227,-139.217514,-0.223278,-0.733403,-0.106774,-0.633139,
5249,976295563,10.386003,-3.875371,-0.945512,12.687357,-20.474155,-122.855186,-0.233727,-0.733511,-0.120486,-0.626750,
5250,976312230,8.008479,-4.379423,-1.687281,35.795643,-15.790509,-112.811081,-0.240635,-0.733917,-0.135350,-0.620597,
5251,976328897,5.613179,-4.216256,-1.154310,42.867432,-37.691319,-87.960815,-0.244908,-0.736839,-0.147397,-0.612668,
5252,976345564,3.665685,-1.817135,1.132499,37.897400,-58.425289,-50.530647,-0.246773,-0.742090,-0.154219,-0.603839,
5253,976362231,2.970604,-0.029735,2.265373,14.244781,-47.268284,-12.230200,-0.247550,-0.746294,-0.155214,-0.598056,
5254,976378898,1.078912,2.063125,5.116572,-71.530739,-27.895674,37.451523,-0.252852,-0.746769,-0.144037,-0.598042,
5255,976395565,1.570686,0.439426,4.428328,-107.370697,-10.708873,72.652588,-0.258562,-0.744977,-0.126515,-0.601788,
5256,976412232,1.951401,-0.815809,1.225723,20.697205,39.028019,98.646606,-0.247128,-0.743900,-0.119217,-0.609366,
5257,976428899,-0.395494,1.046428,-1.891379,138.332108,63.300655,108.816444,-0.221526,-0.744715,-0.122059,-0.617598,
5258,976445566,-1.963723,3.767446,-12.018205,154.487518,-48.819832,96.961105,-0.197066,-0.755361,-0.123933,-0.612564,
5259,976462233,1.976681,4.979602,0.086265,80.299446,-70.918549,22.813559,-0.187662,-0.764145,-0.126652,-0.604006,
5260,976478900,24.582989,-3.745955,-0.480731,265.584473,-81.756989,-58.098171,-0.164799,-0.776703,-0.154214,-0.588040,
5261,976495567,42.112114,-1.107409,-17.201748,246.276352,32.812313,116.046242,-0.126381,-0.781635,-0.162949,-0.588661,
5262,976512234,-3.832608,17.560398,6.273273,159.482788,145.435562,-22.417242,-0.106839,-0.771046,-0.181847,-0.600836,
5263,976528901,9.153967,4.048267,1.970310,-198.152023,-110.102257,12.017016,-0.131043,-0.777330,-0.161481,-0.593725,
5264,976545568,11.648666,-0.254742,-0.620994,-46.209610,-15.529577,87.300919,-0.129265,-0.779607,-0.147418,-0.594787,
5265,976562235,20.734426,-2.751423,-4.433297,-94.273834,-31.947462,126.947342,-0.129807,-0.782957,-0.124339,-0.595541,
5266,976578902,17.045126,-6.537479,-10.124447,-76.205582,92.353096,119.508873,-0.126610,-0.775297,-0.105944,-0.609639,
5267,976595569,7.071610,-1.132599,-2.183863,-48.095062,55.934372,116.785431,-0.120976,-0.770954,-0.089620,-0.618840,
5268,976612236,12.929721,1.221680,-3.902897,-58.167511,-39.617737,122.644012,-0.117140,-0.774795,-0.070015,-0.617307,
5269,976628903,12.347193,-1.314643,-5.094726,-48.865845,7.208630,140.312485,-0.110139,-0.774432,-0.050019,-0.620985,
5270,976645570,12.362655,-1.083558,-4.176138,-14.675497,-24.297060,143.700180,-0.099159,-0.777135,-0.032202,-0.620637,
5271,976662237,16.565825,1.238646,-4.015399,-12.817927,-46.890884,142.603149,-0.088127,-0.781545,-0.014335,-0.617427,
5272,976678904,18.868389,6.057024,-5.171314,9.570624,20.398783,137.001312,-0.074873,-0.779847,0.000029,-0.621476,
5273,976695571,11.771314,9.745166,-1.660418,-17.277937,64.093536,137.601303,-0.064579,-0.773560,0.016411,-0.630210,
5274,976712238,8.440975,8.367173,-2.439398,-53.910217,22.250050,124.642365,-0.059468,-0.770452,0.035076,-0.633748,
5275,976728905,8.768387,7.096615,-1.055828,-74.589859,21.939917,101.719521,-0.058768,-0.767026,0.053067,-0.636711,
5276,976745572,9.469562,5.536669,-2.167311,-79.431587,9.584213,102.990753,-0.058377,-0.764424,0.071733,-0.638045,
5277,976762239,8.769840,6.491920,-2.621352,-51.574371,20.965752,108.429054,-0.054487,-0.760691,0.088298,-0.640768,
5278,976778906,5.618672,8.612531,-1.577887,12.962579,47.351025,107.348907,-0.043883,-0.754795,0.098492,-0.647037,
5279,976795573,0.811311,10.922495,-1.563979,66.201981,67.847908,89.902069,-0.029359,-0.747318,0.101594,-0.655997,
5280,976812240,-3.411791,14.415771,-0.954193,27.992960,66.821198,40.807446,-0.023652,-0.740313,0.102980,-0.663907,
5281,976828907,-5.387569,12.810827,-1.358514,-32.915199,48.490475,-28.874701,-0.030962,-0.735824,0.102793,-0.668609,
5282,976845574,-3.338933,9.242273,-1.620129,-86.024475,21.874994,-72.039978,-0.047754,-0.734190,0.103247,-0.669346,
5283,976862241,1.364528,7.946327,-0.187642,-115.389175,-14.403390,-94.670631,-0.069321,-0.735942,0.104348,-0.665353,
5284,976878908,8.182214,6.793384,-0.078785,-153.637192,-38.408363,-137.432999,-0.098714,-0.739753,0.104745,-0.657304,
5285,976895575,16.566469,8.396330,-0.027205,-120.857796,-42.825893,-182.502731,-0.128720,-0.744400,0.097112,-0.647973,
5286,976912242,17.597137,5.046497,-0.348671,-55.850582,22.429985,-160.455536,-0.150429,-0.743168,0.084433,-0.646485,
5287,976928909,13.306520,5.961101,-1.423613,11.218749,29.121964,-144.776123,-0.163415,-0.742169,0.066948,-0.646528,
5288,976945576,19.644245,5.753800,-5.954875,-3.208469,-23.825407,-161.014435,-0.178888,-0.745575,0.050289,-0.639990,
5289,976962243,27.766388,3.235958,-5.853453,113.347588,0.921927,-154.559021,-0.181180,-0.749160,0.022805,-0.636720,
5290,976978910,24.119879,2.068253,-0.730438,124.888969,65.137024,-160.880798,-0.182851,-0.746465,-0.008146,-0.639756,
5291,976995577,19.545839,3.697358,2.278850,53.182987,21.110470,-161.746033,-0.192291,-0.745358,-0.031342,-0.637560,
5292,977012244,19.454430,3.343300,0.631352,24.336222,-19.614071,-147.909790,-0.203651,-0.746863,-0.049207,-0.631110,
5293,977028911,18.957064,0.314626,-0.854815,-17.893431,-19.630697,-159.174973,-0.220523,-0.746644,-0.064393,-0.624296,
5294,977045578,14.538316,-3.028504,-1.594861,-28.483389,-25.779375,-160.820297,-0.238623,-0.746198,-0.078558,-0.616503,
5295,977062245,11.642785,-4.030706,-1.726527,-20.152687,-26.755522,-141.957306,-0.254009,-0.745953,-0.091347,-0.608842,
5296,977078912,9.138465,-4.251406,-1.378303,-30.417551,-13.778940,-113.462357,-0.267714,-0.744275,-0.100575,-0.603546,
5297,977095579,6.540689,-4.660498,-0.952195,-39.918747,-39.725391,-90.165680,-0.280705,-0.744641,-0.105408,-0.596324,
5298,977112246,5.856798,-7.123425,-2.384676,-16.879770,-60.610390,-63.503773,-0.289146,-0.748015,-0.108475,-0.587453,
5299,977128913,4.915115,-9.839735,-2.598932,42.175724,-51.877689,-23.735659,-0.287584,-0.753651,-0.112611,-0.580192,
5300,977145580,4.262078,-5.828557,3.956146,-3.058548,-54.026382,36.879337,-0.285868,-0.758500,-0.106182,-0.575918,
5301,977162247,4.207357,2.143859,11.338742,-135.645126,17.466436,92.771881,-0.292894,-0.752458,-0.085417,-0.583714,
5302,977178914,0.272769,3.722151,8.213496,-101.055016,51.660709,115.487740,-0.293619,-0.744840,-0.066511,-0.595464,
5303,977195581,-1.610551,6.601226,2.435027,142.324020,62.214935,125.461113,-0.266814,-0.746276,-0.068006,-0.606018,
5304,977212248,-3.437024,8.089722,-5.899081,252.556168,23.625128,120.348442,-0.228555,-0.754409,-0.078190,-0.610341,
5305,977228915,-2.949252,3.611274,-17.497601,228.985489,-30.217745,116.993149,-0.193444,-0.765350,-0.084746,-0.607978,
5306,977245582,2.802355,7.576973,-13.033384,231.876129,-142.326859,3.673647,-0.169125,-0.783763,-0.100891,-0.589010,
5307,977262249,45.775513,-6.583419,13.182373,-16.399738,-164.835587,-123.166756,-0.184092,-0.795182,-0.109553,-0.567269,
5308,977278916,18.274004,-18.223598,-8.887494,217.402328,264.266846,-23.691828,-0.156664,-0.777692,-0.137286,-0.593130,
5309,977295583,-4.787052,21.672964,-5.863997,260.281860,174.969727,37.074409,-0.120557,-0.768303,-0.159490,-0.608061,
5310,977312250,-1.158184,11.142056,2.420690,-229.146103,-312.498352,128.404510,-0.142017,-0.793387,-0.119246,-0.579782,
5311,977328917,33.899052,2.431319,7.820399,-80.962303,-213.366394,0.332776,-0.155148,-0.809134,-0.108031,-0.556380,
5312,977345584,25.994053,-11.054883,-21.110229,-246.229553,136.376114,75.570679,-0.175912,-0.792861,-0.082325,-0.577624,
5313,977362251,5.158001,-10.191854,0.770425,46.664196,248.000916,131.876511,-0.156522,-0.773984,-0.077431,-0.608648,
5314,977378918,16.091496,-9.532052,-5.609209,-46.078373,-84.868134,96.368271,-0.154290,-0.781244,-0.060661,-0.601807,
5315,977395585,16.096571,-2.811690,-8.073104,76.407043,56.146431,122.826897,-0.134505,-0.778798,-0.054738,-0.610234,
5316,977412252,10.065884,2.469883,-6.545830,46.493465,-25.707092,155.016479,-0.115829,-0.782876,-0.040881,-0.609932,
5317,977428919,15.469900,8.303501,-3.937642,-1.215080,-90.897804,137.499207,-0.104460,-0.791391,-0.023667,-0.601853,
5318,977445586,17.507563,9.220586,-7.118822,-26.259047,36.707466,142.402847,-0.095053,-0.787966,-0.005624,-0.608311,
5319,977462253,8.807831,8.700696,0.837120,-54.011841,83.915154,162.854874,-0.086924,-0.779512,0.016566,-0.620105,
5320,977478920,8.151682,6.201487,0.151080,-33.612175,12.043444,147.233582,-0.077667,-0.777348,0.036043,-0.623216,
5321,977495587,8.851234,4.542019,0.163043,-32.104740,14.889117,125.929512,-0.070156,-0.774729,0.052927,-0.626156,
5322,977512254,9.947311,3.641388,-0.882931,-4.933488,22.871704,101.067848,-0.061890,-0.771626,0.064436,-0.629769,
5323,977528921,11.225750,4.357990,-1.023588,25.169630,40.073318,82.857597,-0.052065,-0.767230,0.070976,-0.635302,
5324,977545588,9.775818,6.724634,-2.301426,65.950546,57.875412,81.459961,-0.037990,-0.761325,0.073437,-0.643076,
5325,977562255,5.674344,8.258747,-2.763785,89.156250,78.391556,75.618294,-0.022105,-0.753419,0.072943,-0.653108,
5326,977578922,1.986788,10.361101,-2.504274,107.522598,87.533714,67.107346,-0.005105,-0.744451,0.069704,-0.664008,
5327,977595589,-0.503320,14.705671,-2.255069,107.044334,78.516296,48.364017,0.010126,-0.736203,0.064448,-0.673608,
5328,977612256,-2.773374,16.269617,-2.558669,32.011608,52.250717,12.485485,0.014036,-0.730791,0.062650,-0.679575,
5329,977628923,-4.420992,13.023897,-0.402450,-53.068356,40.165127,-21.285622,0.005671,-0.726986,0.065632,-0.683485,
5330,977645590,-2.926063,12.136761,0.164036,-133.861633,-2.022528,-54.825630,-0.014176,-0.727558,0.073041,-0.681999,
5331,977662257,2.754530,10.218196,-3.003465,-223.994675,-35.095264,-114.045532,-0.049070,-0.731188,0.083119,-0.675312,
5332,977678924,12.067962,6.315178,-3.832538,-239.435257,-68.402550,-185.071625,-0.092092,-0.737582,0.087251,-0.663234,
5333,977695591,26.679983,5.394135,-2.231478,-154.537674,-80.568703,-197.742020,-0.126925,-0.745141,0.081847,-0.649581,
5334,977712258,21.718513,1.915628,-2.338220,-24.023224,74.771690,-127.788780,-0.142733,-0.738866,0.068739,-0.654965,
5335,977728925,14.018181,3.144155,-2.568769,20.780714,59.297722,-149.696335,-0.155583,-0.734822,0.049295,-0.658332,
5336,977745592,19.737537,1.739131,-2.228994,16.600098,1.765476,-168.555313,-0.170182,-0.735891,0.029509,-0.654700,
5337,977762259,29.684322,3.176245,-4.100784,129.521561,-9.474685,-135.368134,-0.169369,-0.740179,0.002783,-0.650723,
5338,977778926,20.491045,2.976662,-0.577836,47.260452,101.775261,-154.640335,-0.179147,-0.731355,-0.020974,-0.657712,
5339,977795593,16.006710,1.428158,-2.068123,44.897240,-7.723955,-145.853729,-0.188554,-0.732499,-0.040705,-0.652867,
5340,977812260,19.070156,0.331567,-2.366408,25.541067,-29.144186,-130.317352,-0.198587,-0.734908,-0.056336,-0.645987,
5341,977828927,15.697095,-3.082947,-2.144149,-29.255463,-28.795370,-147.885132,-0.216031,-0.735226,-0.068678,-0.638793,
5342,977845594,12.011824,-5.077778,-2.315544,-3.065295,-53.390915,-141.971573,-0.230258,-0.738342,-0.082011,-0.628574,
5343,977862261,10.600392,-3.096717,-0.174981,-22.907534,-34.651234,-114.027031,-0.243739,-0.739116,-0.091120,-0.621285,
5344,977878928,7.245679,-3.536676,-0.346859,-46.814369,-42.463287,-92.462532,-0.257870,-0.739816,-0.095444,-0.614057,
5345,977895595,5.613904,-6.359600,-2.157639,-54.786938,-38.681824,-81.744774,-0.271779,-0.739838,-0.098018,-0.607592,
5346,977912262,4.332221,-8.810651,-2.544461,10.440166,-35.125610,-70.337723,-0.277557,-0.742148,-0.105248,-0.600917,
5347,977928929,4.236025,-9.449269,-0.540889,68.787285,-52.600811,-25.111120,-0.273303,-0.748922,-0.111971,-0.593198,
5348,977945596,6.433843,2.749660,10.166163,-13.453605,-25.298300,48.132648,-0.271207,-0.751178,-0.104689,-0.592636,
5349,977962263,3.903245,7.106321,11.332389,-99.089409,68.795334,77.924644,-0.274399,-0.742207,-0.090455,-0.604690,
5350,977978930,-2.435058,4.782420,2.460609,122.836121,112.113174,83.189240,-0.252449,-0.737915,-0.096848,-0.618362,
5351,977995597,-4.761185,10.064598,-6.374691,232.038025,12.009119,84.842445,-0.219793,-0.745913,-0.109111,-0.619192,
5352,978012264,-5.051273,1.980875,-19.637098,142.940445,-51.130802,97.199471,-0.196479,-0.756220,-0.109892,-0.614371,
5353,978028931,2.336254,2.061212,-0.119345,101.777206,-117.813934,1.972923,-0.187148,-0.769349,-0.115499,-0.599781,
5354,978045598,32.262821,-12.147165,2.934978,256.925873,-140.831314,-87.290276,-0.168405,-0.786255,-0.143851,-0.576844,
5355,978062265,37.167675,1.901886,-15.385864,191.937820,50.827702,54.885239,-0.140901,-0.787343,-0.154979,-0.579843,
5356,978078932,-5.989862,14.987123,7.132657,68.266640,272.334839,-19.168827,-0.128619,-0.764539,-0.168492,-0.608725,
5357,978095599,5.955447,0.333499,-2.436922,-135.579971,-200.557480,49.701149,-0.144309,-0.780330,-0.147213,-0.590413,
5358,978112266,18.793995,-0.154600,-0.946514,-44.541561,-91.134666,133.682083,-0.139979,-0.789707,-0.126377,-0.583778,
5359,978128933,28.891489,-0.969270,-6.685721,-193.062393,-86.831940,125.843956,-0.153158,-0.794814,-0.093802,-0.579666,
5360,978145600,12.164302,-5.919010,-11.897937,-132.360718,307.525879,130.561279,-0.153230,-0.766506,-0.074393,-0.619237,
5361,978162267,2.827918,-1.417591,1.272510,-90.266891,-82.488914,128.155838,-0.152779,-0.772924,-0.050215,-0.613780,
5362,978178934,16.228935,-3.493559,-4.856479,-73.881248,-45.540794,143.421692,-0.148759,-0.776039,-0.026572,-0.612313,
5363,978195601,9.773758,-5.607261,-5.664740,-41.350723,2.548940,166.700989,-0.138714,-0.775200,-0.004221,-0.616283,
5364,978212268,12.029508,-1.795889,-3.716321,-5.437777,-60.115509,170.007050,-0.124268,-0.780204,0.016554,-0.612833,
5365,978228935,17.676981,3.366162,-3.590704,-9.934036,-70.660782,179.356552,-0.109382,-0.785478,0.038970,-0.607898,
5366,978245602,17.766800,8.859094,-3.467077,0.011444,45.657551,186.265503,-0.093324,-0.779981,0.059415,-0.615946,
5367,978262269,9.897901,11.674799,3.613733,-65.730919,63.099937,173.810852,-0.085921,-0.771520,0.084050,-0.624747,
5368,978278936,7.519001,8.515625,0.593795,-100.061050,14.089891,145.733871,-0.084265,-0.766858,0.109202,-0.626820,
5369,978295603,7.975646,5.384396,-0.079197,-110.203102,-4.736988,113.443115,-0.086341,-0.763844,0.131840,-0.625864,
5370,978312270,9.313516,5.318808,-1.132561,-69.890106,-8.216729,95.188347,-0.085501,-0.761690,0.148769,-0.624808,
5371,978328937,8.373251,7.962707,-0.026694,-2.456539,21.734943,87.390381,-0.078532,-0.757646,0.158298,-0.628289,
5372,978345604,4.283704,10.758956,-0.777664,87.554413,56.276646,79.759033,-0.063122,-0.751449,0.158323,-0.637395,
5373,978362271,-0.338418,15.003434,-2.491657,106.972801,67.826782,59.087502,-0.047751,-0.744550,0.154114,-0.647776,
5374,978378938,-4.474418,14.677196,-3.545784,25.581053,49.904209,13.537003,-0.045082,-0.739617,0.152726,-0.653918,
5375,978395605,-4.859385,10.516130,-3.506540,-54.858547,21.587402,-53.987648,-0.056861,-0.738273,0.151889,-0.654712,
5376,978412272,-1.385754,7.769361,0.745851,-64.804222,5.596711,-102.571800,-0.073972,-0.739275,0.146877,-0.653014,
5377,978428939,5.642121,6.672585,2.990926,-122.872292,-15.099802,-159.315765,-0.102229,-0.742386,0.141411,-0.646850,
5378,978445606,23.028996,10.663597,1.873748,-107.401711,-90.812775,-252.394485,-0.135875,-0.753773,0.125376,-0.630591,
5379,978462273,34.008251,4.438850,-4.911923,-30.177420,45.525867,-189.185211,-0.157579,-0.752043,0.106326,-0.631106,
5380,978478940,6.273613,1.034493,4.000055,73.494507,133.661026,-143.601013,-0.164982,-0.743225,0.080632,-0.643347,
5381,978495607,16.992586,3.859830,-5.720331,69.772186,-16.889414,-140.831223,-0.170641,-0.747821,0.059137,-0.638864,
5382,978512274,26.857418,0.238115,-7.067947,154.495193,22.869793,-138.487503,-0.167084,-0.750261,0.028999,-0.639022,
5383,978528941,25.853359,2.378671,-1.651689,145.663193,81.611504,-163.858734,-0.166917,-0.746351,-0.004541,-0.644265,
5384,978545608,16.596712,2.486382,0.518227,94.263947,25.969200,-163.819489,-0.172195,-0.745680,-0.031908,-0.642878,
5385,978562275,20.326401,2.952622,-0.173616,92.116966,-34.907814,-140.439468,-0.175680,-0.750230,-0.054989,-0.635032,
5386,978578942,19.222424,-0.040053,0.915245,14.952624,-18.373644,-164.838181,-0.189596,-0.750628,-0.073993,-0.628598,
5387,978595609,13.218327,-3.762450,0.138330,-26.258808,-18.354609,-178.340164,-0.209118,-0.749252,-0.090653,-0.621829,
5388,978612276,10.171058,-4.227034,0.754116,-6.449964,-28.236813,-164.622513,-0.225231,-0.749064,-0.107247,-0.613736,
5389,978628943,7.525116,-5.089654,0.541074,-49.660549,-10.616224,-143.733368,-0.243784,-0.745800,-0.118225,-0.608584,
5390,978645610,6.101354,-6.963615,-1.625069,3.566923,-13.084566,-108.435310,-0.253387,-0.744965,-0.129950,-0.603270,
5391,978662277,5.238677,-6.307486,-1.635800,51.105698,-23.942217,-59.385334,-0.253686,-0.747613,-0.140104,-0.597569,
5392,978678944,4.121112,-2.886348,1.351610,39.207832,-37.697903,13.178550,-0.249223,-0.752420,-0.140809,-0.593232,
5393,978695611,0.469910,-0.648125,5.180779,-28.868717,-4.003140,69.642151,-0.246625,-0.752941,-0.130668,-0.595970,
5394,978712278,-2.943794,-1.082072,6.344218,-85.057259,30.501911,92.649925,-0.247473,-0.748715,-0.114345,-0.604241,
5395,978728945,-2.229008,-1.638160,2.752849,12.193707,62.064884,102.363533,-0.236272,-0.745129,-0.106610,-0.614485,
5396,978745612,0.057416,3.885395,0.061379,163.274857,47.649437,117.500374,-0.207431,-0.747811,-0.110177,-0.620977,
5397,978762279,-1.586943,7.280684,-16.021086,305.297974,-34.825142,114.895912,-0.164385,-0.761001,-0.124190,-0.615167,
5398,978778946,-1.240799,9.113648,-15.883569,176.813904,-98.417389,36.875668,-0.143420,-0.774213,-0.133632,-0.601803,
5399,978795613,25.473886,7.899294,16.188044,40.385681,-73.904968,-145.111404,-0.153163,-0.778327,-0.152041,-0.589602,
5400,978812280,48.513241,13.695849,-4.865099,212.936920,0.216277,34.726257,-0.126196,-0.783287,-0.166418,-0.585525,
5401,978828947,-0.567241,0.512188,0.156823,-110.770966,274.942474,-48.875477,-0.136385,-0.755756,-0.167552,-0.618189,
5402,978845614,1.747080,-11.341537,-2.571098,-96.965485,-50.856529,-67.881996,-0.154552,-0.756455,-0.165363,-0.613631,
5403,978862281,14.766517,-12.682403,-6.584789,109.638031,-181.860748,74.565765,-0.140315,-0.776383,-0.162878,-0.592463,
5404,978878948,28.741550,-2.433702,1.492207,8.016892,-95.294899,182.569244,-0.126053,-0.788586,-0.141050,-0.585105,
5405,978895615,21.324694,0.035113,-8.051442,9.140884,207.115646,84.279930,-0.113697,-0.772293,-0.135992,-0.610034,
5406,978912282,6.015652,8.194357,-0.402190,-62.488895,130.111969,87.021286,-0.110569,-0.761057,-0.122883,-0.627269,
5407,978928949,10.415780,-1.872808,-6.505657,-142.309937,-62.316830,110.800621,-0.117472,-0.765995,-0.096683,-0.624584,
5408,978945616,9.353479,-2.943623,-9.027273,-74.546150,10.784859,130.980637,-0.113891,-0.765259,-0.075577,-0.629043,
5409,978962283,8.061028,0.435896,-6.172006,-33.982761,-30.651403,156.708176,-0.103836,-0.768875,-0.054593,-0.628544,
5410,978978950,14.167068,3.361540,-4.714010,-38.486423,-74.007584,157.803726,-0.094467,-0.775928,-0.032389,-0.622866,
5411,978995617,15.113567,6.471550,-4.007990,-37.890018,28.584412,151.423416,-0.085068,-0.773205,-0.012349,-0.628302,
5412,979012284,8.122626,6.564073,3.098560,-78.546333,11.658880,159.560776,-0.079481,-0.771080,0.012537,-0.631634,
5413,979028951,8.703560,4.650295,0.719923,-76.626617,-14.322347,152.436493,-0.074236,-0.770882,0.036739,-0.631569,
5414,979045618,9.699062,3.848862,0.406705,-61.639328,-14.580183,136.569397,-0.068728,-0.770535,0.057768,-0.631042,
5415,979062285,10.505778,4.195938,-0.797043,-24.568655,-6.711074,112.585098,-0.061308,-0.769750,0.072605,-0.631232,
5416,979078952,9.892539,6.683317,-1.175676,38.236332,14.253498,88.755028,-0.049254,-0.767669,0.078805,-0.634072,
5417,979095619,7.223794,9.759670,-1.432230,98.933815,52.457832,77.548889,-0.031882,-0.762405,0.077857,-0.641607,
5418,979112286,3.334427,12.621967,-3.230123,127.799873,78.644440,64.860085,-0.012778,-0.754614,0.072650,-0.652009,
5419,979128953,-0.828823,13.704684,-2.283714,69.856743,77.620834,32.695187,-0.003067,-0.746846,0.069373,-0.661362,
5420,979145620,-1.964851,12.287568,-2.409151,25.439663,62.851948,-21.118570,-0.003213,-0.740886,0.064518,-0.668517,
5421,979162287,-0.840215,10.140303,-1.844681,-23.420755,50.703377,-67.233337,-0.012997,-0.736414,0.059440,-0.673789,
5422,979178954,1.167529,8.564668,0.071763,-54.878803,34.004128,-85.155739,-0.027762,-0.733520,0.055543,-0.676825,
5423,979195621,3.530108,7.888949,-0.525794,-111.222771,10.606692,-116.635849,-0.051436,-0.732657,0.053903,-0.676507,
5424,979212288,8.496889,6.327444,-2.203306,-121.753754,-24.753447,-167.829361,-0.080952,-0.735046,0.048067,-0.671449,
5425,979228955,21.348169,9.746960,-1.555646,-96.296593,-71.786407,-206.998474,-0.111154,-0.741805,0.036059,-0.660355,
5426,979245622,21.906963,3.120928,-2.371547,-51.083126,59.106285,-150.399109,-0.131632,-0.735744,0.023666,-0.663923,
5427,979262289,14.468519,3.676242,-3.386685,88.084686,48.516823,-137.863876,-0.135889,-0.732867,-0.000636,-0.666663,
5428,979278956,18.029989,4.968595,-3.959882,42.870552,0.532679,-145.418411,-0.145626,-0.733339,-0.020411,-0.663769,
5429,979295623,23.604368,2.053319,-3.617545,75.030106,-23.586138,-125.367508,-0.149998,-0.736528,-0.040631,-0.658313,
5430,979312290,24.049236,2.622814,-0.877774,52.628860,5.640131,-126.918648,-0.156679,-0.736099,-0.059491,-0.655797,
5431,979328957,18.876087,2.348603,0.220750,23.628567,-9.559241,-127.583618,-0.166599,-0.736170,-0.075285,-0.651637,
5432,979345624,18.714985,2.043959,-1.247161,29.275702,-48.550343,-114.107079,-0.175002,-0.739957,-0.089200,-0.643336,
5433,979362291,16.950024,0.394177,-0.910232,-29.286854,-51.845387,-125.804543,-0.190776,-0.742127,-0.098776,-0.634897,
5434,979378958,12.732395,-1.948356,-0.773716,-66.567375,-60.311882,-131.802643,-0.211157,-0.743602,-0.105272,-0.625609,
5435,979395625,11.354418,-1.900466,0.265086,-60.892326,-57.153263,-120.206642,-0.229712,-0.744767,-0.111074,-0.616617,
5436,979412292,10.157080,-1.568210,0.845541,-106.171738,-40.722740,-95.280014,-0.250563,-0.743000,-0.110611,-0.610683,
5437,979428959,9.362045,-3.105709,-0.355040,-91.673325,-39.915073,-67.893456,-0.267302,-0.741838,-0.108461,-0.605361,
5438,979445626,7.290109,-4.990258,-0.089237,-79.098640,-30.731003,-46.228836,-0.280561,-0.740507,-0.105409,-0.601518,
5439,979462293,5.013023,-6.381164,-0.253297,-40.829983,-27.668753,-20.397068,-0.287354,-0.740767,-0.103032,-0.598394,
5440,979478960,3.720870,-6.911987,0.028104,26.903114,-33.376068,8.619237,-0.284394,-0.744754,-0.103179,-0.594824,
5441,979495627,2.527834,-1.694343,4.305622,6.292418,-12.354896,45.241192,-0.280169,-0.746589,-0.098441,-0.595331,
5442,979512294,0.959301,0.699878,4.737601,-10.076989,45.878551,69.070015,-0.274798,-0.742984,-0.092060,-0.603311,
5443,979528961,-2.226571,0.915198,1.532116,117.378616,90.490364,66.537369,-0.255185,-0.740264,-0.098888,-0.614093,
5444,979545628,-3.958706,3.034253,-3.642003,215.618729,16.109394,62.944416,-0.226181,-0.747181,-0.112036,-0.614825,
5445,979562295,-2.892117,0.934334,-9.393371,272.696869,-33.053669,63.851585,-0.191392,-0.759365,-0.128417,-0.608475,
5446,979578962,0.798329,1.886851,-2.815757,220.212799,-61.608936,27.780907,-0.165855,-0.770889,-0.143166,-0.598101,
5447,979595629,11.459090,1.457080,3.692620,274.583649,-28.306303,-29.700409,-0.138304,-0.778579,-0.169695,-0.588125,
5448,979612296,57.771248,-3.146191,-4.276720,203.565109,-287.627808,145.031311,-0.109933,-0.809504,-0.164758,-0.552696,
5449,979628963,8.414563,13.848934,-13.498570,222.828766,609.302979,-86.467499,-0.075775,-0.758265,-0.201905,-0.615244,
5450,979645630,-3.570253,20.596468,10.367914,-161.724884,-302.998169,28.242466,-0.100056,-0.783310,-0.180830,-0.586271,
5451,979662297,18.783548,-0.324797,1.584905,-58.447926,18.010918,15.182466,-0.105126,-0.781136,-0.174481,-0.590195,
5452,979678964,19.810026,-10.131715,-7.216179,-155.698105,14.970337,24.354750,-0.120500,-0.777726,-0.158641,-0.596200,
5453,979695631,16.953846,-17.220739,-11.473442,-45.237133,114.489517,96.035477,-0.114801,-0.768868,-0.145929,-0.611855,
5454,979712298,6.583144,-8.770271,-5.615737,69.743042,85.178207,122.243721,-0.094468,-0.764679,-0.139947,-0.621897,
5455,979728965,12.947753,0.558774,-7.534945,83.821007,-14.258972,117.815147,-0.074944,-0.769204,-0.134293,-0.620220,
5456,979745632,17.816875,11.620035,-4.687231,15.553465,-64.604378,138.069565,-0.062178,-0.777569,-0.119604,-0.614178,
5457,979762299,10.499431,8.233395,-7.076355,-124.174728,95.443985,143.528168,-0.061898,-0.769909,-0.093182,-0.628272,
5458,979778966,6.074754,3.545978,-5.892314,-61.208126,3.993534,138.234070,-0.056248,-0.770549,-0.072215,-0.630773,
5459,979795633,13.456189,4.739120,-2.720984,-68.411346,-45.310677,147.001831,-0.051090,-0.775334,-0.049163,-0.627559,
5460,979812300,15.536875,5.353675,-2.318066,-77.270401,19.612345,155.479034,-0.045662,-0.773710,-0.024799,-0.631404,
5461,979828967,11.141998,5.099877,0.490728,-106.801521,27.012083,147.595093,-0.044226,-0.770660,0.001357,-0.635709,
5462,979845634,8.323665,4.374130,-0.441873,-123.042732,10.053553,128.365036,-0.046355,-0.768543,0.026967,-0.637546,
5463,979862301,9.820838,4.539539,-0.238209,-121.158279,0.706137,107.793938,-0.050113,-0.766917,0.050145,-0.637819,
5464,979878968,11.881366,7.638771,-0.252117,-63.259541,2.598730,110.754211,-0.047135,-0.765172,0.068250,-0.638460,
5465,979895635,8.150712,11.380179,-0.247022,-5.175939,39.291729,100.783890,-0.038971,-0.760293,0.079579,-0.643507,
5466,979912302,1.755940,13.743586,-0.575906,62.149860,66.092384,87.117973,-0.024942,-0.753228,0.082919,-0.652035,
5467,979928969,-2.936681,15.946608,-2.175003,67.032738,63.095383,56.005859,-0.013288,-0.746623,0.082373,-0.659993,
5468,979945636,-6.183153,14.615469,-2.067629,-18.060328,35.298485,-2.485649,-0.016157,-0.743120,0.083683,-0.663708,
5469,979962303,-3.512886,9.499825,-0.336228,-52.735008,19.049185,-56.423111,-0.027784,-0.741696,0.082540,-0.665058,
5470,979978970,0.962723,7.386564,1.127950,-120.771843,2.682619,-100.317154,-0.050790,-0.741857,0.083280,-0.663425,
5471,979995637,5.916363,5.030118,0.846016,-135.241806,-5.479765,-142.853439,-0.079327,-0.742707,0.080829,-0.659970,
5472,980012304,13.328904,4.976206,-0.017653,-103.571068,-40.549576,-189.514297,-0.108432,-0.747142,0.070624,-0.651945,
5473,980028971,25.234053,7.353781,-3.327038,17.394577,-63.589077,-180.623947,-0.123219,-0.754896,0.050217,-0.642205,
5474,980045638,16.742571,5.631549,-1.610562,-18.494251,179.411057,-148.701035,-0.140620,-0.738338,0.032266,-0.658818,
5475,980062305,11.572787,2.054848,-0.723317,71.614311,14.640253,-146.920166,-0.147278,-0.738753,0.009210,-0.657623,
5476,980078972,19.592979,2.710820,-4.805058,65.851562,12.312621,-134.444839,-0.153281,-0.738859,-0.011909,-0.656087,
5477,980095639,22.074066,1.196363,-3.522464,123.281502,15.394618,-132.278305,-0.152809,-0.739517,-0.038334,-0.654442,
5478,980112306,21.474396,3.288875,-1.695798,93.812012,33.627453,-140.907303,-0.156122,-0.737242,-0.063263,-0.654292,
5479,980128973,18.619192,4.695227,-0.829480,54.057159,-6.244677,-133.022034,-0.163229,-0.737532,-0.082623,-0.650058,
5480,980145640,19.656313,3.359153,-1.869122,6.206841,-33.726524,-122.041397,-0.174696,-0.739126,-0.095596,-0.643455,
5481,980162307,16.748589,0.078506,-1.188637,-32.794968,-31.819134,-133.330750,-0.191316,-0.739108,-0.106144,-0.637064,
5482,980178974,13.184052,-1.709756,-1.259993,-66.269684,-39.498993,-130.572479,-0.211308,-0.738571,-0.113030,-0.630148,
5483,980195641,10.000998,-3.606210,-2.581246,-63.855888,-47.680790,-104.487015,-0.228692,-0.738966,-0.117034,-0.622842,
5484,980212308,8.869411,-2.303207,-1.019828,-52.422474,-51.005203,-74.024712,-0.242074,-0.740339,-0.118652,-0.615808,
5485,980228975,6.699411,-6.212437,-3.916841,-41.112110,-55.769955,-49.560455,-0.252082,-0.742815,-0.118457,-0.608809,
5486,980245642,5.871557,-7.701324,-3.310493,35.005569,-74.054245,-15.189675,-0.251098,-0.750183,-0.120600,-0.599692,
5487,980262309,4.379525,-7.048666,0.711140,40.574516,-68.985481,21.019526,-0.246222,-0.757842,-0.119445,-0.592269,
5488,980278976,4.638370,-1.283238,8.684055,-60.374023,-11.761043,54.776501,-0.248535,-0.757436,-0.107906,-0.594034,
5489,980295643,2.168187,2.761204,9.167907,-64.857498,67.123627,68.052399,-0.248904,-0.750100,-0.097345,-0.604914,
5490,980312310,-2.302592,6.003780,1.525021,184.813416,94.874664,65.134651,-0.221743,-0.748836,-0.110009,-0.614794,
5491,980328977,-6.444082,11.097560,-3.052892,222.372574,37.107155,54.367474,-0.192146,-0.752980,-0.125224,-0.616781,
5492,980345644,-5.676703,1.450943,-12.018207,68.533745,-58.898560,54.446224,-0.181004,-0.760929,-0.123868,-0.610639,
5493,980362311,2.295217,-1.657106,-3.335516,27.416906,-104.420998,-13.805820,-0.181253,-0.770431,-0.125185,-0.598257,
5494,980378978,21.620798,-13.250122,9.065161,236.554428,-9.612710,-83.055069,-0.162227,-0.775329,-0.154854,-0.590395,
5495,980395645,45.911663,-11.805422,-15.555590,342.022095,-88.300377,131.866028,-0.114291,-0.792633,-0.167151,-0.575092,
5496,980412312,7.233805,25.106192,-12.498636,402.293762,435.114471,18.311472,-0.055629,-0.760312,-0.205365,-0.613723,
5497,980428979,3.872293,27.289286,16.323996,-326.047577,-357.089111,64.682724,-0.096581,-0.789391,-0.165831,-0.583124,
5498,980445646,18.582638,-3.900438,-1.277575,-155.055527,56.214096,-16.416975,-0.114577,-0.781669,-0.155419,-0.593052,
5499,980462313,12.577691,-10.128502,-5.554153,-167.798782,56.964729,24.306278,-0.130418,-0.774091,-0.139192,-0.603655,
5500,980478980,16.354637,-15.293383,-11.018528,-90.261269,-4.271381,150.508896,-0.127601,-0.775402,-0.114307,-0.607786,
5501,980495647,10.270775,-5.510185,-5.940857,20.782774,103.016136,162.309616,-0.109342,-0.768932,-0.099815,-0.621952,
5502,980512314,11.933089,3.215544,-6.097866,-65.363022,-32.079727,108.499985,-0.107479,-0.772092,-0.081341,-0.621051,
5503,980528981,11.176176,7.895339,-5.788605,-71.000618,-56.286888,154.852509,-0.102295,-0.777504,-0.056734,-0.617903,
5504,980545648,10.546598,8.212425,-0.984579,-81.615067,-51.887997,150.891678,-0.098563,-0.781807,-0.031649,-0.614866,
5505,980562315,17.283981,5.354662,-2.250554,-96.998901,-31.328985,115.023628,-0.099636,-0.783432,-0.009544,-0.613364,
5506,980578982,15.865182,2.084199,-1.559406,-83.201210,17.862514,132.442703,-0.097465,-0.780494,0.012608,-0.617389,
5507,980595649,12.475261,3.194775,-1.058074,-28.855722,15.597428,133.666168,-0.088966,-0.778171,0.030045,-0.620992,
5508,980612316,9.692913,4.046947,-0.440617,-9.746275,29.281639,121.339119,-0.079447,-0.774633,0.044173,-0.625844,
5509,980628983,8.124889,3.161083,-1.126004,-1.719241,31.091736,99.469177,-0.071004,-0.770949,0.055074,-0.630526,
5510,980645650,8.160363,4.856739,-2.199457,15.385599,29.019976,84.010803,-0.062030,-0.767603,0.062683,-0.634829,
5511,980662317,7.387242,7.438311,-3.351390,27.463760,27.655756,87.892647,-0.051327,-0.764320,0.069610,-0.639011,
5512,980678984,4.006264,9.400541,-3.765043,49.254700,38.468769,92.830376,-0.037841,-0.759973,0.074963,-0.644508,
5513,980695651,0.087335,12.852337,-2.078089,57.649544,37.662636,80.443649,-0.024573,-0.755695,0.078146,-0.649780,
5514,980712318,-3.108838,15.083438,-0.376980,11.133249,26.524830,39.823322,-0.020127,-0.752660,0.081287,-0.653062,
5515,980728985,-4.023689,11.941230,-1.401211,-71.284920,12.788970,-10.504416,-0.029323,-0.751221,0.086779,-0.653664,
5516,980745652,-1.520600,7.534919,0.262020,-82.693649,13.658370,-52.377182,-0.043755,-0.750054,0.088763,-0.653930,
5517,980762319,2.276024,4.961345,1.169094,-107.708817,6.377009,-95.120743,-0.064872,-0.749725,0.088478,-0.652591,
5518,980778986,7.419536,2.469426,-1.133214,-133.570282,-9.627462,-146.666534,-0.093449,-0.750848,0.085118,-0.648266,
5519,980795653,17.954018,4.619749,-0.692499,-94.995674,-38.811806,-200.060608,-0.122397,-0.755183,0.072607,-0.639880,
5520,980812320,28.754137,7.931721,-2.437667,-10.361591,-28.753143,-158.114243,-0.138155,-0.759024,0.056588,-0.633713,
5521,980828987,13.183182,3.298958,-4.092159,11.086383,115.830505,-132.356384,-0.150277,-0.749294,0.038495,-0.643812,
5522,980845654,13.060431,6.976743,-1.993140,29.926054,3.617171,-148.623657,-0.161155,-0.750136,0.019297,-0.641056,
5523,980862321,21.896852,6.614302,-2.532010,42.142853,-27.252337,-134.280380,-0.169201,-0.753751,0.001238,-0.635003,
5524,980878988,28.185987,5.490217,-4.226970,109.863968,-8.194920,-115.867538,-0.168042,-0.756899,-0.021527,-0.631191,
5525,980895655,21.532301,3.370821,-1.450328,5.762680,48.493557,-121.421104,-0.178598,-0.751934,-0.036722,-0.633521,
5526,980912322,17.556829,0.333673,-3.913737,-21.539034,-10.698924,-115.593620,-0.191859,-0.751491,-0.047213,-0.629461,
5527,980928989,18.416309,-1.587270,-4.685208,-16.048542,-24.235201,-125.928688,-0.205493,-0.752121,-0.058943,-0.623387,
5528,980945656,13.959095,-4.479118,-3.605984,-56.295292,-13.368180,-136.774124,-0.224332,-0.750156,-0.068509,-0.618262,
5529,980962323,11.638668,-6.397675,-1.307729,-25.294567,-38.911400,-109.396309,-0.237492,-0.751479,-0.077015,-0.610693,
5530,980978990,9.106555,-5.231442,0.799692,-38.452457,-0.676135,-92.757713,-0.250121,-0.748940,-0.083832,-0.607865,
5531,980995657,6.935423,-6.787729,0.355850,-22.891346,-19.270813,-78.656059,-0.259987,-0.748643,-0.089797,-0.603222,
5532,981012324,6.101157,-6.590558,-0.080802,26.498121,-32.125175,-57.570164,-0.262757,-0.751518,-0.097299,-0.597253,
5533,981028991,5.905968,-3.111987,0.668764,63.624771,-35.124981,-11.964293,-0.257520,-0.756637,-0.102915,-0.592108,
5534,981045658,3.583643,0.082273,4.436247,-6.503927,5.701230,26.026817,-0.256100,-0.756133,-0.099834,-0.593893,
5535,981062325,-0.457271,3.690336,7.883236,-38.108311,25.920704,58.389244,-0.255050,-0.753125,-0.091209,-0.599527,
5536,981078992,-2.911199,3.220386,5.228552,12.633001,32.360992,79.744560,-0.246461,-0.751617,-0.084897,-0.605905,
5537,981095659,-4.164658,5.357939,1.112481,128.377609,42.523502,81.918709,-0.224821,-0.753133,-0.088883,-0.611837,
5538,981112326,-3.216347,5.758240,-7.961114,174.655090,-9.202169,87.706909,-0.198120,-0.760343,-0.094603,-0.611291,
5539,981128993,-2.782385,2.061909,-18.276886,228.838623,-48.322662,71.421928,-0.167213,-0.771589,-0.105717,-0.604577,
5540,981145660,1.814302,2.672705,-6.202846,126.831039,-113.862144,-4.351813,-0.155265,-0.784240,-0.114675,-0.589669,
5541,981162327,17.137007,2.050865,13.109486,37.014004,3.147966,-108.434845,-0.160466,-0.782744,-0.130394,-0.586991,
5542,981178994,42.640327,-12.144713,-6.470101,31.252962,-159.162735,52.934887,-0.155553,-0.797681,-0.123404,-0.569455,
5543,981195661,9.706584,-9.065037,-14.063996,206.660202,339.333221,51.246662,-0.121184,-0.773685,-0.142154,-0.605407,
5544,981212328,-5.950629,32.491489,0.816924,-52.330223,-73.233223,82.038826,-0.121532,-0.780642,-0.127108,-0.599726,
5545,981228995,24.766788,8.819545,5.856700,-236.487488,-281.719574,26.374414,-0.151299,-0.800250,-0.098449,-0.571853,
5546,981245662,12.942098,-5.095329,0.597556,-220.714249,150.384659,-10.695662,-0.175801,-0.781987,-0.084697,-0.591960,
5547,981262329,19.729551,-14.003927,-4.962178,-117.430542,-54.097137,75.473900,-0.183484,-0.784245,-0.064721,-0.589155,
5548,981278996,15.999524,-16.961061,-5.566997,0.453063,80.975449,145.947510,-0.170311,-0.778326,-0.050377,-0.602216,
5549,981295663,13.379516,-10.709931,-5.384158,99.763763,25.867666,100.940147,-0.150150,-0.778968,-0.048432,-0.606891,
5550,981312330,14.918347,-0.357085,-7.399064,151.262772,25.138905,111.331833,-0.123153,-0.780412,-0.049809,-0.610990,
5551,981328997,14.420047,7.369113,-7.103605,131.549469,-30.181076,138.861771,-0.096254,-0.786022,-0.045280,-0.608978,
5552,981345664,15.978648,12.586770,-6.606959,4.207801,-22.249218,125.962173,-0.084946,-0.788622,-0.031035,-0.608190,
5553,981362331,11.358603,9.014701,-9.956266,-29.532513,88.632812,132.181213,-0.076422,-0.780676,-0.014449,-0.620077,
5554,981378998,8.461628,8.651720,0.587562,-18.708408,31.165840,142.919067,-0.065786,-0.777663,0.003026,-0.625222,
5555,981395665,10.272325,6.664022,-1.493538,-27.755505,7.138431,129.161957,-0.057386,-0.776436,0.019994,-0.627259,
5556,981412332,11.288167,6.765640,-0.478173,-37.770016,13.414072,117.922806,-0.051144,-0.774319,0.036548,-0.629665,
5557,981428999,12.644483,5.195512,-0.975309,-37.444275,23.585554,103.260345,-0.046248,-0.771123,0.051336,-0.632926,
5558,981445666,10.993757,5.443336,-1.402900,-7.117771,38.529476,96.360313,-0.038686,-0.766618,0.062442,-0.637887,
5559,981462333,7.763829,8.130023,-2.476416,29.264471,44.608429,94.400063,-0.027299,-0.761592,0.069906,-0.643696,
5560,981479000,3.859694,11.076219,-3.678900,52.071049,48.271564,83.542336,-0.014432,-0.756236,0.073997,-0.649941,
5561,981495667,-0.907334,15.464785,-3.301559,41.458618,48.753841,62.359463,-0.004739,-0.750883,0.076743,-0.655943,
5562,981512334,-6.113163,16.638142,-1.034181,-43.004185,28.599440,15.025227,-0.008565,-0.747838,0.082382,-0.658694,
5563,981529001,-6.915526,11.481410,1.810646,-105.917183,9.926336,-49.744488,-0.025217,-0.747145,0.087010,-0.658459,
5564,981545668,-1.765665,7.413823,2.315614,-114.520706,-0.859622,-103.655289,-0.047820,-0.747830,0.086605,-0.656477,
5565,981562335,4.385849,6.038329,-0.858717,-131.086319,-4.780732,-153.330902,-0.076884,-0.748880,0.082344,-0.653059,
5566,981579002,13.199339,5.211095,-1.035125,-109.086853,-19.500261,-208.130707,-0.108499,-0.751455,0.070103,-0.647015,
5567,981595669,34.136509,10.470195,-1.154023,-14.146788,-113.187721,-178.691254,-0.125903,-0.763235,0.053552,-0.631468,
5568,981612336,18.172461,3.391627,-4.970401,9.682387,221.945023,-135.487045,-0.139153,-0.743422,0.033408,-0.653333,
5569,981629003,6.379086,2.741122,0.140682,44.081287,27.740093,-141.575531,-0.148184,-0.742062,0.013230,-0.653613,
5570,981645670,16.084225,4.626510,-4.317555,72.952271,-7.828553,-134.124466,-0.153251,-0.744324,-0.008127,-0.649946,
5571,981662337,20.552921,4.907188,-4.403045,128.495499,-24.910978,-114.472908,-0.150379,-0.749037,-0.032222,-0.644431,
5572,981679004,24.670429,5.192054,-5.058559,81.156097,-8.877809,-120.628273,-0.153084,-0.750774,-0.052883,-0.640395,
5573,981695671,16.862331,3.136458,-2.087322,-24.970247,33.764992,-133.383698,-0.168169,-0.745750,-0.065979,-0.641266,
5574,981712338,17.935604,0.259612,-4.361639,-40.093838,-52.724674,-123.468811,-0.184728,-0.748201,-0.074446,-0.632873,
5575,981729005,16.141161,-2.402454,-3.257863,-68.819725,-26.701071,-148.464401,-0.206335,-0.746835,-0.083649,-0.626630,
5576,981745672,10.910805,-3.618296,-1.748339,-91.649292,-33.389057,-159.961731,-0.231410,-0.744751,-0.091761,-0.619172,
5577,981762339,9.430644,-3.043478,-0.391217,-74.520401,-35.635651,-138.866989,-0.252605,-0.743237,-0.098995,-0.611545,
5578,981779006,8.342731,-3.297865,-0.138151,-70.646782,-34.415840,-97.985588,-0.269615,-0.742011,-0.102152,-0.605221,
5579,981795673,7.780087,-4.202761,-1.195600,-33.198975,-40.240498,-59.037651,-0.279175,-0.743167,-0.104150,-0.599096,
5580,981812340,6.772903,-6.420995,-2.585016,6.255874,-43.919529,-22.891806,-0.281350,-0.746725,-0.105517,-0.593387,
5581,981829007,5.457969,-5.396749,-1.419374,38.553436,-39.056637,14.026320,-0.276739,-0.751710,-0.105854,-0.589188,
5582,981845674,3.283966,-2.287364,3.954376,-0.769271,-19.319532,45.567120,-0.273402,-0.753863,-0.100160,-0.588990,
5583,981862341,1.245920,2.547866,9.080181,-104.460709,7.496832,67.778648,-0.279088,-0.749777,-0.084195,-0.594015,
5584,981879008,0.122967,-2.046592,4.285786,-42.566208,91.227631,77.647263,-0.276055,-0.740837,-0.075872,-0.607616,
5585,981895675,-1.774006,2.602702,-0.853995,187.228394,42.143017,74.817467,-0.248886,-0.744971,-0.086143,-0.612905,
5586,981912342,-2.846846,2.822972,-9.429198,253.100067,6.625103,74.467812,-0.214769,-0.753775,-0.100934,-0.612788,
5587,981929009,-2.306882,4.682253,-14.329295,246.517044,-80.502769,30.226761,-0.186284,-0.768402,-0.117123,-0.600948,
5588,981945676,8.207877,7.533855,1.311363,268.892303,-59.037281,-76.387566,-0.163958,-0.778736,-0.147577,-0.587290,
5589,981962343,54.739326,-4.816358,-2.888668,256.894073,-201.100891,12.956383,-0.138089,-0.801290,-0.163209,-0.558774,
5590,981979010,3.650298,12.872676,-2.730567,158.778809,340.071838,-17.257910,-0.112898,-0.775096,-0.184820,-0.593566,
5591,981995677,1.301545,7.143161,4.762935,-141.564728,-76.448296,-13.569702,-0.132233,-0.778638,-0.172932,-0.588499,
5592,982012344,14.506339,-2.585801,0.398420,-89.195686,-63.588406,73.150299,-0.137833,-0.783910,-0.155874,-0.584969,
5593,982029011,31.200205,-5.461238,-5.143263,-63.867699,-74.368675,136.244812,-0.135355,-0.791665,-0.133487,-0.580626,
5594,982045678,14.526001,-6.891210,-8.834933,-77.049706,259.645264,88.907799,-0.131746,-0.769124,-0.121857,-0.613385,
5595,982062345,5.403884,-0.944474,-2.898920,-15.088742,-0.251181,106.895889,-0.124074,-0.770513,-0.108636,-0.615721,
5596,982079012,14.741067,2.510519,-4.927313,-51.229088,-19.469944,109.368217,-0.120500,-0.772798,-0.091525,-0.616349,
5597,982095679,12.644697,-2.728949,-7.201158,-51.812180,19.590553,126.606590,-0.114882,-0.771526,-0.073077,-0.621457,
5598,982112346,10.439519,-3.523340,-6.710545,-3.183602,-4.419628,149.406784,-0.101951,-0.773148,-0.056031,-0.623465,
5599,982129013,14.434863,-0.314495,-4.643896,8.845535,-28.769093,155.175827,-0.087291,-0.776823,-0.039038,-0.622416,
5600,982145680,17.607565,5.296962,-3.647746,6.527690,-4.404590,159.774399,-0.072291,-0.777883,-0.021604,-0.623863,
5601,982162347,15.208029,12.051675,-2.417027,-3.824713,39.514122,165.706421,-0.057746,-0.774425,-0.003009,-0.630018,
5602,982179014,10.183489,13.891003,0.334176,-36.524944,54.649796,148.785507,-0.048397,-0.768847,0.016548,-0.637383,
5603,982195681,8.566362,10.063849,0.866252,-67.209496,29.927286,109.584564,-0.046036,-0.765085,0.034733,-0.641341,
5604,982212348,10.316917,7.404890,-0.157283,-70.780685,24.791624,79.999001,-0.046794,-0.761691,0.049979,-0.644313,
5605,982229015,10.042666,6.664840,-1.761198,-35.478779,36.487240,77.722816,-0.043931,-0.757291,0.061573,-0.648682,
5606,982245682,6.764804,7.978842,-2.559307,10.700003,60.493168,91.430954,-0.034897,-0.750634,0.070154,-0.656055,
5607,982262349,2.209552,11.737500,-2.685220,31.667612,65.824234,98.465591,-0.022949,-0.743291,0.077452,-0.664072,
5608,982279016,-2.858703,15.040780,-2.235511,4.092453,57.043903,74.107628,-0.016233,-0.736794,0.084787,-0.670583,
5609,982295683,-7.573012,15.324457,-1.715366,-63.558197,34.294609,6.416421,-0.023090,-0.733082,0.091506,-0.673561,
5610,982312350,-6.162293,10.626577,-1.066871,-80.002068,20.024670,-61.095039,-0.038126,-0.731485,0.092668,-0.674455,
5611,982329017,-0.489894,8.246139,-0.805932,-119.167595,-2.383440,-107.400024,-0.061555,-0.732205,0.092830,-0.671914,
5612,982345684,4.940438,4.904444,-2.704416,-174.599503,-13.333872,-161.380630,-0.095954,-0.733580,0.092670,-0.666382,
5613,982362351,19.143343,6.518103,0.234859,-123.368996,-69.137726,-260.108124,-0.133552,-0.741274,0.077650,-0.653182,
5614,982379018,38.076767,7.296847,-3.388985,14.839652,-31.996962,-184.378647,-0.149312,-0.746295,0.056840,-0.646156,
5615,982395685,8.784889,0.748276,-0.897969,78.676079,204.235443,-136.959152,-0.155479,-0.729299,0.029990,-0.665619,
5616,982412352,13.351827,5.773933,-3.075115,86.913872,-20.357378,-144.515457,-0.160365,-0.733517,0.006585,-0.660448,
5617,982429019,21.238058,1.205581,-5.545517,76.637749,-1.240177,-140.730881,-0.165909,-0.735229,-0.015880,-0.657008,
5618,982445686,24.912786,2.084856,-4.329578,126.597694,4.474291,-132.006165,-0.165157,-0.737158,-0.042312,-0.653858,
5619,982462353,19.091253,3.322677,-1.312606,92.840584,14.887415,-154.424698,-0.169973,-0.736628,-0.068156,-0.651032,
5620,982479020,17.985565,4.117818,-1.614416,72.274239,-47.093166,-146.526840,-0.176746,-0.741052,-0.089630,-0.641536,
5621,982495687,17.471537,1.399357,0.069365,1.144304,-52.993534,-159.943008,-0.192404,-0.743570,-0.105706,-0.631593,
5622,982512354,13.619155,-0.371135,1.107101,-55.940720,-56.239929,-160.734802,-0.214231,-0.744293,-0.116463,-0.621746,
5623,982529021,10.311350,-0.225053,0.898354,-129.486099,-18.647314,-153.768066,-0.242581,-0.738861,-0.120895,-0.616946,
5624,982545688,8.657350,-2.175284,-0.644231,-114.416862,-29.930521,-128.653519,-0.267073,-0.734846,-0.123489,-0.611083,
5625,982562355,8.976035,-4.856711,-2.091215,-92.706337,-19.828571,-92.890572,-0.285743,-0.731039,-0.124517,-0.606983,
5626,982579022,6.892263,-7.804932,-2.949529,-21.987215,-31.379082,-58.144192,-0.293965,-0.731641,-0.127582,-0.601671,
5627,982595689,4.833750,-7.296123,-2.000473,21.478136,-35.993542,-24.663914,-0.294691,-0.735073,-0.130678,-0.596446,
5628,982612356,3.111705,-5.979563,0.523504,53.545757,-33.050068,15.360194,-0.288437,-0.740335,-0.132393,-0.592604,
5629,982629023,1.460832,0.751431,7.347228,-32.180408,-17.788029,59.352821,-0.287300,-0.741465,-0.122609,-0.593847,
5630,982645690,0.143509,1.129810,8.485084,-140.515411,49.276283,92.351204,-0.293693,-0.732584,-0.102666,-0.605412,
5631,982662357,-1.969452,-0.652179,2.926141,14.089604,50.271523,99.692383,-0.282818,-0.729991,-0.095549,-0.614814,
5632,982679024,-2.417913,2.926481,-3.053643,166.858871,21.677273,85.681778,-0.257235,-0.735675,-0.102354,-0.618171,
5633,982695691,-5.257568,0.255816,-12.459853,215.722000,-31.106564,69.908829,-0.228394,-0.747021,-0.113172,-0.613993,
5634,982712358,2.133339,-1.127527,2.062278,199.240585,-83.082176,-10.263340,-0.209119,-0.760370,-0.129385,-0.601138,
5635,982729025,35.738396,-14.683356,-1.216185,452.506042,-140.046692,-62.392311,-0.166889,-0.783203,-0.171368,-0.573911,
5636,982745692,46.526062,0.605723,-25.704754,474.973175,92.458405,131.139267,-0.099320,-0.788051,-0.197962,-0.574389,
5637,982762359,-6.685924,44.868717,0.548656,216.197861,190.600708,-108.225380,-0.078161,-0.771199,-0.231074,-0.588003,
5638,982779026,14.091014,14.816526,17.079536,-158.932785,-218.562393,-6.009493,-0.103952,-0.787127,-0.215600,-0.568455,
5639,982795693,6.819559,-6.524919,-5.938235,-198.331589,90.274910,-1.574920,-0.124078,-0.776057,-0.200753,-0.584840,
5640,982812360,24.154594,-7.811120,-4.957169,-74.994804,-66.624107,109.466187,-0.125325,-0.783228,-0.180882,-0.581488,
5641,982829027,23.266663,-14.701201,-12.500369,-32.897812,144.893417,175.772858,-0.110500,-0.774407,-0.160729,-0.601871,
5642,982845694,4.484562,-2.773808,-1.022519,73.326920,123.704361,98.945419,-0.090825,-0.766672,-0.158037,-0.615621,
5643,982862361,10.097120,3.213895,-4.474263,18.639708,0.891974,73.706833,-0.082294,-0.768338,-0.151579,-0.616366,
5644,982879028,11.666294,3.486267,-4.569723,12.864320,23.455477,90.548744,-0.072389,-0.768168,-0.142968,-0.619868,
5645,982895695,8.258850,1.953933,-5.597516,2.124324,37.240196,118.337234,-0.060873,-0.767027,-0.130394,-0.625269,
5646,982912362,11.489777,2.120462,-4.138705,-0.434005,-9.273136,122.620842,-0.050116,-0.769932,-0.116655,-0.625367,
5647,982929029,16.209833,2.240815,-4.324367,-7.492234,12.596347,123.005890,-0.039727,-0.770561,-0.102355,-0.627838,
5648,982945696,13.265333,5.836979,-2.459317,18.604847,44.228004,134.408234,-0.024886,-0.768335,-0.089303,-0.633298,
5649,982962363,9.203673,8.011556,-1.068217,10.004161,48.139027,122.747955,-0.012020,-0.765262,-0.076743,-0.639014,
5650,982979030,9.422980,7.453623,-0.425761,12.723046,48.034485,94.139381,-0.001512,-0.761655,-0.067596,-0.644446,
5651,982995697,10.315717,5.735014,-3.094894,25.276962,55.798363,82.997177,0.009418,-0.757037,-0.060849,-0.650464,
5652,983012364,8.966056,8.317918,-4.442216,38.124653,61.466698,82.257545,0.021737,-0.751679,-0.055377,-0.656840,
5653,983029031,6.118006,11.816349,-3.057761,33.542397,61.296101,89.089096,0.034200,-0.746214,-0.048711,-0.663040,
5654,983045698,2.378100,14.738562,-2.652582,28.169743,64.971909,87.748413,0.045959,-0.740212,-0.041640,-0.669507,
5655,983062365,-2.495928,15.026889,-3.127732,-2.076712,62.961601,64.562599,0.052178,-0.734306,-0.034131,-0.675949,
5656,983079032,-4.614721,12.927013,-2.437439,-42.444874,45.069283,20.406755,0.049642,-0.730151,-0.027503,-0.680925,
5657,983095699,-3.860231,10.794017,-1.873833,-88.977219,16.309334,-30.463121,0.036999,-0.728870,-0.021876,-0.683301,
5658,983112366,0.045417,9.641664,-1.948250,-141.691574,-6.102013,-89.946503,0.012770,-0.729618,-0.017434,-0.683513,
5659,983129033,6.108603,7.321990,-1.276287,-187.910309,-32.129520,-157.940872,-0.023205,-0.732165,-0.015643,-0.680552,
5660,983145700,18.154032,8.255874,-0.407735,-155.218521,-73.568047,-227.507278,-0.062635,-0.737648,-0.024340,-0.671833,
5661,983162367,32.071983,6.541962,-0.729560,-149.722931,-78.011955,-146.509155,-0.093501,-0.742866,-0.024809,-0.662413,
5662,983179034,18.253033,-5.021137,-3.667259,26.592205,102.216156,-89.618980,-0.099121,-0.732772,-0.038551,-0.672111,
5663,983195701,12.922867,-0.817119,-0.154578,72.303474,66.266068,-141.373062,-0.105075,-0.726177,-0.061735,-0.676620,
5664,983212368,16.404606,-0.562683,-2.388194,95.933601,7.985709,-137.176559,-0.108577,-0.725267,-0.085870,-0.674407,
5665,983229035,22.395199,3.383002,-2.863142,144.920639,-10.156446,-119.445091,-0.105325,-0.726642,-0.112594,-0.669493,
5666,983245702,21.443441,4.115389,-1.612409,118.069237,27.008888,-122.289810,-0.104504,-0.723439,-0.137494,-0.668438,
5667,983262369,15.350961,4.141521,-1.223722,90.116066,-13.112194,-119.335472,-0.107077,-0.723369,-0.158681,-0.663394,
5668,983279036,15.899114,3.042577,-2.048038,47.011971,-59.738209,-108.543503,-0.114175,-0.727066,-0.173778,-0.654323,
5669,983295703,13.879986,1.963315,-0.732307,-8.801996,-66.821548,-101.720345,-0.126664,-0.730432,-0.182664,-0.645801,
5670,983312370,11.132463,1.588832,0.223511,-109.247726,-58.012184,-96.862633,-0.149077,-0.730938,-0.181684,-0.640699,
5671,983329037,8.584366,-0.750716,-1.337323,-126.397858,-78.453300,-70.328896,-0.171297,-0.733273,-0.175739,-0.634100,
5672,983345704,7.914523,-1.601646,-1.128021,-154.663544,-54.446819,-52.323959,-0.194151,-0.732707,-0.165759,-0.630848,
5673,983362371,6.376005,-5.345152,-2.920059,-132.398651,-49.865002,-44.328541,-0.213680,-0.732137,-0.157006,-0.627427,
5674,983379038,4.161095,-7.234846,-3.542533,-48.235317,-64.619789,-22.334145,-0.222509,-0.735807,-0.153080,-0.621002,
5675,983395705,3.729752,-7.200570,-3.478000,27.040703,-49.939171,-1.108056,-0.221011,-0.740984,-0.154139,-0.615092,
5676,983412372,1.910642,-5.263385,1.281650,31.922525,-42.335922,25.065308,-0.216455,-0.746176,-0.153046,-0.610693,
5677,983429039,1.988600,0.190254,7.853106,-88.391068,-6.156098,70.346451,-0.220091,-0.745248,-0.137464,-0.614222,
5678,983445706,-0.314705,-2.172916,3.650055,-53.117950,41.069786,88.651924,-0.217266,-0.741397,-0.124524,-0.622591,
5679,983462373,-1.973177,1.369841,-2.838919,140.654282,1.312330,80.162209,-0.194950,-0.746815,-0.128737,-0.622646,
5680,983479040,-2.103217,4.391195,-6.970513,209.699631,-40.090622,68.753036,-0.166789,-0.757130,-0.139167,-0.616090,
5681,983495707,0.855843,2.809446,-10.192077,215.907288,-60.831257,32.877495,-0.141403,-0.767925,-0.153452,-0.605597,
5682,983512374,6.164369,0.138425,8.278246,79.406845,-30.646362,-34.063591,-0.136394,-0.771284,-0.163719,-0.599761,
5683,983529041,12.984177,-2.041500,5.471641,324.270874,33.996014,-29.711931,-0.101842,-0.773022,-0.195927,-0.594707,
5684,983545708,35.831196,10.995440,-5.968020,273.822449,-180.176636,232.887100,-0.056073,-0.797822,-0.190534,-0.569238,
5685,983562375,25.621067,20.967232,-12.103244,124.248764,195.023422,-45.286366,-0.040143,-0.780820,-0.207654,-0.587867,
5686,983579042,-1.877552,21.618351,6.786216,-392.241028,73.091484,-45.499386,-0.086453,-0.769423,-0.179468,-0.606881,
5687,983595709,9.393200,-11.814692,-1.468995,-149.267303,-12.621516,-68.150024,-0.109669,-0.766500,-0.173814,-0.608472,
5688,983612376,13.176873,-12.419429,-8.599913,-212.469086,-31.062096,10.709734,-0.133323,-0.765596,-0.153346,-0.610387,
5689,983629043,21.986633,-20.546886,-13.383358,-23.058353,-14.530466,176.727615,-0.120667,-0.769972,-0.131392,-0.612632,
5690,983645710,10.000747,-3.698889,-3.114021,62.673279,104.085960,156.554581,-0.097838,-0.764330,-0.121312,-0.625708,
5691,983662377,17.492756,8.705379,-5.010277,14.244768,-81.189056,98.598122,-0.088872,-0.773391,-0.110558,-0.617854,
5692,983679044,18.570995,12.919639,-3.478206,-114.641968,16.070477,130.071289,-0.089970,-0.772175,-0.085887,-0.623116,
5693,983695711,6.628320,-0.807101,-2.542339,-118.080528,13.590542,158.293884,-0.088864,-0.770926,-0.057645,-0.628055,
5694,983712378,14.366222,-2.608816,-1.828832,-76.955032,-56.020252,149.191177,-0.084498,-0.775921,-0.033233,-0.624261,
5695,983729045,23.027906,-1.654104,-5.445797,-9.789865,-21.370726,161.813705,-0.071184,-0.778188,-0.013901,-0.623830,
5696,983745712,17.144442,7.802361,-2.325392,30.767069,59.302593,165.322723,-0.052755,-0.773087,0.001326,-0.632101,
5697,983762379,8.277151,14.244092,-1.172250,20.567265,58.466644,148.481918,-0.036990,-0.767520,0.015599,-0.639766,
5698,983779046,4.222213,14.678060,1.621293,-76.968414,36.390491,121.013550,-0.034606,-0.763161,0.035990,-0.644277,
5699,983795713,5.951185,9.694293,-0.349994,-108.872063,9.258094,86.602104,-0.038839,-0.761030,0.055666,-0.645155,
5700,983812380,6.722111,6.456296,-2.773589,-69.813339,29.592823,88.911247,-0.038689,-0.756928,0.071797,-0.648388,
5701,983829047,4.673356,6.919733,-2.843350,-17.616009,47.286980,89.913574,-0.032876,-0.751249,0.082996,-0.653954,
5702,983845714,1.213435,9.432232,-2.819960,35.703552,46.349709,68.312668,-0.023278,-0.746028,0.086750,-0.659829,
5703,983862381,-3.587343,12.688374,-2.218126,12.705070,34.367031,19.624346,-0.020698,-0.742419,0.087456,-0.663880,
5704,983879048,-7.183462,11.866764,0.214868,-32.118980,28.700941,-39.517086,-0.028602,-0.739934,0.086112,-0.666531,
5705,983895715,-4.710262,8.678918,-0.165581,-87.675247,6.765427,-95.514992,-0.047637,-0.739882,0.084195,-0.665745,
5706,983912382,2.042707,5.118491,-1.503258,-136.560257,-8.175253,-147.068207,-0.076712,-0.741112,0.081512,-0.661984,
5707,983929049,12.197927,6.141770,1.482875,-101.743805,-38.410465,-220.238235,-0.108638,-0.745708,0.067838,-0.653846,
5708,983945716,35.036053,11.820475,-0.474808,-37.131954,-99.190559,-208.684311,-0.131729,-0.756070,0.050149,-0.639132,
5709,983962383,15.787365,4.560274,-3.890485,7.052508,168.879257,-126.476036,-0.144140,-0.740957,0.032199,-0.655110,
5710,983979050,12.560328,4.618382,-0.885868,31.530682,-14.569854,-128.883896,-0.153190,-0.743348,0.015479,-0.650943,
5711,983995717,22.708027,2.162999,-2.799530,57.260090,8.952147,-137.979507,-0.160306,-0.743784,-0.005190,-0.648891,
5712,984012384,28.020563,0.980293,-1.867234,118.048592,25.697361,-121.953423,-0.159229,-0.743658,-0.030250,-0.648617,
5713,984029051,21.231327,1.594459,-0.060282,75.039650,60.765503,-143.403488,-0.164570,-0.738660,-0.054361,-0.651415,
5714,984045718,19.050306,2.428376,-1.057518,41.091427,-26.514280,-147.521133,-0.174539,-0.740657,-0.073578,-0.644631,
5715,984062385,21.102613,0.122744,-2.694144,10.014879,-28.569956,-161.028702,-0.189046,-0.741508,-0.091242,-0.637262,
5716,984079052,14.731715,-3.137589,-1.916532,-6.594150,-28.292568,-177.241959,-0.206719,-0.741190,-0.109061,-0.629293,
5717,984095719,11.732321,-3.333086,-1.071404,-15.551158,-15.863309,-177.978561,-0.225078,-0.738941,-0.126435,-0.622349,
5718,984112386,8.219692,-3.796855,-1.680223,-8.123184,-16.433794,-161.464996,-0.241010,-0.736826,-0.142605,-0.615358,
5719,984129053,7.087244,-2.805643,-0.945329,40.517017,-13.044724,-126.370453,-0.248400,-0.736490,-0.159417,-0.608658,
5720,984145720,5.613202,-2.747171,-1.062097,73.537788,-28.180925,-89.295410,-0.249234,-0.739296,-0.174578,-0.600704,
5721,984162387,6.808666,-1.030750,0.056810,86.867683,-33.654308,-35.589649,-0.244016,-0.744239,-0.184883,-0.593618,
5722,984179054,5.086495,0.299179,1.856017,42.022453,-28.648197,13.962021,-0.239204,-0.748393,-0.186104,-0.589961,
5723,984195721,3.150220,2.175138,2.726143,-13.198296,-22.667446,47.312679,-0.237365,-0.750972,-0.179154,-0.589578,
5724,984212388,0.905504,2.390563,2.333691,-69.965424,14.900116,64.057220,-0.239281,-0.748710,-0.166782,-0.595283,
5725,984229055,-1.433405,-0.218948,0.396938,-44.398361,61.486198,67.463333,-0.236941,-0.743231,-0.157839,-0.605437,
5726,984245722,-2.487458,-0.128515,-0.006743,45.608849,29.587320,72.411453,-0.225122,-0.743632,-0.155157,-0.610129,
5727,984262389,0.069213,1.130814,-3.725103,73.158188,9.873413,83.000626,-0.209781,-0.746766,-0.153097,-0.612286,
5728,984279056,-0.624216,1.478766,-10.009025,134.650177,-37.887768,76.560059,-0.189319,-0.755595,-0.155694,-0.607448,
5729,984295723,3.547595,-2.310203,-0.993980,26.804968,-68.435127,27.501329,-0.185670,-0.762802,-0.153266,-0.600141,
5730,984312390,10.149930,-13.618519,11.467411,88.230392,20.491177,-4.241445,-0.175965,-0.763084,-0.162098,-0.600386,
5731,984329057,24.359612,-7.514510,-19.914923,469.430969,-92.292793,138.833954,-0.113689,-0.784263,-0.184988,-0.581192,
5732,984345724,34.015377,21.004585,-16.397379,460.085602,-183.801300,264.339569,-0.043668,-0.811743,-0.190171,-0.550454,
5733,984362391,16.029152,61.762547,4.621324,-484.169495,251.013199,-41.885242,-0.097208,-0.784727,-0.157478,-0.591569,
5734,984379058,-0.249433,-14.231138,9.208285,-308.577301,0.191274,-85.538712,-0.139864,-0.777384,-0.140644,-0.596935,
5735,984395725,3.492478,-13.432121,-0.781511,-203.201416,-5.305072,-78.379105,-0.169878,-0.771559,-0.131802,-0.598720,
5736,984412392,22.330435,-24.805874,-7.895422,-99.726677,-85.567764,131.954300,-0.171349,-0.778640,-0.106267,-0.594193,
5737,984429059,21.884806,-12.443054,-10.793194,156.802460,82.545570,264.109406,-0.129500,-0.778524,-0.091965,-0.607184,
5738,984445726,9.725384,-0.051928,-5.291994,86.689720,120.743515,147.076508,-0.105196,-0.770966,-0.085291,-0.622310,
5739,984462393,12.844406,10.028485,-5.828810,30.391674,-62.695549,90.229576,-0.094558,-0.777987,-0.077038,-0.616327,
5740,984479060,11.605783,15.920703,-3.600909,-77.787651,-40.482246,163.489609,-0.089302,-0.781968,-0.051070,-0.614771,
5741,984495727,7.568023,2.400528,-8.733329,-145.248001,-12.945324,129.050964,-0.094531,-0.781761,-0.023310,-0.615930,
5742,984512394,15.399174,-2.136520,-3.161263,-28.664843,-37.711456,121.593201,-0.087204,-0.784903,-0.006487,-0.613417,
5743,984529061,22.378057,0.432289,-1.500196,-37.146835,-35.369934,184.441513,-0.075185,-0.787350,0.018241,-0.611633,
5744,984545728,19.808741,7.840589,-2.643936,19.779194,49.223988,175.498581,-0.057612,-0.782338,0.035945,-0.619141,
5745,984562395,6.112212,11.257277,-1.304581,-15.722526,56.925350,134.481262,-0.047782,-0.776097,0.052092,-0.626639,
5746,984579062,6.603064,11.423899,0.233665,-51.171825,30.359272,88.273254,-0.045953,-0.772113,0.066416,-0.630331,
5747,984595729,7.912095,9.199958,-1.115196,-53.949635,19.951618,79.604813,-0.045127,-0.768978,0.080074,-0.632632,
5748,984612396,7.107727,7.422923,-2.185712,-21.815033,38.450344,79.367249,-0.040943,-0.764211,0.090609,-0.637256,
5749,984629063,4.027769,6.961920,-1.814944,45.075512,72.010872,64.941292,-0.031098,-0.756765,0.093118,-0.646272,
5750,984645730,0.746661,9.535946,-1.807576,90.840332,82.561501,39.656979,-0.018731,-0.748655,0.088464,-0.656764,
5751,984662397,-1.778979,11.807102,-2.874401,57.263092,58.854332,-4.848567,-0.013968,-0.743105,0.082212,-0.663958,
5752,984679064,-2.199474,10.669348,-1.124632,0.036543,37.886536,-53.899612,-0.019879,-0.739964,0.076212,-0.668019,
5753,984695731,-1.584556,8.987238,0.863766,-39.829288,29.168423,-81.531822,-0.032672,-0.737751,0.071121,-0.670520,
5754,984712398,0.287581,7.220969,-0.826095,-96.123711,17.129486,-110.974548,-0.054245,-0.736500,0.068390,-0.670781,
5755,984729065,5.162827,3.883082,-0.068076,-108.042290,-1.331071,-157.407257,-0.081409,-0.736954,0.061947,-0.668157,
5756,984745732,18.349705,9.081706,0.482932,-49.456764,-62.126816,-219.151062,-0.107667,-0.743845,0.043853,-0.658163,
5757,984762399,29.734514,10.530476,-4.362808,-31.439398,-25.442389,-175.142960,-0.127904,-0.746534,0.028175,-0.652329,
5758,984779066,12.107450,3.722819,-2.693829,-61.685509,77.134834,-124.829880,-0.146997,-0.738256,0.018900,-0.658036,
5759,984795733,17.758011,5.620123,-3.029743,-1.573754,-40.872017,-126.003990,-0.159356,-0.742218,0.006259,-0.650906,
5760,984812400,26.274242,1.528789,-4.985023,38.301201,-8.186150,-120.097771,-0.166824,-0.743736,-0.010279,-0.647240,
5761,984829067,25.164627,0.809734,-2.606998,63.429146,34.621597,-121.248894,-0.171550,-0.741547,-0.030340,-0.647887,
5762,984845734,17.624569,0.341211,-0.765650,12.066481,18.398649,-132.529510,-0.182875,-0.739251,-0.046357,-0.646464,
5763,984862401,18.105795,0.123528,-1.719474,25.173452,-29.961384,-120.131172,-0.191880,-0.741662,-0.060969,-0.639845,
5764,984879068,16.825029,-1.477298,-1.530930,-8.849163,-26.583710,-136.251190,-0.205949,-0.742383,-0.074221,-0.633200,
5765,984895735,11.639679,-3.571393,-1.527718,-34.460560,-33.290359,-153.226288,-0.224313,-0.742411,-0.086707,-0.625292,
5766,984912402,10.541246,-2.831971,-0.075042,-20.277269,-40.220615,-149.741486,-0.240791,-0.743175,-0.099830,-0.616234,
5767,984929069,9.041386,-2.658355,0.435540,-35.129333,-19.421087,-130.238220,-0.256708,-0.741492,-0.110193,-0.610038,
5768,984945736,7.040499,-2.585644,0.443424,-10.266053,-17.086340,-108.162033,-0.267859,-0.740638,-0.120430,-0.604320,
5769,984962403,5.563224,-3.861645,-0.524460,23.359253,-25.779234,-79.734116,-0.272981,-0.742198,-0.130194,-0.598057,
5770,984979070,4.796818,-2.943794,0.248721,64.639244,-37.101528,-37.735668,-0.270163,-0.747063,-0.138541,-0.591366,
5771,984995737,3.908606,-1.767417,0.668709,59.629929,-22.933722,1.916056,-0.264159,-0.751226,-0.142689,-0.587808,
5772,985012404,1.037578,2.363187,5.057092,-5.243113,-19.405016,41.512764,-0.261766,-0.753370,-0.137089,-0.587468,
5773,985029071,0.011625,3.121878,5.733417,-99.615189,7.100240,68.810066,-0.266809,-0.750065,-0.121420,-0.592851,
5774,985045738,-1.244860,0.065876,1.843164,-22.376621,68.175415,74.621201,-0.261778,-0.744388,-0.114115,-0.603602,
5775,985062405,-2.860885,1.104684,-1.352464,121.490776,54.276142,63.687313,-0.242273,-0.744974,-0.120055,-0.609839,
5776,985079072,-3.449276,-1.214580,-8.527907,188.169785,9.993784,54.334957,-0.216997,-0.751204,-0.131288,-0.609399,
5777,985095739,-0.087652,-3.255525,-2.078045,184.265686,-40.458874,27.692745,-0.195301,-0.760692,-0.143391,-0.602199,
5778,985112406,7.881362,-6.517076,-0.372473,338.213562,8.298355,-26.848577,-0.160030,-0.767932,-0.176156,-0.594676,
5779,985129073,44.876434,-13.627851,-18.176781,364.326508,-325.923431,157.879745,-0.113812,-0.806326,-0.182070,-0.551121,
5780,985145740,20.562244,25.371767,-20.702129,350.926300,293.015564,-0.390875,-0.064866,-0.786727,-0.214778,-0.575085,
5781,985162407,5.191357,41.321632,9.906138,-464.067871,-127.030289,50.892361,-0.117636,-0.792466,-0.168546,-0.574239,
5782,985179074,11.317401,-2.282849,8.902582,-186.185059,38.959156,18.142344,-0.136771,-0.786014,-0.151630,-0.583509,
5783,985195741,10.716464,-8.153190,-4.546835,-255.137207,25.199139,13.197967,-0.164356,-0.778387,-0.128987,-0.591998,
5784,985212408,25.523869,-19.170685,-8.729997,-175.142609,-52.099731,175.716171,-0.170111,-0.781304,-0.092806,-0.593306,
5785,985229075,16.092131,-13.368129,-6.148825,8.895843,79.125740,189.637161,-0.151775,-0.776769,-0.074050,-0.606722,
5786,985245742,10.264619,-3.542588,-4.504260,22.546963,18.334692,107.786751,-0.139673,-0.776573,-0.064353,-0.610969,
5787,985262409,9.143996,0.272714,-7.126936,21.559320,-7.963714,119.782898,-0.126819,-0.778589,-0.052658,-0.612326,
5788,985279076,10.214507,5.774341,-6.270862,11.305053,-55.423237,159.152542,-0.111925,-0.784595,-0.034693,-0.608834,
5789,985295743,17.634581,7.625430,-4.647361,-23.257063,-89.713860,150.561920,-0.101840,-0.792546,-0.014070,-0.601083,
5790,985312410,17.204151,4.536665,-5.052363,-71.511742,36.551579,144.982300,-0.097488,-0.788247,0.008263,-0.607531,
5791,985329077,11.208699,6.070447,-0.806569,-16.936333,26.960421,163.859314,-0.085145,-0.785090,0.028070,-0.612859,
5792,985345744,10.159220,8.618153,0.127092,-3.914788,21.319096,151.323792,-0.072369,-0.782227,0.045339,-0.617113,
5793,985362411,8.272021,7.134463,0.963219,-20.628294,21.472956,111.974861,-0.065005,-0.779132,0.059611,-0.620623,
5794,985379078,10.733695,6.886844,0.071283,-8.748899,15.033956,74.083481,-0.059650,-0.776903,0.068560,-0.623027,
5795,985395745,11.591153,8.606750,-1.874698,15.253139,33.274715,64.856567,-0.052599,-0.773230,0.074124,-0.627578,
5796,985412412,8.165861,10.419271,-1.696799,34.221966,58.150127,69.871002,-0.043222,-0.767256,0.078314,-0.635072,
5797,985429079,3.597087,11.515631,-1.940648,59.430965,76.701057,69.713776,-0.031255,-0.759540,0.080019,-0.644763,
5798,985445746,-1.631467,12.700127,-2.466869,33.987705,70.614326,55.303143,-0.023378,-0.752259,0.082521,-0.653260,
5799,985462413,-5.314797,12.133198,-3.937192,-14.702498,39.719528,15.033848,-0.024288,-0.748144,0.085335,-0.657577,
5800,985479080,-4.481088,10.362732,-0.491014,-31.499128,21.898935,-42.060234,-0.032269,-0.746341,0.083596,-0.659503,
5801,985495747,-0.556424,10.480856,1.988167,-80.657288,6.701857,-94.311516,-0.050411,-0.746248,0.080950,-0.658801,
5802,985512414,4.218167,8.759274,-0.549002,-143.052292,-4.513659,-145.545837,-0.080071,-0.746914,0.078750,-0.655367,
5803,985529081,11.020273,7.475710,-0.393468,-127.681458,-17.862606,-192.078461,-0.112264,-0.748798,0.070103,-0.649448,
5804,985545748,27.379606,10.910180,-1.432331,-67.951637,-98.965218,-197.919113,-0.137553,-0.758517,0.056423,-0.634466,
5805,985562415,22.313925,5.290093,-4.664436,-26.260065,114.957878,-143.862473,-0.154883,-0.748169,0.040522,-0.643904,
5806,985579082,10.837214,1.812570,-1.099870,12.818070,38.616508,-135.160339,-0.166605,-0.745356,0.023604,-0.645080,
5807,985595749,18.582870,4.813402,-4.043120,47.544998,-0.869735,-141.532104,-0.174948,-0.746772,0.003686,-0.641647,
5808,985612416,24.201197,5.417202,-4.675582,76.315948,-8.002245,-130.391418,-0.179036,-0.749219,-0.017527,-0.637424,
5809,985629083,23.024847,4.457096,-3.804494,26.949245,40.360558,-140.285995,-0.189207,-0.745510,-0.036491,-0.638031,
5810,985645750,19.360329,1.438628,-1.734841,-13.512053,2.507125,-142.046600,-0.204039,-0.743849,-0.050832,-0.634408,
5811,985662417,20.251368,-1.945669,-1.375613,-16.514690,-8.325947,-146.740707,-0.219613,-0.742723,-0.065055,-0.629206,
5812,985679084,14.059567,-4.992484,-0.336470,-46.022594,-5.974268,-173.999756,-0.240711,-0.739747,-0.079557,-0.623300,
5813,985695751,10.734905,-5.031298,0.215170,-14.203097,-25.503538,-173.292282,-0.258379,-0.739159,-0.096124,-0.614528,
5814,985712418,8.366951,-4.094878,1.093204,-18.610006,8.252164,-151.665665,-0.273960,-0.735258,-0.111183,-0.609901,
5815,985729085,6.418442,-3.781266,-0.576272,35.589016,-3.212393,-114.851173,-0.280552,-0.734828,-0.126608,-0.604391,
5816,985745752,5.366396,-3.926585,-2.148031,75.381744,-16.486925,-66.702232,-0.278826,-0.737881,-0.139806,-0.598533,
5817,985762419,4.568869,-3.508142,-1.820127,93.922287,-20.573767,-19.583185,-0.271029,-0.742844,-0.149366,-0.593646,
5818,985779086,3.456218,-2.217091,-0.377730,100.340897,-14.210719,21.241924,-0.258816,-0.748242,-0.155287,-0.590791,
5819,985795753,1.309918,3.189883,5.963714,2.747034,6.040143,52.871578,-0.254012,-0.748836,-0.150120,-0.593453,
5820,985812420,0.568465,3.922692,5.802472,-65.646896,50.964451,66.517410,-0.254462,-0.743210,-0.139201,-0.602918,
5821,985829087,-0.837400,6.004870,-1.029390,122.280731,30.878660,78.844650,-0.233837,-0.746288,-0.142637,-0.606654,
5822,985845754,-2.546818,6.593781,-2.907166,100.285965,12.382341,83.122238,-0.215513,-0.750034,-0.142983,-0.608736,
5823,985862421,-2.915561,5.025553,-6.653753,-90.097031,-47.766815,61.750431,-0.221030,-0.752449,-0.126875,-0.607345,
5824,985879088,5.063445,-0.097749,7.152121,-85.217049,-51.640713,-33.242920,-0.234418,-0.753412,-0.121436,-0.602222,
5825,985895755,30.536415,-20.863033,-4.690491,122.727692,-101.651176,-64.598412,-0.228550,-0.764966,-0.135890,-0.586622,
5826,985912422,37.130707,-26.768520,-27.689365,330.031799,160.961197,127.845924,-0.177586,-0.763355,-0.155073,-0.601419,
5827,985929089,-7.816852,29.217550,3.512613,349.703888,127.663094,55.951286,-0.130910,-0.761190,-0.182607,-0.608363,
5828,985945756,16.938667,22.865574,6.250287,-88.504135,-308.888733,87.370697,-0.141201,-0.788106,-0.159118,-0.577609,
5829,985962423,18.203278,8.214948,-6.211967,-211.728180,-22.078070,45.157001,-0.162295,-0.786111,-0.135741,-0.580744,
5830,985979090,9.019172,-3.051321,-4.622108,-147.142410,184.117294,2.164972,-0.175387,-0.766517,-0.127452,-0.604522,
5831,985995757,14.390326,-8.028214,-0.630019,-144.317230,-68.743721,107.718071,-0.183397,-0.770426,-0.101067,-0.602158,
5832,986012424,21.886858,-11.501699,-10.996349,-33.013763,6.570901,158.725266,-0.173238,-0.770945,-0.080651,-0.607558,
5833,986029091,10.522751,-4.153169,-3.539310,11.881899,92.627586,126.357002,-0.159797,-0.764203,-0.069953,-0.620939,
5834,986045758,10.854446,0.443046,-6.036549,42.316788,-16.763935,123.370918,-0.144284,-0.767681,-0.059761,-0.621511,
5835,986062425,10.559729,3.237951,-4.672479,22.651340,-17.004501,136.417023,-0.129734,-0.770592,-0.046308,-0.622263,
5836,986079092,11.989114,4.417351,-4.409352,-6.739316,-45.782978,151.511810,-0.117247,-0.775300,-0.027939,-0.619986,
5837,986095759,15.425141,3.935934,-4.292056,-21.069986,-16.276810,156.661240,-0.105732,-0.776719,-0.008187,-0.620855,
5838,986112426,13.693860,6.818617,-0.993301,-1.199897,27.657921,157.787079,-0.091763,-0.774065,0.009226,-0.626352,
5839,986129093,10.815800,8.976046,1.187103,-15.118989,30.463102,151.607285,-0.079882,-0.770576,0.027168,-0.631738,
5840,986145760,9.336011,6.833855,0.022776,-26.179312,19.526928,121.731018,-0.071913,-0.767759,0.042895,-0.635244,
5841,986162427,10.837556,4.600669,-1.537897,-22.719364,9.750667,98.263664,-0.065645,-0.765818,0.055767,-0.637262,
5842,986179094,10.652944,4.919188,-2.554844,19.529209,20.943632,96.808525,-0.054886,-0.763093,0.064444,-0.640720,
5843,986195761,8.823437,8.761901,-3.214317,95.661392,52.351353,101.496445,-0.035519,-0.757749,0.066273,-0.648199,
5844,986212428,4.651042,15.045317,-3.359508,152.480545,82.962646,95.828651,-0.010698,-0.749380,0.061916,-0.659152,
5845,986229095,-1.898514,19.590580,-3.279295,83.283249,81.296684,62.801533,0.003430,-0.740914,0.060560,-0.668855,
5846,986245762,-6.837988,17.391565,-3.492867,-26.850674,53.262108,0.489311,-0.000131,-0.735613,0.063172,-0.674449,
5847,986262429,-5.306021,12.798212,-1.108056,-69.722076,22.204718,-48.554123,-0.012808,-0.733719,0.064731,-0.676240,
5848,986279096,-1.254199,11.351887,0.387496,-136.739624,-1.033283,-81.630341,-0.035665,-0.734035,0.069367,-0.674617,
5849,986295763,2.226531,9.320301,-1.428594,-236.238983,-23.901131,-109.545242,-0.071618,-0.735621,0.080834,-0.668728,
5850,986312430,7.794017,3.873721,-2.271211,-261.006195,-43.691093,-149.278915,-0.113720,-0.738079,0.090518,-0.658872,
5851,986329097,23.538683,5.518156,-0.607334,-165.107254,-110.024536,-211.298538,-0.150387,-0.747905,0.085285,-0.640896,
5852,986345764,33.652718,1.888409,-6.620009,-34.035286,2.167110,-152.315918,-0.168527,-0.748543,0.071697,-0.637292,
5853,986362431,10.621036,-2.032690,-0.936945,20.257059,160.575806,-143.224930,-0.181437,-0.735163,0.050137,-0.651231,
5854,986379098,14.803312,3.943976,-1.515943,103.335503,-8.995284,-139.968384,-0.183768,-0.739403,0.025488,-0.647196,
5855,986395765,23.183266,1.972954,-3.452404,105.729431,4.152128,-123.564583,-0.184237,-0.741961,0.002012,-0.644628,
5856,986412432,25.213921,2.932084,-1.016114,132.701218,34.839153,-132.445312,-0.182509,-0.741872,-0.025774,-0.644710,
5857,986429099,17.522224,3.298643,0.299288,83.348625,22.132355,-146.086472,-0.187305,-0.741097,-0.050049,-0.642796,
5858,986445766,18.768110,3.394142,-1.813738,77.921227,-38.010769,-120.768166,-0.190654,-0.745577,-0.069422,-0.634780,
5859,986462433,17.973782,0.542394,-0.589669,9.789539,-34.812340,-131.313156,-0.202248,-0.747443,-0.083705,-0.627230,
5860,986479100,12.844563,-2.306046,-0.199849,-51.368984,-31.095137,-133.968948,-0.220598,-0.746815,-0.092771,-0.620481,
5861,986495767,10.580215,-2.594388,-0.351115,-32.723690,-40.732864,-126.698875,-0.236299,-0.747429,-0.102378,-0.612398,
5862,986512434,9.663327,-0.859638,1.373227,-52.391689,-21.090576,-111.132652,-0.252371,-0.745572,-0.109177,-0.607051,
5863,986529101,8.121459,-2.223130,0.661545,-48.433598,-23.218975,-88.125443,-0.265943,-0.744201,-0.113721,-0.602085,
5864,986545768,7.449515,-5.164598,-1.306154,-18.981714,-35.646492,-56.574211,-0.273724,-0.745455,-0.116929,-0.596406,
5865,986562435,6.853065,-5.964977,-1.975925,44.927483,-42.118420,-13.418438,-0.270915,-0.750479,-0.120731,-0.590602,
5866,986579102,4.789038,-3.303987,-0.687078,55.868633,-9.562901,16.927752,-0.263711,-0.753614,-0.123432,-0.589310,
5867,986595769,0.592353,1.643343,4.120075,4.845882,13.944105,38.500275,-0.259813,-0.753125,-0.120290,-0.592308,
5868,986612436,-1.280138,3.533036,5.002549,-52.043854,19.647547,65.520294,-0.259696,-0.750396,-0.109492,-0.597892,
5869,986629103,-2.225965,0.339887,1.300830,34.964195,97.386353,75.346474,-0.247926,-0.744160,-0.108097,-0.610796,
5870,986645770,-4.068387,2.511788,-1.011382,169.199478,18.005543,77.386238,-0.222564,-0.749448,-0.115486,-0.612744,
5871,986662437,-3.010271,-0.736318,-8.949411,201.358276,-17.291735,76.309509,-0.194198,-0.758266,-0.124616,-0.609746,
5872,986679104,-0.232891,1.202782,-6.814018,134.891449,-75.222466,18.327616,-0.179208,-0.768734,-0.132520,-0.599475,
5873,986695771,8.544566,-1.185718,6.623982,243.554443,0.023909,-73.933022,-0.158497,-0.772979,-0.162046,-0.592557,
5874,986712438,31.070557,-9.027594,-11.783909,296.152893,-169.121262,30.461716,-0.126567,-0.793986,-0.180157,-0.566666,
5875,986729105,29.758627,4.061485,-14.273536,231.409348,-27.472883,143.017120,-0.088862,-0.803485,-0.182183,-0.559753,
5876,986745772,0.135726,46.514248,-4.864374,-98.355812,323.474335,22.383242,-0.090025,-0.775357,-0.175632,-0.599892,
5877,986762439,7.887256,0.613135,13.533216,-194.996750,-218.165070,2.118752,-0.117504,-0.791038,-0.155477,-0.579895,
5878,986779106,11.988829,-4.664623,-3.616865,-313.705078,33.738468,-20.049911,-0.154577,-0.781390,-0.131861,-0.590040,
5879,986795773,22.820789,-14.596408,-7.270094,-166.255005,-83.746880,116.485886,-0.165194,-0.786527,-0.102529,-0.586151,
5880,986812440,20.138384,-14.713086,-7.026405,-32.862343,123.198456,183.708328,-0.151562,-0.777418,-0.081740,-0.604953,
5881,986829107,10.673884,-8.095053,-4.957444,23.757437,29.213188,118.509415,-0.138271,-0.776517,-0.071170,-0.610603,
5882,986845774,14.154780,-0.550397,-7.200459,68.601051,-15.608913,122.384315,-0.119982,-0.780254,-0.063216,-0.610582,
5883,986862441,14.526918,7.039907,-4.344069,37.255409,-23.920877,134.611221,-0.104189,-0.783973,-0.050920,-0.609866,
5884,986879108,15.698673,8.874683,-4.928180,-22.217138,-22.584618,139.796982,-0.094665,-0.786382,-0.032757,-0.609564,
5885,986895775,17.729797,7.393237,-5.580515,-42.291103,7.831753,137.695694,-0.087439,-0.785469,-0.013460,-0.612545,
5886,986912442,14.229677,8.344539,-2.366657,-43.194187,42.332588,159.185089,-0.078291,-0.781104,0.007939,-0.619422,
5887,986929109,9.730707,10.451118,-1.095994,-39.187424,36.926426,157.149261,-0.068819,-0.776811,0.028802,-0.625298,
5888,986945776,6.726800,10.017854,0.374797,-59.047184,33.983238,136.206696,-0.063449,-0.772262,0.049116,-0.630217,
5889,986962443,7.258906,7.423850,0.754307,-58.870079,36.868607,104.455261,-0.060967,-0.767360,0.065802,-0.634910,
5890,986979110,8.050872,6.344338,-0.575737,-53.139183,45.814793,76.610374,-0.060486,-0.761735,0.078750,-0.640233,
5891,986995777,6.994946,6.368330,-1.545265,-36.533718,58.576897,58.042595,-0.060032,-0.755128,0.087969,-0.646868,
5892,987012444,5.169495,6.929884,-2.002049,-0.780926,64.652290,42.782433,-0.057158,-0.748343,0.092080,-0.654398,
5893,987029111,2.866902,9.489097,-2.956916,34.481445,62.977837,29.984001,-0.051634,-0.742086,0.091443,-0.662027,
5894,987045778,0.260032,12.842016,-3.125479,35.318317,44.880882,14.912262,-0.047228,-0.737705,0.089222,-0.667533,
5895,987062445,-4.053471,14.239676,-2.007955,-16.859999,20.171518,-3.052068,-0.049845,-0.735565,0.090303,-0.669555,
5896,987079112,-5.893580,10.446152,0.814575,-64.958321,7.883970,-21.807890,-0.059273,-0.734475,0.094143,-0.669455,
5897,987095779,-3.388665,7.842584,-1.177966,-142.956940,-12.515443,-66.558037,-0.081090,-0.735076,0.100937,-0.665506,
5898,987112446,3.572965,3.653873,-1.000460,-156.922836,-11.001847,-138.809174,-0.111361,-0.735880,0.101271,-0.660169,
5899,987129113,14.532718,8.603481,1.366063,-85.915932,-48.285927,-228.942032,-0.142005,-0.741904,0.085627,-0.649677,
5900,987145780,36.697689,13.726133,-2.997834,-126.469345,-103.111687,-220.265640,-0.175315,-0.751072,0.075756,-0.631993,
5901,987162447,18.447603,0.789843,-2.818275,-117.862854,185.365234,-134.010620,-0.202675,-0.731861,0.067045,-0.647153,
5902,987179114,16.160555,-0.791476,-1.600303,15.537263,21.972227,-142.838730,-0.214885,-0.731356,0.049590,-0.645355,
5903,987195781,21.931597,-2.345607,-3.669300,71.779816,33.154911,-140.168716,-0.220834,-0.731169,0.026768,-0.644909,
5904,987212448,22.325800,0.769278,-2.620350,140.252472,22.870306,-119.264366,-0.217356,-0.733594,0.000063,-0.643891,
5905,987229115,18.960445,2.415391,-1.516251,100.334991,13.313925,-135.937164,-0.219550,-0.735159,-0.024381,-0.640893,
5906,987245782,17.975121,1.540934,-2.420575,81.978561,-25.765566,-134.157837,-0.223550,-0.739363,-0.045662,-0.633468,
5907,987262449,17.063976,-1.040209,-3.009071,60.148212,-44.696388,-145.971100,-0.230987,-0.744111,-0.065558,-0.623415,
5908,987279116,14.086267,-3.049550,-1.446993,26.716484,-46.420105,-157.270569,-0.242945,-0.747350,-0.083548,-0.612752,
5909,987295783,11.602373,-1.499248,0.941887,13.115888,-26.842281,-156.953949,-0.255974,-0.747943,-0.100936,-0.604045,
5910,987312450,8.918421,-1.201681,1.102093,13.325702,-20.438631,-132.784088,-0.266642,-0.747984,-0.115901,-0.596647,
5911,987329117,7.869533,-0.371451,1.148087,36.064522,-18.170359,-99.156807,-0.271793,-0.749038,-0.129231,-0.590228,
5912,987345784,7.151901,-2.717453,-0.340989,35.918461,-24.035042,-64.150642,-0.274014,-0.751106,-0.138480,-0.584447,
5913,987362451,6.302349,-2.718253,-0.887830,50.351864,-24.388624,-28.095242,-0.271569,-0.754428,-0.144987,-0.579713,
5914,987379118,3.576250,-0.461907,-0.444886,44.300495,-16.868979,3.075719,-0.266983,-0.757486,-0.147849,-0.577127,
5915,987395785,-0.350822,3.922095,4.497243,-48.111988,-6.021079,40.392414,-0.269195,-0.756799,-0.139255,-0.579135,
5916,987412452,-4.180378,1.212433,4.290861,-126.267509,27.170502,67.906609,-0.276949,-0.750610,-0.122312,-0.587302,
5917,987429119,-4.598431,-2.551869,1.184361,-16.115013,51.757801,76.903763,-0.271384,-0.746676,-0.114747,-0.596370,
5918,987445786,-3.458248,-3.250528,-3.007779,108.482735,9.457353,84.281410,-0.252277,-0.751237,-0.115486,-0.598883,
5919,987462453,-2.926409,-1.404483,-10.849949,226.143127,-46.171310,83.224228,-0.221137,-0.764321,-0.124451,-0.592809,
5920,987479120,0.941996,4.134171,4.197063,233.206314,-20.456198,29.141365,-0.193139,-0.773513,-0.140712,-0.587005,
5921,987495787,13.710872,-4.554010,-5.044865,136.301132,-63.262257,-12.661858,-0.180327,-0.782147,-0.152087,-0.576712,
5922,987512454,66.665802,-17.623999,-8.970057,205.231171,-214.151184,182.705643,-0.146361,-0.808379,-0.142836,-0.551995,
5923,987529121,-0.980896,37.884975,-9.599627,274.267792,510.922913,-56.738960,-0.107745,-0.769012,-0.181960,-0.603243,
5924,987545788,8.412596,18.932167,13.615929,-109.822029,-265.491211,61.883324,-0.121705,-0.791364,-0.161187,-0.577018,
5925,987562455,12.800823,-4.836564,-3.234617,-259.632416,92.210907,-7.139902,-0.150107,-0.778072,-0.141841,-0.593256,
5926,987579122,13.113084,-10.365132,-8.066517,-80.493156,-13.581135,-8.009166,-0.160366,-0.777112,-0.135610,-0.593287,
5927,987595789,21.848150,-16.748936,-10.531178,-30.351582,1.417576,137.382492,-0.152065,-0.778680,-0.117582,-0.597250,
5928,987612456,9.857615,-5.007993,-4.927416,96.480827,85.393135,130.854721,-0.128440,-0.775214,-0.113098,-0.608075,
5929,987629123,12.481461,2.533899,-7.402452,27.773645,-3.206257,100.850731,-0.116609,-0.777445,-0.104210,-0.609197,
5930,987645790,13.418559,8.742017,-6.241163,-11.042385,-13.378502,114.255333,-0.108103,-0.779929,-0.090169,-0.609831,
5931,987662457,11.290298,6.501165,-4.295105,-80.914352,1.220746,152.028732,-0.103934,-0.780165,-0.065837,-0.613355,
5932,987679124,10.444584,3.096593,-3.423996,-76.938576,-13.326635,150.258713,-0.099550,-0.781267,-0.041801,-0.614788,
5933,987695791,14.833131,2.485626,-3.177486,-58.698490,-16.728973,145.746567,-0.093460,-0.782471,-0.019836,-0.615313,
5934,987712458,13.327689,6.149972,-1.770572,-31.357105,26.439373,152.787018,-0.083456,-0.779796,-0.000092,-0.620445,
5935,987729125,8.992054,5.830124,-1.249367,-24.502104,30.561169,146.820282,-0.073172,-0.776440,0.018304,-0.625660,
5936,987745792,7.833364,4.637990,-0.589755,-20.192795,21.602140,125.105789,-0.064326,-0.773682,0.033945,-0.629385,
5937,987762459,10.053128,5.169516,-1.328258,-9.256831,17.900785,97.654053,-0.056726,-0.771287,0.045520,-0.632317,
5938,987779126,11.530729,7.207454,-1.631057,20.825098,35.788548,90.429092,-0.046526,-0.767385,0.053361,-0.637266,
5939,987795793,9.158532,10.247200,-1.650042,59.645195,66.628326,95.740303,-0.031730,-0.760629,0.057972,-0.645814,
5940,987812460,3.349511,13.471351,-1.076916,50.207554,85.687355,96.372147,-0.018068,-0.751745,0.063424,-0.656147,
5941,987829127,-2.817446,14.310925,-1.275730,-2.767673,70.213608,77.280670,-0.011881,-0.744138,0.071867,-0.664043,
5942,987845794,-6.100513,12.418431,-3.442595,-50.724419,47.424793,23.166206,-0.015872,-0.739086,0.079105,-0.668762,
5943,987862461,-3.740936,9.241914,-1.971023,-42.472424,25.128559,-33.803005,-0.024264,-0.736805,0.079459,-0.670981,
5944,987879128,2.369420,10.665891,1.167214,-93.973885,-15.719228,-90.810959,-0.043260,-0.738822,0.078850,-0.667872,
5945,987895795,8.143294,10.350194,-0.559229,-173.934570,-29.612778,-137.597229,-0.075204,-0.741685,0.081009,-0.661577,
5946,987912462,13.895649,9.961766,-2.136597,-166.166336,-49.816822,-155.400238,-0.107703,-0.745958,0.080629,-0.652262,
5947,987929129,24.184116,6.553457,-3.119516,-110.400307,-64.369560,-148.115875,-0.133190,-0.751660,0.075894,-0.641488,
5948,987945796,16.847008,3.634418,-3.458758,-46.018227,45.697701,-113.443291,-0.149544,-0.747509,0.066767,-0.643746,
5949,987962463,15.961222,2.473344,-3.838858,18.499405,23.138338,-127.610458,-0.159936,-0.746733,0.050524,-0.643628,
5950,987979130,19.710066,4.257572,-3.752663,50.493500,1.163288,-136.413483,-0.167448,-0.748514,0.030820,-0.640888,
5951,987995797,25.658646,5.970087,-4.155623,58.289516,3.420615,-131.847992,-0.173621,-0.749918,0.010818,-0.638249,
5952,988012464,19.845358,4.261965,-2.061409,-11.053583,73.711487,-135.718231,-0.187742,-0.742689,-0.004950,-0.642760,
5953,988029131,16.008926,0.569481,-0.813968,-22.037060,14.148033,-136.867798,-0.203111,-0.740378,-0.018186,-0.640511,
5954,988045798,16.801254,-2.348237,0.056291,-34.456852,-1.686414,-133.299438,-0.219440,-0.738876,-0.029406,-0.636430,
5955,988062465,14.232014,-5.745861,0.094686,-35.789314,-7.214156,-139.858658,-0.236446,-0.737496,-0.041014,-0.631277,
5956,988079132,11.568928,-6.504972,-1.131339,-5.752471,-23.297785,-148.894104,-0.251040,-0.738223,-0.055775,-0.623614,
5957,988095799,10.674216,-5.920443,-0.917601,23.440058,-15.866890,-128.984680,-0.260522,-0.739185,-0.071290,-0.616969,
5958,988112466,7.812549,-6.543545,-2.238094,45.419018,-9.184402,-95.710098,-0.264502,-0.740496,-0.085429,-0.611886,
5959,988129133,4.359059,-6.437655,-3.320409,65.340881,-24.863157,-73.709389,-0.264509,-0.744073,-0.098347,-0.605572,
5960,988145800,2.614400,-5.940822,-2.311896,81.635445,-43.322495,-57.577000,-0.261531,-0.749959,-0.110219,-0.597507,
5961,988162467,1.326039,-2.169801,3.639939,60.495697,-29.295816,-30.269575,-0.258210,-0.754125,-0.117786,-0.592241,
5962,988179134,0.231172,4.134890,9.042506,-39.522812,28.628403,12.149300,-0.261191,-0.750207,-0.114251,-0.596586,
5963,988195801,-2.209254,5.044887,6.067790,27.966963,76.380219,34.865116,-0.254017,-0.745001,-0.115895,-0.605820,
5964,988212468,-4.373013,4.695159,-2.332496,160.949402,19.742338,49.295982,-0.232023,-0.749653,-0.125556,-0.606976,
5965,988229135,-5.548833,2.610859,-10.880108,117.041153,-24.522310,58.722519,-0.214682,-0.756543,-0.128762,-0.604132,
5966,988245802,-0.804768,0.970616,-2.098348,53.534946,-56.448479,19.615517,-0.208310,-0.763337,-0.129663,-0.597587,
5967,988262469,6.897918,-3.548507,-6.338174,312.613953,-47.471779,-41.528999,-0.178092,-0.775178,-0.159985,-0.584626,
5968,988279136,64.054855,-12.418662,-9.286848,182.833099,-414.776306,108.633644,-0.157690,-0.815759,-0.152305,-0.535233,
5969,988295803,8.116516,29.307421,-13.242569,151.288620,593.257507,-70.731483,-0.131672,-0.768111,-0.185548,-0.598531,
5970,988312470,-7.343710,4.357170,10.658866,-182.638763,-199.738327,-14.541034,-0.158803,-0.780856,-0.167419,-0.580531,
5971,988329137,13.799353,1.995377,-0.329638,-109.835846,-89.521751,110.638504,-0.164245,-0.788154,-0.143578,-0.575519,
5972,988345804,26.880299,-7.382453,-4.356400,-120.515343,-136.664154,116.893005,-0.171234,-0.798618,-0.116882,-0.565000,
5973,988362471,22.108696,-6.925939,-16.473515,-75.603310,171.348724,103.218437,-0.168720,-0.783881,-0.103015,-0.588601,
5974,988379138,2.719178,-0.018413,1.843288,-54.644390,95.118668,106.620323,-0.164537,-0.775663,-0.088603,-0.602847,
5975,988395805,16.177795,0.500996,-6.842076,-61.520786,-86.792152,125.900429,-0.161696,-0.783065,-0.067012,-0.596802,
5976,988412472,12.136415,-1.427340,-6.180362,-75.388405,12.346800,152.164627,-0.157091,-0.781334,-0.043518,-0.602449,
5977,988429139,9.993231,-1.211570,-5.213447,-54.657146,-44.921101,157.311371,-0.149943,-0.784648,-0.019919,-0.601204,
5978,988445806,13.118657,0.797514,-2.828709,-65.578323,-66.213226,159.715958,-0.143792,-0.789072,0.005387,-0.597210,
5979,988462473,16.158373,3.032780,-4.022088,-48.993641,-44.644676,168.588028,-0.134882,-0.791410,0.029818,-0.595472,
5980,988479140,13.987230,6.301807,0.710163,-48.566460,30.888338,173.856659,-0.125700,-0.786644,0.053314,-0.602119,
5981,988495807,9.560225,5.750761,0.772393,-52.842609,10.369555,157.253555,-0.118225,-0.783221,0.075627,-0.605696,
5982,988512474,8.659508,5.714494,0.890917,-64.986252,12.562557,130.617218,-0.114445,-0.779285,0.095898,-0.608621,
5983,988529141,10.195638,4.959018,-0.508977,-73.144920,0.030039,114.649086,-0.112782,-0.776220,0.115249,-0.609492,
5984,988545808,12.308681,5.881012,-1.446172,-37.390095,-4.396348,113.862053,-0.107042,-0.773880,0.131373,-0.610240,
5985,988562475,10.016434,7.030302,-1.022067,36.425087,32.122334,117.380531,-0.093348,-0.769135,0.140730,-0.616370,
5986,988579142,4.963800,9.876996,-1.502072,114.665329,64.555145,107.480629,-0.072416,-0.762387,0.141460,-0.627305,
5987,988595809,-0.259172,14.212488,-0.956643,110.555534,74.632904,75.740730,-0.055004,-0.754911,0.138856,-0.638594,
5988,988612476,-4.271148,14.415541,-0.978904,56.355469,73.950508,17.507299,-0.048926,-0.747984,0.134849,-0.648029,
5989,988629143,-4.399751,10.969301,-2.017793,4.220627,57.962524,-55.653244,-0.055099,-0.743505,0.127882,-0.654072,
5990,988645810,-1.051927,8.671736,0.405890,-0.028732,37.117256,-92.012482,-0.064797,-0.741519,0.117529,-0.657372,
5991,988662477,2.218997,9.322574,1.834574,-37.440094,18.680471,-111.022057,-0.080019,-0.741074,0.108844,-0.657692,
5992,988679144,8.062814,8.466216,-0.124149,-104.775467,-6.794792,-146.863220,-0.105485,-0.742474,0.102976,-0.653452,
5993,988695811,15.348886,7.077555,-2.274963,-95.889259,-23.053442,-179.478043,-0.132763,-0.745449,0.092902,-0.646567,
5994,988712478,20.453516,5.228501,-2.459972,-59.331825,1.493968,-173.876328,-0.155781,-0.746138,0.079449,-0.642416,
5995,988729145,16.874531,3.164388,-0.359161,39.800053,47.749722,-153.717499,-0.166590,-0.744025,0.057819,-0.644461,
5996,988745812,14.473433,6.480772,-2.184738,62.684555,15.179087,-147.856186,-0.174005,-0.745042,0.035435,-0.642946,
5997,988762479,19.982216,5.309147,-4.800521,25.413984,-24.839432,-139.909576,-0.184423,-0.748441,0.018390,-0.636778,
5998,988779146,28.123173,4.406831,-4.491374,71.422493,-11.540322,-124.348106,-0.188344,-0.751469,-0.001586,-0.632312,
5999,988795813,21.598112,2.205992,-0.594664,-15.348087,46.616650,-140.766510,-0.203156,-0.746420,-0.016970,-0.633480,
6000,988812480,18.325237,0.614194,-1.818671,1.667334,-15.930771,-134.485107,-0.215605,-0.747323,-0.031381,-0.627723,
6001,988829147,19.884430,-1.313974,-1.864491,1.872014,-20.394793,-138.781693,-0.228354,-0.748314,-0.046124,-0.621090,
6002,988845814,12.926235,-4.577860,-0.401856,-38.610043,-11.978171,-151.127960,-0.246454,-0.746761,-0.058808,-0.614938,
6003,988862481,10.729029,-3.497567,1.645235,-28.074100,-25.155514,-134.969772,-0.261956,-0.746546,-0.070177,-0.607554,
6004,988879148,9.736131,-4.020380,1.314250,-38.932522,-18.224522,-110.047722,-0.276266,-0.745288,-0.078116,-0.601765,
6005,988895815,10.096246,-4.045224,0.648449,1.339043,-26.027102,-74.978821,-0.283167,-0.746564,-0.085444,-0.595951,
6006,988912482,7.763637,-5.029624,-0.024392,-5.925649,-0.244964,-68.561981,-0.289940,-0.745296,-0.092497,-0.593222,
6007,988929149,5.058802,-5.586635,-0.203545,32.698647,-6.875277,-48.703526,-0.290875,-0.746429,-0.100438,-0.590040,
6008,988945816,3.047913,-4.959332,0.655125,77.935539,-8.941838,-15.106801,-0.284013,-0.750066,-0.108512,-0.587334,
6009,988962483,1.392510,1.916731,5.532889,65.679054,10.158805,22.117788,-0.274970,-0.752066,-0.112254,-0.588377,
6010,988979150,-0.029624,4.371970,3.264596,72.453209,69.140984,50.717094,-0.261727,-0.749616,-0.115786,-0.596798,
6011,988995817,-3.591470,5.543930,-1.074951,223.618057,115.938980,58.468170,-0.230333,-0.748359,-0.133275,-0.607571,
6012,989012484,-5.567465,6.851896,-7.341032,252.584549,10.510359,68.120659,-0.196651,-0.756509,-0.148555,-0.605766,
6013,989029151,-4.688648,2.045382,-12.665761,136.826691,-41.100071,56.834293,-0.177624,-0.764926,-0.153265,-0.599872,
6014,989045818,2.720886,3.162775,5.305452,49.594631,-39.460167,-25.978048,-0.175437,-0.768881,-0.159578,-0.593783,
6015,989062485,24.647402,-5.083835,-0.588184,242.988846,-98.350197,-27.661009,-0.153005,-0.782213,-0.181149,-0.576122,
6016,989079152,51.715546,-2.317014,-14.410810,140.499344,-117.882195,152.332687,-0.127455,-0.798611,-0.172982,-0.562186,
6017,989095819,-7.018696,20.750355,-7.622001,-63.023556,567.532471,-64.438889,-0.125488,-0.746524,-0.185324,-0.626585,
6018,989112486,-1.796647,-1.143404,4.605063,-10.918579,-360.051178,38.838680,-0.132847,-0.778982,-0.173390,-0.587771,
6019,989129153,16.643497,5.108077,0.404671,-164.583664,-67.222862,109.651863,-0.143934,-0.783803,-0.145634,-0.586281,
6020,989145820,29.215780,-7.098427,-6.913146,-125.791664,-111.815216,110.066437,-0.151381,-0.792553,-0.120075,-0.578381,
6021,989162487,12.847269,-7.240786,-4.797743,-113.953865,235.623276,92.598572,-0.152668,-0.771053,-0.105020,-0.609212,
6022,989179154,6.584564,-4.209321,-2.146634,-2.789356,-46.600933,118.197517,-0.143375,-0.776654,-0.090568,-0.606670,
6023,989195821,16.919600,-0.147109,-4.670086,-2.120614,-23.448204,127.518188,-0.132826,-0.780086,-0.075572,-0.606722,
6024,989212488,14.464863,-1.328042,-6.202827,6.649585,10.519154,146.905426,-0.119142,-0.780591,-0.059774,-0.610663,
6025,989229155,12.442865,0.217829,-4.846262,-3.767805,-13.695731,160.139603,-0.105615,-0.782796,-0.041099,-0.611872,
6026,989245822,13.503803,4.149472,-3.458219,-32.905636,-26.798080,156.502487,-0.095749,-0.785274,-0.020019,-0.611373,
6027,989262489,15.054412,6.920019,-4.050640,-21.286163,14.213923,161.637299,-0.083926,-0.783847,0.000054,-0.615256,
6028,989279156,12.854870,8.381957,-0.905140,-45.431881,36.234406,161.120224,-0.074856,-0.779695,0.021956,-0.621280,
6029,989295823,9.202124,6.309868,-0.568062,-49.242443,26.089735,143.577438,-0.067733,-0.776041,0.042310,-0.625605,
6030,989312490,9.695530,5.433848,-0.713556,-48.645786,13.720989,117.708206,-0.062797,-0.773351,0.059794,-0.628020,
6031,989329157,10.097537,5.173577,-1.013281,-20.654556,16.352259,104.538635,-0.055921,-0.770564,0.073196,-0.630670,
6032,989345824,9.855833,7.461302,-1.124062,47.321255,40.102955,97.511696,-0.042314,-0.766027,0.079362,-0.636486,
6033,989362491,6.492734,9.717522,-1.856961,111.042252,72.769318,91.555122,-0.022522,-0.758611,0.078727,-0.646377,
6034,989379158,2.799041,12.220262,-2.252811,146.310501,87.406639,73.422989,-0.000708,-0.749662,0.072680,-0.657817,
6035,989395825,-1.004622,14.477815,-2.326091,103.650871,89.742928,34.345089,0.012695,-0.740470,0.066400,-0.668680,
6036,989412492,-2.973680,12.069980,-3.944118,24.559166,59.009407,-23.648809,0.012222,-0.734781,0.061492,-0.675401,
6037,989429159,-1.675265,9.946898,-2.886398,11.416172,42.853580,-65.512238,0.006370,-0.730989,0.053361,-0.680269,
6038,989445826,-0.552636,12.746920,1.620799,-46.462738,24.196970,-83.294273,-0.007255,-0.729109,0.049036,-0.682600,
6039,989462493,2.845586,14.727459,0.059581,-182.400665,-26.857632,-110.309898,-0.037610,-0.731906,0.055361,-0.678111,
6040,989479160,9.419159,10.390985,-3.695956,-249.595657,-44.790703,-148.386551,-0.078675,-0.735372,0.064274,-0.670005,
6041,989495827,21.762371,7.643998,-3.219879,-247.331558,-96.686523,-174.679352,-0.121417,-0.742695,0.070616,-0.654733,
6042,989512494,24.879105,1.577031,-5.446735,-150.721375,-4.527830,-141.672394,-0.151354,-0.741468,0.069590,-0.649980,
6043,989529161,15.695364,0.631005,-3.493919,-61.999096,44.848309,-131.031418,-0.171109,-0.736891,0.060188,-0.651222,
6044,989545828,17.660131,0.832402,-3.205768,-29.474972,11.456994,-141.010406,-0.187948,-0.736023,0.047441,-0.648610,
6045,989562495,24.841198,0.609755,-2.922255,58.365143,7.402777,-126.621452,-0.193914,-0.737518,0.028039,-0.646280,
6046,989579162,22.706978,0.726290,-2.384769,48.914822,62.086147,-132.996536,-0.201622,-0.733288,0.007290,-0.649294,
6047,989595829,15.603734,-0.232516,-2.127702,13.257892,32.133831,-141.686951,-0.213819,-0.730492,-0.010143,-0.648505,
6048,989612496,16.243418,-0.654769,-2.886288,36.159039,-10.305076,-132.701309,-0.222703,-0.732107,-0.027454,-0.643171,
6049,989629163,15.914302,-2.418263,-2.580255,6.996229,-19.760214,-134.889648,-0.234839,-0.733356,-0.041952,-0.636615,
6050,989645830,11.906775,-4.762882,-2.547039,-2.912695,-31.126163,-135.358917,-0.248046,-0.735017,-0.055173,-0.628632,
6051,989662497,10.550534,-4.585109,-1.302225,22.032276,-40.064270,-133.070877,-0.258341,-0.738105,-0.070083,-0.619313,
6052,989679164,8.500981,-3.850382,0.003293,16.079433,-28.750015,-119.849068,-0.267867,-0.739807,-0.083432,-0.611532,
6053,989695831,7.395639,-3.422656,0.206582,21.481115,-39.627647,-94.285568,-0.274592,-0.742787,-0.094063,-0.603340,
6054,989712498,6.831495,-4.691505,-0.532768,27.866318,-41.739349,-60.322399,-0.277624,-0.746535,-0.101481,-0.596080,
6055,989729165,5.774026,-5.887082,-1.445445,60.663521,-54.472466,-20.557701,-0.273794,-0.753196,-0.106896,-0.588477,
6056,989745832,4.093597,-3.352397,1.049076,62.406933,-13.411695,5.740600,-0.266849,-0.756735,-0.111199,-0.586326,
6057,989762499,0.774620,5.460510,7.510483,11.970806,7.908089,31.358397,-0.262911,-0.756871,-0.109203,-0.588301,
6058,989779166,-0.038088,8.680493,7.323073,-2.541085,72.341026,55.611187,-0.257448,-0.751246,-0.105749,-0.598470,
6059,989795833,-3.869394,9.323285,2.188116,163.051407,97.466637,64.198792,-0.232633,-0.749380,-0.116658,-0.608853,
6060,989812500,-5.119210,9.495248,-6.850817,149.178482,-3.009613,77.541039,-0.209689,-0.755630,-0.121404,-0.608535,
6061,989829167,-5.143650,-0.094220,-14.313360,13.229264,-87.363396,19.447081,-0.208239,-0.763890,-0.117887,-0.599342,
6062,989845834,11.070012,-11.080877,15.529494,23.905788,-28.906443,-93.963791,-0.214446,-0.765289,-0.129649,-0.592906,
6063,989862501,40.252239,-35.434135,-21.890287,480.251862,-132.386673,-60.337593,-0.168354,-0.788340,-0.173392,-0.565785,
6064,989879168,32.371849,14.727364,-29.931322,553.227722,159.238235,101.464821,-0.092203,-0.788346,-0.210629,-0.570652,
6065,989895835,-4.092257,63.550030,20.867731,-53.057949,63.098476,67.066635,-0.090934,-0.784211,-0.199461,-0.580482,
6066,989912502,10.497046,0.311645,-2.338656,-280.200897,-101.056252,-4.395561,-0.126283,-0.788015,-0.174900,-0.576623,
6067,989929169,5.301773,-7.897413,-1.814696,-164.312363,92.590073,-94.285217,-0.150789,-0.774305,-0.173661,-0.589539,
6068,989945836,32.351913,-13.241463,-6.013453,-212.433853,-261.819702,113.660172,-0.171553,-0.793769,-0.136804,-0.567260,
6069,989962503,19.046230,-18.010365,-15.370521,41.761700,268.719910,185.911987,-0.146039,-0.775288,-0.125458,-0.601549,
6070,989979170,4.744102,-2.451823,-1.729167,-4.918217,54.196079,125.056831,-0.134814,-0.772428,-0.112158,-0.610409,
6071,989995837,14.086717,1.626029,-7.405238,-32.476395,-37.667141,110.621880,-0.129418,-0.776681,-0.096192,-0.608904,
6072,990012504,8.357175,7.618509,-2.777430,-62.767876,1.978757,171.744370,-0.121412,-0.777318,-0.071340,-0.613144,
6073,990029171,5.610512,4.699343,-4.970676,-111.378624,-57.677589,170.794022,-0.119507,-0.781769,-0.041150,-0.610623,
6074,990045838,12.294879,0.125959,-3.929805,-67.513756,-50.818851,139.103592,-0.115301,-0.785602,-0.018546,-0.607611,
6075,990062505,13.672567,0.077362,-1.091771,-72.548157,2.308774,152.033188,-0.110316,-0.784240,0.005099,-0.610550,
6076,990079172,13.624285,2.385838,-0.619023,-51.997639,-7.668598,159.024353,-0.102295,-0.783625,0.027874,-0.612119,
6077,990095839,10.390069,3.302792,-0.186198,-27.117258,6.174366,146.366730,-0.092568,-0.781789,0.046769,-0.614857,
6078,990112506,9.176791,3.184473,0.275431,-4.500963,6.994722,124.877487,-0.082162,-0.780022,0.061172,-0.617311,
6079,990129173,11.162868,6.054167,-0.365195,24.036465,1.009602,110.298973,-0.069750,-0.779033,0.071409,-0.618985,
6080,990145840,10.539406,7.476425,-1.010538,36.102570,17.541201,112.365814,-0.055941,-0.776439,0.080607,-0.622507,
6081,990162507,9.050638,9.466838,-1.589808,86.870628,46.066360,96.675476,-0.038136,-0.771592,0.083174,-0.629502,
6082,990179174,6.020507,12.861979,-2.839619,120.808578,74.672577,66.566650,-0.019612,-0.764326,0.079058,-0.639664,
6083,990195841,2.510196,15.182316,-3.054380,109.227348,86.145317,34.280254,-0.005503,-0.755970,0.072356,-0.650572,
6084,990212508,-0.533839,15.777890,-2.001885,52.945599,86.995140,-3.657525,-0.001185,-0.747640,0.066783,-0.660737,
6085,990229175,-2.620243,14.440967,-2.910620,-24.745361,65.456177,-37.211121,-0.008333,-0.741557,0.065016,-0.667679,
6086,990245842,-2.782245,11.119554,-2.448112,-70.443672,43.966919,-62.778782,-0.022691,-0.737609,0.064941,-0.671714,
6087,990262509,-0.537728,9.922320,-0.711961,-119.457741,8.259369,-91.994682,-0.044818,-0.736994,0.066611,-0.671114,
6088,990279176,5.591401,8.956865,-1.840274,-197.594635,-39.833229,-150.281372,-0.080497,-0.740448,0.069910,-0.663603,
6089,990295843,19.461565,9.359927,-2.090185,-191.804703,-93.483131,-241.480515,-0.123658,-0.748751,0.063331,-0.648127,
6090,990312510,29.632557,5.259025,-3.945994,-122.877617,-33.963329,-190.403839,-0.154854,-0.750964,0.054641,-0.639599,
6091,990329177,16.921515,-0.229914,-2.118300,49.226391,112.627190,-142.961807,-0.163859,-0.742330,0.031768,-0.648911,
6092,990345844,14.921731,3.984140,-3.361309,72.852837,23.445877,-158.508331,-0.171253,-0.742217,0.007093,-0.647870,
6093,990362511,23.876484,1.676251,-6.809983,93.414665,-21.640768,-148.936340,-0.175364,-0.746359,-0.017367,-0.641789,
6094,990379178,29.122623,5.077329,-2.079986,76.143051,35.672543,-159.953079,-0.182110,-0.744174,-0.042863,-0.641251,
6095,990395845,17.202866,3.253815,1.801713,35.502853,25.237808,-174.127304,-0.194515,-0.741279,-0.065792,-0.639016,
6096,990412512,18.955187,2.090020,0.078784,34.719128,-35.227867,-143.237244,-0.204595,-0.743836,-0.083569,-0.630765,
6097,990429179,18.000284,-1.242171,-0.787994,-22.078236,-31.730843,-149.091782,-0.221210,-0.743938,-0.096831,-0.623093,
6098,990445846,12.935714,-4.370951,-1.192279,-22.243395,-43.706024,-163.144745,-0.239157,-0.744501,-0.111155,-0.613324,
6099,990462513,10.454759,-3.053237,0.752665,-49.234291,-41.143959,-141.102188,-0.257880,-0.743828,-0.120710,-0.604686,
6100,990479180,9.932624,-3.290855,0.180634,-58.779640,-43.255486,-100.434158,-0.273986,-0.743381,-0.124894,-0.597258,
6101,990495847,7.833503,-4.757655,-0.080989,-81.170288,-8.306254,-79.031044,-0.289933,-0.739167,-0.126172,-0.594685,
6102,990512514,3.974307,-8.978146,-1.860063,-32.177567,8.727884,-75.265739,-0.299912,-0.735456,-0.131971,-0.593077,
6103,990529181,3.111311,-11.477654,-2.489079,100.501091,-37.803875,-38.208359,-0.293329,-0.742103,-0.143194,-0.585437,
6104,990545848,5.159929,-2.488302,4.060761,85.892876,-31.359735,33.120609,-0.282044,-0.748892,-0.145713,-0.581704,
6105,990562515,3.177947,5.426915,6.968247,-10.621464,44.382271,77.019447,-0.275900,-0.746108,-0.138366,-0.589963,
6106,990579182,-0.586059,4.719412,2.978099,57.322582,112.013687,92.042732,-0.259642,-0.740295,-0.137885,-0.604597,
6107,990595849,-3.336750,6.920348,-1.334488,193.444061,51.057194,103.444992,-0.228748,-0.744625,-0.145735,-0.609892,
6108,990612516,-2.162378,5.932348,-7.989476,170.244019,-41.971836,131.940399,-0.199575,-0.756270,-0.145199,-0.605923,
6109,990629183,-0.466842,1.285306,-16.685316,115.876541,-89.533897,121.967690,-0.178091,-0.769655,-0.139462,-0.597047,
6110,990645850,6.721828,0.962823,-3.873286,52.601925,-107.785408,34.926250,-0.171519,-0.780812,-0.137426,-0.584832,
6111,990662517,21.958416,-4.907807,15.737219,-7.588304,55.855671,-38.446033,-0.174716,-0.774915,-0.142655,-0.590448,
6112,990679184,26.627525,-8.312777,-9.024204,317.298615,27.448042,97.580956,-0.130006,-0.781587,-0.159549,-0.588866,
6113,990695851,9.823265,4.670272,-12.777015,284.459991,156.502884,134.511719,-0.082548,-0.775519,-0.171478,-0.601956,
6114,990712518,3.584682,35.654037,-3.835289,80.157227,-32.314404,59.796974,-0.069248,-0.780566,-0.171444,-0.597099,
6115,990729185,19.828482,10.908008,4.142162,-331.092010,-210.148483,-9.203973,-0.112928,-0.793828,-0.141460,-0.580580,
6116,990745852,10.741469,-8.510828,-1.181075,-266.588043,111.278877,-42.029556,-0.145048,-0.778325,-0.125621,-0.597820,
6117,990762519,13.211759,-14.692751,-6.825463,-130.918106,-47.087330,77.864296,-0.154113,-0.780725,-0.104512,-0.596485,
6118,990779186,15.910507,-15.550555,-5.873715,-28.032650,7.709218,200.814468,-0.139885,-0.782002,-0.079523,-0.602147,
6119,990795853,11.703609,-4.945271,-4.121077,35.931835,30.544569,182.809128,-0.119578,-0.781745,-0.062579,-0.608817,
6120,990812520,15.981413,3.487451,-3.279465,24.213079,-22.973078,110.368591,-0.107440,-0.784968,-0.051869,-0.607940,
6121,990829187,11.301404,7.392579,-2.902893,-46.613949,11.875588,140.840958,-0.100393,-0.783943,-0.031943,-0.611828,
6122,990845854,7.493874,3.896355,-4.299290,-43.606426,-3.488278,143.404724,-0.092799,-0.783977,-0.011756,-0.613702,
6123,990862521,13.403763,2.308301,-3.799029,-16.289286,-37.570194,107.719086,-0.085301,-0.787070,0.002390,-0.610933,
6124,990879188,17.481524,2.354398,-3.856848,-18.392574,-1.846671,132.836395,-0.075796,-0.786699,0.019153,-0.612366,
6125,990895855,17.130941,6.227147,-2.793588,-1.453670,14.535592,146.471481,-0.063155,-0.784694,0.035780,-0.615619,
6126,990912522,10.233314,9.054628,-1.540352,-7.667676,35.542473,132.982010,-0.052514,-0.780488,0.051214,-0.620852,
6127,990929189,9.830657,9.803029,-1.602697,-28.581524,16.456812,104.512276,-0.046661,-0.777806,0.065432,-0.623344,
6128,990945856,10.418164,7.915730,-1.581897,-26.752171,25.805450,89.425224,-0.042050,-0.774260,0.077699,-0.626671,
6129,990962523,8.207282,8.513439,-1.673927,-0.135432,42.915344,91.930649,-0.034399,-0.769129,0.087699,-0.632111,
6130,990979190,5.173591,9.659955,-1.880525,51.485695,66.695183,84.273567,-0.021976,-0.761973,0.091955,-0.640670,
6131,990995857,1.320305,11.911480,-1.770720,71.451332,84.518570,67.137589,-0.009172,-0.753201,0.092363,-0.651208,
6132,991012524,-1.995610,12.063315,-1.997377,45.899670,82.517303,27.056322,-0.002936,-0.744915,0.090775,-0.660949,
6133,991029191,-3.257446,10.752755,-3.922827,-0.214330,52.616699,-33.048641,-0.007081,-0.740168,0.087105,-0.666718,
6134,991045858,-2.219254,9.564044,-0.926655,-12.337193,38.538860,-72.260017,-0.016157,-0.737184,0.080391,-0.670698,
6135,991062525,0.165520,11.273483,0.764184,-95.920273,1.732664,-106.451302,-0.037097,-0.737774,0.078226,-0.669473,
6136,991079192,8.182203,11.751368,-1.817248,-187.842575,-66.093399,-172.426941,-0.073512,-0.744509,0.078220,-0.658926,
6137,991095859,26.582766,10.803979,-3.156528,-187.740250,-98.065361,-210.585724,-0.113088,-0.753482,0.074283,-0.643396,
6138,991112526,19.263084,2.171571,-3.258511,-100.764267,64.424255,-119.986305,-0.136272,-0.746752,0.069361,-0.647287,
6139,991129193,14.228856,6.349449,-3.717031,-8.524661,13.325833,-131.185944,-0.149915,-0.746399,0.055521,-0.646011,
6140,991145860,15.825041,3.781638,-4.827922,-19.019102,8.284182,-146.272842,-0.166008,-0.746096,0.041113,-0.643500,
6141,991162527,26.836502,1.526344,-1.850840,48.274399,-20.364594,-140.545837,-0.174015,-0.749708,0.021703,-0.638111,
6142,991179194,30.042969,-0.587517,-0.610895,35.307659,71.671013,-139.100693,-0.183499,-0.744057,0.001313,-0.642421,
6143,991195861,15.631674,-1.663907,0.649619,2.000290,50.321857,-166.864624,-0.199063,-0.739065,-0.018398,-0.643286,
6144,991212528,17.240770,-0.145803,-1.392824,58.166924,-21.599260,-155.563019,-0.207599,-0.741994,-0.040054,-0.636194,
6145,991229195,17.638926,-2.017827,-1.364807,27.847551,-18.497704,-167.507202,-0.220364,-0.743196,-0.060261,-0.628862,
6146,991245862,11.830285,-3.195616,-1.184253,16.305586,-21.954897,-179.425812,-0.235348,-0.743744,-0.080547,-0.620458,
6147,991262529,10.040469,-3.282008,-0.007211,15.857509,-35.847260,-164.005173,-0.248993,-0.745222,-0.098597,-0.610676,
6148,991279196,8.349535,-3.402683,0.023040,6.926635,-20.258240,-128.928162,-0.260146,-0.745130,-0.112565,-0.603683,
6149,991295863,7.706737,-3.505329,-0.560077,19.355341,-36.276924,-84.163200,-0.266209,-0.747440,-0.122136,-0.596279,
6150,991312530,6.995617,-4.426623,-0.820219,12.167735,-26.442612,-47.760696,-0.269686,-0.749171,-0.127489,-0.591404,
6151,991329197,4.575204,-6.317398,-1.264467,36.515022,-41.270428,-29.765862,-0.269215,-0.753410,-0.132383,-0.585124,
6152,991345864,2.598501,-6.393123,-0.613007,70.514374,-53.201706,-18.829115,-0.264281,-0.760113,-0.138487,-0.577239,
6153,991362531,2.868007,-0.902343,4.130856,20.034412,-37.757668,17.468987,-0.261539,-0.764230,-0.136917,-0.573413,
6154,991379198,3.092593,4.974139,6.627022,-36.236763,65.231125,48.051311,-0.260424,-0.758146,-0.131158,-0.583259,
6155,991395865,-0.989814,4.537589,3.306042,97.553398,112.569489,58.792171,-0.242652,-0.753047,-0.137311,-0.595974,
6156,991412532,-3.183001,6.384647,-2.428329,265.758209,32.269150,74.361176,-0.206458,-0.760339,-0.153353,-0.596441,
6157,991429199,-3.343730,4.723806,-16.353148,185.076981,-26.565641,94.091331,-0.178523,-0.769790,-0.158258,-0.592036,
6158,991445866,0.518302,-0.392128,-12.685164,-0.118120,-130.218933,26.422667,-0.179417,-0.781312,-0.152003,-0.578149,
6159,991462533,16.411831,-7.920959,15.614024,63.326756,50.387810,-102.938316,-0.179920,-0.776158,-0.170439,-0.579790,
6160,991479200,40.020077,-12.845804,-15.029930,500.838043,-76.121246,65.762657,-0.119466,-0.795007,-0.202884,-0.559044,
6161,991495867,11.998193,17.250832,-10.009227,415.775269,237.351181,143.507111,-0.052620,-0.784926,-0.223784,-0.575363,
6162,991512534,6.378905,43.001904,6.754875,-237.731628,-130.319077,24.900036,-0.082038,-0.794054,-0.199980,-0.568115,
6163,991529201,15.266196,-7.510110,-0.752031,-237.349869,40.178162,-61.144379,-0.113457,-0.785449,-0.187894,-0.578699,
6164,991545868,15.377793,-8.538692,-4.364315,-172.736832,7.337413,10.048368,-0.132290,-0.781849,-0.172383,-0.584375,
6165,991562535,19.865705,-18.651676,-10.516282,-122.894150,28.614637,166.460175,-0.131520,-0.780712,-0.143597,-0.593776,
6166,991579202,8.137630,-9.583025,-4.656848,35.057972,85.461937,180.632126,-0.110280,-0.777291,-0.127795,-0.606073,
6167,991595869,13.860293,2.197363,-4.863055,34.439766,-22.395641,141.506805,-0.094486,-0.782130,-0.114545,-0.605164,
6168,991612536,18.029379,6.736252,-4.819784,-64.210861,-19.962212,122.132584,-0.091536,-0.784743,-0.094800,-0.605650,
6169,991629203,9.351566,1.129168,-4.747048,-73.735878,20.784103,162.607101,-0.085497,-0.783773,-0.070089,-0.611127,
6170,991645870,10.559106,2.012682,-3.713171,-45.496418,-38.727222,152.020004,-0.077733,-0.787853,-0.048313,-0.609024,
6171,991662537,17.329338,4.876814,-3.316327,-55.650738,-31.303082,145.277527,-0.071636,-0.790689,-0.026466,-0.607436,
6172,991679204,16.882147,7.275200,-2.310552,-47.139706,43.213070,154.484283,-0.063422,-0.786626,-0.005073,-0.614142,
6173,991695871,8.486576,7.052816,-0.106981,-35.645519,45.093796,156.038727,-0.053716,-0.782044,0.015453,-0.620711,
6174,991712538,7.481239,7.951744,0.402507,-29.212084,23.397137,131.561432,-0.045417,-0.779146,0.032778,-0.624335,
6175,991729205,9.987039,6.903257,0.177452,-31.576468,19.004103,92.534157,-0.040897,-0.776584,0.045913,-0.627006,
6176,991745872,11.403146,7.481694,-1.389906,0.784377,35.086880,78.030357,-0.034148,-0.772705,0.054352,-0.631511,
6177,991762539,8.227095,9.500437,-2.280522,34.990479,62.634644,79.554947,-0.023628,-0.766302,0.059673,-0.639267,
6178,991779206,3.132452,11.804617,-2.559554,63.109493,76.178711,74.704330,-0.010538,-0.758563,0.061771,-0.648579,
6179,991795873,-2.498626,14.370311,-3.010683,56.036537,68.537491,54.457329,-0.000073,-0.751509,0.062296,-0.656775,
6180,991812540,-6.214031,13.960603,-3.360271,-14.078512,38.292080,3.995335,-0.001823,-0.747702,0.063992,-0.660941,
6181,991829207,-5.673728,11.841938,0.599129,-57.272511,23.546612,-52.059166,-0.013526,-0.745756,0.063739,-0.663025,
6182,991845874,-1.790758,10.717008,0.849254,-138.901260,-2.106436,-97.848259,-0.038257,-0.746262,0.066414,-0.661225,
6183,991862541,4.189886,8.240036,-1.581985,-218.490082,-28.799227,-144.272064,-0.075792,-0.748552,0.071780,-0.654807,
6184,991879208,15.670810,4.880299,-0.245487,-166.098709,-38.271057,-197.744324,-0.112504,-0.751779,0.066330,-0.646352,
6185,991895875,30.450270,6.834415,-1.841926,-64.491165,-36.958385,-164.801834,-0.134908,-0.755413,0.054835,-0.638861,
6186,991912542,20.767967,1.968833,-2.749638,-0.666665,143.625198,-140.506073,-0.149381,-0.742733,0.036496,-0.651691,
6187,991929209,13.971362,1.641487,-1.348485,29.149260,45.199883,-150.786530,-0.160978,-0.739553,0.016331,-0.653360,
6188,991945876,19.409637,2.096273,-4.069394,64.994957,22.999460,-133.163254,-0.166908,-0.738898,-0.004833,-0.652800,
6189,991962543,23.743330,2.983972,-4.100047,122.928055,20.248146,-117.270508,-0.165013,-0.739513,-0.029718,-0.651927,
6190,991979210,21.389215,2.345761,-2.268775,49.164604,33.297321,-134.188049,-0.172507,-0.736646,-0.049725,-0.652013,
6191,991995877,17.938704,0.175799,-2.144795,-1.131687,-8.017348,-128.844208,-0.185108,-0.736170,-0.063333,-0.647903,
6192,992012544,18.715742,-1.974616,-3.138756,-14.851207,-26.956491,-131.130829,-0.199496,-0.736811,-0.075357,-0.641585,
6193,992029211,13.650349,-4.033321,-3.122062,-35.508858,-21.621893,-157.370712,-0.218388,-0.735713,-0.088382,-0.634996,
6194,992045878,9.868968,-5.324295,-3.221033,-29.182364,-49.418770,-155.750870,-0.236681,-0.736978,-0.100879,-0.625035,
6195,992062545,8.075528,-4.937935,-2.186722,-23.906263,-32.130123,-134.107422,-0.252063,-0.736798,-0.112079,-0.617277,
6196,992079212,6.555712,-5.406098,-1.949991,16.651649,-38.237774,-102.836426,-0.260302,-0.738910,-0.123305,-0.609139,
6197,992095879,5.654565,-6.852160,-2.095425,52.329193,-46.104050,-70.936523,-0.261957,-0.743468,-0.133933,-0.600579,
6198,992112546,5.557768,-5.190008,-1.327024,109.058472,-64.564064,-20.534176,-0.253358,-0.752576,-0.143326,-0.590674,
6199,992129213,4.765120,-0.419520,3.920617,24.505337,-46.908085,38.913273,-0.248483,-0.758131,-0.139564,-0.586527,
6200,992145880,1.442706,9.128490,11.834872,-107.830223,7.626001,81.194672,-0.253425,-0.754930,-0.121790,-0.592472,
6201,992162547,-1.079672,7.647931,10.788713,-168.663498,66.148804,97.974144,-0.262406,-0.744251,-0.099013,-0.606160,
6202,992179214,-4.682863,4.461260,1.382126,100.604622,51.877453,91.863167,-0.242812,-0.744514,-0.100024,-0.613787,
6203,992195881,-2.752249,6.819632,-8.264300,165.471558,-4.253567,105.556114,-0.215643,-0.751813,-0.103301,-0.614495,
6204,992212548,-4.572211,-3.355671,-17.994183,61.103760,-44.747730,81.225349,-0.202555,-0.758699,-0.098587,-0.611251,
6205,992229215,3.996056,-1.024385,-5.434363,138.874786,-109.543716,-26.140268,-0.191263,-0.771753,-0.110681,-0.596292,
6206,992245882,21.281118,1.349656,8.884451,286.023224,1.070418,-134.031342,-0.170769,-0.776500,-0.150557,-0.587552,
6207,992262549,44.537872,-12.059144,-14.591567,126.060867,-125.614342,86.306206,-0.152029,-0.791787,-0.148524,-0.572626,
6208,992279216,6.049140,2.278911,-10.404715,343.181366,403.966736,12.765307,-0.102489,-0.763531,-0.184206,-0.610397,
6209,992295883,-7.109839,34.186413,-6.635376,-193.022980,-337.497559,122.165176,-0.122102,-0.792388,-0.148268,-0.578989,
6210,992312550,32.904694,10.054920,17.073179,-127.353851,-195.403137,56.812840,-0.136323,-0.807184,-0.127560,-0.559998,
6211,992329217,19.924118,-3.562207,-6.925301,-342.313324,147.147156,-6.174377,-0.174256,-0.786971,-0.103270,-0.582792,
6212,992345884,14.440178,-15.776401,-3.752852,-184.143524,51.844280,124.995377,-0.184055,-0.779208,-0.074737,-0.594452,
6213,992362551,13.354270,-20.870399,-7.976307,-59.926044,43.610565,159.386459,-0.176724,-0.775173,-0.052752,-0.604229,
6214,992379218,8.626991,-14.132473,-8.172857,108.755905,34.891575,121.503914,-0.153653,-0.775475,-0.049598,-0.610384,
6215,992395885,10.229112,1.259393,-6.852116,141.608673,12.388423,126.058029,-0.126525,-0.778027,-0.048305,-0.613459,
6216,992412552,10.778594,12.816975,-2.773935,42.177883,-79.517593,171.817734,-0.107112,-0.786673,-0.031237,-0.607203,
6217,992429219,12.495605,11.017846,-8.060445,-129.781342,-90.345848,160.614670,-0.108316,-0.792820,-0.000073,-0.599753,
6218,992445886,10.585274,2.847941,-7.787189,-23.662731,77.192467,153.227173,-0.097838,-0.785355,0.018344,-0.610990,
6219,992462553,9.074189,8.807406,8.795328,-84.566750,-8.078025,173.996933,-0.092178,-0.783990,0.045748,-0.612184,
6220,992479220,13.827610,4.443165,-3.538104,-117.495102,-27.170959,149.885803,-0.092222,-0.783429,0.073549,-0.610184,
6221,992495887,10.165501,1.162918,-2.191523,-122.367882,-6.252304,123.254616,-0.095344,-0.780678,0.098417,-0.609726,
6222,992512554,11.582904,0.302679,-2.870360,-88.986275,-35.167229,109.740120,-0.095411,-0.780726,0.119138,-0.605945,
6223,992529221,12.590681,4.185524,-1.797179,-25.073448,-13.776105,113.171356,-0.088255,-0.779433,0.134277,-0.605528,
6224,992545888,9.959359,8.725784,-1.635855,71.563705,22.652643,115.529007,-0.070619,-0.775864,0.140657,-0.610953,
6225,992562555,5.956106,14.608847,-2.137156,135.610046,63.377769,89.254562,-0.048894,-0.769471,0.137889,-0.621699,
6226,992579222,-0.154806,18.895071,0.192773,80.994492,72.701912,39.375042,-0.037961,-0.762495,0.134344,-0.631753,
6227,992595889,-3.611927,14.253077,0.889588,22.573311,77.812088,-27.741953,-0.039775,-0.755871,0.128659,-0.640722,
6228,992612556,-2.993065,10.445307,-0.978809,-17.361242,63.496101,-85.831535,-0.051122,-0.751279,0.120361,-0.646899,
6229,992629223,0.362117,8.439414,-0.121112,-23.596586,42.843033,-108.130051,-0.064877,-0.748764,0.110331,-0.650361,
6230,992645890,3.501477,8.496802,0.922765,-37.292503,23.148933,-121.752151,-0.081076,-0.747950,0.100256,-0.651111,
6231,992662557,8.491632,9.620163,-0.043443,-75.204941,-21.910122,-155.822250,-0.103931,-0.751071,0.090544,-0.645672,
6232,992679224,19.089787,12.634169,-0.920339,-87.007812,-100.390800,-204.925400,-0.131553,-0.761302,0.077673,-0.630142,
6233,992695891,24.234390,6.873223,-7.783664,-74.697487,-25.667309,-182.006866,-0.156425,-0.763855,0.064696,-0.622793,
6234,992712558,14.650010,5.298389,-1.442043,-23.915239,137.805695,-154.202362,-0.174537,-0.751815,0.046430,-0.634156,
6235,992729225,17.362011,7.796325,-2.333560,101.331680,-28.546251,-147.901321,-0.177109,-0.757638,0.021485,-0.627817,
6236,992745892,27.571312,2.704769,-7.253010,-38.029541,20.726068,-134.475327,-0.193865,-0.754901,0.009460,-0.626459,
6237,992762559,23.613974,-0.769484,-2.458170,-45.654705,52.620243,-175.115219,-0.215085,-0.748645,-0.007234,-0.627069,
6238,992779226,19.327848,-1.420100,-0.308728,-36.664875,-1.260126,-201.438995,-0.237599,-0.746932,-0.025920,-0.620457,
6239,992795893,19.931669,-2.717355,-1.914346,23.896084,-21.678005,-189.164734,-0.252299,-0.748567,-0.048007,-0.611300,
6240,992812560,15.972054,-3.028451,-0.840019,29.536854,-7.087693,-183.476791,-0.265579,-0.748578,-0.070473,-0.603434,
6241,992829227,12.297765,-3.832102,-0.001658,24.136177,-12.725346,-171.628265,-0.278277,-0.748475,-0.090902,-0.595048,
6242,992845894,9.232136,-3.434555,-0.312077,43.122498,-27.042057,-142.859909,-0.286443,-0.750334,-0.109211,-0.585681,
6243,992862561,8.625039,-1.097645,0.894092,7.644227,0.546177,-113.272873,-0.295409,-0.748544,-0.122374,-0.580895,
6244,992879228,6.352229,-3.904064,-0.044904,-36.925869,20.254923,-98.375839,-0.307538,-0.743241,-0.130960,-0.579536,
6245,992895895,4.946192,-8.851134,-2.501296,13.199332,-0.854763,-71.046600,-0.312288,-0.742344,-0.139847,-0.576058,
6246,992912562,4.277204,-10.329049,-3.076284,146.677399,-51.457634,-10.012284,-0.298440,-0.752762,-0.150983,-0.566998,
6247,992929229,5.812536,2.155726,5.528950,55.794613,-35.485947,76.615524,-0.286936,-0.759553,-0.145775,-0.565240,
6248,992945896,2.113668,7.506956,8.816881,-114.725784,86.265556,109.783051,-0.288831,-0.749578,-0.127901,-0.581678,
6249,992962563,-2.332669,4.196415,1.412719,49.712769,110.064697,126.363190,-0.270766,-0.744301,-0.123045,-0.597964,
6250,992979230,-3.443683,7.066060,-3.961323,246.473419,61.530888,141.395401,-0.230647,-0.750360,-0.131615,-0.605342,
6251,992995897,-5.121264,5.646098,-15.079272,194.533981,-21.289309,144.468918,-0.197163,-0.760898,-0.132304,-0.603868,
6252,993012564,-2.653367,4.258363,-10.348815,50.576149,-109.464470,76.599533,-0.187101,-0.773124,-0.125226,-0.592951,
6253,993029231,10.667190,-0.645217,8.182852,87.926826,-20.647137,-65.677536,-0.183428,-0.775855,-0.139744,-0.587261,
6254,993045898,50.559185,-16.304310,-10.553798,232.126434,-149.314697,35.303764,-0.157305,-0.794735,-0.151615,-0.566271,
6255,993062565,1.938415,8.193835,-13.465227,374.946136,333.105255,59.740993,-0.101493,-0.774924,-0.182891,-0.596442,
6256,993079232,-2.363705,21.827572,1.461527,-74.132782,-162.170578,72.785286,-0.107979,-0.789386,-0.165894,-0.581109,
6257,993095899,15.893494,8.130614,5.400800,-133.435760,-127.512779,105.905312,-0.117556,-0.800104,-0.140493,-0.571205,
6258,993112566,28.346447,-0.400869,-2.388035,-214.519135,-59.482574,61.014977,-0.138787,-0.802032,-0.114597,-0.569517,
6259,993129233,17.146149,-7.686700,-8.200153,-220.016891,210.114716,95.815186,-0.153046,-0.780783,-0.089441,-0.599128,
6260,993145900,7.290505,-11.857436,-0.814239,-114.183548,7.357322,146.990570,-0.153242,-0.779089,-0.063041,-0.604618,
6261,993162567,17.212931,-6.073585,-4.177356,-14.828068,-13.850516,139.027298,-0.142979,-0.780958,-0.045766,-0.606272,
6262,993179234,14.558986,-5.474886,-5.176600,4.606837,16.254889,118.404007,-0.132070,-0.780164,-0.033153,-0.610575,
6263,993195901,10.293624,-2.834893,-5.244709,55.699078,1.466590,147.711472,-0.112774,-0.781489,-0.021451,-0.613267,
6264,993212568,14.440937,3.452652,-5.637197,78.757233,-53.041367,153.869812,-0.090408,-0.787606,-0.010198,-0.609425,
6265,993229235,22.960785,11.827370,-3.567092,17.414787,-37.864735,134.521759,-0.076710,-0.791115,0.004081,-0.606824,
6266,993245902,12.163486,10.021634,-3.487283,-62.666325,86.264656,142.079803,-0.071597,-0.782345,0.024907,-0.618215,
6267,993262569,6.197453,7.137861,-0.080793,-46.941963,20.240608,154.826294,-0.063272,-0.779150,0.046440,-0.621904,
6268,993279236,9.124969,5.920356,0.905366,-44.141544,9.859458,135.946274,-0.056241,-0.776664,0.065651,-0.623955,
6269,993295903,10.139724,4.148298,-0.342298,-24.376080,20.984240,116.536049,-0.048827,-0.773229,0.080759,-0.627065,
6270,993312570,9.667568,4.743128,-1.757315,11.367493,33.842022,95.555855,-0.039449,-0.768920,0.090135,-0.631729,
6271,993329237,7.051126,7.530631,-2.621860,49.793419,47.853962,83.748184,-0.027034,-0.763522,0.094555,-0.638250,
6272,993345904,3.973268,9.796828,-3.395644,82.310303,62.159771,76.112320,-0.011911,-0.756804,0.095022,-0.646587,
6273,993362571,0.737410,13.406154,-4.112536,104.738663,69.355568,58.874512,0.003958,-0.749407,0.091430,-0.655754,
6274,993379238,-2.805589,17.200506,-4.603444,50.662453,43.449242,22.588997,0.010809,-0.744805,0.089000,-0.661231,
6275,993395905,-5.102288,16.149675,-0.075689,-26.004229,32.878433,-24.260889,0.004977,-0.741892,0.088836,-0.664590,
6276,993412572,-3.510662,13.225955,1.943084,-126.340034,4.568733,-67.345772,-0.015489,-0.742160,0.093676,-0.663463,
6277,993429239,1.939989,10.786417,-1.429401,-210.813324,-27.848034,-110.600037,-0.048792,-0.745332,0.101984,-0.657037,
6278,993445906,10.533703,5.846782,-2.917351,-230.209869,-39.411407,-164.281982,-0.089086,-0.749159,0.106257,-0.647714,
6279,993462573,28.936388,7.343553,-0.603201,-96.915298,-102.099030,-202.679916,-0.117371,-0.760071,0.094433,-0.632138,
6280,993479240,31.397499,2.518444,-6.721972,5.781516,104.942558,-154.242218,-0.132583,-0.752254,0.074895,-0.641034,
6281,993495907,8.623164,2.259499,3.390088,10.866933,143.243347,-160.409576,-0.148112,-0.740375,0.053404,-0.653495,
6282,993512574,19.046827,4.132354,-2.473191,49.087349,-12.632691,-153.353622,-0.157530,-0.743499,0.032357,-0.649112,
6283,993529241,27.705034,2.068381,-3.381994,96.632599,20.810995,-119.656052,-0.158698,-0.743997,0.009681,-0.648991,
6284,993545908,22.040928,0.472981,-2.237902,35.838924,73.119263,-148.269241,-0.169124,-0.737774,-0.011562,-0.653416,
6285,993562575,15.289316,-1.277446,-2.781785,-3.126306,6.407434,-158.015335,-0.184668,-0.736489,-0.028498,-0.650130,
6286,993579242,17.451288,-1.417051,-4.850670,-0.015459,-24.767426,-156.249069,-0.199736,-0.737845,-0.044687,-0.643189,
6287,993595909,13.707414,-3.883941,-4.553156,-3.831631,-27.558233,-171.254501,-0.216514,-0.738818,-0.062015,-0.635156,
6288,993612576,10.094789,-3.884649,-4.140786,-1.321874,-42.353249,-162.045380,-0.232164,-0.740860,-0.078079,-0.625404,
6289,993629243,8.747354,-2.645141,-1.899372,-9.720534,-34.647438,-130.644684,-0.245655,-0.741905,-0.090215,-0.617326,
6290,993645910,7.596848,-2.688859,-1.662261,2.084705,-38.909267,-97.673996,-0.254889,-0.743953,-0.099671,-0.609616,
6291,993662577,6.258470,-3.448620,-1.072266,-12.483307,-39.711880,-79.794861,-0.264069,-0.745637,-0.105847,-0.602568,
6292,993679244,4.944855,-6.258731,-1.590358,3.848640,-44.126476,-71.193359,-0.270747,-0.748347,-0.112334,-0.595023,
6293,993695911,4.387673,-7.625271,-2.221960,78.851509,-62.501122,-34.899681,-0.266365,-0.756050,-0.120614,-0.585568,
6294,993712578,5.299998,-1.036232,4.691017,34.599434,-58.783253,28.832483,-0.261307,-0.762709,-0.118237,-0.579666,
6295,993729245,2.388020,10.489951,12.665154,-134.857330,24.812050,66.950623,-0.270316,-0.756303,-0.100486,-0.587228,
6296,993745912,-1.900086,5.479994,7.969864,-118.475372,115.298454,84.540932,-0.274536,-0.742602,-0.085698,-0.604836,
6297,993762579,-6.616589,5.877853,-3.695002,115.612976,16.301220,91.518829,-0.253935,-0.746598,-0.086745,-0.608755,
6298,993779246,-6.419528,0.982095,-12.937616,21.332809,-6.379618,103.338806,-0.242726,-0.749014,-0.077296,-0.611627,
6299,993795913,-2.369618,-9.358354,-15.212910,88.279671,-114.149849,33.770500,-0.231540,-0.762346,-0.077552,-0.599336,
6300,993812580,9.905717,-3.254650,6.280453,278.656647,-28.900263,-61.497856,-0.206337,-0.772752,-0.107741,-0.590484,
6301,993829247,67.290291,-16.625444,-9.215711,347.309357,-331.263123,76.063377,-0.165675,-0.810723,-0.118928,-0.548759,
6302,993845914,4.003920,22.142796,-12.787859,467.491333,535.062805,-53.367924,-0.104944,-0.773925,-0.174808,-0.599557,
6303,993862581,-1.035405,26.836185,7.499019,-239.867554,-315.930084,32.173382,-0.137154,-0.797177,-0.145275,-0.569730,
6304,993879248,13.805283,2.038048,4.576287,-92.384956,19.509726,31.164665,-0.145044,-0.794147,-0.134502,-0.574632,
6305,993895915,19.608229,-7.029346,-2.996282,-182.265503,-100.008766,39.630455,-0.164859,-0.798913,-0.112641,-0.567337,
6306,993912582,27.797792,-13.303531,-18.390249,-207.864044,8.687463,120.196861,-0.179035,-0.794552,-0.081791,-0.574407,
6307,993929249,4.617627,-10.818603,-3.694399,84.719704,239.504028,148.050888,-0.154057,-0.777653,-0.078040,-0.604509,
6308,993945916,10.105584,-1.979260,-5.096027,-25.127598,-50.452072,132.984222,-0.145934,-0.782731,-0.059748,-0.602051,
6309,993962583,14.987585,4.153691,-6.376917,-10.252040,-100.226746,151.589417,-0.134838,-0.792207,-0.039552,-0.593854,
6310,993979250,10.546908,6.202127,-5.567521,-117.781288,3.436788,166.732758,-0.134121,-0.790090,-0.010328,-0.598049,
6311,993995917,6.388820,0.551963,-5.360263,-90.569633,-36.380985,167.485062,-0.130163,-0.791311,0.017400,-0.597144,
6312,994012584,14.406181,1.590542,-1.825399,-73.401756,-73.943970,168.925095,-0.123904,-0.795481,0.044500,-0.591504,
6313,994029251,16.219934,3.250109,1.027979,-52.141487,29.833813,176.826920,-0.115082,-0.790437,0.068781,-0.597691,
6314,994045918,11.989660,3.909978,1.583218,-78.143158,21.607864,160.671051,-0.110492,-0.785275,0.093554,-0.601981,
6315,994062585,8.461880,2.409187,-0.708262,-47.028801,14.629407,127.890266,-0.105064,-0.781249,0.111920,-0.605049,
6316,994079252,9.973166,4.165660,-0.812030,-26.918268,-6.975369,102.261543,-0.099224,-0.779605,0.125899,-0.605409,
6317,994095919,12.258182,7.527525,-1.491043,17.823929,-1.954782,100.838554,-0.088508,-0.778015,0.135677,-0.607001,
6318,994112586,8.994658,10.111771,-3.344518,97.776443,45.489616,96.546852,-0.070035,-0.773097,0.137254,-0.615286,
6319,994129253,3.561989,16.612085,-3.695880,152.080185,85.076035,78.091400,-0.047859,-0.765094,0.131408,-0.628548,
6320,994145920,-2.639367,19.780657,-0.533754,28.741781,70.991638,38.075573,-0.042779,-0.757933,0.132419,-0.637316,
6321,994162587,-5.785216,15.391053,-0.101505,-42.866325,54.213394,-29.975258,-0.051577,-0.753087,0.132648,-0.642342,
6322,994179254,-4.075087,10.738778,-0.414235,-60.826843,38.125484,-80.588638,-0.066754,-0.750442,0.129105,-0.644757,
6323,994195921,1.372023,4.435582,2.731142,-54.045418,41.443581,-100.208206,-0.083074,-0.747705,0.122710,-0.647285,
6324,994212588,6.485013,3.995891,2.179169,-38.240799,9.360243,-137.888184,-0.100621,-0.748564,0.111073,-0.645903,
6325,994229255,19.216614,13.172562,-1.334747,-28.800812,-106.243553,-187.867615,-0.119892,-0.760681,0.094718,-0.630888,
6326,994245922,26.611670,9.739232,-9.616000,-60.968666,22.084898,-181.661865,-0.143817,-0.759687,0.079677,-0.629161,
6327,994262589,11.481938,0.301339,2.974916,-231.577972,163.718460,-155.794647,-0.185634,-0.740716,0.080015,-0.640685,
6328,994279256,16.526571,5.608233,-0.250865,152.630341,-32.161060,-148.571671,-0.182824,-0.749082,0.050497,-0.634745,
6329,994295923,22.679026,2.873048,-4.571846,3.487109,26.035620,-133.674255,-0.195187,-0.747482,0.034784,-0.634005,
6330,994312590,23.917433,1.862460,-3.760758,87.838478,21.764816,-130.757507,-0.197996,-0.748304,0.011717,-0.633010,
6331,994329257,20.182110,2.777029,-0.265160,23.207916,68.985359,-159.092056,-0.210407,-0.742516,-0.009849,-0.635847,
6332,994345924,18.490341,2.012446,-1.180282,6.078322,9.714861,-159.832809,-0.224691,-0.741233,-0.028091,-0.631900,
6333,994362591,18.695797,-0.883962,-2.203728,23.061302,-2.829946,-156.035477,-0.236724,-0.741269,-0.047058,-0.626312,
6334,994379258,14.487285,-4.417098,-0.946185,25.671526,-16.017605,-164.301300,-0.249181,-0.742119,-0.066671,-0.618645,
6335,994395925,11.061928,-4.528904,-0.484443,20.081244,-1.592273,-154.862259,-0.261110,-0.741144,-0.085246,-0.612585,
6336,994412592,8.591329,-3.576092,-0.262975,39.829662,-18.505711,-127.040962,-0.268519,-0.742432,-0.101900,-0.605234,
6337,994429259,7.289681,-3.083196,0.368662,12.860059,-13.444518,-99.897102,-0.276294,-0.742396,-0.113412,-0.599705,
6338,994445926,6.703261,-4.076188,-0.696522,-5.418824,-2.460425,-80.558807,-0.284122,-0.740852,-0.121662,-0.596332,
6339,994462593,4.880130,-6.742543,-2.565955,64.525635,-21.821779,-50.639042,-0.282116,-0.744297,-0.131936,-0.590784,
6340,994479260,3.601138,-5.344625,-1.422455,108.020348,-41.613842,-13.296778,-0.272510,-0.751782,-0.141063,-0.583663,
6341,994495927,3.151270,0.209755,4.064804,41.845345,-28.128511,40.775169,-0.265221,-0.756472,-0.139167,-0.581411,
6342,994512594,1.618667,6.219234,8.770554,-62.832237,41.739635,81.038368,-0.264586,-0.751901,-0.126660,-0.590419,
6343,994529261,-0.921363,4.270849,1.488289,76.676987,85.924057,94.100525,-0.246665,-0.748872,-0.126360,-0.601980,
6344,994545928,-3.779994,6.471354,-6.955376,244.677811,33.185318,101.181023,-0.210562,-0.755881,-0.137981,-0.604374,
6345,994562595,-5.145411,2.728314,-11.402387,81.096710,-51.790989,72.432091,-0.196481,-0.764100,-0.135661,-0.599285,
6346,994579262,1.394584,-1.098155,1.425191,41.953091,-46.989895,-17.404243,-0.194447,-0.768864,-0.140026,-0.592816,
6347,994595929,6.558489,-4.990861,1.026544,294.595337,13.835826,-69.053490,-0.167187,-0.773697,-0.173518,-0.585946,
6348,994612596,44.356796,-15.073704,-13.777926,222.098389,-254.454926,181.231033,-0.133114,-0.803995,-0.165720,-0.555346,
6349,994629263,18.565201,17.329908,-16.813860,339.032227,355.414978,64.925522,-0.079530,-0.781201,-0.192059,-0.588653,
6350,994645930,3.312761,33.389832,11.708544,-267.214172,-185.016312,21.521784,-0.113290,-0.793524,-0.164492,-0.574828,
6351,994662597,13.921558,3.747107,4.351607,-181.525970,15.058387,8.461370,-0.133318,-0.789047,-0.148646,-0.580978,
6352,994679264,14.066927,-8.169752,-5.082870,-234.526291,31.053076,17.909605,-0.158153,-0.781641,-0.127408,-0.589738,
6353,994695931,28.223091,-17.798025,-10.881265,-127.603699,-21.723982,150.075912,-0.160315,-0.782879,-0.098970,-0.592962,
6354,994712598,6.471392,-13.059626,-2.997857,39.793354,127.823372,140.744202,-0.141933,-0.774357,-0.089430,-0.610105,
6355,994729265,13.583923,-3.225183,-5.731818,77.505638,-28.811480,108.217339,-0.124138,-0.779633,-0.083612,-0.608088,
6356,994745932,13.767921,1.077326,-6.874935,62.855480,15.282409,113.355530,-0.106966,-0.780521,-0.076679,-0.611117,
6357,994762599,11.753884,6.960170,-5.314653,44.793747,-18.297548,148.729279,-0.089029,-0.784173,-0.063571,-0.610823,
6358,994779266,13.234632,9.275343,-5.156768,-25.632374,-26.529631,144.152603,-0.079565,-0.787223,-0.044591,-0.609886,
6359,994795933,13.596698,9.191660,-4.001673,-66.881073,23.039501,137.703476,-0.075036,-0.784979,-0.023246,-0.614522,
6360,994812600,10.117023,7.406156,-2.279294,-74.337860,33.713696,151.660507,-0.070037,-0.781305,0.000255,-0.620207,
6361,994829267,9.173925,6.553545,-1.035078,-64.877464,4.173730,143.453308,-0.064664,-0.779946,0.022271,-0.622098,
6362,994845934,9.708578,5.528834,-0.822270,-67.947762,3.168145,119.481796,-0.061777,-0.778370,0.041844,-0.623356,
6363,994862601,11.781823,4.726744,-0.404297,-52.879807,8.921542,101.632591,-0.058818,-0.776256,0.057962,-0.624986,
6364,994879268,12.975948,5.773096,-0.147311,-35.528404,18.487501,95.694763,-0.054507,-0.773275,0.071736,-0.627636,
6365,994895935,9.292027,7.776508,-0.701489,12.712946,46.066536,109.635292,-0.043774,-0.767813,0.082437,-0.633838,
6366,994912602,3.072694,10.187705,-1.269504,71.536575,78.119934,113.621361,-0.026474,-0.759414,0.087920,-0.644096,
6367,994929269,-2.332995,13.034348,-1.659477,68.072746,68.587242,81.757584,-0.012409,-0.751983,0.090205,-0.652863,
6368,994945936,-5.298504,12.139477,-2.212304,29.045504,55.344501,9.816680,-0.009272,-0.746526,0.088332,-0.659402,
6369,994962603,-4.070933,9.529072,-1.184652,6.386904,45.453484,-68.382019,-0.015969,-0.742903,0.080142,-0.664392,
6370,994979270,0.152773,9.875295,1.119143,-43.000599,30.828096,-116.147095,-0.032445,-0.740950,0.071577,-0.666946,
6371,994995937,6.548874,10.400525,0.351846,-131.846115,-4.051022,-168.850967,-0.063220,-0.742011,0.066063,-0.664122,
6372,995012604,18.865168,11.857434,-0.993858,-126.532669,-60.535763,-189.050812,-0.094762,-0.747964,0.058304,-0.654347,
6373,995029271,25.702482,5.341892,-5.956592,-84.459320,18.586149,-155.311661,-0.119103,-0.745982,0.049062,-0.653389,
6374,995045938,12.033868,1.826468,0.175110,-18.466688,93.447693,-135.643158,-0.134877,-0.737413,0.034357,-0.660946,
6375,995062605,15.296103,5.020475,-3.682739,49.096134,0.486001,-141.746826,-0.143453,-0.738737,0.014308,-0.658394,
6376,995079272,17.643433,3.076683,-4.119873,63.665779,5.977306,-131.344864,-0.149413,-0.739471,-0.006139,-0.656369,
6377,995095939,23.903681,2.341699,-3.168473,92.276733,-13.511998,-119.532845,-0.151112,-0.742347,-0.027621,-0.652167,
6378,995112606,20.484423,2.108472,-2.185376,32.724895,34.915443,-135.660706,-0.160505,-0.738909,-0.046245,-0.652772,
6379,995129273,15.270912,2.083292,-2.276742,-1.220445,-11.933803,-143.378647,-0.174520,-0.738745,-0.061361,-0.648100,
6380,995145940,17.609903,1.312826,-3.560896,-30.710806,-53.536186,-145.111923,-0.192151,-0.741375,-0.072797,-0.638859,
6381,995162607,14.370581,-1.570515,-2.667301,-74.446861,-46.042210,-154.393906,-0.215163,-0.741541,-0.081333,-0.630243,
6382,995179274,11.069217,-3.028571,-1.897995,-85.768471,-48.039364,-152.872589,-0.239128,-0.741039,-0.088549,-0.621158,
6383,995195941,9.413985,-3.179547,-0.877023,-91.313522,-24.643587,-127.400841,-0.260938,-0.738096,-0.093275,-0.615163,
6384,995212608,8.795059,-4.009359,-0.105950,-44.420803,-36.529491,-90.948036,-0.274511,-0.738197,-0.097794,-0.608396,
6385,995229275,7.164447,-5.420190,-0.280856,-38.017559,-21.714022,-65.400177,-0.284869,-0.737464,-0.100709,-0.604032,
6386,995245942,4.818426,-8.166501,-2.406078,4.652896,-17.089815,-51.226749,-0.289307,-0.738227,-0.106031,-0.600066,
6387,995262609,2.695053,-8.661494,-2.202404,89.347336,-27.461576,-25.181929,-0.282499,-0.743765,-0.115498,-0.594700,
6388,995279276,2.177503,-5.401472,3.904033,82.941711,-36.243855,13.656792,-0.273119,-0.750315,-0.119826,-0.589978,
6389,995295943,2.260956,2.520682,7.175987,-31.145061,31.087784,49.456863,-0.271906,-0.747081,-0.113116,-0.595937,
6390,995312610,-1.749424,2.473608,2.678252,87.060112,109.796677,61.676903,-0.255418,-0.741680,-0.118402,-0.608813,
6391,995329277,-3.745198,5.320427,-2.078557,223.505478,23.078400,66.129387,-0.225105,-0.748490,-0.131970,-0.609650,
6392,995345944,-3.765175,5.035092,-10.286151,205.395737,-16.213846,72.527763,-0.196709,-0.757511,-0.141810,-0.606113,
6393,995362611,-0.904329,4.429629,-7.863232,153.388596,-87.347977,43.903065,-0.177866,-0.770088,-0.148066,-0.594479,
6394,995379278,13.786963,-9.741119,4.477358,115.123917,-75.402496,-16.146122,-0.168146,-0.778932,-0.157969,-0.583128,
6395,995395945,59.468216,-9.946778,-17.218809,425.375458,-160.261429,177.517426,-0.108392,-0.804882,-0.169731,-0.558217,
6396,995412612,1.700609,50.047913,-1.364396,223.675751,269.192169,-0.814964,-0.075674,-0.785353,-0.192114,-0.583597,
6397,995429279,9.166305,15.552036,7.156975,-409.881775,-78.484703,-3.277915,-0.124977,-0.785811,-0.156607,-0.585112,
6398,995445946,4.695892,-11.907856,-4.772423,-289.793060,68.166786,-59.391472,-0.161659,-0.772471,-0.139938,-0.597974,
6399,995462613,25.538713,-17.037460,-7.590337,-129.961365,-182.407501,99.149155,-0.171438,-0.786656,-0.113240,-0.582200,
6400,995479280,18.977951,-17.015369,-9.611961,17.126432,197.106110,159.760529,-0.152780,-0.772345,-0.101372,-0.608166,
6401,995495947,2.706632,-3.607143,-2.444735,88.902626,20.889462,121.919083,-0.131856,-0.773941,-0.096088,-0.611879,
6402,995512614,19.008392,6.107572,-5.574220,46.977081,-64.675407,101.514084,-0.118607,-0.781744,-0.087689,-0.605903,
6403,995529281,15.046507,6.612043,-4.964322,-32.857864,24.623159,131.100266,-0.110646,-0.780390,-0.070400,-0.611385,
6404,995545948,8.330074,1.938523,-5.433495,-53.849789,-7.461430,151.517166,-0.103529,-0.781396,-0.048379,-0.613483,
6405,995562615,12.404788,0.416617,-4.110833,-56.572571,-46.965633,143.887054,-0.097625,-0.785409,-0.026361,-0.610661,
6406,995579282,15.811128,1.679429,-4.555390,-24.020817,-3.467435,156.941940,-0.086624,-0.785651,-0.006346,-0.612542,
6407,995595949,15.087377,9.282804,-1.420676,-6.277636,29.862427,164.028244,-0.072885,-0.782720,0.012480,-0.617965,
6408,995612616,10.474092,10.317114,-0.911990,-14.650983,50.379276,143.852036,-0.061913,-0.777473,0.029538,-0.625164,
6409,995629283,8.368521,8.442422,0.874746,-29.046011,24.599508,108.434181,-0.055657,-0.774294,0.044120,-0.628827,
6410,995645950,10.927085,6.794312,-0.525283,-33.346874,25.968025,81.809334,-0.052319,-0.770951,0.056075,-0.632259,
6411,995662617,10.009608,5.580828,-2.904569,1.746047,48.902431,92.892921,-0.044204,-0.765519,0.065859,-0.638506,
6412,995679284,7.989884,8.078197,-2.484438,62.893803,71.562744,105.330025,-0.028331,-0.758007,0.071181,-0.647731,
6413,995695951,3.813249,11.729177,-2.243525,81.917740,83.751144,103.290375,-0.010668,-0.749093,0.074401,-0.658187,
6414,995712618,-2.126741,14.684951,-1.861135,34.282684,79.627281,71.307137,-0.001210,-0.740555,0.078674,-0.667373,
6415,995729285,-7.371229,13.974532,-2.955033,-33.766609,62.385185,-0.051892,-0.005811,-0.734357,0.081850,-0.673785,
6416,995745952,-6.635707,10.468180,-2.006571,-44.333256,31.912714,-62.299255,-0.017280,-0.731782,0.079426,-0.676674,
6417,995762619,-0.291942,9.694884,-0.588795,-94.343239,-4.695112,-112.128670,-0.038550,-0.733033,0.076688,-0.674755,
6418,995779286,8.286203,7.255630,-1.383533,-162.112854,-35.829994,-179.396790,-0.073259,-0.737071,0.073533,-0.667797,
6419,995795953,26.847668,12.190556,0.450864,-151.983582,-101.794197,-211.838287,-0.109220,-0.746880,0.066512,-0.652546,
6420,995812620,24.351328,-0.005389,-4.694936,-112.502396,68.602562,-132.831589,-0.134919,-0.739475,0.061537,-0.656647,
6421,995829287,11.868549,1.126630,-0.903753,42.092567,44.256191,-130.880310,-0.143506,-0.736965,0.042448,-0.659155,
6422,995845954,14.778566,2.935210,-3.300116,17.424814,15.914611,-146.131989,-0.155958,-0.736411,0.024663,-0.657850,
6423,995862621,20.491711,0.626778,-3.705893,73.054695,-7.910441,-132.144623,-0.160953,-0.738994,0.003582,-0.654193,
6424,995879288,24.410023,1.516402,-2.192226,124.702682,20.094236,-127.012482,-0.159828,-0.739686,-0.022517,-0.653308,
6425,995895955,16.906101,1.227494,0.223048,65.769806,25.842913,-145.609283,-0.166689,-0.737940,-0.045138,-0.652396,
6426,995912622,15.887243,1.605194,-0.883635,69.418335,-32.814182,-134.691025,-0.172417,-0.741523,-0.065485,-0.645079,
6427,995929289,17.640520,0.731867,-0.922458,17.624416,-53.000103,-135.996902,-0.183961,-0.745327,-0.080575,-0.635730,
6428,995945956,13.593636,-1.156114,-0.903212,-33.283184,-44.384731,-150.466995,-0.202165,-0.746424,-0.092716,-0.627203,
6429,995962623,11.093747,-1.295050,-0.461583,-69.105362,-43.177719,-149.670395,-0.224050,-0.745929,-0.101482,-0.618944,
6430,995979290,9.270031,-2.327496,-0.780669,-82.873703,-25.297539,-132.379379,-0.245475,-0.743198,-0.107655,-0.613033,
6431,995995957,7.687384,-3.043373,-0.798561,-80.878677,-24.448673,-106.602066,-0.264257,-0.740516,-0.111199,-0.607815,
6432,996012624,6.175563,-5.265613,-1.375708,-49.881779,-33.092922,-75.691437,-0.277027,-0.740067,-0.113788,-0.602170,
6433,996029291,4.125529,-6.979307,-1.699726,16.935287,-62.590412,-36.431835,-0.279609,-0.745426,-0.116795,-0.593732,
6434,996045958,3.477164,-5.437334,-0.335170,48.231873,-61.774521,0.513322,-0.275558,-0.752526,-0.118517,-0.586281,
6435,996062625,2.075511,-0.869587,4.885737,-14.843787,-24.779701,33.257645,-0.274957,-0.754446,-0.112749,-0.585232,
6436,996079292,1.469503,2.260639,7.347422,-51.314079,33.043842,49.800358,-0.275979,-0.750192,-0.104364,-0.591739,
6437,996095959,0.204862,2.704748,1.723926,119.536469,77.833603,62.644016,-0.256487,-0.748895,-0.111045,-0.600866,
6438,996112626,-2.866891,6.808751,-5.026744,293.547333,20.330339,79.589050,-0.217185,-0.758462,-0.128802,-0.600812,
6439,996129293,-2.171448,4.551147,-12.632677,169.710266,-49.932308,86.716011,-0.191931,-0.769347,-0.132559,-0.594723,
6440,996145960,1.265695,1.190086,-4.070857,42.929974,-78.561844,16.912203,-0.187357,-0.777451,-0.132300,-0.585631,
6441,996162627,20.026085,-1.767054,1.183660,272.940247,-54.982536,-46.433861,-0.161549,-0.787875,-0.159307,-0.572516,
6442,996179294,47.427502,8.875866,-15.685875,324.705566,-110.968079,167.783920,-0.112901,-0.807268,-0.164388,-0.555471,
6443,996195961,-4.721199,20.232677,4.110198,33.842403,247.763123,-59.226379,-0.107890,-0.785684,-0.178144,-0.582516,
6444,996212628,7.174566,2.419382,5.926345,-271.307587,-122.944229,-55.660522,-0.146862,-0.789483,-0.159534,-0.574191,
6445,996229295,11.524403,-5.255633,-0.817943,-128.612061,-29.799719,52.526852,-0.158091,-0.790124,-0.142213,-0.574879,
6446,996245962,26.499281,-10.783722,-7.338909,-89.154343,-61.615738,209.587570,-0.152184,-0.796951,-0.109301,-0.574249,
6447,996262629,15.551066,-10.671797,-5.887205,-39.541779,179.506943,140.938354,-0.142245,-0.782733,-0.093696,-0.598595,
6448,996279296,8.794687,-2.224601,-3.057140,26.490671,-5.452356,106.513069,-0.130206,-0.784971,-0.083860,-0.599862,
6449,996295963,16.045950,4.157344,-3.170831,-26.106619,-33.639812,110.181587,-0.124157,-0.788506,-0.068462,-0.598461,
6450,996312630,12.606595,-0.588217,-5.522572,-36.205357,12.176005,127.386620,-0.117272,-0.787784,-0.051016,-0.602528,
6451,996329297,10.451364,-1.589150,-5.064419,-6.912003,-9.402543,141.798080,-0.105881,-0.789249,-0.034098,-0.603914,
6452,996345964,14.608043,1.000003,-4.438715,16.076883,-32.450054,145.244293,-0.091615,-0.792761,-0.018433,-0.602325,
6453,996362631,18.343325,6.228783,-4.548589,-5.649660,-26.990288,142.623886,-0.080027,-0.795142,-0.001231,-0.601118,
6454,996379298,13.798980,8.686339,-3.273734,-29.105116,66.617264,153.834503,-0.070115,-0.788653,0.018229,-0.610556,
6455,996395965,8.498366,8.307517,-0.915459,-44.163174,24.673449,150.043335,-0.062116,-0.785298,0.039005,-0.614758,
6456,996412632,9.534818,5.998671,-1.063249,-52.318150,20.911198,122.453888,-0.057468,-0.782007,0.057376,-0.617957,
6457,996429299,10.140038,5.756879,-0.821630,-45.751862,20.468781,103.353882,-0.053769,-0.778713,0.072969,-0.620798,
6458,996445966,10.237948,6.517375,-1.890983,-26.717327,30.206341,102.026093,-0.048126,-0.774498,0.086597,-0.624770,
6459,996462633,7.147752,8.156443,-2.065783,3.575610,41.384289,104.789764,-0.038949,-0.769245,0.097682,-0.630240,
6460,996479300,3.424138,9.205784,-2.455714,50.286800,52.278416,102.342308,-0.024918,-0.763065,0.104121,-0.637393,
6461,996495967,-0.404479,12.632442,-3.336285,75.297585,57.040924,83.252205,-0.009943,-0.756573,0.106066,-0.645173,
6462,996512634,-3.839500,16.423040,-3.668688,35.014969,43.513672,33.164925,-0.003897,-0.751907,0.106277,-0.650634,
6463,996529301,-6.340268,15.585151,-0.859462,-40.025040,29.139284,-36.704395,-0.012450,-0.749575,0.105944,-0.653267,
6464,996545968,-3.924447,12.486039,2.384265,-106.597527,3.904511,-86.180992,-0.032573,-0.750098,0.106559,-0.651871,
6465,996562635,2.217903,11.137441,-0.691142,-200.247131,-22.085577,-126.895844,-0.066340,-0.752664,0.111643,-0.645470,
6466,996579302,11.626436,7.380991,-1.769294,-237.478271,-51.906124,-176.920044,-0.108285,-0.757299,0.114852,-0.633705,
6467,996595969,30.921728,5.923636,-1.533726,-113.160515,-156.982956,-187.714615,-0.135598,-0.772436,0.106874,-0.611174,
6468,996612636,26.591530,1.094330,-9.322544,6.767586,120.662331,-142.381607,-0.149576,-0.763669,0.087730,-0.621884,
6469,996629303,7.708673,1.573282,3.079881,-35.404537,183.678711,-149.212494,-0.169510,-0.747616,0.070187,-0.638286,
6470,996645970,16.239019,4.296831,-4.357481,112.270943,-46.119522,-140.421417,-0.170060,-0.755710,0.045485,-0.630803,
6471,996662637,25.444736,2.321300,-2.999021,79.835396,-10.992737,-123.630455,-0.172766,-0.759216,0.024707,-0.627002,
6472,996679304,28.559538,0.347800,-6.290080,44.298519,28.991995,-135.926300,-0.180579,-0.757877,0.004797,-0.626890,
6473,996695971,15.154284,-0.169126,-1.709692,-19.653908,93.537689,-165.790512,-0.198093,-0.748521,-0.014270,-0.632670,
6474,996712638,19.400795,0.508085,-4.191641,7.997007,-46.199978,-166.397186,-0.212801,-0.752282,-0.031910,-0.622711,
6475,996729305,17.512724,-1.612567,-2.525070,-12.076004,-5.057409,-185.546280,-0.231097,-0.751086,-0.051078,-0.616323,
6476,996745972,12.418281,-4.498597,-2.294033,-3.540697,-33.431831,-191.407990,-0.249015,-0.752094,-0.070656,-0.606097,
6477,996762639,10.373425,-2.805237,0.781131,-11.536029,-1.459369,-170.289734,-0.265438,-0.749670,-0.088322,-0.599780,
6478,996779306,8.866703,-2.367427,0.813542,-8.658739,-12.251412,-128.050781,-0.277866,-0.748472,-0.101176,-0.593585,
6479,996795973,7.736051,-2.773297,0.479892,-9.245632,1.921926,-92.226837,-0.286980,-0.746348,-0.110623,-0.590228,
6480,996812640,5.748420,-5.044981,0.417951,-2.672273,-13.992814,-59.924469,-0.292824,-0.746283,-0.116446,-0.586307,
6481,996829307,4.469681,-4.386301,0.718981,27.798124,-22.020864,-27.556984,-0.292716,-0.748702,-0.121004,-0.582341,
6482,996845974,2.202860,-2.147763,2.990888,40.545635,-15.346722,8.568141,-0.288029,-0.751703,-0.122985,-0.580393,
6483,996862641,0.303051,2.673675,6.862656,-46.403614,17.649157,39.066605,-0.289665,-0.748775,-0.115666,-0.584851,
6484,996879308,-0.072275,-0.090999,3.210141,-35.014248,97.338509,61.582012,-0.286749,-0.739778,-0.110199,-0.598630,
6485,996895975,-0.583456,0.551149,-0.982179,156.924469,95.766052,76.351395,-0.261761,-0.738737,-0.119725,-0.609438,
6486,996912642,-1.574277,0.391115,-10.283694,248.372040,58.979046,85.075127,-0.226512,-0.743718,-0.134875,-0.614315,
6487,996929309,-2.375296,-0.531458,-17.733667,217.230820,-65.584152,86.488434,-0.196633,-0.757809,-0.142805,-0.605531,
6488,996945976,6.696190,0.111655,7.650843,-52.417049,-81.627670,-1.967095,-0.204451,-0.763229,-0.136177,-0.597609,
6489,996962643,39.013256,-1.099718,5.978337,429.030396,-54.974648,-32.786861,-0.160578,-0.778438,-0.175299,-0.580963,
6490,996979310,32.122032,16.621098,-22.125303,244.960251,156.850891,134.062241,-0.117535,-0.773326,-0.184405,-0.595102,
6491,996995977,-10.687831,19.556620,-5.148661,28.811522,209.185043,-69.904732,-0.114851,-0.753277,-0.198344,-0.616476,
6492,997012644,1.341364,-9.472014,-6.527127,-310.410614,-234.572601,-106.954910,-0.165175,-0.764573,-0.178084,-0.597019,
6493,997029311,11.020298,-0.196104,5.230709,80.384743,-140.025787,19.738699,-0.158286,-0.778807,-0.179571,-0.579793,
6494,997045978,23.091661,0.613507,-0.867115,-70.861282,-160.265549,203.413620,-0.153406,-0.795257,-0.146855,-0.567860,
6495,997062645,24.281155,-1.873244,-13.766099,-87.948441,101.489838,181.530426,-0.146516,-0.788217,-0.120904,-0.585344,
6496,997079312,6.869656,1.700132,2.203289,-98.796799,157.390060,117.523788,-0.145177,-0.774235,-0.102427,-0.607447,
6497,997095979,17.125263,1.266279,-2.274012,-126.475777,-79.579552,118.115295,-0.150302,-0.779918,-0.076342,-0.602750,
6498,997112646,11.252490,-5.529665,-3.936906,-118.954536,29.771940,142.199860,-0.151135,-0.775862,-0.050517,-0.610446,
6499,997129313,8.946127,-5.694652,-4.273350,-45.498535,-19.960890,173.194092,-0.141182,-0.777512,-0.026584,-0.612238,
6500,997145980,10.323191,-4.913249,-3.599447,-63.706692,-55.237415,170.372299,-0.133572,-0.781364,-0.000604,-0.609614,
6501,997162647,13.694270,-1.169755,-6.074290,-16.663025,-67.768684,183.780212,-0.119322,-0.786632,0.022974,-0.605346,
6502,997179314,16.106161,5.965155,-5.626871,69.148369,-6.419123,197.307388,-0.094164,-0.787270,0.039461,-0.608097,
6503,997195981,13.201835,13.395338,3.284921,-51.634068,57.174965,172.117432,-0.085352,-0.780121,0.062842,-0.616585,
6504,997212648,8.303168,6.117164,-1.843823,-134.607803,1.863066,129.544815,-0.089207,-0.776711,0.089470,-0.617055,
6505,997229315,10.159469,5.108814,-1.371806,-103.929878,-26.990086,110.025589,-0.090920,-0.776065,0.111458,-0.614030,
6506,997245982,13.229431,7.872811,-1.082986,-4.145073,-18.854271,121.532593,-0.080442,-0.775511,0.125684,-0.613445,
6507,997262649,8.870428,13.314097,-2.987378,139.888428,64.531914,116.635262,-0.055638,-0.768868,0.125457,-0.624504,
6508,997279316,1.540161,21.284294,-2.118699,144.738205,87.134621,74.647606,-0.034483,-0.760403,0.119817,-0.637371,
6509,997295983,-5.134062,18.403488,1.892012,19.220903,72.461693,-8.557438,-0.034656,-0.753799,0.116624,-0.645743,
6510,997312650,-4.602683,12.882283,-0.389086,-38.236023,60.930214,-82.700523,-0.047899,-0.749101,0.110733,-0.651376,
6511,997329317,-1.054527,9.665010,-1.929800,-76.993729,46.294247,-110.462372,-0.067747,-0.745703,0.105550,-0.654367,
6512,997345984,1.221962,6.895846,-0.329635,-76.319344,30.264008,-120.273430,-0.088182,-0.743652,0.099345,-0.655236,
6513,997362651,6.019780,6.967701,-0.206854,-83.056831,-11.105662,-134.440567,-0.110052,-0.745290,0.092724,-0.651025,
6514,997379318,18.343683,7.916537,0.025996,-60.103821,-84.576302,-199.938263,-0.134559,-0.754526,0.077934,-0.637581,
6515,997395985,31.803131,8.343650,-4.442914,-6.289556,-109.456390,-181.700760,-0.151053,-0.766143,0.060559,-0.621723,
6516,997412652,18.733456,1.119145,-3.780219,-55.642952,232.354599,-142.074005,-0.172275,-0.744422,0.044476,-0.643566,
6517,997429319,8.197020,2.880737,2.291307,153.521042,45.767082,-144.155960,-0.169614,-0.744431,0.013205,-0.645662,
6518,997445986,18.547272,7.379890,-5.092137,23.603947,-24.128422,-135.330688,-0.179937,-0.747256,-0.003199,-0.639703,
6519,997462653,24.590275,3.852537,-6.621068,17.222279,-14.405394,-130.652756,-0.190442,-0.748715,-0.018754,-0.634669,
6520,997479320,19.252142,1.367870,-1.550860,-34.104832,34.938114,-160.794601,-0.209087,-0.743746,-0.034211,-0.633998,
6521,997495987,16.898594,-2.244533,-1.486383,-13.804728,-16.460642,-152.851166,-0.224940,-0.743754,-0.049095,-0.627552,
6522,997512654,16.907995,-2.978844,-1.184535,0.581838,-25.657698,-136.420029,-0.237695,-0.744843,-0.063189,-0.620255,
6523,997529321,13.992455,-3.808679,-0.948403,-11.674943,-39.204639,-135.807251,-0.251742,-0.746420,-0.075614,-0.611363,
6524,997545988,11.424929,-3.116702,-0.267585,-25.521322,-22.634455,-131.638245,-0.266630,-0.745753,-0.086928,-0.604321,
6525,997562655,8.882214,-2.962976,-0.558412,-27.146708,-27.413961,-116.322754,-0.280311,-0.745366,-0.096217,-0.597158,
6526,997579322,7.804822,-2.869090,-1.069729,-28.491608,-28.673800,-92.255028,-0.291984,-0.745167,-0.102702,-0.590697,
6527,997595989,5.294122,-5.496238,-1.672480,-20.453760,-17.300865,-77.202393,-0.301268,-0.744421,-0.108708,-0.585881,
6528,997612656,3.189607,-10.048587,-2.662413,43.017933,-41.053570,-52.229370,-0.301881,-0.748773,-0.116361,-0.578504,
6529,997629323,5.786416,-6.715665,0.327266,121.599388,-86.684654,17.359304,-0.288760,-0.761368,-0.121005,-0.567710,
6530,997645990,5.956561,6.181682,8.495818,-1.536077,20.325520,74.637833,-0.282571,-0.760739,-0.113595,-0.573172,
6531,997662657,0.643617,6.071637,6.511029,-15.668612,115.412987,88.602974,-0.275133,-0.751610,-0.107337,-0.589799,
6532,997679324,-3.496453,5.319364,0.720053,159.384933,107.069023,94.037140,-0.248034,-0.749751,-0.115092,-0.602582,
6533,997695991,-4.107425,7.087968,-8.850368,210.341446,-5.554234,107.531059,-0.215821,-0.759027,-0.121658,-0.602078,
6534,997712658,-4.195763,4.676076,-18.745485,74.956062,-72.936539,89.675598,-0.201139,-0.769051,-0.116135,-0.595496,
6535,997729325,7.427887,4.543376,7.709500,53.227505,-68.049576,-41.144016,-0.200077,-0.775589,-0.123473,-0.585820,
6536,997745992,48.703957,-18.101866,-2.408915,219.935638,-149.661118,-17.325006,-0.179484,-0.793700,-0.139845,-0.564152,
6537,997762659,9.303143,3.146696,-12.717105,371.605652,341.278870,59.677078,-0.124482,-0.774315,-0.172067,-0.596098,
6538,997779326,-2.749825,20.288464,3.816532,13.993970,-105.515930,20.855003,-0.123896,-0.783995,-0.169105,-0.584298,
6539,997795993,14.450903,3.167052,0.940324,-71.930687,-59.928318,46.221149,-0.129811,-0.788690,-0.156736,-0.580129,
6540,997812660,24.988062,-0.609967,-1.127723,-84.104897,-57.579185,102.602821,-0.132267,-0.793979,-0.136864,-0.577382,
6541,997829327,20.378407,-6.206116,-10.764058,-132.373322,133.745438,63.971874,-0.139643,-0.780997,-0.120990,-0.596577,
6542,997845994,4.591318,-5.587379,-1.818296,-52.253559,100.646660,100.267838,-0.135253,-0.772635,-0.107188,-0.610944,
6543,997862661,12.589425,-0.249715,-4.624577,3.162501,-46.503799,117.428055,-0.125346,-0.778391,-0.093439,-0.608000,
6544,997879328,16.493382,1.367088,-6.048427,-42.803947,4.240363,103.039513,-0.121187,-0.778399,-0.078152,-0.610983,
6545,997895995,10.756544,-0.817062,-5.874626,-34.092384,21.248665,126.418266,-0.113730,-0.777072,-0.061266,-0.616012,
6546,997912662,10.602340,0.651598,-4.569482,-11.289414,-28.159327,148.179794,-0.102137,-0.780416,-0.043120,-0.615353,
6547,997929329,15.815357,5.197442,-3.611321,-22.243227,-33.138706,144.328995,-0.092115,-0.783653,-0.024336,-0.613848,
6548,997945996,15.872334,8.299407,-2.231148,-67.959572,20.408764,141.507965,-0.087321,-0.781100,-0.002497,-0.618265,
6549,997962663,9.868942,6.041208,-1.225906,-71.077065,32.099243,146.477310,-0.082384,-0.777025,0.020036,-0.623733,
6550,997979330,9.415063,4.722446,-0.406920,-56.779934,8.040622,131.565582,-0.077077,-0.774956,0.039866,-0.626029,
6551,997995997,11.144931,3.675359,-1.209897,-57.270561,3.703463,107.299156,-0.073982,-0.773130,0.057038,-0.627330,
6552,998012664,11.876113,4.249184,-1.194480,-25.055792,21.155617,93.902504,-0.068615,-0.769969,0.069562,-0.630555,
6553,998029331,10.382081,7.482857,-1.814096,22.188276,37.048473,98.631729,-0.057671,-0.765603,0.078106,-0.635944,
6554,998045998,5.747531,11.723295,-3.086494,92.964027,57.213173,115.531136,-0.037495,-0.759479,0.081785,-0.644280,
6555,998062665,-0.745138,15.761662,-2.978668,97.641678,58.915424,113.903969,-0.016961,-0.752836,0.084789,-0.652504,
6556,998079332,-7.107891,16.727049,-0.880358,21.819057,45.224842,55.662003,-0.010090,-0.747776,0.088613,-0.657933,
6557,998095999,-8.359780,11.824122,-1.242886,-38.734440,28.778788,-46.082390,-0.019335,-0.745433,0.087173,-0.660573,
6558,998112666,-1.694870,7.216867,-1.853700,-70.635109,6.746693,-98.898979,-0.036835,-0.745630,0.083113,-0.660129,
6559,998129333,4.523049,5.768305,1.119926,-73.377846,13.702118,-135.922058,-0.058258,-0.745279,0.075225,-0.659929,
6560,998146000,11.144513,7.329026,0.166849,-82.200249,-18.365238,-178.524384,-0.084335,-0.747889,0.063783,-0.655348,
6561,998162667,21.153311,12.071525,-3.098740,-76.648788,-80.670486,-162.128677,-0.107603,-0.755729,0.054305,-0.643697,
6562,998179334,20.790840,5.764245,-4.748013,-52.262451,60.370750,-132.470413,-0.126462,-0.750003,0.043555,-0.647769,
6563,998196001,12.067549,3.643933,0.080860,34.424213,37.025570,-143.887787,-0.136731,-0.747760,0.023798,-0.649301,
6564,998212668,15.691687,4.927512,-3.701061,64.880379,-1.393780,-148.675842,-0.143934,-0.749368,0.001397,-0.646319,
6565,998229335,18.861307,5.361979,-3.859973,88.929802,-18.495705,-136.223984,-0.147261,-0.752660,-0.021551,-0.641368,
6566,998246002,25.620064,5.710208,-3.740872,55.131756,-25.012945,-128.810043,-0.153542,-0.755481,-0.040385,-0.635643,
6567,998262669,20.526117,2.455533,-1.047090,-33.373081,42.268234,-148.573029,-0.170903,-0.749621,-0.054690,-0.637079,
6568,998279336,18.760550,-0.149221,-2.007001,-43.844433,-38.080414,-153.128433,-0.190367,-0.750488,-0.066494,-0.629370,
6569,998296003,17.945988,-2.552373,-2.416658,-41.977135,-38.661572,-165.452164,-0.210640,-0.750877,-0.079753,-0.620850,
6570,998312670,13.106253,-4.161763,-1.507648,-31.096355,-43.821228,-166.840439,-0.229766,-0.751553,-0.093933,-0.611189,
6571,998329337,9.944017,-2.795568,0.463289,-56.854618,-11.157838,-146.219986,-0.249286,-0.748298,-0.104601,-0.605776,
6572,998346004,8.382304,-2.575159,0.691531,-16.777761,-22.651793,-111.128647,-0.261422,-0.747735,-0.114520,-0.599529,
6573,998362671,8.338485,-3.635906,-0.139370,-7.457590,-15.849257,-72.295074,-0.268990,-0.747429,-0.121260,-0.595223,
6574,998379338,6.772666,-5.516414,-1.079774,-7.185610,-4.906253,-46.088558,-0.274039,-0.746584,-0.125591,-0.593078,
6575,998396005,4.319757,-6.900422,-1.442056,31.968618,-14.763219,-24.805449,-0.273164,-0.748507,-0.130586,-0.589971,
6576,998412672,3.067121,-5.838268,0.415441,66.526161,-32.178047,3.922872,-0.266367,-0.753787,-0.134714,-0.585411,
6577,998429339,2.841530,1.797838,5.742510,12.454814,-11.599804,45.102539,-0.261565,-0.755968,-0.130508,-0.585716,
6578,998446006,1.313581,3.104188,4.224918,14.252962,87.374947,72.884949,-0.252279,-0.750188,-0.127144,-0.597835,
6579,998462673,-1.951684,3.458117,0.030459,175.370758,66.053093,74.962120,-0.225489,-0.751785,-0.136708,-0.604388,
6580,998479340,-2.812742,4.088757,-8.304399,252.146347,6.228190,76.558685,-0.191100,-0.760320,-0.150725,-0.602226,
6581,998496007,-3.555953,2.516062,-14.429791,185.112778,-64.752777,65.185692,-0.166447,-0.772070,-0.157985,-0.592658,
6582,998512674,3.829041,3.486634,-0.261679,86.987045,-54.431198,-16.788023,-0.159547,-0.778249,-0.166155,-0.584179,
6583,998529341,21.175961,-0.424026,-3.854555,291.553131,-113.044662,-41.680149,-0.132848,-0.792647,-0.192962,-0.562875,
6584,998546008,44.210384,11.468053,-10.942282,201.985092,-18.329216,163.877426,-0.096747,-0.801938,-0.190236,-0.557983,
6585,998562675,-3.831719,25.410025,7.735295,-70.627319,155.517746,-49.719925,-0.104853,-0.786534,-0.192540,-0.577319,
6586,998579342,16.858698,-2.117514,6.760118,-269.899811,-31.838650,-14.383557,-0.137925,-0.783917,-0.171008,-0.580694,
6587,998596009,27.374392,-11.911857,-3.300843,-144.870468,9.341134,83.929611,-0.147268,-0.781921,-0.149459,-0.587004,
6588,998612676,12.158129,-14.847583,-8.537207,-37.820248,168.836197,119.479912,-0.137808,-0.768775,-0.136300,-0.609438,
6589,998629343,5.811357,-8.282857,-5.049641,77.927002,71.568413,128.499207,-0.116421,-0.766169,-0.130331,-0.618421,
6590,998646010,11.916764,-0.121604,-6.298698,107.493980,-0.924588,135.493729,-0.092408,-0.770257,-0.124931,-0.618512,
6591,998662677,15.581985,6.213449,-5.677967,40.382782,-17.270447,106.142899,-0.078804,-0.774038,-0.116506,-0.617318,
6592,998679344,11.765114,5.041145,-4.499286,-30.015594,30.333755,107.105812,-0.072210,-0.772542,-0.102168,-0.622516,
6593,998696011,10.873837,1.701791,-4.093236,-32.459511,0.484511,122.205719,-0.064948,-0.773712,-0.085567,-0.624363,
6594,998712678,14.868154,2.436980,-4.197988,-30.913424,0.837480,138.642609,-0.055990,-0.774779,-0.067229,-0.626149,
6595,998729345,15.865891,4.805263,-2.615608,-52.974030,23.834442,146.224655,-0.048577,-0.773283,-0.046181,-0.630508,
6596,998746012,12.313587,4.223664,-0.588881,-61.236053,38.326054,150.159409,-0.041608,-0.770000,-0.024014,-0.636232,
6597,998762679,9.592794,3.661375,-1.023791,-19.162558,33.735065,140.010712,-0.030866,-0.766966,-0.006833,-0.640908,
6598,998779346,9.510912,4.614354,-0.660423,-26.078981,34.346378,113.849876,-0.023322,-0.763529,0.008071,-0.645301,
6599,998796013,9.938783,4.611159,-1.956611,-17.843531,41.691795,91.659523,-0.016953,-0.759255,0.019712,-0.650273,
6600,998812680,10.129903,6.389744,-3.150628,-1.986963,49.454872,87.648964,-0.009234,-0.754134,0.029384,-0.655998,
6601,998829347,8.790071,9.170604,-3.844345,20.408442,53.896385,102.810608,0.002369,-0.748366,0.038566,-0.662159,
6602,998846014,4.321124,10.619537,-4.495829,66.390526,76.792229,115.984566,0.020107,-0.740010,0.044743,-0.670804,
6603,998862681,-0.164577,14.260032,-3.009416,82.213516,63.681438,108.015083,0.038841,-0.732584,0.048453,-0.677838,
6604,998879348,-4.477110,17.892363,-0.937863,18.707649,41.969810,58.529797,0.046063,-0.727793,0.053010,-0.682191,
6605,998896015,-6.973442,14.369663,-2.944979,-89.798950,30.641277,-23.537943,0.033725,-0.725370,0.059553,-0.684948,
6606,998912682,-2.851918,9.122099,-3.269097,-122.516479,0.581421,-81.464928,0.012407,-0.726359,0.063070,-0.684302,
6607,998929349,5.145930,6.858850,-1.030605,-182.700623,-31.130501,-146.265106,-0.021441,-0.730604,0.065619,-0.679302,
6608,998946016,16.017883,8.269553,-0.542947,-171.385529,-60.859444,-199.057678,-0.058990,-0.737319,0.061438,-0.670153,
6609,998962683,26.312502,6.388759,-1.100083,-166.027267,-39.364780,-178.189285,-0.094042,-0.740743,0.058692,-0.662579,
6610,998979350,16.678890,-0.708307,-1.767291,-45.297661,35.503143,-121.717377,-0.111215,-0.737490,0.049320,-0.664309,
6611,998996017,14.965967,2.331723,-3.146096,35.516113,35.066185,-152.397629,-0.122627,-0.735456,0.028835,-0.665759,
6612,999012684,17.228539,0.868625,-2.807241,47.949730,-7.379086,-166.660477,-0.133838,-0.737372,0.006362,-0.662065,
6613,999029351,25.634552,1.308469,-2.440890,145.950455,-28.345394,-135.131409,-0.131382,-0.742631,-0.021762,-0.656326,
6614,999046018,22.370216,2.241683,-1.334241,108.999748,34.899467,-142.624344,-0.133326,-0.740541,-0.048357,-0.656874,
6615,999062685,15.868929,3.182854,-1.406585,64.893959,-10.096608,-142.493027,-0.140236,-0.741436,-0.069821,-0.652481,
6616,999079352,18.703264,3.993497,-1.732570,28.339735,-59.050564,-135.048431,-0.150808,-0.745931,-0.085979,-0.643001,
6617,999096019,17.948278,0.838996,-1.185485,-60.558563,-44.501774,-150.952927,-0.172244,-0.746509,-0.095820,-0.635511,
6618,999112686,12.923364,-2.759516,-1.448094,-74.223907,-48.476238,-156.666702,-0.195631,-0.746542,-0.104854,-0.627223,
6619,999129353,11.221467,-2.554072,0.013906,-84.428032,-33.413418,-146.986801,-0.218876,-0.744558,-0.112261,-0.620583,
6620,999146020,9.079643,-3.574496,0.108230,-90.746864,-36.992825,-124.461960,-0.240699,-0.742623,-0.116474,-0.614010,
6621,999162687,7.672145,-5.124617,-0.242227,-86.148949,-42.603825,-93.010124,-0.259195,-0.741538,-0.117449,-0.607573,
6622,999179354,5.530106,-7.302943,-1.238548,-43.455444,-44.320580,-65.965302,-0.270649,-0.742468,-0.119178,-0.601071,
6623,999196021,3.707975,-6.821833,-0.162476,6.307616,-43.105129,-36.480011,-0.274091,-0.745671,-0.122103,-0.594928,
6624,999212688,1.584503,-7.142711,1.694719,31.984110,-13.363627,-8.744714,-0.271802,-0.747783,-0.125417,-0.592633,
6625,999229355,0.813398,-2.085321,6.101051,12.386594,-17.847572,27.928169,-0.268555,-0.750157,-0.122871,-0.591646,
6626,999246022,1.349052,0.730212,2.759138,72.319908,85.102547,50.407188,-0.254950,-0.746284,-0.127028,-0.601602,
6627,999262689,-3.568125,3.835875,-0.813919,261.971436,86.911713,57.629578,-0.219850,-0.748673,-0.146930,-0.607919,
6628,999279356,-3.814434,5.682848,-12.497785,333.226318,-17.031683,80.662033,-0.176731,-0.761465,-0.166995,-0.600873,
6629,999296023,-3.890509,1.099653,-15.956017,142.014313,-76.696556,93.330864,-0.154834,-0.773656,-0.167160,-0.591219,
6630,999312690,3.674789,-3.122306,14.123497,-127.765289,-54.474155,14.249516,-0.169465,-0.775509,-0.153431,-0.588495,
6631,999329357,49.278866,18.490702,-2.903516,695.552246,-364.039459,204.385880,-0.080850,-0.822737,-0.179937,-0.533095,
6632,999346024,39.380432,33.431522,-29.201191,-376.817566,288.496826,-32.423302,-0.120852,-0.792990,-0.157702,-0.575927,
6633,999362691,-17.699202,-5.945843,16.205395,-201.861099,239.557175,-206.109329,-0.155900,-0.763326,-0.168659,-0.603806,
6634,999379358,4.700269,-18.402008,-6.915054,-240.010178,-112.287537,-172.341599,-0.200455,-0.762544,-0.164112,-0.592799,
6635,999396025,13.289221,-21.364107,-7.620949,-10.697742,-171.493591,130.526459,-0.194569,-0.779605,-0.143758,-0.577661,
6636,999412692,23.438271,-6.116426,-3.343835,212.751495,73.234695,318.201141,-0.142063,-0.784734,-0.127520,-0.589702,
6637,999429359,18.535187,6.284162,-2.251727,58.404232,50.895027,181.771362,-0.118971,-0.784488,-0.112884,-0.598064,
6638,999446026,18.691980,10.612568,-4.401017,-15.911775,-12.101480,63.707306,-0.115604,-0.786141,-0.104111,-0.598146,
6639,999462693,10.757512,2.475307,-2.051973,-158.680237,71.445534,101.999901,-0.123913,-0.778329,-0.079898,-0.610299,
6640,999479360,8.467968,-2.823935,-4.605989,-49.704144,-13.993773,147.969482,-0.116713,-0.780063,-0.058558,-0.611923,
6641,999496027,14.006524,-4.834974,-6.387525,-44.920113,-6.771649,153.492874,-0.108354,-0.780876,-0.037106,-0.614096,
6642,999512694,12.536955,-3.201022,-6.169242,-8.987682,10.410238,163.464554,-0.094865,-0.780349,-0.017977,-0.617845,
6643,999529361,15.283582,4.156952,-4.989923,36.961136,-31.310879,174.119675,-0.075251,-0.783750,-0.001179,-0.616500,
6644,999546028,15.188344,13.360626,-1.636835,-11.217341,13.515102,174.799652,-0.061010,-0.782086,0.019526,-0.619869,
6645,999562695,7.811965,11.708033,0.650609,-87.737259,32.755730,150.800934,-0.057661,-0.777565,0.044211,-0.624590,
6646,999579362,9.742126,6.741150,1.274288,-104.324615,4.598876,107.891464,-0.059881,-0.775295,0.065756,-0.625306,
6647,999596029,11.995985,4.335844,-0.449078,-87.203133,5.013983,101.429054,-0.060742,-0.772867,0.084982,-0.625911,
6648,999612696,12.292188,4.613310,-0.671884,-4.031360,27.398687,107.991867,-0.051917,-0.768809,0.097148,-0.629919,
6649,999629363,7.998863,7.024071,-1.641544,95.244980,64.489403,108.865944,-0.032419,-0.761790,0.099995,-0.639239,
6650,999646030,3.222160,11.919272,-2.444346,140.974976,83.162743,92.295219,-0.009653,-0.753009,0.096600,-0.650809,
6651,999662697,-2.056055,15.618005,-1.478860,108.119064,87.498604,51.489670,0.005590,-0.743894,0.091776,-0.661942,
6652,999679364,-5.766788,14.769583,-2.506904,43.043682,73.714302,-24.029335,0.006693,-0.736933,0.085001,-0.670567,
6653,999696031,-4.659975,11.630435,-2.341507,-3.065453,44.439911,-85.233376,-0.002764,-0.733494,0.076110,-0.675416,
6654,999712698,0.625641,11.376004,1.169394,-54.994446,7.686731,-115.141785,-0.020299,-0.733772,0.069117,-0.675566,
6655,999729365,9.995834,11.455938,0.805759,-153.849121,-38.954254,-161.883698,-0.052495,-0.738274,0.066930,-0.669116,
6656,999746032,24.043119,11.031925,-2.836149,-182.171432,-66.662239,-202.222900,-0.091320,-0.744618,0.063280,-0.658179,
6657,999762699,18.840769,0.469614,-2.081021,-130.062027,58.517784,-150.115433,-0.120557,-0.738222,0.058531,-0.661111,
6658,999779366,12.177241,1.677712,-0.125063,25.914804,35.451782,-138.207779,-0.131626,-0.736166,0.040430,-0.662646,
6659,999796033,12.857472,3.556923,-4.431903,8.487652,19.860016,-147.639847,-0.145317,-0.734988,0.023278,-0.661917,
6660,999812700,18.961458,0.378618,-6.886971,46.460426,-11.676551,-147.521515,-0.154757,-0.737282,0.003137,-0.657613,
6661,999829367,26.189226,2.356559,-5.415293,137.928314,7.556165,-142.884369,-0.153846,-0.739297,-0.025686,-0.655066,
6662,999846034,18.153524,1.768486,-0.614303,55.982403,54.118114,-159.537888,-0.163037,-0.734421,-0.049512,-0.656958,
6663,999862701,17.862804,2.844092,-0.357532,55.767208,-44.911213,-144.579926,-0.171429,-0.738655,-0.069341,-0.648222,
6664,999879368,19.887772,2.747553,-1.121551,-24.360931,-49.589722,-146.795364,-0.188592,-0.740908,-0.081697,-0.639385,
6665,999896035,14.805183,-1.386452,-1.947120,-90.820129,-44.803833,-165.050232,-0.214424,-0.740180,-0.089916,-0.630929,
6666,999912702,12.789013,-2.679424,-1.836143,-66.905716,-49.879837,-164.925110,-0.237567,-0.740095,-0.100083,-0.621132,
6667,999929369,9.944241,-3.801507,-0.886818,-95.393143,-32.617615,-144.192902,-0.261479,-0.737250,-0.105969,-0.613890,
6668,999946036,7.821769,-5.280307,-0.806730,-94.502144,-29.744488,-116.312523,-0.282605,-0.734180,-0.108988,-0.607647,
6669,999962703,5.935541,-6.560892,-1.565920,-52.583576,-37.208633,-81.782135,-0.296211,-0.733770,-0.111675,-0.601140,
6670,999979370,4.590375,-7.815031,-2.257917,32.530598,-62.918270,-41.270058,-0.297548,-0.739796,-0.116346,-0.592140,
6671,999996037,3.471510,-8.065874,-0.080174,61.812401,-81.861343,7.431026,-0.291800,-0.749414,-0.117454,-0.582611,
6672,1000012704,5.174962,-3.993055,6.706999,-32.834587,-25.680349,48.264366,-0.291899,-0.750841,-0.108454,-0.582469,
6673,1000029371,3.131145,2.671468,10.616182,-68.081429,45.487976,71.467094,-0.292708,-0.744979,-0.096933,-0.591550,
6674,1000046038,1.253720,3.794521,2.520251,166.129639,112.333641,79.415291,-0.266342,-0.742985,-0.107486,-0.604551,
6675,1000062705,-4.416044,12.396265,-6.537429,402.323181,84.361862,79.615700,-0.214279,-0.750858,-0.137435,-0.609432,
6676,1000079372,-5.759407,11.548376,-16.375257,233.330872,-53.960033,88.611755,-0.182081,-0.764012,-0.146787,-0.601320,
6677,1000096039,-0.859460,3.488175,-5.475692,-41.814457,-120.034508,13.598685,-0.188271,-0.773414,-0.138546,-0.589227,
6678,1000112706,30.327744,0.709592,4.972905,247.284241,-102.811577,-47.359020,-0.166648,-0.787296,-0.162273,-0.571017,
6679,1000129373,46.952141,3.221353,-15.345352,139.332657,-11.191788,136.956085,-0.139709,-0.794374,-0.157957,-0.569649,
6680,1000146040,-11.152364,11.266221,3.931928,9.320333,305.024628,-82.703255,-0.138506,-0.766413,-0.174426,-0.602496,
6681,1000162707,6.585196,-2.903241,1.126825,-178.361328,-202.039108,-53.774693,-0.168297,-0.778394,-0.160701,-0.583055,
6682,1000179374,12.218668,-2.660016,0.356248,-54.135052,-32.758221,108.563713,-0.166144,-0.782107,-0.143114,-0.583286,
6683,1000196041,24.099983,-7.148680,-4.959182,-56.641964,-56.470097,239.464188,-0.153523,-0.789844,-0.109734,-0.583554,
6684,1000212708,19.652231,-10.576395,-9.083385,-35.918701,131.076599,107.158241,-0.146592,-0.779240,-0.097379,-0.601508,
6685,1000229375,6.138751,1.515296,-1.887090,7.802930,45.106205,103.926605,-0.136126,-0.776694,-0.087328,-0.608760,
6686,1000246042,13.384914,2.263601,-3.215102,-31.227360,-59.271290,127.667480,-0.129245,-0.782647,-0.069043,-0.604973,
6687,1000262709,11.271427,2.575723,-5.094502,-70.961411,10.648204,142.914612,-0.124779,-0.781476,-0.046807,-0.609536,
6688,1000279376,8.470368,-0.163084,-5.405802,-89.013176,-18.205265,148.785828,-0.121968,-0.782119,-0.021753,-0.610689,
6689,1000296043,12.397071,1.012348,-3.986276,-73.922424,-82.718636,158.665817,-0.116679,-0.788237,0.004245,-0.604194,
6690,1000312710,17.009506,2.903341,-5.245875,-66.935753,-37.414234,163.170090,-0.110135,-0.789915,0.029374,-0.602529,
6691,1000329377,13.593330,5.599755,0.704614,-51.134987,44.640572,167.664948,-0.101659,-0.784097,0.052300,-0.610017,
6692,1000346044,10.569345,4.430999,-0.038781,-87.694252,-7.448506,151.688370,-0.098311,-0.781958,0.077382,-0.610645,
6693,1000362711,11.847692,3.651077,-0.536266,-61.876678,3.596580,123.918701,-0.094569,-0.779110,0.096811,-0.612104,
6694,1000379378,11.804910,4.911724,-1.039856,-48.045647,4.275956,113.897659,-0.090132,-0.776250,0.113830,-0.613477,
6695,1000396045,11.668202,8.169879,-0.424608,1.716793,15.492770,111.039680,-0.080495,-0.772864,0.125902,-0.616725,
6696,1000412712,8.057328,11.072026,-0.585889,85.665924,52.698517,107.958046,-0.062359,-0.766903,0.129614,-0.625437,
6697,1000429379,2.664276,14.395960,-0.985864,107.119316,70.199013,88.900917,-0.043874,-0.759534,0.129024,-0.636030,
6698,1000446046,-1.731814,14.993334,-1.236039,60.919914,77.538559,45.523335,-0.034632,-0.751720,0.127811,-0.646051,
6699,1000462713,-4.271883,12.858668,-2.090929,8.618078,60.475868,-22.330059,-0.037173,-0.746380,0.124152,-0.652779,
6700,1000479380,-2.513091,9.675590,-0.946343,-10.523331,40.888294,-79.714897,-0.046888,-0.743733,0.116165,-0.656634,
6701,1000496047,0.066734,9.501866,2.079127,-13.810804,30.697182,-107.376747,-0.059423,-0.742335,0.105539,-0.658991,
6702,1000512714,4.147525,9.871089,0.839091,-111.588043,1.837956,-142.755844,-0.085436,-0.743033,0.100658,-0.656101,
6703,1000529381,14.464878,9.104536,-1.299140,-132.043930,-47.401054,-192.313034,-0.117587,-0.748185,0.092885,-0.646347,
6704,1000546048,30.289190,7.108293,-4.973372,-62.941936,-68.407104,-200.424118,-0.142570,-0.755754,0.077986,-0.634371,
6705,1000562715,15.750870,1.907948,-0.402078,-32.733677,184.223495,-153.418884,-0.162595,-0.739241,0.060136,-0.650744,
6706,1000579382,10.809178,4.742867,-1.076739,83.721222,-3.258514,-145.202194,-0.167533,-0.742462,0.036526,-0.647571,
6707,1000596049,18.734943,4.460329,-5.706602,1.694487,0.373951,-136.565414,-0.180449,-0.742923,0.021466,-0.644237,
6708,1000612716,25.170158,1.730879,-4.707344,79.197838,4.472534,-128.205719,-0.184138,-0.744679,-0.000066,-0.641518,
6709,1000629383,19.655714,0.970765,-1.211397,17.814690,51.345413,-154.184662,-0.196794,-0.740022,-0.019938,-0.642839,
6710,1000646050,16.795401,0.531639,-1.616141,2.525680,-18.333006,-147.866272,-0.210599,-0.741068,-0.035693,-0.636547,
6711,1000662717,19.503059,-0.309742,-2.900583,6.866130,-35.147312,-138.923416,-0.223095,-0.743509,-0.050351,-0.628401,
6712,1000679384,15.322943,-2.514434,-1.968807,-30.785429,-27.264761,-151.747360,-0.240662,-0.743551,-0.063182,-0.620662,
6713,1000696051,12.444438,-3.490565,-1.312688,-38.232727,-36.008320,-157.214142,-0.259468,-0.743653,-0.075586,-0.611508,
6714,1000712718,9.896427,-2.984166,-0.935593,-41.019371,-26.502884,-139.463135,-0.276748,-0.742606,-0.086139,-0.603760,
6715,1000729385,8.017680,-2.426914,-0.780012,-28.464064,-25.354239,-110.646973,-0.290019,-0.742039,-0.094692,-0.596909,
6716,1000746052,6.619478,-4.099623,-0.668500,-43.266998,-23.433638,-84.225960,-0.302491,-0.740858,-0.099163,-0.591434,
6717,1000762719,4.775626,-7.540644,-1.609643,0.590302,-37.792789,-67.569580,-0.308958,-0.742958,-0.104962,-0.584414,
6718,1000779386,3.455532,-9.177876,-1.241762,101.928802,-93.723335,-19.453135,-0.301152,-0.754902,-0.111630,-0.571812,
6719,1000796053,6.975153,-0.900350,6.863616,-16.000994,-18.934595,40.378326,-0.300031,-0.756262,-0.105171,-0.571828,
6720,1000812720,2.263870,5.841772,9.849030,-53.087551,62.898018,64.371605,-0.299701,-0.749458,-0.096542,-0.582384,
6721,1000829387,-1.088606,5.925679,0.931477,152.630402,95.355583,66.962868,-0.276127,-0.748526,-0.106422,-0.593410,
6722,1000846054,-5.917641,8.814384,-3.561774,308.199005,79.616905,70.310806,-0.235170,-0.754121,-0.128567,-0.599555,
6723,1000862721,-6.921012,4.511055,-10.864291,150.716766,-45.887180,97.481232,-0.211110,-0.764672,-0.129527,-0.594921,
6724,1000879388,-1.643465,5.834378,-7.433270,21.530180,-94.881508,19.731300,-0.208969,-0.773685,-0.126398,-0.584609,
6725,1000896055,16.384117,-9.946869,8.710428,101.399857,-42.323772,-67.084953,-0.204201,-0.778848,-0.141391,-0.575939,
6726,1000912722,58.591137,-16.698250,-17.640017,316.879730,-34.200718,159.340408,-0.155596,-0.793205,-0.148807,-0.569623,
6727,1000929389,-7.571359,26.818945,0.205327,304.173340,214.426163,38.447205,-0.112638,-0.781843,-0.174303,-0.587921,
6728,1000946056,18.421553,12.761168,5.568249,-173.577499,-121.818871,33.187778,-0.132749,-0.789727,-0.153716,-0.578861,
6729,1000962723,13.450394,-1.050002,-4.077199,-143.183151,29.997293,74.577614,-0.142392,-0.785729,-0.133746,-0.586912,
6730,1000979390,18.153982,-8.304978,-6.626749,-125.152702,26.374334,81.860916,-0.149344,-0.782138,-0.114336,-0.594039,
6731,1000996057,12.170747,-10.852151,-7.533164,-53.748703,95.925613,100.577507,-0.145324,-0.774028,-0.100418,-0.608011,
6732,1001012724,8.404805,-5.614584,-4.669810,37.290203,4.253426,111.366051,-0.131380,-0.775815,-0.091357,-0.610331,
6733,1001029391,14.278377,0.701306,-6.099634,42.966881,-18.305727,118.287567,-0.116437,-0.779566,-0.081559,-0.609973,
6734,1001046058,16.041138,2.949463,-5.841704,22.639009,-0.434272,114.956322,-0.103845,-0.781109,-0.070611,-0.611636,
6735,1001062725,11.620307,4.408354,-4.376104,0.178652,16.935192,126.971855,-0.092526,-0.780647,-0.056542,-0.615493,
6736,1001079392,11.218932,6.091038,-3.559272,-29.459354,-11.673007,133.526077,-0.084189,-0.782115,-0.038671,-0.616208,
6737,1001096059,12.378773,5.549317,-2.284436,-79.812439,3.038594,127.724838,-0.081981,-0.781277,-0.017112,-0.618540,
6738,1001112726,11.518870,2.881039,-2.466426,-75.169876,11.694052,130.321075,-0.078954,-0.779350,0.004228,-0.621580,
6739,1001129393,10.520466,2.536150,-1.511976,-51.479046,11.391386,133.026260,-0.072962,-0.777368,0.023734,-0.624349,
6740,1001146060,9.973398,3.255226,-1.181037,-24.512718,13.466429,123.755615,-0.064744,-0.775219,0.039712,-0.627109,
6741,1001162727,11.100831,6.147403,-1.125900,-18.460827,14.632444,99.306000,-0.058065,-0.772948,0.052361,-0.629633,
6742,1001179394,11.962277,8.980838,-1.107582,-20.879898,29.023800,79.354866,-0.053586,-0.769346,0.062856,-0.633470,
6743,1001196061,9.687227,11.196777,-1.587210,1.383791,40.892696,88.258034,-0.045898,-0.764606,0.072188,-0.638796,
6744,1001212728,4.793556,11.250492,-0.748603,33.489094,55.778435,104.506943,-0.033276,-0.758331,0.080222,-0.646058,
6745,1001229395,-0.190943,10.304365,-0.727686,34.667370,42.726677,97.918976,-0.020987,-0.753145,0.087459,-0.651676,
6746,1001246062,-3.157385,8.841579,-2.269584,28.040236,34.106789,56.493755,-0.013240,-0.749146,0.090794,-0.656019,
6747,1001262729,-3.292514,7.822876,-0.966751,26.268501,33.017380,-13.632735,-0.012363,-0.746118,0.086650,-0.660035,
6748,1001279396,0.038367,9.071054,0.336364,-4.101460,27.325243,-83.195038,-0.021389,-0.744379,0.077872,-0.662855,
6749,1001296063,4.297826,11.148308,-0.443228,-79.015854,12.548134,-138.531464,-0.043688,-0.744190,0.070344,-0.662815,
6750,1001312730,10.654313,13.487641,0.449614,-111.212738,-13.159509,-160.646881,-0.071309,-0.745987,0.063636,-0.659066,
6751,1001329397,18.257082,10.802970,-2.054980,-124.446869,-11.013711,-147.248276,-0.099047,-0.746710,0.059572,-0.655030,
6752,1001346064,17.010420,6.575313,-2.635483,-69.309212,24.033014,-143.950165,-0.120725,-0.744348,0.050070,-0.654877,
6753,1001362731,16.211187,4.199002,-3.598210,-57.568298,20.636150,-155.313019,-0.142118,-0.742163,0.038247,-0.653860,
6754,1001379398,17.962606,1.616298,-4.287610,15.238922,5.083146,-158.104950,-0.155751,-0.742552,0.019500,-0.651135,
6755,1001396065,22.736641,2.990651,-4.186832,104.254776,-15.602437,-137.538559,-0.157670,-0.746419,-0.004999,-0.646508,
6756,1001412732,23.525642,5.330245,-3.578520,88.245903,5.053873,-141.138824,-0.161553,-0.747515,-0.028851,-0.643653,
6757,1001429399,19.568636,5.058575,-2.174172,-1.367735,15.285859,-156.666718,-0.176496,-0.745061,-0.046228,-0.641557,
6758,1001446066,19.528704,1.831787,-3.621519,-54.069862,-44.713860,-176.322235,-0.199269,-0.746232,-0.059245,-0.632391,
6759,1001462733,15.888614,-3.496062,-3.492929,-57.887096,-35.620037,-198.779373,-0.224270,-0.745621,-0.074559,-0.623051,
6760,1001479400,12.489350,-5.297255,-1.705240,-23.072464,-41.306770,-197.405457,-0.245225,-0.745994,-0.092623,-0.612191,
6761,1001496067,9.100554,-4.604175,-0.652197,-35.646786,-18.283531,-161.718811,-0.263873,-0.743797,-0.106448,-0.604819,
6762,1001512734,7.793811,-3.792271,0.090944,-6.395684,-20.345177,-117.386436,-0.275367,-0.743254,-0.117920,-0.598198,
6763,1001529401,6.536713,-4.407209,-0.764372,11.040870,-27.581594,-81.151749,-0.281882,-0.744485,-0.126674,-0.591809,
6764,1001546068,6.754302,-5.759128,-1.878377,60.310661,-57.782562,-45.669468,-0.280512,-0.750859,-0.134565,-0.582593,
6765,1001562735,6.238634,-5.507337,-0.656127,63.800854,-46.767776,-16.530594,-0.276029,-0.756892,-0.139996,-0.575606,
6766,1001579402,3.976135,-2.710187,3.589950,1.861446,-38.522850,12.743130,-0.275720,-0.760281,-0.137336,-0.571917,
6767,1001596069,1.743616,2.428798,6.411811,-90.729698,27.600821,48.491253,-0.281317,-0.755066,-0.125654,-0.578746,
6768,1001612736,-2.763710,0.756808,4.988440,-88.686424,77.596436,85.297272,-0.282582,-0.746136,-0.112103,-0.592335,
6769,1001629403,-5.141906,-1.480151,-1.651756,113.294525,23.573217,118.919281,-0.259770,-0.750327,-0.110028,-0.597847,
6770,1001646070,-4.703467,-1.364831,-9.486249,210.397675,41.566032,147.870377,-0.223303,-0.756337,-0.113807,-0.604266,
6771,1001662737,-4.352867,-1.407941,-13.423617,212.075928,-57.814110,137.026154,-0.188934,-0.769889,-0.115538,-0.598519,
6772,1001679404,4.069893,5.198742,1.563237,243.789429,-61.232975,23.076702,-0.160729,-0.781645,-0.132534,-0.587904,
6773,1001696071,38.722744,2.096763,2.513428,325.362427,-243.826065,-64.274788,-0.133856,-0.807309,-0.161829,-0.551494,
6774,1001712738,44.230839,4.108972,-15.886167,-54.138165,73.448967,41.109142,-0.135352,-0.801101,-0.154194,-0.562264,
6775,1001729405,-12.774920,11.554312,-11.031247,85.928986,530.549744,-41.196636,-0.116589,-0.755910,-0.176085,-0.619678,
6776,1001746072,4.093960,11.974645,11.228424,34.517399,-527.538635,100.285393,-0.117095,-0.804105,-0.158806,-0.560789,
6777,1001762739,27.292921,2.075606,-0.098913,-219.643265,-69.866852,47.766521,-0.140612,-0.806551,-0.134146,-0.558308,
6778,1001779406,22.797205,-9.622229,-10.707120,-150.283218,56.569408,62.865452,-0.152172,-0.799714,-0.115808,-0.569112,
6779,1001796073,11.238478,-12.078985,-3.796017,-93.597710,139.486359,125.697868,-0.150420,-0.787703,-0.096595,-0.589548,
6780,1001812740,10.420435,-10.372111,-5.762833,-6.866249,-16.590672,128.225647,-0.140605,-0.790502,-0.081049,-0.590565,
6781,1001829407,15.218796,-1.036055,-4.783397,65.477592,3.965018,132.558746,-0.121798,-0.792751,-0.071604,-0.592945,
6782,1001846074,13.108150,6.405850,-3.969964,29.438936,3.080863,140.896088,-0.106382,-0.794174,-0.058042,-0.595484,
6783,1001862741,9.805093,4.875212,-4.285278,-25.757853,5.261307,137.305176,-0.097590,-0.794192,-0.040124,-0.598435,
6784,1001879408,10.941020,2.231358,-4.135991,-42.237785,-13.405449,137.072617,-0.090792,-0.795267,-0.020517,-0.599071,
6785,1001896075,15.026480,3.440453,-2.954596,-11.161218,5.017031,159.212891,-0.078371,-0.794831,-0.001292,-0.601748,
6786,1001912742,15.478850,7.628332,-1.566608,-10.587769,28.544216,155.610001,-0.066154,-0.791921,0.017200,-0.606785,
6787,1001929409,9.663461,7.896403,-0.423580,-36.033894,44.079266,144.444153,-0.057860,-0.787016,0.036491,-0.613128,
6788,1001946076,8.732643,5.961218,-0.810508,-35.277039,22.452421,122.291519,-0.051318,-0.783826,0.053345,-0.616552,
6789,1001962743,11.755648,6.448744,-0.985919,-0.333093,18.957090,103.814484,-0.042410,-0.781127,0.064970,-0.619532,
6790,1001979410,11.438050,7.278756,-2.321704,57.913727,47.027531,94.781174,-0.027954,-0.776135,0.070128,-0.626031,
6791,1001996077,6.280039,10.901564,-3.145881,111.768578,79.762489,80.384499,-0.009053,-0.768205,0.068591,-0.636454,
6792,1002012744,0.629659,15.594769,-3.193601,111.429924,93.428223,58.802143,0.007675,-0.758823,0.064620,-0.648038,
6793,1002029411,-4.458357,16.945105,-2.983902,49.561108,79.304260,17.297466,0.013790,-0.750961,0.061856,-0.657297,
6794,1002046078,-6.459595,13.884886,-2.892141,-22.985842,40.994465,-39.422638,0.006896,-0.747315,0.059747,-0.661742,
6795,1002062745,-3.653301,11.577105,0.783236,-67.305870,11.418736,-72.261856,-0.007724,-0.746734,0.058292,-0.662518,
6796,1002079412,1.497272,11.637011,0.623485,-159.110809,-16.416712,-111.387733,-0.035845,-0.748677,0.061432,-0.659108,
6797,1002096079,9.316912,8.204056,-1.228972,-216.696884,-37.221439,-177.869614,-0.076373,-0.751962,0.062879,-0.651741,
6798,1002112746,31.247568,10.734676,-0.163861,-141.133530,-128.338455,-224.663574,-0.112106,-0.763808,0.052947,-0.633423,
6799,1002129413,27.063707,-0.739174,-4.663136,-46.182537,144.964066,-139.495575,-0.131404,-0.750314,0.039197,-0.646703,
6800,1002146080,7.052995,0.864603,2.225822,47.859596,58.532558,-142.474152,-0.140130,-0.746206,0.017901,-0.650553,
6801,1002162747,16.800037,1.208056,-5.558363,23.552441,6.220690,-127.827660,-0.149909,-0.746168,0.001553,-0.648658,
6802,1002179414,22.100250,1.700352,-6.160059,132.358078,0.834474,-122.429054,-0.147289,-0.748615,-0.024357,-0.645978,
6803,1002196081,24.544363,3.624303,-4.324075,87.357925,42.015366,-153.367645,-0.152223,-0.745599,-0.050272,-0.646825,
6804,1002212748,15.844687,3.827127,-0.822561,35.130051,13.870571,-157.845718,-0.163352,-0.743568,-0.071102,-0.644490,
6805,1002229415,19.823223,2.190434,-1.678619,10.423008,-48.326038,-132.544525,-0.175340,-0.746670,-0.085368,-0.635965,
6806,1002246082,17.839373,-0.925862,-0.923473,-37.190479,-26.123194,-146.694778,-0.193449,-0.745979,-0.097292,-0.629783,
6807,1002262749,13.179038,-2.982226,-0.557187,-82.006142,-37.694897,-160.738007,-0.217747,-0.744425,-0.106246,-0.622196,
6808,1002279416,10.735514,-4.123685,-0.698416,-75.274025,-36.749905,-146.817474,-0.239892,-0.742714,-0.114260,-0.614632,
6809,1002296083,8.587906,-4.367987,0.130121,-87.019684,-10.008313,-124.510933,-0.260733,-0.738158,-0.119680,-0.610587,
6810,1002312750,6.024649,-7.065156,-2.219569,-29.132830,-10.524989,-98.814003,-0.272988,-0.736021,-0.127418,-0.606230,
6811,1002329417,4.555051,-7.984158,-3.034291,66.579498,-37.996532,-61.256203,-0.272132,-0.740641,-0.138454,-0.598519,
6812,1002346084,3.935149,-7.625956,-2.346476,103.710403,-38.725937,-20.674353,-0.263692,-0.747440,-0.148288,-0.591448,
6813,1002362751,3.286444,-0.838994,3.833593,64.329628,-17.351944,31.569344,-0.254525,-0.751877,-0.149845,-0.589443,
6814,1002379418,1.141414,6.065457,8.318206,-69.361496,38.710915,75.772675,-0.254920,-0.747385,-0.137154,-0.598013,
6815,1002396085,-2.852559,4.121141,4.991636,-32.429668,82.712242,93.059631,-0.248845,-0.740551,-0.127387,-0.611091,
6816,1002412752,-3.717336,5.910882,-0.598733,170.685806,12.902646,104.755531,-0.221004,-0.747047,-0.131810,-0.612947,
6817,1002429419,-2.763705,5.068583,-8.444587,152.654480,-33.617523,117.906960,-0.194662,-0.756750,-0.131596,-0.610014,
6818,1002446086,-1.514235,4.338678,-16.835396,79.737122,-85.866875,96.911713,-0.179083,-0.768144,-0.125663,-0.601741,
6819,1002462753,11.660293,10.190432,7.836264,92.451607,-63.342274,-62.945194,-0.175589,-0.774664,-0.139238,-0.591335,
6820,1002479420,49.661697,-16.895002,3.240134,98.629723,-9.376974,-80.087509,-0.171722,-0.776082,-0.156605,-0.586244,
6821,1002496087,7.869283,-13.145736,-7.728356,191.075684,236.413910,46.718967,-0.140805,-0.760832,-0.173483,-0.609271,
6822,1002512754,-1.826690,16.486313,-5.961897,364.039429,62.765217,85.866798,-0.091315,-0.763581,-0.197355,-0.607994,
6823,1002529421,12.988197,11.366796,5.503047,-32.772007,-125.645966,92.759560,-0.090512,-0.776560,-0.182534,-0.596190,
6824,1002546088,30.113321,4.983305,-4.807641,-96.326027,-68.233757,17.027781,-0.101894,-0.781391,-0.171436,-0.591316,
6825,1002562755,12.222628,-4.974379,-7.366228,-148.777283,188.600815,9.172053,-0.113427,-0.762563,-0.160394,-0.616365,
6826,1002579422,7.608003,-9.096436,-5.384260,-63.452675,10.188985,97.601562,-0.111643,-0.762616,-0.144125,-0.620628,
6827,1002596089,13.014378,-5.360531,-5.363008,20.263056,-9.625455,136.650131,-0.097422,-0.766378,-0.130708,-0.621360,
6828,1002612756,16.219557,2.865612,-5.985067,15.116688,14.549438,121.462173,-0.084649,-0.767322,-0.118813,-0.624448,
6829,1002629423,13.727886,5.426787,-6.429104,-57.037163,46.295147,121.450325,-0.079350,-0.764211,-0.100712,-0.632093,
6830,1002646090,7.245064,4.652036,-4.354112,-54.872490,11.952347,137.135712,-0.072836,-0.764177,-0.080627,-0.635789,
6831,1002662757,12.034721,6.167758,-2.575078,-62.237560,-33.339771,138.003647,-0.067558,-0.767896,-0.059247,-0.634240,
6832,1002679424,16.547365,6.311678,-2.790605,-75.274338,-4.143580,131.249619,-0.064075,-0.768360,-0.037676,-0.635686,
6833,1002696091,12.358965,4.153938,-1.178398,-70.186401,33.315052,131.280640,-0.059787,-0.765036,-0.016905,-0.640983,
6834,1002712758,10.150225,3.631742,-0.649559,-45.515362,27.522242,125.397095,-0.053292,-0.762117,0.000970,-0.645241,
6835,1002729425,10.102476,2.502519,-0.773354,-30.490177,32.810616,120.714714,-0.045553,-0.758538,0.016873,-0.649815,
6836,1002746092,10.182521,2.765814,-1.179769,-23.490654,34.861874,113.202301,-0.037741,-0.754583,0.031266,-0.654371,
6837,1002762759,9.530216,4.529600,-2.413791,-13.602299,38.414986,102.770851,-0.029843,-0.750181,0.043544,-0.659121,
6838,1002779426,8.070353,7.464317,-3.096926,-1.332902,43.010384,99.838661,-0.020914,-0.745222,0.054296,-0.664272,
6839,1002796093,4.286650,9.796033,-3.082519,0.848381,48.759644,109.956955,-0.010811,-0.739431,0.065898,-0.669911,
6840,1002812760,-0.582750,13.095880,-2.465167,8.054076,30.274042,109.450363,0.000192,-0.735248,0.076752,-0.673438,
6841,1002829427,-4.906818,17.254265,-3.092961,-7.588754,9.652554,82.093086,0.007068,-0.733240,0.086194,-0.674447,
6842,1002846094,-8.694236,17.344286,-0.095285,-50.588017,11.118074,27.252243,0.003953,-0.731743,0.093993,-0.675057,
6843,1002862761,-4.886506,11.147472,-0.777906,-181.465515,-30.036081,-56.939983,-0.020799,-0.735196,0.105609,-0.669253,
6844,1002879428,4.608099,6.070817,-4.005271,-272.981689,-62.550812,-146.588547,-0.063528,-0.741837,0.116489,-0.657321,
6845,1002896095,23.137976,7.433769,-0.541663,-233.895111,-109.226158,-252.063843,-0.111162,-0.753268,0.112388,-0.638434,
6846,1002912762,38.405968,4.284340,-1.950499,-92.919815,-3.105754,-165.300217,-0.136861,-0.754371,0.102791,-0.633740,
6847,1002929429,7.737286,0.249656,0.994123,34.168365,141.118454,-146.720932,-0.148949,-0.743793,0.080566,-0.646602,
6848,1002946096,15.872013,2.829170,-2.480397,16.265507,5.977640,-155.051193,-0.162065,-0.745096,0.061989,-0.643990,
6849,1002962763,27.923365,-0.922192,-3.783002,139.715500,17.203354,-132.249527,-0.159663,-0.747561,0.034017,-0.643819,
6850,1002979430,27.951641,-1.263051,-1.097450,206.810501,97.487343,-153.833572,-0.152192,-0.743275,-0.004479,-0.651429,
6851,1002996097,14.972316,1.474800,0.572484,179.307968,49.495556,-167.989090,-0.148835,-0.741821,-0.040835,-0.652596,
6852,1003012764,17.092665,3.836778,-1.931320,163.982880,-23.393614,-139.123886,-0.144652,-0.746261,-0.070996,-0.645856,
6853,1003029431,18.515543,1.657029,-1.082325,75.402061,-36.830791,-153.285767,-0.151429,-0.749340,-0.094036,-0.637743,
6854,1003046098,13.265949,-1.503972,-1.644089,-13.245504,-38.903767,-171.235809,-0.169460,-0.749920,-0.110699,-0.629800,
6855,1003062765,10.913905,-2.073603,-2.549511,-30.175823,-58.124542,-161.450882,-0.188635,-0.751507,-0.124197,-0.619862,
6856,1003079432,8.887866,-2.129287,-1.114764,-59.453957,-30.253016,-129.565475,-0.207525,-0.749938,-0.132265,-0.614029,
6857,1003096099,6.385399,-3.828731,-1.139893,-69.873444,-28.154894,-101.229797,-0.224897,-0.748111,-0.136321,-0.609235,
6858,1003112766,4.501476,-6.768449,-2.484552,-37.141800,-39.724163,-74.841751,-0.236536,-0.748706,-0.139989,-0.603236,
6859,1003129433,3.698592,-6.883913,-2.505993,40.477150,-47.145603,-41.380009,-0.236898,-0.753191,-0.146545,-0.595908,
6860,1003146100,2.186080,-5.414009,1.852298,16.917675,-26.619291,-2.128013,-0.235983,-0.755872,-0.147454,-0.592644,
6861,1003162767,1.167677,0.429485,9.684822,-104.637070,6.590427,42.892948,-0.243801,-0.752373,-0.134053,-0.597097,
6862,1003179434,-1.365339,-0.281724,7.659376,-122.676849,63.332779,66.403435,-0.250352,-0.743472,-0.118473,-0.608718,
6863,1003196101,-4.327189,-0.825400,0.314045,69.711487,54.896664,63.788940,-0.236384,-0.741996,-0.119856,-0.615791,
6864,1003212768,-3.147164,2.144568,-5.200974,123.625565,25.005554,67.695679,-0.216691,-0.744868,-0.124578,-0.618624,
6865,1003229435,-1.855449,1.738275,-12.755687,182.272614,-84.087540,70.331657,-0.192238,-0.758943,-0.130768,-0.608235,
6866,1003246102,7.924115,0.703161,2.416773,255.946152,-53.642761,-16.692648,-0.166545,-0.769827,-0.153774,-0.596642,
6867,1003262769,35.750843,-18.429893,-8.660146,236.938522,-133.750244,-63.343277,-0.148561,-0.784970,-0.178175,-0.574460,
6868,1003279436,25.307638,-11.389549,-16.348001,491.338776,203.839478,134.167999,-0.075743,-0.779395,-0.207829,-0.586185,
6869,1003296103,7.569949,53.356888,8.667476,361.752167,-114.802338,99.898727,-0.029742,-0.794773,-0.225829,-0.562541,
6870,1003312770,29.198444,33.312508,-1.791061,-480.456482,-19.818972,23.640491,-0.084051,-0.792991,-0.183280,-0.574899,
6871,1003329437,0.019318,-16.947710,1.014898,-285.445923,242.492340,-113.092552,-0.120000,-0.764776,-0.175237,-0.608284,
6872,1003346104,15.470548,-14.008857,-4.800672,-169.751495,-108.868858,-10.726564,-0.142736,-0.770680,-0.159545,-0.600187,
6873,1003362771,23.328463,-26.124434,-15.633321,16.700331,58.214024,220.396835,-0.120379,-0.770481,-0.137529,-0.610699,
6874,1003379438,6.715571,-7.530928,-6.336357,141.181274,100.926529,176.938995,-0.086920,-0.766885,-0.132012,-0.622016,
6875,1003396105,14.937208,6.933115,-5.902320,87.320786,-29.883833,99.840408,-0.068871,-0.772322,-0.128456,-0.618283,
6876,1003412772,13.371758,12.048950,-4.402893,-32.293095,-7.006785,127.734581,-0.061300,-0.774738,-0.111191,-0.619402,
6877,1003429439,7.071243,6.484385,-4.401809,-90.025604,-0.258500,156.375351,-0.057516,-0.776090,-0.085504,-0.622145,
6878,1003446106,14.713643,2.430816,-3.858251,-109.955498,-76.335968,128.544373,-0.059407,-0.783269,-0.060461,-0.615877,
6879,1003462773,16.579153,-0.072438,-3.976661,-86.611794,52.531517,158.504822,-0.054779,-0.778797,-0.035164,-0.623889,
6880,1003479440,12.976369,4.370969,1.519882,-60.553867,27.779284,163.570435,-0.046828,-0.776260,-0.011436,-0.628567,
6881,1003496107,9.355171,5.843494,0.128721,-41.900963,32.193321,149.666000,-0.038011,-0.772963,0.008997,-0.633247,
6882,1003512774,6.438465,5.277413,-0.131920,-43.309353,19.403406,122.754959,-0.031797,-0.770527,0.026597,-0.636058,
6883,1003529441,10.907228,6.681869,-0.325830,-29.249466,0.007165,88.091728,-0.027133,-0.769876,0.039094,-0.636417,
6884,1003546108,13.101411,7.821253,-1.575345,1.083600,23.766380,83.873085,-0.019598,-0.767039,0.048208,-0.639486,
6885,1003562775,8.332601,9.153591,-2.482865,68.362923,61.705540,90.228668,-0.004231,-0.760628,0.051651,-0.647116,
6886,1003579442,3.446224,14.464747,-2.288399,106.679909,81.775963,75.041039,0.013792,-0.752145,0.049770,-0.656971,
6887,1003596109,-1.654683,17.076292,-2.491552,67.979530,77.660736,49.192921,0.025127,-0.744030,0.048728,-0.665893,
6888,1003612776,-5.883913,14.494185,-4.122355,-18.387846,53.588585,-3.776763,0.022145,-0.738810,0.050215,-0.671675,
6889,1003629443,-4.981407,11.009938,-2.001383,-45.746201,30.245071,-59.291111,0.010961,-0.736286,0.048325,-0.674853,
6890,1003646110,-1.043202,10.661124,0.525331,-102.470917,4.690102,-98.342491,-0.009958,-0.736422,0.047762,-0.674761,
6891,1003662777,3.693837,10.114474,-0.874991,-207.413193,-24.417521,-137.729233,-0.045770,-0.738879,0.053272,-0.670167,
6892,1003679444,13.356591,7.227389,-1.219334,-203.189026,-59.210350,-209.558594,-0.087788,-0.744115,0.050797,-0.660307,
6893,1003696111,33.042187,7.901345,-3.180791,-124.083336,-96.088409,-214.963074,-0.121345,-0.752672,0.040518,-0.645846,
6894,1003712778,16.432156,-1.227799,-2.782564,-9.278935,165.147324,-148.799896,-0.137512,-0.737359,0.022037,-0.660988,
6895,1003729445,12.235526,3.420637,-2.027536,61.818874,8.336628,-154.269791,-0.145963,-0.737946,-0.000748,-0.658885,
6896,1003746112,20.045523,0.892522,-5.358728,50.390232,9.985309,-143.628830,-0.154541,-0.737731,-0.021330,-0.656822,
6897,1003762779,25.341301,0.642749,-4.183642,136.232422,7.178131,-135.192749,-0.153010,-0.739266,-0.049128,-0.653957,
6898,1003779446,19.946962,1.817997,-0.538357,90.612160,38.635349,-161.166046,-0.158506,-0.736038,-0.076038,-0.653713,
6899,1003796113,18.774858,3.191572,-0.924945,72.319939,-33.321632,-145.323669,-0.165141,-0.738908,-0.097804,-0.645893,
6900,1003812780,18.860270,2.698739,-1.520311,37.521465,-46.360085,-148.008362,-0.175856,-0.741709,-0.116219,-0.636738,
6901,1003829447,15.100045,0.204171,-0.440261,-29.634945,-48.938751,-163.696075,-0.195205,-0.742325,-0.129969,-0.627659,
6902,1003846114,12.645839,-2.110735,-1.313715,-63.638580,-64.005089,-161.180710,-0.218142,-0.742887,-0.139824,-0.617238,
6903,1003862781,11.018780,-2.349414,0.743792,-90.716255,-39.902729,-139.302628,-0.241397,-0.740365,-0.145552,-0.610246,
6904,1003879448,8.955102,-4.060547,-0.561580,-90.207710,-21.871931,-107.413513,-0.261255,-0.736542,-0.148445,-0.605983,
6905,1003896115,6.754295,-6.151701,-0.797890,-47.941582,-7.639310,-77.817345,-0.273585,-0.733481,-0.152385,-0.603271,
6906,1003912782,4.426990,-8.023862,-0.458396,11.180451,-18.391937,-53.155983,-0.277643,-0.734170,-0.158430,-0.599006,
6907,1003929449,3.914275,-7.970607,-0.204329,59.671028,-45.210449,-5.939191,-0.272997,-0.740174,-0.162556,-0.592613,
6908,1003946116,3.832003,-1.759123,4.016022,11.274357,-20.191088,54.164120,-0.267759,-0.743453,-0.157018,-0.592392,
6909,1003962783,1.269917,1.744280,2.649782,-19.238220,21.784370,95.269608,-0.261283,-0.742762,-0.146016,-0.598928,
6910,1003979450,-1.706361,1.726014,-0.110643,88.283501,77.737732,114.435616,-0.240235,-0.741403,-0.144380,-0.609723,
6911,1003996117,-2.495215,5.663381,0.480958,185.556290,25.579107,129.222992,-0.208289,-0.747767,-0.147835,-0.612866,
6912,1004012784,-0.089046,7.062692,-9.019231,235.160416,-48.737507,131.776123,-0.172048,-0.761318,-0.152988,-0.606126,
6913,1004029451,2.104655,6.099242,-18.857065,225.514786,-79.978096,102.622337,-0.139885,-0.775599,-0.159512,-0.594503,
6914,1004046118,10.934209,3.774708,3.665607,-41.930206,-101.895020,9.120275,-0.146361,-0.783527,-0.152882,-0.584200,
6915,1004062785,51.898582,3.421852,10.752404,-4.512325,-48.516514,73.298149,-0.141903,-0.788979,-0.143223,-0.580399,
6916,1004079452,6.857535,23.199554,-3.509913,286.105804,214.677856,5.871588,-0.104112,-0.775673,-0.171040,-0.598529,
6917,1004096119,4.929256,18.208591,0.084959,-351.928680,-16.041111,-68.110352,-0.150173,-0.768832,-0.147729,-0.603756,
6918,1004112786,7.555568,-15.797799,-3.208096,-212.966614,9.622921,-124.536423,-0.184816,-0.760001,-0.143187,-0.606415,
6919,1004129453,21.349430,-29.593948,-11.073152,-76.995934,-33.326065,-4.067154,-0.194559,-0.760568,-0.136057,-0.604293,
6920,1004146120,9.866006,-16.436871,-3.740016,257.836884,47.627510,180.361542,-0.149223,-0.766284,-0.140076,-0.609031,
6921,1004162787,11.372358,4.395102,-4.828442,274.801819,47.761166,196.945786,-0.100176,-0.770941,-0.143426,-0.612408,
6922,1004179454,19.290091,13.959737,-3.219255,157.050232,3.141342,139.636215,-0.070182,-0.775362,-0.141824,-0.611371,
6923,1004196121,16.446684,11.925041,-4.508205,-97.132477,27.398993,72.557205,-0.074276,-0.773162,-0.125344,-0.617245,
6924,1004212788,6.504267,1.761653,-4.984177,-209.295502,97.016296,88.045204,-0.088264,-0.763157,-0.097711,-0.632655,
6925,1004229455,5.707035,-2.828266,-8.892206,-83.313560,-39.532898,142.615417,-0.085106,-0.767385,-0.073764,-0.631218,
6926,1004246122,10.253440,-0.659311,-3.486311,-36.533283,-9.775493,183.713379,-0.072577,-0.769391,-0.049842,-0.632681,
6927,1004262789,13.123182,3.472279,-1.661480,-65.390778,-36.364124,191.179108,-0.062722,-0.772972,-0.022109,-0.630944,
6928,1004279456,17.124565,5.803333,-4.733357,-64.707260,-20.624664,160.922440,-0.055470,-0.774431,0.002035,-0.630218,
6929,1004296123,10.755365,6.041129,1.336496,-104.576836,36.492432,147.637177,-0.053907,-0.769814,0.027870,-0.635377,
6930,1004312790,10.406942,2.597015,-1.338472,-126.846680,-27.756124,112.958794,-0.057750,-0.770582,0.052367,-0.632555,
6931,1004329457,12.752325,3.905363,-0.562753,-63.964027,-10.722316,107.546219,-0.055145,-0.769986,0.070301,-0.631774,
6932,1004346124,12.588804,7.686834,-1.197695,26.609976,29.398344,103.371086,-0.043180,-0.766246,0.079104,-0.636195,
6933,1004362791,7.789473,11.021635,-1.924765,120.739738,68.379051,88.389984,-0.022548,-0.759349,0.077248,-0.645687,
6934,1004379458,3.153202,14.545905,-2.481406,109.661125,74.421791,65.362389,-0.005362,-0.751719,0.073823,-0.655316,
6935,1004396125,-0.625687,15.644719,-1.198956,59.550987,79.412987,31.836851,0.003086,-0.743676,0.071478,-0.664700,
6936,1004412792,-4.593877,14.479795,-2.455569,-8.168633,71.005829,-15.250498,-0.000263,-0.736839,0.070561,-0.672376,
6937,1004429459,-4.900618,10.673225,-3.575223,-58.444420,42.721935,-59.826141,-0.013077,-0.733109,0.069768,-0.676396,
6938,1004446126,-1.653543,9.866780,-1.125917,-71.864029,10.572038,-82.824608,-0.029261,-0.732584,0.067882,-0.676651,
6939,1004462793,3.718795,9.630525,-1.032578,-157.692535,-26.823814,-129.984344,-0.058848,-0.735407,0.069534,-0.671475,
6940,1004479460,13.353663,8.360478,-2.199115,-168.525085,-62.852516,-203.806808,-0.096363,-0.741484,0.064564,-0.660868,
6941,1004496127,28.855459,9.308124,-3.388755,-137.740417,-91.517502,-201.887970,-0.129966,-0.749602,0.057142,-0.646483,
6942,1004512794,22.161491,0.658662,-4.479321,-58.754696,118.738007,-140.107315,-0.150757,-0.738084,0.044986,-0.656110,
6943,1004529461,13.668091,2.199153,-0.443282,48.110565,24.766619,-140.436203,-0.159396,-0.737401,0.024630,-0.655916,
6944,1004546128,19.354187,2.156357,-3.743877,30.893776,-10.403574,-131.792664,-0.168859,-0.739316,0.007647,-0.651797,
6945,1004562795,24.684969,-0.537118,-3.282189,64.154114,-4.074454,-116.613487,-0.173246,-0.741144,-0.011013,-0.648513,
6946,1004579462,21.173571,-0.124074,-1.023769,49.565849,28.578550,-147.297195,-0.181963,-0.739136,-0.032419,-0.647701,
6947,1004596129,17.448570,0.874362,-1.586902,19.974051,-27.196554,-151.645645,-0.194433,-0.741187,-0.050008,-0.640575,
6948,1004612796,17.955772,0.167660,-2.686383,2.298680,-46.686306,-151.347290,-0.208816,-0.744164,-0.065340,-0.631147,
6949,1004629463,14.990699,-0.278194,-0.457284,-20.140732,-44.066231,-158.667694,-0.226151,-0.745729,-0.079443,-0.621637,
6950,1004646130,12.135158,-1.966186,-1.065168,-40.419750,-48.229916,-155.605362,-0.245318,-0.746591,-0.091194,-0.611640,
6951,1004662797,10.190321,-1.167688,0.481980,-72.546104,-25.334013,-135.057297,-0.265698,-0.744122,-0.098619,-0.604946,
6952,1004679464,8.599119,-1.959972,0.257104,-71.987335,-25.342949,-99.937042,-0.282812,-0.741858,-0.102246,-0.599341,
6953,1004696131,7.096407,-4.195298,-0.165344,-79.796547,-13.157757,-71.116631,-0.297987,-0.738417,-0.102552,-0.596177,
6954,1004712798,5.000186,-6.638282,-1.168715,-32.502216,-27.310404,-41.653526,-0.305685,-0.738572,-0.103161,-0.591968,
6955,1004729465,3.687619,-9.198424,-3.149795,49.963387,-48.162998,-7.139137,-0.301835,-0.744642,-0.106222,-0.585765,
6956,1004746132,3.628244,-9.435039,-1.925481,105.255478,-47.642159,28.867512,-0.288855,-0.753507,-0.110093,-0.580232,
6957,1004762799,2.962699,1.191609,7.649236,21.030357,11.914992,67.172966,-0.280856,-0.754273,-0.105134,-0.584071,
6958,1004779466,0.645459,2.828196,6.728176,-17.972462,79.540977,85.920067,-0.274455,-0.747833,-0.097545,-0.596577,
6959,1004796133,-2.683488,3.003063,0.060714,197.952393,107.254356,96.444000,-0.243056,-0.747170,-0.108576,-0.608992,
6960,1004812800,-4.398133,5.616849,-7.706243,344.867188,-9.090840,111.209938,-0.195750,-0.760730,-0.126680,-0.605743,
6961,1004829467,-4.346253,0.872458,-14.891557,194.237930,-74.668732,105.923355,-0.166390,-0.774205,-0.129993,-0.596676,
6962,1004846134,5.026213,0.374097,3.129117,7.490317,-110.844727,19.938112,-0.166082,-0.784142,-0.125819,-0.584557,
6963,1004862801,56.601074,-2.725372,-5.545757,443.633148,-252.063492,85.823792,-0.112574,-0.815484,-0.147409,-0.548255,
6964,1004879468,16.801384,16.270954,-13.983598,233.003296,402.382965,10.149079,-0.075436,-0.785446,-0.171134,-0.589997,
6965,1004896135,-4.561531,31.556799,8.177146,-207.739243,-126.554512,-55.442871,-0.107195,-0.791987,-0.158242,-0.579849,
6966,1004912802,8.115118,-8.641854,3.335469,-213.713058,37.347603,-53.106045,-0.135569,-0.783714,-0.146954,-0.588063,
6967,1004929469,8.377358,-11.647550,-5.745347,-161.107437,-52.386215,38.743889,-0.151887,-0.785444,-0.127798,-0.586238,
6968,1004946136,30.341337,-19.611549,-12.384422,-22.575314,-136.777283,213.935181,-0.138852,-0.799904,-0.098446,-0.575484,
6969,1004962803,13.606644,-8.149485,-5.252405,99.394890,248.738907,145.595963,-0.111582,-0.782263,-0.094860,-0.605487,
6970,1004979470,8.112384,7.203415,-2.991676,65.909500,-14.875841,115.952667,-0.094222,-0.785965,-0.087302,-0.604780,
6971,1004996137,18.806017,10.033197,-3.510649,-58.564167,-68.956558,127.433434,-0.090729,-0.792518,-0.066706,-0.599361,
6972,1005012804,8.425131,1.224451,-5.704545,-130.886475,72.216309,134.674103,-0.093514,-0.785340,-0.040792,-0.610600,
6973,1005029471,9.688403,-1.843050,-4.524515,-49.079823,-75.341873,143.108749,-0.087014,-0.791860,-0.019141,-0.604169,
6974,1005046138,18.967157,0.956053,-4.422792,-33.452663,-58.912746,151.529053,-0.077874,-0.796696,0.001910,-0.599338,
6975,1005062805,19.000038,6.006089,-1.790263,33.541222,62.720943,155.902725,-0.060580,-0.791215,0.016253,-0.608312,
6976,1005079472,10.538860,8.699198,-0.236247,10.619222,47.988430,141.887421,-0.047095,-0.786437,0.031128,-0.615085,
6977,1005096139,9.952728,7.257194,-0.460292,11.033931,35.421188,96.581535,-0.037552,-0.782716,0.040860,-0.619899,
6978,1005112806,12.700345,5.782455,-0.930545,-9.033004,36.603085,69.899155,-0.032703,-0.778799,0.049346,-0.624474,
6979,1005129473,13.042299,6.517613,-2.927998,19.026314,48.956009,82.775551,-0.023593,-0.773670,0.056671,-0.630608,
6980,1005146140,8.630761,9.368898,-3.850747,74.501289,86.005661,96.981255,-0.007242,-0.764958,0.060358,-0.641204,
6981,1005162807,2.210581,12.551375,-3.772113,97.726067,93.055328,93.840332,0.011335,-0.755246,0.061488,-0.652452,
6982,1005179474,-3.561448,15.193130,-3.469476,58.105198,70.175987,68.220642,0.023321,-0.747685,0.063493,-0.660599,
6983,1005196141,-6.374440,15.897533,-3.468173,3.007788,39.416138,12.282983,0.024211,-0.743670,0.064588,-0.664978,
6984,1005212808,-5.928976,13.753140,0.004914,-52.653187,27.195925,-47.175301,0.013432,-0.741533,0.064582,-0.667665,
6985,1005229475,-1.827680,12.484860,0.730961,-139.876205,-0.760058,-97.338669,-0.011374,-0.742473,0.067548,-0.666364,
6986,1005246142,3.948174,9.239780,-1.723309,-235.049454,-24.312744,-139.084885,-0.050262,-0.745116,0.075187,-0.660774,
6987,1005262809,14.100092,6.158432,-1.573506,-218.138428,-59.434353,-183.289413,-0.091098,-0.750466,0.076533,-0.650111,
6988,1005279476,29.489651,6.115849,-3.243194,-122.952644,-63.730114,-158.267471,-0.119014,-0.756167,0.071555,-0.639474,
6989,1005296143,16.523376,0.827965,-1.096189,-48.415016,117.229233,-125.573929,-0.137486,-0.745367,0.060053,-0.649553,
6990,1005312810,11.713297,2.964544,-1.838393,-11.345244,19.193586,-146.727524,-0.153000,-0.744317,0.044678,-0.648526,
6991,1005329477,17.788391,3.061682,-2.353347,18.347685,14.972031,-145.518219,-0.165085,-0.743965,0.026707,-0.646953,
6992,1005346144,25.411282,2.521782,-2.942497,88.420906,10.916495,-121.070251,-0.167195,-0.745228,0.004874,-0.645490,
6993,1005362811,23.058910,1.250174,-2.279824,56.359718,62.636318,-140.226730,-0.174522,-0.740474,-0.017285,-0.648799,
6994,1005379478,19.800409,0.595433,-2.633303,22.694931,7.739378,-143.664795,-0.185841,-0.739654,-0.035233,-0.645858,
6995,1005396145,21.804657,-0.638802,-4.316140,14.853872,-19.153057,-142.856598,-0.197978,-0.740816,-0.051611,-0.639791,
6996,1005412812,15.509480,-2.650018,-3.425726,-22.665260,-11.052003,-165.844559,-0.216124,-0.739579,-0.067177,-0.633877,
6997,1005429479,11.676644,-4.064471,-2.910791,-25.335325,-44.693607,-167.759232,-0.234917,-0.740873,-0.081599,-0.623909,
6998,1005446146,9.287356,-3.581238,-1.817695,-31.379402,-28.708416,-147.850174,-0.252223,-0.740313,-0.093821,-0.616049,
6999,1005462813,7.061856,-3.715401,-1.490318,-16.994371,-32.641354,-115.464539,-0.265023,-0.740770,-0.103658,-0.608504,
7000,1005479480,6.738939,-5.759147,-2.270270,10.435559,-30.664770,-76.554916,-0.271326,-0.742523,-0.111781,-0.602118,
7001,1005496147,5.670624,-9.718758,-2.836768,66.165314,-48.399357,-37.949242,-0.268471,-0.748539,-0.119892,-0.594338,
7002,1005512814,5.884208,-8.553373,-0.913735,119.328102,-67.898560,-1.208244,-0.256908,-0.758749,-0.127798,-0.584778,
7003,1005529481,5.811008,0.132157,8.517866,-2.068722,-9.987031,36.384914,-0.254405,-0.760039,-0.123364,-0.585149,
7004,1005546148,2.060965,8.529523,11.589809,-77.484665,65.072357,58.120022,-0.257003,-0.752415,-0.112863,-0.595888,
7005,1005562815,-3.090914,9.064902,2.488073,114.738495,111.446449,69.089500,-0.236744,-0.747779,-0.119504,-0.608685,
7006,1005579482,-6.989340,8.451338,-2.748629,169.504303,46.596336,69.946884,-0.211422,-0.750263,-0.128589,-0.613083,
7007,1005596149,-5.876623,-2.055996,-13.093983,77.841492,-24.502129,75.171188,-0.196866,-0.755992,-0.126684,-0.611286,
7008,1005612816,-1.448065,-4.286326,-10.434620,78.388992,-102.574249,-2.575086,-0.190539,-0.767026,-0.131106,-0.598478,
7009,1005629483,8.117301,-5.212140,10.297650,195.246078,49.331242,-76.166313,-0.174556,-0.766172,-0.158027,-0.597944,
7010,1005646150,37.429451,-12.091645,-9.844805,473.791809,-260.582062,127.348671,-0.116359,-0.801113,-0.178013,-0.559455,
7011,1005662817,29.375999,22.526068,-23.161259,268.721130,100.686630,167.295334,-0.068873,-0.800729,-0.181996,-0.566539,
7012,1005679484,3.950163,35.091454,-10.968850,-480.412018,86.652550,-20.048021,-0.124132,-0.786094,-0.145290,-0.587825,
7013,1005696151,11.377537,-3.210303,28.856859,-27.933584,15.251063,-55.534840,-0.131950,-0.782940,-0.149645,-0.589237,
7014,1005712818,15.160031,-9.738911,-13.040588,-321.658081,-40.644325,35.072365,-0.166497,-0.779977,-0.117268,-0.591745,
7015,1005729485,20.770557,-19.879349,-9.589133,-81.025452,35.398697,192.330750,-0.158649,-0.777737,-0.089402,-0.601633,
7016,1005746152,6.868906,-12.708231,-3.589863,6.025280,94.979050,204.055908,-0.138976,-0.771671,-0.069099,-0.616794,
7017,1005762819,9.529504,-3.891407,-5.878599,49.373215,0.439125,138.260117,-0.121173,-0.773717,-0.058096,-0.619115,
7018,1005779486,16.955404,2.020984,-5.500904,47.119850,-85.363556,88.769211,-0.108751,-0.782723,-0.050920,-0.610676,
7019,1005796153,13.479683,7.411564,-2.055964,-3.470421,6.626544,148.801941,-0.096028,-0.782882,-0.033852,-0.613781,
7020,1005812820,14.895432,7.065983,-2.437837,-34.465912,-35.272995,133.062347,-0.088407,-0.785926,-0.015211,-0.611778,
7021,1005829487,15.388797,5.228692,-2.809659,-76.901306,42.964409,112.276794,-0.087279,-0.781084,0.003829,-0.618284,
7022,1005846154,11.439392,2.772726,-1.291032,-44.321579,26.413465,137.676956,-0.080121,-0.777785,0.023032,-0.622977,
7023,1005862821,11.087831,4.039198,-1.935392,-19.048689,23.703972,133.909180,-0.070405,-0.774709,0.039541,-0.627141,
7024,1005879488,9.833911,5.377616,-1.371023,-10.059761,31.024099,117.439957,-0.061200,-0.770879,0.053286,-0.631792,
7025,1005896155,9.777358,6.967727,-0.871713,-14.003017,36.795029,94.632996,-0.054563,-0.766456,0.064767,-0.636689,
7026,1005912822,8.428766,8.378752,-1.271867,-15.206868,42.099075,83.445160,-0.049141,-0.761482,0.075055,-0.641947,
7027,1005929489,5.524226,9.180055,-2.487031,-1.893331,45.634567,87.901993,-0.041865,-0.756076,0.084549,-0.647648,
7028,1005946156,2.262439,10.582711,-2.720236,32.541904,49.715065,90.232758,-0.030629,-0.750298,0.091006,-0.654089,
7029,1005962823,-0.672182,13.979778,-3.168252,30.994904,33.128422,73.743248,-0.020915,-0.746163,0.095865,-0.658493,
7030,1005979490,-4.556617,14.837724,-2.720497,-15.784348,23.395678,23.221548,-0.020988,-0.743456,0.099734,-0.660973,
7031,1005996157,-6.830979,11.652306,0.270411,-74.044731,11.656275,-51.776981,-0.034410,-0.742712,0.101112,-0.661038,
7032,1006012824,-0.832658,8.421546,1.488519,-106.359619,-9.044210,-135.658783,-0.059075,-0.744724,0.096594,-0.657697,
7033,1006029491,8.698376,8.006623,1.562924,-114.413445,-20.569220,-207.338806,-0.091253,-0.748083,0.085083,-0.651771,
7034,1006046158,24.262815,12.060680,3.053491,-129.874817,-78.756790,-196.092300,-0.123215,-0.755663,0.076921,-0.638650,
7035,1006062825,25.891653,5.056202,-5.690454,-24.693390,50.796127,-132.741806,-0.139087,-0.751714,0.063555,-0.641514,
7036,1006079492,14.136985,1.583785,-1.951031,-72.194748,68.693024,-133.358932,-0.160303,-0.744744,0.054159,-0.645543,
7037,1006096159,18.587854,1.262614,-4.815988,49.098183,23.687624,-144.429199,-0.168976,-0.744498,0.033195,-0.645033,
7038,1006112826,21.153204,1.932275,-4.477684,104.031609,31.064339,-133.847641,-0.170644,-0.744432,0.008024,-0.645474,
7039,1006129493,22.010815,2.815612,-3.289985,84.297607,15.744583,-130.952057,-0.174055,-0.744882,-0.014604,-0.643926,
7040,1006146160,18.859056,1.571392,-3.089911,46.772842,14.585534,-136.008774,-0.181920,-0.744117,-0.034227,-0.641890,
7041,1006162827,18.721781,-1.026691,-3.810180,44.730846,-26.814970,-139.586823,-0.190457,-0.746801,-0.052933,-0.634990,
7042,1006179494,16.175016,-3.609819,-3.003779,20.592453,-24.990068,-168.701340,-0.204177,-0.748010,-0.072590,-0.627314,
7043,1006196161,11.559101,-4.166930,-1.692483,8.981800,-50.703426,-170.758972,-0.219478,-0.750707,-0.090595,-0.616491,
7044,1006212828,10.601766,-2.679478,-0.866027,23.333036,-51.689602,-152.601303,-0.231454,-0.753721,-0.107811,-0.605566,
7045,1006229495,8.719166,-1.982686,-0.183661,27.205618,-44.189396,-119.269981,-0.239839,-0.756377,-0.121913,-0.596245,
7046,1006246162,8.110886,-1.171668,0.269149,-2.399366,-28.535072,-87.060966,-0.248339,-0.757008,-0.130417,-0.590134,
7047,1006262829,6.773325,-3.675692,-1.466957,23.183237,-32.609859,-44.688190,-0.250428,-0.759618,-0.136283,-0.584545,
7048,1006279496,5.760471,-2.610832,0.334635,37.637897,-37.706085,8.659288,-0.246464,-0.764195,-0.137287,-0.580012,
7049,1006296163,2.389283,1.463257,6.020470,-52.743984,-5.022123,38.121876,-0.249386,-0.763306,-0.128549,-0.581932,
7050,1006312830,-1.460709,3.733552,7.837684,-158.957962,20.816826,55.855801,-0.262028,-0.756438,-0.109746,-0.589150,
7051,1006329497,-4.482749,-3.907482,2.532697,-58.592621,67.798927,53.734501,-0.262955,-0.749011,-0.101522,-0.599609,
7052,1006346164,-2.510600,-0.278566,-2.079718,153.619858,18.163273,66.502312,-0.240277,-0.753906,-0.108472,-0.601769,
7053,1006362831,-3.485348,-2.695003,-7.963001,189.166306,8.326802,88.027611,-0.211795,-0.760679,-0.115747,-0.602588,
7054,1006379498,-1.008465,-4.174561,-11.768485,213.061142,-65.956009,73.577682,-0.182965,-0.773675,-0.124306,-0.593716,
7055,1006396165,5.979107,-1.002992,0.339952,265.988098,-22.930649,8.114517,-0.152809,-0.782161,-0.145778,-0.586192,
7056,1006412832,58.800625,4.767705,-3.644979,449.883057,-451.376892,148.446182,-0.098120,-0.830055,-0.156660,-0.526154,
7057,1006429499,23.167755,22.513557,-27.766708,1.690067,510.281677,-78.644493,-0.092198,-0.786793,-0.173223,-0.585192,
7058,1006446166,-18.511187,18.013794,19.580639,-238.157745,-53.977917,-54.339092,-0.125544,-0.786164,-0.158442,-0.584021,
7059,1006462833,12.320550,-5.733688,5.479418,-138.030396,-113.477364,5.281826,-0.143648,-0.792990,-0.144112,-0.574250,
7060,1006479500,27.087776,-13.198034,-4.290342,-179.918732,-95.175507,95.121391,-0.158564,-0.798603,-0.116175,-0.568853,
7061,1006496167,28.632669,-17.684183,-15.790562,-10.752645,152.735687,136.905136,-0.146015,-0.787533,-0.102972,-0.589803,
7062,1006512834,-0.157588,-5.650183,0.374279,43.276424,144.292053,107.219185,-0.129811,-0.777260,-0.097527,-0.607869,
7063,1006529501,11.638580,2.070179,-6.818271,48.412308,-44.266884,105.395576,-0.115789,-0.783323,-0.089129,-0.604197,
7064,1006546168,14.551038,5.543643,-6.081360,-8.355509,-15.189685,111.888237,-0.107252,-0.785733,-0.075465,-0.604504,
7065,1006562835,9.647717,4.083680,-6.085849,-22.469957,10.985863,143.958664,-0.097184,-0.785696,-0.057279,-0.608240,
7066,1006579502,12.413948,2.491874,-4.267901,-32.117760,-52.062969,118.909698,-0.090921,-0.790572,-0.040188,-0.604246,
7067,1006596169,16.193758,3.270503,-4.391228,-38.656952,-1.235316,129.307144,-0.084165,-0.790660,-0.021984,-0.606044,
7068,1006612836,12.046332,4.778975,-2.185414,-12.326057,48.249138,154.822479,-0.071936,-0.786422,-0.003762,-0.613475,
7069,1006629503,10.005877,6.142250,-1.400820,-8.447594,24.960297,143.636551,-0.060240,-0.783902,0.013078,-0.617816,
7070,1006646170,9.300868,5.166523,-0.710441,-16.795452,22.091118,118.036011,-0.051774,-0.781321,0.027770,-0.621358,
7071,1006662837,11.057195,5.202682,-0.849439,-5.838849,18.978510,94.372360,-0.044179,-0.779003,0.038796,-0.624257,
7072,1006679504,11.163610,6.973880,-2.023880,36.322655,31.140097,96.990189,-0.031633,-0.775667,0.046201,-0.628654,
7073,1006696171,7.830533,10.810303,-2.502554,94.422211,59.663280,105.325836,-0.011957,-0.769649,0.049084,-0.636465,
7074,1006712838,2.745037,13.990823,-1.351943,81.804710,66.797401,95.455933,0.005341,-0.762667,0.051988,-0.644676,
7075,1006729505,-2.731232,14.126921,-2.190779,28.974609,60.273243,63.569344,0.013823,-0.756350,0.056284,-0.651594,
7076,1006746172,-5.164142,10.225078,-3.459571,-30.921646,33.651089,5.837453,0.010453,-0.753066,0.059835,-0.655134,
7077,1006762839,-3.120641,7.814953,-2.013271,-41.383858,22.318359,-41.817886,0.001486,-0.751244,0.059139,-0.657367,
7078,1006779506,0.240430,9.928483,0.662712,-80.455162,10.318570,-74.748764,-0.014802,-0.750729,0.058564,-0.657842,
7079,1006796173,5.284648,9.693356,-0.479466,-166.291336,-19.716856,-123.138794,-0.044828,-0.752866,0.060937,-0.653811,
7080,1006812840,15.064603,10.228127,-2.159591,-167.210037,-65.347183,-170.904327,-0.079049,-0.758913,0.058394,-0.643732,
7081,1006829507,29.239286,7.013093,-4.364701,-131.437988,-53.639854,-161.867325,-0.108495,-0.763321,0.053294,-0.634610,
7082,1006846174,13.594259,0.342579,-0.967808,-37.207924,110.760658,-137.948318,-0.126457,-0.753206,0.039507,-0.644304,
7083,1006862841,13.683972,3.336497,-2.584046,32.027878,0.123116,-141.148178,-0.136427,-0.754312,0.020895,-0.641844,
7084,1006879508,18.424366,2.625686,-3.599072,54.765213,2.256228,-127.175484,-0.142545,-0.755301,0.001642,-0.639685,
7085,1006896175,25.723333,4.802037,-4.919213,123.112495,-20.746748,-124.912506,-0.140862,-0.759442,-0.023242,-0.634716,
7086,1006912842,21.362650,5.558855,-2.829177,63.139050,68.799950,-156.620514,-0.148328,-0.753460,-0.047909,-0.638750,
7087,1006929509,16.042645,3.883014,-0.826127,26.851395,10.680296,-146.932648,-0.159183,-0.751708,-0.066864,-0.636494,
7088,1006946176,18.838814,0.864746,-0.718497,-11.496967,-21.514194,-141.404434,-0.173958,-0.751753,-0.080887,-0.630923,
7089,1006962843,15.252078,-2.916373,-1.152848,-46.199757,-0.488723,-155.992783,-0.193525,-0.748434,-0.093807,-0.627370,
7090,1006979510,11.265992,-4.242254,-1.811155,-17.077709,-16.598644,-160.977036,-0.210478,-0.746909,-0.109417,-0.621171,
7091,1006996177,9.710333,-3.061366,0.562646,-19.559259,-1.396107,-141.264740,-0.225566,-0.743872,-0.123065,-0.616952,
7092,1007012844,7.256681,-4.175575,-0.438141,-21.073532,-16.565140,-111.780975,-0.238355,-0.742402,-0.132843,-0.611865,
7093,1007029511,5.809897,-5.982138,-2.386711,-2.750072,-28.840170,-90.229301,-0.247424,-0.742898,-0.141463,-0.605700,
7094,1007046178,4.471984,-5.881658,-3.457778,69.179863,-42.508827,-64.157539,-0.246645,-0.747568,-0.153078,-0.597390,
7095,1007062845,3.459336,-4.490849,-1.081768,94.502380,-41.539902,-32.331532,-0.240263,-0.753598,-0.163426,-0.589622,
7096,1007079512,2.245426,1.468234,6.108184,-13.821884,-16.521200,13.308829,-0.241210,-0.754687,-0.160334,-0.588692,
7097,1007096179,0.998930,2.489376,7.725913,-126.748589,58.694180,51.078766,-0.249507,-0.746068,-0.146026,-0.599838,
7098,1007112846,-1.891324,-1.565097,1.572516,30.036724,57.953247,74.837990,-0.238653,-0.743450,-0.142741,-0.608237,
7099,1007129513,-1.849433,0.804168,-3.912276,143.023285,10.399116,91.800781,-0.214974,-0.749010,-0.145908,-0.609491,
7100,1007146180,-2.075415,1.490622,-13.297485,41.459320,-54.941422,92.883736,-0.203554,-0.756885,-0.137849,-0.605547,
7101,1007162847,3.819539,-1.375788,1.790459,-20.142483,-69.162415,26.053831,-0.205046,-0.762708,-0.131275,-0.599165,
7102,1007179514,27.947176,-8.462889,0.947073,332.092407,-32.787670,-35.817844,-0.171915,-0.773728,-0.163169,-0.587508,
7103,1007196181,44.457973,6.607772,-24.077122,418.566650,8.365536,156.287064,-0.111110,-0.785402,-0.181314,-0.581311,
7104,1007212848,-3.700227,25.008066,5.085356,145.467300,132.466400,-74.161133,-0.097376,-0.774089,-0.204235,-0.591263,
7105,1007229515,8.672695,2.533250,3.161451,-298.703979,-81.703163,-68.184601,-0.139351,-0.773880,-0.184960,-0.589475,
7106,1007246182,10.599920,-4.255485,-0.809212,-9.185904,-46.739212,79.980591,-0.134947,-0.779629,-0.174319,-0.586158,
7107,1007262849,25.117872,-1.837904,-0.169863,-50.256355,-50.256180,170.918777,-0.127472,-0.786830,-0.149714,-0.585009,
7108,1007279516,18.874062,-7.645690,-11.637302,-49.496895,166.752670,110.308510,-0.120230,-0.773625,-0.136006,-0.607084,
7109,1007296183,6.430481,-0.522696,-2.286222,-14.667335,60.562576,95.379448,-0.112405,-0.769659,-0.125108,-0.615904,
7110,1007312850,12.834782,1.391256,-4.198993,-53.471046,-11.173894,98.083527,-0.109954,-0.771330,-0.109223,-0.617277,
7111,1007329517,10.573239,-1.629456,-5.163954,-65.552704,12.312435,115.919502,-0.106848,-0.770737,-0.090592,-0.621563,
7112,1007346184,9.179684,-1.136709,-4.888478,-25.987787,-2.347632,143.954666,-0.096918,-0.772139,-0.072128,-0.623862,
7113,1007362851,11.497138,-0.155646,-3.216005,-35.275517,-54.965561,150.510056,-0.087937,-0.777868,-0.051307,-0.620126,
7114,1007379518,16.433617,2.694589,-4.827730,-51.134968,-42.290005,146.686234,-0.080950,-0.781794,-0.029620,-0.617549,
7115,1007396185,15.114832,6.013032,-4.133488,-102.191216,66.650482,139.085709,-0.079931,-0.774810,-0.005477,-0.627096,
7116,1007412852,6.455487,5.426654,4.057800,-81.769348,38.817993,140.282272,-0.076475,-0.770096,0.017265,-0.633092,
7117,1007429519,8.450345,4.894776,-0.121406,-24.657593,12.909703,100.832130,-0.070164,-0.768185,0.030611,-0.635634,
7118,1007446186,10.555462,5.827280,0.636596,9.021924,8.536962,81.130699,-0.061882,-0.766969,0.038678,-0.637521,
7119,1007462853,12.582512,7.477745,-4.028236,55.598656,29.112070,82.830757,-0.048357,-0.764113,0.042423,-0.641866,
7120,1007479520,9.960093,8.900974,-4.069461,103.055855,54.209923,89.568703,-0.029073,-0.758950,0.042290,-0.649122,
7121,1007496187,7.691670,10.134592,-5.920182,140.453110,65.890343,96.714851,-0.005052,-0.752363,0.039342,-0.657553,
7122,1007512854,4.872361,15.332123,-4.820575,129.668213,72.669983,78.081284,0.015967,-0.744744,0.035348,-0.666222,
7123,1007529521,-0.508807,19.388741,-1.069102,73.273857,64.963608,38.825321,0.027094,-0.737899,0.032527,-0.673581,
7124,1007546188,-6.651353,17.305355,-4.160648,-21.886559,56.271175,-25.239634,0.021754,-0.732465,0.032103,-0.679699,
7125,1007562855,-8.518991,11.151322,-4.979349,-83.612457,21.332516,-80.730721,0.004499,-0.730795,0.031743,-0.681844,
7126,1007579522,-1.993538,10.094482,-1.110180,-88.780067,-32.498066,-136.036591,-0.018549,-0.734396,0.025961,-0.677970,
7127,1007596189,9.064039,13.275653,-0.091387,-129.453094,-73.082954,-234.485916,-0.055475,-0.741437,0.013751,-0.668584,
7128,1007612856,32.205143,17.656757,0.250913,-178.279114,-119.915115,-220.899246,-0.096153,-0.751244,0.008094,-0.652933,
7129,1007629523,27.192768,0.283260,-4.410986,-124.473137,11.688479,-114.854370,-0.120938,-0.748182,0.007061,-0.652340,
7130,1007646190,16.179930,0.171478,-1.238147,-24.461164,22.467543,-123.483139,-0.135602,-0.745498,-0.004598,-0.652551,
7131,1007662857,16.789074,-1.754600,-4.143599,-45.573227,12.633409,-135.086517,-0.153608,-0.743022,-0.015311,-0.651220,
7132,1007679524,16.505814,2.386852,-3.054117,-15.366472,-0.320337,-145.333649,-0.169271,-0.742089,-0.029696,-0.647896,
7133,1007696191,18.555656,3.422715,-1.824306,-22.766111,-14.148218,-162.373734,-0.187308,-0.741813,-0.044864,-0.642351,
7134,1007712858,18.417353,0.519872,-1.912633,-23.159409,-12.285088,-162.475128,-0.205272,-0.740918,-0.060029,-0.636631,
7135,1007729525,15.248589,-2.878259,-2.446696,-39.821178,-26.828520,-155.991562,-0.224434,-0.740498,-0.072481,-0.629315,
7136,1007746192,14.427758,-3.129503,-1.874599,-12.347396,-44.594009,-150.389206,-0.240180,-0.742250,-0.086220,-0.619632,
7137,1007762859,11.156468,-3.531526,-1.932354,-29.217825,-32.555424,-139.146317,-0.256457,-0.742102,-0.097597,-0.611546,
7138,1007779526,9.145803,-3.720109,-2.128505,-11.214114,-50.870350,-112.277885,-0.268554,-0.744343,-0.106950,-0.601991,
7139,1007796193,7.776284,-3.378590,-2.359694,-13.916018,-33.543629,-83.724678,-0.278099,-0.745216,-0.113622,-0.595317,
7140,1007812860,5.648398,-5.805597,-4.254665,12.944479,-31.707466,-61.069717,-0.282696,-0.747287,-0.120218,-0.589230,
7141,1007829527,3.322978,-10.147659,-5.670790,100.484077,-39.922928,-45.842514,-0.276554,-0.753782,-0.132296,-0.581230,
7142,1007846194,3.786643,-11.376924,-2.170820,173.772614,-102.815948,1.206858,-0.259445,-0.769019,-0.142799,-0.566486,
7143,1007862861,7.783646,3.608107,10.808723,-58.859417,-11.669102,76.996124,-0.260070,-0.769142,-0.129018,-0.569331,
7144,1007879528,1.720293,6.385193,10.467704,-154.219894,135.216690,97.605515,-0.266735,-0.753380,-0.110509,-0.590812,
7145,1007896195,-5.898238,5.433042,0.219608,66.542458,62.063362,107.277435,-0.249361,-0.752045,-0.106987,-0.600667,
7146,1007912862,-6.664139,6.837125,-5.135202,99.046783,-7.387892,108.394737,-0.229313,-0.757650,-0.103621,-0.602200,
7147,1007929529,-3.820919,0.632468,-11.576357,56.741577,-89.547241,103.063538,-0.215535,-0.768622,-0.094356,-0.594863,
7148,1007946196,6.301294,-3.861208,-5.260919,234.539688,-105.132812,43.021919,-0.187091,-0.784976,-0.106607,-0.580899,
7149,1007962863,68.878609,-21.354002,-8.858600,238.414719,-404.655334,90.725197,-0.158247,-0.825011,-0.105256,-0.532199,
7150,1007979530,5.330931,35.933338,-15.463740,296.704041,535.603577,-95.745941,-0.121414,-0.785484,-0.151664,-0.587598,
7151,1007996197,1.976281,19.048412,22.643873,-248.218994,-318.783661,14.600050,-0.155503,-0.807167,-0.123018,-0.556028,
7152,1008012864,7.243931,-2.610082,-0.253367,-211.135773,70.368919,25.452215,-0.177078,-0.796585,-0.104615,-0.568464,
7153,1008029531,26.610935,-13.253467,-2.095701,-83.380318,-94.124702,99.088791,-0.180124,-0.803372,-0.083917,-0.561343,
7154,1008046198,27.044228,-19.245800,-11.033615,-15.857925,160.665619,125.671509,-0.169857,-0.790882,-0.072231,-0.583470,
7155,1008062865,1.485060,-7.278699,-4.722553,169.260620,71.603775,114.478775,-0.140002,-0.789666,-0.075259,-0.592590,
7156,1008079532,15.630848,0.273983,-10.145029,162.930817,-15.346266,112.502533,-0.111863,-0.795081,-0.076128,-0.591217,
7157,1008096199,15.640601,6.219736,-8.973673,145.140457,19.200649,115.940834,-0.085013,-0.796659,-0.075569,-0.593630,
7158,1008112866,9.823679,10.086519,-5.376041,23.769531,20.485559,145.408295,-0.069615,-0.796476,-0.061092,-0.597534,
7159,1008129533,11.036303,7.862539,-6.199763,-78.107101,-47.753513,136.076614,-0.067407,-0.800703,-0.038123,-0.594035,
7160,1008146200,16.022100,6.705730,-7.309900,-16.901056,51.447392,148.651413,-0.056404,-0.796595,-0.019932,-0.601545,
7161,1008162867,10.567981,8.971001,3.192452,-55.437244,71.103783,160.377884,-0.048751,-0.789995,0.002837,-0.611165,
7162,1008179534,10.805803,7.135072,-1.950097,-54.366524,23.332842,129.651520,-0.043666,-0.787208,0.022316,-0.614734,
7163,1008196201,8.699856,5.608902,-0.902550,-64.229630,41.835041,111.998405,-0.041336,-0.782442,0.040525,-0.620027,
7164,1008212868,9.361172,4.030446,-2.067255,-46.062721,31.984240,96.734634,-0.038252,-0.778508,0.055407,-0.624013,
7165,1008229535,8.936891,5.636029,-2.454216,-21.239195,38.071255,89.987206,-0.033009,-0.774031,0.067220,-0.628703,
7166,1008246202,7.189567,7.333855,-2.418294,5.541350,45.892048,87.249954,-0.025076,-0.768835,0.076222,-0.634392,
7167,1008262869,4.084117,9.822865,-2.832353,36.191147,59.574612,75.822258,-0.014924,-0.762453,0.081051,-0.641773,
7168,1008279536,-0.116872,12.483710,-3.373026,40.824223,61.775299,54.541382,-0.006274,-0.755976,0.083059,-0.649278,
7169,1008296203,-3.641872,13.554750,-3.782535,12.308695,43.889980,17.850023,-0.004019,-0.751522,0.083729,-0.654361,
7170,1008312870,-5.261509,12.381131,-0.748887,-51.505630,25.929125,-26.674387,-0.012766,-0.749232,0.085602,-0.656628,
7171,1008329537,-3.681618,10.887421,1.111854,-105.435349,3.482453,-61.417049,-0.030434,-0.749264,0.088857,-0.655577,
7172,1008346204,1.543010,8.892950,-0.532700,-166.967300,-18.399160,-111.201706,-0.059259,-0.751304,0.092592,-0.650735,
7173,1008362871,10.469986,5.683641,-0.355006,-143.721207,-33.718441,-185.319122,-0.092295,-0.755212,0.086060,-0.643219,
7174,1008379538,30.527660,11.727897,1.316300,-92.185143,-116.336510,-199.215576,-0.119822,-0.766757,0.074176,-0.626277,
7175,1008396205,27.118408,1.776754,-5.898806,-11.561072,137.547867,-136.341263,-0.135253,-0.755086,0.057450,-0.638945,
7176,1008412872,9.620837,1.708040,2.890815,28.081219,73.761322,-146.196930,-0.146619,-0.749672,0.037175,-0.644293,
7177,1008429539,21.273027,1.683828,-4.556870,69.865135,4.819678,-143.176926,-0.152688,-0.751161,0.014760,-0.642047,
7178,1008446206,23.955648,2.405683,-4.469691,118.712540,39.453350,-128.868759,-0.152063,-0.750009,-0.011427,-0.643609,
7179,1008462873,19.735567,2.641083,-3.347586,73.677246,53.882862,-153.715088,-0.158542,-0.745955,-0.036421,-0.645824,
7180,1008479540,17.205410,2.342654,-2.554629,43.646412,0.444670,-152.650024,-0.168362,-0.745776,-0.057221,-0.642027,
7181,1008496207,18.381218,0.229723,-2.670080,12.528293,-22.620684,-154.997330,-0.181876,-0.746568,-0.074773,-0.635583,
7182,1008512874,14.806447,-1.847321,-1.951532,-14.074999,-25.284573,-169.854813,-0.199568,-0.746304,-0.091362,-0.628375,
7183,1008529541,11.709367,-3.617025,-2.410963,-18.796101,-32.188377,-170.321136,-0.217771,-0.746046,-0.107307,-0.620062,
7184,1008546208,9.469033,-3.169805,-0.724746,-28.231401,-13.217642,-153.489212,-0.235049,-0.743600,-0.121108,-0.614120,
7185,1008562875,6.365823,-3.558586,-1.433392,-8.171717,-27.738245,-128.405487,-0.248061,-0.743242,-0.133434,-0.606838,
7186,1008579542,5.231622,-4.650913,-2.136207,12.359563,-43.085442,-97.421127,-0.256335,-0.745351,-0.143625,-0.598428,
7187,1008596209,4.945844,-6.420661,-3.041698,72.876015,-72.555870,-55.076492,-0.254906,-0.752969,-0.153351,-0.586979,
7188,1008612876,4.635731,-3.766067,1.397187,58.435658,-65.399673,-7.187913,-0.250747,-0.760343,-0.156828,-0.578281,
7189,1008629543,3.153354,4.999677,9.558947,-89.305428,-11.098617,39.152550,-0.257741,-0.758681,-0.144703,-0.580545,
7190,1008646210,-0.754609,4.439372,7.666850,-154.744690,75.701073,60.781368,-0.268189,-0.747340,-0.127855,-0.594315,
7191,1008662877,-6.198985,0.786505,-0.367970,22.790257,54.934635,62.301373,-0.259484,-0.744417,-0.125322,-0.602333,
7192,1008679544,-5.206232,-1.601508,-4.561819,66.590363,27.078409,75.919205,-0.245304,-0.745695,-0.124080,-0.606934,
7193,1008696211,-3.768441,-6.778653,-12.232777,103.683426,-50.130707,81.195267,-0.227952,-0.754973,-0.122746,-0.602484,
7194,1008712878,3.977290,1.458230,-0.195279,254.420227,-26.152338,28.697615,-0.198015,-0.765538,-0.141064,-0.595687,
7195,1008729545,46.017841,-8.063861,-10.973652,435.269531,-304.116486,48.777489,-0.151212,-0.802947,-0.164269,-0.552653,
7196,1008746212,34.439640,18.718578,-23.479734,358.546783,219.810059,7.676911,-0.103382,-0.791714,-0.196821,-0.569001,
7197,1008762879,-8.488822,25.119064,17.099213,-222.473633,76.852524,-117.160255,-0.136574,-0.777934,-0.193020,-0.582158,
7198,1008779546,9.816410,-1.777101,4.324393,-111.905258,-95.143250,6.623802,-0.151500,-0.783621,-0.180983,-0.574657,
7199,1008796213,12.516260,-5.507899,-3.678432,-132.630844,-11.444054,124.118034,-0.156674,-0.784493,-0.155560,-0.579503,
7200,1008812880,29.829687,-12.854342,-7.140399,-57.196442,-107.379280,181.099731,-0.150470,-0.795797,-0.127673,-0.572508,
7201,1008829547,14.291757,-5.689420,-7.711803,16.548861,247.243759,134.226532,-0.132832,-0.777258,-0.118929,-0.603391,
7202,1008846214,7.846786,4.670755,-3.294627,-5.766400,-0.832222,107.018456,-0.124255,-0.778840,-0.106388,-0.605517,
7203,1008862881,13.016781,3.559945,-5.593198,-72.431602,-17.205774,116.651093,-0.122597,-0.780560,-0.086556,-0.606798,
7204,1008879548,8.086020,1.146050,-6.316826,-62.363369,12.630466,134.959656,-0.117752,-0.779720,-0.066029,-0.611400,
7205,1008896215,7.814137,-0.098682,-4.587766,-59.758991,-33.448307,151.468811,-0.111522,-0.782777,-0.043038,-0.610712,
7206,1008912882,15.270671,1.587812,-3.118658,-53.054314,-65.663620,157.423309,-0.104132,-0.788357,-0.019415,-0.606029,
7207,1008929549,18.586700,4.278866,-2.924107,-55.919846,-10.286088,160.597595,-0.096568,-0.788521,0.003999,-0.607365,
7208,1008946216,10.771172,5.571614,0.338727,-54.849072,40.797291,159.716400,-0.088930,-0.783698,0.026497,-0.614171,
7209,1008962883,8.971036,3.535459,-0.421383,-44.308083,12.248799,132.587692,-0.082362,-0.781255,0.045317,-0.617092,
7210,1008979550,10.159472,2.851796,-1.080619,-31.392178,16.228479,106.119072,-0.076702,-0.778521,0.059906,-0.620026,
7211,1008996217,12.129380,5.279473,-1.230168,-18.607513,17.092630,95.673126,-0.070529,-0.775762,0.072135,-0.622909,
7212,1009012884,11.169047,8.223550,-1.443267,4.794585,34.029667,101.757957,-0.061329,-0.771471,0.082737,-0.627873,
7213,1009029551,7.084198,10.266473,-1.508554,54.250935,57.661583,109.206841,-0.046175,-0.765135,0.089421,-0.635956,
7214,1009046218,2.777491,12.500970,-1.994451,89.294067,67.971649,106.808586,-0.027460,-0.757776,0.092479,-0.645344,
7215,1009062885,-1.600686,14.583135,-1.983444,55.733303,63.652458,75.780151,-0.015299,-0.750814,0.095245,-0.653431,
7216,1009079552,-4.611970,13.819580,-2.093529,-0.263992,46.513546,8.991070,-0.015372,-0.746164,0.096058,-0.658616,
7217,1009096219,-4.343368,10.299235,-1.763299,-58.282524,29.137833,-56.016445,-0.027733,-0.743880,0.095395,-0.660888,
7218,1009112886,-1.374181,8.036783,0.952963,-76.451836,13.959557,-86.562546,-0.044787,-0.743236,0.093209,-0.660988,