sep=,
DeviceTag:,DOT_Thigh_L
FirmwareVersion:,2.2.1
AppVersion:,2023.6.0
SyncStatus:,Synced
OutputRate:,60Hz
FilterProfile:,Dynamic
Measurement Mode:,Custom modes - custom mode5
StartTime: ,2026-09-15_18:22:23_542 GMT+8
© Movella Technologies B. V. 2005-2026

PacketCounter,SampleTimeFine,Acc_X,Acc_Y,Acc_Z,Gyr_X,Gyr_Y,Gyr_Z,Quat_W,Quat_X,Quat_Y,Quat_Z
1,1790438651,-9.008237,-2.375965,-2.612446,2.773726,-8.418985,19.692926,0.421608,0.515345,0.561174,-0.491685,
2,1790455318,-9.085867,-2.028295,-2.522399,6.676800,-7.574122,18.373446,0.422902,0.516625,0.559091,-0.491602,
3,1790471985,-9.077610,-1.843974,-2.363741,9.808586,-6.445511,19.092606,0.423916,0.518232,0.556796,-0.491642,
4,1790488652,-9.166055,-1.589519,-2.128896,11.189284,-6.127737,20.925283,0.424928,0.520091,0.554278,-0.491651,
5,1790505319,-9.389506,-1.362868,-1.904745,10.796809,-6.875425,22.831503,0.426160,0.522020,0.551592,-0.491561,
6,1790521986,-9.673543,-1.300309,-1.571587,10.767779,-7.225848,23.971289,0.427499,0.524006,0.548792,-0.491419,
7,1790538653,-9.683642,-1.423015,-1.446531,8.915565,-6.864514,24.005772,0.428947,0.525899,0.546137,-0.491093,
8,1790555320,-9.656179,-1.427176,-1.493386,9.709970,-5.960793,23.620375,0.430229,0.527868,0.543504,-0.490779,
9,1790571987,-9.603211,-1.284344,-1.606625,10.385087,-5.134796,24.018274,0.431417,0.529964,0.540838,-0.490423,
10,1790588654,-9.732098,-0.943021,-1.806091,9.501550,-5.329428,25.534542,0.432791,0.532102,0.538098,-0.489911,
11,1790605321,-10.027975,-0.548219,-1.763951,4.030689,-8.019487,27.065716,0.434900,0.533816,0.535452,-0.489076,
12,1790621988,-10.277668,-0.353876,-1.533322,-7.556899,-13.878047,26.813370,0.438341,0.534352,0.533271,-0.487801,
13,1790638655,-10.309601,-0.643482,-1.605521,-26.244335,-19.238886,24.868469,0.443501,0.533151,0.532211,-0.485604,
14,1790655322,-9.984116,-0.928000,-2.229268,-40.693348,-24.406462,21.994881,0.449958,0.530406,0.532037,-0.482853,
15,1790671989,-9.994838,-2.185259,-3.145580,-55.294289,-14.785860,16.885883,0.456408,0.526952,0.533876,-0.478532,
16,1790688656,-12.004441,-4.489676,-3.150216,-27.998508,-10.461340,12.400939,0.460095,0.525236,0.534422,-0.476273,
17,1790705323,-10.824027,-3.569966,-2.007401,-0.823322,-21.102196,5.926538,0.462077,0.524090,0.532859,-0.477366,
18,1790721990,-9.957285,-3.042804,-1.691908,9.635180,-14.343421,1.301274,0.462413,0.523753,0.531374,-0.479062,
19,1790738657,-9.576605,-2.382954,-0.808743,8.472411,-10.036124,-4.535755,0.462095,0.523185,0.530703,-0.480731,
20,1790755324,-9.155190,-1.673636,-0.627321,-17.698484,-5.681436,-18.539606,0.462449,0.520076,0.533214,-0.480985,
21,1790771991,-8.846257,-2.198089,-0.534696,-27.553963,-9.778062,-33.503693,0.462805,0.514841,0.537255,-0.481777,
22,1790788658,-7.854540,-3.009397,-0.665387,-12.645154,-10.917038,-44.142738,0.461367,0.509674,0.540947,-0.484513,
23,1790805325,-7.357868,-3.505998,-1.305466,4.446398,-5.046029,-49.835712,0.457773,0.505592,0.544221,-0.488515,
24,1790821992,-7.149132,-3.632156,-1.830261,9.134687,-4.743885,-55.702156,0.453364,0.501348,0.547579,-0.493226,
25,1790838659,-7.088469,-3.250888,-2.014818,14.479074,-6.836460,-65.693344,0.447976,0.496466,0.551099,-0.499131,
26,1790855326,-7.451965,-2.811597,-2.367821,19.041910,-5.757842,-78.156975,0.441212,0.490901,0.555191,-0.506077,
27,1790871993,-7.950856,-2.645635,-2.826221,22.863194,-3.274161,-91.304764,0.432934,0.484620,0.560008,-0.513912,
28,1790888660,-8.984882,-2.064246,-2.287018,21.259708,-1.312147,-98.646980,0.423970,0.477687,0.565470,-0.521835,
29,1790905327,-9.835155,-1.695466,-2.120902,15.207892,2.052226,-93.943253,0.415418,0.470923,0.571154,-0.528627,
30,1790921994,-10.324051,-1.875710,-1.477130,8.357166,17.503304,-81.912209,0.406903,0.465849,0.577373,-0.532971,
31,1790938661,-10.622684,-3.148278,-1.011234,-4.063504,25.084497,-73.944016,0.399151,0.461229,0.584380,-0.535209,
32,1790955328,-10.058220,-4.628156,-1.427962,8.013102,30.965782,-72.092453,0.390179,0.457862,0.590585,-0.537898,
33,1790971995,-9.547106,-4.463985,-1.640075,30.482769,41.197277,-71.982521,0.378781,0.456510,0.595514,-0.541747,
34,1790988662,-9.521264,-3.584239,-1.801764,40.888462,47.040413,-72.114029,0.366105,0.456095,0.599844,-0.546017,
35,1791005329,-9.591268,-2.778330,-1.839579,55.650593,51.010567,-72.572693,0.351987,0.456643,0.603113,-0.551217,
36,1791021996,-9.766409,-2.542537,-1.553271,67.141197,54.048466,-71.847061,0.336808,0.457969,0.605414,-0.557046,
37,1791038663,-9.764269,-2.496819,-1.422689,62.876278,56.569988,-71.039688,0.321667,0.459240,0.607969,-0.562143,
38,1791055330,-10.011147,-2.524315,-1.003882,54.188568,52.728096,-70.593941,0.307403,0.459716,0.610874,-0.566568,
39,1791071997,-9.789457,-2.748431,-1.061179,41.985016,47.629704,-72.547112,0.294181,0.458953,0.614555,-0.570215,
40,1791088664,-9.704003,-2.828566,-1.149776,26.385908,40.837154,-75.289398,0.282324,0.456628,0.619305,-0.572929,
41,1791105331,-9.619596,-2.717534,-1.270239,16.502798,34.245365,-75.418312,0.271660,0.453259,0.624513,-0.575102,
42,1791121998,-9.486070,-2.533731,-1.267217,5.509685,29.244381,-71.835205,0.262436,0.449299,0.630116,-0.576380,
43,1791138665,-9.255786,-2.633193,-1.430459,-10.926481,25.030941,-67.844040,0.254973,0.444666,0.636595,-0.576202,
44,1791155332,-8.903457,-3.234350,-1.255931,-24.512646,21.607813,-64.075378,0.248993,0.439541,0.643768,-0.574781,
45,1791171999,-8.411314,-4.264759,-1.256776,-28.728306,21.230433,-61.776707,0.243481,0.434396,0.651057,-0.572839,
46,1791188666,-8.210106,-4.842185,-1.504477,-23.404549,21.965879,-60.079685,0.237679,0.429614,0.657751,-0.571233,
47,1791205333,-8.141464,-5.052613,-1.811170,-14.949889,22.725481,-56.209316,0.231575,0.425516,0.663464,-0.570199,
48,1791222000,-7.815352,-5.052757,-2.096715,-5.136767,24.869371,-52.954201,0.224907,0.422206,0.668179,-0.569823,
49,1791238667,-7.733179,-4.743643,-2.326442,-0.105141,27.033073,-47.553558,0.218151,0.419734,0.672167,-0.569585,
50,1791255334,-7.704022,-4.717075,-2.169047,8.872031,24.534824,-40.497162,0.211664,0.418005,0.674861,-0.570119,
51,1791272001,-7.338733,-4.316962,-2.467555,7.686424,20.952396,-35.149677,0.206033,0.416448,0.677187,-0.570563,
52,1791288668,-7.214681,-4.068376,-2.450198,2.284156,21.538939,-25.694084,0.201451,0.415695,0.679383,-0.570138,
53,1791305335,-6.875988,-4.354681,-1.977937,6.264811,18.797915,-16.498205,0.197657,0.415731,0.680598,-0.569989,
54,1791322002,-6.302513,-4.795745,-2.343025,4.431137,16.066256,-8.681435,0.194890,0.416257,0.681406,-0.569593,
55,1791338669,-5.881185,-4.896559,-2.910839,3.659398,15.851629,0.313609,0.192934,0.417632,0.681722,-0.568874,
56,1791355336,-5.836154,-4.689322,-2.817125,13.071776,18.377640,10.314718,0.190983,0.420468,0.680716,-0.568648,
57,1791372003,-6.084807,-4.263999,-2.969559,30.669233,20.233786,21.417870,0.188685,0.425035,0.677610,-0.569728,
58,1791388670,-6.446948,-3.345631,-2.930288,51.867977,19.768034,35.429569,0.186271,0.431499,0.671826,-0.572506,
59,1791405337,-6.729226,-1.853288,-2.203062,63.933105,26.562855,51.535320,0.183755,0.440378,0.664130,-0.575531,
60,1791422004,-7.428347,-0.650782,-1.193766,73.126221,26.292707,68.701721,0.182080,0.451055,0.654432,-0.578894,
61,1791438671,-7.661856,0.273375,-0.567826,65.534531,9.928501,85.872047,0.183864,0.461684,0.643661,-0.582018,
62,1791455338,-8.338156,-0.433024,-0.612603,25.252026,-10.292020,105.099380,0.191830,0.471212,0.634313,-0.582074,
63,1791472005,-12.202258,-11.810152,-4.410575,-253.996140,-28.956171,114.479301,0.221261,0.471787,0.646834,-0.556838,
64,1791488672,-16.983084,-27.163502,-13.579611,50.349323,59.774811,64.335762,0.217200,0.484182,0.640401,-0.555231,
65,1791505339,-12.872434,-7.360088,2.625157,201.079956,30.481571,3.496471,0.200221,0.493042,0.624810,-0.571346,
66,1791522006,-10.458352,3.933939,-0.117215,90.174240,14.811863,-12.436735,0.191188,0.495665,0.618792,-0.578673,
67,1791538673,-8.583230,9.887298,-0.621600,-39.806362,-10.684874,51.639786,0.199190,0.498228,0.618301,-0.574281,
68,1791555340,-7.590417,1.297971,-3.299551,-104.660553,-28.914913,94.795265,0.217084,0.501141,0.619408,-0.563976,
69,1791572007,-8.299325,-2.911707,-1.859787,-109.906700,-42.072681,83.966148,0.235564,0.501614,0.621048,-0.554252,
70,1791588674,-10.236814,-8.488154,-1.843814,-89.011070,-40.206291,78.740562,0.251840,0.502290,0.621210,-0.546244,
71,1791605341,-9.693594,-10.998561,-2.815004,-3.327011,-20.721560,76.833961,0.259886,0.507364,0.615275,-0.544501,
72,1791622008,-7.168531,-6.569142,-2.825736,46.728771,-4.859233,74.386749,0.262588,0.515293,0.606068,-0.546081,
73,1791638675,-8.043372,-1.189008,-1.706608,36.992809,1.467697,69.287132,0.265018,0.522831,0.598174,-0.546446,
74,1791655342,-8.556828,1.546994,-1.543179,1.434476,-9.104586,68.977295,0.271019,0.528073,0.592654,-0.544473,
75,1791672009,-8.764605,0.945488,-1.432237,-28.766712,-18.694525,69.011116,0.280140,0.531311,0.589080,-0.540572,
76,1791688676,-9.273018,-1.258782,-1.385335,-53.343262,-29.232941,60.178947,0.291330,0.531889,0.587611,-0.535665,
77,1791705343,-9.349876,-3.449251,-1.927248,-60.522736,-35.906933,48.660591,0.302706,0.530579,0.587219,-0.531067,
78,1791722010,-8.746991,-3.884917,-2.727133,-62.130402,-37.233772,37.933773,0.313446,0.528101,0.587635,-0.526830,
79,1791738677,-8.320217,-3.249908,-3.356776,-63.429527,-34.585457,30.732922,0.323465,0.525080,0.588745,-0.522535,
80,1791755344,-8.255971,-2.634292,-3.530523,-65.838898,-31.782576,25.354860,0.332978,0.521631,0.590507,-0.518007,
81,1791772011,-8.037108,-2.867061,-3.679121,-68.696175,-30.869692,23.431669,0.342442,0.517881,0.592597,-0.513190,
82,1791788678,-7.874387,-3.220175,-3.639663,-53.070629,-24.183094,23.714983,0.350137,0.515377,0.593770,-0.509147,
83,1791805345,-8.326715,-2.899429,-3.215371,-31.938576,-17.020468,23.593040,0.355598,0.514437,0.593717,-0.506367,
84,1791822012,-8.711713,-3.056914,-2.600382,-26.688536,-18.307867,26.434715,0.360974,0.513901,0.592975,-0.503972,
85,1791838679,-8.761600,-3.233046,-2.196793,-15.128377,-18.253180,31.295504,0.365825,0.514377,0.591006,-0.502297,
86,1791855346,-8.650915,-3.058368,-2.178382,-4.633681,-16.952236,33.976028,0.369963,0.515723,0.588123,-0.501270,
87,1791872013,-8.804055,-2.661834,-2.291796,7.295346,-14.006285,34.186871,0.372961,0.517929,0.584495,-0.501017,
88,1791888680,-9.034737,-2.131138,-2.365276,13.304597,-11.060522,33.136765,0.375168,0.520572,0.580654,-0.501097,
89,1791905347,-9.227620,-1.581521,-2.163757,13.028855,-9.599972,32.434750,0.377212,0.523234,0.576950,-0.501068,
90,1791922014,-9.433034,-1.211136,-2.068256,7.038266,-9.811538,33.030567,0.379763,0.525589,0.573612,-0.500508,
91,1791938681,-9.601998,-0.909777,-1.864488,-2.758487,-11.384459,32.345219,0.383136,0.527219,0.570939,-0.499277,
92,1791955348,-9.614554,-1.130728,-1.894878,-14.612615,-16.385841,29.462881,0.387616,0.527573,0.569055,-0.497593,
93,1791972015,-9.308327,-1.707721,-2.129132,-19.294374,-19.841608,26.692585,0.392529,0.527170,0.567512,-0.495930,
94,1791988682,-9.107170,-1.925259,-2.068000,-20.483841,-19.840946,26.479353,0.397505,0.526665,0.566054,-0.494165,
95,1792005349,-9.091486,-1.924227,-2.077214,-14.321794,-19.498415,27.878317,0.402071,0.526640,0.564050,-0.492787,
96,1792022016,-9.020068,-1.845981,-2.211748,-6.553172,-17.785208,29.521221,0.406009,0.527315,0.561449,-0.491806,
97,1792038683,-9.191813,-1.962325,-2.159139,-0.906757,-16.456394,30.090403,0.409436,0.528452,0.558467,-0.491139,
98,1792055350,-9.217751,-2.414251,-2.425168,3.098541,-16.305317,29.716032,0.412508,0.529797,0.555223,-0.490798,
99,1792072017,-9.271175,-2.702382,-2.812572,19.353754,-13.541338,30.451805,0.414145,0.532360,0.550915,-0.491500,
100,1792088684,-9.376820,-2.277291,-2.670403,36.159920,-9.984420,34.006104,0.414433,0.536453,0.545323,-0.493040,
101,1792105351,-9.807423,-1.572668,-2.280407,37.104271,-8.801857,38.755692,0.414872,0.541036,0.539335,-0.494249,
102,1792122018,-10.155086,-1.132384,-2.022719,31.690248,-10.149953,41.451767,0.416012,0.545375,0.533412,-0.494949,
103,1792138685,-10.201478,-1.132896,-1.910594,20.338831,-12.704129,41.716232,0.418249,0.548837,0.528103,-0.494930,
104,1792155352,-9.948365,-1.576957,-1.948539,4.562146,-15.129395,40.834183,0.421851,0.551074,0.523831,-0.493925,
105,1792172019,-9.772156,-2.047405,-1.912858,-9.123070,-16.820246,37.688114,0.426437,0.552091,0.520673,-0.492189,
106,1792188686,-9.659768,-2.141830,-1.919216,-21.356714,-16.884438,33.645844,0.431705,0.552017,0.518691,-0.489765,
107,1792205353,-9.641690,-2.007792,-1.876925,-30.062675,-17.314182,29.066467,0.437361,0.550999,0.517651,-0.486987,
108,1792222020,-9.487095,-1.674788,-2.501317,-39.036850,-17.568586,22.204107,0.443249,0.548851,0.517756,-0.483968,
109,1792238687,-10.909732,-3.251911,-3.533131,-45.503494,-4.946390,13.338978,0.448056,0.546479,0.519814,-0.480002,
110,1792255354,-12.295830,-3.969104,-2.510780,-5.914527,-12.131502,3.958490,0.449593,0.545463,0.519371,-0.480200,
111,1792272021,-11.160673,-2.613898,-1.983191,-2.389990,-23.374828,-8.574587,0.450820,0.542940,0.518938,-0.482372,
112,1792288688,-10.313537,-2.611835,-1.665977,-15.135192,-19.397299,-16.091368,0.452219,0.539284,0.520246,-0.483754,
113,1792305355,-9.278009,-2.088063,-0.705334,-32.463871,-21.067509,-24.336084,0.454507,0.533730,0.523293,-0.484482,
114,1792322022,-8.236782,-2.086327,-0.997658,-50.247330,-17.364176,-43.353172,0.456521,0.525773,0.529276,-0.484790,
115,1792338689,-7.328632,-2.713943,-0.938653,-40.788940,-15.414156,-61.090782,0.456358,0.517157,0.536018,-0.486800,
116,1792355356,-6.575516,-3.605896,-0.433997,-6.213139,-4.801546,-71.266533,0.451992,0.510732,0.541718,-0.491326,
117,1792372023,-6.433473,-4.188763,-0.847434,34.946621,5.667988,-74.105713,0.443481,0.507471,0.545306,-0.498440,
118,1792388690,-6.902039,-3.908263,-1.963647,48.401836,3.744539,-77.478683,0.433813,0.504587,0.547955,-0.506899,
119,1792405357,-7.694912,-3.031373,-2.836099,55.238682,-2.718144,-85.210632,0.423500,0.500940,0.550149,-0.516764,
120,1792422024,-8.789311,-1.549840,-2.315286,54.498997,-5.223478,-93.501442,0.412717,0.496277,0.552719,-0.527141,
121,1792438691,-9.714070,-0.662019,-1.958217,30.400387,-3.935630,-94.391876,0.403406,0.490080,0.557150,-0.535418,
122,1792455358,-10.702095,-1.072159,-1.267295,-6.808438,1.982103,-90.932144,0.396458,0.482343,0.564469,-0.539948,
123,1792472025,-11.181572,-2.528638,-1.340775,-31.594570,4.253517,-85.235649,0.391437,0.473736,0.573363,-0.541858,
124,1792488692,-10.565872,-3.367089,-1.676412,-25.307129,12.371922,-78.256340,0.385790,0.466629,0.581646,-0.543244,
125,1792505359,-9.803077,-3.557626,-1.659747,-11.367413,23.492037,-75.122925,0.378447,0.461380,0.589154,-0.544799,
126,1792522026,-9.289676,-3.923574,-1.653460,3.163698,33.769604,-74.792381,0.369220,0.457707,0.595970,-0.546813,
127,1792538693,-9.152987,-4.102015,-1.866112,24.356619,42.299469,-74.163994,0.357833,0.455830,0.601420,-0.549974,
128,1792555360,-9.087682,-3.944893,-1.956259,47.627380,49.054401,-71.680695,0.344442,0.455834,0.605080,-0.554487,
129,1792572027,-9.119429,-3.717244,-1.962442,63.100384,56.212456,-71.121452,0.329358,0.457132,0.607669,-0.559727,
130,1792588694,-9.351541,-3.217562,-1.663441,67.371300,58.475018,-72.118973,0.313620,0.458604,0.609919,-0.565090,
131,1792605361,-9.653709,-2.866092,-1.370857,63.692226,53.059895,-75.559166,0.298237,0.459032,0.612285,-0.570487,
132,1792622028,-9.671649,-2.700709,-1.407842,50.236069,47.252140,-77.803894,0.284008,0.458078,0.615509,-0.575026,
133,1792638695,-9.801682,-2.528489,-1.334312,38.511463,40.713272,-77.721237,0.271092,0.456000,0.619305,-0.578824,
134,1792655362,-9.740512,-2.420785,-1.203982,26.091124,33.956196,-75.055847,0.259783,0.453022,0.623591,-0.581740,
135,1792672029,-9.352363,-2.569307,-1.513023,4.800107,31.262794,-70.498581,0.250469,0.449357,0.629183,-0.582644,
136,1792688696,-9.046495,-2.877603,-1.181101,-8.889471,28.727905,-64.643906,0.242748,0.445460,0.635383,-0.582177,
137,1792705363,-8.817821,-3.338774,-1.148661,-20.186152,26.957022,-58.737095,0.236397,0.441512,0.642025,-0.580508,
138,1792722030,-8.446012,-3.557477,-1.280392,-22.911737,24.053293,-53.579494,0.230905,0.437665,0.648404,-0.578539,
139,1792738697,-7.959717,-4.412913,-1.634327,-24.869595,22.312437,-47.122822,0.226226,0.434178,0.654425,-0.576230,
140,1792755364,-7.787103,-4.764305,-1.680466,-11.324599,22.300049,-42.501270,0.221066,0.431548,0.658975,-0.575022,
141,1792772031,-7.589592,-4.501885,-1.870842,-1.402419,22.348547,-36.251663,0.215790,0.429819,0.662273,-0.574533,
142,1792788698,-7.519580,-3.928091,-2.423050,-0.090874,23.302725,-28.268789,0.211000,0.428963,0.664967,-0.573839,
143,1792805365,-7.485483,-3.527245,-2.110929,8.147510,23.327232,-17.149347,0.206617,0.429427,0.666263,-0.573584,
144,1792822032,-7.304730,-3.836572,-1.508828,16.510815,19.955347,-9.647253,0.202660,0.430580,0.666279,-0.574113,
145,1792838699,-6.915966,-4.120718,-1.659877,15.592864,13.941842,-5.817319,0.199660,0.431569,0.665944,-0.574809,
146,1792855366,-6.612683,-3.799008,-2.592932,-1.202543,12.733323,1.389323,0.198434,0.432664,0.666521,-0.573740,
147,1792872033,-6.458251,-4.138707,-3.123133,-10.390705,15.559108,11.297570,0.198337,0.434687,0.667318,-0.571313,
148,1792888700,-6.418532,-4.778486,-2.725026,-3.387991,16.140100,19.118147,0.198388,0.437715,0.667048,-0.569296,
149,1792905367,-6.397669,-5.125665,-2.846299,8.254950,14.827100,25.468084,0.198348,0.441579,0.665361,-0.568300,
150,1792922034,-6.298522,-4.632068,-2.651743,10.901015,11.688533,33.336281,0.199088,0.446011,0.662843,-0.567521,
151,1792938701,-6.213353,-3.822820,-2.795746,13.431678,14.165769,42.636574,0.200185,0.451601,0.659562,-0.566536,
152,1792955368,-6.469022,-2.311774,-2.365310,42.376911,14.139825,50.705090,0.200035,0.458776,0.653320,-0.568055,
153,1792972035,-6.803484,-1.041746,-1.401824,58.092953,13.734523,62.272461,0.199806,0.467417,0.644916,-0.570688,
154,1792988702,-9.524422,-2.926543,-0.198011,-14.439543,-8.139573,70.584846,0.207225,0.472855,0.641247,-0.567689,
155,1793005369,-15.697034,-16.599749,-10.400814,-231.904510,-12.304635,65.244637,0.229404,0.470579,0.655342,-0.544480,
156,1793022036,-13.865956,-17.139158,-6.724099,156.804260,50.546726,24.072351,0.215524,0.481897,0.642979,-0.554892,
157,1793038703,-10.419485,-4.453044,1.229726,173.993942,33.541862,-17.226336,0.198560,0.488217,0.631190,-0.569052,
158,1793055370,-9.204395,4.527595,1.679180,60.379173,5.007949,1.211778,0.193735,0.490406,0.626434,-0.574067,
159,1793072037,-7.966926,6.024971,-1.307399,-49.228508,-32.254452,57.774837,0.204826,0.491497,0.625676,-0.570096,
160,1793088704,-7.797662,0.686973,-3.211641,-77.632545,-36.270195,80.147865,0.220126,0.493340,0.625420,-0.563039,
161,1793105371,-9.750951,-3.662971,-2.178919,-87.785851,-35.293793,71.290565,0.235277,0.493990,0.626480,-0.555107,
162,1793122038,-10.421743,-8.803552,-2.664317,-55.879719,-25.495272,65.383965,0.246713,0.495870,0.625579,-0.549453,
163,1793138705,-8.605100,-9.119438,-2.812797,8.900778,-8.379647,66.030853,0.251939,0.501438,0.619988,-0.548365,
164,1793155372,-7.614195,-4.874745,-2.053690,42.863827,2.633069,66.900597,0.253736,0.509151,0.611961,-0.549445,
165,1793172039,-8.357891,-0.882122,-1.328883,35.928310,1.169682,59.965755,0.255593,0.515817,0.604878,-0.550209,
166,1793188706,-8.805110,0.325279,-1.403954,4.098136,-9.398509,59.645599,0.260722,0.520381,0.599922,-0.548931,
167,1793205373,-9.097497,-0.497597,-1.670571,-22.822243,-18.571075,56.649048,0.268430,0.522890,0.596946,-0.546068,
168,1793222040,-9.581095,-1.719542,-2.188794,-40.265022,-24.966583,49.576599,0.277434,0.523549,0.595590,-0.542405,
169,1793238707,-9.027227,-2.780012,-2.763721,-52.411289,-30.247421,43.279579,0.287294,0.522701,0.595395,-0.538287,
170,1793255374,-8.405664,-3.343598,-3.281309,-62.167652,-31.658237,38.837067,0.297636,0.520885,0.596169,-0.533551,
171,1793272041,-8.381254,-3.605860,-3.131991,-64.755569,-30.225357,35.657570,0.307763,0.518723,0.597367,-0.528549,
172,1793288708,-8.360440,-3.689159,-3.068923,-55.491665,-27.158960,33.723846,0.316738,0.516982,0.598065,-0.524143,
173,1793305375,-8.566598,-3.434211,-2.820636,-35.467049,-24.137726,36.246510,0.324111,0.516570,0.597137,-0.521093,
174,1793322042,-8.750245,-3.491651,-2.308035,-21.981501,-22.762886,42.916870,0.330837,0.517446,0.594713,-0.518764,
175,1793338709,-8.787992,-3.399859,-1.984583,-4.405290,-20.861969,50.850414,0.336655,0.519966,0.590423,-0.517400,
176,1793355376,-8.762802,-3.142118,-1.879061,7.609951,-19.469048,54.453941,0.341693,0.523456,0.584986,-0.516753,
177,1793372043,-8.829473,-2.663670,-2.044938,11.313144,-18.118847,54.206642,0.346294,0.527174,0.579318,-0.516296,
178,1793388710,-8.984122,-1.966725,-2.042333,12.895215,-17.234854,50.719707,0.350414,0.530712,0.573806,-0.516047,
179,1793405377,-9.149918,-1.368331,-2.118593,1.723960,-18.572359,44.877544,0.355052,0.533063,0.569485,-0.515239,
180,1793422044,-9.296609,-1.056928,-2.341061,-15.847569,-21.734406,41.060726,0.361011,0.533930,0.566586,-0.513394,
181,1793438711,-9.348671,-1.250604,-2.356491,-29.147039,-24.935961,38.026176,0.368021,0.533580,0.564718,-0.510833,
182,1793455378,-9.237264,-1.846918,-2.443441,-32.037819,-25.336473,33.772961,0.374950,0.532665,0.563339,-0.508264,
183,1793472045,-8.913337,-2.277538,-2.454654,-28.326906,-23.312294,29.135254,0.381064,0.531695,0.562128,-0.506068,
184,1793488712,-8.844496,-2.630361,-2.462872,-25.210529,-20.898300,25.994251,0.386494,0.530798,0.561041,-0.504095,
185,1793505379,-9.049201,-2.728346,-2.432132,-17.258675,-19.390888,24.959148,0.391098,0.530357,0.559520,-0.502697,
186,1793522046,-9.237638,-2.612995,-2.336047,-8.318739,-17.265478,25.694887,0.394885,0.530628,0.557396,-0.501809,
187,1793538713,-9.326427,-2.571109,-2.178957,4.855371,-14.464527,27.263206,0.397534,0.531977,0.554340,-0.501674,
188,1793555380,-9.423701,-2.473832,-2.182425,17.562071,-10.792970,28.558344,0.398990,0.534422,0.550458,-0.502194,
189,1793572047,-9.632606,-2.362116,-2.344384,31.997124,-6.477753,30.127073,0.399080,0.538129,0.545633,-0.503428,
190,1793588714,-9.842547,-2.153997,-2.222913,41.488770,-3.781880,32.390831,0.398361,0.542738,0.540067,-0.505049,
191,1793605381,-9.969501,-2.173538,-2.143027,35.251472,-3.682883,35.711788,0.398348,0.547226,0.534674,-0.505954,
192,1793622048,-9.978117,-2.210896,-2.184878,22.267759,-4.320086,38.740543,0.399624,0.551125,0.529935,-0.505701,
193,1793638715,-9.963158,-2.339633,-2.309189,10.608189,-7.131953,40.963211,0.402198,0.554291,0.525692,-0.504627,
194,1793655382,-9.725987,-2.386597,-2.196408,-1.340910,-12.451758,41.549698,0.406172,0.556392,0.521949,-0.503016,
195,1793672049,-9.264917,-2.394159,-2.120458,-12.813437,-18.473026,39.916500,0.411394,0.557228,0.518802,-0.501098,
196,1793688716,-8.974701,-2.332861,-2.188919,-22.736504,-23.283405,35.969482,0.417478,0.556798,0.516387,-0.499035,
197,1793705383,-8.776903,-2.270120,-2.021251,-32.191174,-27.128927,30.142548,0.424172,0.555047,0.514871,-0.496902,
198,1793722050,-8.524942,-2.500519,-1.855242,-42.840385,-31.986866,21.032516,0.431404,0.551573,0.514528,-0.494895,
199,1793738717,-8.215052,-3.000945,-2.668899,-49.921967,-34.634991,8.767261,0.438487,0.546505,0.515476,-0.493304,
200,1793755384,-8.418501,-3.781930,-3.871557,-55.757866,-24.677214,-6.492789,0.444157,0.540591,0.518649,-0.491418,
201,1793772051,-11.085028,-6.019707,-4.610022,-14.147943,-0.789948,-17.652945,0.443934,0.538205,0.521246,-0.491490,
202,1793788718,-11.815199,-4.856407,-3.045698,26.285702,-12.218570,-22.979488,0.441021,0.537198,0.520621,-0.495857,
203,1793805385,-9.454532,-3.893857,-2.958997,17.124044,-8.242769,-31.905760,0.437865,0.535198,0.521595,-0.499778,
204,1793822052,-7.839592,-2.992674,-1.133338,-8.153581,-0.647902,-39.382690,0.435542,0.531555,0.525455,-0.501649,
205,1793838719,-6.887610,-2.309655,-0.243534,-23.504469,6.463273,-57.056953,0.432545,0.526074,0.532220,-0.502887,
206,1793855386,-6.773349,-3.054600,-0.884463,-14.293840,7.526299,-86.586868,0.426546,0.518897,0.540569,-0.506549,
207,1793872053,-7.216101,-3.808644,-0.639733,9.816190,4.863811,-110.069817,0.417112,0.511060,0.548632,-0.513654,
208,1793888720,-8.831523,-3.251683,0.015729,39.896694,3.222363,-118.239784,0.404838,0.504119,0.554790,-0.523623,
209,1793905387,-9.847910,-2.307730,-1.468496,68.500984,11.934476,-113.610031,0.389971,0.499718,0.558744,-0.534801,
210,1793922054,-10.575255,-1.788971,-2.506064,61.529289,18.071838,-105.856033,0.375577,0.495851,0.562826,-0.544337,
211,1793938721,-10.476724,-2.112499,-2.295098,23.228294,17.941166,-97.361633,0.364523,0.490440,0.569165,-0.550131,
212,1793955388,-10.529130,-3.637915,-1.564090,-18.580935,13.680349,-94.762421,0.356933,0.482580,0.578315,-0.552512,
213,1793972055,-10.568032,-4.763533,-1.657311,-25.735054,11.959116,-98.697418,0.349596,0.473774,0.588099,-0.554494,
214,1793988722,-10.746793,-4.292452,-2.289951,-15.747816,19.785984,-99.943077,0.340719,0.465889,0.597426,-0.556726,
215,1794005389,-10.916819,-3.268179,-2.153318,-1.867421,33.171154,-92.416046,0.330272,0.460327,0.605648,-0.558759,
216,1794022056,-10.594694,-2.953969,-1.523182,25.628498,43.839218,-82.327698,0.317795,0.457746,0.611348,-0.561900,
217,1794038723,-9.523100,-3.430062,-0.771994,58.781559,50.528584,-77.342705,0.302851,0.457581,0.614173,-0.567182,
218,1794055390,-8.652502,-3.885305,-0.633242,76.685379,56.735577,-81.296127,0.285745,0.458226,0.615874,-0.573655,
219,1794072057,-8.791845,-3.981741,-1.071032,82.597290,59.955475,-84.376198,0.267598,0.458946,0.617201,-0.580367,
220,1794088724,-8.846157,-3.141976,-1.889030,74.353813,55.213013,-84.882126,0.250288,0.458735,0.618852,-0.586467,
221,1794105391,-9.196975,-2.109536,-1.890111,54.259132,45.847229,-84.351952,0.235132,0.456903,0.621653,-0.591187,
222,1794122058,-9.567707,-1.153365,-1.309923,25.823277,33.775223,-82.789734,0.223039,0.453099,0.626242,-0.593952,
223,1794138725,-9.578568,-1.121547,-1.125779,-1.028720,24.213451,-78.901268,0.213885,0.447876,0.632477,-0.594673,
224,1794155392,-9.608692,-1.511894,-0.914735,-20.519329,16.906872,-71.436111,0.207289,0.442039,0.639596,-0.593761,
225,1794172059,-9.052687,-2.202859,-1.507876,-42.765484,14.511956,-65.000061,0.202876,0.435864,0.648064,-0.590661,
226,1794188726,-8.838757,-2.935012,-1.439724,-52.741516,14.232330,-55.745411,0.199889,0.430184,0.656704,-0.586283,
227,1794205393,-8.177557,-3.538916,-1.194008,-59.647121,12.246330,-46.300339,0.198304,0.424980,0.665198,-0.581018,
228,1794222060,-7.604221,-4.501565,-1.844906,-69.703506,14.802916,-35.844570,0.197950,0.420656,0.673879,-0.574242,
229,1794238727,-7.317850,-5.450830,-1.734204,-52.450489,17.436691,-24.834303,0.197181,0.418081,0.680446,-0.568615,
230,1794255394,-6.929799,-6.024815,-1.507165,-19.084646,15.853064,-17.444227,0.195140,0.417042,0.683724,-0.566145,
231,1794272061,-6.546754,-5.195836,-2.598856,-7.144837,14.125901,-9.923601,0.193164,0.416941,0.685502,-0.564746,
232,1794288728,-6.560109,-4.584576,-2.818552,12.722855,14.212350,-1.140313,0.190693,0.418278,0.685112,-0.565070,
233,1794305395,-6.450071,-3.731061,-3.098212,15.937801,11.134696,6.038145,0.188922,0.420162,0.683930,-0.565698,
234,1794322062,-6.440839,-3.544876,-3.003464,13.840733,5.030412,14.600484,0.188590,0.422335,0.682225,-0.566250,
235,1794338729,-6.316063,-4.197269,-2.826737,10.105223,3.912738,21.288555,0.189148,0.424974,0.680379,-0.566311,
236,1794355396,-6.269501,-5.262600,-2.857930,3.278967,2.684789,28.553581,0.190845,0.428037,0.678603,-0.565565,
237,1794372063,-6.281920,-5.907309,-3.201775,-1.914686,0.918059,35.455376,0.193604,0.431483,0.676762,-0.564213,
238,1794388730,-6.256618,-5.664558,-3.087431,-11.686820,0.082864,41.845493,0.197576,0.435201,0.675278,-0.561754,
239,1794405397,-6.303039,-4.788480,-3.087945,-15.269827,7.045816,47.844688,0.201572,0.439954,0.673876,-0.558304,
240,1794422064,-6.779875,-3.158006,-3.149996,27.950712,11.033447,55.832348,0.203047,0.447052,0.668525,-0.558564,
241,1794438731,-7.018050,-1.050885,-2.393111,68.158363,17.494875,67.583893,0.202206,0.456942,0.659243,-0.561888,
242,1794455398,-8.355141,-1.057785,-0.422507,65.708748,5.611689,81.072273,0.203727,0.466988,0.648776,-0.565253,
243,1794472065,-15.671636,-7.594172,-1.807007,-170.436279,-18.807138,94.453575,0.224585,0.469050,0.655753,-0.547306,
244,1794488732,-17.066481,-19.818731,-11.995571,-52.999111,-1.081684,78.916344,0.234396,0.474643,0.654694,-0.539584,
245,1794505399,-9.957624,-10.018583,-0.829178,172.623947,32.834457,25.101816,0.221077,0.485263,0.640525,-0.552609,
246,1794522066,-7.683465,-2.188782,-1.106490,118.507828,25.206039,4.818799,0.210550,0.491404,0.631579,-0.561517,
247,1794538733,-7.626301,6.284441,1.878303,4.351440,-12.526278,40.317146,0.214511,0.494146,0.628155,-0.561452,
248,1794555400,-9.151344,4.511127,-1.806085,-48.363472,-28.406544,70.259315,0.226138,0.496632,0.626324,-0.556722,
249,1794572067,-10.553090,0.965402,-1.051889,-89.287254,-45.366783,76.148705,0.242687,0.496812,0.626667,-0.549156,
250,1794588734,-10.626608,-5.196733,-1.877086,-96.592857,-48.529499,72.956291,0.259715,0.496021,0.627496,-0.541076,
251,1794605401,-8.414894,-9.448279,-2.956803,-47.609215,-36.211937,68.518463,0.271668,0.497513,0.625089,-0.536603,
252,1794622068,-5.937625,-8.050760,-3.123924,17.946064,-15.437034,65.207802,0.276694,0.502849,0.618544,-0.536647,
253,1794638735,-7.928678,-3.034720,-1.950607,38.796757,-1.574324,57.352047,0.278306,0.509351,0.611444,-0.537817,
254,1794655402,-9.506260,0.738649,-1.687727,14.140700,-8.601421,54.884476,0.282154,0.514043,0.606122,-0.537371,
255,1794672069,-9.660616,1.175312,-2.219995,-20.962946,-20.367479,56.512619,0.289771,0.516482,0.602893,-0.534604,
256,1794688736,-9.083671,-0.978424,-2.469566,-43.710148,-28.915407,54.308430,0.299648,0.517053,0.601178,-0.530523,
257,1794705403,-8.733617,-3.094664,-2.684275,-56.675812,-33.367065,47.147240,0.310298,0.516024,0.600732,-0.525888,
258,1794722070,-8.832127,-3.471498,-2.681410,-63.568703,-34.503899,41.651371,0.321101,0.514044,0.601089,-0.520910,
259,1794738737,-8.820620,-3.481210,-2.927806,-69.226532,-36.422939,38.588455,0.332214,0.511308,0.601924,-0.515644,
260,1794755404,-8.317490,-3.728758,-2.895009,-54.133160,-33.690971,39.135784,0.341960,0.509484,0.601634,-0.511399,
261,1794772071,-7.962943,-3.736359,-2.627597,-28.087143,-27.967684,40.839577,0.349371,0.509483,0.599511,-0.508878,
262,1794788738,-7.832830,-3.804044,-2.611436,-11.460160,-24.046034,43.194244,0.355361,0.510793,0.596147,-0.507367,
263,1794805405,-8.211587,-3.388476,-2.657667,2.669565,-19.722340,46.079865,0.360121,0.513376,0.591719,-0.506585,
264,1794822072,-8.753104,-2.810491,-2.574790,11.697528,-16.079512,48.635826,0.364063,0.516894,0.586596,-0.506148,
265,1794838739,-8.838456,-2.363190,-2.519409,17.353741,-14.868330,47.124069,0.367345,0.520644,0.581203,-0.506155,
266,1794855406,-8.787640,-2.044835,-2.733854,16.764036,-12.924477,42.844425,0.370174,0.524118,0.576252,-0.506169,
267,1794872073,-9.068882,-1.231629,-2.630452,14.552586,-10.790381,39.242573,0.372712,0.527307,0.571831,-0.506009,
268,1794888740,-9.483033,-0.693718,-2.295574,0.035275,-12.995762,37.192879,0.376385,0.529359,0.568497,-0.504903,
269,1794905407,-9.635777,-1.004610,-2.271596,-16.225557,-18.925945,34.346622,0.381578,0.529832,0.566233,-0.503050,
270,1794922074,-9.431070,-2.036489,-2.323640,-33.214256,-24.119770,31.784986,0.388303,0.528748,0.565095,-0.500316,
271,1794938741,-9.127220,-2.736263,-2.263816,-31.913847,-24.136354,29.829126,0.394767,0.527548,0.563982,-0.497775,
272,1794955408,-8.990495,-2.872386,-2.146137,-22.120619,-20.739483,28.487467,0.400086,0.527022,0.562434,-0.495832,
273,1794972075,-9.200388,-2.705372,-2.129107,-8.107847,-15.846088,28.076323,0.403890,0.527617,0.560176,-0.494670,
274,1794988742,-9.571056,-2.267287,-2.169398,2.904817,-12.055749,29.530918,0.406636,0.529239,0.557226,-0.494020,
275,1795005409,-9.741138,-1.978329,-2.111568,10.521646,-9.197559,32.284874,0.408753,0.531728,0.553674,-0.493593,
276,1795022076,-9.670791,-2.088649,-2.442859,10.820493,-6.766563,35.783333,0.410892,0.534678,0.549960,-0.492782,
277,1795038743,-9.628188,-2.216469,-2.647032,9.547695,-5.586368,39.204659,0.413267,0.537894,0.546125,-0.491559,
278,1795055410,-9.620916,-2.357152,-2.608535,5.541427,-6.756264,41.971809,0.416233,0.540987,0.542272,-0.489925,
279,1795072077,-9.542562,-2.300916,-2.568984,-2.592854,-9.606440,42.261520,0.420068,0.543388,0.538784,-0.487840,
280,1795088744,-9.623810,-2.327510,-2.508194,-15.706755,-15.495782,39.540764,0.425191,0.544335,0.536060,-0.485339,
281,1795105411,-9.459030,-2.574933,-2.398960,-29.609171,-23.336760,33.520992,0.431582,0.543374,0.534286,-0.482725,
282,1795122078,-9.261044,-2.951987,-2.168909,-35.943195,-28.656893,24.815435,0.438252,0.540936,0.533281,-0.480560,
283,1795138745,-9.282587,-2.979701,-1.954690,-35.760731,-30.028547,15.042089,0.444307,0.537627,0.532918,-0.479114,
284,1795155412,-9.379650,-2.606541,-1.722874,-34.592422,-30.581455,7.834557,0.449789,0.533771,0.532975,-0.478246,
285,1795172079,-9.283066,-2.422994,-2.196660,-36.438217,-31.289663,3.103330,0.455118,0.529352,0.533458,-0.477577,
286,1795188746,-9.211982,-2.315103,-3.185303,-39.500324,-27.830540,-4.015400,0.459898,0.524392,0.534904,-0.476851,
287,1795205413,-10.435349,-4.351819,-4.022349,-30.102583,-8.886463,-12.702477,0.461867,0.520680,0.537608,-0.475976,
288,1795222080,-11.545627,-4.943265,-3.273326,7.630744,-9.354169,-17.221647,0.460692,0.519106,0.538002,-0.478381,
289,1795238747,-9.557681,-4.335693,-3.466172,16.862780,-12.733222,-25.368896,0.458509,0.517270,0.538134,-0.482302,
290,1795255414,-7.607584,-4.051557,-2.307683,4.018756,-0.659581,-32.234341,0.455854,0.514875,0.540477,-0.484756,
291,1795272081,-6.777454,-2.921230,-0.898712,0.832989,9.047091,-43.645054,0.451853,0.512037,0.544525,-0.486973,
292,1795288748,-6.897593,-2.727394,-0.640493,7.929308,12.582339,-71.318634,0.445047,0.507682,0.550319,-0.491268,
293,1795305415,-7.275909,-3.084785,-0.739283,26.661909,14.500731,-97.816353,0.434733,0.502469,0.556760,-0.498551,
294,1795322082,-8.668222,-2.860142,-0.111825,43.024952,10.267003,-112.511696,0.422383,0.496656,0.562670,-0.508263,
295,1795338749,-9.685389,-2.256116,-1.136123,61.963593,10.065039,-112.094597,0.408571,0.491859,0.566949,-0.519343,
296,1795355416,-10.232933,-1.449710,-2.450975,73.680420,16.770361,-104.000244,0.393833,0.488757,0.569961,-0.530245,
297,1795372083,-10.454065,-1.850533,-2.242500,47.366375,19.758533,-94.309944,0.381347,0.485034,0.574312,-0.538037,
298,1795388750,-10.034782,-3.532336,-1.608433,5.946362,15.432240,-90.047096,0.372396,0.478926,0.581240,-0.542322,
299,1795405417,-10.292763,-4.608921,-1.537443,-10.718292,15.805474,-92.807701,0.364284,0.471621,0.589585,-0.545218,
300,1795422084,-10.510042,-4.007524,-2.099038,-8.971302,20.887962,-94.594635,0.355402,0.464562,0.598063,-0.547900,
301,1795438751,-10.612459,-2.894124,-2.332274,-0.051330,29.373508,-91.909950,0.345318,0.458779,0.605965,-0.550533,
302,1795455418,-10.452063,-2.493054,-2.295578,17.209843,40.491989,-85.444931,0.333551,0.455229,0.612489,-0.553508,
303,1795472085,-9.831606,-2.566286,-1.476727,41.755783,48.878593,-81.319366,0.319672,0.453813,0.617036,-0.557793,
304,1795488752,-9.095301,-3.061220,-0.737796,58.682446,53.543533,-80.918953,0.304207,0.453483,0.620242,-0.563128,
305,1795505419,-8.495799,-3.598407,-1.147869,64.468689,57.312584,-81.416855,0.287892,0.453541,0.622994,-0.568595,
306,1795522086,-8.376472,-3.587466,-1.558184,65.459000,56.667538,-82.345024,0.271406,0.453364,0.625507,-0.574059,
307,1795538753,-8.988103,-3.372714,-1.988445,57.971756,53.186642,-83.407860,0.255561,0.452370,0.628392,-0.578943,
308,1795555420,-9.888174,-2.811590,-1.895265,43.068161,46.012630,-83.457069,0.241282,0.450096,0.632105,-0.582789,
309,1795572087,-10.277452,-1.873740,-1.410053,27.027304,37.423420,-79.476234,0.229130,0.446801,0.636482,-0.585458,
310,1795588754,-10.293728,-1.626559,-1.145308,5.888177,29.275103,-73.465202,0.219581,0.442593,0.641893,-0.586405,
311,1795605421,-9.845797,-1.641967,-1.305560,-17.596912,23.857967,-65.549240,0.212698,0.437856,0.648543,-0.585181,
312,1795622088,-9.135587,-2.207829,-1.011317,-28.019672,17.597639,-55.614243,0.207893,0.433156,0.655185,-0.583003,
313,1795638755,-8.300290,-3.039102,-0.943903,-34.054604,13.614757,-46.271236,0.204624,0.428788,0.661572,-0.580168,
314,1795655422,-7.737999,-3.565135,-0.928108,-40.788193,8.897481,-36.469345,0.203041,0.424734,0.667727,-0.576644,
315,1795672089,-7.000840,-3.644536,-1.687414,-62.086216,8.354361,-24.067200,0.203850,0.421174,0.674829,-0.570671,
316,1795688756,-6.736922,-4.863058,-2.024568,-65.515640,12.507373,-9.412125,0.205659,0.419254,0.681374,-0.563616,
317,1795705423,-6.065019,-6.313212,-0.567034,-13.042765,5.773369,-5.628344,0.205234,0.418705,0.683149,-0.562028,
318,1795722090,-5.701430,-5.551892,-2.242876,-9.792805,6.278656,-6.774614,0.204466,0.418177,0.684739,-0.560764,
319,1795738757,-6.112941,-3.586629,-3.891899,-18.079760,10.147567,2.636107,0.204582,0.418652,0.686543,-0.558156,
320,1795755424,-6.272708,-3.257406,-3.968354,-13.552639,10.918451,14.671666,0.205321,0.420522,0.687263,-0.555588,
321,1795772091,-6.038747,-4.693927,-4.114965,-6.541368,6.160552,21.891544,0.206688,0.422934,0.686824,-0.553789,
322,1795788758,-5.788350,-5.520737,-4.294853,1.462534,6.458704,28.072618,0.208028,0.426222,0.685360,-0.552578,
323,1795805425,-5.908505,-5.638374,-3.690914,3.214828,8.320234,38.388519,0.209898,0.430732,0.683157,-0.551101,
324,1795822092,-6.124607,-4.982913,-2.869939,21.460819,11.988955,48.644051,0.211072,0.437092,0.678930,-0.550869,
325,1795838759,-6.542330,-3.443933,-2.049326,56.840366,12.910756,55.033775,0.210397,0.445201,0.671425,-0.553823,
326,1795855426,-7.063743,-2.369733,-1.545259,67.617065,13.468093,65.818863,0.209806,0.454667,0.662265,-0.557375,
327,1795872093,-8.636154,-2.904901,-1.190505,43.717579,3.048117,77.128044,0.212680,0.463570,0.653860,-0.558873,
328,1795888760,-16.199018,-10.064538,-5.311622,-146.103424,1.791200,79.242622,0.228564,0.466528,0.660459,-0.542131,
329,1795905427,-15.940263,-17.786592,-11.425924,34.203930,34.228622,53.274841,0.226972,0.475382,0.655454,-0.541183,
330,1795922094,-10.544987,-6.562361,0.219641,203.360367,49.263218,4.664505,0.208309,0.486122,0.640657,-0.556646,
331,1795938761,-8.051357,1.614876,1.532707,110.709930,20.450457,-0.297338,0.198354,0.490973,0.632456,-0.565335,
332,1795955428,-7.307414,6.032141,2.092598,-25.227470,-18.877243,42.106647,0.205180,0.492491,0.631167,-0.563015,
333,1795972095,-7.955973,2.676710,-2.018309,-75.340317,-38.451809,67.403107,0.219435,0.493159,0.631490,-0.556656,
334,1795988762,-9.600024,-1.238416,-2.118309,-87.468155,-44.427708,64.113663,0.234786,0.492523,0.632671,-0.549569,
335,1796005429,-10.603069,-6.592883,-2.120368,-70.859802,-38.870640,59.074669,0.247975,0.492314,0.632918,-0.543648,
336,1796022096,-9.320570,-9.269658,-3.212985,-14.434922,-23.658764,61.449677,0.255875,0.495486,0.628987,-0.541664,
337,1796038763,-7.140022,-6.458894,-2.733877,29.777206,-6.657280,63.807171,0.259193,0.501811,0.621975,-0.542360,
338,1796055430,-7.830122,-2.465326,-1.999654,41.209587,-0.700020,57.790806,0.260637,0.508441,0.614663,-0.543828,
339,1796072097,-8.428136,-0.073813,-2.062082,22.614223,-7.511798,53.869938,0.263732,0.513434,0.608800,-0.544239,
340,1796088764,-8.715892,0.377375,-2.600062,-0.841168,-13.017136,52.668308,0.268956,0.516952,0.604634,-0.542995,
341,1796105431,-9.673177,-0.590237,-2.697611,-31.170662,-19.784367,50.467220,0.276863,0.518521,0.602721,-0.539642,
342,1796122098,-10.276648,-2.069055,-2.439470,-49.407433,-27.121759,51.038525,0.286807,0.518778,0.601841,-0.535165,
343,1796138765,-9.614359,-3.419981,-2.351713,-55.722839,-32.216377,49.605068,0.297525,0.518183,0.601271,-0.530511,
344,1796155432,-9.001575,-3.483974,-2.357262,-53.902004,-31.307901,49.469711,0.307976,0.517655,0.600528,-0.525883,
345,1796172099,-8.870437,-3.326773,-2.142153,-41.701488,-30.449577,51.482155,0.317551,0.517853,0.598667,-0.522102,
346,1796188766,-8.886083,-3.435611,-1.928003,-24.175699,-29.647478,55.027180,0.325973,0.519178,0.595185,-0.519571,
347,1796205433,-8.652040,-3.501697,-2.064697,-2.663848,-26.205126,58.335342,0.332694,0.522024,0.589939,-0.518440,
348,1796222100,-8.679512,-3.099112,-2.173120,13.827854,-20.383862,60.019695,0.337763,0.526208,0.583555,-0.518158,
349,1796238767,-8.856649,-2.441430,-2.405513,15.757544,-17.132818,58.557331,0.342270,0.530565,0.577249,-0.517821,
350,1796255434,-9.290473,-1.421564,-2.682869,7.079302,-17.321529,55.824528,0.347232,0.534207,0.571756,-0.516867,
351,1796272101,-9.483529,-0.821388,-2.810040,-7.116711,-21.172379,52.786526,0.353365,0.536554,0.567333,-0.515150,
352,1796288768,-9.548931,-0.933140,-2.830108,-24.145195,-25.145166,49.267212,0.360867,0.537400,0.564217,-0.512483,
353,1796305435,-9.473342,-1.502285,-2.527215,-37.276226,-27.921890,42.129547,0.369063,0.536723,0.562448,-0.509290,
354,1796322102,-9.398264,-2.165048,-2.250696,-41.448029,-28.346716,35.050411,0.377066,0.535169,0.561473,-0.506128,
355,1796338769,-9.135130,-3.018525,-2.497793,-45.892689,-27.701948,29.190624,0.384902,0.532899,0.561274,-0.502836,
356,1796355436,-9.114382,-3.642072,-2.668248,-39.147648,-23.933239,26.001656,0.391647,0.530986,0.561001,-0.499947,
357,1796372103,-9.308539,-3.522586,-2.427632,-27.929554,-20.844002,25.799850,0.397241,0.529894,0.560078,-0.497722,
358,1796388770,-9.295292,-3.420096,-2.362986,-14.779568,-16.367205,28.635622,0.401648,0.530100,0.558226,-0.496044,
359,1796405437,-9.051761,-3.328314,-2.385010,0.803544,-10.567803,31.837076,0.404603,0.531882,0.555328,-0.494986,
360,1796422104,-8.897760,-3.282692,-2.539204,11.718181,-5.331758,34.891937,0.406502,0.534917,0.551704,-0.494213,
361,1796438771,-8.905909,-3.250568,-2.670427,12.965465,-3.723776,39.893990,0.408520,0.538527,0.547679,-0.493104,
362,1796455438,-8.881703,-3.187577,-2.916644,7.911884,-6.953392,46.498856,0.411649,0.542109,0.543286,-0.491434,
363,1796472105,-8.477148,-3.069650,-2.966847,-1.758585,-12.735449,50.948605,0.416294,0.545023,0.538860,-0.489164,
364,1796488772,-7.963241,-3.131349,-2.873983,-9.746562,-19.559654,48.444336,0.421905,0.546742,0.534759,-0.486935,
365,1796505439,-7.840651,-3.382891,-2.786416,-11.849091,-22.553299,36.080643,0.427020,0.547132,0.531581,-0.485516,
366,1796522106,-8.407214,-3.134733,-2.499975,-8.779322,-22.432568,21.219013,0.430818,0.546556,0.529362,-0.485233,
367,1796538773,-8.787929,-2.770134,-2.310905,-15.818134,-24.385096,9.825402,0.434514,0.544513,0.528413,-0.485269,
368,1796555440,-8.699574,-2.865034,-2.390211,-23.944170,-27.530514,-0.017942,0.438389,0.540966,0.528606,-0.485540,
369,1796572107,-8.620135,-3.138315,-2.980631,-32.942421,-27.306881,-10.525982,0.442197,0.536033,0.530259,-0.485756,
370,1796588774,-8.551166,-3.996509,-3.902013,-46.371807,-19.583752,-24.363226,0.445454,0.529686,0.534406,-0.485197,
371,1796605441,-10.007865,-7.041163,-5.022814,-29.256914,7.188142,-41.722809,0.444057,0.524954,0.540385,-0.484999,
372,1796622108,-10.874094,-7.617097,-4.169567,24.230341,7.617842,-51.151554,0.437846,0.522931,0.543304,-0.489550,
373,1796638775,-8.474279,-6.620906,-2.198653,26.072117,-8.220468,-62.827477,0.431875,0.518928,0.545924,-0.496152,
374,1796655442,-7.258938,-4.933086,-0.167419,1.516887,0.203862,-78.087975,0.425935,0.512718,0.551934,-0.501070,
375,1796672109,-7.797382,-2.988960,0.504895,-19.358700,0.991500,-104.040260,0.419517,0.503091,0.561345,-0.505767,
376,1796688776,-9.540032,-1.745305,-0.878840,-9.672235,-6.392126,-139.161179,0.410269,0.490476,0.571976,-0.513769,
377,1796705443,-11.040480,-0.436040,-1.771040,20.560968,9.170597,-157.685486,0.395988,0.479051,0.582321,-0.524032,
378,1796722110,-12.406123,0.110839,-1.644668,45.692188,34.395111,-142.267929,0.378786,0.472048,0.590821,-0.533502,
379,1796738777,-12.842106,-1.512861,-0.960761,48.597656,38.706329,-108.723045,0.363458,0.468223,0.596782,-0.540852,
380,1796755444,-11.338017,-5.144035,-1.363315,9.474191,23.056011,-85.422775,0.353891,0.463001,0.603252,-0.544501,
381,1796772111,-9.567049,-7.449018,-2.916637,-20.649223,19.756445,-89.900772,0.346223,0.455489,0.612128,-0.545860,
382,1796788778,-8.796474,-6.960835,-3.213838,-6.266361,28.415098,-97.042000,0.336190,0.448656,0.620642,-0.548170,
383,1796805445,-9.486631,-4.965155,-2.543375,30.125305,44.435677,-97.475739,0.322218,0.444730,0.626914,-0.552605,
384,1796822112,-10.676373,-2.704416,-2.195787,72.101448,60.522663,-92.654190,0.304347,0.444359,0.630052,-0.559423,
385,1796838779,-11.113283,-1.211823,-1.322322,108.557884,65.972771,-89.459976,0.283746,0.446141,0.629978,-0.568838,
386,1796855446,-10.417615,-0.805741,-0.645895,111.983353,63.202549,-92.574188,0.262771,0.447315,0.629375,-0.578576,
387,1796872113,-9.564120,-1.552984,-0.851437,88.974335,59.013451,-92.494644,0.243557,0.447049,0.630239,-0.586198,
388,1796888780,-8.735391,-2.502676,-1.632380,60.429840,52.775238,-87.729713,0.227089,0.445512,0.632775,-0.591226,
389,1796905447,-8.241809,-2.274891,-1.965629,32.556564,42.353371,-82.884605,0.213744,0.442490,0.636885,-0.594050,
390,1796922114,-8.370702,-1.210991,-1.961869,1.509577,32.854134,-73.679970,0.204035,0.438456,0.642677,-0.594218,
391,1796938781,-8.721835,-0.233948,-1.624049,-19.299240,25.443378,-61.917831,0.197337,0.434209,0.649215,-0.592489,
392,1796955448,-8.867975,0.241697,-0.795257,-30.665440,16.193037,-49.384377,0.193293,0.429981,0.655614,-0.589854,
393,1796972115,-8.661628,-0.350739,-0.476356,-40.853539,10.650732,-37.527996,0.191418,0.426090,0.661938,-0.586215,
394,1796988782,-8.419751,-1.230314,-0.511058,-46.402000,3.224025,-26.124565,0.191563,0.422480,0.667776,-0.582144,
395,1797005449,-7.414676,-1.747434,-1.374031,-73.552261,-4.100674,-11.848206,0.195280,0.418842,0.674770,-0.575436,
396,1797022116,-6.994131,-3.615939,-2.021322,-92.926285,3.417960,10.931101,0.201316,0.417453,0.682106,-0.565632,
397,1797038783,-5.880697,-8.469360,0.139435,-37.962761,-3.479995,21.090282,0.205513,0.418067,0.684024,-0.561337,
398,1797055450,-4.833261,-9.884156,-2.438508,-31.972809,-2.753685,15.960940,0.208847,0.418395,0.685763,-0.557729,
399,1797072117,-6.042082,-6.169271,-4.964139,-17.077772,-7.500039,12.192114,0.211437,0.418405,0.686366,-0.556000,
400,1797088784,-7.461348,-2.388279,-5.909440,-17.579706,3.195660,20.568249,0.213664,0.420096,0.686821,-0.553305,
401,1797105451,-8.077789,-4.611661,-4.672987,-5.018907,7.560441,20.855837,0.214708,0.422553,0.686374,-0.551582,
402,1797122118,-6.809978,-8.379495,-5.607803,-16.593294,7.656898,13.140356,0.215834,0.423881,0.687327,-0.548931,
403,1797138785,-6.603219,-9.962278,-5.304742,-7.919152,13.816504,13.705550,0.215850,0.426025,0.687738,-0.546744,
404,1797155452,-6.479840,-8.561138,-3.302428,26.420303,14.496347,19.129103,0.214098,0.429837,0.685093,-0.547771,
405,1797172119,-6.322346,-4.631912,-1.325791,56.721981,16.818613,21.084749,0.210363,0.434948,0.679947,-0.551582,
406,1797188786,-6.403452,-1.319192,-1.173081,52.658321,13.608142,30.455379,0.207937,0.440569,0.674382,-0.554863,
407,1797205453,-6.880098,-0.064165,-2.533396,67.181847,8.867146,51.948772,0.206758,0.448305,0.666046,-0.559159,
408,1797222120,-7.533092,0.949618,-2.160924,91.670197,16.312634,82.108810,0.205666,0.460200,0.653821,-0.564304,
409,1797238787,-12.177895,-0.958651,0.411349,-9.176052,1.910887,102.153603,0.214284,0.469680,0.647924,-0.560071,
410,1797255454,-21.351580,-13.649787,-7.134240,-198.753159,-38.472824,96.427734,0.239054,0.469122,0.656186,-0.540555,
411,1797272121,-10.434647,-12.940545,-4.408613,70.727364,5.504155,56.369476,0.237946,0.477279,0.647121,-0.544815,
412,1797288788,-7.693993,-8.385077,-1.928122,127.702599,33.560966,10.984359,0.226581,0.485231,0.637489,-0.553915,
413,1797305455,-7.062077,2.551660,2.924757,75.845894,-0.077070,13.995654,0.222182,0.488924,0.630558,-0.560346,
414,1797322122,-6.589130,5.565005,0.462905,-51.653877,-34.738426,29.480944,0.231266,0.487038,0.631726,-0.556987,
415,1797338789,-8.471659,4.678816,-1.765268,-72.750343,-47.304939,45.260971,0.244246,0.484803,0.632967,-0.551965,
416,1797355456,-9.384640,-2.120261,-2.645299,-111.279686,-55.512630,55.651237,0.261461,0.481354,0.636089,-0.543443,
417,1797372123,-9.906309,-9.013601,-3.829998,-76.455917,-42.862064,51.399708,0.274654,0.479690,0.637045,-0.537252,
418,1797388790,-8.141939,-9.912792,-3.873428,-1.646131,-20.967709,48.108067,0.280304,0.482354,0.633172,-0.536525,
419,1797405457,-7.986839,-4.616151,-3.126962,53.769825,-2.499678,46.983803,0.280253,0.488578,0.625759,-0.539610,
420,1797422124,-9.125762,-0.162666,-2.347780,41.948929,-2.965777,49.105476,0.281226,0.494430,0.619044,-0.541515,
421,1797438791,-9.339260,0.811709,-1.905390,0.567769,-14.619981,52.066494,0.286437,0.497904,0.614855,-0.540371,
422,1797455458,-9.628873,-0.656633,-1.951607,-27.187000,-24.277184,53.795765,0.294639,0.499581,0.612275,-0.537334,
423,1797472125,-9.934293,-2.214943,-1.796092,-32.500999,-30.252459,55.880032,0.303894,0.500702,0.609645,-0.534117,
424,1797488792,-9.865728,-3.270425,-1.840979,-35.085670,-34.428879,58.948872,0.313913,0.501601,0.606738,-0.530780,
425,1797505459,-9.261676,-3.649823,-1.761659,-32.798115,-36.797916,61.804115,0.324155,0.502610,0.603262,-0.527621,
426,1797522126,-8.527176,-3.357134,-1.892528,-24.698202,-34.203056,64.245682,0.333724,0.504353,0.599034,-0.524802,
427,1797538793,-8.246775,-3.391731,-2.080604,-8.077550,-30.566353,65.774544,0.341836,0.507255,0.593533,-0.523031,
428,1797555460,-8.306334,-3.251951,-2.179095,11.303024,-26.063053,64.268288,0.347980,0.511280,0.586832,-0.522621,
429,1797572127,-8.683944,-2.635770,-2.192929,21.758591,-22.268566,62.586948,0.352859,0.515930,0.579596,-0.522855,
430,1797588794,-9.199524,-1.955189,-2.222508,16.680870,-22.225929,61.694416,0.358015,0.520198,0.572760,-0.522655,
431,1797605461,-9.580226,-1.303463,-2.230547,-0.198476,-24.213949,59.782784,0.364437,0.523231,0.567198,-0.521252,
432,1797622128,-9.851506,-1.068238,-1.746327,-15.175670,-28.445824,57.832413,0.372168,0.524944,0.562647,-0.518994,
433,1797638795,-9.855534,-1.349907,-1.379783,-25.160999,-31.230131,55.267460,0.380663,0.525648,0.558844,-0.516223,
434,1797655462,-9.686990,-2.089647,-1.428567,-32.844860,-32.740780,51.051563,0.389514,0.525420,0.555802,-0.513127,
435,1797672129,-9.252770,-3.176981,-1.641817,-37.823036,-32.044605,46.223415,0.398292,0.524522,0.553486,-0.509799,
436,1797688796,-8.944182,-4.090841,-2.156670,-36.847420,-27.374659,44.763699,0.406476,0.523861,0.551431,-0.506234,
437,1797705463,-8.658546,-4.624901,-2.788590,-27.107389,-18.872681,46.824085,0.413356,0.524528,0.548964,-0.502641,
438,1797722130,-8.408734,-4.855498,-3.446870,-11.380909,-9.727990,50.562950,0.418553,0.527075,0.545578,-0.499352,
439,1797738797,-8.117630,-4.904724,-4.026670,0.530413,-6.070738,55.852036,0.422905,0.531001,0.541112,-0.496376,
440,1797755464,-8.019972,-5.045889,-4.109344,4.089377,-8.812588,56.495365,0.427216,0.534965,0.536137,-0.493821,
441,1797772131,-8.524866,-4.774132,-3.792671,3.708309,-12.992785,48.243179,0.431264,0.537930,0.531542,-0.492046,
442,1797788798,-9.047892,-4.122904,-2.998288,-4.702927,-18.226725,34.650684,0.435383,0.538920,0.528263,-0.490863,
443,1797805465,-9.115855,-3.744545,-2.450757,-16.817921,-25.212748,16.884661,0.439708,0.537265,0.526786,-0.490410,
444,1797822132,-8.992542,-3.273732,-2.288695,-23.456717,-30.022705,1.540637,0.443813,0.533652,0.526661,-0.490791,
445,1797838799,-8.906731,-3.138655,-2.258312,-33.836872,-30.834606,-12.010172,0.447800,0.528253,0.528255,-0.491297,
446,1797855466,-9.020928,-3.299126,-3.276308,-41.785080,-30.876638,-26.610281,0.451331,0.521178,0.531505,-0.492117,
447,1797872133,-9.752797,-5.686343,-4.222293,-51.394974,-15.758081,-45.804199,0.453004,0.513023,0.537842,-0.492263,
448,1797888800,-10.766304,-7.710920,-5.053939,-14.482609,9.846474,-60.595856,0.448816,0.507925,0.544275,-0.494311,
449,1797905467,-8.959702,-7.608407,-3.362193,22.306999,-7.165116,-67.991798,0.442677,0.503369,0.547445,-0.500962,
450,1797922134,-7.185467,-5.932670,-0.804539,7.841185,-8.766126,-80.472229,0.436757,0.496706,0.552411,-0.507318,
451,1797938801,-6.678370,-4.039011,1.163465,-17.772249,4.080345,-99.044403,0.430204,0.487780,0.561323,-0.511776,
452,1797955468,-8.848947,-3.190850,0.408758,-12.182351,3.719663,-132.397369,0.420671,0.476306,0.571993,-0.518648,
453,1797972135,-10.503346,-1.166636,-1.393631,34.790058,11.543920,-155.390610,0.405303,0.466160,0.580924,-0.530050,
454,1797988802,-11.601144,0.973309,-1.426925,63.845810,39.733345,-149.374771,0.385815,0.460141,0.588535,-0.541337,
455,1798005469,-12.906519,-0.577662,-0.634423,50.235523,49.550526,-121.712646,0.368377,0.456263,0.595615,-0.548970,
456,1798022136,-12.135839,-3.570501,-1.137418,21.935940,34.889488,-96.119202,0.356008,0.451762,0.602271,-0.553571,
457,1798038803,-10.639194,-6.198152,-2.452054,-9.565816,24.154531,-89.403625,0.347113,0.445258,0.610337,-0.555651,
458,1798055470,-9.375957,-6.547965,-2.939987,-19.218527,26.793892,-93.431793,0.338213,0.438032,0.619454,-0.556794,
459,1798072137,-9.664847,-5.244821,-1.881561,-0.156064,38.577793,-93.308014,0.326972,0.432612,0.627463,-0.558775,
460,1798088804,-10.751170,-3.230090,-0.867095,37.846294,53.546368,-88.065857,0.312320,0.430589,0.632613,-0.562897,
461,1798105471,-11.629211,-1.141683,-0.367997,86.149773,63.120674,-83.321693,0.294050,0.431839,0.633738,-0.570463,
462,1798122138,-10.902127,-0.409188,0.225228,110.895645,61.974472,-84.166740,0.274131,0.433782,0.632532,-0.580165,
463,1798138805,-9.581036,-0.615386,-0.196789,92.399811,59.464447,-86.327171,0.255304,0.434380,0.632632,-0.588144,
464,1798155472,-8.821132,-1.945797,-1.235868,56.090549,58.633801,-81.071442,0.239207,0.433890,0.635252,-0.592433,
465,1798172139,-8.383433,-2.271816,-1.904344,24.253134,48.961887,-70.478157,0.226872,0.432337,0.639465,-0.593886,
466,1798188806,-8.277753,-1.595420,-1.906925,-1.591574,39.014568,-57.252464,0.218198,0.430243,0.644660,-0.593041,
467,1798205473,-8.237602,-0.338613,-1.216236,-12.097797,26.256397,-46.406223,0.212295,0.427694,0.649620,-0.591612,
468,1798222140,-8.277564,0.774932,-1.158880,-30.219931,19.786610,-35.818481,0.209029,0.425003,0.655240,-0.588508,
469,1798238807,-8.286162,0.516517,-0.722308,-36.797302,11.773063,-19.973196,0.208281,0.422915,0.660166,-0.584761,
470,1798255474,-7.845004,0.410535,-0.699296,-47.260551,5.692955,-6.444233,0.209902,0.421272,0.664934,-0.579945,
471,1798272141,-7.146500,0.056729,-2.140069,-89.196976,2.325437,10.081617,0.215791,0.419617,0.672048,-0.570710,
472,1798288808,-7.340554,-3.802211,-0.535579,-69.612747,6.634862,35.481644,0.222139,0.421354,0.676019,-0.562242,
473,1798305475,-5.344482,-9.635643,1.269630,-8.341758,-3.057943,39.471848,0.225994,0.424635,0.674367,-0.560217,
474,1798322142,-4.273687,-11.561877,-3.174131,-30.209339,0.744279,37.347534,0.230644,0.427281,0.674725,-0.555862,
475,1798338809,-5.919510,-9.202794,-5.118174,4.365534,10.438003,36.572041,0.232121,0.431778,0.672637,-0.554302,
476,1798355476,-7.551324,-5.047391,-4.681044,39.815792,15.922729,29.491070,0.230252,0.437202,0.668292,-0.556082,
477,1798372143,-8.994958,-5.160589,-4.624139,35.145519,11.144753,22.099247,0.228537,0.441345,0.664604,-0.557933,
478,1798388810,-7.094746,-7.276313,-5.755809,8.255316,17.131712,15.557793,0.227433,0.444437,0.663701,-0.557003,
479,1798405477,-6.427493,-7.781152,-4.580317,-12.119533,22.370668,15.837005,0.227158,0.447300,0.664594,-0.553750,
480,1798422144,-6.803568,-6.141819,-1.891460,7.431592,11.883777,15.059220,0.226558,0.449882,0.663608,-0.553087,
481,1798438811,-6.298284,-3.374115,0.149218,10.204333,2.066505,14.501968,0.226678,0.451708,0.662107,-0.553348,
482,1798455478,-6.352778,-1.219855,0.194040,27.920416,1.683281,24.092630,0.226439,0.455004,0.658526,-0.555016,
483,1798472145,-7.991077,1.592028,-1.298790,66.753540,2.616347,42.091610,0.224977,0.461343,0.650599,-0.559706,
484,1798488812,-20.276621,-4.036506,-3.153908,-139.690826,1.409350,69.185524,0.239615,0.463245,0.657410,-0.543877,
485,1798505479,-16.742500,-13.012980,-7.345512,-93.958939,-40.880100,71.757439,0.255321,0.463447,0.658679,-0.534950,
486,1798522146,-8.803432,-11.182986,-2.765477,115.698051,35.679871,30.297842,0.246252,0.473268,0.649059,-0.542312,
487,1798538813,-5.916822,-4.026739,1.691606,124.206566,22.030317,4.401988,0.235760,0.479715,0.639848,-0.552167,
488,1798555480,-6.023005,5.116171,2.584059,30.801165,0.661700,9.202657,0.234117,0.481605,0.636956,-0.554559,
489,1798572147,-10.183525,7.532300,-0.386199,-26.295996,-25.220638,36.279377,0.241049,0.481954,0.635867,-0.552531,
490,1798588814,-10.145687,2.530364,-2.420781,-94.227295,-48.106171,56.080128,0.256411,0.479830,0.637933,-0.545033,
491,1798605481,-10.748319,-4.011064,-3.765089,-92.876808,-43.784313,57.632912,0.271326,0.478101,0.639755,-0.537138,
492,1798622148,-9.249970,-8.607237,-3.356879,-49.374866,-31.516491,57.238926,0.281987,0.478908,0.638554,-0.532337,
493,1798638815,-7.991219,-6.548596,-3.378158,2.996714,-13.556316,49.923283,0.286737,0.482527,0.634482,-0.531399,
494,1798655482,-8.862092,-2.440504,-2.650501,13.458993,-9.124205,46.350281,0.290053,0.486571,0.630005,-0.531238,
495,1798672149,-8.972715,-0.969587,-2.460414,-7.543655,-16.205032,49.981163,0.295770,0.489490,0.626563,-0.529472,
496,1798688816,-8.623130,-1.184678,-2.354244,-15.781767,-22.184732,54.980507,0.302984,0.492018,0.623101,-0.527132,
497,1798705483,-8.663991,-1.912734,-2.237728,-16.750425,-25.819548,58.764912,0.310862,0.494526,0.619230,-0.524752,
498,1798722150,-9.145022,-3.028867,-1.776214,-15.396932,-26.977835,62.716831,0.319020,0.497317,0.614861,-0.522350,
499,1798738817,-9.568986,-3.055171,-1.670068,-20.691420,-31.066208,63.203205,0.327931,0.499543,0.610605,-0.519693,
500,1798755484,-9.462705,-2.670023,-2.114715,-31.805527,-34.333977,63.057407,0.337890,0.500921,0.606972,-0.516233,
501,1798772151,-9.140228,-2.263550,-2.167260,-24.980215,-34.024460,65.361176,0.347455,0.502797,0.602598,-0.513175,
502,1798788818,-8.860662,-2.360998,-2.013107,-11.971556,-32.795948,67.638596,0.356089,0.505562,0.597076,-0.510989,
503,1798805485,-8.750085,-2.925174,-2.038404,1.724812,-30.343765,67.968987,0.363487,0.509189,0.590570,-0.509738,
504,1798822152,-8.816903,-3.028400,-2.198902,11.107075,-25.955799,65.349106,0.369580,0.513358,0.583732,-0.509052,
505,1798838819,-9.194813,-2.824894,-2.512331,12.341719,-22.196276,63.230804,0.375069,0.517642,0.577106,-0.508253,
506,1798855486,-9.437449,-2.403056,-2.781877,15.031874,-19.941517,61.943951,0.380036,0.522084,0.570448,-0.507535,
507,1798872153,-9.554397,-1.741433,-2.360102,10.874174,-18.747660,62.711533,0.385243,0.526402,0.564055,-0.506294,
508,1798888820,-9.521775,-1.730107,-2.098665,2.869136,-18.441467,65.086113,0.391177,0.530441,0.558035,-0.504194,
509,1798905487,-9.725236,-2.289979,-2.414098,-7.249277,-16.326458,64.439438,0.397637,0.533959,0.552877,-0.501100,
510,1798922154,-9.499632,-3.674491,-2.685706,-21.778652,-19.590767,63.026875,0.405348,0.536235,0.548647,-0.497126,
511,1798938821,-8.409306,-4.789736,-3.145746,-27.181076,-19.047359,60.882565,0.413240,0.538007,0.544954,-0.492756,
512,1798955488,-7.554347,-4.982337,-3.394341,-26.846228,-14.363255,55.623924,0.420321,0.539670,0.541881,-0.488318,
513,1798972155,-7.564091,-5.013989,-3.717398,-19.948175,-13.043824,45.639931,0.426017,0.541025,0.539146,-0.484898,
514,1798988822,-8.851161,-4.641697,-3.492071,-4.307309,-10.187667,35.748543,0.429542,0.542752,0.536243,-0.483073,
515,1799005489,-9.298957,-4.218361,-3.137371,-0.153920,-16.064569,29.957487,0.432779,0.543861,0.533126,-0.482387,
516,1799022156,-8.920380,-3.686488,-2.821855,-1.826576,-18.844181,22.978807,0.435865,0.544118,0.530493,-0.482221,
517,1799038823,-8.785110,-2.967948,-2.263780,-15.636590,-22.575693,12.527024,0.439591,0.542421,0.529411,-0.481940,
518,1799055490,-8.591052,-2.615666,-2.212715,-37.927570,-29.588930,-2.565427,0.444542,0.537628,0.530616,-0.481444,
519,1799072157,-8.361443,-3.256353,-3.005679,-49.579948,-33.764511,-17.623344,0.449641,0.530590,0.533510,-0.481318,
520,1799088824,-8.336746,-4.281648,-3.771850,-60.182640,-29.539906,-34.495014,0.454002,0.521791,0.538670,-0.481096,
521,1799105491,-10.218550,-6.990278,-4.738353,-29.713045,-0.982261,-54.781151,0.452346,0.515358,0.545067,-0.482384,
522,1799122158,-10.924887,-8.135383,-3.412123,45.522358,-6.193312,-68.497398,0.444446,0.512361,0.546809,-0.490873,
523,1799138825,-7.513218,-6.615945,-0.192068,29.946907,-11.768288,-77.125603,0.437466,0.507197,0.549865,-0.499025,
524,1799155492,-7.113644,-4.128681,1.747707,-16.329697,0.256538,-91.419983,0.431826,0.498730,0.558006,-0.503414,
525,1799172159,-8.916150,-2.395272,0.434575,-23.776350,-4.911305,-120.840935,0.424880,0.486900,0.568358,-0.509292,
526,1799188826,-10.431685,-0.680833,-1.939775,16.157558,-2.522520,-146.849335,0.412811,0.475369,0.577512,-0.519705,
527,1799205493,-12.265734,0.990103,-2.436800,51.314369,18.942554,-148.057953,0.396210,0.467232,0.585092,-0.531397,
528,1799222160,-13.320158,0.201237,-1.192254,58.688129,29.368912,-125.951874,0.379738,0.461979,0.590916,-0.541476,
529,1799238827,-12.259048,-3.546566,-0.386926,27.794870,19.986021,-92.265709,0.368678,0.457028,0.596200,-0.547494,
530,1799255494,-10.707358,-7.063391,-2.017930,-4.121048,14.293996,-78.715637,0.361248,0.451006,0.602714,-0.550301,
531,1799272161,-9.629739,-7.212336,-3.202876,-15.737407,22.149797,-90.019951,0.352925,0.443936,0.611212,-0.552076,
532,1799288828,-9.680337,-4.949878,-2.383137,-7.447508,33.571331,-95.381363,0.342546,0.437638,0.619848,-0.554009,
533,1799305495,-10.555521,-2.787764,-1.720148,19.145544,46.813229,-93.529037,0.329348,0.433796,0.626737,-0.557274,
534,1799322162,-11.235123,-1.054759,-1.237618,60.386475,57.233105,-88.590370,0.312906,0.433101,0.630293,-0.563246,
535,1799338829,-10.761728,-0.349514,-0.466228,83.312851,57.533363,-87.346497,0.294986,0.433437,0.631685,-0.571046,
536,1799355496,-9.900324,-0.746574,-0.272730,72.424644,55.215576,-88.390869,0.277771,0.432858,0.633715,-0.577827,
537,1799372163,-8.662018,-2.329122,-1.030459,50.998341,54.333260,-86.990646,0.262018,0.431333,0.637222,-0.582451,
538,1799388830,-8.132392,-3.266794,-1.770969,32.793056,51.804516,-77.204262,0.248406,0.429700,0.641403,-0.585027,
539,1799405497,-8.145434,-2.686997,-2.177465,18.284212,45.051552,-66.244461,0.237219,0.427913,0.645773,-0.586172,
540,1799422164,-8.518962,-0.746450,-1.688363,12.056843,35.933952,-56.329967,0.228091,0.426012,0.649661,-0.586882,
541,1799438831,-8.572232,1.174514,-1.671254,-8.539038,26.879353,-44.464912,0.222090,0.423742,0.654218,-0.585765,
542,1799455498,-8.420558,1.161359,-0.967672,-25.941137,14.811090,-29.764742,0.219553,0.421258,0.658927,-0.583229,
543,1799472165,-8.171633,0.442203,-0.634382,-36.670818,9.288050,-18.192123,0.219176,0.419056,0.663633,-0.579610,
544,1799488832,-7.435720,-0.654365,-0.638602,-51.866249,-1.789077,-3.740630,0.222004,0.416810,0.668353,-0.574710,
545,1799505499,-6.259798,-2.215999,-1.985632,-84.126083,4.704911,14.389234,0.227648,0.415783,0.674807,-0.565632,
546,1799522166,-5.904895,-6.475802,-0.530946,-41.813416,4.522485,31.878733,0.232167,0.417814,0.676643,-0.560077,
547,1799538833,-3.796284,-9.086998,-0.767751,-18.191679,-4.017652,29.786554,0.235910,0.419723,0.676366,-0.557414,
548,1799555500,-4.374053,-9.584307,-3.829562,-24.091602,11.943899,33.242519,0.238714,0.423050,0.676883,-0.553061,
549,1799572167,-5.985333,-7.350635,-4.211591,12.251688,18.193155,27.114210,0.238165,0.427525,0.675049,-0.552097,
550,1799588834,-7.559709,-6.191091,-5.082289,16.319168,11.826355,18.395464,0.237283,0.430764,0.673197,-0.552220,
551,1799605501,-7.531448,-7.765049,-6.879847,17.474417,15.631054,12.445606,0.235473,0.433760,0.671748,-0.552415,
552,1799622168,-6.398407,-9.511908,-6.837447,8.840514,28.068636,9.783628,0.232775,0.437192,0.671575,-0.551062,
553,1799638835,-6.277404,-8.816023,-4.459254,13.635275,30.130676,6.512906,0.229301,0.440622,0.671281,-0.550143,
554,1799655502,-6.560142,-5.283391,-1.256766,31.266243,19.806067,1.672357,0.225311,0.443329,0.669524,-0.551755,
555,1799672169,-6.008451,-1.012563,0.281949,72.489326,26.261824,5.492035,0.218323,0.448243,0.664373,-0.556798,
556,1799688836,-7.255489,4.235979,-0.530148,177.451767,38.891636,19.903112,0.204351,0.458719,0.649910,-0.570471,
557,1799705503,-15.425673,-0.397024,0.755840,-84.465630,9.228069,59.832703,0.213876,0.462511,0.653329,-0.559914,
558,1799722170,-18.997675,-16.475147,-9.184164,-137.293655,-24.412783,74.470924,0.231264,0.463138,0.658769,-0.545935,
559,1799738837,-11.348393,-10.993106,0.181167,167.566772,24.997240,24.164125,0.219258,0.472857,0.644680,-0.559215,
560,1799755504,-8.262753,-2.180195,2.060883,117.507835,13.485559,-10.198435,0.208877,0.476606,0.636365,-0.569438,
561,1799772171,-8.109916,8.563226,0.055335,15.234444,-12.467917,16.154335,0.210140,0.477464,0.633805,-0.571107,
562,1799788838,-10.585714,8.086099,-0.429457,-49.185112,-30.983685,55.877277,0.220870,0.478444,0.633225,-0.566866,
563,1799805505,-11.061971,2.683335,-2.327499,-99.416664,-52.452202,62.004211,0.237528,0.476491,0.635516,-0.559159,
564,1799822172,-11.126095,-4.486210,-3.590555,-102.021255,-49.325703,62.125229,0.254007,0.474548,0.637897,-0.550795,
565,1799838839,-9.948101,-9.705341,-3.815658,-64.791786,-36.133453,70.730965,0.267309,0.475700,0.637008,-0.544499,
566,1799855506,-8.381891,-7.168438,-2.861170,3.308947,-18.329439,69.993027,0.274148,0.480763,0.631365,-0.543222,
567,1799872173,-8.950275,-2.451748,-2.361813,16.035057,-13.701611,60.510490,0.278897,0.485784,0.625505,-0.543117,
568,1799888840,-8.509731,-0.891328,-2.443990,-4.590505,-19.125404,62.254025,0.285711,0.489658,0.620879,-0.541402,
569,1799905507,-8.298591,-1.476051,-2.498441,-17.561310,-21.219929,71.240929,0.294317,0.493589,0.616484,-0.538236,
570,1799922174,-8.577865,-2.850240,-1.744703,-15.088989,-23.571226,75.694534,0.303268,0.497780,0.611396,-0.535202,
571,1799938841,-8.817647,-3.604815,-1.689499,-6.034359,-24.216608,75.851692,0.311593,0.502269,0.605484,-0.532942,
572,1799955508,-9.327119,-3.332081,-1.531752,-10.069710,-25.126249,75.792686,0.320249,0.506433,0.599769,-0.530327,
573,1799972175,-9.444836,-3.169764,-1.780396,-20.346018,-28.260715,75.510635,0.329869,0.509783,0.594639,-0.526987,
574,1799988842,-8.970348,-2.876834,-1.798537,-8.781251,-27.804899,73.564316,0.338399,0.513486,0.588709,-0.524636,
575,1800005509,-8.751209,-2.942012,-1.836430,1.463096,-25.532494,69.823410,0.345643,0.517485,0.582318,-0.523114,
576,1800022176,-8.731987,-2.948052,-2.080092,2.192016,-25.452482,63.866970,0.352337,0.520969,0.576264,-0.521894,
577,1800038843,-9.053628,-2.524577,-2.286141,-0.296830,-24.393265,59.986252,0.358804,0.524033,0.570696,-0.520536,
578,1800055510,-9.417112,-1.897985,-2.343454,-5.934996,-23.702398,59.431179,0.365571,0.526766,0.565585,-0.518644,
579,1800072177,-9.787244,-1.468912,-2.142117,-16.799011,-24.634560,60.450768,0.373293,0.528888,0.561117,-0.515829,
580,1800088844,-9.948209,-1.912042,-1.889321,-28.593357,-28.276667,59.738400,0.382128,0.529987,0.557335,-0.512320,
581,1800105511,-9.659783,-2.936647,-1.825996,-37.802635,-30.428581,58.402981,0.391706,0.530246,0.554161,-0.508247,
582,1800122178,-9.370367,-3.789279,-2.355455,-42.986023,-27.928419,60.442474,0.401583,0.530492,0.551286,-0.503384,
583,1800138845,-8.757910,-4.918155,-2.967433,-45.180435,-25.215328,64.818787,0.411678,0.531088,0.548318,-0.497812,
584,1800155512,-7.133523,-5.912765,-3.453127,-37.097706,-21.545950,67.853157,0.421017,0.532602,0.544675,-0.492352,
585,1800172179,-5.183510,-6.289563,-3.741234,-26.364706,-18.721699,63.838657,0.428963,0.534594,0.540684,-0.487712,
586,1800188846,-5.570636,-6.153160,-4.287754,-4.716104,-13.282286,45.075275,0.433433,0.536807,0.536917,-0.485486,
587,1800205513,-8.554927,-4.785379,-4.179815,13.959849,-8.917145,27.669260,0.434860,0.539129,0.533449,-0.485459,
588,1800222180,-9.177905,-4.086383,-3.873671,4.363889,-18.042410,17.391600,0.437013,0.539394,0.530880,-0.486047,
589,1800238847,-8.805529,-3.729341,-2.981664,-4.079855,-23.102833,9.471949,0.439654,0.538147,0.529202,-0.486878,
590,1800255514,-8.298869,-3.414365,-2.822970,-24.697445,-27.122055,-3.671149,0.443277,0.534274,0.529746,-0.487267,
591,1800272181,-7.898833,-4.266025,-3.624411,-45.941441,-23.757240,-26.250435,0.446668,0.527502,0.533740,-0.487188,
592,1800288848,-10.156465,-7.271326,-4.596968,-46.153778,-3.318995,-57.027203,0.446264,0.519726,0.541388,-0.487478,
593,1800305515,-11.908827,-7.711787,-4.051127,23.127640,-5.084272,-80.401405,0.439041,0.514409,0.545704,-0.494809,
594,1800322182,-9.183923,-6.423004,-0.707803,-7.675680,-20.903482,-87.339325,0.434806,0.505351,0.551657,-0.501240,
595,1800338849,-8.182619,-5.380005,1.881627,-62.237988,-13.473866,-98.375832,0.433076,0.492378,0.562738,-0.503327,
596,1800355516,-9.466960,-3.482540,1.131139,-54.461548,-15.835376,-127.912262,0.428663,0.477127,0.575012,-0.507898,
597,1800372183,-11.129914,-0.743159,-1.728883,11.582794,-6.626914,-156.504349,0.416582,0.464054,0.584692,-0.518895,
598,1800388850,-12.657271,1.032571,-2.316599,43.435562,15.671531,-157.916275,0.400115,0.454215,0.593088,-0.530891,
599,1800405517,-13.770260,-0.353081,-1.342140,24.879263,27.645155,-131.766373,0.385664,0.446252,0.601594,-0.538711,
600,1800422184,-13.258217,-4.325872,-1.580121,-2.757256,17.993238,-92.741745,0.376793,0.439264,0.609009,-0.542388,
601,1800438851,-10.656109,-7.505271,-3.203687,-16.980543,13.505802,-82.669449,0.369955,0.431956,0.616549,-0.544442,
602,1800455518,-9.089693,-7.914648,-3.948389,-8.711052,32.485954,-95.214485,0.359831,0.425387,0.625124,-0.546617,
603,1800472185,-9.630298,-5.791532,-2.383140,22.423391,49.692078,-101.113190,0.345653,0.421170,0.632331,-0.550726,
604,1800488852,-10.408035,-3.289845,-1.416990,63.228245,67.334831,-98.889786,0.327414,0.420479,0.636805,-0.557207,
605,1800505519,-10.942605,-1.231338,-1.028383,104.807533,83.115845,-94.481293,0.305370,0.423250,0.638082,-0.566094,
606,1800522186,-10.534845,-0.818802,-0.262520,120.085030,78.734428,-96.180916,0.282469,0.425926,0.637623,-0.576401,
607,1800538853,-9.054264,-1.503652,-0.998561,104.961334,74.072571,-97.642448,0.260646,0.427199,0.637950,-0.585310,
608,1800555520,-7.935967,-2.269194,-1.629675,82.560287,68.964691,-93.577568,0.240907,0.427354,0.639419,-0.592012,
609,1800572187,-7.615531,-2.239278,-1.799673,57.883148,63.066532,-84.521912,0.223938,0.426818,0.642005,-0.596247,
610,1800588854,-7.429950,-1.152719,-1.923055,24.225389,51.530231,-75.659058,0.210849,0.424905,0.646419,-0.597615,
611,1800605521,-7.714995,0.214384,-2.110937,-4.764100,43.554703,-62.916718,0.201374,0.422538,0.652215,-0.596261,
612,1800622188,-7.778255,1.226033,-1.202495,-14.968204,29.278494,-48.191853,0.195139,0.419989,0.657505,-0.594323,
613,1800638855,-7.356766,1.063087,-0.635299,-25.485588,22.041937,-36.280350,0.191256,0.417627,0.662727,-0.591442,
614,1800655522,-7.258429,0.706307,-0.250442,-35.040184,15.763317,-20.859171,0.189877,0.415925,0.667626,-0.587563,
615,1800672189,-6.569606,-0.385786,-1.166571,-69.009132,25.082405,-2.341378,0.191217,0.415847,0.674510,-0.579263,
616,1800688856,-6.910338,-4.645799,-0.359090,-56.061371,28.200853,23.187008,0.193599,0.418852,0.678774,-0.571272,
617,1800705523,-4.969012,-10.412601,0.730403,-26.082062,17.333965,30.833359,0.195850,0.422524,0.679727,-0.566648,
618,1800722190,-4.178433,-13.609655,-1.957415,-14.853889,20.610447,30.963518,0.197090,0.426782,0.679815,-0.562909,
619,1800738857,-5.108562,-9.040524,-5.254794,10.716968,21.263130,24.586739,0.196148,0.431183,0.678204,-0.561826,
620,1800755524,-6.497685,-4.989230,-6.956390,26.331938,22.239920,29.762754,0.194545,0.436605,0.674999,-0.562056,
621,1800772191,-6.577202,-5.784095,-5.664869,36.683807,24.198109,28.880066,0.192011,0.442372,0.671027,-0.563173,
622,1800788858,-6.286805,-7.244449,-4.864222,11.508846,27.485598,21.889326,0.190194,0.447005,0.669630,-0.561793,
623,1800805525,-6.856577,-7.110044,-3.785334,-5.483845,18.052723,17.036896,0.190000,0.449914,0.669662,-0.559493,
624,1800822192,-6.895206,-4.846560,-2.836074,29.085018,4.074582,19.574881,0.189108,0.452880,0.666316,-0.561394,
625,1800838859,-6.501020,-0.114221,-0.945599,145.404190,37.298866,33.175312,0.178396,0.462958,0.653319,-0.571859,
626,1800855526,-10.328774,3.027932,5.513694,154.203659,33.597008,59.890289,0.169569,0.475242,0.637338,-0.582404,
627,1800872193,-18.291599,-6.752378,-2.130564,-323.716248,-51.546204,87.611176,0.203749,0.470379,0.656847,-0.552978,
628,1800888860,-16.603533,-14.764625,-8.936088,53.480152,0.508547,65.504189,0.205124,0.478158,0.648232,-0.555955,
629,1800905527,-10.405775,-8.216052,-0.428294,88.674683,7.431796,4.094906,0.198400,0.481684,0.641149,-0.563515,
630,1800922194,-8.768610,5.668736,2.343674,65.611031,-6.668421,1.767048,0.194391,0.483109,0.635629,-0.569909,
631,1800938861,-9.422992,9.696106,-1.854477,-26.115988,-20.301535,56.764938,0.202632,0.485853,0.633405,-0.567175,
632,1800955528,-12.024765,3.920908,-0.960281,-90.841843,-37.288902,90.572433,0.219756,0.488292,0.633484,-0.558550,
633,1800972195,-11.939548,-2.105194,-3.628729,-108.445984,-50.778065,82.316505,0.238616,0.488114,0.634889,-0.549296,
634,1800988862,-11.117358,-7.510911,-3.410602,-78.694801,-41.699986,77.848320,0.254082,0.489101,0.634315,-0.542097,
635,1801005529,-8.854914,-8.615293,-3.495368,-12.818830,-27.610748,89.593498,0.264428,0.494601,0.628082,-0.539411,
636,1801022196,-8.709947,-3.622846,-1.935054,33.332054,-18.343174,81.405907,0.269918,0.501768,0.619064,-0.540496,
637,1801038863,-9.114873,-0.323119,-2.540478,15.114184,-20.481674,72.741692,0.276210,0.507201,0.611939,-0.540360,
638,1801055530,-9.470452,0.125086,-3.010094,-15.481147,-24.766785,81.422974,0.285787,0.511771,0.606322,-0.537393,
639,1801072197,-9.254847,-0.441972,-2.740824,-38.540462,-28.954418,94.157143,0.298390,0.516082,0.601269,-0.532072,
640,1801088864,-8.940586,-1.982208,-1.698535,-48.629173,-38.355541,98.996635,0.312871,0.519517,0.596071,-0.526228,
641,1801105531,-8.405479,-3.624895,-1.438746,-44.121952,-44.867996,94.487167,0.327146,0.522126,0.590408,-0.521326,
642,1801122198,-8.118386,-4.182897,-2.001985,-39.040169,-44.692101,85.882004,0.340286,0.524122,0.584877,-0.517129,
643,1801138865,-8.163341,-4.112210,-2.248702,-26.232122,-39.725460,78.145660,0.351378,0.526363,0.579102,-0.513924,
644,1801155532,-8.266237,-3.467724,-2.464225,-8.061587,-34.049084,71.829109,0.360075,0.529346,0.572656,-0.512060,
645,1801172199,-8.391865,-2.753118,-2.994817,-1.634391,-31.358078,67.027061,0.367652,0.532402,0.566173,-0.510715,
646,1801188866,-8.774035,-1.874103,-2.925650,0.074144,-28.027884,63.967735,0.374556,0.535490,0.559920,-0.509363,
647,1801205533,-9.606629,-0.962557,-2.473227,-4.303452,-28.068636,62.010960,0.381624,0.538126,0.554087,-0.507715,
648,1801222200,-9.570331,-1.444748,-2.413941,-21.457109,-34.975269,59.039417,0.390334,0.539006,0.549315,-0.505339,
649,1801238867,-9.747121,-2.729750,-2.066720,-45.009136,-38.184910,56.150940,0.400886,0.538018,0.546252,-0.501436,
650,1801255534,-9.536902,-4.640391,-2.479518,-55.103680,-36.686035,57.315281,0.412134,0.536563,0.543841,-0.496473,
651,1801272201,-8.905207,-6.244145,-2.957142,-52.191502,-26.864197,63.119015,0.422732,0.536367,0.541271,-0.490547,
652,1801288868,-7.244449,-6.938190,-3.336175,-45.258739,-21.100359,70.282013,0.432780,0.537489,0.537919,-0.484203,
653,1801305535,-4.912003,-7.347408,-4.093614,-35.150669,-21.451315,67.886948,0.441834,0.538958,0.533946,-0.478760,
654,1801322202,-6.182399,-7.051024,-4.423048,0.194639,-8.491468,50.124687,0.445832,0.542173,0.529689,-0.476145,
655,1801338869,-10.390806,-5.049826,-3.526966,18.341602,-0.988079,34.641651,0.446728,0.545869,0.525863,-0.475322,
656,1801355536,-11.074394,-3.821648,-3.350915,3.938063,-19.496218,25.853075,0.449564,0.546664,0.522516,-0.475426,
657,1801372203,-9.656357,-3.094539,-3.128505,-8.142815,-30.811386,17.450724,0.453628,0.545235,0.519921,-0.476052,
658,1801388870,-8.643641,-2.717020,-2.984827,-31.666523,-33.423962,-1.331192,0.458438,0.540634,0.520254,-0.476328,
659,1801405537,-8.217737,-3.288013,-3.850936,-57.902538,-31.942411,-28.720016,0.463264,0.532272,0.524617,-0.476291,
660,1801422204,-10.205677,-6.416438,-4.908844,-67.380653,-9.176633,-62.338844,0.464688,0.522203,0.533696,-0.475963,
661,1801438871,-11.897683,-8.588574,-5.354768,-0.677743,-7.360651,-87.819992,0.459056,0.514697,0.540122,-0.482312,
662,1801455538,-8.061221,-8.065785,-1.498355,-2.215895,-24.105169,-95.621552,0.454218,0.505203,0.546021,-0.490224,
663,1801472205,-7.851564,-5.886323,2.879002,-61.050484,-8.730356,-109.465652,0.451368,0.491678,0.557997,-0.493114,
664,1801488872,-10.554934,-3.307011,1.721965,-50.656151,-10.089895,-144.353943,0.445190,0.475698,0.571395,-0.499026,
665,1801505539,-11.531117,-0.168007,-2.252940,36.235268,2.656406,-170.717285,0.429770,0.463800,0.580804,-0.512695,
666,1801522206,-12.488528,1.951304,-2.090203,58.466557,28.421877,-164.760437,0.410833,0.455409,0.589378,-0.525789,
667,1801538873,-13.807739,-0.928623,-1.091120,35.739910,28.332939,-139.074707,0.395140,0.447596,0.597649,-0.535108,
668,1801555540,-12.661342,-6.001269,-1.665683,20.042601,19.281540,-105.152145,0.383754,0.440964,0.604198,-0.541508,
669,1801572207,-10.694891,-8.569204,-3.474295,7.918867,18.896156,-96.692802,0.373755,0.434264,0.610995,-0.546269,
670,1801588874,-9.860885,-7.116312,-4.085061,6.795306,36.307102,-109.846100,0.361138,0.427607,0.619504,-0.550407,
671,1801605541,-10.130260,-3.780828,-2.387868,19.418848,51.238277,-114.113205,0.345933,0.422287,0.627855,-0.554801,
672,1801622208,-10.735861,-1.627438,-1.255515,54.047588,65.440407,-114.008461,0.327177,0.419699,0.633873,-0.561262,
673,1801638875,-11.166058,-0.406700,-0.403432,97.087540,75.243050,-113.477173,0.304766,0.419791,0.636483,-0.570776,
674,1801655542,-10.120183,-0.038765,0.106503,106.092964,69.488449,-113.942787,0.282114,0.419506,0.637729,-0.581146,
675,1801672209,-8.856375,-0.861628,-0.391571,94.221214,61.166477,-108.716721,0.261239,0.418274,0.638952,-0.590376,
676,1801688876,-7.515171,-1.770291,-1.371848,74.508438,53.199886,-102.963943,0.242677,0.415950,0.640917,-0.597764,
677,1801705543,-7.147126,-1.622621,-2.217421,43.576591,52.602047,-90.890244,0.227008,0.413464,0.644598,-0.601673,
678,1801722210,-7.538873,-0.262760,-2.856537,5.375010,52.786114,-72.706726,0.215159,0.411343,0.650387,-0.601251,
679,1801738877,-8.138717,1.825124,-1.786571,-17.124582,39.074162,-50.619030,0.207856,0.409352,0.656303,-0.598746,
680,1801755544,-7.391443,2.400504,-1.075250,-39.295204,27.120777,-35.611038,0.204304,0.407047,0.662835,-0.594327,
681,1801772211,-7.176260,2.629075,-0.539080,-55.385628,17.492306,-20.967146,0.203883,0.404810,0.669551,-0.588443,
682,1801788878,-6.660715,1.987687,-0.627418,-72.611382,14.701378,-0.373825,0.206493,0.403788,0.676376,-0.580374,
683,1801805545,-6.504351,-0.864014,0.293374,-62.866516,19.808886,28.964750,0.210481,0.406331,0.680730,-0.572015,
684,1801822212,-5.562540,-7.701621,4.160798,25.044456,0.498781,48.628712,0.212805,0.411871,0.675959,-0.572851,
685,1801838879,-2.525779,-12.294085,-0.037265,-11.545585,-8.742085,46.708805,0.218058,0.415297,0.674028,-0.570673,
686,1801855546,-3.935557,-11.402454,-6.264842,-18.585066,5.860904,43.210339,0.222002,0.419348,0.673324,-0.567009,
687,1801872213,-7.014815,-6.889392,-8.249121,-13.518486,11.602009,39.400364,0.224749,0.423645,0.672593,-0.563590,
688,1801888880,-9.055827,-8.082429,-5.974244,4.128170,7.987796,40.082859,0.226810,0.428274,0.670233,-0.562076,
689,1801905547,-8.331799,-11.985111,-6.619023,7.339801,30.720579,28.016975,0.225459,0.433676,0.669087,-0.559837,
690,1801922214,-6.915303,-11.922160,-6.844389,-0.036767,44.495758,13.762218,0.222061,0.438553,0.669866,-0.556455,
691,1801938881,-6.649477,-7.386861,-3.634599,18.698357,32.707382,-3.689234,0.217193,0.441362,0.669836,-0.556192,
692,1801955548,-5.902570,-1.400732,0.910181,78.744545,29.580149,-13.251914,0.207982,0.444842,0.665401,-0.562230,
693,1801972215,-6.374625,5.409042,1.852082,243.516388,54.809181,-1.306701,0.186497,0.456198,0.646999,-0.581806,
694,1801988882,-18.016432,0.634538,1.013036,-148.587021,12.703007,56.541107,0.199711,0.458378,0.656191,-0.565174,
695,1802005549,-18.253138,-15.103769,-6.340030,-77.261406,-8.895638,79.297546,0.212026,0.462844,0.657112,-0.555902,
696,1802022216,-9.346000,-11.433359,0.342259,131.229950,14.279572,9.691913,0.202397,0.468816,0.646372,-0.566969,
697,1802038883,-7.919387,0.747348,3.048851,118.907860,6.049842,-29.214853,0.191104,0.469928,0.638837,-0.578392,
698,1802055550,-9.958846,9.750051,-0.924403,-5.845611,-29.747301,17.060337,0.195525,0.468782,0.637529,-0.579286,
699,1802072217,-12.240032,8.444248,0.588791,-59.208424,-50.565334,66.033302,0.209622,0.468850,0.636709,-0.575189,
700,1802088884,-12.834875,1.596674,-3.446596,-98.726486,-56.290218,71.472511,0.227339,0.467600,0.638459,-0.567485,
701,1802105551,-12.881353,-6.222400,-4.661889,-97.931564,-49.482372,81.948845,0.245149,0.467732,0.639409,-0.558827,
702,1802122218,-9.963479,-10.681168,-4.187751,-36.931549,-34.017006,92.566101,0.258159,0.472138,0.635031,-0.554235,
703,1802138885,-8.399348,-5.829404,-2.783889,30.391867,-12.508900,89.335121,0.264245,0.480409,0.626126,-0.554392,
704,1802155552,-9.200471,-1.965057,-2.354027,14.736933,-10.781487,80.380409,0.270502,0.487325,0.619073,-0.553258,
705,1802172219,-8.897665,-0.290377,-2.087799,-2.721800,-15.925826,89.554466,0.279157,0.493891,0.612478,-0.550469,
706,1802188886,-8.702560,-1.120844,-1.673182,2.073195,-18.551783,105.421494,0.288916,0.501755,0.604128,-0.547541,
707,1802205553,-8.796157,-2.425499,-1.554173,12.076416,-20.032877,108.164696,0.298224,0.510041,0.594572,-0.545350,
708,1802222220,-9.561840,-3.144907,-1.493307,-0.711791,-22.831079,101.991463,0.308162,0.516896,0.586225,-0.542400,
709,1802238887,-10.085777,-2.987993,-1.190815,-22.927443,-31.182358,96.812790,0.320005,0.521538,0.579515,-0.538293,
710,1802255554,-9.711740,-2.725905,-1.433081,-32.938183,-36.773823,95.248993,0.332882,0.525025,0.573313,-0.533716,
711,1802272221,-8.946426,-2.664513,-1.392568,-19.147505,-37.132969,90.114372,0.344265,0.528608,0.566288,-0.530448,
712,1802288888,-8.427726,-2.796106,-1.840335,-12.756927,-34.957024,78.956711,0.354055,0.531665,0.559637,-0.528002,
713,1802305555,-8.950170,-2.779953,-2.432292,-23.218409,-32.786686,70.101334,0.363745,0.533553,0.554504,-0.524917,
714,1802322222,-9.616557,-2.250552,-2.404866,-38.221790,-35.561260,66.193474,0.374475,0.534045,0.550596,-0.520971,
715,1802338889,-9.472505,-2.341343,-2.176205,-58.761559,-39.685635,62.337601,0.386775,0.532709,0.548228,-0.515824,
716,1802355556,-8.415916,-3.358088,-2.013491,-69.551613,-37.795334,56.519009,0.399250,0.530341,0.547122,-0.509899,
717,1802372223,-7.956158,-3.710740,-2.134995,-70.322205,-30.124516,51.192680,0.410704,0.527974,0.546827,-0.503535,
718,1802388890,-7.477342,-4.479360,-2.474682,-84.500572,-31.409290,50.376213,0.423206,0.524495,0.547448,-0.496090,
719,1802405557,-6.606413,-5.966278,-3.461313,-85.097420,-35.389515,48.817558,0.435860,0.520449,0.547861,-0.488886,
720,1802422224,-6.471509,-6.506974,-4.072381,-54.948406,-30.016342,43.607056,0.445357,0.518189,0.546772,-0.483922,
721,1802438891,-7.256132,-6.230249,-4.292443,-24.274441,-20.624481,37.783058,0.451345,0.518070,0.544524,-0.481027,
722,1802455558,-8.556458,-6.335344,-3.920182,-7.330408,-18.582884,33.718758,0.455590,0.518863,0.541512,-0.479568,
723,1802472225,-8.635688,-5.817188,-3.039584,-0.436097,-23.958811,31.120527,0.459543,0.519518,0.537844,-0.479216,
724,1802488892,-7.710979,-5.052863,-2.603616,0.144591,-23.729113,17.827408,0.462495,0.519175,0.535143,-0.479771,
725,1802505559,-6.658435,-4.503099,-2.168916,-4.546325,-20.698948,-2.793607,0.464119,0.517117,0.534524,-0.481113,
726,1802522226,-6.511647,-4.753808,-2.375795,-23.390242,-26.662508,-31.844114,0.465577,0.511095,0.536992,-0.483387,
727,1802538893,-7.936663,-5.412290,-2.676440,-35.534065,-30.554380,-65.552261,0.465826,0.501295,0.542505,-0.487237,
728,1802555560,-13.217729,-7.311352,-3.519003,-24.772097,-19.093327,-108.946266,0.461211,0.489507,0.551083,-0.493940,
729,1802572227,-13.070940,-7.415275,-2.070919,14.278155,-46.708241,-124.602791,0.454751,0.476938,0.555936,-0.506626,
730,1802588894,-8.575741,-6.558144,1.873399,-30.016363,-30.821325,-115.632660,0.450575,0.463164,0.564284,-0.513855,
731,1802605561,-9.735982,-2.094524,0.514323,-12.002584,15.194528,-135.752060,0.439740,0.452187,0.575449,-0.520592,
732,1802622228,-12.388343,1.511381,-3.030335,2.445447,29.323761,-162.180496,0.424553,0.440767,0.587875,-0.529041,
733,1802638895,-14.420632,-0.493132,-3.636838,-29.701962,26.087753,-172.223557,0.410664,0.425978,0.602847,-0.535234,
734,1802655562,-14.623121,-3.499194,-3.291358,-18.969681,33.958946,-147.610382,0.397093,0.414350,0.615575,-0.540094,
735,1802672229,-13.444828,-5.679829,-1.847985,-15.038853,37.283112,-103.829384,0.386272,0.406968,0.625309,-0.542366,
736,1802688896,-11.149913,-7.011993,-1.939852,-36.736969,38.114811,-92.788399,0.377430,0.399332,0.635985,-0.541854,
737,1802705563,-9.843395,-7.310794,-1.868326,-17.447742,50.409138,-97.364395,0.365871,0.393195,0.645916,-0.542522,
738,1802722230,-9.851462,-5.324447,-0.850453,38.138531,62.306435,-101.775459,0.349556,0.390421,0.652149,-0.547802,
739,1802738897,-9.999459,-3.565357,-0.474213,90.880096,74.717636,-104.326424,0.328713,0.390904,0.654671,-0.557270,
740,1802755564,-9.885357,-1.941084,-0.228061,127.239784,83.770462,-104.947449,0.304685,0.393554,0.654302,-0.569363,
741,1802772231,-9.353710,-1.301860,-0.302021,145.927994,81.406639,-99.765434,0.280009,0.397026,0.651480,-0.582702,
742,1802788898,-8.249219,-0.889225,-1.034384,124.512604,71.801254,-91.376839,0.257992,0.399324,0.649132,-0.593810,
743,1802805565,-7.429579,-0.736497,-1.628265,83.486580,66.888794,-79.716255,0.239699,0.400560,0.649140,-0.600596,
744,1802822232,-7.072679,-0.695163,-1.185122,54.860561,57.678516,-65.905876,0.225076,0.401175,0.650324,-0.604550,
745,1802838899,-7.008052,-0.359921,-1.298794,28.745186,56.186928,-50.282619,0.213451,0.402207,0.652722,-0.605496,
746,1802855566,-7.782794,0.640514,-0.535990,16.698147,43.912598,-30.552345,0.205412,0.403615,0.654575,-0.605339,
747,1802872233,-7.696867,1.428161,-0.632090,-2.714637,29.115980,-16.432467,0.201156,0.404466,0.656835,-0.603751,
748,1802888900,-6.873745,2.007504,-0.659618,-25.148710,15.456574,-2.632968,0.200733,0.404770,0.659837,-0.600404,
749,1802905567,-6.501029,2.907536,-1.634070,-72.132401,14.932155,18.912655,0.204995,0.405697,0.665610,-0.591907,
750,1802922234,-7.189342,0.459576,-0.875448,-89.155647,23.535301,51.527290,0.212201,0.409941,0.671059,-0.580173,
751,1802938901,-5.843514,-8.603861,5.457762,17.689259,-11.300494,64.825928,0.217525,0.415774,0.665514,-0.580438,
752,1802955568,-2.818108,-15.470933,1.224804,-18.153967,-2.065357,56.318123,0.223387,0.420393,0.663745,-0.576899,
753,1802972235,-4.941411,-15.135936,-5.841566,-20.393133,4.781048,39.540958,0.227302,0.423870,0.663375,-0.573240,
754,1802988902,-7.685881,-9.357860,-8.606484,8.183928,11.148913,25.583378,0.227667,0.427463,0.661676,-0.572391,
755,1803005569,-8.469272,-8.635646,-8.285330,21.329645,24.780811,21.546459,0.225560,0.432227,0.659570,-0.572078,
756,1803022236,-7.407477,-9.266850,-7.284025,-8.384092,47.241985,7.632655,0.221998,0.436532,0.661521,-0.567934,
757,1803038903,-6.637280,-8.332314,-5.010752,-30.512522,39.715000,-0.381773,0.219891,0.438707,0.665531,-0.562366,
758,1803055570,-6.235038,-4.473477,-2.341842,-0.164613,28.371033,-10.911008,0.216074,0.439887,0.667342,-0.560775,
759,1803072237,-6.319564,0.369016,2.077248,67.600754,39.484619,-10.615108,0.206850,0.444099,0.663905,-0.564997,
760,1803088904,-12.160625,2.657347,2.774637,111.493362,51.839237,12.836663,0.195480,0.452810,0.655567,-0.571826,
761,1803105571,-18.168354,-10.606428,-8.006415,-139.887741,-7.518965,70.507858,0.211041,0.454746,0.662372,-0.556717,
762,1803122238,-10.290174,-12.705118,2.415713,131.553574,28.743582,43.771008,0.202894,0.465161,0.649770,-0.565917,
763,1803138905,-9.149754,-6.339237,-0.193724,152.662216,24.655346,1.680162,0.190146,0.471669,0.637857,-0.578372,
764,1803155572,-10.180341,9.274138,2.409055,44.362511,-20.556154,12.849385,0.189909,0.472285,0.632861,-0.583413,
765,1803172239,-11.403321,10.626738,-1.404335,-29.319407,-32.125317,69.083466,0.200556,0.475017,0.629873,-0.580860,
766,1803188906,-12.368942,5.005357,-1.665180,-90.261276,-49.701694,91.089539,0.218833,0.476378,0.629833,-0.573140,
767,1803205573,-13.246404,-1.973679,-3.756098,-97.318420,-43.684105,87.814423,0.236691,0.477528,0.630547,-0.564232,
768,1803222240,-11.041121,-8.547174,-4.271135,-82.439140,-41.780785,93.919785,0.253753,0.479724,0.629441,-0.556130,
769,1803238907,-8.290096,-7.918834,-3.137900,-2.605380,-24.550346,98.621002,0.263975,0.486553,0.622005,-0.553801,
770,1803255574,-8.712287,-3.381370,-2.277587,19.623848,-15.525703,91.241493,0.271160,0.494198,0.613525,-0.553019,
771,1803272241,-9.626745,-0.681211,-1.946800,5.219672,-19.295221,93.592041,0.279855,0.501091,0.605773,-0.551027,
772,1803288908,-9.635884,-0.832514,-1.865146,3.790492,-22.145983,108.938057,0.290075,0.508938,0.596767,-0.548371,
773,1803305575,-9.629792,-1.518226,-1.341199,3.824387,-25.695585,115.161415,0.301020,0.516907,0.586986,-0.545568,
774,1803322242,-9.526402,-2.416288,-1.587724,-6.188906,-28.929174,111.029945,0.312582,0.523683,0.578005,-0.542183,
775,1803338909,-9.944597,-2.647025,-1.391496,-24.879257,-34.444595,105.347847,0.325498,0.528557,0.570523,-0.537759,
776,1803355576,-9.896696,-2.848743,-1.393661,-33.905930,-39.088825,99.928123,0.338985,0.532051,0.563794,-0.533057,
777,1803372243,-9.424114,-2.711902,-1.858431,-26.517014,-39.519402,94.433174,0.351426,0.535294,0.556757,-0.529135,
778,1803388910,-9.210043,-2.438911,-2.364943,-14.942560,-31.725212,87.771309,0.361750,0.539078,0.549632,-0.525775,
779,1803405577,-9.062466,-2.255101,-2.291202,-10.652679,-29.604567,80.921722,0.370982,0.542612,0.542735,-0.522863,
780,1803422244,-9.220251,-1.763159,-2.208726,-20.099400,-30.752596,77.231117,0.380714,0.545176,0.536703,-0.519415,
781,1803438911,-9.495519,-1.802199,-2.051902,-37.345558,-35.648743,76.997314,0.392115,0.546307,0.531634,-0.514939,
782,1803455578,-9.742262,-2.274412,-2.223147,-50.694324,-42.444263,77.085823,0.405032,0.546068,0.527067,-0.509864,
783,1803472245,-9.068581,-3.371256,-2.057675,-65.497337,-47.353550,77.041985,0.419402,0.544461,0.523187,-0.503926,
784,1803488912,-8.102442,-4.647908,-2.228400,-69.358162,-45.677505,77.146301,0.433846,0.542606,0.519547,-0.497424,
785,1803505579,-6.846097,-5.839517,-2.904232,-59.532585,-39.260006,71.626518,0.446526,0.541286,0.515913,-0.491386,
786,1803522246,-5.814437,-6.965222,-3.981574,-48.432110,-36.074745,64.699249,0.457512,0.540294,0.512142,-0.486290,
787,1803538913,-6.047932,-7.675113,-4.846469,-19.219391,-25.519220,55.568417,0.464713,0.541246,0.507663,-0.483089,
788,1803555580,-7.404280,-6.939385,-4.779846,1.623214,-18.448004,48.262638,0.469204,0.543527,0.502740,-0.481332,
789,1803572247,-6.929046,-6.535230,-4.396485,6.857625,-22.166336,38.789101,0.472867,0.545186,0.497925,-0.480877,
790,1803588914,-6.553484,-5.699135,-3.486389,9.322448,-16.178425,15.409894,0.474251,0.545727,0.495191,-0.481722,
791,1803605581,-6.694620,-4.701541,-4.157282,-8.784463,-16.031096,-20.702187,0.474523,0.542421,0.496597,-0.483737,
792,1803622248,-8.383162,-5.316404,-4.740189,-30.973087,-8.664943,-66.532349,0.472755,0.534755,0.503655,-0.486698,
793,1803638915,-12.994875,-8.028862,-4.998127,4.886461,-6.146730,-109.088631,0.464909,0.526513,0.511564,-0.494923,
794,1803655582,-10.278175,-7.945288,-1.400387,7.707941,-37.747948,-122.197960,0.458111,0.515051,0.517981,-0.506513,
795,1803672249,-8.856588,-5.019625,2.525935,-51.616077,-17.877825,-128.071915,0.453648,0.500457,0.530333,-0.512343,
796,1803688916,-11.525774,-0.458998,1.408073,-60.333794,8.401721,-156.844208,0.445415,0.484769,0.546890,-0.517223,
797,1803705583,-13.173976,1.830115,-1.216625,-41.229977,26.081100,-177.762650,0.432556,0.469659,0.564260,-0.523382,
798,1803722250,-14.521783,-0.238475,-1.422042,-24.067245,31.872978,-176.221436,0.417857,0.455858,0.580178,-0.530079,
799,1803738917,-14.925399,-3.614185,-0.814763,2.278331,38.256462,-154.277191,0.402303,0.445717,0.592635,-0.536911,
800,1803755584,-14.132405,-7.526187,-0.797482,-2.338743,38.933735,-122.937820,0.389254,0.437858,0.603192,-0.541224,
801,1803772251,-11.690701,-9.081051,-2.511532,16.550331,45.886871,-117.678696,0.374667,0.431919,0.612105,-0.546260,
802,1803788918,-11.076036,-5.845702,-2.053258,20.522839,58.166344,-118.777534,0.358510,0.426914,0.621214,-0.550736,
803,1803805585,-11.116939,-2.974561,-0.808396,23.894171,64.789505,-121.207611,0.341204,0.422223,0.630297,-0.555009,
804,1803822252,-11.500086,-1.206409,-0.280398,74.292267,76.119301,-121.412460,0.319582,0.420721,0.635577,-0.562944,
805,1803838919,-11.176232,-0.584501,0.470224,130.267212,80.760666,-119.489624,0.294047,0.422090,0.635937,-0.575294,
806,1803855586,-9.658620,-0.662706,0.409846,145.938828,73.829002,-117.275139,0.268133,0.423403,0.634022,-0.588943,
807,1803872253,-8.675627,-1.034027,-0.165477,115.347115,68.136276,-112.414070,0.244842,0.423162,0.633723,-0.599486,
808,1803888920,-8.108581,-1.513930,-1.447913,73.333130,65.208496,-101.596008,0.225216,0.421938,0.635974,-0.605628,
809,1803905587,-7.724245,-0.704562,-2.040320,44.269680,60.581367,-85.776711,0.209116,0.420668,0.639436,-0.608632,
810,1803922254,-8.364119,1.146481,-1.950270,9.972136,53.228813,-64.562851,0.197631,0.419586,0.644272,-0.608117,
811,1803938921,-8.048051,1.742987,-1.300015,-16.229197,35.952641,-43.793201,0.191180,0.418120,0.649585,-0.605531,
812,1803955588,-7.518292,3.456309,-1.235628,-48.865589,21.814783,-30.844418,0.189175,0.415691,0.656538,-0.600311,
813,1803972255,-6.871215,5.017636,-2.276135,-109.041039,16.386616,-6.633104,0.193410,0.413374,0.667017,-0.588902,
814,1803988922,-7.327941,3.121237,-0.053631,-102.876274,22.566961,28.683533,0.199651,0.415079,0.674845,-0.576572,
815,1804005589,-5.908167,-6.085104,6.927492,24.125832,-11.108521,50.337486,0.203317,0.419708,0.669629,-0.578020,
816,1804022256,-1.221148,-14.064141,3.462532,-11.254603,-6.256417,41.359501,0.207906,0.422803,0.668043,-0.575963,
817,1804038923,-2.764055,-13.990308,-7.061256,-58.900806,3.276083,40.140549,0.214378,0.425104,0.670764,-0.568689,
818,1804055590,-5.427643,-8.603999,-12.511038,-45.697685,16.449646,35.759308,0.218364,0.428439,0.673014,-0.561972,
819,1804072257,-7.368489,-7.973223,-7.628422,15.270144,19.763418,32.093388,0.217912,0.433599,0.670579,-0.561100,
820,1804088924,-7.530137,-9.260693,-5.405894,-6.163177,29.014952,24.506762,0.217283,0.438081,0.670644,-0.557775,
821,1804105591,-6.993962,-8.279800,-5.352369,-11.478804,31.407181,20.278080,0.216408,0.442162,0.671463,-0.553895,
822,1804122258,-6.019997,-4.134033,-3.487278,60.328480,17.798544,1.489124,0.210717,0.445547,0.667240,-0.558462,
823,1804138925,-9.574143,0.097676,5.881262,187.715958,61.661549,-4.297710,0.191951,0.455633,0.654089,-0.572472,
824,1804155592,-21.430359,-10.688881,-1.983424,-85.503250,10.079385,29.266752,0.198897,0.456764,0.659691,-0.562687,
825,1804172259,-11.321983,-7.750600,-0.601640,91.160248,12.300217,15.119826,0.192701,0.461747,0.651721,-0.570016,
826,1804188926,-8.681281,-1.457113,-0.237073,88.843742,21.516209,7.778315,0.185145,0.466652,0.644578,-0.576610,
827,1804205593,-9.521297,8.407806,-0.309810,3.123204,-12.184401,28.788343,0.188312,0.468346,0.642226,-0.576835,
828,1804222260,-12.725741,8.341069,-1.024266,-28.627319,-14.232274,66.123222,0.196957,0.472458,0.639897,-0.573172,
829,1804238927,-16.251022,3.366421,-1.001399,-66.561646,-36.388050,78.870590,0.211301,0.474739,0.639103,-0.567031,
830,1804255594,-16.088482,-2.564506,-3.325281,-97.221230,-45.625275,88.771126,0.229372,0.476082,0.639658,-0.558188,
831,1804272261,-10.975355,-7.286641,-3.807527,-81.170235,-47.695896,102.084251,0.247514,0.478838,0.637661,-0.550311,
832,1804288928,-7.602944,-6.966655,-3.232220,-2.222002,-29.513647,108.906914,0.258935,0.486365,0.629312,-0.548061,
833,1804305595,-7.902723,-3.214958,-2.246949,25.787365,-21.111242,103.876991,0.267138,0.495033,0.619244,-0.547832,
834,1804322262,-8.532733,-0.402708,-1.998624,18.020802,-21.515553,106.075134,0.276047,0.503443,0.609469,-0.546711,
835,1804338929,-9.241805,-0.179483,-2.740705,-16.871668,-25.284719,114.775963,0.288464,0.510789,0.601515,-0.542277,
836,1804355596,-9.792727,-1.015512,-1.629776,-41.978966,-32.782997,120.484924,0.303759,0.516824,0.594608,-0.535787,
837,1804372263,-9.722116,-2.819801,-1.388577,-47.526894,-44.436783,118.022911,0.320175,0.521302,0.587583,-0.529604,
838,1804388930,-9.405841,-3.545717,-1.636775,-39.710537,-48.101891,110.824135,0.335643,0.525061,0.580122,-0.524514,
839,1804405597,-8.959338,-3.755090,-2.019075,-30.675623,-50.994087,101.040421,0.349816,0.528053,0.572399,-0.520722,
840,1804422264,-8.797653,-3.786934,-2.819107,-16.249912,-45.959915,91.066383,0.361618,0.531196,0.564461,-0.518122,
841,1804438931,-8.679323,-3.149883,-3.060013,9.634130,-37.860489,83.844894,0.370140,0.535613,0.555446,-0.517298,
842,1804455598,-8.785405,-2.582462,-3.040788,27.525352,-29.289661,79.021591,0.376150,0.541160,0.545829,-0.517426,
843,1804472265,-9.300019,-2.065541,-2.737447,20.002155,-22.875326,79.693611,0.382235,0.546749,0.536994,-0.516335,
844,1804488932,-9.496155,-2.545399,-2.667456,2.380205,-25.157476,82.332932,0.390041,0.551311,0.529065,-0.513826,
845,1804505599,-9.246685,-2.764334,-2.423986,-16.257347,-28.121914,80.321625,0.399360,0.554355,0.522442,-0.510156,
846,1804522266,-9.272063,-2.992369,-2.095346,-42.218311,-31.547722,80.790009,0.410996,0.555577,0.517419,-0.504674,
847,1804538933,-8.982111,-4.076082,-2.431534,-64.645683,-31.403687,78.486671,0.424177,0.555177,0.514126,-0.497523,
848,1804555600,-8.523993,-5.621625,-2.991786,-75.394188,-31.052584,73.487595,0.437733,0.553630,0.511912,-0.489728,
849,1804572267,-6.257100,-7.573388,-3.068627,-80.218872,-38.858074,64.209641,0.451485,0.550388,0.510163,-0.482670,
850,1804588934,-5.072436,-8.090705,-3.936763,-49.348534,-32.902973,46.005337,0.460962,0.548139,0.508003,-0.478533,
851,1804605601,-7.818233,-6.616650,-3.713036,-23.350084,-16.029240,30.280228,0.465988,0.547603,0.506381,-0.475991,
852,1804622268,-8.823906,-5.799249,-3.562093,-32.135136,-30.479887,18.889450,0.471968,0.544610,0.505276,-0.474706,
853,1804638935,-6.934745,-5.827614,-3.605342,-28.957117,-34.435547,3.922350,0.476930,0.540437,0.504843,-0.474975,
854,1804655602,-5.581786,-6.012874,-3.117338,-34.240643,-29.889198,-19.171820,0.480354,0.534490,0.506884,-0.476079,
855,1804672269,-4.769271,-6.210730,-4.350078,-45.690136,-32.296741,-47.521969,0.482841,0.525440,0.511712,-0.478467,
856,1804688936,-6.843041,-6.891776,-4.162073,-50.782200,-15.861692,-80.114319,0.482146,0.514668,0.520459,-0.481433,
857,1804705603,-13.315563,-9.705176,-4.325595,37.378212,0.780843,-124.701225,0.470331,0.507722,0.527391,-0.492817,
858,1804722270,-11.243378,-9.039122,-1.750401,83.085403,-21.212013,-141.584930,0.455393,0.500789,0.530540,-0.510253,
859,1804738937,-9.889050,-4.502893,1.477901,39.949642,16.421024,-133.627716,0.441050,0.494151,0.538537,-0.520836,
860,1804755604,-13.632122,1.333884,0.280883,35.905720,45.648060,-146.856903,0.423495,0.488193,0.549405,-0.529600,
861,1804772271,-16.227407,3.905637,-1.832816,18.344753,32.539627,-164.494217,0.406632,0.478453,0.561755,-0.538672,
862,1804788938,-15.929447,0.418854,-2.813188,24.702005,25.563540,-165.239410,0.389590,0.468189,0.572898,-0.548461,
863,1804805605,-15.071346,-4.084177,-0.976119,9.781279,27.911663,-139.207809,0.375240,0.459189,0.583291,-0.555081,
864,1804822272,-13.420832,-7.084235,-1.070468,6.081282,33.471897,-120.222122,0.362052,0.451868,0.592791,-0.559764,
865,1804838939,-11.379196,-7.005526,-0.936960,28.139481,46.370026,-119.620354,0.346222,0.446648,0.600923,-0.565269,
866,1804855606,-11.148907,-4.199311,-0.351464,37.625835,54.541317,-128.505173,0.328187,0.441617,0.609016,-0.571288,
867,1804872273,-11.351046,-1.937830,-0.365106,56.254871,60.976055,-135.615295,0.307632,0.437160,0.616020,-0.578597,
868,1804888940,-11.450918,-0.301617,-0.172312,80.024139,66.226936,-132.025803,0.285222,0.434278,0.620676,-0.587209,
869,1804905607,-9.804489,0.458508,-0.025863,95.657455,62.873875,-120.765572,0.262920,0.432514,0.622773,-0.596624,
870,1804922274,-8.239141,0.777955,-0.363000,76.647041,55.516766,-109.716599,0.243302,0.430161,0.625218,-0.604045,
871,1804938941,-7.070498,0.324043,-1.319265,37.078533,48.561832,-94.223846,0.228066,0.427050,0.629696,-0.607537,
872,1804955608,-6.609006,-0.327432,-1.769667,8.680186,45.239643,-78.509041,0.216235,0.424045,0.635452,-0.607973,
873,1804972275,-6.733274,-0.444203,-0.958939,3.237757,38.900311,-62.816315,0.206682,0.421695,0.640426,-0.607711,
874,1804988942,-7.128522,0.294265,-0.992527,-13.727545,32.398579,-49.185974,0.199959,0.419488,0.645803,-0.605795,
875,1805005609,-7.047649,2.497820,-1.672064,-53.123772,15.621167,-29.978558,0.198893,0.416426,0.652935,-0.600591,
876,1805022276,-6.381988,3.741692,-1.832388,-80.811020,13.175174,-9.048388,0.201542,0.414289,0.661069,-0.592229,
877,1805038943,-6.019510,0.198305,1.474083,-23.839737,10.714076,15.101521,0.203061,0.415898,0.662714,-0.588735,
878,1805055610,-4.209586,-6.944728,5.279107,57.460018,3.701300,28.202452,0.201450,0.420549,0.656362,-0.593083,
879,1805072277,-3.127298,-10.969784,0.389339,11.771157,7.671549,28.599682,0.202279,0.424219,0.654009,-0.592787,
880,1805088944,-4.311845,-8.212360,-6.451157,-26.398209,5.907496,31.497694,0.205872,0.426877,0.654697,-0.588869,
881,1805105611,-6.355233,-5.556540,-8.596428,-38.624168,15.764683,31.435987,0.209270,0.429987,0.656702,-0.583148,
882,1805122278,-7.893679,-7.189610,-6.091758,-29.536674,12.264075,34.286980,0.212664,0.433327,0.657619,-0.578395,
883,1805138945,-8.270876,-10.407557,-3.958071,-33.707085,19.386694,33.415836,0.215555,0.437033,0.659129,-0.572791,
884,1805155612,-8.199059,-12.225606,-3.890154,-31.190195,20.682331,27.932806,0.217693,0.440376,0.660785,-0.567489,
885,1805172279,-7.709602,-9.739024,-3.249271,-10.564232,28.699718,15.237691,0.216682,0.443798,0.661782,-0.564038,
886,1805188946,-12.755011,-8.055978,-0.917454,-0.040673,18.961306,-0.977766,0.214594,0.445184,0.662645,-0.562729,
887,1805205613,-18.016676,-13.621227,-7.333808,-41.889385,46.798489,-1.100747,0.212513,0.447509,0.667777,-0.555563,
888,1805222280,-9.571048,-7.332212,1.176732,307.685822,83.317696,-26.278770,0.181869,0.460636,0.646687,-0.580118,
889,1805238947,-8.910040,5.268299,6.536883,111.468025,11.719762,-41.322739,0.169603,0.460555,0.640462,-0.590707,
890,1805255614,-6.047991,11.924858,-0.673603,-18.190145,-42.487011,27.452400,0.176952,0.458942,0.639315,-0.591049,
891,1805272281,-9.631027,9.015067,-3.807520,-86.945282,-13.156102,76.204086,0.190327,0.462537,0.641470,-0.581682,
892,1805288948,-15.445007,3.730774,-0.688427,-87.897858,-24.813906,68.894981,0.204187,0.464310,0.643694,-0.573049,
893,1805305615,-17.362562,-5.472322,-2.491829,-107.479446,-33.541786,69.620682,0.220184,0.464694,0.647033,-0.562965,
894,1805322282,-12.541508,-9.673632,-3.467855,-66.170517,-38.759590,85.935532,0.235147,0.467359,0.645511,-0.556417,
895,1805338949,-8.530433,-8.616722,-2.305128,-0.877110,-27.444931,91.754860,0.245027,0.473610,0.638547,-0.554902,
896,1805355616,-7.686108,-3.719122,-2.133151,37.549614,-24.812862,88.869568,0.251733,0.481083,0.628649,-0.556770,
897,1805372283,-7.740284,0.271097,-1.812630,34.698940,-22.887011,93.510307,0.258786,0.488931,0.618598,-0.557957,
898,1805388950,-8.717983,0.212725,-2.872747,4.032936,-22.794247,107.289276,0.269071,0.496761,0.609916,-0.555730,
899,1805405617,-9.471149,-0.194004,-2.498093,-7.704944,-21.074495,111.231697,0.280301,0.504492,0.601808,-0.552040,
900,1805422284,-10.195843,-2.074705,-1.882374,-33.101273,-26.883350,111.312195,0.293833,0.510589,0.595329,-0.546395,
901,1805438951,-10.031538,-3.100062,-1.501239,-48.232056,-35.420223,108.058319,0.308880,0.514923,0.589746,-0.540046,
902,1805455618,-9.549890,-4.000463,-1.448218,-51.897469,-44.406181,104.644440,0.324605,0.517929,0.584115,-0.534036,
903,1805472285,-9.325263,-4.291375,-1.554534,-34.864910,-45.150204,95.879852,0.338336,0.520785,0.577615,-0.529788,
904,1805488952,-9.237217,-4.379155,-1.833552,-18.197317,-43.029736,86.991264,0.349863,0.523759,0.570478,-0.527096,
905,1805505619,-9.153378,-3.559330,-2.448027,-5.386335,-37.498299,80.561554,0.359399,0.527181,0.563026,-0.525278,
906,1805522286,-9.463655,-1.737892,-2.427715,-0.920139,-30.592304,77.457581,0.367735,0.531030,0.555747,-0.523379,
907,1805538953,-9.930547,-1.181708,-2.172227,-12.688083,-31.236156,77.596748,0.376990,0.534135,0.549240,-0.520496,
908,1805555620,-9.889390,-1.831292,-2.040175,-36.388371,-38.065441,78.842949,0.388664,0.535435,0.543964,-0.516096,
909,1805572287,-9.184498,-3.082772,-1.968404,-66.954224,-45.844036,78.606590,0.403227,0.534285,0.540439,-0.509781,
910,1805588954,-8.515985,-4.196342,-2.209597,-88.133446,-46.843601,75.027733,0.419129,0.531378,0.538544,-0.501938,
911,1805605621,-7.728112,-5.162585,-2.929966,-95.119881,-47.671814,74.875717,0.435482,0.527791,0.536937,-0.493450,
912,1805622288,-6.012888,-6.143488,-3.849493,-86.372467,-46.543491,75.301857,0.450957,0.524695,0.534561,-0.485367,
913,1805638955,-4.208525,-7.695323,-4.720068,-68.133858,-42.756813,66.969231,0.464032,0.522269,0.531636,-0.478826,
914,1805655622,-5.350268,-8.210665,-4.767920,-21.086115,-26.589727,49.692333,0.471008,0.522730,0.527760,-0.475790,
915,1805672289,-7.649034,-7.468561,-4.173966,10.247348,-19.248579,39.127125,0.474279,0.525005,0.522994,-0.475298,
916,1805688956,-7.550853,-5.905715,-3.387908,8.639612,-16.441286,33.723156,0.477067,0.526934,0.518930,-0.474828,
917,1805705623,-7.346655,-3.619470,-3.252266,-5.692149,-11.919310,14.979267,0.479308,0.526756,0.517597,-0.474223,
918,1805722290,-7.033066,-2.446164,-5.047780,-14.661489,-23.371181,-14.431166,0.481062,0.522941,0.518332,-0.475864,
919,1805738957,-7.798471,-2.300758,-5.084964,-39.586525,-28.340445,-50.965317,0.482524,0.514251,0.523191,-0.478528,
920,1805755624,-11.997640,-7.375303,-5.949618,-23.198008,-20.902973,-96.561043,0.478941,0.503675,0.530755,-0.485004,
921,1805772291,-10.192508,-10.105596,-1.100034,-13.801505,-25.896116,-116.534370,0.473515,0.491724,0.538632,-0.493832,
922,1805788958,-10.223937,-8.053487,2.536216,-47.816628,-3.676772,-125.873611,0.467941,0.478120,0.550961,-0.498876,
923,1805805625,-12.583017,-2.014266,0.093403,-33.558506,15.491918,-143.447876,0.458360,0.465260,0.564542,-0.504712,
924,1805822292,-13.771190,0.189322,-2.641891,4.548778,18.745935,-156.284927,0.444759,0.453889,0.576127,-0.514056,
925,1805838959,-13.202134,-1.335242,-2.223068,49.341686,23.784641,-150.848862,0.427944,0.446002,0.584016,-0.526188,
926,1805855626,-12.255764,-4.337223,-1.314113,63.125313,36.440525,-130.644714,0.410485,0.441426,0.590025,-0.537140,
927,1805872293,-12.253020,-6.241626,-1.252323,43.044025,49.669231,-114.363045,0.394274,0.437892,0.597093,-0.544316,
928,1805888960,-12.549193,-6.663702,-2.117129,20.299744,59.584965,-110.000633,0.378853,0.434058,0.606037,-0.548439,
929,1805905627,-11.728279,-4.992816,-2.133214,33.133381,65.307571,-110.583237,0.361931,0.431177,0.614088,-0.553164,
930,1805922294,-11.226712,-2.653982,-1.033277,49.283535,73.076057,-111.445679,0.343086,0.429518,0.621051,-0.558663,
931,1805938961,-11.192990,-1.784133,-0.631560,84.038193,79.002441,-114.541344,0.321111,0.429580,0.625367,-0.566804,
932,1805955628,-10.996365,-1.657464,-0.087586,127.001823,81.849937,-117.732971,0.295715,0.431302,0.626051,-0.578441,
933,1805972295,-9.393559,-1.300325,0.366380,131.115479,70.656013,-112.360947,0.271308,0.432420,0.625091,-0.590482,
934,1805988962,-7.452470,-1.936856,-0.508646,106.799629,64.833862,-101.852493,0.249686,0.432752,0.624923,-0.599881,
935,1806005629,-6.922365,-2.399370,-1.433944,89.622208,69.372169,-91.349709,0.229523,0.433593,0.625440,-0.606749,
936,1806022296,-7.243934,-1.896531,-1.333961,76.799942,67.043663,-83.296188,0.210997,0.434353,0.626244,-0.612077,
937,1806038963,-7.715637,0.376280,-1.439909,40.266838,56.307842,-73.952080,0.196526,0.433759,0.629193,-0.614287,
938,1806055630,-8.242787,1.429950,-1.108657,6.842214,34.181316,-57.022533,0.187670,0.431713,0.633327,-0.614250,
939,1806072297,-8.184605,2.599643,-1.070747,-21.273825,12.651221,-43.472958,0.183760,0.428191,0.638483,-0.612557,
940,1806088964,-7.285386,3.532641,-1.329696,-56.348602,-3.693545,-29.259212,0.184808,0.423565,0.645395,-0.608199,
941,1806105631,-6.615705,3.201478,-1.299956,-82.050583,-1.700942,-8.301210,0.189086,0.420343,0.653266,-0.600669,
942,1806122298,-6.345998,-0.396910,1.553429,-55.447697,3.886133,14.846818,0.193210,0.420495,0.657480,-0.594623,
943,1806138965,-4.732352,-7.270189,4.159890,-25.228039,-12.488455,27.483946,0.198137,0.421267,0.657812,-0.592082,
944,1806155632,-2.831696,-12.297618,-0.866521,-75.365051,-0.656214,38.684956,0.205950,0.422645,0.662055,-0.583645,
945,1806172299,-3.718776,-11.391518,-5.978274,-72.542389,2.744412,43.438251,0.213631,0.424789,0.665769,-0.575040,
946,1806188966,-6.456768,-7.679420,-7.888224,-58.225067,-2.138147,39.278084,0.220523,0.426511,0.668306,-0.568179,
947,1806205633,-9.214599,-8.706482,-7.250201,-22.241835,-0.704893,44.040432,0.225419,0.429937,0.667570,-0.564529,
948,1806222300,-8.590979,-11.180765,-6.314318,-18.691715,21.211313,37.079117,0.227382,0.434582,0.667666,-0.560054,
949,1806238967,-6.615793,-10.254573,-5.149428,-37.881927,25.505854,22.501329,0.228941,0.437504,0.670355,-0.553897,
950,1806255634,-6.641537,-6.057007,-1.734627,65.651703,10.090862,1.103572,0.223672,0.440513,0.665503,-0.559488,
951,1806272301,-20.350607,-6.622485,3.578689,38.270172,74.643387,-0.181035,0.213777,0.447706,0.664981,-0.558266,
952,1806288968,-14.549045,-10.210450,0.915215,100.305099,27.845213,1.523534,0.204470,0.453108,0.657727,-0.565935,
953,1806305635,-8.973709,-3.270899,-2.539970,82.878197,6.140893,-26.724216,0.196023,0.453414,0.652995,-0.574099,
954,1806322302,-8.007174,10.018461,3.508650,44.353008,-9.155813,1.479061,0.193906,0.453978,0.649118,-0.578751,
955,1806338969,-10.818432,10.850427,-3.105564,-65.288551,-14.884697,46.750275,0.203366,0.455202,0.651258,-0.572101,
956,1806355636,-15.331574,5.999601,-0.392019,-76.218033,-35.893539,67.784164,0.217255,0.456261,0.652168,-0.565071,
957,1806372303,-16.648254,-2.434120,-2.610326,-116.869118,-57.517227,86.505920,0.237352,0.455864,0.654244,-0.554815,
958,1806388970,-13.241392,-9.478319,-3.249742,-76.555824,-57.392960,105.504059,0.256190,0.458462,0.651504,-0.547470,
959,1806405637,-7.943161,-9.980226,-3.406135,-6.330915,-41.766914,113.423416,0.269402,0.465505,0.642992,-0.545245,
960,1806422304,-7.100565,-4.143972,-2.181549,53.866768,-24.205654,108.876656,0.276451,0.475731,0.630503,-0.547470,
961,1806438971,-7.778227,-0.885862,-1.759493,38.483791,-25.272026,106.245644,0.284371,0.484870,0.619193,-0.548303,
962,1806455638,-8.426967,-0.384023,-2.003972,15.555859,-29.197611,111.782127,0.294626,0.493114,0.608987,-0.546966,
963,1806472305,-9.098282,-0.874200,-1.970539,-11.932156,-32.496243,115.153412,0.307327,0.500074,0.600408,-0.543128,
964,1806488972,-10.052507,-2.379687,-1.745962,-19.901878,-36.869331,116.072060,0.320969,0.506259,0.592013,-0.538705,
965,1806505639,-10.003225,-3.132185,-1.740511,-16.565487,-41.467907,113.680908,0.334475,0.511877,0.583133,-0.534852,
966,1806522306,-9.279091,-3.299462,-1.987692,-16.589014,-40.553955,106.237808,0.347229,0.516785,0.574685,-0.531135,
967,1806538973,-9.082343,-3.356710,-2.103225,-18.709932,-36.262966,96.612984,0.358954,0.520984,0.567198,-0.527273,
968,1806555640,-9.301855,-3.289422,-2.024689,-20.747480,-33.691452,86.987579,0.369809,0.524372,0.560613,-0.523441,
969,1806572307,-8.923923,-3.454361,-2.086136,-24.838402,-34.811981,80.595032,0.380513,0.526840,0.554667,-0.519612,
970,1806588974,-8.366382,-3.485641,-2.005735,-30.185335,-34.210178,77.427094,0.391275,0.528712,0.549308,-0.515393,
971,1806605641,-8.430612,-3.463009,-1.860595,-39.432358,-32.899426,76.210564,0.402485,0.529970,0.544718,-0.510317,
972,1806622308,-8.419759,-3.335205,-2.199918,-45.243916,-34.006721,72.048706,0.413852,0.530382,0.540720,-0.505020,
973,1806638975,-8.198692,-3.003823,-2.319966,-53.594936,-34.473057,67.289917,0.425476,0.529790,0.537581,-0.499301,
974,1806655642,-7.526262,-3.442626,-2.541590,-67.119896,-36.801060,63.650028,0.437977,0.527806,0.535457,-0.492834,
975,1806672309,-5.798013,-5.505683,-3.137067,-62.630711,-38.120743,55.260319,0.449551,0.525258,0.533470,-0.487258,
976,1806688976,-5.460270,-7.173784,-3.874588,-28.493433,-30.365772,45.314327,0.457152,0.524654,0.530264,-0.484327,
977,1806705643,-6.295762,-7.456776,-4.741299,4.899548,-21.401415,40.377335,0.461136,0.526489,0.525649,-0.483589,
978,1806722310,-6.980309,-6.024118,-4.295272,18.407331,-14.793165,40.842014,0.463592,0.529708,0.520471,-0.483326,
979,1806738977,-6.484255,-3.727368,-3.561259,16.917948,-6.771862,30.651028,0.464821,0.532601,0.516707,-0.483005,
980,1806755644,-6.900532,-2.410224,-3.385755,6.160337,-9.833580,1.066059,0.465028,0.532321,0.515778,-0.484105,
981,1806772311,-6.568834,-4.094077,-3.560417,-25.801737,-27.855150,-33.450066,0.466617,0.526006,0.518539,-0.486524,
982,1806788978,-5.644969,-5.932710,-3.464544,-70.276123,-44.743595,-61.041496,0.470861,0.513322,0.525339,-0.488684,
983,1806805645,-9.311288,-5.841384,-1.469008,-97.708275,-36.904198,-96.844299,0.473851,0.496409,0.537124,-0.490452,
984,1806822312,-15.994271,-10.442580,-3.631657,-12.259049,-39.395561,-165.726517,0.465700,0.479563,0.547331,-0.503561,
985,1806838979,-11.627082,-8.445493,-1.780546,6.459414,-33.431580,-167.633347,0.455335,0.463968,0.556362,-0.517559,
986,1806855646,-12.205804,-3.759284,0.382831,-20.482445,33.581299,-142.688980,0.442989,0.453395,0.569870,-0.522919,
987,1806872313,-14.865033,0.121675,-2.171206,8.054603,36.916706,-139.212357,0.428544,0.444990,0.580930,-0.529959,
988,1806888980,-13.846078,-0.609153,-4.127573,-6.686995,29.988161,-139.278259,0.415443,0.434930,0.592439,-0.535968,
989,1806905647,-14.250027,-5.160343,-2.154687,-19.711864,52.815258,-138.046875,0.401103,0.425768,0.605991,-0.539087,
990,1806922314,-15.292363,-7.764163,-1.466644,-11.101226,67.472916,-126.686089,0.385642,0.419061,0.618737,-0.541142,
991,1806938981,-13.766814,-6.852412,-1.583737,21.889191,71.363510,-111.719170,0.368834,0.415679,0.627932,-0.544863,
992,1806955648,-11.768379,-4.403514,-0.394188,53.159500,72.725128,-107.764275,0.350175,0.414274,0.634226,-0.550921,
993,1806972315,-10.699533,-3.960847,0.537658,101.760452,83.175926,-117.367157,0.326663,0.415069,0.637390,-0.561022,
994,1806988982,-9.913548,-3.759963,0.689116,149.254135,93.482582,-126.191528,0.298339,0.417797,0.637169,-0.574854,
995,1807005649,-8.478069,-2.460059,-0.143505,165.909637,92.020126,-119.632034,0.269380,0.421300,0.634433,-0.589439,
996,1807022316,-6.995057,-0.503592,-1.139535,149.097488,85.946556,-107.235359,0.242811,0.424357,0.631522,-0.601786,
997,1807038983,-6.467077,0.557116,-1.738747,107.786987,73.550392,-99.102737,0.220466,0.425310,0.630828,-0.610381,
998,1807055650,-6.377804,0.629874,-2.043096,66.131836,63.718651,-89.437759,0.202355,0.424744,0.632625,-0.615169,
999,1807072317,-7.338781,1.119740,-1.185369,40.948315,55.506145,-71.248322,0.188127,0.424257,0.635130,-0.617436,
1000,1807088984,-8.067680,2.245721,-0.667033,0.446302,40.599667,-51.943752,0.179480,0.423040,0.639573,-0.616257,
1001,1807105651,-8.164455,3.041234,-0.865132,-48.284966,20.608557,-35.428448,0.177158,0.420257,0.646786,-0.611285,
1002,1807122318,-6.817256,4.028723,-0.783224,-74.032097,4.044643,-20.705725,0.179258,0.416678,0.654890,-0.604456,
1003,1807138985,-5.703156,3.306781,-0.792566,-97.803558,9.626476,-0.998186,0.183973,0.414779,0.663923,-0.594408,
1004,1807155652,-6.135871,-2.708682,3.990377,-29.801338,-2.548529,26.887436,0.188151,0.416289,0.664989,-0.590843,
1005,1807172319,-3.132665,-8.933963,3.557588,-49.474720,-10.538841,33.522724,0.194854,0.417194,0.667086,-0.585645,
1006,1807188986,-3.432052,-13.014543,-2.602125,-87.837914,-0.355702,47.146664,0.204028,0.419138,0.671817,-0.575639,
1007,1807205653,-5.507508,-9.042993,-7.717323,-78.384193,-6.603185,45.982147,0.213097,0.420645,0.675513,-0.566862,
1008,1807222320,-8.704557,-7.965126,-8.886223,-71.730606,-1.169660,47.180630,0.221287,0.422853,0.678645,-0.558275,
1009,1807238987,-8.586209,-10.726203,-6.314116,-37.796307,10.017853,46.607719,0.226212,0.426957,0.679339,-0.552301,
1010,1807255654,-6.718391,-12.411901,-4.893994,-21.110279,16.014095,31.610071,0.228290,0.430586,0.679784,-0.548065,
1011,1807272321,-5.665843,-9.182817,-4.364126,8.623840,21.703491,17.255537,0.226792,0.434224,0.678929,-0.546876,
1012,1807288988,-12.209250,-6.693249,0.364565,74.504616,26.329737,-4.311340,0.218941,0.438241,0.674298,-0.552571,
1013,1807305655,-21.283356,-14.877223,-6.914958,14.807281,69.683617,-6.040300,0.210480,0.443617,0.675873,-0.549636,
1014,1807322322,-11.420518,-3.440172,10.048375,219.044128,55.595154,-44.265202,0.187044,0.450088,0.662742,-0.568517,
1015,1807338989,-6.583076,6.137350,-1.342098,57.320766,-15.941567,-39.992031,0.181328,0.446379,0.660344,-0.576033,
1016,1807355656,-6.388502,11.054206,-2.125069,-24.839413,-21.327446,37.989197,0.187985,0.447508,0.659573,-0.573903,
1017,1807372323,-12.410727,8.854529,-3.591482,-50.726051,-15.647426,69.897041,0.198429,0.451419,0.658970,-0.567986,
1018,1807388990,-16.701803,2.562143,-1.840076,-82.086868,-34.508434,73.302544,0.212982,0.453096,0.660045,-0.560077,
1019,1807405657,-16.177734,-8.493501,-4.056231,-77.489326,-33.568684,89.636055,0.228413,0.456427,0.659500,-0.551873,
1020,1807422324,-9.810802,-11.349889,-3.662590,-28.653341,-33.646000,95.701309,0.241034,0.461831,0.654450,-0.548008,
1021,1807438991,-7.290739,-6.826385,-2.888991,37.358627,-17.094582,93.527214,0.247418,0.470559,0.644721,-0.549269,
1022,1807455658,-8.417616,-0.600523,-1.958875,35.293053,-20.801203,88.450066,0.253835,0.478344,0.635239,-0.550662,
1023,1807472325,-9.531700,2.031068,-2.355177,25.788279,-23.563696,101.689056,0.262175,0.486677,0.625359,-0.550761,
1024,1807488992,-9.931166,1.475340,-3.191164,7.413894,-25.810617,117.870697,0.273247,0.495472,0.615552,-0.548581,
1025,1807505659,-10.098509,-1.346907,-2.625960,-13.702224,-31.120522,117.498833,0.286205,0.502821,0.607057,-0.544740,
1026,1807522326,-9.812602,-3.983353,-2.660990,-26.141216,-36.528763,113.499329,0.300146,0.508715,0.599428,-0.540195,
1027,1807538993,-9.580715,-4.679485,-2.011137,-17.562813,-39.788609,113.575722,0.313650,0.514579,0.590793,-0.536469,
1028,1807555660,-8.728294,-4.629488,-1.168729,-5.263449,-41.361664,110.248772,0.326016,0.520442,0.581201,-0.533911,
1029,1807572327,-8.439080,-4.697743,-1.713335,15.048483,-31.792633,100.808952,0.335218,0.527079,0.571049,-0.532656,
1030,1807588994,-8.475272,-4.400791,-2.193990,32.440586,-22.614510,91.937508,0.341564,0.534422,0.560553,-0.532457,
1031,1807605661,-8.632181,-3.212480,-1.766067,16.916096,-19.014570,85.764587,0.348280,0.540671,0.551814,-0.530922,
1032,1807622328,-9.038648,-2.486295,-1.298517,-20.480309,-22.622383,79.659660,0.357701,0.544173,0.546175,-0.526896,
1033,1807638995,-9.177736,-2.777557,-1.450164,-49.882862,-30.017036,71.662117,0.369366,0.544855,0.542949,-0.521451,
1034,1807655662,-8.851265,-3.447289,-2.106612,-60.019741,-32.960892,61.393238,0.381222,0.543861,0.541052,-0.515898,
1035,1807672329,-8.507639,-3.781651,-2.750548,-70.627541,-34.981258,55.700752,0.393578,0.541578,0.540188,-0.509891,
1036,1807688996,-7.372838,-4.347504,-3.694177,-90.367340,-41.439011,55.803391,0.407910,0.537568,0.540285,-0.502717,
1037,1807705663,-4.687301,-6.364969,-4.941955,-87.188515,-46.048958,54.719891,0.422166,0.533179,0.539816,-0.496081,
1038,1807722330,-3.769806,-8.269418,-5.394805,-63.197540,-40.823685,49.176517,0.433657,0.530088,0.538251,-0.491158,
1039,1807738997,-5.005511,-9.164643,-5.505911,-17.469141,-31.651930,45.145374,0.440563,0.530159,0.534247,-0.489304,
1040,1807755664,-5.972271,-7.448437,-4.190011,15.416253,-20.886946,41.142311,0.443784,0.532761,0.528873,-0.489405,
1041,1807772331,-5.955442,-4.788186,-3.631488,29.886221,-10.734818,25.019936,0.443936,0.535759,0.524355,-0.490854,
1042,1807788998,-6.317368,-3.405357,-3.709268,9.443359,-17.063936,-8.494670,0.443760,0.534418,0.523489,-0.493393,
1043,1807805665,-7.188531,-5.019691,-4.368508,-35.714470,-31.522566,-54.412121,0.444871,0.525595,0.528469,-0.496550,
1044,1807822332,-12.003117,-8.527697,-4.491515,-37.779816,-28.027740,-111.088707,0.441682,0.512423,0.538044,-0.502842,
1045,1807838999,-13.785582,-10.150417,-0.482563,-20.420578,-54.119457,-152.520447,0.436013,0.494989,0.547525,-0.514876,
1046,1807855666,-10.140770,-6.010808,4.187043,-84.506310,-44.099930,-145.584900,0.434411,0.474491,0.561607,-0.520332,
1047,1807872333,-11.295235,-0.965824,0.990839,-64.305687,-16.899240,-148.393127,0.428715,0.456806,0.575730,-0.525423,
1048,1807889000,-11.685915,0.321879,-3.200644,-39.848862,-5.040181,-164.759659,0.418896,0.439910,0.589467,-0.532481,
1049,1807905667,-13.083795,-2.348045,-3.518461,-19.008705,6.565720,-174.143112,0.405753,0.424097,0.602520,-0.540812,
1050,1807922334,-14.850688,-5.973669,-2.594659,-6.137727,28.350712,-151.389359,0.391459,0.412502,0.614089,-0.547265,
1051,1807939001,-15.033451,-8.913395,-2.483524,14.949684,46.059086,-113.278061,0.377185,0.406746,0.622443,-0.552138,
1052,1807955668,-12.605179,-9.402016,-3.455233,44.904793,59.071472,-105.957733,0.360418,0.404199,0.628456,-0.558361,
1053,1807972335,-11.187359,-7.597246,-2.701171,68.990501,73.774689,-105.539200,0.340776,0.403980,0.633002,-0.565670,
1054,1807989002,-10.211680,-5.178053,-1.659201,95.023598,84.726326,-104.136238,0.318534,0.405871,0.635538,-0.574368,
1055,1808005669,-9.591282,-2.968711,-1.003040,136.165802,97.116615,-102.304451,0.292650,0.410588,0.634658,-0.585650,
1056,1808022336,-9.607494,-1.461509,-0.645176,166.712296,101.660576,-100.157104,0.264437,0.416811,0.630655,-0.598848,
1057,1808039003,-9.104446,-0.350216,-0.266012,165.153488,92.822678,-93.891327,0.237415,0.422367,0.625444,-0.611607,
1058,1808055670,-7.987868,-0.796035,-0.932032,135.649399,90.038963,-81.295990,0.213381,0.427453,0.621468,-0.620912,
1059,1808072337,-8.609266,-1.115021,-1.484742,101.172073,89.242050,-60.742184,0.193295,0.433005,0.618938,-0.626148,
1060,1808089004,-9.303383,0.008611,-1.678690,56.678745,78.541557,-46.361485,0.178215,0.437472,0.619031,-0.627424,
1061,1808105671,-9.842900,2.030785,-2.209090,-9.869184,68.368652,-31.042900,0.169651,0.440583,0.623841,-0.622840,
1062,1808122338,-9.702476,4.357980,-1.538977,-67.890594,51.001713,-10.240439,0.168244,0.442515,0.632055,-0.613501,
1063,1808139005,-8.584919,4.692803,1.401976,-62.883121,27.947645,2.455767,0.169747,0.443623,0.638357,-0.605713,
1064,1808155672,-6.210839,3.303669,3.898982,-41.373909,13.087212,17.070425,0.172519,0.445277,0.641405,-0.600473,
1065,1808172339,-5.221483,-6.683145,7.317338,15.428860,11.908236,54.723660,0.175004,0.451740,0.636985,-0.599631,
1066,1808189006,-1.620478,-13.413374,6.103897,56.655048,-18.773502,44.748867,0.176736,0.455612,0.628784,-0.604826,
1067,1808205673,-2.020121,-11.612337,-7.025563,-23.406214,-6.036191,30.580582,0.181348,0.457215,0.628848,-0.602180,
1068,1808222340,-3.367719,-5.590710,-9.197563,18.532995,4.922095,27.794096,0.181917,0.460616,0.625697,-0.602698,
1069,1808239007,-4.866726,-3.449240,-4.335814,21.702515,10.673528,24.327801,0.181440,0.464280,0.622641,-0.603195,
1070,1808255674,-6.187307,-3.816290,-3.330977,-90.528549,-0.369564,13.759421,0.188597,0.463010,0.629791,-0.594491,
1071,1808272341,-6.637150,-5.403818,-4.778658,-153.028198,-10.230503,14.757473,0.200887,0.459106,0.641790,-0.580495,
1072,1808289008,-5.836291,-6.331934,-4.854202,-119.762611,-13.569577,8.483772,0.210655,0.455119,0.651041,-0.569771,
1073,1808305675,-6.258537,-4.886860,-0.669679,47.621029,27.968504,-1.754028,0.204522,0.458647,0.648250,-0.572353,
1074,1808322342,-17.437994,-12.135810,5.374633,-64.062782,28.475195,17.522299,0.207378,0.460672,0.653427,-0.563748,
1075,1808339009,-13.874502,-22.278992,-9.303402,78.185081,23.768896,3.313946,0.199959,0.465192,0.647666,-0.569337,
1076,1808355676,-10.735619,-2.516197,1.665948,248.346466,35.519669,-35.781471,0.176536,0.471600,0.630322,-0.590868,
1077,1808372343,-11.778567,12.436535,4.979049,65.868111,-16.774075,-11.917136,0.172342,0.470676,0.625218,-0.598220,
1078,1808389010,-9.769671,15.459850,-3.751893,-68.332611,-46.251335,62.700565,0.186487,0.470534,0.625840,-0.593420,
1079,1808405677,-14.623218,8.782194,-3.014746,-98.309517,-21.699991,99.982208,0.203610,0.474943,0.626960,-0.583006,
1080,1808422344,-19.956249,-1.062053,-4.190911,-127.356392,-28.897820,95.975525,0.222961,0.477286,0.630299,-0.570273,
1081,1808439011,-16.046717,-10.501167,-4.942875,-100.406548,-36.813393,103.471848,0.241680,0.480292,0.630305,-0.560026,
1082,1808455678,-8.729269,-12.360103,-4.358667,-27.437126,-22.873070,107.810738,0.254288,0.487220,0.624324,-0.555137,
1083,1808472345,-8.115262,-5.923319,-1.899885,51.435257,-14.022635,100.880531,0.259874,0.497019,0.612627,-0.556891,
1084,1808489012,-8.620917,-0.988884,-2.433680,53.171661,-14.746218,101.334282,0.265366,0.506732,0.600565,-0.558684,
1085,1808505679,-10.434373,1.097088,-2.307114,25.492598,-10.138865,118.339775,0.273800,0.517090,0.589502,-0.556903,
1086,1808522346,-11.763148,-0.143235,-1.535668,-3.764620,-16.034359,134.699982,0.286173,0.527032,0.579142,-0.552213,
1087,1808539013,-12.432374,-2.639335,-1.039130,-27.013628,-26.967751,127.827316,0.300592,0.534352,0.570503,-0.546481,
1088,1808555680,-11.990408,-4.863552,-1.422795,-40.692902,-40.237957,108.622841,0.315546,0.538244,0.563669,-0.541299,
1089,1808572347,-10.077181,-4.228566,-1.778369,-42.189159,-46.649464,93.808784,0.329886,0.540192,0.557655,-0.537020,
1090,1808589014,-8.641643,-3.003630,-2.265238,-49.321819,-46.362900,85.210495,0.344007,0.540985,0.552746,-0.532418,
1091,1808605681,-7.785767,-2.141140,-2.308604,-46.830013,-44.170105,78.357475,0.357146,0.541398,0.548167,-0.528063,
1092,1808622348,-7.419443,-2.316332,-1.902686,-50.336433,-44.593624,73.163277,0.370122,0.541069,0.544129,-0.523623,
1093,1808639015,-7.536922,-3.390018,-2.339188,-48.745975,-44.126537,70.336327,0.382646,0.540529,0.540111,-0.519320,
1094,1808655682,-7.543697,-3.836349,-2.145603,-44.186333,-43.268394,70.877350,0.394712,0.540250,0.535652,-0.515180,
1095,1808672349,-7.153082,-3.859210,-2.104655,-48.026009,-41.689777,70.546410,0.406860,0.539743,0.531500,-0.510542,
1096,1808689016,-6.886147,-3.403804,-2.277432,-46.816463,-34.825569,69.763039,0.418249,0.539659,0.527631,-0.505414,
1097,1808705683,-6.377803,-3.523870,-2.459522,-57.823875,-34.019794,68.064674,0.430240,0.538737,0.524659,-0.499391,
1098,1808722350,-4.423497,-4.937730,-3.266581,-72.486862,-42.405602,67.561287,0.443888,0.536134,0.522155,-0.492829,
1099,1808739017,-2.537372,-7.222876,-4.237926,-64.655273,-39.828541,58.626389,0.455992,0.533425,0.519839,-0.487133,
1100,1808755684,-4.841823,-8.167156,-4.321926,-19.038506,-23.177713,43.948315,0.462200,0.533745,0.516472,-0.484506,
1101,1808772351,-7.426186,-7.867887,-4.586945,7.202949,-19.976940,38.664829,0.465732,0.535633,0.511859,-0.483936,
1102,1808789018,-7.600626,-6.804983,-3.769058,27.607327,-14.597052,36.787888,0.467121,0.539118,0.506301,-0.484574,
1103,1808805685,-6.906311,-4.464491,-2.123450,6.881129,-5.639506,23.720991,0.468539,0.540849,0.503823,-0.483858,
1104,1808822352,-6.083250,-3.623590,-3.850673,-13.751183,-12.421713,-17.396683,0.469176,0.537675,0.505565,-0.484960,
1105,1808839019,-7.409404,-3.670227,-4.778989,-44.723614,-18.247143,-68.244965,0.469036,0.528194,0.513028,-0.487669,
1106,1808855686,-14.227768,-9.013532,-6.564379,-42.577042,-20.643135,-133.009918,0.464178,0.513703,0.525003,-0.494998,
1107,1808872353,-13.767246,-12.564318,-3.026350,-10.708636,-45.180206,-159.737671,0.456647,0.497294,0.534757,-0.508144,
1108,1808889020,-10.220900,-8.198584,2.353894,-31.236511,-5.207558,-138.071045,0.448856,0.483902,0.546843,-0.515104,
1109,1808905687,-13.134434,-0.682766,0.799853,-4.697843,26.445654,-141.905869,0.436193,0.474093,0.559035,-0.521971,
1110,1808922354,-14.530184,2.795766,-2.084712,14.374656,30.573078,-158.004654,0.420435,0.464258,0.570866,-0.530860,
1111,1808939021,-15.266390,-0.726528,-1.446975,0.401946,35.352146,-159.117432,0.404901,0.453582,0.583818,-0.538031,
1112,1808955688,-17.021023,-6.570951,-1.484456,-10.704865,35.686188,-144.948242,0.390964,0.443240,0.596416,-0.543116,
1113,1808972355,-14.918091,-8.680344,-2.326419,19.998116,36.026985,-122.143875,0.376655,0.436462,0.604884,-0.549317,
1114,1808989022,-12.080865,-6.368716,-1.441677,27.848564,45.829395,-110.799782,0.361760,0.431744,0.612334,-0.554775,
1115,1809005689,-11.007501,-3.005020,-0.527624,35.491520,53.843502,-114.580902,0.345239,0.427586,0.619611,-0.560415,
1116,1809022356,-10.576235,-1.700384,0.175173,65.950966,61.474751,-122.039665,0.325379,0.424720,0.624982,-0.568455,
1117,1809039023,-10.030647,-1.224412,0.264072,108.210419,67.820969,-123.617188,0.302013,0.423987,0.626890,-0.579685,
1118,1809055690,-9.169284,-0.428303,0.097265,124.668549,71.810692,-113.620316,0.277901,0.424929,0.626531,-0.591327,
1119,1809072357,-8.115265,-0.225612,-0.639300,99.155022,65.007355,-103.499077,0.256685,0.424912,0.627073,-0.600287,
1120,1809089024,-7.509704,-0.772358,-1.795246,61.678112,58.295933,-93.662636,0.239143,0.423622,0.629754,-0.605613,
1121,1809105691,-7.234282,-0.536431,-1.864387,38.518665,55.251278,-81.467262,0.224311,0.422251,0.633432,-0.608403,
1122,1809122358,-7.588142,0.787841,-1.524638,8.734740,43.762722,-67.609718,0.213551,0.420087,0.638396,-0.608584,
1123,1809139025,-7.911488,3.236520,-1.966901,-57.625397,31.028873,-48.162884,0.209720,0.416481,0.647558,-0.602688,
1124,1809155692,-7.511261,4.801413,-2.230811,-120.259361,14.762196,-25.141043,0.213184,0.411609,0.660163,-0.591031,
1125,1809172359,-6.476956,4.678832,0.111218,-110.696068,7.631936,-3.040052,0.218599,0.408421,0.670205,-0.579857,
1126,1809189026,-5.280104,-1.677510,4.162378,-57.872528,4.185504,29.995613,0.223963,0.409770,0.673601,-0.572882,
1127,1809205693,-2.204207,-11.609679,5.764888,-30.775442,-7.984494,37.254250,0.229494,0.411671,0.673861,-0.569011,
1128,1809222360,-2.718530,-13.053230,-4.437670,-99.444221,-11.987103,29.640177,0.238864,0.410142,0.680030,-0.558828,
1129,1809239027,-5.933178,-6.047927,-11.903815,-88.240356,-7.897879,35.763020,0.247606,0.409851,0.684923,-0.549178,
1130,1809255694,-6.751744,-6.417320,-8.164751,-18.287933,11.664762,48.844402,0.251241,0.414895,0.684068,-0.544787,
1131,1809272361,-5.606300,-8.509065,-5.297380,-1.022568,17.925684,37.349358,0.252288,0.419903,0.682737,-0.542130,
1132,1809289028,-4.413033,-7.904003,-4.795000,31.493732,13.828842,30.751598,0.251224,0.425109,0.679069,-0.543173,
1133,1809305695,-5.486358,-5.400584,-0.338710,164.095261,34.621407,24.085323,0.239299,0.436006,0.665880,-0.556094,
1134,1809322362,-19.776926,-12.216546,1.620749,22.889238,70.555595,22.496691,0.232633,0.444582,0.665219,-0.552915,
1135,1809339029,-16.327368,-15.073870,-2.306822,167.032944,39.725777,-6.628412,0.217201,0.452570,0.653556,-0.566455,
1136,1809355696,-10.902873,-0.002913,2.489834,173.246552,22.612646,-59.451653,0.198489,0.454018,0.643879,-0.583002,
1137,1809372363,-7.861153,13.724834,4.640094,-18.068005,-35.640930,-15.406382,0.201526,0.448958,0.645587,-0.583990,
1138,1809389030,-10.418193,13.460466,-3.142679,-60.203712,-21.872524,62.109684,0.212591,0.451066,0.646147,-0.577789,
1139,1809405697,-17.740028,9.304057,-1.272372,-70.751694,-32.688686,79.204605,0.226760,0.453453,0.646001,-0.570654,
1140,1809422364,-22.190300,-1.859120,-3.061601,-103.051842,-41.163414,97.077362,0.245264,0.455591,0.646844,-0.560248,
1141,1809439031,-15.011055,-12.284346,-3.755425,-88.712677,-57.801029,117.333946,0.265916,0.458568,0.644265,-0.551297,
1142,1809455698,-7.484058,-10.701029,-3.831029,5.327135,-30.934778,114.219330,0.277422,0.466859,0.635132,-0.549263,
1143,1809472365,-8.035741,-3.014604,-2.227286,52.472733,-16.759336,102.938759,0.283435,0.477009,0.623391,-0.550921,
1144,1809489032,-8.588284,1.126540,-2.015369,45.991779,-21.614988,111.834930,0.290967,0.487168,0.611168,-0.551798,
1145,1809505699,-9.318431,1.748032,-2.264169,24.678778,-23.954592,129.073639,0.301503,0.497606,0.599128,-0.550030,
1146,1809522366,-10.235973,0.156478,-1.589323,-0.413084,-27.584370,137.078705,0.314697,0.507159,0.588125,-0.545772,
1147,1809539033,-10.842393,-2.864404,-1.333222,-24.901070,-37.646763,128.809952,0.329778,0.513885,0.578982,-0.540325,
1148,1809555700,-10.875897,-4.882660,-1.238636,-30.716833,-47.914925,114.231918,0.344894,0.518112,0.570683,-0.535659,
1149,1809572367,-9.330421,-4.711944,-1.647973,-30.659285,-51.383110,98.996475,0.359001,0.520648,0.563179,-0.531860,
1150,1809589034,-8.163872,-3.977177,-2.145530,-38.026005,-48.261490,84.680519,0.372211,0.521738,0.557351,-0.527836,
1151,1809605701,-7.690536,-3.546731,-2.156947,-38.798275,-42.723770,73.091255,0.384066,0.522165,0.552649,-0.523850,
1152,1809622368,-7.559916,-3.429357,-2.121200,-35.719864,-39.932205,64.469177,0.394744,0.522199,0.548434,-0.520297,
1153,1809639035,-7.902761,-3.054683,-1.937780,-31.060818,-35.737190,59.387627,0.404295,0.522344,0.544422,-0.517020,
1154,1809655702,-8.538809,-2.888194,-2.006618,-29.863958,-31.062822,58.302948,0.413258,0.522765,0.540617,-0.513488,
1155,1809672369,-8.171487,-3.697557,-2.050759,-37.365105,-27.897907,62.469349,0.422805,0.523239,0.537182,-0.508817,
1156,1809689036,-7.760272,-5.426575,-2.629841,-49.847961,-28.507586,68.929855,0.433765,0.523329,0.534065,-0.502745,
1157,1809705703,-6.446924,-6.733747,-3.405788,-52.067921,-31.422907,75.254227,0.445503,0.523462,0.530349,-0.496234,
1158,1809722370,-5.101870,-7.556286,-4.644300,-27.849440,-19.411488,70.403572,0.454047,0.525572,0.525950,-0.490912,
1159,1809739037,-7.006446,-6.823945,-4.741797,3.701376,-5.502487,55.703224,0.458021,0.529585,0.521292,-0.487866,
1160,1809755704,-8.376013,-6.597888,-3.964942,5.763313,-11.473685,42.431858,0.461322,0.532278,0.517088,-0.486296,
1161,1809772371,-7.278882,-7.087770,-2.985192,3.206287,-12.464070,18.704967,0.463204,0.532932,0.514825,-0.486192,
1162,1809789038,-5.706288,-6.780523,-2.392719,10.822419,-11.640458,-17.756847,0.461849,0.531421,0.514901,-0.489047,
1163,1809805705,-4.498443,-6.211759,-3.864407,-10.410023,-22.304691,-56.370083,0.460163,0.524807,0.518732,-0.493708,
1164,1809822372,-5.887052,-5.592477,-3.776450,-52.094433,-26.192299,-91.268089,0.459366,0.512403,0.527874,-0.497773,
1165,1809839039,-11.975471,-8.035042,-4.185355,-33.629177,-23.600006,-145.049057,0.452928,0.497101,0.539664,-0.506470,
1166,1809855706,-12.991705,-9.019292,-3.191586,13.742761,-44.704838,-179.558731,0.441900,0.480351,0.548741,-0.522373,
1167,1809872373,-9.715142,-5.254718,0.928368,-32.076073,-9.818286,-158.982407,0.432561,0.464634,0.561745,-0.530520,
1168,1809889040,-11.266558,-0.694036,0.150652,-30.039387,28.406584,-151.449158,0.420303,0.452352,0.576179,-0.535484,
1169,1809905707,-13.441393,1.156379,-2.046603,-44.780025,37.824665,-158.479477,0.407436,0.439054,0.592467,-0.538714,
1170,1809922374,-15.039433,-2.213964,-3.052095,-46.762882,45.881763,-163.754288,0.393327,0.425532,0.609341,-0.541223,
1171,1809939041,-17.840811,-7.064948,-2.924346,-17.793077,61.404617,-143.626526,0.377396,0.416417,0.623209,-0.543858,
1172,1809955708,-15.742635,-8.406754,-2.631460,5.679362,56.990795,-106.098412,0.363250,0.411464,0.632441,-0.546596,
1173,1809972375,-11.756851,-6.597458,-0.994585,8.130688,69.315605,-86.322029,0.349289,0.409319,0.640760,-0.547617,
1174,1809989042,-10.120263,-4.858585,0.559342,38.124264,75.716827,-93.820038,0.332241,0.408382,0.647263,-0.551265,
1175,1810005709,-9.824697,-3.295106,1.005052,115.771858,82.339417,-113.701607,0.308190,0.409640,0.648700,-0.562499,
1176,1810022376,-9.940132,-1.551360,1.176643,175.346420,81.863197,-117.875191,0.280018,0.412767,0.644906,-0.579062,
1177,1810039043,-9.413010,-0.063005,0.352983,172.556366,75.605095,-105.044846,0.253392,0.416026,0.639649,-0.594614,
1178,1810055710,-8.508476,0.445058,-1.579966,114.600151,70.165649,-88.740067,0.231992,0.417876,0.637722,-0.604046,
1179,1810072377,-8.294041,0.586019,-1.901759,66.424217,64.466026,-74.104980,0.215237,0.418779,0.638672,-0.608603,
1180,1810089044,-8.128664,1.383008,-1.578235,24.054449,52.270176,-61.026150,0.203304,0.418396,0.642048,-0.609418,
1181,1810105711,-8.786170,2.261512,-0.838514,-14.594465,40.641987,-43.839237,0.196310,0.417395,0.647381,-0.606749,
1182,1810122378,-8.964636,3.088476,-0.353286,-52.119850,18.597143,-26.070728,0.195224,0.415017,0.654262,-0.601325,
1183,1810139045,-8.564624,3.220677,-0.689249,-102.124535,-7.780980,-9.585692,0.201080,0.410417,0.663670,-0.592173,
1184,1810155712,-7.108614,3.301869,-1.320565,-134.896545,-19.452391,5.359956,0.211245,0.405169,0.674459,-0.579932,
1185,1810172379,-6.585571,-0.444479,-0.203004,-134.811523,-6.950794,37.687195,0.222822,0.403986,0.683443,-0.565733,
1186,1810189046,-4.013940,-9.667107,3.524513,-55.666321,-16.220415,49.079514,0.231550,0.405628,0.684762,-0.559423,
1187,1810205713,-2.120615,-12.979899,-3.957375,-101.731308,-14.188140,33.688526,0.241496,0.404276,0.690678,-0.548824,
1188,1810222380,-4.156936,-9.183844,-10.192841,-96.036194,-5.286053,34.014828,0.250179,0.403770,0.696272,-0.538134,
1189,1810239047,-6.565723,-7.396976,-8.163557,-24.832001,16.055468,40.051746,0.252956,0.408082,0.696622,-0.533106,
1190,1810255714,-7.268498,-8.515773,-5.415529,22.047327,22.241243,36.373306,0.252025,0.414206,0.693750,-0.532569,
1191,1810272381,-6.359225,-8.982703,-6.219542,40.142216,28.122721,32.436333,0.249088,0.421027,0.689889,-0.533617,
1192,1810289048,-6.077379,-5.800451,-3.732171,96.909218,40.752247,26.979521,0.240945,0.430269,0.682305,-0.539700,
1193,1810305715,-5.945254,-1.978024,0.062735,166.911438,38.777367,21.497355,0.228081,0.441077,0.669205,-0.552809,
1194,1810322382,-10.454706,0.454709,3.985195,168.937088,49.668995,36.140236,0.215057,0.453965,0.654926,-0.564571,
1195,1810339049,-21.900131,-14.265745,-8.056176,-86.118683,4.295251,56.557732,0.224776,0.456890,0.658525,-0.554143,
1196,1810355716,-13.663465,-8.177435,4.032104,168.538651,37.276188,16.996603,0.211131,0.466814,0.645026,-0.566968,
1197,1810372383,-8.511490,-0.334796,-1.385504,108.265427,4.683444,-8.119845,0.202471,0.469638,0.636915,-0.576877,
1198,1810389050,-9.846877,11.232464,1.248286,-27.050268,-22.675592,23.018747,0.208175,0.469001,0.637135,-0.575121,
1199,1810405717,-12.862741,9.973085,-2.897633,-63.670422,-32.812515,69.329788,0.221169,0.470643,0.636872,-0.569189,
1200,1810422384,-15.469830,4.128588,-2.204986,-85.840263,-44.460938,85.768486,0.238063,0.472002,0.636766,-0.561313,
1201,1810439051,-15.621473,-5.138464,-3.327631,-100.587357,-51.540394,108.144821,0.258352,0.474142,0.635807,-0.551539,
1202,1810455718,-9.598527,-11.803718,-3.415992,-54.882092,-49.958096,119.449326,0.276133,0.478953,0.630168,-0.545203,
1203,1810472385,-6.938589,-8.406234,-2.549815,26.247295,-24.955023,116.259537,0.285617,0.488541,0.619096,-0.544494,
1204,1810489052,-8.357275,-0.953392,-0.969487,33.775482,-21.497763,100.869637,0.292957,0.497195,0.608498,-0.544708,
1205,1810505719,-9.992592,1.537258,-0.841244,11.569222,-27.468906,106.580101,0.302812,0.504813,0.598840,-0.543012,
1206,1810522386,-10.529490,0.936307,-0.398000,-17.591015,-40.944592,116.892242,0.316711,0.510836,0.589963,-0.539154,
1207,1810539053,-10.215811,-1.606820,-1.225604,-39.684738,-51.733170,111.398369,0.332641,0.514354,0.582531,-0.534276,
1208,1810555720,-9.736932,-3.897858,-1.987592,-50.206017,-55.457760,93.717430,0.348194,0.515410,0.576871,-0.529467,
1209,1810572387,-9.384701,-4.255872,-2.118503,-37.546764,-50.721802,79.508392,0.361217,0.516148,0.571394,-0.525951,
1210,1810589054,-8.701943,-4.090559,-2.250087,-34.858711,-45.320927,72.404785,0.372976,0.516749,0.566419,-0.522524,
1211,1810605721,-7.613836,-3.966820,-2.391713,-24.769436,-38.967804,66.738792,0.382965,0.517834,0.561359,-0.519678,
1212,1810622388,-7.281649,-3.533350,-2.608031,-15.622718,-30.418528,60.313705,0.391035,0.519489,0.556504,-0.517232,
1213,1810639055,-7.943818,-2.637427,-2.103694,-10.504027,-26.647333,55.249752,0.397997,0.521264,0.551812,-0.515158,
1214,1810655722,-8.548124,-2.089231,-1.734255,-7.353364,-23.185175,57.010494,0.404544,0.523581,0.546909,-0.512933,
1215,1810672389,-8.555060,-1.855937,-1.591164,-9.615276,-23.046822,61.263165,0.411535,0.526070,0.541814,-0.510225,
1216,1810689056,-8.752478,-1.626604,-1.414086,-23.459700,-22.689383,65.409981,0.419824,0.528031,0.537398,-0.506100,
1217,1810705723,-8.536674,-2.141605,-1.275587,-35.764366,-26.071011,66.610130,0.429360,0.529023,0.533523,-0.501139,
1218,1810722390,-8.246254,-2.985588,-1.624587,-51.198071,-29.919655,66.277542,0.440293,0.528666,0.530481,-0.495224,
1219,1810739057,-7.085470,-4.325889,-2.153836,-57.630932,-32.745052,63.963245,0.451698,0.527425,0.527809,-0.489094,
1220,1810755724,-6.082686,-5.612504,-2.803137,-58.642624,-31.056932,55.268974,0.462355,0.525481,0.525900,-0.483248,
1221,1810772391,-6.871336,-6.181078,-3.502037,-47.701473,-24.827608,44.586048,0.470889,0.523827,0.524392,-0.478419,
1222,1810789058,-8.414016,-6.013419,-3.615338,-45.357018,-26.280474,36.084606,0.478717,0.521535,0.523222,-0.474419,
1223,1810805725,-8.737236,-6.603625,-3.872698,-40.528233,-31.874680,25.027283,0.485804,0.518311,0.522129,-0.471946,
1224,1810822392,-7.255580,-6.158097,-3.163698,-23.553478,-21.940844,9.294122,0.489752,0.515750,0.521737,-0.471103,
1225,1810839059,-6.903114,-4.952856,-2.667539,-20.896240,-11.705656,-18.618839,0.490799,0.511949,0.523976,-0.471674,
1226,1810855726,-9.261501,-3.463794,-3.046947,-18.153767,-13.609072,-53.429188,0.489373,0.505536,0.528459,-0.475059,
1227,1810872393,-13.968057,-6.554506,-5.046576,1.876313,-9.473753,-95.490707,0.483183,0.497532,0.534873,-0.482607,
1228,1810889060,-10.767903,-7.692153,-1.787630,32.210720,-22.894342,-107.575478,0.474874,0.489657,0.538962,-0.494220,
1229,1810905727,-8.905724,-5.299409,2.673534,-37.201138,-7.883399,-109.623833,0.470046,0.477765,0.549069,-0.499323,
1230,1810922394,-11.588534,-1.268912,0.039021,-58.156349,2.097068,-129.944855,0.464229,0.463366,0.562591,-0.503267,
1231,1810939061,-13.045244,-0.453128,-2.801917,-38.051422,-6.058236,-150.147842,0.456023,0.447853,0.575183,-0.510528,
1232,1810955728,-12.084497,-1.590470,-2.057297,9.274335,3.520719,-151.277405,0.443618,0.435869,0.584678,-0.520939,
1233,1810972395,-11.579076,-4.123369,-1.271207,40.434872,22.790922,-131.843765,0.428867,0.428807,0.591555,-0.531284,
1234,1810989062,-10.850936,-5.815151,-1.513255,37.217682,34.566261,-107.212524,0.415051,0.424418,0.597664,-0.538890,
1235,1811005729,-11.058249,-6.689322,-2.378950,1.440882,38.759140,-100.585922,0.403481,0.418655,0.606255,-0.542576,
1236,1811022396,-11.475645,-5.968685,-2.494436,-2.897534,45.978333,-105.349815,0.391052,0.412673,0.615737,-0.545573,
1237,1811039063,-10.800889,-3.420674,-1.518556,12.589362,56.051559,-105.706017,0.376645,0.408214,0.624400,-0.549206,
1238,1811055730,-10.452769,-1.370864,-0.511388,35.510281,67.569290,-103.708344,0.359862,0.405975,0.631532,-0.553943,
1239,1811072397,-10.356784,-0.852633,0.341305,75.436783,76.688698,-105.459885,0.339593,0.406227,0.635760,-0.561665,
1240,1811089064,-9.840338,-0.915524,1.144683,104.073906,74.049309,-105.762245,0.317670,0.407432,0.637193,-0.571903,
1241,1811105731,-8.358449,-1.791944,-0.076321,74.629036,65.942642,-103.929123,0.298232,0.406561,0.640261,-0.579512,
1242,1811122398,-7.659025,-3.019488,-2.316505,42.554852,72.165672,-94.450806,0.280793,0.405546,0.645488,-0.583126,
1243,1811139065,-8.121236,-2.442662,-2.467963,34.216190,77.452873,-79.471207,0.264530,0.405916,0.650548,-0.584847,
1244,1811155732,-9.132918,-0.647841,-1.845324,18.202744,66.399948,-66.286560,0.251316,0.405877,0.655606,-0.585053,
1245,1811172399,-8.814489,1.004639,-1.303365,-4.106206,45.139866,-51.442322,0.242671,0.404569,0.660809,-0.583755,
1246,1811189066,-8.198777,2.151887,-1.198486,-24.804207,30.773981,-38.617630,0.237694,0.402508,0.666449,-0.580808,
1247,1811205733,-7.589142,2.911896,-1.230112,-52.444515,17.953705,-20.978914,0.237053,0.400090,0.672898,-0.575279,
1248,1811222400,-6.916075,1.652230,-1.122569,-79.150887,22.571672,4.441944,0.239616,0.399581,0.680185,-0.565925,
1249,1811239067,-6.252390,-4.651349,2.367793,-22.988718,22.607641,26.251966,0.240687,0.403155,0.681519,-0.561311,
1250,1811255734,-3.503864,-12.169921,0.390725,-29.028008,22.609285,26.388224,0.242113,0.406514,0.683311,-0.556073,
1251,1811272401,-3.869849,-12.390811,-4.785648,-36.658302,21.891180,26.043150,0.244020,0.409490,0.685681,-0.550106,
1252,1811289068,-5.249006,-6.888125,-8.842944,-17.939758,30.501951,33.251549,0.244515,0.414517,0.686395,-0.545209,
1253,1811305735,-6.435266,-4.383457,-6.503092,36.495960,40.458679,47.902584,0.241874,0.423698,0.682211,-0.544580,
1254,1811322402,-5.734688,-5.483050,-4.368902,60.775742,39.681854,42.136246,0.237327,0.433046,0.676345,-0.546541,
1255,1811339069,-5.361403,-5.062731,-4.568008,61.811920,37.904995,31.341345,0.231997,0.441167,0.670922,-0.549013,
1256,1811355736,-8.384078,-4.671324,-1.313579,98.621147,23.214685,25.032667,0.225194,0.448663,0.662351,-0.556133,
1257,1811372403,-14.485432,-13.856905,-2.965885,50.976810,48.724590,17.471586,0.218393,0.455857,0.658849,-0.557153,
1258,1811389070,-15.491114,-10.177899,1.010840,162.035721,55.692822,-16.052771,0.200765,0.463762,0.648550,-0.569213,
1259,1811405737,-13.078342,4.136361,3.878787,179.216919,33.923946,-17.527899,0.183775,0.469917,0.635860,-0.584028,
1260,1811422404,-9.736907,10.385359,1.645639,-63.526859,-43.604305,31.487518,0.194635,0.467334,0.638092,-0.580136,
1261,1811439071,-9.800003,7.967968,-1.558699,-39.103020,-21.490564,86.522423,0.206397,0.472337,0.635038,-0.575350,
1262,1811455738,-14.505952,2.529164,-1.346455,-69.244522,-32.395119,92.263786,0.221670,0.475938,0.633626,-0.568213,
1263,1811472405,-18.200171,-3.155996,-2.471476,-72.163338,-40.404461,97.482712,0.238247,0.479113,0.631632,-0.561010,
1264,1811489072,-13.560587,-8.122953,-3.834527,-55.814384,-43.124893,108.966759,0.254792,0.483523,0.627190,-0.554908,
1265,1811505739,-8.949933,-7.355838,-3.768823,10.143633,-27.666988,106.272980,0.264994,0.491233,0.617999,-0.553668,
1266,1811522406,-8.094840,-2.708337,-3.055871,30.468040,-21.248560,102.868050,0.272827,0.499816,0.607510,-0.553790,
1267,1811539073,-8.152804,0.866824,-2.800496,21.850599,-20.258900,105.379875,0.281334,0.508237,0.597422,-0.552844,
1268,1811555740,-9.617463,1.579577,-2.657995,-11.135164,-22.797388,116.120132,0.293289,0.515900,0.588929,-0.548629,
1269,1811572407,-11.045224,0.025274,-1.772287,-32.934452,-30.324369,117.979553,0.307584,0.522033,0.581531,-0.542861,
1270,1811589074,-11.956443,-2.476823,-1.608650,-57.023918,-41.037121,111.609329,0.324004,0.525524,0.575837,-0.535967,
1271,1811605741,-11.088565,-5.253331,-1.810036,-60.292778,-52.180264,102.781128,0.340805,0.527065,0.570342,-0.529875,
1272,1811622408,-9.370927,-5.758440,-1.783104,-40.421295,-50.085381,91.948639,0.354969,0.528692,0.564076,-0.525646,
1273,1811639075,-8.140124,-4.879422,-1.861958,-23.219656,-44.043938,81.491463,0.366436,0.530691,0.557484,-0.522786,
1274,1811655742,-7.647205,-3.635995,-2.338560,-10.894501,-35.179043,70.560936,0.375342,0.533052,0.551184,-0.520743,
1275,1811672409,-7.909701,-2.427627,-2.400540,-6.845908,-27.023712,64.571022,0.382783,0.535710,0.545424,-0.518659,
1276,1811689076,-8.530289,-1.724049,-2.168608,-1.436588,-25.265425,62.804081,0.389493,0.538609,0.539440,-0.516916,
1277,1811705743,-9.190405,-1.864058,-1.553695,-13.010778,-28.038717,61.837475,0.397218,0.540518,0.534194,-0.514488,
1278,1811722410,-8.682159,-2.627584,-1.524699,-35.403458,-38.226265,66.571609,0.407800,0.540673,0.529598,-0.510785,
1279,1811739077,-7.942107,-2.873257,-1.918924,-61.815514,-36.955601,70.814621,0.420602,0.539585,0.526611,-0.504604,
1280,1811755744,-7.681262,-3.473690,-2.111783,-84.519012,-36.041897,71.258850,0.435044,0.537075,0.525182,-0.496462,
1281,1811772411,-6.874056,-4.551610,-2.884669,-85.129868,-36.225479,70.178497,0.449345,0.534279,0.523721,-0.488215,
1282,1811789078,-3.992784,-6.542186,-3.388015,-82.015198,-40.535885,68.100487,0.463460,0.531073,0.521775,-0.480542,
1283,1811805745,-2.865248,-9.069403,-4.283304,-48.171711,-30.445091,46.887344,0.472620,0.529141,0.519683,-0.475996,
1284,1811822412,-4.971520,-9.640312,-4.195768,16.016302,-14.054626,19.632519,0.473682,0.530661,0.516341,-0.476884,
1285,1811839079,-6.858932,-9.024726,-3.785488,38.104450,-7.695785,-0.396871,0.471159,0.532627,0.513441,-0.480311,
1286,1811855746,-7.272607,-6.517151,-4.314158,45.453785,-6.499521,-16.879641,0.466804,0.533927,0.511368,-0.485306,
1287,1811872413,-9.115357,-4.495987,-4.028057,37.014450,7.110355,-44.573555,0.460106,0.533521,0.512936,-0.490467,
1288,1811889080,-13.790848,-7.579473,-4.965301,61.555729,5.876065,-100.327995,0.447531,0.530411,0.516902,-0.501194,
1289,1811905747,-11.764859,-7.285279,-2.501008,71.432686,-25.684368,-125.086884,0.434592,0.523581,0.519810,-0.516521,
1290,1811922414,-10.952767,-2.848836,0.558249,-12.218652,-2.931997,-124.831779,0.426145,0.512982,0.530214,-0.523570,
1291,1811939081,-15.094256,1.870949,0.032993,-48.653103,2.528964,-142.791489,0.418450,0.498941,0.544850,-0.528297,
1292,1811955748,-14.682806,2.927882,-1.684128,-59.048653,-7.845314,-153.115967,0.411315,0.482386,0.560108,-0.533297,
1293,1811972415,-13.276526,-0.535918,-1.210365,-62.644379,5.798583,-151.913284,0.403175,0.466491,0.576050,-0.536662,
1294,1811989082,-14.031900,-5.175049,-0.363558,-63.537453,13.338432,-133.582993,0.395681,0.452420,0.590954,-0.538079,
1295,1812005749,-12.933600,-8.250311,-1.005272,-59.083725,13.380941,-112.711433,0.389358,0.440213,0.603892,-0.538451,
1296,1812022416,-10.964514,-8.057683,-1.854121,-23.449099,34.022556,-101.428123,0.379702,0.432495,0.614300,-0.539827,
1297,1812039083,-10.157834,-5.552679,-1.095834,21.693249,46.568089,-99.636971,0.366124,0.428298,0.621579,-0.544204,
1298,1812055750,-10.049959,-2.487172,-0.195707,68.680763,59.190529,-102.959206,0.348090,0.427155,0.625806,-0.552034,
1299,1812072417,-10.021019,-0.730805,0.266902,119.454544,68.072342,-106.011520,0.325667,0.428794,0.626267,-0.563798,
1300,1812089084,-9.192127,0.230307,0.354881,143.010696,67.400421,-106.458916,0.301571,0.431150,0.624348,-0.577371,
1301,1812105751,-8.213041,-0.117697,-0.347128,108.072731,62.864017,-104.094742,0.280075,0.431518,0.624596,-0.587566,
1302,1812122418,-8.060449,-1.155939,-2.037408,54.882877,61.525486,-93.338745,0.262832,0.430388,0.628377,-0.592310,
1303,1812139085,-8.330242,-1.046323,-1.976252,27.929338,54.456139,-83.316261,0.248712,0.428414,0.633403,-0.594481,
1304,1812155752,-8.766764,-0.066568,-2.027067,-5.135003,45.106087,-71.566826,0.238481,0.425434,0.640093,-0.593647,
1305,1812172419,-8.792065,1.260822,-1.259472,-26.679638,27.088726,-54.497395,0.232705,0.421686,0.646880,-0.591252,
1306,1812189086,-7.845565,2.290848,-1.179194,-63.909786,13.379426,-40.695381,0.231664,0.416751,0.655482,-0.585659,
1307,1812205753,-7.184619,2.773392,-1.654892,-93.878082,2.986085,-23.968172,0.234819,0.411447,0.665163,-0.577177,
1308,1812222420,-6.532776,1.253306,-1.006256,-112.725227,12.142859,-0.492209,0.240131,0.408441,0.675173,-0.565382,
1309,1812239087,-5.329146,-7.298899,2.248137,-59.205284,7.848561,16.619518,0.244052,0.408558,0.679495,-0.558398,
1310,1812255754,-3.067018,-11.888841,-1.028046,-72.689835,4.679395,10.082370,0.248532,0.407253,0.685119,-0.550447,
1311,1812272421,-4.304831,-10.636888,-7.164977,-80.872162,6.974331,12.981473,0.253465,0.406069,0.691220,-0.541370,
1312,1812289088,-5.328302,-6.436138,-8.149510,-40.732624,18.893888,24.157232,0.255681,0.408385,0.693872,-0.535158,
1313,1812305755,-5.546752,-6.067760,-5.610687,19.577734,34.413609,30.505541,0.253227,0.414771,0.691993,-0.533844,
1314,1812322422,-4.893491,-7.061550,-5.265578,42.607155,33.739437,25.010725,0.249008,0.421374,0.688590,-0.535057,
1315,1812339089,-4.559116,-5.610067,-6.699565,92.242783,45.643551,12.949599,0.239578,0.429429,0.682392,-0.540867,
1316,1812355756,-5.731122,-1.416974,-1.793705,246.003830,78.995567,10.297061,0.216833,0.444848,0.664873,-0.559501,
1317,1812372423,-12.636045,-2.567166,10.257307,111.071907,46.434933,34.645153,0.207756,0.455332,0.655151,-0.565942,
1318,1812389090,-17.195200,-18.360668,-13.070992,-74.454063,23.651714,30.202810,0.212724,0.457803,0.660145,-0.556217,
1319,1812405757,-16.652462,1.779057,7.954731,241.925446,51.458645,-4.683473,0.190982,0.468630,0.642257,-0.575691,
1320,1812422424,-13.261209,7.119528,0.125045,-11.207520,-25.729475,-5.163752,0.193540,0.465614,0.643027,-0.576424,
1321,1812439091,-14.395561,12.511587,-0.349362,-27.059614,-26.998400,57.235092,0.202515,0.467857,0.640826,-0.573971,
1322,1812455758,-15.114833,6.185770,-1.305774,-79.978714,-45.937904,98.939491,0.220294,0.470738,0.639491,-0.566506,
1323,1812472425,-16.131227,-1.606607,-3.056637,-95.574066,-56.527706,108.006378,0.240780,0.472884,0.638197,-0.557775,
1324,1812489092,-13.955800,-9.531697,-4.035388,-78.921455,-56.099983,113.538513,0.260416,0.475933,0.634877,-0.550095,
1325,1812505759,-8.528477,-9.485068,-4.643520,-11.544080,-37.748119,115.170090,0.273724,0.482970,0.626504,-0.547093,
1326,1812522426,-8.035258,-3.422774,-3.219349,31.620266,-20.606335,109.336433,0.281892,0.492416,0.615608,-0.546894,
1327,1812539093,-8.281494,0.496252,-2.556571,7.909935,-25.036873,106.942535,0.291892,0.500195,0.606426,-0.544844,
1328,1812555760,-9.405530,1.027728,-2.225178,-27.354164,-31.655359,114.322792,0.305545,0.506464,0.599053,-0.539699,
1329,1812572427,-10.354018,-1.023657,-1.916285,-51.285965,-41.361176,120.898827,0.322216,0.511305,0.592431,-0.532702,
1330,1812589094,-10.648831,-3.771494,-1.527053,-56.056660,-52.657845,115.227875,0.339649,0.514356,0.585837,-0.526189,
1331,1812605761,-9.976587,-5.565972,-1.791986,-48.009861,-56.261166,101.242981,0.355595,0.516149,0.579283,-0.521131,
1332,1812622428,-8.790359,-5.030180,-1.901845,-27.682152,-50.512581,90.706909,0.368630,0.518396,0.572112,-0.517752,
1333,1812639095,-7.822747,-3.626264,-1.920545,-23.114128,-44.591881,84.130737,0.380253,0.520673,0.565287,-0.514548,
1334,1812655762,-7.856926,-2.842153,-2.091485,-24.560066,-39.346630,78.194923,0.391039,0.522680,0.559207,-0.511063,
1335,1812672429,-8.249493,-2.791290,-2.214123,-21.318398,-39.143604,74.328972,0.401211,0.524486,0.553101,-0.507963,
1336,1812689096,-8.018758,-3.216223,-2.318195,-16.861553,-38.371273,72.873451,0.410813,0.526415,0.546740,-0.505172,
1337,1812705763,-7.730400,-3.335593,-2.201396,-15.142076,-36.011147,72.185951,0.419986,0.528490,0.540370,-0.502307,
1338,1812722430,-7.633556,-3.292778,-2.134363,-17.500351,-29.988342,70.855698,0.428715,0.530687,0.534572,-0.498809,
1339,1812739097,-7.841401,-2.944266,-2.361519,-18.987320,-23.727842,70.551880,0.436995,0.533156,0.529230,-0.494670,
1340,1812755764,-8.008412,-2.962068,-2.386899,-41.945484,-28.539282,73.075706,0.447545,0.533938,0.524964,-0.488907,
1341,1812772431,-6.852535,-4.614407,-3.187626,-63.054920,-36.156841,73.338287,0.460247,0.532721,0.521582,-0.482012,
1342,1812789098,-5.204675,-6.906372,-3.980359,-56.511448,-34.796955,64.148201,0.471602,0.531234,0.518442,-0.476028,
1343,1812805765,-5.805565,-7.803496,-4.279956,-31.486862,-22.555191,49.501682,0.479023,0.531137,0.515476,-0.471930,
1344,1812822432,-7.211478,-7.474491,-4.581517,-11.181285,-14.836045,34.831421,0.483260,0.531855,0.512761,-0.469754,
1345,1812839099,-6.575409,-7.355032,-4.760711,0.077933,-12.033505,16.872398,0.485179,0.532206,0.510855,-0.469455,
1346,1812855766,-5.888349,-7.250260,-4.559985,15.362035,-3.045123,-10.697901,0.483358,0.532196,0.510671,-0.471540,
1347,1812872433,-5.935209,-6.956653,-5.089545,10.093954,0.265177,-43.907536,0.479406,0.529562,0.513641,-0.475300,
1348,1812889100,-9.576653,-7.610475,-4.776733,10.331855,12.904243,-83.497368,0.471703,0.524806,0.520474,-0.480816,
1349,1812905767,-13.156597,-9.320240,-4.147767,57.981503,5.638823,-126.665764,0.457756,0.519392,0.526623,-0.493318,
1350,1812922434,-11.504285,-6.889657,-1.043758,42.859665,-15.231105,-148.615982,0.444758,0.509548,0.533881,-0.507469,
1351,1812939101,-12.619351,-1.926185,1.942883,-14.453415,10.025558,-159.299545,0.433018,0.496757,0.547509,-0.515718,
1352,1812955768,-14.986748,2.616527,-0.418417,-10.099113,31.132248,-176.071701,0.417755,0.484177,0.563008,-0.523524,
1353,1812972435,-16.352850,3.731648,-1.328404,-41.438972,24.215824,-180.248398,0.404648,0.468477,0.580360,-0.529126,
1354,1812989102,-15.102733,-1.779492,-2.273136,-64.257904,15.732226,-165.889587,0.394626,0.451657,0.597573,-0.532152,
1355,1813005769,-14.836077,-8.736559,-2.500905,-52.114376,26.299990,-137.985947,0.384816,0.438511,0.612268,-0.533625,
1356,1813022436,-12.604979,-9.594766,-2.447508,-28.548615,39.678123,-118.196465,0.373685,0.429298,0.624364,-0.535010,
1357,1813039103,-11.137122,-6.866432,-0.865964,-22.427456,55.512535,-110.976341,0.361161,0.422154,0.636173,-0.535382,
1358,1813055770,-10.182528,-4.706951,-0.192937,19.923264,63.585880,-112.669212,0.345029,0.417555,0.644985,-0.539074,
1359,1813072437,-10.045856,-2.918150,0.133753,111.479797,77.574486,-122.197792,0.321091,0.417525,0.647547,-0.550690,
1360,1813089104,-9.717571,-0.660992,0.329995,178.030685,81.295387,-124.125359,0.292312,0.420332,0.644468,-0.567925,
1361,1813105771,-8.873996,0.140221,-0.437663,165.903946,79.463600,-118.097031,0.264630,0.422583,0.641247,-0.583267,
1362,1813122438,-8.387768,-0.080629,-2.030431,113.175720,73.581795,-108.676109,0.241316,0.422834,0.641160,-0.593208,
1363,1813139105,-7.918045,-0.348551,-2.383808,84.292542,66.579285,-94.806602,0.221498,0.422532,0.642118,-0.600077,
1364,1813155772,-7.357822,0.316530,-2.558553,47.071114,57.395782,-80.516922,0.205994,0.421418,0.644926,-0.603364,
1365,1813172439,-8.189681,1.922420,-2.293630,3.927576,53.865692,-61.563084,0.195089,0.420393,0.650119,-0.602127,
1366,1813189106,-8.893796,3.533361,-0.966897,-31.072979,29.822403,-40.401276,0.190430,0.418225,0.656328,-0.598382,
1367,1813205773,-7.315532,3.857983,-1.411275,-78.694405,6.558541,-25.855564,0.192136,0.414055,0.665076,-0.591033,
1368,1813222440,-6.015366,3.754086,-2.389388,-126.704872,5.489261,-7.225523,0.198392,0.410152,0.676632,-0.578436,
1369,1813239107,-5.983288,-0.627349,-0.251981,-111.138145,9.664984,27.046402,0.206132,0.410294,0.684742,-0.565950,
1370,1813255774,-3.432915,-10.823215,2.987043,-42.258865,-0.477849,40.390251,0.211835,0.412924,0.685961,-0.560429,
1371,1813272441,-2.450613,-15.646642,-2.316098,-58.367142,0.204527,32.977188,0.217814,0.414337,0.688901,-0.553444,
1372,1813289108,-4.309375,-10.852163,-9.354019,-65.791740,3.390476,33.166092,0.223911,0.415745,0.692457,-0.545460,
1373,1813305775,-7.098693,-7.597220,-7.855416,-9.923768,20.323545,49.208271,0.226173,0.421894,0.691103,-0.541508,
1374,1813322442,-6.687051,-7.285889,-4.644159,36.339245,20.618206,46.123653,0.225308,0.429250,0.686257,-0.542250,
1375,1813339109,-5.029703,-5.004570,-6.247340,56.982262,23.500780,25.102816,0.221188,0.435374,0.681132,-0.545516,
1376,1813355776,-4.365074,-0.762074,-5.622066,154.385956,51.833183,14.614481,0.207190,0.445698,0.669633,-0.556795,
1377,1813372443,-11.547426,-1.369857,11.751532,154.210159,52.456585,31.895887,0.194424,0.457496,0.656667,-0.567176,
1378,1813389110,-19.593485,-18.644098,-10.334614,-152.554352,-15.550637,39.185051,0.209059,0.455451,0.666228,-0.552269,
1379,1813405777,-15.586024,-8.721304,-2.703026,203.566147,52.254589,5.079405,0.190644,0.466042,0.651021,-0.568008,
1380,1813422444,-11.166272,6.047500,7.392303,72.284424,2.960757,-14.207463,0.184101,0.466853,0.646259,-0.574899,
1381,1813439111,-10.139026,10.116064,-2.640290,-6.212507,-14.620292,41.342228,0.189175,0.469278,0.643764,-0.574075,
1382,1813455778,-14.021852,7.827363,-0.155603,-39.494411,-30.355703,88.567436,0.201918,0.473839,0.640310,-0.569836,
1383,1813472445,-16.876732,2.255664,-1.659135,-59.692760,-45.554516,93.414398,0.217823,0.476878,0.637583,-0.564474,
1384,1813489112,-16.323891,-5.040019,-4.029496,-86.262550,-56.217087,110.114929,0.237850,0.479567,0.635294,-0.556639,
1385,1813505779,-10.804163,-9.311867,-3.915360,-41.077332,-46.166336,119.241623,0.254436,0.485272,0.628788,-0.551727,
1386,1813522446,-8.169798,-5.749331,-2.882457,24.621645,-24.194447,119.480225,0.264306,0.495025,0.617588,-0.551072,
1387,1813539113,-7.876093,-0.492408,-2.090613,24.453354,-25.102814,111.867821,0.273580,0.503866,0.606730,-0.550595,
1388,1813555780,-8.266477,1.082637,-1.957139,-7.037231,-31.943354,113.848099,0.285847,0.510937,0.597803,-0.547603,
1389,1813572447,-9.114465,-0.617459,-1.720025,-39.682396,-40.204464,117.143318,0.301430,0.516117,0.590696,-0.542074,
1390,1813589114,-9.663868,-2.708463,-1.494908,-46.244488,-45.850185,111.544762,0.317445,0.519904,0.584073,-0.536461,
1391,1813605781,-9.854413,-4.611069,-1.575928,-45.925659,-51.818348,99.349457,0.332888,0.522034,0.577882,-0.531716,
1392,1813622448,-8.768205,-4.698986,-2.274925,-37.379719,-50.713829,87.891640,0.346613,0.523558,0.571795,-0.528015,
1393,1813639115,-8.133430,-3.493613,-2.333789,-35.873737,-45.000759,80.975121,0.359139,0.524904,0.566281,-0.524236,
1394,1813655782,-7.951982,-2.797278,-2.259346,-32.474541,-41.267971,74.911697,0.370568,0.526115,0.561060,-0.520671,
1395,1813672449,-8.030723,-2.715284,-2.518648,-33.210396,-38.523647,70.347748,0.381422,0.527035,0.556299,-0.516996,
1396,1813689116,-8.570497,-2.693364,-2.359207,-35.915947,-38.324566,71.151711,0.392468,0.527802,0.551605,-0.512961,
1397,1813705783,-8.657855,-3.267720,-2.088503,-37.018398,-38.908749,73.513168,0.403756,0.528563,0.546687,-0.508663,
1398,1813722450,-8.426854,-3.591471,-1.930929,-37.999435,-36.991821,73.727486,0.414913,0.529336,0.541845,-0.504040,
1399,1813739117,-8.103624,-3.325828,-2.350023,-35.023075,-31.546801,74.588150,0.425406,0.530668,0.536959,-0.499099,
1400,1813755784,-7.815607,-3.219648,-2.635403,-40.402210,-29.577909,76.993690,0.436263,0.531909,0.532309,-0.493353,
1401,1813772451,-7.368877,-3.821183,-2.854421,-54.276913,-34.034298,74.804024,0.448298,0.531680,0.528444,-0.486925,
1402,1813789118,-6.949461,-5.296673,-3.302026,-60.101040,-36.446445,64.774559,0.460170,0.530025,0.525506,-0.480794,
1403,1813805785,-7.056793,-6.561014,-3.620332,-43.711391,-33.224762,55.527340,0.469812,0.528901,0.522270,-0.476212,
1404,1813822452,-7.134433,-6.776650,-3.991659,-40.329784,-29.053368,50.094318,0.478444,0.527825,0.519444,-0.471883,
1405,1813839119,-7.451010,-6.585651,-4.258725,-38.685848,-25.671143,36.732246,0.485734,0.526038,0.517722,-0.468309,
1406,1813855786,-7.059088,-5.933416,-4.077179,-33.872639,-23.623154,9.427833,0.490612,0.522646,0.517881,-0.466844,
1407,1813872453,-5.862360,-5.953609,-3.717106,-36.574913,-22.763943,-27.644613,0.493089,0.516302,0.521079,-0.467734,
1408,1813889120,-5.432039,-6.110585,-4.038805,-34.962528,-26.357752,-62.713097,0.493283,0.507123,0.526497,-0.471489,
1409,1813905787,-9.776571,-6.572247,-4.214626,-47.753670,-12.572491,-105.337875,0.490336,0.494601,0.536815,-0.476207,
1410,1813922454,-12.957932,-10.419515,-4.132245,9.638535,-15.764852,-149.510345,0.480257,0.482307,0.545900,-0.488599,
1411,1813939121,-9.579334,-7.198159,0.663853,-7.397254,-12.551043,-149.607941,0.470874,0.468808,0.556162,-0.499183,
1412,1813955788,-11.610035,-0.348429,2.953519,-70.251915,32.847683,-153.733521,0.461537,0.453702,0.574064,-0.501589,
1413,1813972455,-15.193874,1.408889,-1.472206,-56.307281,37.115143,-171.288681,0.449327,0.438065,0.591998,-0.505712,
1414,1813989122,-15.744273,-2.042816,-2.885828,-11.475144,40.753109,-180.076019,0.432973,0.424549,0.606997,-0.513664,
1415,1814005789,-15.900925,-5.543981,-2.907900,11.774204,58.148613,-161.690598,0.414722,0.415126,0.619801,-0.521082,
1416,1814022456,-15.760247,-8.308191,-2.306374,4.468683,67.825836,-122.626266,0.398777,0.409295,0.631053,-0.524622,
1417,1814039123,-12.009018,-9.906104,-2.207055,-8.937809,68.558746,-103.665169,0.384857,0.404326,0.642001,-0.525589,
1418,1814055790,-10.850075,-9.007775,-2.114540,49.592632,85.173866,-109.502113,0.365340,0.403193,0.649489,-0.531158,
1419,1814072457,-10.499296,-5.839106,-0.734475,122.752800,94.598236,-134.391418,0.338471,0.404048,0.652841,-0.544045,
1420,1814089124,-10.372632,-3.304432,-0.159197,149.043533,100.603485,-157.856293,0.307274,0.404015,0.655093,-0.559652,
1421,1814105791,-11.074969,-1.507305,-0.640176,127.525848,98.930649,-163.460999,0.276683,0.401875,0.658581,-0.572902,
1422,1814122458,-9.670113,0.033284,-1.268154,100.748878,85.048843,-148.816467,0.249935,0.398508,0.662234,-0.583244,
1423,1814139125,-7.901541,0.491714,-1.163996,79.601257,71.818130,-127.723816,0.227295,0.394994,0.665498,-0.591128,
1424,1814155792,-7.308283,-0.290299,-1.011752,42.149010,55.800873,-117.337799,0.209137,0.389674,0.670522,-0.595668,
1425,1814172459,-7.520123,-0.731650,-0.435801,10.627324,47.340004,-113.773849,0.193823,0.382866,0.677569,-0.597284,
1426,1814189126,-7.930592,-0.674349,-0.627142,-20.127132,41.922615,-105.076157,0.181453,0.375460,0.686440,-0.595741,
1427,1814205793,-8.018239,-0.389083,-1.979472,-37.378784,42.297192,-87.675262,0.171449,0.369270,0.695684,-0.591838,
1428,1814222460,-7.529209,-0.849099,-2.027159,-32.655621,38.662895,-67.681236,0.163247,0.364835,0.703218,-0.587991,
1429,1814239127,-6.659220,-1.344159,-1.322508,-12.596215,37.181969,-48.264515,0.155774,0.362693,0.707884,-0.585740,
1430,1814255794,-5.189048,-1.650205,-2.115665,-29.393948,38.744213,-27.085545,0.150820,0.362455,0.712843,-0.581151,
1431,1814272461,-4.796852,-1.300681,-3.310535,-68.008110,47.153900,8.785184,0.150046,0.365761,0.719281,-0.571264,
1432,1814289128,-4.884270,-4.307419,-0.363251,-9.134900,32.011604,42.275650,0.150491,0.372559,0.718639,-0.567549,
1433,1814305795,-3.259424,-6.663229,1.144638,56.337852,9.335258,54.371220,0.150744,0.380148,0.711374,-0.571589,
1434,1814322462,-3.798895,-4.950410,-3.294867,24.253647,6.914363,76.658821,0.154854,0.389088,0.705397,-0.571881,
1435,1814339129,-4.963917,-2.528483,-4.893745,2.154832,-1.227855,102.917931,0.163207,0.399479,0.699466,-0.569675,
1436,1814355796,-5.216011,-4.060691,-3.878015,1.874198,-8.854801,113.144943,0.173160,0.410176,0.692615,-0.567503,
1437,1814372463,-4.478848,-5.565942,-3.601527,13.883399,-9.962489,110.890411,0.182277,0.420749,0.684698,-0.566513,
1438,1814389130,-4.235379,-5.642746,-5.267760,24.550516,6.158064,110.492828,0.189055,0.432783,0.676175,-0.565462,
1439,1814405797,-5.482622,-3.299120,1.328498,107.268806,32.277702,113.904175,0.188262,0.449403,0.661085,-0.570581,
1440,1814422464,-13.479819,-12.155465,8.651666,-225.438889,-40.861584,102.755966,0.215143,0.449354,0.671712,-0.548271,
1441,1814439131,-31.944077,-43.012283,-27.218204,179.619980,101.265465,4.511092,0.193600,0.463210,0.660158,-0.558705,
1442,1814455798,-12.460320,9.719313,14.903398,248.797424,11.904456,-83.212395,0.168616,0.462784,0.645604,-0.583608,
1443,1814472465,-4.508182,15.042080,-2.866089,-18.317230,-53.999054,-52.056202,0.170312,0.452773,0.649490,-0.586648,
1444,1814489132,-7.242409,14.017740,-3.415884,-66.319420,-14.753593,68.485306,0.181723,0.456238,0.650402,-0.579487,
1445,1814505799,-12.736894,5.027889,0.523772,-86.176994,-40.088013,100.512817,0.199499,0.459939,0.649998,-0.571106,
1446,1814522466,-17.781439,-5.797266,-4.943688,-113.156555,-57.061947,103.082588,0.220805,0.461472,0.650856,-0.560962,
1447,1814539133,-19.547989,-17.923086,-6.460154,-52.346806,-40.469322,109.165741,0.236859,0.466680,0.646585,-0.555012,
1448,1814555800,-8.516361,-8.006281,-5.110214,62.328552,-24.004036,86.873505,0.241712,0.474934,0.634949,-0.559335,
1449,1814572467,-8.413604,1.273246,-2.846368,71.332245,3.781812,86.436188,0.243278,0.485605,0.623429,-0.562444,
1450,1814589134,-9.935282,5.089134,-2.653191,-1.452513,-9.987940,103.988922,0.252613,0.494050,0.615984,-0.559168,
1451,1814605801,-9.739943,3.346480,-2.756858,-45.201279,-22.310392,128.178787,0.268086,0.501900,0.609715,-0.551794,
1452,1814622468,-10.636405,-1.233462,-2.055750,-64.385307,-31.143747,143.760696,0.286870,0.509442,0.603219,-0.542498,
1453,1814639135,-10.386741,-5.037334,-0.151332,-47.422070,-48.262154,134.086166,0.304993,0.515236,0.595082,-0.536089,
1454,1814655802,-8.504985,-6.185555,-0.957629,-47.260246,-52.590446,116.810249,0.322000,0.518984,0.587781,-0.530555,
1455,1814672469,-8.051222,-4.041925,-1.553319,-48.297459,-52.495575,107.038925,0.338206,0.521664,0.581086,-0.525191,
1456,1814689136,-7.947692,-3.340753,-1.187511,-49.971561,-54.273571,97.266281,0.353832,0.523130,0.574984,-0.520129,
1457,1814705803,-7.871603,-3.609423,-1.651727,-53.187202,-51.388607,87.398201,0.368611,0.523671,0.569858,-0.514937,
1458,1814722470,-8.032112,-3.527260,-2.436200,-62.426407,-50.777447,78.955925,0.383312,0.522921,0.565946,-0.509247,
1459,1814739137,-8.414213,-3.572691,-2.709260,-70.204437,-53.216499,74.148636,0.398345,0.521020,0.562688,-0.503234,
1460,1814755804,-8.886283,-4.489435,-2.718926,-73.036812,-55.112446,71.924881,0.413473,0.518488,0.559539,-0.497120,
1461,1814772471,-8.565565,-4.993555,-2.427817,-62.448845,-53.679504,71.365433,0.427535,0.516514,0.555606,-0.491664,
1462,1814789138,-8.053481,-5.768449,-2.716028,-56.819080,-46.067986,72.595139,0.440546,0.515411,0.551521,-0.485899,
1463,1814805805,-7.350996,-5.524792,-3.276227,-49.317680,-38.694382,77.424744,0.452649,0.515587,0.546901,-0.479772,
1464,1814822472,-7.130068,-5.337875,-3.913358,-34.066574,-34.601719,79.718826,0.463354,0.517136,0.541210,-0.474308,
1465,1814839139,-7.675415,-5.307601,-4.158549,-17.467163,-32.514107,77.710686,0.472430,0.519703,0.534578,-0.470051,
1466,1814855806,-9.130152,-5.363082,-3.619772,-20.134092,-33.386875,71.845612,0.481304,0.521497,0.528436,-0.465989,
1467,1814872473,-9.405993,-6.335343,-3.375148,-34.436394,-39.728943,53.932129,0.490474,0.520416,0.524113,-0.462505,
1468,1814889140,-7.953951,-6.114931,-3.354281,-33.627148,-36.350769,29.105293,0.497608,0.517680,0.521809,-0.460556,
1469,1814905807,-6.946340,-5.375265,-3.609683,-36.921276,-24.003553,-1.381930,0.501982,0.513190,0.522888,-0.459610,
1470,1814922474,-6.806476,-5.698048,-3.857121,-36.434052,-20.991964,-28.899075,0.504224,0.506818,0.526185,-0.460463,
1471,1814939141,-6.343416,-7.283327,-4.339324,-30.037697,-26.848469,-54.264278,0.504703,0.498541,0.530453,-0.464062,
1472,1814955808,-6.763770,-8.198673,-3.710516,-20.038160,-28.567892,-80.005493,0.502782,0.488830,0.535719,-0.470386,
1473,1814972475,-10.274716,-8.060276,-2.012612,-11.746302,-20.180635,-121.903999,0.496624,0.476913,0.543877,-0.479708,
1474,1814989142,-11.391661,-8.315418,-2.206151,11.442396,-27.071697,-163.204102,0.486290,0.462701,0.552535,-0.494103,
1475,1815005809,-10.077709,-4.259134,-0.190760,-20.068966,0.426480,-177.202713,0.474549,0.446816,0.565992,-0.504792,
1476,1815022476,-12.658149,-0.000734,-0.137708,-30.360994,45.065311,-187.227493,0.458708,0.432336,0.583512,-0.512044,
1477,1815039143,-15.516069,0.671164,-2.465963,-3.502601,54.756912,-185.478729,0.440114,0.420166,0.599092,-0.520433,
1478,1815055810,-16.154919,-2.976557,-3.889860,21.082785,61.546173,-179.468994,0.419532,0.410274,0.612403,-0.529749,
1479,1815072477,-15.611745,-7.095890,-2.659062,18.309298,75.948380,-154.543610,0.399452,0.403249,0.624880,-0.536056,
1480,1815089144,-14.053154,-8.614847,-2.309798,-11.473290,80.040512,-130.488022,0.382389,0.396764,0.638145,-0.537709,
1481,1815105811,-11.992532,-7.455176,-2.326053,-6.888010,84.849823,-124.263748,0.364908,0.391289,0.650639,-0.538895,
1482,1815122478,-11.238548,-5.869646,-0.770250,44.502686,91.411392,-127.863571,0.343405,0.388505,0.659310,-0.544473,
1483,1815139145,-10.024765,-4.098773,0.142713,128.717972,102.589485,-138.001602,0.315003,0.389536,0.661927,-0.557575,
1484,1815155812,-9.745229,-2.531788,0.342781,176.961914,106.902588,-142.993393,0.282683,0.392192,0.660341,-0.574655,
1485,1815172479,-9.155305,-1.019711,-0.716320,167.852631,100.280823,-139.355957,0.251460,0.393764,0.658185,-0.590350,
1486,1815189146,-7.851107,0.799614,-1.643843,142.831024,87.921600,-127.844162,0.223568,0.394034,0.656348,-0.603295,
1487,1815205813,-6.890664,1.596324,-2.346159,105.373512,81.153389,-114.288971,0.199478,0.393470,0.656272,-0.612127,
1488,1815222480,-6.865886,1.770450,-1.798592,71.234901,72.519234,-96.073898,0.179680,0.392675,0.657588,-0.617334,
1489,1815239147,-7.783069,2.470865,-0.861676,30.525263,60.894375,-73.593719,0.165282,0.391797,0.660761,-0.618527,
1490,1815255814,-8.127386,3.600089,-1.006619,-31.153614,41.207035,-54.332993,0.157996,0.389450,0.667796,-0.614343,
1491,1815272481,-7.859761,3.677026,-0.691774,-70.093117,23.397709,-28.474215,0.156939,0.387079,0.676348,-0.606709,
1492,1815289148,-6.736403,3.165946,-0.338612,-94.714256,12.783486,-0.474132,0.160758,0.385901,0.685139,-0.596510,
1493,1815305815,-6.298615,-0.541454,0.481668,-110.359314,10.440479,33.483418,0.168599,0.387445,0.693161,-0.583945,
1494,1815322482,-5.751794,-9.132382,3.931246,5.309052,-8.417001,54.591007,0.173588,0.392286,0.689585,-0.583485,
1495,1815339149,-3.180594,-11.206750,-1.989461,-21.035915,-10.390405,50.709068,0.179938,0.395878,0.688373,-0.580558,
1496,1815355816,-4.974409,-8.634671,-8.504778,-53.240078,-4.995285,67.213531,0.188974,0.400692,0.688997,-0.573603,
1497,1815372483,-6.848765,-7.347089,-9.068264,-61.106075,1.774336,76.949646,0.198566,0.406759,0.689775,-0.565094,
1498,1815389150,-7.803360,-9.681532,-5.993588,-48.253639,7.294863,68.180229,0.206089,0.412701,0.690057,-0.557701,
1499,1815405817,-7.411044,-11.715928,-5.431678,-13.436678,2.292943,52.887775,0.210761,0.417703,0.688211,-0.554503,
1500,1815422484,-5.736228,-10.133168,-6.496481,38.239243,12.624427,42.490650,0.210405,0.424053,0.683102,-0.556132,
1501,1815439151,-5.023349,-3.645283,-4.776809,164.567673,48.731331,34.236050,0.197927,0.436218,0.669148,-0.568139,
1502,1815455818,-6.939878,3.008226,5.663064,270.188538,60.545189,50.090889,0.178684,0.453435,0.645034,-0.588560,
1503,1815472485,-20.189798,-4.018766,5.910949,-233.443817,-16.499737,85.226097,0.202618,0.453594,0.658741,-0.565033,
1504,1815489152,-19.650541,-19.557730,-13.014048,33.419056,18.160234,70.001579,0.204237,0.462679,0.652066,-0.564826,
1505,1815505819,-8.435445,-7.288851,4.179329,186.693604,30.817257,-2.172001,0.188321,0.470307,0.637748,-0.580196,
1506,1815522486,-7.185988,7.216766,1.727050,11.130064,-18.885439,-18.996008,0.187531,0.467191,0.637785,-0.582923,
1507,1815539153,-9.568503,13.366017,-1.920737,-29.183401,-28.534319,41.060646,0.195462,0.467709,0.636867,-0.580902,
1508,1815555820,-13.575216,8.941781,-0.964020,-87.449669,-43.656406,70.495911,0.211213,0.467936,0.638319,-0.573565,
1509,1815572487,-15.505435,0.767445,-3.040503,-145.108826,-67.357841,88.062202,0.234451,0.465812,0.642334,-0.561660,
1510,1815589154,-13.380521,-11.712068,-3.897844,-119.019447,-69.126305,105.383362,0.257349,0.465741,0.642556,-0.551346,
1511,1815605821,-7.268919,-15.217391,-4.750235,-0.381508,-41.942524,112.872864,0.270152,0.472773,0.633476,-0.549741,
1512,1815622488,-7.424970,-5.695024,-2.020729,87.710091,-8.369863,100.713707,0.272739,0.484671,0.619297,-0.554239,
1513,1815639155,-9.064600,0.731220,-2.147752,38.159634,-9.756543,90.101631,0.278010,0.493399,0.609631,-0.554636,
1514,1815655822,-9.889959,1.989074,-1.229333,-9.708744,-19.728811,108.421608,0.289017,0.500901,0.601970,-0.550638,
1515,1815672489,-9.803330,-0.076828,-0.645777,-10.405108,-31.690634,121.015091,0.302049,0.508374,0.592771,-0.546762,
1516,1815689156,-9.653015,-1.976758,-0.631360,-10.085061,-39.801186,109.204773,0.314727,0.514044,0.583883,-0.543865,
1517,1815705823,-9.881796,-3.641267,-1.674293,-34.563595,-46.072529,92.020561,0.328326,0.516505,0.577775,-0.540003,
1518,1815722490,-9.654914,-3.442871,-2.300656,-62.368828,-52.388405,81.945534,0.343669,0.516160,0.574156,-0.534620,
1519,1815739157,-9.018229,-2.869726,-2.070058,-82.777260,-56.901875,79.456619,0.360619,0.514076,0.571907,-0.527830,
1520,1815755824,-7.831100,-3.502379,-2.278698,-81.125275,-56.167961,76.376305,0.377028,0.511706,0.569610,-0.521109,
1521,1815772491,-6.933102,-4.059140,-2.850191,-60.313480,-50.016754,71.437988,0.390899,0.510391,0.566280,-0.515779,
1522,1815789158,-7.251949,-4.036911,-2.412776,-44.993546,-44.323540,70.393425,0.403003,0.510182,0.562086,-0.511240,
1523,1815805825,-8.331758,-3.935386,-1.618115,-39.620270,-38.512348,72.022751,0.414281,0.510761,0.557612,-0.506523,
1524,1815822492,-8.601357,-3.747311,-1.322820,-51.119099,-38.334442,76.335373,0.426639,0.510915,0.553572,-0.500507,
1525,1815839159,-7.097373,-4.551769,-1.980960,-72.108940,-42.104836,78.661369,0.440926,0.509555,0.550520,-0.492817,
1526,1815855826,-5.361631,-6.597231,-3.334991,-71.375137,-42.843948,72.664833,0.454670,0.507574,0.547669,-0.485495,
1527,1815872493,-6.154122,-7.320387,-3.937965,-46.861900,-36.683582,63.269901,0.465355,0.506796,0.544076,-0.480194,
1528,1815889160,-8.958406,-6.626902,-4.024490,-19.046843,-30.472284,61.706799,0.473327,0.508145,0.539008,-0.476680,
1529,1815905827,-9.464015,-5.921515,-3.905167,-2.371686,-34.099121,60.426594,0.480212,0.510238,0.532576,-0.474783,
1530,1815922494,-8.950264,-5.714221,-3.515339,4.506758,-34.047848,48.552628,0.485722,0.511852,0.526512,-0.474205,
1531,1815939161,-7.807334,-4.590690,-2.965282,-8.151981,-30.925249,25.172585,0.490294,0.510970,0.523256,-0.474054,
1532,1815955828,-7.447903,-3.977258,-2.729470,-34.953945,-24.159811,-8.145404,0.494028,0.506089,0.524789,-0.473719,
1533,1815972495,-7.848250,-5.140056,-3.317029,-39.229000,-22.301800,-39.936047,0.495713,0.498572,0.529060,-0.475178,
1534,1815989162,-10.242846,-7.324218,-2.785603,-43.731411,-14.336270,-77.272385,0.494465,0.488344,0.536857,-0.478344,
1535,1816005829,-12.360655,-9.663198,-1.950046,-6.940592,-22.554962,-120.730797,0.488096,0.476672,0.544456,-0.487972,
1536,1816022496,-9.096218,-7.407193,1.012895,-14.817803,-29.062445,-135.182846,0.481579,0.462656,0.552954,-0.498273,
1537,1816039163,-9.969790,-2.735770,0.514652,-55.322769,-3.060908,-151.287048,0.474293,0.446166,0.567022,-0.504452,
1538,1816055830,-12.128382,0.420261,-2.302959,-36.186466,18.661373,-166.257767,0.462591,0.431088,0.581817,-0.511532,
1539,1816072497,-13.677567,-0.307453,-3.490707,-8.735662,29.619577,-169.295059,0.447722,0.418141,0.595127,-0.520125,
1540,1816089164,-14.072995,-3.275225,-2.488219,14.800918,44.999489,-152.567947,0.431088,0.409090,0.606287,-0.528419,
1541,1816105831,-14.530000,-5.108167,-1.611381,0.074378,59.777344,-121.323563,0.416224,0.402812,0.617359,-0.532326,
1542,1816122498,-13.429062,-5.770082,-1.588165,-43.819901,55.877106,-104.453644,0.405431,0.394940,0.630374,-0.531300,
1543,1816139165,-10.794764,-6.713368,-1.373001,-44.813889,60.622425,-99.940254,0.394469,0.387653,0.643269,-0.529459,
1544,1816155832,-9.622474,-5.853912,-0.708327,17.236748,71.759590,-98.334930,0.378957,0.384802,0.651718,-0.532527,
1545,1816172499,-8.755809,-4.254269,-0.021710,97.966248,87.277962,-102.007156,0.356997,0.387078,0.654675,-0.542336,
1546,1816189166,-8.963374,-2.836789,0.545183,156.900330,96.719070,-109.695946,0.329935,0.392120,0.653391,-0.557196,
1547,1816205833,-8.713868,-2.023163,0.494213,180.304993,95.187675,-113.064392,0.301062,0.397422,0.649630,-0.573935,
1548,1816222500,-8.369490,-1.452865,-1.399253,157.740097,90.275307,-106.477882,0.274190,0.401531,0.646473,-0.587936,
1549,1816239167,-8.247126,-0.749757,-2.338454,135.979004,86.352303,-90.191177,0.250122,0.405633,0.643528,-0.598980,
1550,1816255834,-8.542089,0.348236,-2.155694,107.025085,74.443916,-74.775139,0.230068,0.408843,0.641372,-0.607093,
1551,1816272501,-8.805700,2.256975,-2.113080,60.557919,61.584312,-63.583385,0.214882,0.410258,0.641988,-0.611039,
1552,1816289168,-9.104827,3.239730,-1.238148,13.947448,41.236195,-49.034813,0.205635,0.409697,0.645132,-0.611286,
1553,1816305835,-8.825365,3.549769,-0.727679,-33.237507,21.688223,-35.792309,0.202197,0.407199,0.651044,-0.607824,
1554,1816322502,-8.292399,3.864466,-0.982082,-82.730820,4.870717,-17.207365,0.204906,0.403475,0.659663,-0.600057,
1555,1816339169,-7.480603,3.488581,-2.010154,-135.152313,6.846865,6.130559,0.212485,0.400491,0.671364,-0.586285,
1556,1816355836,-7.691041,-4.571586,3.130208,-58.810806,14.140918,38.893650,0.217648,0.403588,0.674704,-0.578380,
1557,1816372503,-3.504762,-12.810366,4.341037,-18.306459,-1.203573,35.708000,0.221657,0.406336,0.674288,-0.575411,
1558,1816389170,-3.835613,-14.426597,-5.578272,-79.952629,8.101330,35.396320,0.228346,0.407801,0.679283,-0.565804,
1559,1816405837,-5.593945,-7.203034,-9.748033,-48.554825,7.838830,38.165104,0.233396,0.410510,0.681439,-0.559153,
1560,1816422504,-7.608168,-5.692898,-6.219796,0.974296,17.191282,45.709099,0.235158,0.416382,0.679392,-0.556558,
1561,1816439171,-6.864954,-6.921936,-4.266021,5.619160,8.904533,40.280628,0.237009,0.421188,0.676986,-0.555085,
1562,1816455838,-6.043878,-6.916398,-4.566444,-18.302141,8.505505,33.847450,0.239836,0.424491,0.676871,-0.551485,
1563,1816472505,-6.072503,-5.125218,-3.540137,28.533401,11.010859,33.838928,0.239514,0.429611,0.673062,-0.552320,
1564,1816489172,-9.864594,-5.069972,1.499023,104.867805,16.375040,31.512800,0.233675,0.437530,0.663354,-0.560292,
1565,1816505839,-15.972739,-16.019278,-7.796332,41.418854,51.124283,29.277237,0.228297,0.445829,0.660019,-0.559907,
1566,1816522506,-11.874242,-7.616457,4.783398,269.425018,55.159809,-4.589354,0.204799,0.458393,0.639888,-0.581790,
1567,1816539173,-9.494972,4.107925,2.013734,125.141235,11.784204,-16.231928,0.193769,0.461464,0.630827,-0.592929,
1568,1816555840,-8.348807,11.532977,-0.104392,-65.045235,-42.676762,37.875736,0.205123,0.459330,0.632842,-0.588603,
1569,1816572507,-10.138816,8.351475,-3.324596,-52.852749,-21.093748,88.252731,0.217954,0.463959,0.630969,-0.582340,
1570,1816589174,-15.386717,2.665276,-1.050717,-59.716824,-30.494646,87.409309,0.231990,0.467387,0.629282,-0.575966,
1571,1816605841,-17.685152,-4.509949,-2.417937,-85.783623,-46.198910,92.064224,0.249556,0.468901,0.628734,-0.567934,
1572,1816622508,-12.108122,-8.749283,-3.320800,-68.636002,-49.731701,102.376778,0.267037,0.471515,0.625703,-0.561127,
1573,1816639175,-7.852587,-6.472808,-2.843190,7.560081,-31.435734,106.879036,0.277911,0.478843,0.616661,-0.559649,
1574,1816655842,-8.420778,-1.507575,-2.028707,24.477859,-22.210590,101.026749,0.286235,0.486964,0.606872,-0.559146,
1575,1816672509,-9.354427,1.112548,-1.635367,9.265649,-25.432302,105.719376,0.296235,0.494489,0.597710,-0.557200,
1576,1816689176,-10.494255,1.085882,-1.413551,-13.228269,-28.360516,116.497459,0.308901,0.501610,0.589306,-0.552892,
1577,1816705843,-11.779899,-0.187810,-0.485848,-29.661377,-36.930466,119.120850,0.323615,0.507369,0.581457,-0.547505,
1578,1816722510,-12.488409,-2.591872,-0.543735,-47.312336,-48.107422,111.610672,0.339867,0.510595,0.574840,-0.541613,
1579,1816739177,-11.745682,-4.053323,-0.760964,-48.236191,-54.794186,104.120949,0.356040,0.512448,0.568323,-0.536325,
1580,1816755844,-9.711864,-3.770572,-1.179252,-44.675423,-55.372444,93.014336,0.371019,0.513362,0.562150,-0.531785,
1581,1816772511,-8.721798,-2.948107,-1.608643,-49.830677,-50.877663,82.421593,0.385098,0.513344,0.557259,-0.526918,
1582,1816789178,-8.483949,-2.289711,-1.649812,-56.511024,-48.054070,75.468933,0.398822,0.512481,0.553425,-0.521563,
1583,1816805845,-8.761118,-2.326739,-1.507902,-54.152676,-45.051899,70.051468,0.411629,0.511434,0.549869,-0.516375,
1584,1816822512,-8.720882,-2.590204,-1.443589,-48.719688,-47.120060,66.320755,0.423837,0.510159,0.545952,-0.511898,
1585,1816839179,-8.575967,-2.841885,-1.963698,-39.627823,-45.325016,65.048492,0.435059,0.509388,0.541468,-0.507999,
1586,1816855846,-8.683507,-2.789406,-1.711669,-37.783989,-42.028797,66.895004,0.445952,0.509040,0.536834,-0.503803,
1587,1816872513,-8.561213,-2.650168,-1.259689,-44.593407,-40.620979,68.145004,0.457256,0.508368,0.532610,-0.498808,
1588,1816889180,-9.155303,-2.994876,-1.851231,-54.339779,-41.378006,71.430855,0.469491,0.507151,0.528701,-0.492802,
1589,1816905847,-9.123586,-4.533129,-3.023735,-54.089336,-44.896793,74.080330,0.482070,0.505797,0.524228,-0.486792,
1590,1816922514,-7.315067,-6.888788,-3.442909,-47.227955,-42.491257,73.945740,0.493849,0.504979,0.519341,-0.481037,
1591,1816939181,-5.548576,-7.925914,-3.582709,-33.041359,-37.557980,69.153107,0.503792,0.505075,0.514080,-0.476254,
1592,1816955848,-5.484303,-8.035426,-3.628035,-22.288467,-28.023954,55.945042,0.511254,0.505571,0.509683,-0.472487,
1593,1816972515,-6.722468,-7.231951,-2.953145,-13.740026,-23.254852,34.640026,0.516234,0.505417,0.506591,-0.470558,
1594,1816989182,-6.599813,-6.769164,-2.674473,-26.276468,-27.511288,0.646410,0.520104,0.501509,0.506520,-0.470555,
1595,1817005849,-6.131249,-6.136045,-3.286159,-26.261868,-26.734070,-38.722431,0.521194,0.494729,0.509356,-0.473454,
1596,1817022516,-8.970856,-6.177188,-4.156791,-42.034676,-18.471846,-83.708984,0.519638,0.483926,0.517078,-0.477939,
1597,1817039183,-10.411848,-8.140501,-3.860935,-40.420639,-35.488903,-121.617706,0.516461,0.469070,0.525920,-0.486470,
1598,1817055850,-7.404411,-6.806489,-1.872640,-30.420332,-31.696146,-132.755051,0.511312,0.454192,0.534891,-0.496148,
1599,1817072517,-8.361528,-3.108772,-0.394215,-58.401436,21.999750,-141.542511,0.502959,0.440211,0.550205,-0.500524,
1600,1817089184,-12.784453,-0.483382,-0.006137,-62.904316,55.044025,-155.799057,0.490911,0.426901,0.568847,-0.503168,
1601,1817105851,-15.693243,-1.686028,0.019974,-43.154034,67.639450,-169.222900,0.475260,0.414508,0.587368,-0.507260,
1602,1817122518,-17.129889,-3.672063,-1.575407,31.050760,87.327522,-162.327972,0.453605,0.408971,0.600915,-0.515644,
1603,1817139185,-17.826244,-4.443294,-2.460958,47.154354,79.922752,-122.852318,0.434310,0.407133,0.610039,-0.522945,
1604,1817155852,-14.893952,-5.652926,-2.264560,-8.949223,69.010475,-91.128143,0.421545,0.403573,0.620619,-0.523702,
1605,1817172519,-11.703939,-6.015090,-1.539062,-1.146830,83.945473,-88.172798,0.407069,0.401773,0.631156,-0.523945,
1606,1817189186,-10.470630,-4.597644,-0.246131,46.164093,96.290222,-95.560928,0.387976,0.402881,0.639009,-0.528046,
1607,1817205853,-10.099242,-2.852877,0.997738,106.874405,100.768135,-105.574951,0.363919,0.406597,0.642672,-0.537790,
1608,1817222520,-9.507483,-1.794084,1.602566,152.759109,98.007561,-114.299805,0.336421,0.411368,0.642574,-0.551995,
1609,1817239187,-9.100812,-1.401819,0.642907,147.398300,90.155235,-117.988091,0.309361,0.414507,0.642127,-0.565823,
1610,1817255854,-9.222819,-1.706783,-1.557302,125.597290,85.382622,-112.312042,0.284267,0.416452,0.642371,-0.577168,
1611,1817272521,-9.096247,-1.360782,-2.471450,115.615211,79.518692,-97.379150,0.261381,0.418600,0.641860,-0.586918,
1612,1817289188,-9.393473,-0.115951,-2.214844,102.048141,72.449875,-77.931366,0.241500,0.421216,0.640705,-0.594773,
1613,1817305855,-9.287741,1.233674,-1.720737,60.976700,58.183548,-64.294426,0.226559,0.422279,0.641538,-0.598985,
1614,1817322522,-9.262946,2.589225,-1.140473,18.478540,40.441742,-54.017353,0.216741,0.421282,0.644745,-0.599877,
1615,1817339189,-8.197204,3.450551,-0.894976,-30.095476,22.826645,-43.139462,0.212484,0.418200,0.650908,-0.596894,
1616,1817355856,-7.282133,3.821579,-0.951395,-81.403572,7.919358,-26.880514,0.214147,0.413729,0.659998,-0.589386,
1617,1817372523,-6.393196,4.364220,-1.827301,-149.043854,0.725876,-0.865342,0.222735,0.408902,0.672884,-0.574820,
1618,1817389190,-6.279735,-0.519794,0.750442,-136.243149,6.074559,34.505093,0.232898,0.408216,0.682468,-0.559784,
1619,1817405857,-2.763716,-10.324233,6.510042,-9.275078,-9.881269,42.982662,0.237744,0.411280,0.680513,-0.557881,
1620,1817422524,-0.605937,-13.325458,-2.044134,-75.793518,-9.921824,34.203243,0.245837,0.411130,0.684414,-0.549651,
1621,1817439191,-2.651522,-7.703489,-9.331795,-63.176758,-4.619817,41.340351,0.253182,0.412508,0.686978,-0.542033,
1622,1817455858,-5.723034,-3.520651,-7.373840,-3.454954,14.091054,58.815681,0.256425,0.419267,0.684409,-0.538562,
1623,1817472525,-6.183091,-5.576344,-4.886850,24.538006,10.146868,51.468445,0.257760,0.425999,0.679901,-0.538351,
1624,1817489192,-4.896644,-7.409688,-7.734834,13.650233,14.009144,26.716602,0.257436,0.430160,0.677895,-0.537728,
1625,1817505859,-5.345893,-7.088075,-4.349650,126.208534,36.866131,8.375282,0.246332,0.438430,0.668959,-0.547354,
1626,1817522526,-16.192972,-17.051264,1.070166,45.313557,56.505032,1.479948,0.237865,0.444590,0.667448,-0.547974,
1627,1817539193,-18.921574,-13.602163,-2.706209,152.449829,59.945854,-41.078098,0.218661,0.450438,0.660029,-0.560051,
1628,1817555860,-12.726823,7.534431,4.848770,169.949158,11.927260,-47.929939,0.202223,0.451988,0.649689,-0.576818,
1629,1817572527,-10.513246,12.287533,-1.707679,-34.424847,-22.679533,19.689451,0.208097,0.450856,0.650799,-0.574359,
1630,1817589194,-13.245321,10.808630,-0.268909,-39.208256,-26.243519,91.440971,0.220594,0.456017,0.647409,-0.569431,
1631,1817605861,-15.875077,1.658719,-1.604909,-72.891769,-40.832630,105.639923,0.237814,0.460093,0.645203,-0.561672,
1632,1817622528,-18.813299,-6.822241,-3.462148,-59.340515,-43.268597,111.097206,0.254716,0.464779,0.641199,-0.554948,
1633,1817639195,-13.037022,-10.165121,-3.671835,-12.441137,-39.100933,110.894966,0.267961,0.471369,0.633365,-0.552142,
1634,1817655862,-9.319790,-4.865799,-3.429474,35.582161,-19.717745,109.745842,0.275958,0.481146,0.622329,-0.552318,
1635,1817672529,-9.599454,1.266765,-2.470642,33.760357,-19.614105,107.995102,0.283857,0.490567,0.611395,-0.552240,
1636,1817689196,-9.802881,2.157898,-2.376727,-1.985918,-28.672523,116.912949,0.295749,0.498438,0.602147,-0.549102,
1637,1817705863,-10.875709,-0.336865,-2.171411,-24.038986,-36.569000,123.347878,0.310350,0.505133,0.593657,-0.544149,
1638,1817722530,-11.657354,-3.767562,-1.563956,-45.833221,-46.439678,118.244438,0.326888,0.509437,0.586603,-0.538069,
1639,1817739197,-10.768372,-6.342539,-1.430333,-46.820049,-54.788834,105.652260,0.343108,0.511783,0.579952,-0.532929,
1640,1817755864,-8.693306,-6.571096,-1.448670,-23.438969,-52.091442,92.777420,0.356262,0.514269,0.572412,-0.530049,
1641,1817772531,-7.340530,-3.970934,-1.806960,-3.432041,-44.718563,82.066246,0.366404,0.517359,0.564392,-0.528727,
1642,1817789198,-6.863124,-2.064552,-2.186196,-5.456259,-37.118717,71.849525,0.375231,0.520006,0.557614,-0.527129,
1643,1817805865,-7.281780,-1.398800,-2.229967,-12.916919,-35.650505,66.919769,0.384077,0.521892,0.551791,-0.525017,
1644,1817822532,-8.099980,-1.194207,-1.663872,-21.521656,-36.989388,66.300491,0.393589,0.523082,0.546529,-0.522285,
1645,1817839199,-8.258364,-1.747106,-1.775901,-34.630409,-41.120316,64.417908,0.404230,0.522986,0.542096,-0.518863,
1646,1817855866,-8.078287,-2.100666,-1.738266,-40.647877,-43.248211,64.837120,0.415466,0.522330,0.537878,-0.515024,
1647,1817872533,-7.889820,-2.501070,-1.648608,-50.596542,-41.981903,68.837067,0.427586,0.521390,0.534084,-0.509980,
1648,1817889200,-7.752931,-3.065640,-1.709291,-59.019924,-42.975040,71.311386,0.440519,0.519938,0.530559,-0.504101,
1649,1817905867,-8.089155,-3.735277,-2.099745,-67.736389,-44.911175,74.779121,0.454410,0.517931,0.527162,-0.497355,
1650,1817922534,-7.228768,-5.122047,-2.683646,-67.328690,-45.166134,79.658134,0.468523,0.516171,0.523215,-0.490208,
1651,1817939201,-5.188438,-6.551762,-3.145589,-57.059803,-41.801979,77.222916,0.481317,0.515036,0.518819,-0.483634,
1652,1817955868,-3.749496,-8.035507,-3.490227,-43.922455,-34.560787,63.617695,0.491532,0.514206,0.514929,-0.478372,
1653,1817972535,-5.364833,-8.514129,-3.407299,-15.889869,-21.894251,45.747643,0.497405,0.514870,0.511280,-0.475492,
1654,1817989202,-6.999956,-8.659396,-3.668186,-4.476627,-16.694204,24.567156,0.500551,0.515124,0.508788,-0.474588,
1655,1818005869,-7.789121,-7.404695,-4.144930,12.167174,-8.462417,-5.644019,0.499748,0.514916,0.508006,-0.476494,
1656,1818022536,-10.584781,-7.131013,-4.209669,19.930143,7.680222,-54.909252,0.493733,0.512729,0.511531,-0.481327,
1657,1818039203,-10.511118,-8.302230,-3.541703,36.623722,-7.631678,-98.400200,0.484487,0.507352,0.515952,-0.491592,
1658,1818055870,-7.238838,-7.280736,-2.112868,17.425449,-15.763792,-111.808777,0.476181,0.498901,0.522030,-0.501834,
1659,1818072537,-9.685004,-4.270375,-0.444019,-35.535217,7.097244,-131.289978,0.468395,0.486800,0.534793,-0.507575,
1660,1818089204,-13.907084,-0.351603,-0.804494,-48.260246,23.686117,-170.253052,0.457087,0.471761,0.552091,-0.513529,
1661,1818105871,-15.387456,1.133341,-1.842210,-3.873871,38.511795,-185.085632,0.440102,0.459245,0.567675,-0.522640,
1662,1818122538,-16.168259,-1.089936,-1.465282,6.890622,53.320614,-177.872772,0.421392,0.448792,0.582476,-0.530792,
1663,1818139205,-17.892220,-5.671910,-2.335737,-17.809126,55.785351,-144.375793,0.406403,0.439568,0.596778,-0.534299,
1664,1818155872,-14.770657,-9.856855,-3.252019,-50.660492,31.878105,-115.657715,0.397637,0.428840,0.610117,-0.534547,
1665,1818172539,-12.274753,-9.067009,-2.988044,-32.450993,50.528503,-112.970985,0.386143,0.420697,0.622731,-0.534898,
1666,1818189206,-11.840733,-5.612508,-0.544558,4.225740,68.058464,-118.585213,0.370232,0.415307,0.633582,-0.537610,
1667,1818205873,-11.625612,-2.378551,1.513064,51.625698,79.869736,-118.582985,0.350202,0.413206,0.641075,-0.543733,
1668,1818222540,-11.063910,-0.459299,1.902347,108.258911,86.064117,-118.350662,0.326000,0.414250,0.644002,-0.554424,
1669,1818239207,-9.841587,-0.760680,1.536952,153.864487,86.196510,-121.308220,0.298528,0.416841,0.642892,-0.569050,
1670,1818255874,-9.201792,-2.476862,0.187046,144.426941,74.898689,-119.928368,0.272524,0.417831,0.641393,-0.582894,
1671,1818272541,-8.622586,-3.678768,-1.795902,116.385971,69.464249,-108.028793,0.249534,0.418044,0.640846,-0.593541,
1672,1818289208,-8.689080,-2.684103,-2.296090,92.383369,62.642986,-90.744598,0.229996,0.418181,0.640724,-0.601417,
1673,1818305875,-8.922366,0.061459,-1.989522,66.618340,48.339924,-70.689560,0.215032,0.417928,0.640934,-0.606881,
1674,1818322542,-8.521815,2.949015,-1.107991,27.558298,33.164791,-51.530518,0.205511,0.416828,0.642838,-0.608918,
1675,1818339209,-7.815609,5.277512,-1.105861,-31.287779,21.990744,-36.124615,0.201952,0.414387,0.648633,-0.605621,
1676,1818355876,-7.087243,5.615578,-1.486455,-95.249138,6.183212,-16.598442,0.205436,0.410465,0.658333,-0.596586,
1677,1818372543,-5.888287,5.702269,-1.892218,-148.649796,-6.579431,7.735940,0.215375,0.406032,0.670608,-0.582271,
1678,1818389210,-5.865636,1.823188,-0.262259,-158.889771,-0.724435,45.130276,0.228402,0.405210,0.681371,-0.565132,
1679,1818405877,-3.365967,-9.370706,7.609342,-20.840483,-26.418150,64.549011,0.237360,0.408647,0.678555,-0.562347,
1680,1818422544,0.500148,-15.217298,1.196720,-93.294243,-18.369967,58.589199,0.249298,0.409574,0.682170,-0.552038,
1681,1818439211,-2.478734,-10.257441,-10.335062,-108.677467,-20.818838,59.232738,0.262368,0.409687,0.686691,-0.540165,
1682,1818455878,-4.478608,-5.502627,-11.032389,-21.228725,4.931135,65.565071,0.268094,0.415704,0.684802,-0.535132,
1683,1818472545,-5.258824,-7.159601,-7.039255,31.720024,22.403450,50.584454,0.267686,0.423615,0.680319,-0.534849,
1684,1818489212,-3.499464,-7.401926,-7.945783,62.658031,31.713655,28.423538,0.262699,0.431220,0.675090,-0.537862,
1685,1818505879,-5.585708,-7.057560,4.106126,204.401978,59.456394,14.701419,0.244882,0.444829,0.660333,-0.553284,
1686,1818522546,-21.366926,-25.335852,-6.857978,49.101524,82.218475,-12.205275,0.232618,0.451897,0.660239,-0.552961,
1687,1818539213,-17.859751,-5.111306,3.108226,270.380249,65.390533,-73.728058,0.202257,0.458744,0.645183,-0.576531,
1688,1818555880,-10.193142,11.485553,4.406952,69.924767,-11.451798,-69.835968,0.192604,0.453169,0.643776,-0.585745,
1689,1818572547,-10.491953,15.537343,-4.232279,-13.719639,-10.342469,17.796453,0.195809,0.453502,0.643675,-0.584534,
1690,1818589214,-15.228266,12.880667,-0.795216,-37.053116,-24.460299,72.188080,0.206490,0.457030,0.641515,-0.580471,
1691,1818605881,-18.602566,1.143310,-2.587035,-78.980736,-28.448626,93.762123,0.222108,0.460869,0.641185,-0.571972,
1692,1818622548,-19.647406,-10.521557,-4.553799,-90.177483,-41.383476,109.807671,0.240934,0.464587,0.640038,-0.562552,
1693,1818639215,-10.539799,-12.030136,-3.914098,8.245673,-29.889950,115.364830,0.252404,0.473036,0.630625,-0.561110,
1694,1818655882,-9.749479,-4.637412,-2.794086,68.765480,-6.986654,105.898170,0.256758,0.484559,0.617570,-0.563816,
1695,1818672549,-10.221762,1.763616,-1.966956,47.261745,-10.996567,106.936501,0.262994,0.494896,0.605866,-0.564662,
1696,1818689216,-11.242629,2.525208,-1.962366,8.422045,-20.935921,119.828346,0.273884,0.503921,0.595864,-0.562139,
1697,1818705883,-12.151282,0.047560,-1.890712,-35.738312,-32.942707,131.523361,0.289912,0.511041,0.587923,-0.556002,
1698,1818722550,-12.746083,-3.252712,-1.401758,-61.245678,-48.404587,125.086586,0.308514,0.515064,0.581617,-0.548864,
1699,1818739217,-11.007954,-5.618398,-1.469837,-55.732239,-57.727077,110.396263,0.326190,0.517132,0.575309,-0.543320,
1700,1818755884,-8.588113,-5.497221,-1.851582,-46.261753,-59.491802,98.404793,0.342238,0.518323,0.568868,-0.539079,
1701,1818772551,-7.399296,-3.686344,-1.893154,-48.325771,-55.041775,83.045250,0.356772,0.518341,0.563805,-0.534943,
1702,1818789218,-6.911873,-2.466736,-1.985371,-60.187302,-54.157665,72.491852,0.371215,0.516816,0.560366,-0.530182,
1703,1818805885,-6.541244,-2.879143,-2.284275,-64.019699,-52.135399,70.847404,0.385564,0.514980,0.557318,-0.524915,
1704,1818822552,-6.550241,-3.577906,-2.664515,-52.133003,-43.583984,72.896561,0.398398,0.514511,0.553564,-0.519738,
1705,1818839219,-7.304488,-3.778099,-2.401913,-36.391792,-36.154892,74.109520,0.409472,0.515519,0.548856,-0.515105,
1706,1818855886,-7.378581,-3.989783,-1.865578,-32.437389,-35.304642,73.890915,0.420098,0.516723,0.543830,-0.510653,
1707,1818872553,-6.777083,-4.096145,-1.723336,-34.506451,-34.686359,73.350227,0.430722,0.517720,0.538951,-0.505943,
1708,1818889220,-5.802248,-4.580024,-2.153064,-41.234009,-34.089470,70.374321,0.441518,0.518024,0.534743,-0.500767,
1709,1818905887,-5.166800,-5.825348,-2.747458,-36.166931,-30.066431,62.233986,0.450960,0.518238,0.530961,-0.496133,
1710,1818922554,-5.350554,-6.820673,-3.226322,-10.936305,-17.625248,51.445641,0.456718,0.520122,0.526940,-0.493172,
1711,1818939221,-6.195208,-7.379118,-3.518832,4.955342,-9.195112,43.209621,0.460012,0.523009,0.522937,-0.491315,
1712,1818955888,-6.410092,-7.465852,-3.797556,5.508017,-6.586490,35.760994,0.462516,0.525535,0.519621,-0.489784,
1713,1818972555,-5.772089,-8.003682,-3.839787,-1.339904,-2.143964,17.462440,0.463894,0.526525,0.518485,-0.488621,
1714,1818989222,-5.253668,-7.309633,-3.476767,-6.967148,-6.325741,-13.991476,0.463777,0.524463,0.519874,-0.489474,
1715,1819005889,-4.851394,-5.864931,-3.808692,-17.086248,-14.907223,-49.802925,0.462512,0.518379,0.524118,-0.492615,
1716,1819022556,-9.802114,-6.277881,-3.327713,-34.473301,-10.122104,-97.791031,0.458683,0.507731,0.533471,-0.497223,
1717,1819039223,-15.642941,-7.845625,-3.186435,2.119253,-25.969143,-153.117081,0.449206,0.493894,0.543006,-0.509344,
1718,1819055890,-13.134001,-4.680320,-1.098971,-2.753490,-45.271420,-159.076248,0.440911,0.477564,0.551770,-0.522574,
1719,1819072557,-11.574296,-0.683736,1.153539,-78.766151,-4.521002,-151.129333,0.434961,0.459804,0.568037,-0.526048,
1720,1819089224,-12.851384,1.752710,-1.391568,-91.144890,29.233852,-152.942719,0.426622,0.443388,0.587129,-0.526007,
1721,1819105891,-14.601198,0.600036,-2.136813,-83.705482,41.049629,-151.492432,0.416611,0.428156,0.605884,-0.525382,
1722,1819122558,-15.846704,-4.600379,-1.459571,-32.695210,62.471199,-136.788956,0.402410,0.418690,0.620760,-0.526711,
1723,1819139225,-16.086002,-8.632558,-0.630727,-11.171936,51.507580,-102.409515,0.390360,0.412580,0.631003,-0.528427,
1724,1819155892,-11.356127,-10.077336,-1.453376,-0.830990,48.482075,-78.433235,0.379715,0.408925,0.638690,-0.529787,
1725,1819172559,-9.567025,-7.973856,-0.485529,51.334270,69.001266,-77.153595,0.364069,0.409753,0.643263,-0.534577,
1726,1819189226,-9.802933,-3.536700,0.360287,113.825020,79.135780,-82.887741,0.343150,0.413966,0.643583,-0.544688,
1727,1819205893,-10.267242,-1.269410,0.484187,168.041412,85.265114,-90.602440,0.317531,0.420340,0.639898,-0.559484,
1728,1819222560,-10.511380,-0.326903,-0.226615,193.875458,82.925430,-91.967499,0.290115,0.427157,0.633430,-0.576315,
1729,1819239227,-10.843293,-0.069726,-1.695289,162.579239,79.152267,-84.726517,0.265313,0.432586,0.628349,-0.589626,
1730,1819255894,-10.463441,-0.323586,-2.712561,108.499901,75.942642,-67.901115,0.245474,0.436906,0.626307,-0.597158,
1731,1819272561,-9.968508,0.347610,-2.019183,70.977379,58.745132,-51.423546,0.230931,0.439739,0.625639,-0.601563,
1732,1819289228,-8.828571,1.002064,-1.135036,33.559174,36.008774,-42.865685,0.221562,0.440033,0.626829,-0.603630,
1733,1819305895,-7.747826,2.033926,-1.302612,-17.411198,20.105030,-40.778728,0.217074,0.437447,0.631801,-0.601954,
1734,1819322562,-7.739673,3.144434,-1.063118,-63.598583,6.892415,-28.511057,0.217797,0.433340,0.639567,-0.596438,
1735,1819339229,-7.127067,3.465678,-1.243721,-110.224045,-6.755347,-7.382219,0.224523,0.428458,0.649493,-0.586664,
1736,1819355896,-6.965322,2.604069,-1.067302,-129.939743,-11.423434,17.379120,0.234962,0.424738,0.659200,-0.574324,
1737,1819372563,-5.858548,-0.361584,1.000147,-106.024734,-15.929632,37.355556,0.245951,0.423240,0.665309,-0.563687,
1738,1819389230,-3.489458,-7.641068,3.034748,-76.774925,-15.221293,49.370525,0.256002,0.423912,0.668154,-0.555279,
1739,1819405897,-1.756173,-13.502019,-0.607530,-102.090294,-12.292023,53.170250,0.267576,0.424147,0.672763,-0.543963,
1740,1819422564,-2.414717,-14.016371,-8.025727,-75.599922,-11.188997,40.382881,0.276334,0.424154,0.675961,-0.535550,
1741,1819439231,-6.284727,-7.008219,-7.946459,-7.099228,1.612701,23.441118,0.278260,0.426208,0.675327,-0.533717,
1742,1819455898,-6.878048,-5.804247,-7.450099,15.255069,9.206917,29.037516,0.278482,0.430299,0.672909,-0.533373,
1743,1819472565,-4.825672,-7.210332,-8.810189,25.141508,34.585072,18.915142,0.274805,0.435754,0.671364,-0.532799,
1744,1819489232,-3.129404,-6.819199,-4.689475,81.023911,42.797043,9.940439,0.266057,0.443153,0.666311,-0.537459,
1745,1819505899,-10.628545,-6.276336,5.888720,198.610428,80.300926,-6.345242,0.244671,0.456199,0.654188,-0.551416,
1746,1819522566,-21.911224,-14.731245,-5.853926,131.350143,60.628319,-16.026140,0.228669,0.464029,0.646935,-0.560238,
1747,1819539233,-12.631703,-2.929512,2.038962,134.094009,28.813850,-57.366692,0.212002,0.465256,0.640892,-0.572584,
1748,1819555900,-6.589808,6.909696,1.244156,54.757317,-5.467303,-42.311886,0.205093,0.462452,0.639196,-0.579228,
1749,1819572567,-9.604527,11.536946,-3.247426,-30.827099,-15.905258,15.767456,0.209794,0.461587,0.640449,-0.576847,
1750,1819589234,-15.908480,10.271971,-1.622660,-32.485271,-23.170990,53.178314,0.218414,0.463521,0.639067,-0.573620,
1751,1819605901,-18.767595,0.902489,-2.894090,-79.973763,-32.912426,83.753609,0.233655,0.465888,0.639148,-0.565549,
1752,1819622568,-16.810501,-9.655750,-3.610102,-85.955368,-43.413254,113.110588,0.252605,0.469741,0.637130,-0.556420,
1753,1819639235,-9.216966,-11.623445,-3.126885,-13.250869,-32.320599,115.122772,0.265629,0.477169,0.629255,-0.552985,
1754,1819655902,-9.013931,-5.190784,-1.940763,60.381504,-11.803961,106.394707,0.270880,0.488147,0.616666,-0.555034,
1755,1819672569,-10.404013,0.248265,-1.446436,50.362816,-14.536497,104.599594,0.276862,0.498204,0.604723,-0.556285,
1756,1819689236,-11.611544,1.857860,-1.323312,19.256826,-24.440680,114.761742,0.286714,0.506960,0.593988,-0.554949,
1757,1819705903,-12.416233,0.248535,-1.646000,-17.798388,-34.722385,116.962250,0.300279,0.513378,0.585472,-0.550909,
1758,1819722570,-12.272358,-2.570130,-1.806265,-44.365543,-47.513622,107.370903,0.316054,0.516631,0.579054,-0.545804,
1759,1819739237,-10.363244,-4.690732,-1.900640,-58.200253,-54.581642,94.069244,0.332307,0.517400,0.574222,-0.540501,
1760,1819755904,-8.683008,-4.477064,-1.495650,-61.864521,-57.611252,82.615814,0.348086,0.516640,0.570220,-0.535511,
1761,1819772571,-7.522110,-3.915098,-1.720333,-67.170738,-56.569786,73.028412,0.363334,0.514751,0.567244,-0.530337,
1762,1819789238,-6.820029,-3.570118,-1.966768,-56.254478,-49.453022,69.880226,0.376844,0.513602,0.563899,-0.525569,
1763,1819805905,-6.838288,-3.616353,-2.137738,-40.558636,-42.604809,73.052292,0.388787,0.513994,0.559381,-0.521298,
1764,1819822572,-6.733226,-3.779564,-2.342134,-28.356867,-37.379292,75.096161,0.399481,0.515549,0.553985,-0.517424,
1765,1819839239,-6.844890,-3.471827,-2.241003,-18.231743,-31.118099,74.722923,0.408821,0.518057,0.548137,-0.513840,
1766,1819855906,-6.822011,-3.096313,-1.683466,-21.777277,-29.984831,73.339317,0.418178,0.520255,0.542649,-0.509900,
1767,1819872573,-6.514756,-2.734745,-1.520221,-26.269491,-33.841537,69.851295,0.427861,0.521546,0.537450,-0.506038,
1768,1819889240,-6.271133,-3.280517,-1.793773,-30.393505,-34.056801,62.669964,0.437289,0.521936,0.533017,-0.502252,
1769,1819905907,-6.049781,-4.441835,-2.052997,-30.054005,-32.208942,55.923412,0.446005,0.521900,0.529128,-0.498725,
1770,1819922574,-5.913718,-5.668818,-2.749766,-26.706984,-27.787420,49.443245,0.453614,0.521854,0.525728,-0.495495,
1771,1819939241,-5.867447,-6.590300,-3.400391,-13.576097,-21.869028,44.356945,0.459376,0.522677,0.522125,-0.493123,
1772,1819955908,-5.818133,-6.714945,-3.689438,-13.971679,-12.146225,39.100876,0.464030,0.523748,0.519578,-0.490312,
1773,1819972575,-5.471756,-7.188424,-4.101875,-13.057974,-3.541963,22.779327,0.466786,0.524247,0.518779,-0.488005,
1774,1819989242,-5.578019,-7.308932,-4.315406,-10.698418,-3.152387,-5.702299,0.467304,0.522779,0.520007,-0.487775,
1775,1820005909,-4.781061,-7.513796,-5.943542,-18.878752,-15.757952,-36.988338,0.467164,0.517482,0.523328,-0.490002,
1776,1820022576,-6.471864,-8.544497,-4.541981,-21.441200,-12.879974,-73.089561,0.464381,0.509422,0.529701,-0.494226,
1777,1820039243,-11.788360,-9.542206,-2.161561,9.777856,-12.186015,-125.710602,0.455336,0.499344,0.537651,-0.504241,
1778,1820055910,-11.869484,-7.683247,0.087027,7.914687,-31.098637,-153.870667,0.445637,0.485334,0.546295,-0.517129,
1779,1820072577,-11.283776,-3.136647,2.213115,-30.268970,0.948561,-161.885635,0.435235,0.470350,0.560151,-0.524953,
1780,1820089244,-13.055337,0.918074,-0.778631,-17.639135,37.480164,-175.021942,0.419711,0.457582,0.575892,-0.531802,
1781,1820105911,-16.358927,2.375335,-2.876112,-1.372760,57.418552,-174.475647,0.401178,0.447070,0.591144,-0.538272,
1782,1820122578,-18.769894,-1.017878,-1.785287,-36.184303,54.463139,-156.720627,0.386282,0.435520,0.607394,-0.540540,
1783,1820139245,-21.002686,-6.762246,-2.081949,-66.766983,46.043236,-124.638466,0.376377,0.424185,0.623208,-0.538538,
1784,1820155912,-15.252948,-8.816787,-3.003272,-59.288582,27.777102,-102.216026,0.369271,0.413690,0.635802,-0.536897,
1785,1820172579,-11.296758,-8.047620,-1.499061,-53.681267,39.405277,-89.626717,0.361624,0.405445,0.647637,-0.534239,
1786,1820189246,-9.411221,-8.153747,-0.083598,12.535284,57.396744,-88.517296,0.348370,0.402079,0.655040,-0.536560,
1787,1820205913,-9.623771,-4.991777,1.077459,104.044434,75.228821,-96.183907,0.327328,0.403850,0.656391,-0.546732,
1788,1820222580,-10.101457,-2.554762,0.889402,164.640091,84.595428,-102.713364,0.301069,0.408322,0.653258,-0.562038,
1789,1820239247,-9.846793,-1.654896,0.002436,203.648010,87.845146,-96.008003,0.272407,0.414957,0.645964,-0.579947,
1790,1820255914,-8.789787,-0.675280,-1.390984,184.725616,78.690689,-84.754723,0.246390,0.420661,0.638496,-0.595535,
1791,1820272581,-7.718642,-0.028497,-1.933218,141.966751,69.623383,-74.074524,0.224553,0.424692,0.633224,-0.606831,
1792,1820289248,-7.725390,1.062988,-1.219367,94.141937,52.713493,-62.680557,0.208122,0.426511,0.630604,-0.614097,
1793,1820305915,-7.910010,1.568702,-1.344462,36.215916,35.259247,-56.269665,0.197412,0.425509,0.632087,-0.616798,
1794,1820322582,-8.954489,2.490515,-1.257709,-17.837620,23.857185,-45.240959,0.192067,0.422907,0.637347,-0.614859,
1795,1820339249,-9.080258,3.681810,-1.569907,-75.174866,4.997475,-25.294189,0.193765,0.418823,0.645916,-0.608143,
1796,1820355916,-8.305449,4.163916,-2.080724,-132.241928,-10.014468,-1.799672,0.202379,0.413906,0.657509,-0.596162,
1797,1820372583,-7.031137,2.089646,-1.870855,-151.039230,-19.018898,15.690656,0.214417,0.409147,0.669126,-0.582149,
1798,1820389250,-6.124744,-0.232976,0.032946,-126.958038,-18.676916,36.503765,0.226659,0.407015,0.677183,-0.569553,
1799,1820405917,-3.897937,-6.817632,1.606226,-108.104080,-25.240788,53.650074,0.239774,0.406508,0.682210,-0.558438,
1800,1820422584,-0.834649,-15.803849,-0.668723,-91.247879,-14.536322,56.819267,0.251019,0.407655,0.685858,-0.548095,
1801,1820439251,-0.653516,-16.571079,-6.394046,-60.119934,-9.663475,37.543564,0.258347,0.408330,0.688225,-0.541177,
1802,1820455918,-4.644072,-9.713308,-12.390612,-41.638046,10.701509,24.840353,0.261514,0.409995,0.690605,-0.535334,
1803,1820472585,-7.433763,-8.416607,-9.423643,32.369492,33.507366,33.597557,0.258639,0.417106,0.687528,-0.535198,
1804,1820489252,-5.879791,-9.162616,-6.904835,57.217651,45.936745,20.031160,0.251932,0.424723,0.683744,-0.537250,
1805,1820505919,-3.822681,-6.189308,-6.103830,119.660446,40.629017,-3.021944,0.240035,0.431822,0.676156,-0.546562,
1806,1820522586,-4.806836,-1.692927,5.180189,308.571686,91.529945,-19.703978,0.209647,0.447370,0.655527,-0.571136,
1807,1820539253,-19.648598,-9.853478,1.081523,-11.307432,16.620676,15.525567,0.209899,0.449811,0.656160,-0.568392,
1808,1820555920,-15.728997,-3.575622,1.568613,90.596207,20.427254,-1.999529,0.201655,0.453962,0.649566,-0.575606,
1809,1820572587,-9.763999,0.483602,-2.704327,67.868584,3.878166,-3.776360,0.196300,0.455830,0.644414,-0.581738,
1810,1820589254,-9.781016,7.396826,-0.934863,-14.408870,-13.059564,25.139849,0.200426,0.456601,0.643785,-0.580422,
1811,1820605921,-14.443340,9.261552,-0.369618,-10.333661,-18.273224,66.899605,0.208286,0.460935,0.639847,-0.578580,
1812,1820622588,-17.509199,2.887480,-2.851073,-49.243187,-32.667358,91.735283,0.222153,0.465114,0.636969,-0.573228,
1813,1820639255,-18.367493,-3.513734,-3.010540,-89.537567,-44.737236,107.542938,0.241109,0.468289,0.635767,-0.564248,
1814,1820655922,-11.776361,-8.453571,-3.149839,-68.796440,-50.786636,114.279724,0.259660,0.472113,0.631912,-0.557114,
1815,1820672589,-8.675288,-7.067842,-3.030561,1.920224,-30.750380,116.116524,0.271570,0.480229,0.622730,-0.554833,
1816,1820689256,-9.413589,-1.382785,-1.708529,31.229609,-24.349804,112.338234,0.280467,0.489535,0.611517,-0.554746,
1817,1820705923,-10.526164,0.903616,-1.687081,7.754624,-30.576132,114.532532,0.291686,0.497435,0.601609,-0.552763,
1818,1820722590,-11.643155,-0.081141,-1.566975,-30.324760,-41.365887,119.474205,0.306910,0.503125,0.593755,-0.547841,
1819,1820739257,-11.765249,-2.004872,-1.632802,-58.708393,-52.806339,115.751915,0.324786,0.506125,0.587697,-0.541264,
1820,1820755924,-10.883077,-4.195258,-1.733939,-67.622429,-60.832916,103.930122,0.342945,0.506858,0.582596,-0.534855,
1821,1820772591,-9.122109,-4.843759,-1.671046,-53.738514,-60.842712,90.302170,0.358899,0.506949,0.577213,-0.530116,
1822,1820789258,-7.401824,-3.861976,-1.716302,-46.448132,-57.930359,78.571228,0.373069,0.506520,0.572127,-0.526242,
1823,1820805925,-7.115245,-3.135014,-1.764031,-49.793514,-51.763618,71.354126,0.386334,0.505666,0.568034,-0.521908,
1824,1820822592,-7.346684,-2.659903,-1.978433,-41.746765,-47.784966,68.632858,0.398396,0.505242,0.563643,-0.517997,
1825,1820839259,-7.419677,-2.745746,-2.167063,-36.578526,-43.856907,67.949371,0.409636,0.505271,0.559044,-0.514172,
1826,1820855926,-7.294639,-3.160596,-2.150896,-33.508888,-40.731747,65.867165,0.420177,0.505468,0.554470,-0.510411,
1827,1820872593,-7.015338,-3.390549,-2.006407,-32.199821,-37.105537,65.395966,0.430233,0.505905,0.549976,-0.506447,
1828,1820889260,-6.833934,-3.319927,-1.929348,-30.115404,-33.570080,64.499786,0.439730,0.506594,0.545544,-0.502378,
1829,1820905927,-6.896934,-3.036971,-1.997730,-33.879345,-31.823494,62.612965,0.449172,0.506956,0.541570,-0.497941,
1830,1820922594,-6.933661,-3.691239,-2.022014,-51.880661,-36.971992,61.971119,0.460234,0.505645,0.538534,-0.492435,
1831,1820939261,-6.242599,-5.085351,-2.612180,-54.567329,-38.889317,61.083496,0.471502,0.503863,0.535538,-0.486837,
1832,1820955928,-5.368698,-6.426705,-3.315849,-40.763935,-34.037792,58.209244,0.481106,0.503071,0.532029,-0.482084,
1833,1820972595,-5.820285,-7.119184,-3.775513,-12.923429,-24.565771,54.485435,0.487627,0.504551,0.527451,-0.479005,
1834,1820989262,-6.826812,-6.591566,-3.652057,7.681461,-19.936106,49.325317,0.491888,0.507385,0.522112,-0.477502,
1835,1821005929,-7.116608,-6.114587,-3.458376,4.483993,-15.322297,34.308449,0.494968,0.509149,0.518413,-0.476471,
1836,1821022596,-7.514532,-5.504287,-3.989826,-1.575976,-13.604221,4.663775,0.496303,0.508352,0.517447,-0.476984,
1837,1821039263,-7.650208,-5.173245,-4.271505,-21.010170,-17.003151,-33.092331,0.496698,0.503063,0.520366,-0.479000,
1838,1821055930,-11.706501,-7.763861,-4.938052,-16.444014,-2.204490,-83.357262,0.492086,0.495280,0.527664,-0.483863,
1839,1821072597,-11.116446,-9.804760,-3.222877,12.761698,-23.211645,-108.531807,0.485103,0.486070,0.533105,-0.494179,
1840,1821089264,-9.310893,-7.399600,1.370405,-52.585880,-7.163262,-118.891983,0.480592,0.472445,0.544940,-0.498869,
1841,1821105931,-12.129841,-1.328316,1.234374,-61.900627,15.358849,-150.278076,0.472432,0.457091,0.560925,-0.503233,
1842,1821122598,-14.573099,1.835605,-0.715607,-52.437263,31.842031,-175.689163,0.460126,0.441217,0.578666,-0.508685,
1843,1821139265,-15.924502,-0.315935,-1.892125,-11.976575,41.473850,-182.614410,0.443554,0.427850,0.594066,-0.517003,
1844,1821155932,-16.400795,-4.737055,-2.049468,22.124714,55.253277,-148.423264,0.425951,0.420392,0.605275,-0.524864,
1845,1821172599,-15.621184,-7.341890,-2.202185,10.171304,44.067432,-105.034622,0.413195,0.414983,0.613796,-0.529449,
1846,1821189266,-11.845516,-8.971026,-2.212524,-23.200531,44.631992,-95.713699,0.403008,0.408331,0.624193,-0.530318,
1847,1821205933,-10.543991,-6.790854,-0.931515,-0.812933,57.576466,-98.122322,0.390020,0.403659,0.633597,-0.532449,
1848,1821222600,-9.861151,-3.302957,0.395088,53.125202,69.965630,-101.419769,0.372337,0.402567,0.639507,-0.538831,
1849,1821239267,-9.927094,-1.397829,1.170433,119.772453,82.608383,-105.500397,0.349057,0.405477,0.640771,-0.550603,
1850,1821255934,-9.936396,-0.842821,1.006077,178.049484,86.834297,-109.385872,0.321328,0.410961,0.637241,-0.567262,
1851,1821272601,-9.425466,-0.678067,0.595892,183.330215,77.861488,-106.376610,0.294016,0.415784,0.631982,-0.584191,
1852,1821289268,-8.741798,-1.156997,-1.613810,122.472641,65.982887,-97.605934,0.271971,0.417449,0.630317,-0.595375,
1853,1821305935,-8.335429,-1.386410,-3.179342,69.421310,63.732002,-81.976929,0.254578,0.418055,0.631907,-0.600930,
1854,1821322602,-8.886769,0.217200,-2.683576,36.386238,57.794781,-63.126617,0.241319,0.418543,0.634851,-0.602954,
1855,1821339269,-9.069839,2.853230,-1.792540,-17.776545,41.802711,-45.058773,0.234387,0.417339,0.640795,-0.600230,
1856,1821355936,-8.737643,4.579464,-2.088655,-94.202095,21.545874,-26.217531,0.235592,0.413454,0.651476,-0.590876,
1857,1821372603,-7.575008,5.363782,-1.474374,-140.253448,1.074956,-7.127024,0.243073,0.407910,0.664056,-0.577545,
1858,1821389270,-6.650268,4.665663,-0.865494,-169.580780,-3.647688,20.719379,0.254965,0.403411,0.676931,-0.560375,
1859,1821405937,-5.048094,-5.042270,5.170328,-80.062187,-8.778026,55.806625,0.264868,0.405103,0.679982,-0.550785,
1860,1821422604,0.314760,-18.210823,5.942599,-44.502022,-8.325850,45.730251,0.271786,0.407145,0.680697,-0.544996,
1861,1821439271,-0.907742,-17.951202,-11.463533,-87.970901,-12.527384,20.476038,0.279652,0.404578,0.686097,-0.536084,
1862,1821455938,-4.731771,-7.744222,-15.192230,-15.220738,28.992626,21.959316,0.279175,0.408310,0.687358,-0.531871,
1863,1821472605,-6.991268,-7.148578,-5.519870,91.825134,54.050095,33.925846,0.270717,0.419464,0.680546,-0.536305,
1864,1821489272,-4.753608,-7.633798,-3.631951,62.889526,40.198372,15.136666,0.263876,0.426458,0.676462,-0.539356,
1865,1821505939,-2.384084,-3.891879,-4.307504,148.318481,44.927437,-5.439919,0.249574,0.434942,0.666924,-0.551139,
1866,1821522606,-5.288997,3.801812,4.054163,357.937347,107.082542,-9.003903,0.215281,0.454910,0.641923,-0.578488,
1867,1821539273,-16.406267,-0.402925,8.074268,-95.073914,8.939720,13.078018,0.221629,0.453792,0.649480,-0.568448,
1868,1821555940,-17.215086,-19.484118,-14.902074,80.440079,45.533424,9.667878,0.212616,0.460948,0.643803,-0.572576,
1869,1821572607,-13.449357,-0.401290,5.965111,125.387016,28.500801,-33.640728,0.198517,0.463892,0.636583,-0.583233,
1870,1821589274,-15.342460,11.387914,1.133833,66.469261,7.184449,-15.906698,0.191826,0.464860,0.632395,-0.589226,
1871,1821605941,-18.147022,14.252264,-2.044619,-4.084678,-21.489002,71.502342,0.200021,0.469395,0.627474,-0.588166,
1872,1821622608,-19.796507,8.343827,-2.704775,-74.470909,-32.414677,115.317184,0.217719,0.474827,0.625097,-0.579996,
1873,1821639275,-19.329597,-4.239396,-3.383897,-125.537979,-60.960102,130.171188,0.242669,0.477307,0.624726,-0.568340,
1874,1821655942,-11.439199,-14.212131,-4.215059,-55.393715,-52.929020,142.604202,0.262892,0.483744,0.617567,-0.561689,
1875,1821672609,-8.166679,-7.719285,-2.167553,45.890038,-14.404806,137.918152,0.272014,0.496539,0.603633,-0.561327,
1876,1821689276,-10.159536,-1.677070,-1.082569,56.581627,-9.305541,116.192200,0.278035,0.508071,0.590359,-0.562174,
1877,1821705943,-11.726371,1.225336,-0.858961,7.922256,-23.934559,106.124252,0.288004,0.515424,0.581042,-0.560165,
1878,1821722610,-12.249509,0.944711,-1.774339,-55.766010,-43.619335,105.707817,0.304295,0.518323,0.575951,-0.554103,
1879,1821739277,-11.000817,-1.440134,-1.896190,-91.692169,-60.929974,103.237938,0.324422,0.517818,0.572940,-0.546221,
1880,1821755944,-8.221726,-3.914773,-1.443381,-84.880127,-67.065033,89.699898,0.343329,0.515790,0.569862,-0.539765,
1881,1821772611,-5.923480,-4.476633,-2.094546,-69.127052,-64.213676,72.947716,0.359381,0.513200,0.566745,-0.535046,
1882,1821789278,-5.534357,-4.155687,-2.727554,-57.846039,-55.391182,61.067554,0.372847,0.510776,0.563955,-0.531084,
1883,1821805945,-6.450883,-3.426073,-3.052100,-43.318951,-47.408150,58.440765,0.384307,0.509447,0.560569,-0.527766,
1884,1821822612,-7.130760,-2.442169,-2.439514,-38.001583,-42.093723,61.979515,0.395153,0.509035,0.556726,-0.524211,
1885,1821839279,-7.122451,-2.356654,-1.824375,-35.049404,-39.633572,68.349457,0.406006,0.509420,0.552245,-0.520268,
1886,1821855946,-6.688830,-2.511171,-1.840190,-29.462915,-34.690437,72.948174,0.416335,0.510801,0.547208,-0.516057,
1887,1821872613,-6.950828,-2.680215,-1.906189,-21.768316,-29.153286,72.575294,0.425563,0.512959,0.541879,-0.511996,
1888,1821889280,-7.012869,-3.069509,-2.031894,-21.894745,-30.745007,71.190865,0.434765,0.514814,0.536492,-0.508061,
1889,1821905947,-6.873669,-3.666466,-1.912359,-35.876751,-34.850998,71.068893,0.445262,0.515397,0.531812,-0.503277,
1890,1821922614,-7.135369,-4.152071,-2.226381,-43.722820,-36.530151,69.758347,0.456308,0.515164,0.527610,-0.498016,
1891,1821939281,-6.579179,-5.578417,-3.035563,-46.779144,-35.448658,65.648918,0.467127,0.514406,0.523924,-0.492631,
1892,1821955948,-6.591798,-6.823274,-3.113205,-29.807018,-29.253925,61.022865,0.475807,0.514822,0.519720,-0.488324,
1893,1821972615,-6.764554,-6.444051,-3.106728,-14.975135,-21.878437,54.877113,0.482336,0.516275,0.515386,-0.484967,
1894,1821989282,-7.812151,-4.864707,-2.720233,-18.315155,-21.179340,34.714100,0.487611,0.516002,0.512823,-0.482694,
1895,1822005949,-8.291428,-4.759079,-2.617370,-54.213886,-31.456303,8.038217,0.494443,0.510438,0.514023,-0.480378,
1896,1822022616,-7.164019,-5.743437,-3.026721,-67.027374,-44.963974,-15.489764,0.501533,0.501192,0.516836,-0.479744,
1897,1822039283,-7.974152,-4.601278,-1.587425,-68.326942,-47.667049,-47.063133,0.506631,0.489204,0.521758,-0.481432,
1898,1822055950,-12.835896,-8.068430,-3.562044,-37.683235,-38.236595,-96.904099,0.505225,0.476237,0.528656,-0.488336,
1899,1822072617,-11.349005,-10.017226,-1.081772,-20.409103,-41.206608,-118.505341,0.501158,0.462522,0.535445,-0.498212,
1900,1822089284,-10.063137,-7.161690,0.861874,-51.790257,-0.437737,-126.759613,0.495239,0.448654,0.547835,-0.503317,
1901,1822105951,-10.922361,-2.521806,-2.154590,-0.615885,31.234991,-133.577957,0.482753,0.440063,0.558982,-0.510721,
1902,1822122618,-11.699571,-1.655502,-3.379988,36.868179,57.350517,-135.326508,0.465398,0.435703,0.569038,-0.519391,
1903,1822139285,-14.197747,-3.560828,-2.945342,96.342735,82.571419,-136.801529,0.441786,0.436880,0.576049,-0.531161,
1904,1822155952,-16.458715,-5.051097,-2.057749,74.333595,83.638519,-131.744324,0.419565,0.436847,0.584107,-0.540326,
1905,1822172619,-17.113098,-5.530989,-1.795504,19.768042,67.843956,-121.950546,0.402697,0.432840,0.594553,-0.544972,
1906,1822189286,-14.932961,-4.679520,-0.762038,3.979953,57.277882,-115.423904,0.388093,0.427464,0.604986,-0.548319,
1907,1822205953,-12.863990,-3.656827,0.326973,14.112096,58.961494,-115.832962,0.372536,0.422601,0.614509,-0.552274,
1908,1822222620,-10.429223,-3.133665,0.645088,49.173622,66.770775,-123.101059,0.353386,0.419437,0.621824,-0.559044,
1909,1822239287,-9.286323,-2.230823,0.574935,74.576508,77.296066,-127.080811,0.331222,0.417849,0.627523,-0.567373,
1910,1822255954,-8.819706,-1.780851,0.235296,79.740860,81.892441,-118.526474,0.308837,0.417423,0.632127,-0.575149,
1911,1822272621,-8.068689,-1.209444,-0.276428,79.078415,75.984970,-106.010300,0.287915,0.417399,0.635418,-0.582350,
1912,1822289288,-8.046504,-0.871703,-0.857649,68.761841,68.920235,-97.521957,0.268861,0.416939,0.638481,-0.588405,
1913,1822305955,-7.824128,-0.535483,-1.139707,53.443813,61.676521,-85.114334,0.252376,0.416265,0.641592,-0.592784,
1914,1822322622,-8.126414,0.036494,-1.459296,29.688580,54.370789,-70.289841,0.239228,0.415372,0.645427,-0.594697,
1915,1822339289,-8.709955,1.319638,-1.428196,3.482436,44.246456,-51.701706,0.230187,0.414375,0.649957,-0.594026,
1916,1822355956,-8.700997,2.334126,-1.755826,-28.852322,36.144932,-31.227179,0.225612,0.413496,0.655718,-0.590049,
1917,1822372623,-8.405243,2.769464,-1.524390,-53.989311,20.243513,-9.100019,0.225949,0.412510,0.661735,-0.583860,
1918,1822389290,-7.001837,2.801278,-1.261909,-87.171883,21.494665,12.537849,0.229968,0.412571,0.669228,-0.573617,
1919,1822405957,-6.695172,-3.408552,3.535562,-30.534269,13.787418,40.211048,0.233623,0.416530,0.669999,-0.568355,
1920,1822422624,-4.026126,-8.606764,3.017194,-29.400612,2.988992,34.802456,0.237804,0.419087,0.670601,-0.564015,
1921,1822439291,-4.633902,-9.801147,-5.081871,-61.531174,-2.217678,37.073227,0.244618,0.420293,0.673470,-0.556738,
1922,1822455958,-5.478016,-5.720938,-8.362197,-14.843543,4.764031,44.352043,0.248462,0.424406,0.672310,-0.553307,
1923,1822472625,-6.948038,-4.618002,-5.897333,17.611643,17.900494,47.410095,0.249251,0.431026,0.668792,-0.552097,
1924,1822489292,-6.626827,-7.023840,-4.177484,5.260237,20.747414,37.363365,0.249718,0.436429,0.666967,-0.549844,
1925,1822505959,-5.793671,-8.220434,-3.449335,-15.295688,12.381825,32.950233,0.251939,0.439974,0.666740,-0.546270,
1926,1822522626,-4.974653,-6.417976,-2.545329,3.292066,2.547260,25.884035,0.253356,0.442723,0.665115,-0.545374,
1927,1822539293,-6.361736,-3.289700,0.537157,83.211548,30.870516,21.121063,0.246484,0.450161,0.658439,-0.550511,
1928,1822555960,-18.671570,-6.524964,-3.545626,-11.455324,54.714394,29.286629,0.244150,0.456837,0.659577,-0.544658,
1929,1822572627,-18.127958,-15.099190,-7.824438,131.415497,71.681030,7.640919,0.228915,0.467727,0.651252,-0.552000,
1930,1822589294,-10.959846,0.231888,9.705486,210.380341,25.107779,-43.072487,0.208481,0.472361,0.638014,-0.571272,
1931,1822605961,-7.426352,7.309017,0.554807,-0.505533,-28.140760,-25.433626,0.208837,0.467573,0.639142,-0.573815,
1932,1822622628,-11.467562,13.041284,-1.968209,-50.980293,-42.157463,47.442974,0.219997,0.466819,0.639045,-0.570356,
1933,1822639295,-13.382365,8.417372,-2.708955,-85.402870,-54.690529,86.795738,0.237872,0.467466,0.638566,-0.563142,
1934,1822655962,-15.004369,-1.230709,-4.768778,-87.618378,-47.871292,102.216972,0.256438,0.469843,0.637200,-0.554498,
1935,1822672629,-15.324401,-11.655956,-4.275228,-68.009491,-34.970802,112.294868,0.273178,0.474735,0.633785,-0.546187,
1936,1822689296,-9.166119,-10.081076,-3.308910,-3.831586,-22.794069,109.537430,0.284057,0.482738,0.625742,-0.542886,
1937,1822705963,-9.027266,-2.785363,-1.458585,38.106884,-10.401978,97.335533,0.289831,0.492223,0.615607,-0.542905,
1938,1822722630,-10.080821,1.136424,-1.129595,17.431877,-20.738167,96.161514,0.297855,0.499810,0.606619,-0.541746,
1939,1822739297,-11.563942,0.954627,-1.046872,-0.766798,-33.314617,101.703606,0.308685,0.505998,0.597984,-0.539535,
1940,1822755964,-11.746696,-0.513998,-1.902503,-24.516890,-44.278446,98.821510,0.321916,0.509884,0.590785,-0.536063,
1941,1822772631,-10.975641,-2.876505,-2.449043,-51.042645,-54.032539,87.705101,0.337002,0.510680,0.585866,-0.531414,
1942,1822789298,-9.898226,-3.928075,-2.038694,-62.691910,-57.901196,80.659081,0.352644,0.509861,0.582016,-0.526255,
1943,1822805965,-8.822334,-3.379903,-1.776378,-58.705967,-57.142281,76.352737,0.367499,0.508800,0.578060,-0.521456,
1944,1822822632,-7.737028,-3.140257,-1.985867,-44.888763,-53.104023,68.844223,0.380339,0.508036,0.573696,-0.517801,
1945,1822839299,-7.158872,-3.292515,-2.316787,-26.459440,-46.384937,63.289352,0.390773,0.508248,0.568629,-0.515408,
1946,1822855966,-7.522091,-3.111460,-2.216143,-11.853824,-39.290272,63.833492,0.399531,0.509801,0.562757,-0.513600,
1947,1822872633,-7.841930,-2.450395,-1.768129,-5.331224,-35.125038,66.569427,0.407622,0.512209,0.556373,-0.511800,
1948,1822889300,-8.231059,-1.438202,-1.203938,-3.581332,-33.297493,69.140411,0.415577,0.515004,0.549711,-0.509792,
1949,1822905967,-8.398937,-1.702556,-1.227774,-10.299520,-31.829473,67.472588,0.423745,0.517309,0.543695,-0.507179,
1950,1822922634,-8.154021,-2.299914,-1.147698,-31.353287,-37.478626,66.752197,0.433837,0.517776,0.538870,-0.503306,
1951,1822939301,-7.579607,-3.039589,-1.622272,-53.380154,-36.440605,69.617851,0.445645,0.517068,0.535419,-0.497365,
1952,1822955968,-6.864706,-4.173087,-2.526963,-73.431595,-37.610077,74.880493,0.459332,0.515270,0.532828,-0.489499,
1953,1822972635,-5.071535,-5.810324,-3.527046,-62.019943,-35.219963,78.239906,0.472103,0.514537,0.529202,-0.481994,
1954,1822989302,-3.759956,-7.112302,-3.583528,-39.895943,-26.314001,72.190506,0.482016,0.515382,0.524989,-0.475848,
1955,1823005969,-5.458638,-7.509480,-3.091037,-5.212992,-11.483824,51.381268,0.486703,0.518041,0.520922,-0.472648,
1956,1823022636,-8.080123,-7.607332,-3.066812,17.121264,-10.132716,25.349949,0.487796,0.520382,0.517359,-0.472865,
1957,1823039303,-8.093140,-6.547312,-3.718636,7.016068,-21.199530,3.344993,0.488963,0.519579,0.515366,-0.474714,
1958,1823055970,-6.796105,-5.325301,-4.915025,-4.614502,-25.925940,-16.945227,0.489952,0.516094,0.515368,-0.477486,
1959,1823072637,-8.537507,-4.988939,-3.547884,-26.374079,-19.387287,-47.838730,0.489914,0.509173,0.519643,-0.480315,
1960,1823089304,-12.632597,-8.424108,-2.955246,5.230241,-21.952726,-94.052498,0.484431,0.500760,0.524879,-0.488949,
1961,1823105971,-9.363482,-8.338348,-0.720116,38.380650,-41.532463,-107.247505,0.476963,0.492153,0.527205,-0.502344,
1962,1823122638,-8.830678,-5.370527,0.114695,-27.518209,-8.684988,-114.232254,0.471033,0.480686,0.536964,-0.508667,
1963,1823139305,-12.551703,-0.437023,-1.542281,-20.525421,23.670015,-134.825729,0.460395,0.470309,0.549669,-0.514503,
1964,1823155972,-15.015697,0.896066,-2.658539,-4.283782,24.250347,-150.704010,0.447199,0.459579,0.562031,-0.522423,
1965,1823172639,-15.238424,-2.089355,-2.201877,23.329226,38.484055,-149.113907,0.430885,0.451620,0.572825,-0.531275,
1966,1823189306,-15.109328,-5.772023,-1.685859,47.954376,56.678501,-118.833641,0.413573,0.448919,0.580595,-0.538833,
1967,1823205973,-13.604817,-7.034351,-1.894892,9.295053,48.471874,-99.251183,0.400868,0.444747,0.589423,-0.542299,
1968,1823222640,-12.214724,-6.923602,-2.149338,-14.528477,50.929749,-105.080544,0.388919,0.438753,0.600482,-0.543749,
1969,1823239307,-12.198184,-4.743111,-1.035478,12.678016,57.421299,-113.843628,0.373844,0.433900,0.610118,-0.547477,
1970,1823255974,-11.391417,-1.978642,0.387381,50.771183,68.733566,-118.389526,0.354846,0.431438,0.617373,-0.553895,
1971,1823272641,-11.368245,-0.684403,1.224248,97.062622,80.836853,-121.506897,0.331410,0.431819,0.621371,-0.563560,
1972,1823289308,-10.175593,-0.172078,1.304136,126.097603,76.589722,-121.102135,0.306331,0.432978,0.622313,-0.575692,
1973,1823305975,-8.733971,-0.485753,0.624204,109.137451,68.166977,-119.853363,0.282967,0.432478,0.623770,-0.586350,
1974,1823322642,-8.048652,-1.805575,-1.466473,65.719139,61.586349,-113.209808,0.263341,0.429993,0.627893,-0.592883,
1975,1823339309,-8.213724,-2.116760,-2.549691,39.329494,64.437897,-97.467743,0.246361,0.428013,0.633171,-0.595994,
1976,1823355976,-9.354157,-0.504109,-1.920348,23.852406,56.331062,-79.505875,0.232580,0.426313,0.638207,-0.597376,
1977,1823372643,-9.553720,2.085096,-1.393832,-13.798328,36.934185,-63.369213,0.224297,0.423080,0.644748,-0.595817,
1978,1823389310,-9.005511,3.680330,-1.939996,-77.398758,21.934345,-44.201614,0.222963,0.418205,0.655031,-0.588498,
1979,1823405977,-8.143542,5.200436,-2.106221,-122.416733,7.867338,-25.385511,0.227262,0.412352,0.667394,-0.576980,
1980,1823422644,-7.281813,3.577931,-0.244966,-124.413895,7.525071,1.689231,0.233913,0.408896,0.678064,-0.564200,
1981,1823439311,-4.872021,-5.800908,4.844943,-43.901573,2.808631,26.857388,0.238263,0.410195,0.680338,-0.558672,
1982,1823455978,-1.981720,-14.029693,3.102304,-49.072540,7.720180,24.895077,0.242262,0.411494,0.683276,-0.552376,
1983,1823472645,-3.516384,-12.931373,-8.271349,-87.450188,-0.681561,25.088554,0.249376,0.410733,0.688907,-0.542698,
1984,1823489312,-5.011553,-6.507917,-11.925449,-20.446434,15.224666,36.815975,0.251788,0.414786,0.689052,-0.538299,
1985,1823505979,-5.436656,-5.403663,-5.489500,71.676392,25.356512,44.099129,0.248171,0.423694,0.681850,-0.542197,
1986,1823522646,-4.076006,-6.320235,-3.313769,44.419956,19.970737,29.287760,0.245570,0.429678,0.677440,-0.544198,
1987,1823539313,-3.723069,-5.510778,-3.873827,52.688622,10.470335,22.962439,0.242870,0.434552,0.672385,-0.547796,
1988,1823555980,-4.051151,-2.306072,-1.042654,164.383682,33.891544,16.565977,0.230229,0.444467,0.659441,-0.560879,
1989,1823572647,-14.564081,-5.847851,6.679059,61.206890,40.761269,31.398937,0.224725,0.452747,0.653942,-0.562922,
1990,1823589314,-20.865633,-18.828722,-12.200506,-32.155411,28.343031,14.611567,0.225158,0.455322,0.656726,-0.557404,
1991,1823605981,-12.947044,1.754794,6.828601,272.101288,42.109196,-22.051716,0.200973,0.465096,0.637186,-0.580770,
1992,1823622648,-10.838616,9.363283,0.999785,-34.866940,-32.101681,-8.778005,0.205382,0.460475,0.639971,-0.579845,
1993,1823639315,-14.096138,15.165339,-1.863730,-15.320854,-18.078228,68.290001,0.213667,0.464762,0.636313,-0.577453,
1994,1823655982,-17.799257,7.714121,-2.554415,-88.862541,-29.872030,113.169266,0.231728,0.469799,0.635252,-0.567493,
1995,1823672649,-19.867599,-2.091326,-3.017538,-110.992821,-48.100891,128.637741,0.254140,0.473758,0.633993,-0.555898,
1996,1823689316,-13.052880,-12.590720,-3.767090,-77.197823,-52.387417,134.314301,0.274926,0.478857,0.629066,-0.547167,
1997,1823705983,-7.182145,-10.202753,-2.931253,26.810472,-28.718357,126.364212,0.285543,0.489049,0.617073,-0.546370,
1998,1823722650,-8.506570,-1.772460,-1.902600,46.064545,-15.109164,111.256401,0.292272,0.499603,0.604987,-0.546780,
1999,1823739317,-10.666718,3.091658,-1.520850,-1.218561,-30.395439,116.639214,0.304123,0.507255,0.595437,-0.543746,
2000,1823755984,-11.326312,1.918408,-1.603757,-34.832634,-48.668667,125.053963,0.320597,0.512527,0.586908,-0.538586,
2001,1823772651,-11.429487,-0.952859,-1.956050,-57.819363,-58.455341,117.381447,0.338888,0.515096,0.580052,-0.532329,
2002,1823789318,-10.646014,-4.311646,-2.321635,-65.750031,-64.635429,97.130646,0.356593,0.514880,0.574790,-0.526650,
2003,1823805985,-9.298308,-5.300820,-2.404234,-60.267071,-65.633270,85.202774,0.372933,0.513697,0.569751,-0.521942,
2004,1823822652,-7.254234,-4.522729,-2.087452,-55.621254,-61.325031,78.611542,0.387959,0.512396,0.564919,-0.517502,
2005,1823839319,-6.049161,-4.346128,-2.094326,-37.531834,-51.746925,69.186905,0.400051,0.511945,0.559841,-0.514249,
2006,1823855986,-6.077720,-3.978266,-2.515115,-19.063110,-39.652805,61.824627,0.409172,0.512797,0.554550,-0.511952,
2007,1823872653,-6.869508,-2.995449,-2.466210,-7.255491,-30.728762,60.063877,0.416517,0.514820,0.548985,-0.509993,
2008,1823889320,-7.685388,-1.484245,-2.130077,0.941056,-22.688044,59.989510,0.422564,0.517885,0.543257,-0.508046,
2009,1823905987,-8.119498,-1.192716,-1.538295,-7.980793,-20.965153,60.922577,0.429179,0.520559,0.538179,-0.505164,
2010,1823922654,-7.618255,-2.606192,-1.503949,-25.060022,-26.267477,60.820293,0.437455,0.521720,0.533983,-0.501305,
2011,1823939321,-7.067920,-2.521699,-1.340095,-32.040703,-24.026188,63.539619,0.446237,0.522754,0.530174,-0.496507,
2012,1823955988,-8.033763,-0.984044,-1.375764,-42.695312,-22.997438,61.800045,0.455568,0.522974,0.527270,-0.490862,
2013,1823972655,-9.090924,-1.379714,-2.231289,-50.561451,-25.049305,62.220264,0.465623,0.522486,0.524687,-0.484676,
2014,1823989322,-7.790446,-4.434340,-1.912512,-59.839951,-33.278408,64.641426,0.477104,0.520888,0.521931,-0.478162,
2015,1824005989,-6.110374,-6.242827,-2.494502,-45.150436,-30.440022,56.674870,0.486627,0.519819,0.518874,-0.473027,
2016,1824022656,-6.298373,-6.631510,-3.615880,-29.310925,-23.729378,45.260513,0.493611,0.519420,0.516015,-0.469343,
2017,1824039323,-7.585384,-7.270208,-3.885433,-21.818377,-21.860292,36.120617,0.499233,0.518970,0.513441,-0.466709,
2018,1824055990,-7.350688,-7.472685,-3.380183,-14.610685,-19.814207,18.700289,0.502958,0.517864,0.511828,-0.465711,
2019,1824072657,-6.432169,-6.831479,-3.456023,1.522606,-14.920093,-11.186129,0.503070,0.516036,0.511726,-0.467726,
2020,1824089324,-6.631972,-5.528235,-3.163380,3.300551,-13.094397,-46.646862,0.500482,0.511808,0.514284,-0.472318,
2021,1824105991,-10.694262,-7.828246,-3.128294,-0.111765,-9.057338,-97.172272,0.494310,0.503763,0.521068,-0.479972,
2022,1824122658,-11.606330,-9.803509,-2.934629,39.844807,-31.425558,-133.475586,0.484209,0.494114,0.525947,-0.494748,
2023,1824139325,-9.290221,-6.467465,-1.031108,16.486668,-13.583576,-135.886887,0.474041,0.483710,0.533717,-0.506418,
2024,1824155992,-11.666406,-1.231477,-0.623242,2.155358,29.048698,-138.313202,0.461193,0.475064,0.545429,-0.513932,
2025,1824172659,-14.786675,1.560675,-1.383766,9.992329,36.573925,-151.507431,0.445998,0.466232,0.557709,-0.522185,
2026,1824189326,-15.415680,0.005391,-1.944371,39.364567,46.026451,-159.018112,0.427219,0.459146,0.568559,-0.532365,
2027,1824205993,-16.463530,-4.033864,-1.579056,44.151779,62.778255,-141.984253,0.407801,0.454792,0.578604,-0.540447,
2028,1824222660,-16.086334,-6.782040,-1.640229,12.407536,45.458752,-112.859131,0.394048,0.449443,0.587934,-0.545037,
2029,1824239327,-13.423761,-6.808516,-2.384978,3.744983,47.932796,-102.807434,0.381326,0.444515,0.597256,-0.547983,
2030,1824255994,-11.968505,-4.414135,-1.261536,19.029018,54.990379,-106.420410,0.366598,0.440550,0.605807,-0.551836,
2031,1824272661,-10.489504,-1.893643,0.225858,42.384853,64.435555,-112.099876,0.348955,0.437930,0.613131,-0.557245,
2032,1824289328,-9.888575,-0.988374,1.359147,78.886246,73.559616,-116.572617,0.327647,0.437295,0.617955,-0.565292,
2033,1824305995,-8.967214,-0.892000,1.356147,104.507515,71.804863,-115.678719,0.304751,0.437561,0.620168,-0.575380,
2034,1824322662,-8.059721,-1.177435,0.164656,93.689812,70.085739,-111.075859,0.282903,0.437360,0.622547,-0.584056,
2035,1824339329,-7.402092,-1.704875,-1.716570,63.949417,64.763000,-102.592125,0.264013,0.436040,0.626392,-0.589747,
2036,1824355996,-7.614921,-1.240272,-2.603649,44.579956,66.753906,-89.319313,0.247215,0.435200,0.630909,-0.592826,
2037,1824372663,-8.471462,0.153893,-2.020367,28.497492,54.287170,-73.155624,0.233909,0.434080,0.635179,-0.594485,
2038,1824389330,-9.311146,1.821613,-1.514349,-13.159515,37.158489,-59.216312,0.225986,0.431283,0.641488,-0.592808,
2039,1824405997,-9.762477,3.015594,-1.378925,-66.179276,14.786547,-41.327564,0.224992,0.426431,0.650429,-0.586925,
2040,1824422664,-8.703857,4.307729,-1.687735,-117.309959,2.381595,-24.356192,0.229743,0.420357,0.662129,-0.576286,
2041,1824439331,-7.800530,1.085197,0.290384,-118.832031,9.395855,1.646409,0.236023,0.417198,0.672397,-0.564024,
2042,1824455998,-5.264972,-6.946013,4.471487,-37.865246,5.013570,17.039408,0.239044,0.417893,0.674823,-0.559321,
2043,1824472665,-3.200116,-12.849905,-0.322441,-64.444275,15.237319,18.040421,0.242741,0.418564,0.679657,-0.551317,
2044,1824489332,-4.014808,-12.023419,-7.923671,-37.104717,10.479722,23.465160,0.245658,0.420322,0.681752,-0.546075,
2045,1824505999,-5.138008,-5.394495,-9.411491,34.866875,18.313133,28.927601,0.243819,0.425796,0.678048,-0.547270,
2046,1824522666,-6.369493,-3.515651,-5.827498,82.300125,26.120470,34.721554,0.238704,0.434096,0.670410,-0.552389,
2047,1824539333,-6.318294,-5.011040,-3.040147,35.352386,20.282185,27.713243,0.236532,0.439565,0.666708,-0.553479,
2048,1824556000,-6.736304,-5.278695,-3.280153,-25.859840,-2.875036,18.475975,0.239767,0.440152,0.667704,-0.550411,
2049,1824572667,-7.394540,-4.055435,-1.667551,29.658943,-7.146802,9.656811,0.239152,0.441468,0.664657,-0.553305,
2050,1824589334,-12.932384,-6.609560,0.068386,36.658405,37.769676,13.773736,0.234066,0.447022,0.662318,-0.553825,
2051,1824606001,-14.862975,-12.369749,-6.722612,68.500648,44.640163,8.124919,0.225771,0.453623,0.657946,-0.557103,
2052,1824622668,-12.332489,-3.592734,2.848526,186.165146,37.420193,-15.850987,0.208359,0.461002,0.645089,-0.572650,
2053,1824639335,-10.202573,7.885753,3.479648,3.844197,-21.236330,0.015464,0.209917,0.459281,0.644322,-0.574324,
2054,1824656002,-11.813251,10.750460,-1.087157,-24.276506,-21.945215,58.231121,0.218276,0.462077,0.641959,-0.571605,
2055,1824672669,-15.016032,6.540649,-1.873271,-66.621704,-40.273350,100.262444,0.234645,0.465833,0.639572,-0.564706,
2056,1824689336,-17.418550,-0.571615,-2.310345,-77.071152,-48.116783,111.848206,0.253317,0.469490,0.636742,-0.556752,
2057,1824706003,-13.925295,-8.015420,-3.234913,-63.516155,-54.588722,115.557022,0.271857,0.473265,0.632048,-0.550120,
2058,1824722670,-9.066463,-8.883033,-3.419428,-17.204990,-39.003918,112.380226,0.285426,0.479655,0.624256,-0.546599,
2059,1824739337,-8.844501,-2.856461,-2.340482,14.103054,-28.680330,103.215248,0.295066,0.487204,0.614876,-0.545435,
2060,1824756004,-9.206403,1.369210,-1.874670,-5.233005,-33.114124,102.549164,0.306350,0.493395,0.606740,-0.542753,
2061,1824772671,-10.013367,0.908590,-1.578887,-29.845642,-41.682587,109.777458,0.320645,0.498318,0.599481,-0.538045,
2062,1824789338,-11.156136,-1.102958,-1.586959,-44.250919,-50.528095,108.281975,0.336537,0.501588,0.592853,-0.532618,
2063,1824806005,-11.290579,-3.193017,-1.886665,-49.672691,-59.399254,92.554245,0.352264,0.502388,0.587168,-0.527971,
2064,1824822672,-10.360979,-4.304034,-2.194511,-57.831909,-61.747658,81.102165,0.367806,0.501465,0.582653,-0.523231,
2065,1824839339,-8.698577,-3.787827,-1.650662,-52.985161,-59.985298,76.775932,0.382415,0.500433,0.578022,-0.518863,
2066,1824856006,-7.701876,-3.286271,-1.815307,-45.791672,-55.161011,68.952377,0.395417,0.499391,0.573554,-0.515066,
2067,1824872673,-7.286739,-3.001212,-1.958046,-26.740887,-46.876736,61.587059,0.405725,0.499366,0.568572,-0.512591,
2068,1824889340,-7.280432,-2.543094,-2.049837,-15.085501,-41.238728,58.879189,0.414467,0.500163,0.563181,-0.510768,
2069,1824906007,-7.725287,-2.086459,-1.611507,-9.746654,-37.263004,60.430462,0.422566,0.501651,0.557460,-0.508945,
2070,1824922674,-8.135355,-1.970836,-1.260767,-12.764055,-37.044750,63.425930,0.431043,0.503158,0.551698,-0.506623,
2071,1824939341,-8.256692,-2.109448,-1.227033,-16.259449,-33.894623,64.355957,0.439542,0.504696,0.546261,-0.503674,
2072,1824956008,-8.590992,-2.474683,-1.284397,-25.306589,-33.846897,63.923672,0.448619,0.505565,0.541458,-0.499972,
2073,1824972675,-8.508577,-3.053460,-1.580553,-35.794350,-31.540184,65.668358,0.458354,0.505990,0.537371,-0.495097,
2074,1824989342,-8.619693,-3.696467,-2.238657,-43.646675,-29.239220,69.762222,0.468714,0.506303,0.533624,-0.489094,
2075,1825006009,-7.756269,-5.063442,-2.950667,-39.590939,-28.692211,72.875862,0.478879,0.507093,0.529313,-0.483076,
2076,1825022676,-6.206685,-6.055235,-3.107184,-38.278793,-27.993347,69.158577,0.488558,0.507659,0.525153,-0.477295,
2077,1825039343,-5.676101,-6.954985,-3.649270,-27.602621,-23.079634,54.853996,0.496022,0.508173,0.521599,-0.472927,
2078,1825056010,-6.829831,-7.513489,-4.004790,7.539964,-15.025233,34.930691,0.498876,0.510234,0.517652,-0.472041,
2079,1825072677,-7.421683,-7.572262,-3.914357,17.069973,-16.084925,16.842800,0.499847,0.511541,0.514308,-0.473254,
2080,1825089344,-6.670577,-7.028965,-4.694209,18.525717,-19.723852,-2.958236,0.499609,0.511213,0.512066,-0.476281,
2081,1825106011,-6.759743,-5.274037,-4.363432,5.161117,-18.511341,-30.262884,0.498370,0.507953,0.512860,-0.480196,
2082,1825122678,-10.151764,-7.231098,-4.350787,-7.744774,-14.268386,-74.640564,0.494628,0.500704,0.518104,-0.486015,
2083,1825139345,-10.611149,-9.530676,-3.453583,32.463169,-30.063751,-111.409126,0.486438,0.492350,0.521935,-0.498554,
2084,1825156012,-8.740716,-6.148553,-1.487608,19.315475,-2.727836,-122.652061,0.476141,0.484036,0.529294,-0.508773,
2085,1825172679,-11.275868,-1.061294,-0.796799,17.871090,37.194893,-131.192581,0.462062,0.477737,0.539929,-0.516474,
2086,1825189346,-14.869646,2.306680,-0.332875,3.308822,45.679760,-144.902634,0.447088,0.469803,0.552935,-0.523128,
2087,1825206013,-15.683599,0.727365,-1.003272,4.799719,43.614765,-155.808685,0.431112,0.460682,0.566143,-0.530472,
2088,1825222680,-16.120745,-3.706465,-0.949832,22.287346,52.156860,-140.041183,0.414249,0.454371,0.577179,-0.537412,
2089,1825239347,-15.294587,-6.426973,-1.494227,0.640751,39.263313,-108.537140,0.402198,0.448214,0.586823,-0.541279,
2090,1825256014,-12.443742,-7.159300,-2.098961,-8.948813,44.317387,-93.269775,0.391436,0.443079,0.596367,-0.542963,
2091,1825272681,-10.602730,-4.502157,-0.508796,3.799185,54.006596,-90.670151,0.379122,0.439553,0.605146,-0.544850,
2092,1825289348,-9.550706,-1.828593,0.624378,46.336163,65.642952,-95.141541,0.362601,0.438773,0.611306,-0.549825,
2093,1825306015,-9.069896,-0.747669,1.355690,106.409492,75.775810,-102.951050,0.340554,0.441073,0.613409,-0.559651,
2094,1825322682,-8.926314,-0.841833,1.532710,151.261154,77.887070,-108.773621,0.314721,0.444925,0.611891,-0.573223,
2095,1825339349,-8.534292,-1.801386,0.579730,132.487442,73.077774,-111.961082,0.290011,0.446871,0.611426,-0.585116,
2096,1825356016,-8.897780,-2.456764,-2.145694,78.902931,71.660110,-109.185936,0.268964,0.446404,0.614895,-0.591853,
2097,1825372683,-9.416492,-1.344696,-2.735492,52.680798,66.941742,-101.108025,0.250617,0.445031,0.619641,-0.595975,
2098,1825389350,-10.172258,0.426894,-2.482304,12.446258,56.825752,-86.552811,0.236972,0.442490,0.626373,-0.596411,
2099,1825406017,-10.846211,2.164270,-1.095588,-24.973309,35.967163,-67.134850,0.229276,0.438537,0.634263,-0.593997,
2100,1825422684,-10.478883,2.834930,-0.847298,-70.464447,15.377208,-48.947830,0.227920,0.432899,0.644136,-0.587999,
2101,1825439351,-9.037277,3.027607,-1.341464,-112.946709,-5.492450,-32.314419,0.232565,0.425527,0.655752,-0.578647,
2102,1825456018,-7.391706,2.002469,-1.501482,-146.410004,0.397354,-11.194907,0.240410,0.419373,0.668826,-0.564804,
2103,1825472685,-5.869629,-3.979438,2.636949,-72.934608,-1.258530,12.420523,0.245808,0.417830,0.674172,-0.557218,
2104,1825489352,-2.572321,-9.709617,0.687567,-64.346748,-0.989075,12.606129,0.250647,0.416588,0.678749,-0.550394,
2105,1825506019,-2.373905,-12.087838,-4.670771,-66.367577,-0.535993,21.827612,0.256275,0.416177,0.682878,-0.542955,
2106,1825522686,-3.080361,-7.388978,-7.070004,-22.339924,8.697633,27.772551,0.258771,0.418697,0.683472,-0.539073,
2107,1825539353,-5.413184,-3.967476,-5.967060,25.551115,21.603458,38.868614,0.257925,0.425118,0.680094,-0.538725,
2108,1825556020,-6.124856,-5.640712,-4.953031,41.774761,21.232904,36.501617,0.255910,0.431857,0.675536,-0.540059,
2109,1825572687,-5.530447,-7.015132,-6.019608,32.915657,17.866240,23.720179,0.253763,0.436723,0.672314,-0.541179,
2110,1825589354,-4.802452,-5.520844,-4.344330,124.090881,36.487183,11.065195,0.242958,0.445095,0.663276,-0.550391,
2111,1825606021,-10.829506,-6.071007,7.359954,182.616333,59.017529,20.375917,0.226797,0.457983,0.649370,-0.563148,
2112,1825622688,-18.391317,-15.366896,-5.064320,16.928936,20.878746,10.085356,0.224342,0.461127,0.648200,-0.562915,
2113,1825639355,-14.537906,-1.616129,0.419075,175.119781,26.353388,-25.195005,0.207795,0.466393,0.636399,-0.578185,
2114,1825656022,-10.858280,9.663867,3.888358,15.695358,-19.597395,-14.773895,0.207122,0.463782,0.635686,-0.581303,
2115,1825672689,-11.110318,13.391848,-3.871932,-55.979336,-32.662735,44.204525,0.217469,0.463328,0.636613,-0.576855,
2116,1825689356,-15.349409,10.109318,-2.168041,-85.672249,-32.018051,89.287506,0.233492,0.466058,0.636862,-0.568051,
2117,1825706023,-18.598148,-0.652270,-3.394703,-106.796371,-36.608673,110.773422,0.253052,0.469482,0.636965,-0.556624,
2118,1825722690,-16.342285,-11.086232,-3.030546,-98.267014,-52.587219,130.391525,0.274956,0.473477,0.634086,-0.546038,
2119,1825739357,-8.375769,-11.887226,-2.593482,-13.000922,-39.269474,125.420090,0.289232,0.481249,0.625000,-0.542330,
2120,1825756024,-8.178736,-4.951269,-1.732138,62.026295,-19.319214,112.980713,0.295357,0.492448,0.611486,-0.544378,
2121,1825772691,-9.352080,1.394160,-1.094721,48.327831,-22.080992,109.425797,0.302330,0.502362,0.598992,-0.545381,
2122,1825789358,-10.716293,2.577624,-1.301272,-0.075190,-36.061726,117.749908,0.314627,0.509610,0.588929,-0.542653,
2123,1825806025,-11.550680,1.205978,-1.875103,-44.670368,-45.090405,114.312622,0.330627,0.513642,0.582031,-0.536751,
2124,1825822692,-12.184275,-1.619084,-2.104202,-68.809769,-58.186798,101.942841,0.348453,0.514253,0.577094,-0.530178,
2125,1825839359,-10.590524,-4.109441,-2.019001,-71.793678,-63.801987,89.337730,0.365872,0.513031,0.572831,-0.524217,
2126,1825856026,-8.262424,-4.422282,-1.882223,-67.144989,-61.083866,77.781425,0.381717,0.511132,0.569033,-0.518884,
2127,1825872693,-6.802019,-4.250341,-2.316960,-60.488766,-54.910442,66.333885,0.395590,0.508986,0.565776,-0.514142,
2128,1825889360,-6.753242,-3.837191,-1.740866,-41.408707,-44.297863,58.739067,0.406535,0.508009,0.562159,-0.510526,
2129,1825906027,-7.456136,-2.965840,-1.762838,-21.088072,-37.983849,57.004013,0.415281,0.508497,0.557466,-0.508142,
2130,1825922694,-7.626040,-2.416155,-1.731625,-4.983273,-33.170162,58.053123,0.422482,0.510348,0.551740,-0.506596,
2131,1825939361,-7.917272,-1.942959,-1.399649,-6.380982,-30.559055,60.228802,0.429699,0.512433,0.546067,-0.504564,
2132,1825956028,-8.518443,-1.449950,-1.052947,-12.800676,-26.844435,62.737118,0.437241,0.514540,0.540859,-0.501541,
2133,1825972695,-8.637458,-2.078170,-1.180756,-27.894548,-28.188049,63.416920,0.446022,0.515588,0.536558,-0.497334,
2134,1825989362,-8.004970,-3.360399,-2.095979,-37.344467,-30.108843,68.049225,0.455939,0.516179,0.532400,-0.492170,
2135,1826006029,-7.405304,-4.356754,-2.436701,-45.532707,-26.997850,74.529984,0.466621,0.516869,0.528465,-0.485631,
2136,1826022696,-6.355347,-5.844270,-3.359978,-44.094170,-27.127680,76.477875,0.477260,0.517707,0.524182,-0.478997,
2137,1826039363,-5.472097,-7.240434,-4.022116,-24.794954,-21.972868,66.014862,0.485253,0.519371,0.519627,-0.474103,
2138,1826056030,-6.589448,-7.655050,-4.252713,11.567285,-9.505260,46.802769,0.488191,0.522967,0.514856,-0.472335,
2139,1826072697,-7.724156,-7.507025,-3.348304,20.497503,-6.446815,22.503550,0.488534,0.525570,0.511523,-0.472714,
2140,1826089364,-7.579438,-6.300640,-3.015009,9.082135,-11.785065,-3.021635,0.488383,0.525089,0.510542,-0.474462,
2141,1826106031,-6.761315,-5.447801,-3.823033,-6.631925,-19.482986,-29.402306,0.488173,0.520992,0.512107,-0.477497,
2142,1826122698,-7.338131,-3.821089,-2.789606,-39.462955,-31.836021,-59.307262,0.489253,0.511437,0.517302,-0.481109,
2143,1826139365,-12.163486,-6.529109,-3.574632,-50.404678,-34.465290,-107.768051,0.487839,0.497154,0.526561,-0.487429,
2144,1826156032,-12.359690,-8.840400,-3.639320,-5.206025,-49.984146,-140.818420,0.481803,0.482245,0.533692,-0.500481,
2145,1826172699,-9.225714,-6.159886,-0.517983,-18.469229,-9.786921,-127.785149,0.474319,0.470140,0.543469,-0.508561,
2146,1826189366,-11.824737,-1.812749,0.209751,2.507788,30.869289,-123.976349,0.462298,0.462620,0.554044,-0.515074,
2147,1826206033,-13.423191,0.860419,-1.241589,9.678057,31.375631,-131.465271,0.449018,0.454842,0.564412,-0.522440,
2148,1826222700,-13.750424,-1.280766,-1.503162,30.730419,48.067482,-141.638489,0.432001,0.448668,0.574687,-0.530859,
2149,1826239367,-15.656286,-4.925809,-1.060035,30.179192,53.732132,-135.253204,0.414827,0.443210,0.584661,-0.538198,
2150,1826256034,-14.803577,-6.610035,-2.022729,19.414282,47.678833,-110.307487,0.400648,0.438572,0.593271,-0.543293,
2151,1826272701,-12.380610,-5.520740,-1.829941,30.522627,53.111099,-96.763687,0.386239,0.436046,0.600276,-0.548046,
2152,1826289368,-10.974008,-3.005804,-0.418485,41.935841,59.901211,-97.452278,0.370341,0.434509,0.606614,-0.553237,
2153,1826306035,-9.748522,-1.577128,0.548510,73.679817,66.176300,-106.857765,0.350984,0.434188,0.611093,-0.561123,
2154,1826322702,-9.885141,-1.270850,0.748886,116.606277,75.440742,-113.943619,0.327314,0.435936,0.612638,-0.572279,
2155,1826339369,-9.638186,-0.895875,0.147008,129.996384,77.501068,-112.303741,0.302513,0.438323,0.612617,-0.584005,
2156,1826356036,-9.442148,-0.889135,-1.458070,96.321388,75.873604,-106.445175,0.280302,0.439322,0.614605,-0.592191,
2157,1826372703,-9.640856,-1.058189,-2.605149,55.541859,70.169548,-98.596031,0.261749,0.438662,0.619079,-0.596495,
2158,1826389370,-9.728788,0.196299,-2.581217,20.612604,65.087219,-84.921211,0.246986,0.437323,0.625319,-0.597266,
2159,1826406037,-10.106103,1.549013,-1.697487,-10.462428,48.279018,-64.511971,0.237452,0.435176,0.632228,-0.595424,
2160,1826422704,-9.393270,2.985158,-1.669772,-60.038742,31.371763,-44.699593,0.234293,0.431612,0.641499,-0.589321,
2161,1826439371,-8.422570,3.352913,-1.343637,-95.925377,11.420179,-27.259758,0.236703,0.426666,0.651954,-0.580420,
2162,1826456038,-6.816216,2.557565,0.426451,-83.812500,4.069622,-13.637238,0.240167,0.422729,0.660164,-0.572544,
2163,1826472705,-5.339200,-2.195405,2.344571,-53.734066,5.065369,8.514834,0.243506,0.422006,0.664469,-0.566657,
2164,1826489372,-3.378590,-9.399253,2.955586,-39.628437,14.959895,18.629673,0.245843,0.423553,0.667302,-0.561137,
2165,1826506039,-3.414356,-13.370015,-2.543573,-44.977703,7.063906,15.244144,0.248987,0.423913,0.670466,-0.555681,
2166,1826522706,-4.095120,-8.099874,-9.054982,-34.408550,4.680403,8.801287,0.251178,0.423817,0.673062,-0.551615,
2167,1826539373,-5.570123,-2.975674,-7.920213,14.255747,23.245340,21.213440,0.249539,0.428192,0.671651,-0.550700,
2168,1826556040,-5.685282,-2.763967,-4.068440,20.003023,25.104000,20.724472,0.247315,0.432866,0.669859,-0.550231,
2169,1826572707,-4.992803,-4.225042,-3.298616,-20.746916,12.434145,11.948655,0.248182,0.434195,0.671411,-0.546892,
2170,1826589374,-4.208067,-4.442931,-4.388980,33.838421,12.120006,6.072473,0.245159,0.436886,0.668967,-0.549103,
2171,1826606041,-5.694207,-3.160294,2.022576,176.423080,46.659191,9.826257,0.229927,0.447625,0.655886,-0.562657,
2172,1826622708,-17.012838,-15.506678,-0.018778,-87.850937,21.467680,25.876709,0.235513,0.448797,0.662250,-0.551855,
2173,1826639375,-14.803964,-16.139286,-4.949178,218.914856,62.036560,-17.195089,0.213562,0.459292,0.647768,-0.569072,
2174,1826656042,-13.338110,1.866359,3.697145,164.349380,14.737194,-45.241863,0.197204,0.461140,0.637649,-0.584694,
2175,1826672709,-12.396004,14.625728,0.411720,-4.089589,-38.951618,-0.197180,0.200892,0.457622,0.637084,-0.586816,
2176,1826689376,-14.244543,13.918060,-2.698609,-36.758549,-28.510586,77.336510,0.212390,0.461182,0.634385,-0.582891,
2177,1826706043,-17.500065,6.161094,-2.943799,-98.498466,-33.137642,96.591339,0.230031,0.464087,0.635296,-0.572810,
2178,1826722710,-17.948158,-5.050785,-3.282081,-118.284714,-44.832047,110.064758,0.251099,0.466367,0.636232,-0.560948,
2179,1826739377,-11.616566,-13.061614,-3.463251,-64.736511,-39.952728,118.955734,0.268684,0.471590,0.632054,-0.553103,
2180,1826756044,-7.993015,-9.036681,-2.641469,23.001518,-18.385500,113.116051,0.277705,0.481275,0.621841,-0.551881,
2181,1826772711,-9.289281,-1.306025,-1.228505,50.237724,-15.892800,100.531715,0.283506,0.490989,0.610255,-0.553305,
2182,1826789378,-10.059323,2.062084,-1.814973,21.580633,-24.791285,107.961746,0.292668,0.499336,0.599917,-0.552370,
2183,1826806045,-11.035689,2.128215,-1.545768,-13.039112,-32.804062,121.574501,0.306052,0.506607,0.590852,-0.548251,
2184,1826822712,-11.416920,-0.311596,-1.365995,-41.124653,-43.571556,118.120667,0.322050,0.511297,0.583595,-0.542475,
2185,1826839379,-11.395350,-3.062451,-1.601791,-61.496113,-56.697948,102.301590,0.339314,0.512469,0.578294,-0.536490,
2186,1826856046,-10.150984,-4.876948,-2.034857,-66.592499,-60.954548,89.061935,0.356164,0.511764,0.573965,-0.530859,
2187,1826872713,-8.623956,-4.494627,-1.794559,-63.780067,-61.332809,80.251572,0.372043,0.510279,0.569875,-0.525782,
2188,1826889380,-7.654936,-3.991767,-1.883006,-58.455944,-55.285961,69.619774,0.386113,0.508526,0.566342,-0.521132,
2189,1826906047,-7.417391,-3.926690,-2.038297,-41.565113,-47.585789,63.441639,0.397753,0.507694,0.562305,-0.517547,
2190,1826922714,-7.979824,-3.290219,-1.854809,-18.828205,-39.420441,60.948421,0.406803,0.508517,0.557135,-0.515291,
2191,1826939381,-8.167215,-2.725234,-1.584822,-12.742902,-38.374302,60.705410,0.415254,0.509702,0.551528,-0.513409,
2192,1826956048,-8.014701,-2.638953,-1.392403,-16.344412,-37.069424,62.754692,0.423974,0.510874,0.546056,-0.510960,
2193,1826972715,-7.951395,-2.628224,-1.091765,-20.904114,-35.500664,63.605209,0.432922,0.511891,0.540894,-0.507921,
2194,1826989382,-8.052829,-2.708359,-1.148900,-31.665344,-32.699261,62.941490,0.442348,0.512323,0.536687,-0.503809,
2195,1827006049,-8.194374,-2.966957,-1.640675,-40.548485,-32.214783,64.752037,0.452473,0.512291,0.532958,-0.498784,
2196,1827022716,-7.966457,-4.274357,-2.180724,-48.045403,-32.209198,65.052902,0.463109,0.511713,0.529671,-0.493084,
2197,1827039383,-6.116854,-6.304764,-2.851960,-42.155586,-32.065773,65.505707,0.473257,0.511499,0.525858,-0.487722,
2198,1827056050,-4.203636,-7.434199,-3.361516,-25.204235,-26.401459,61.633717,0.481375,0.512492,0.521457,-0.483442,
2199,1827072717,-4.977353,-7.058377,-3.695400,9.284439,-16.249384,47.581676,0.485124,0.515507,0.516350,-0.481967,
2200,1827089384,-7.047414,-6.560878,-3.052426,21.886524,-13.737762,32.756737,0.486678,0.518452,0.511629,-0.482277,
2201,1827106051,-7.847116,-5.712934,-2.652082,20.265976,-16.597807,18.387163,0.487544,0.519998,0.507890,-0.483688,
2202,1827122718,-7.044056,-4.791718,-3.672852,8.240135,-18.348963,-0.712290,0.488097,0.519149,0.506313,-0.485691,
2203,1827139385,-7.438989,-3.603119,-3.681538,-12.574600,-19.509529,-28.886421,0.488306,0.514656,0.508244,-0.488241,
2204,1827156052,-11.890459,-6.640654,-4.331660,-11.294775,-14.736456,-77.609818,0.484563,0.506947,0.514027,-0.493946,
2205,1827172719,-11.813066,-8.815564,-2.712041,36.403084,-36.253220,-109.391106,0.476517,0.498563,0.517096,-0.506933,
2206,1827189386,-8.811894,-5.742661,0.145118,-3.116736,-5.275875,-109.112389,0.468889,0.489601,0.525060,-0.514538,
2207,1827206053,-11.736114,-0.799705,-0.199443,-11.308777,35.267262,-120.127769,0.457781,0.482124,0.537028,-0.519227,
2208,1827222720,-14.642014,1.199905,-1.295825,-17.431170,32.206631,-142.531631,0.445464,0.472063,0.550607,-0.524932,
2209,1827239387,-14.937322,-0.592508,-1.184757,14.439977,35.944370,-153.372330,0.429607,0.463246,0.562460,-0.533370,
2210,1827256054,-15.367769,-3.508841,-0.933574,47.918369,47.104755,-135.455322,0.411750,0.458613,0.570915,-0.542398,
2211,1827272721,-14.702659,-5.575273,-0.703072,9.700680,31.974920,-104.885818,0.399953,0.452863,0.579224,-0.547226,
2212,1827289388,-12.134629,-6.840077,-1.704188,-14.060319,31.858198,-95.271622,0.390398,0.446419,0.588641,-0.549367,
2213,1827306055,-10.814339,-5.171345,-0.946239,11.523631,42.189228,-98.346062,0.377957,0.441883,0.596661,-0.553071,
2214,1827322722,-9.941278,-1.858096,0.348162,40.699337,52.041504,-102.741196,0.362323,0.439234,0.602985,-0.558756,
2215,1827339389,-9.679396,-0.561997,0.890460,76.092361,64.276215,-107.735817,0.342807,0.438834,0.607158,-0.566807,
2216,1827356056,-9.216589,-0.721800,1.012515,113.442307,67.969536,-110.895058,0.320136,0.440080,0.608304,-0.577766,
2217,1827372723,-8.749205,-1.248278,0.428084,116.080925,65.004204,-112.094933,0.297252,0.440811,0.608774,-0.588832,
2218,1827389390,-9.028840,-2.125553,-1.358979,74.532982,60.149284,-108.919334,0.277571,0.439370,0.612054,-0.596072,
2219,1827406057,-9.015737,-2.163869,-2.757899,36.719421,59.449005,-97.175041,0.261281,0.437219,0.617599,-0.599288,
2220,1827422724,-9.632046,-0.650629,-2.437966,4.741408,52.524338,-81.827942,0.248917,0.434516,0.624532,-0.599333,
2221,1827439391,-9.848951,1.087554,-1.215337,-24.592417,34.693737,-65.456306,0.241412,0.430610,0.632233,-0.597143,
2222,1827456058,-9.398718,2.506945,-0.991140,-67.976852,23.660515,-50.108494,0.238936,0.425569,0.642257,-0.591025,
2223,1827472725,-8.748734,3.236096,-0.989425,-108.186104,4.762736,-31.839672,0.242234,0.419120,0.653805,-0.581552,
2224,1827489392,-7.010639,2.820944,-1.560147,-140.954437,4.969208,-10.253063,0.249252,0.413441,0.666585,-0.567986,
2225,1827506059,-5.994916,-3.850086,2.306747,-88.513924,9.416462,22.573532,0.255323,0.413088,0.673017,-0.557871,
2226,1827522726,-2.683529,-12.080147,3.003633,-40.737362,4.654241,22.730850,0.258975,0.414090,0.675309,-0.552651,
2227,1827539393,-3.045396,-12.502541,-5.999924,-72.239571,3.272708,18.795437,0.264320,0.413371,0.680261,-0.544525,
2228,1827556060,-3.997139,-4.996823,-9.592032,-16.725925,5.052477,28.024302,0.266860,0.415810,0.680284,-0.541391,
2229,1827572727,-5.666060,-2.306147,-5.582281,41.676846,26.020800,44.839283,0.265101,0.423808,0.675469,-0.542083,
2230,1827589394,-5.253877,-3.923764,-3.590220,29.924387,19.017006,36.592613,0.264085,0.429960,0.671770,-0.542330,
2231,1827606061,-5.522466,-5.727196,-3.709539,-2.703747,4.071115,24.697954,0.265622,0.432504,0.670794,-0.540762,
2232,1827622728,-5.287590,-5.481791,-1.857079,77.498535,18.510706,20.581608,0.260361,0.438848,0.664276,-0.546228,
2233,1827639395,-11.409678,-7.801683,4.119863,89.701691,55.064144,26.881945,0.251239,0.449080,0.657642,-0.550197,
2234,1827656062,-15.674468,-18.577000,-8.527859,78.964882,47.105835,6.358319,0.241884,0.456224,0.652775,-0.554293,
2235,1827672729,-13.524905,-4.033078,3.095065,205.135681,46.466850,-38.118679,0.220494,0.463269,0.640295,-0.571656,
2236,1827689396,-11.634971,9.735263,5.570334,83.364609,-7.872127,-29.177410,0.212987,0.462462,0.635228,-0.580735,
2237,1827706063,-11.786222,12.983205,-2.500220,-50.567184,-42.290722,36.561680,0.223197,0.460610,0.635893,-0.577637,
2238,1827722730,-15.586847,11.512898,-2.122606,-72.409264,-43.511566,80.246635,0.238613,0.461897,0.635298,-0.571065,
2239,1827739397,-17.465269,1.974481,-4.016644,-114.530281,-47.422081,95.920609,0.258432,0.462665,0.636756,-0.560089,
2240,1827756064,-15.975674,-9.213453,-4.607889,-110.690262,-51.572990,119.378799,0.280145,0.465151,0.635807,-0.548549,
2241,1827772731,-9.107067,-12.898005,-3.523036,-30.123495,-34.991203,126.477692,0.295303,0.472670,0.628312,-0.542778,
2242,1827789398,-7.976782,-7.071433,-2.404669,52.524361,-11.140887,113.337845,0.301457,0.484253,0.616001,-0.543295,
2243,1827806065,-8.784994,-0.077972,-1.419937,53.011383,-13.410293,103.594498,0.306917,0.494659,0.604053,-0.544278,
2244,1827822732,-9.728010,1.475445,-1.257878,27.956135,-23.267246,115.162834,0.315874,0.504039,0.592639,-0.543094,
2245,1827839399,-10.731994,0.731963,-1.152749,6.227395,-31.485683,118.199936,0.327278,0.511881,0.582160,-0.540333,
2246,1827856066,-11.778092,-1.534229,-1.652978,-23.765804,-42.284504,103.694214,0.340595,0.516070,0.574435,-0.536371,
2247,1827872733,-11.267795,-3.725796,-2.465427,-53.954590,-53.508221,86.171089,0.355657,0.516284,0.569668,-0.531451,
2248,1827889400,-9.321249,-4.067698,-2.359075,-59.915649,-55.537334,75.407959,0.370408,0.515004,0.565914,-0.526606,
2249,1827906067,-7.788465,-4.017680,-1.974982,-51.973679,-52.014599,66.110703,0.383476,0.513538,0.562308,-0.522530,
2250,1827922734,-6.780109,-4.238591,-2.151701,-29.125502,-42.788212,58.286457,0.393426,0.513323,0.557973,-0.519986,
2251,1827939401,-6.792288,-3.568869,-2.405061,3.774500,-29.670090,55.347179,0.399591,0.515691,0.552064,-0.519248,
2252,1827956068,-7.644608,-2.413311,-1.566866,22.460121,-18.741663,55.494118,0.403456,0.519942,0.545325,-0.519141,
2253,1827972735,-8.830065,-1.986036,-0.908960,11.278337,-18.940676,57.318592,0.408289,0.523626,0.539240,-0.518015,
2254,1827989402,-8.896214,-2.358191,-1.505047,3.883950,-22.590641,61.938915,0.414286,0.526916,0.533099,-0.516271,
2255,1828006069,-8.227779,-2.023590,-1.132626,-1.908118,-21.089224,69.584297,0.421144,0.530511,0.526846,-0.513452,
2256,1828022736,-8.284567,-0.707873,-0.676107,-23.722433,-23.161299,73.229065,0.430065,0.532830,0.521751,-0.508837,
2257,1828039403,-8.647406,-0.884857,-1.787727,-42.262642,-28.168404,73.045692,0.440726,0.533526,0.517653,-0.503139,
2258,1828056070,-8.165917,-3.898137,-2.321397,-56.416592,-34.981930,73.360458,0.452940,0.532743,0.514034,-0.496792,
2259,1828072737,-5.888020,-6.641727,-2.436441,-46.075676,-36.498001,70.513321,0.464174,0.532217,0.509693,-0.491430,
2260,1828089404,-4.984044,-7.338498,-3.095645,-32.181179,-29.411064,56.497078,0.472739,0.532022,0.505853,-0.487428,
2261,1828106071,-6.009991,-7.835045,-3.937294,-12.809665,-27.138971,40.054691,0.478433,0.532068,0.502032,-0.485770,
2262,1828122738,-7.494480,-6.890008,-2.859250,-9.087660,-31.121965,26.847994,0.483175,0.531105,0.498672,-0.485592,
2263,1828139405,-7.587482,-5.525565,-1.621494,-16.010534,-30.576427,11.824011,0.487333,0.528586,0.496988,-0.485910,
2264,1828156072,-6.288974,-4.542763,-2.943285,-23.765257,-32.811287,-9.918232,0.490696,0.523772,0.497350,-0.487367,
2265,1828172739,-8.233323,-3.957897,-2.359056,-32.416611,-25.877537,-51.670193,0.491223,0.515775,0.501969,-0.490618,
2266,1828189406,-14.117490,-10.384515,-4.764795,3.980204,-26.118601,-121.019821,0.483982,0.505189,0.509070,-0.501394,
2267,1828206073,-11.517370,-10.143104,-2.031734,25.181641,-21.467443,-136.969849,0.473489,0.495061,0.515934,-0.514332,
2268,1828222740,-11.050473,-4.067571,-0.391601,20.236565,35.113148,-119.153923,0.460255,0.489969,0.525585,-0.521402,
2269,1828239407,-14.393787,1.682020,-2.427241,35.398846,45.921085,-119.861145,0.444892,0.486479,0.534668,-0.528718,
2270,1828256074,-14.557907,1.785637,-2.636715,32.818615,39.898846,-132.831543,0.429000,0.481151,0.544258,-0.536880,
2271,1828272741,-15.408269,-1.918975,-0.189171,37.366211,48.533913,-144.091949,0.411020,0.475657,0.554555,-0.545239,
2272,1828289408,-16.289085,-5.796360,0.517987,13.434927,36.035336,-135.827026,0.396161,0.468180,0.565164,-0.551776,
2273,1828306075,-13.728865,-7.291745,-0.445393,-9.800333,30.127832,-122.871758,0.384255,0.459771,0.576194,-0.555845,
2274,1828322742,-11.530355,-5.331332,-0.271020,9.038141,38.014576,-117.477409,0.370731,0.453346,0.585584,-0.560474,
2275,1828339409,-9.758443,-2.574536,0.228133,31.949135,43.955524,-118.910675,0.354944,0.448359,0.593315,-0.566542,
2276,1828356076,-8.999198,-0.557048,0.399798,51.052071,53.314953,-126.369896,0.336341,0.444299,0.600193,-0.573798,
2277,1828372743,-9.085460,-0.191071,0.028690,72.570496,60.590965,-127.207069,0.315476,0.441603,0.605384,-0.582216,
2278,1828389410,-8.564290,-0.044708,-0.227055,89.808540,61.093086,-120.655281,0.293841,0.440073,0.608382,-0.591496,
2279,1828406077,-8.587871,-0.486554,-0.993072,59.686771,54.923954,-113.128677,0.275184,0.437176,0.612926,-0.597893,
2280,1828422744,-8.257495,-1.784539,-2.249330,14.246356,49.461853,-107.412766,0.260300,0.432337,0.620616,-0.600140,
2281,1828439411,-8.154099,-2.055715,-2.147195,-3.745089,43.762154,-98.877129,0.247735,0.426968,0.628947,-0.600628,
2282,1828456078,-8.426118,-0.840974,-1.875067,-26.498075,35.370422,-86.368057,0.238385,0.421092,0.638041,-0.598966,
2283,1828472745,-8.388091,0.187994,-1.423051,-53.205307,28.156713,-69.935486,0.232726,0.415105,0.648079,-0.594578,
2284,1828489412,-7.416307,1.346272,-0.501232,-60.829029,13.970777,-54.333351,0.230176,0.409034,0.657244,-0.589699,
2285,1828506079,-5.897941,1.717928,-1.643956,-100.684837,17.925762,-37.176739,0.231044,0.403525,0.668803,-0.580078,
2286,1828522746,-5.968155,-1.380753,-0.312039,-74.747826,21.277296,-10.781682,0.232248,0.401661,0.676607,-0.571783,
2287,1828539413,-4.245273,-5.436086,0.467039,-27.668934,10.589173,-3.054567,0.232379,0.401228,0.679630,-0.568439,
2288,1828556080,-3.438607,-8.774743,-2.703484,-50.665318,18.681662,10.686329,0.234177,0.402026,0.683996,-0.561862,
2289,1828572747,-3.393783,-8.852458,-4.290899,-27.522516,15.415848,23.190815,0.235956,0.404569,0.685596,-0.557325,
2290,1828589414,-4.723044,-6.961541,-4.637541,4.833691,17.625858,26.781483,0.235893,0.408749,0.684419,-0.555746,
2291,1828606081,-6.663749,-5.791565,-4.414047,6.217250,9.860653,25.404236,0.236404,0.412203,0.682934,-0.554803,
2292,1828622748,-7.420650,-7.673336,-5.656085,-1.576235,10.145758,24.017502,0.237238,0.415269,0.682162,-0.553108,
2293,1828639415,-6.133121,-9.182469,-5.529177,16.016846,20.746338,20.924667,0.235704,0.419480,0.680515,-0.552615,
2294,1828656082,-4.926921,-7.667604,-4.165236,71.990234,37.566807,16.498238,0.228714,0.426488,0.675161,-0.556741,
2295,1828672749,-4.726940,-2.437567,0.224229,202.281906,56.724903,19.805151,0.211905,0.439473,0.659326,-0.572060,
2296,1828689416,-22.183926,-8.075521,7.519814,18.801069,61.955608,48.817238,0.208621,0.449786,0.656707,-0.568251,
2297,1828706083,-20.082872,-16.898300,-9.280446,82.613838,7.893214,10.535421,0.203135,0.453847,0.649581,-0.575158,
2298,1828722750,-10.470695,0.918026,3.322095,196.978790,20.425852,-54.117584,0.183405,0.455991,0.637192,-0.593653,
2299,1828739417,-9.687090,14.123109,2.768024,-28.832079,-45.166779,-30.921131,0.186644,0.448377,0.640699,-0.594667,
2300,1828756084,-9.689410,16.002804,-5.728955,-85.346024,-26.105928,56.857597,0.199360,0.448990,0.643783,-0.586694,
2301,1828772751,-15.998756,7.269897,-2.175940,-90.258377,-17.011087,88.984695,0.214235,0.453118,0.645265,-0.576563,
2302,1828789418,-19.599638,-6.711174,-2.052881,-129.078003,-43.120651,107.057823,0.235532,0.455325,0.647681,-0.563664,
2303,1828806085,-13.623103,-16.599026,-3.526078,-48.170128,-47.939083,123.804787,0.253179,0.461248,0.641851,-0.557837,
2304,1828822752,-6.319933,-10.708921,-2.549281,30.570759,-19.559498,111.526077,0.261807,0.471065,0.631277,-0.557716,
2305,1828839419,-7.736616,-1.299597,-0.678183,97.631126,-5.568848,101.848007,0.263679,0.483517,0.616242,-0.562968,
2306,1828856086,-8.253745,3.416772,-0.918869,65.569893,-18.108814,112.138451,0.269672,0.494450,0.602391,-0.565619,
2307,1828872753,-8.565316,4.630339,-1.675307,13.366640,-28.780775,123.142792,0.281168,0.503253,0.591417,-0.563836,
2308,1828889420,-9.643003,2.660249,-2.971959,-51.958782,-30.447071,122.503693,0.297438,0.509013,0.585563,-0.556377,
2309,1828906087,-10.940179,-1.585983,-1.982545,-93.211342,-45.678436,114.528152,0.317282,0.510851,0.582719,-0.546631,
2310,1828922754,-9.402812,-5.541248,-1.542564,-96.063507,-56.638050,106.899330,0.337503,0.510785,0.579871,-0.537535,
2311,1828939421,-7.658297,-6.328875,-0.864630,-67.359795,-55.708408,96.648003,0.354567,0.511117,0.575339,-0.531066,
2312,1828956088,-6.234845,-6.596682,-1.436248,-40.978245,-46.373863,82.414902,0.367688,0.512192,0.570144,-0.526693,
2313,1828972755,-6.858654,-5.552946,-1.994690,-18.130581,-32.975224,75.317841,0.377383,0.514832,0.564341,-0.523501,
2314,1828989422,-8.196391,-3.316398,-2.139087,-8.131553,-23.919916,70.583954,0.385176,0.518255,0.558555,-0.520644,
2315,1829006089,-9.405959,-2.063670,-2.088666,-20.577986,-24.618259,65.497620,0.393536,0.520456,0.553995,-0.517056,
2316,1829022756,-9.803556,-2.312804,-1.845557,-34.350353,-30.783485,64.729454,0.403330,0.521282,0.550110,-0.512808,
2317,1829039423,-9.271605,-2.854272,-1.679393,-53.271507,-35.745472,65.893402,0.414981,0.520641,0.547174,-0.507275,
2318,1829056090,-8.193901,-3.889554,-2.574626,-64.620766,-37.153221,65.939575,0.427526,0.519115,0.544882,-0.500847,
2319,1829072757,-8.185705,-4.688188,-3.299727,-70.677826,-39.333229,62.901356,0.440389,0.516702,0.543011,-0.494186,
2320,1829089424,-8.485738,-5.513986,-3.245258,-67.377846,-37.958965,59.075283,0.452527,0.514189,0.541165,-0.487825,
2321,1829106091,-8.882106,-5.668947,-3.261077,-62.600536,-38.833427,59.354221,0.464307,0.511851,0.538800,-0.481794,
2322,1829122758,-9.618765,-5.308831,-3.460157,-53.342216,-42.179745,61.617767,0.475735,0.509988,0.535296,-0.476499,
2323,1829139425,-9.268532,-5.408239,-3.580770,-34.089188,-39.245152,59.256958,0.485268,0.509399,0.530756,-0.472577,
2324,1829156092,-8.666774,-4.999012,-3.368891,-16.227352,-30.742487,44.654800,0.491770,0.509479,0.526621,-0.470390,
2325,1829172759,-7.889945,-4.835993,-3.179386,-29.442190,-29.829588,17.731794,0.497312,0.506587,0.525424,-0.469024,
2326,1829189426,-6.815409,-5.824679,-4.185417,-44.813671,-34.238674,-15.053609,0.502056,0.499747,0.527344,-0.469153,
2327,1829206093,-6.895266,-6.372920,-4.235341,-52.699150,-31.201906,-47.175030,0.504896,0.490023,0.532306,-0.470755,
2328,1829222760,-9.122397,-7.906384,-4.426610,-32.089687,-17.686462,-86.355896,0.502455,0.479626,0.539559,-0.475792,
2329,1829239427,-9.148827,-9.681813,-1.744642,-0.429046,-23.513203,-114.871925,0.496163,0.468784,0.546054,-0.485688,
2330,1829256094,-9.209098,-7.010794,1.761398,-16.980566,-13.929873,-132.309113,0.488835,0.455877,0.555413,-0.494708,
2331,1829272761,-11.706402,-1.089258,0.230932,-17.989468,5.790924,-153.431412,0.478239,0.442403,0.567396,-0.503619,
2332,1829289428,-13.526968,1.824609,-1.482422,-21.103939,25.344090,-163.159882,0.465251,0.429096,0.581276,-0.511410,
2333,1829306095,-14.894350,0.124507,-1.852931,-4.696077,34.703491,-158.686081,0.450509,0.417723,0.593949,-0.519401,
2334,1829322762,-14.635125,-3.822533,-2.149371,-3.621199,47.181171,-129.197372,0.436630,0.409705,0.605276,-0.524539,
2335,1829339429,-13.987574,-6.426005,-2.377349,4.077146,53.406494,-100.806175,0.423757,0.405008,0.614508,-0.527997,
2336,1829356096,-11.822334,-6.346384,-1.874241,15.594999,58.217808,-91.678581,0.410361,0.402096,0.622447,-0.531495,
2337,1829372763,-10.065964,-4.377441,-0.390452,20.111509,61.076275,-89.221527,0.396522,0.399789,0.629900,-0.534947,
2338,1829389430,-8.481343,-2.961476,0.122595,63.187534,76.518005,-91.474564,0.378459,0.400830,0.634815,-0.541403,
2339,1829406097,-7.989915,-2.639398,0.492242,129.626190,94.567207,-99.891182,0.353977,0.405940,0.635616,-0.553090,
2340,1829422764,-8.461307,-2.907325,0.686977,172.619461,101.136009,-111.624138,0.325076,0.412325,0.633391,-0.568448,
2341,1829439431,-8.284498,-2.201355,0.284477,179.657547,95.484863,-113.163574,0.295778,0.417965,0.629690,-0.584222,
2342,1829456098,-7.102732,-1.527391,-1.800643,123.592316,85.796623,-110.148041,0.270750,0.420251,0.629554,-0.594768,
2343,1829472765,-7.304039,-0.437181,-2.689991,82.092934,74.918785,-101.734711,0.249815,0.420474,0.631677,-0.601483,
2344,1829489432,-7.925838,0.947789,-3.199971,32.805401,65.238770,-91.638977,0.233569,0.418824,0.636894,-0.603657,
2345,1829506099,-9.164225,2.551086,-2.002583,-10.687626,49.022263,-76.985077,0.222706,0.415528,0.644332,-0.602145,
2346,1829522766,-9.652343,2.892708,-1.663892,-66.763466,30.051203,-61.191776,0.218351,0.410157,0.654986,-0.595895,
2347,1829539433,-9.212868,2.320627,-1.792552,-110.428711,11.523930,-43.585983,0.219839,0.403367,0.667619,-0.585879,
2348,1829556100,-8.562090,0.348362,-1.762883,-138.991730,22.984997,-15.723801,0.224184,0.399199,0.681168,-0.571310,
2349,1829572767,-7.292451,-6.205749,1.567496,-92.051994,29.899853,17.705069,0.227827,0.400322,0.688884,-0.559714,
2350,1829589434,-4.563732,-14.778190,1.422326,-25.031944,31.435133,22.690342,0.227791,0.404237,0.690816,-0.554509,
2351,1829606101,-4.371439,-15.208736,-5.850840,4.892422,25.211872,20.986748,0.226473,0.408455,0.690205,-0.552716,
2352,1829622768,-5.245057,-7.728157,-9.390067,52.395462,31.457329,26.675949,0.222148,0.415286,0.685604,-0.555103,
2353,1829639435,-7.671007,-3.036929,-6.015412,103.496681,31.397984,44.606655,0.216146,0.425473,0.675665,-0.561903,
2354,1829656102,-7.627294,-3.514244,-2.989223,86.496429,20.407438,46.007542,0.212338,0.434260,0.666517,-0.567529,
2355,1829672769,-6.848701,-3.693053,-3.173190,10.044702,7.333736,36.951828,0.213854,0.438679,0.663769,-0.566781,
2356,1829689436,-6.172589,-2.312530,-3.554126,7.181360,1.215308,31.362181,0.215678,0.441954,0.661407,-0.566307,
2357,1829706103,-5.828262,-0.322716,0.334051,100.407059,22.529472,37.515713,0.209937,0.450441,0.651551,-0.573161,
2358,1829722770,-15.029063,-6.577051,4.229075,-77.837708,17.075434,75.113792,0.219473,0.456482,0.653760,-0.562190,
2359,1829739437,-13.956110,-17.710749,-7.363157,27.694777,13.660691,57.461338,0.220848,0.463856,0.648290,-0.561950,
2360,1829756104,-13.321537,-8.250390,-2.153617,158.689850,39.899380,11.273326,0.207063,0.473075,0.635862,-0.573592,
2361,1829772771,-12.883427,10.398890,6.290898,105.644974,12.174716,14.238787,0.199656,0.478467,0.626565,-0.581917,
2362,1829789438,-11.758292,11.250334,-2.083640,-21.176735,-26.496367,75.943352,0.209789,0.482438,0.622460,-0.579474,
2363,1829806105,-13.046630,6.779215,-0.611452,-49.423748,-33.037502,114.912514,0.225733,0.488407,0.617649,-0.573600,
2364,1829822772,-14.071007,-0.259059,-1.236642,-75.014580,-48.041046,116.749069,0.244909,0.492258,0.614101,-0.566203,
2365,1829839439,-12.189749,-8.143038,-2.073691,-51.396664,-50.920746,125.135704,0.263237,0.497244,0.607633,-0.560572,
2366,1829856106,-8.337854,-8.407893,-1.840941,18.487026,-31.818617,129.618332,0.275081,0.506658,0.595628,-0.559338,
2367,1829872773,-8.571817,-1.939073,-1.421256,47.198708,-23.722050,118.761963,0.283125,0.516755,0.582197,-0.560228,
2368,1829889440,-8.776217,1.045039,-2.050042,-3.999233,-31.272577,109.016594,0.294775,0.523145,0.573181,-0.557579,
2369,1829906107,-8.722623,0.112278,-1.625294,-32.930946,-37.693085,108.443970,0.309035,0.527580,0.566119,-0.552874,
2370,1829922774,-9.801270,-1.835666,-1.490614,-39.821732,-40.249012,102.040077,0.323430,0.530822,0.559823,-0.547926,
2371,1829939441,-9.459685,-4.134202,-2.090639,-32.943058,-38.903011,86.176544,0.335843,0.533073,0.554129,-0.544047,
2372,1829956108,-9.444346,-4.585921,-2.555868,-28.567244,-33.266628,77.515602,0.346714,0.535186,0.548935,-0.540406,
2373,1829972775,-9.111942,-3.355905,-2.488192,-20.554094,-30.119324,75.198982,0.356474,0.537685,0.543366,-0.537195,
2374,1829989442,-8.661025,-2.762263,-2.247439,-23.668322,-28.623295,73.971977,0.366213,0.539965,0.538138,-0.533608,
2375,1830006109,-8.259571,-2.484351,-2.213373,-26.128857,-26.095596,68.751999,0.375493,0.541830,0.533575,-0.529837,
2376,1830022776,-8.110070,-2.695406,-2.223432,-30.661461,-25.047138,66.583557,0.384835,0.543293,0.529523,-0.525684,
2377,1830039443,-8.343450,-3.147564,-2.000077,-32.781601,-26.105076,68.763748,0.394542,0.544654,0.525334,-0.521263,
2378,1830056110,-8.326797,-3.428768,-2.069124,-32.660656,-27.588577,70.759689,0.404451,0.545988,0.520822,-0.516783,
2379,1830072777,-8.135140,-4.036938,-1.860773,-35.811691,-26.817419,68.307350,0.414310,0.546932,0.516715,-0.512076,
2380,1830089444,-8.053768,-4.601259,-1.577740,-36.077168,-26.392036,57.285561,0.423285,0.546996,0.513468,-0.507917,
2381,1830106111,-8.384901,-5.079482,-2.198920,-46.090229,-26.297449,41.310368,0.431826,0.545202,0.512186,-0.503935,
2382,1830122778,-8.089838,-6.025396,-4.066943,-42.941147,-23.892822,31.044693,0.439149,0.542972,0.511597,-0.500602,
2383,1830139445,-7.442492,-6.975349,-4.716262,-50.157814,-21.201685,26.221397,0.446456,0.540077,0.512051,-0.496791,
2384,1830156112,-6.941086,-8.162033,-4.343134,-47.905491,-16.712547,13.032526,0.452267,0.536634,0.513637,-0.493619,
2385,1830172779,-6.039717,-9.013036,-2.968203,-41.800774,-8.184148,-15.343488,0.454900,0.532057,0.517536,-0.492078,
2386,1830189446,-5.339669,-8.810973,-1.475332,-33.079948,-8.311596,-54.239647,0.454051,0.525082,0.523779,-0.493746,
2387,1830206113,-5.261835,-6.873790,-2.065945,-42.499596,-20.431417,-89.961967,0.452206,0.513810,0.532545,-0.497904,
2388,1830222780,-9.655023,-5.689366,-1.512251,-60.311543,-15.970195,-132.973846,0.448073,0.498180,0.545926,-0.503007,
2389,1830239447,-14.630116,-6.707929,-3.699618,-16.738232,-28.894968,-188.111893,0.437495,0.479755,0.558931,-0.515784,
2390,1830256114,-11.890844,-4.918538,-2.517993,-0.140362,-14.030142,-185.326920,0.424424,0.463361,0.571017,-0.528303,
2391,1830272781,-11.809705,-2.962758,-1.460325,-7.178544,17.552256,-165.217926,0.410464,0.450318,0.583857,-0.536514,
2392,1830289448,-12.587967,-1.189962,-2.461980,-59.841076,14.130887,-153.863281,0.400885,0.434561,0.599510,-0.539480,
2393,1830306115,-13.499922,-2.958059,-2.471051,-59.536655,36.428879,-150.135803,0.389398,0.420638,0.615849,-0.540525,
2394,1830322782,-14.850172,-4.840031,-0.925660,-40.702595,48.126122,-135.846390,0.376623,0.409755,0.630162,-0.541438,
2395,1830339449,-14.485983,-5.439326,-0.846191,-29.022327,52.435955,-109.799927,0.364652,0.402068,0.641978,-0.541514,
2396,1830356116,-10.912405,-3.967998,-0.239409,9.012224,61.424355,-81.166397,0.351769,0.399665,0.649418,-0.542943,
2397,1830372783,-8.463326,-3.053724,0.426128,54.339523,63.270611,-74.072021,0.336549,0.400297,0.652797,-0.548048,
2398,1830389450,-7.353919,-2.985949,0.225792,113.972153,68.061310,-87.442833,0.316203,0.402798,0.652172,-0.558968,
2399,1830406117,-7.570753,-2.955332,-0.217008,153.524078,73.184258,-98.267723,0.291960,0.406233,0.648756,-0.573457,
2400,1830422784,-8.412369,-2.694797,-1.722403,150.096405,77.403419,-92.953056,0.267731,0.410048,0.644967,-0.586686,
2401,1830439451,-9.293933,-1.001096,-2.467095,122.089691,77.922600,-81.722084,0.245896,0.413588,0.642473,-0.596415,
2402,1830456118,-9.857168,1.417520,-2.397005,72.626068,66.763275,-66.493813,0.229291,0.415631,0.642667,-0.601382,
2403,1830472785,-9.753825,2.816727,-1.422420,17.262875,47.042179,-48.407867,0.219412,0.415708,0.645818,-0.601638,
2404,1830489452,-8.988531,2.905257,-0.595911,-28.802570,26.460096,-29.533789,0.215888,0.414255,0.651149,-0.598159,
2405,1830506119,-8.211100,2.514081,-0.823211,-69.090591,8.501930,-9.114962,0.218253,0.411876,0.658137,-0.591256,
2406,1830522786,-7.703917,1.085546,-0.839036,-82.176529,-1.011508,11.071652,0.224023,0.410144,0.664654,-0.582953,
2407,1830539453,-7.027397,-0.182850,0.038932,-67.942810,-12.389885,25.307491,0.231223,0.409235,0.668656,-0.576164,
2408,1830556120,-6.031489,-2.057730,-0.461535,-77.835434,-7.970072,41.173096,0.239880,0.409850,0.672597,-0.567536,
2409,1830572787,-5.846337,-6.750861,0.559652,-62.612442,1.887929,58.894810,0.248091,0.413478,0.674461,-0.559100,
2410,1830589454,-5.169727,-10.504919,-0.401598,-50.844681,-13.337929,54.336098,0.256683,0.415787,0.675000,-0.552823,
2411,1830606121,-6.641417,-11.622053,-4.187037,-44.207104,-17.381523,36.205643,0.263786,0.416198,0.675886,-0.548067,
2412,1830622788,-8.080464,-10.291079,-6.257217,-24.384087,-16.593546,33.112743,0.269349,0.417103,0.675372,-0.545300,
2413,1830639455,-7.682043,-8.424218,-8.563699,-28.698133,-2.989863,25.748178,0.273241,0.418180,0.676157,-0.541554,
2414,1830656122,-7.754343,-7.828994,-8.754189,-19.847591,24.823313,20.997175,0.273476,0.421319,0.677619,-0.537157,
2415,1830672789,-5.824781,-7.864614,-4.834232,39.352608,23.817947,20.772058,0.270151,0.426694,0.674404,-0.538641,
2416,1830689456,-3.486387,-4.364002,-1.214399,102.906593,27.843845,18.894186,0.262299,0.434633,0.666384,-0.546103,
2417,1830706123,-16.558315,-2.965927,6.146426,106.861198,62.299740,28.975101,0.251582,0.446310,0.658534,-0.551226,
2418,1830722790,-18.745102,-7.645301,-5.092827,43.575069,15.767475,35.132137,0.249874,0.452439,0.653518,-0.552974,
2419,1830739457,-10.597323,-5.098665,2.119830,133.315170,33.950962,8.144288,0.238305,0.460622,0.643568,-0.562905,
2420,1830756124,-7.937774,2.757220,-0.966587,52.891129,5.967327,-7.347680,0.233421,0.462170,0.640121,-0.567593,
2421,1830772791,-11.292574,11.870713,-2.385211,-12.888842,-19.070076,21.022881,0.237625,0.462043,0.639321,-0.566854,
2422,1830789458,-14.599171,9.892085,-1.734889,-70.100311,-40.717510,53.464951,0.250340,0.461122,0.640239,-0.561064,
2423,1830806125,-14.346407,0.677373,-1.655136,-101.745132,-58.578625,87.975182,0.269580,0.460659,0.640565,-0.552086,
2424,1830822792,-10.870088,-9.246914,-1.750441,-94.750610,-65.666130,113.653839,0.290941,0.462065,0.638011,-0.542951,
2425,1830839459,-6.558977,-12.030513,-1.890715,-9.415919,-51.020378,109.374954,0.304746,0.467643,0.629353,-0.540702,
2426,1830856126,-6.690368,-6.270785,-1.299789,69.134911,-28.540773,93.922882,0.309843,0.476915,0.616378,-0.544638,
2427,1830872793,-8.365567,-0.434512,-1.308123,70.930161,-18.133745,87.032562,0.313249,0.486340,0.604036,-0.548172,
2428,1830889460,-8.676183,1.666108,-1.676478,39.543320,-16.893877,91.622826,0.319058,0.494723,0.593784,-0.548521,
2429,1830906127,-9.584235,0.969554,-1.189608,-3.232960,-22.766356,96.597145,0.328786,0.500981,0.586191,-0.545254,
2430,1830922794,-10.173594,-0.917313,-1.252796,-26.425966,-30.523993,89.341026,0.340224,0.504796,0.580478,-0.540812,
2431,1830939461,-10.316419,-1.820714,-1.526911,-41.406261,-36.924873,80.041885,0.352506,0.506482,0.576195,-0.535928,
2432,1830956128,-9.837566,-2.008585,-1.748182,-56.520618,-42.902908,74.784111,0.365918,0.506382,0.573050,-0.530376,
2433,1830972795,-9.374804,-2.733294,-1.801363,-65.950470,-43.143528,74.646378,0.379950,0.505631,0.570496,-0.523941,
2434,1830989462,-9.013868,-3.646269,-2.005565,-60.615368,-39.946983,74.127884,0.393195,0.505256,0.567617,-0.517618,
2435,1831006129,-8.912030,-4.081536,-2.148058,-38.839596,-36.890526,73.034622,0.404427,0.506168,0.563242,-0.512830,
2436,1831022796,-8.303089,-4.280033,-2.374408,-18.524197,-33.119465,73.938339,0.413859,0.508550,0.557421,-0.509296,
2437,1831039463,-8.326975,-3.646645,-2.220181,-8.559257,-27.965961,75.568520,0.422199,0.511977,0.550975,-0.506021,
2438,1831056130,-8.400149,-3.581679,-2.191158,-11.757158,-26.077042,74.514641,0.430492,0.515193,0.544888,-0.502348,
2439,1831072797,-8.147355,-3.996460,-2.249770,-15.798337,-26.579060,72.315987,0.438911,0.517879,0.539160,-0.498466,
2440,1831089464,-7.981584,-4.911082,-2.221602,-9.622479,-26.720072,65.294075,0.446316,0.520340,0.533444,-0.495470,
2441,1831106131,-8.262397,-4.754166,-1.866175,-3.699597,-26.257277,54.537117,0.452421,0.522337,0.528098,-0.493554,
2442,1831122798,-8.755813,-3.781237,-2.109637,-6.551958,-22.882528,46.504513,0.457877,0.523738,0.523757,-0.491660,
2443,1831139465,-9.507828,-3.117831,-2.851050,-17.088217,-19.456270,40.658756,0.463432,0.524210,0.520818,-0.489068,
2444,1831156132,-9.614494,-3.878700,-3.684554,-23.664795,-22.280199,33.306866,0.469158,0.523457,0.518694,-0.486666,
2445,1831172799,-8.516713,-4.979596,-3.608956,-21.918795,-22.270601,22.372839,0.473957,0.521980,0.517262,-0.485124,
2446,1831189466,-7.189432,-5.663015,-3.148019,-25.417974,-23.199688,4.012689,0.477782,0.518800,0.517394,-0.484642,
2447,1831206133,-6.068651,-6.109528,-2.870918,-37.455276,-23.463953,-21.437115,0.480721,0.512830,0.520257,-0.485025,
2448,1831222800,-5.639330,-6.195300,-3.042821,-46.245468,-25.005882,-48.241344,0.482500,0.504065,0.525591,-0.486692,
2449,1831239467,-7.995151,-5.656490,-1.297695,-58.440376,-18.920633,-82.043922,0.482232,0.492205,0.534606,-0.489271,
2450,1831256134,-12.256639,-8.096994,-1.494541,-34.668991,-19.449717,-135.500458,0.476338,0.477656,0.545543,-0.497325,
2451,1831272801,-10.457360,-7.524848,-0.956324,-6.657229,-29.962978,-155.811920,0.467631,0.462442,0.554873,-0.509498,
2452,1831289468,-9.163406,-4.081513,0.017547,-9.631830,7.250545,-159.259201,0.455607,0.449251,0.566884,-0.518885,
2453,1831306135,-11.197927,-0.298578,-1.159117,-2.499922,38.415760,-159.879349,0.440243,0.438577,0.580141,-0.526570,
2454,1831322802,-14.121090,0.424590,-3.067550,-17.342169,49.007969,-159.220993,0.424720,0.427560,0.594824,-0.531971,
2455,1831339469,-16.222675,-1.903238,-3.097312,10.859177,68.740448,-149.282852,0.406252,0.420416,0.607571,-0.537652,
2456,1831356136,-17.261803,-4.701931,-1.701921,-1.033423,60.299519,-119.939255,0.391353,0.414298,0.618659,-0.540801,
2457,1831372803,-13.733621,-6.067620,-1.250067,-23.970835,48.633148,-95.141159,0.380707,0.408052,0.629189,-0.541000,
2458,1831389470,-10.339726,-5.757006,-0.007427,-24.425545,56.145611,-87.425919,0.369911,0.402973,0.639551,-0.540145,
2459,1831406137,-8.716529,-4.942337,0.911372,26.152872,67.217583,-86.680626,0.355080,0.401448,0.646323,-0.543165,
2460,1831422804,-8.161083,-3.394604,1.456363,110.557861,78.067284,-94.569641,0.333527,0.404224,0.647169,-0.553659,
2461,1831439471,-8.542187,-2.138127,1.344459,169.132034,81.983978,-105.556870,0.307019,0.408805,0.643626,-0.569533,
2462,1831456138,-8.482541,-1.093189,0.109206,162.076233,74.673637,-105.970787,0.281288,0.412036,0.639750,-0.584659,
2463,1831472805,-8.338782,-0.015392,-1.543740,110.857727,69.791412,-93.727585,0.259914,0.413594,0.638825,-0.594382,
2464,1831489472,-7.850563,0.331190,-1.733699,71.360146,56.737598,-77.126266,0.243452,0.413896,0.639547,-0.600337,
2465,1831506139,-7.622445,1.187350,-1.841792,24.388832,43.296082,-63.205002,0.232231,0.412564,0.642911,-0.602104,
2466,1831522806,-8.374913,1.948429,-1.177619,-15.887232,30.888294,-46.599529,0.226017,0.410294,0.648316,-0.600221,
2467,1831539473,-8.709289,2.427159,-0.882231,-61.836205,11.420847,-30.630817,0.225755,0.406283,0.656079,-0.594586,
2468,1831556140,-8.415664,2.541485,-1.395254,-110.159279,-8.898677,-15.076359,0.231592,0.400338,0.666310,-0.584918,
2469,1831572807,-7.468669,1.835825,-1.753615,-141.489197,-13.372214,0.904827,0.240968,0.394367,0.677891,-0.571731,
2470,1831589474,-6.704793,-1.743451,0.106354,-121.895317,-9.177840,25.203363,0.250736,0.391678,0.686337,-0.559164,
2471,1831606141,-4.384235,-8.702372,0.580889,-96.069016,-6.986930,35.043999,0.259547,0.390982,0.692011,-0.548537,
2472,1831622808,-3.280001,-13.881592,-4.279085,-97.236603,2.456103,40.033695,0.267811,0.391407,0.697692,-0.536942,
2473,1831639475,-4.025352,-12.377325,-8.554449,-44.424294,6.083169,35.805065,0.272327,0.393682,0.699526,-0.530584,
2474,1831656142,-6.454200,-7.132822,-7.637056,14.547741,19.845654,30.491564,0.271639,0.398793,0.697626,-0.529621,
2475,1831672809,-8.285789,-5.704032,-5.983653,27.148079,12.534603,36.949791,0.271448,0.404479,0.694066,-0.530084,
2476,1831689476,-6.409142,-6.482764,-5.656384,24.898651,15.573352,36.501907,0.271035,0.410247,0.690795,-0.530135,
2477,1831706143,-4.513218,-6.627407,-4.661478,44.598007,8.951441,35.162132,0.269993,0.416124,0.685787,-0.532583,
2478,1831722810,-5.222898,-5.019380,-1.487246,112.963203,24.951859,43.192589,0.263786,0.426645,0.675494,-0.540464,
2479,1831739477,-18.748537,-5.553667,1.642902,31.480274,39.163662,52.287865,0.261898,0.435960,0.671444,-0.538994,
2480,1831756144,-16.112995,-13.824719,-10.050242,67.550362,31.883160,43.484497,0.257712,0.445161,0.664756,-0.541774,
2481,1831772811,-11.640305,-9.786032,2.431063,239.548309,89.977135,-2.213090,0.232977,0.460623,0.649145,-0.558715,
2482,1831789478,-8.344878,5.723112,7.094053,163.482635,31.527809,-18.176260,0.217326,0.466797,0.638161,-0.572384,
2483,1831806145,-9.505481,15.624668,-1.454876,-17.837204,-25.105162,31.503012,0.223312,0.466991,0.636903,-0.571322,
2484,1831822812,-13.425799,12.126627,-0.833851,-72.082344,-38.052250,80.227119,0.238200,0.468792,0.636323,-0.564439,
2485,1831839479,-16.515244,2.886779,-1.431772,-105.266472,-52.287216,96.249390,0.257899,0.469582,0.636638,-0.554686,
2486,1831856146,-15.134548,-7.901103,-1.501822,-98.974586,-65.479347,111.874847,0.279519,0.470748,0.634550,-0.545542,
2487,1831872813,-7.824667,-13.169722,-2.650398,-31.726328,-54.768547,111.831024,0.295418,0.475282,0.627279,-0.541627,
2488,1831889480,-6.762567,-6.636197,-1.806781,53.697708,-29.007555,101.521416,0.302155,0.484423,0.614903,-0.543999,
2489,1831906147,-8.182096,-0.337771,-2.218565,48.745071,-22.875265,88.935715,0.307619,0.492583,0.603918,-0.545912,
2490,1831922814,-8.998929,2.084680,-1.998895,17.238413,-24.239145,93.490578,0.315758,0.499522,0.594922,-0.544836,
2491,1831939481,-9.902278,1.370348,-1.603941,-16.161718,-31.456703,104.430191,0.327745,0.505192,0.587312,-0.540769,
2492,1831956148,-10.270205,-1.251045,-1.580987,-35.692017,-40.241814,99.495140,0.341447,0.508689,0.581031,-0.535776,
2493,1831972815,-10.230520,-3.737399,-2.092900,-53.881836,-48.949253,85.767410,0.356072,0.509310,0.576597,-0.530429,
2494,1831989482,-9.503574,-3.944790,-2.030481,-55.662540,-51.753609,74.582069,0.370112,0.508557,0.572841,-0.525589,
2495,1832006149,-8.799313,-3.639322,-2.039995,-54.428776,-50.701492,69.895142,0.383531,0.507446,0.569264,-0.520908,
2496,1832022816,-8.265205,-3.391595,-2.202729,-42.139900,-39.394619,62.225414,0.394456,0.507149,0.565850,-0.516742,
2497,1832039483,-8.604455,-2.739235,-2.261463,-28.755999,-30.245296,54.668354,0.403023,0.507622,0.562443,-0.513374,
2498,1832056150,-9.100626,-2.700377,-2.840494,-26.746387,-30.037239,55.728401,0.411465,0.508267,0.558767,-0.510043,
2499,1832072817,-9.382847,-2.846406,-2.340311,-16.661585,-29.847849,61.867451,0.419560,0.509978,0.553845,-0.507100,
2500,1832089484,-9.115830,-2.983180,-1.834900,-22.108103,-35.015984,71.128708,0.429108,0.511660,0.548257,-0.503476,
2501,1832106151,-8.405859,-3.027292,-2.083558,-24.657152,-30.891945,76.938080,0.438879,0.513874,0.542601,-0.498906,
2502,1832122818,-8.146438,-3.662973,-1.700932,-34.562977,-30.179512,75.747139,0.449177,0.515332,0.537713,-0.493499,
2503,1832139485,-7.655663,-4.806862,-2.071447,-33.110050,-30.418194,69.903854,0.458897,0.516332,0.533063,-0.488530,
2504,1832156152,-7.132983,-6.747427,-3.255758,-9.478868,-21.622612,61.999569,0.465545,0.518861,0.527854,-0.485206,
2505,1832172819,-7.090485,-7.807075,-4.118781,7.080011,-11.241646,49.355560,0.469219,0.522237,0.523098,-0.483192,
2506,1832189486,-7.363228,-7.998482,-4.905055,9.702345,-11.071689,32.429424,0.471472,0.524494,0.519437,-0.482502,
2507,1832206153,-7.188366,-7.731576,-4.814267,15.955054,-7.358515,11.231667,0.471470,0.525831,0.517203,-0.483448,
2508,1832222820,-6.407587,-7.912796,-3.378422,19.045021,-4.865632,-19.455448,0.468877,0.525240,0.517266,-0.486535,
2509,1832239487,-5.282022,-7.981573,-2.114349,1.562339,-14.447760,-51.032848,0.466086,0.520381,0.520306,-0.491175,
2510,1832256154,-6.019415,-5.615247,-2.023649,-32.170696,-25.906965,-80.409248,0.464558,0.510131,0.527142,-0.496062,
2511,1832272821,-11.304819,-4.968344,-1.643998,-65.557167,-25.911022,-128.407074,0.461895,0.493780,0.539779,-0.501474,
2512,1832289488,-14.640006,-6.542259,-3.886648,-10.663254,-37.674206,-183.743225,0.451894,0.475615,0.551267,-0.515452,
2513,1832306155,-11.079960,-3.857643,-1.488028,-0.149646,-11.078445,-177.574951,0.439170,0.460286,0.562894,-0.527656,
2514,1832322822,-12.151787,-1.239196,-0.923209,7.211113,38.651512,-157.540054,0.423144,0.450594,0.575439,-0.535526,
2515,1832339489,-14.077545,0.543540,-2.519862,-29.437037,34.148998,-143.476303,0.410767,0.439235,0.589335,-0.539473,
2516,1832356156,-14.607465,-2.596080,-2.887048,-42.404644,49.589031,-142.339005,0.397775,0.428187,0.604796,-0.540977,
2517,1832372823,-16.803505,-6.978046,-1.510365,-51.784325,55.267265,-134.837372,0.385250,0.417479,0.620539,-0.540583,
2518,1832389490,-14.405626,-7.429292,-1.568979,-18.374393,62.509392,-103.799530,0.372318,0.411835,0.631913,-0.540796,
2519,1832406157,-10.586238,-4.465498,-0.280865,12.935143,72.184082,-77.480843,0.358583,0.410947,0.639590,-0.541727,
2520,1832422824,-8.652345,-2.079117,0.599871,60.000126,73.882584,-78.040764,0.341731,0.412477,0.643496,-0.546808,
2521,1832439491,-7.793289,-2.023716,1.099966,146.765442,81.332825,-92.478462,0.317642,0.417332,0.641380,-0.559976,
2522,1832456158,-8.071369,-1.355388,1.429709,197.651764,78.631340,-96.524918,0.290081,0.423534,0.634618,-0.577698,
2523,1832472825,-8.039026,-0.812227,-0.906485,162.157944,69.611320,-88.793419,0.265900,0.427774,0.629350,-0.591802,
2524,1832489492,-8.551592,0.329262,-2.558002,105.016342,69.028221,-73.668152,0.246458,0.430865,0.627631,-0.599747,
2525,1832506159,-9.043843,1.853226,-2.184474,59.108067,57.948124,-58.969120,0.232104,0.432541,0.628385,-0.603466,
2526,1832522826,-8.914369,3.169743,-0.853716,6.258387,34.353699,-45.077049,0.224418,0.431569,0.632014,-0.603280,
2527,1832539493,-9.159025,3.553628,-1.027047,-51.843853,19.060089,-28.225357,0.223248,0.428875,0.639132,-0.598114,
2528,1832556160,-9.584089,3.840355,-0.997769,-108.037697,-10.842652,-1.938770,0.230614,0.424128,0.648419,-0.588634,
2529,1832572827,-8.659515,2.462258,-0.341456,-129.049927,-25.295979,16.508940,0.242148,0.419047,0.657677,-0.577260,
2530,1832589494,-7.434406,-0.246537,1.233785,-102.301422,-23.472719,34.880611,0.253346,0.416686,0.663425,-0.567502,
2531,1832606161,-5.610330,-6.508784,2.219522,-80.828041,-16.488802,51.524033,0.263886,0.417204,0.666496,-0.558651,
2532,1832622828,-4.310099,-12.079742,-1.850740,-81.415634,-19.429602,53.878464,0.274884,0.417603,0.669224,-0.549718,
2533,1832639495,-3.921699,-9.852187,-8.695508,-65.637459,-14.479671,40.544239,0.283328,0.417658,0.671584,-0.542462,
2534,1832656162,-8.034184,-6.243147,-5.773081,10.789300,2.884841,33.280563,0.284835,0.421491,0.669023,-0.541873,
2535,1832672829,-9.256950,-5.926409,-3.106167,17.421604,5.697475,40.572163,0.286227,0.426516,0.665588,-0.541437,
2536,1832689496,-7.797822,-7.736244,-5.690516,-12.673534,9.559841,34.167801,0.288597,0.429958,0.665059,-0.538096,
2537,1832706163,-6.962575,-7.384389,-6.382896,13.214008,9.220910,29.858145,0.289036,0.434032,0.662742,-0.537448,
2538,1832722830,-8.459122,-5.392899,-1.033324,72.317978,18.999489,25.982155,0.284474,0.440949,0.656413,-0.542001,
2539,1832739497,-15.485854,-7.185528,0.218784,59.656326,33.432755,32.054996,0.279790,0.449004,0.651207,-0.544101,
2540,1832756164,-11.151554,-5.033251,-1.915127,196.709396,63.897301,25.104818,0.262580,0.464155,0.636514,-0.557194,
2541,1832772831,-10.206309,0.535059,3.751004,113.738831,19.191116,10.960585,0.253805,0.470929,0.627411,-0.565834,
2542,1832789498,-7.511605,6.456154,1.416912,17.904842,-8.261085,24.224915,0.255154,0.473047,0.624176,-0.567037,
2543,1832806165,-11.107964,8.118398,-2.389607,-40.538330,-27.632179,59.799400,0.265202,0.474596,0.622550,-0.562905,
2544,1832822832,-15.685719,6.163081,-0.949191,-48.542370,-35.370899,77.153603,0.277885,0.476700,0.619980,-0.557821,
2545,1832839499,-16.181005,0.661228,-1.733882,-68.829605,-46.694633,90.691444,0.294027,0.478166,0.617500,-0.551002,
2546,1832856166,-12.195706,-5.601573,-1.515115,-71.567245,-56.598141,106.265228,0.312391,0.479947,0.613508,-0.543759,
2547,1832872833,-8.621516,-7.432418,-1.450861,-19.941734,-50.456043,106.681931,0.326528,0.484428,0.605466,-0.540485,
2548,1832889500,-8.138763,-3.463366,-0.961034,20.991207,-35.248367,94.576813,0.335405,0.490857,0.595627,-0.540180,
2549,1832906167,-9.892451,-0.418759,-1.003332,18.100710,-27.481445,90.715141,0.343445,0.497320,0.586549,-0.539149,
2550,1832922834,-11.281497,0.354584,-0.843536,11.729978,-30.145632,91.971756,0.352205,0.503269,0.577633,-0.537601,
2551,1832939501,-11.468296,-0.515705,-1.112212,-8.285542,-34.709641,89.008873,0.362517,0.507491,0.570155,-0.534754,
2552,1832956168,-11.054987,-1.874359,-2.186384,-30.851948,-36.495308,81.083847,0.373959,0.509633,0.564816,-0.530486,
2553,1832972835,-10.452413,-2.017954,-1.999161,-32.499599,-36.194004,74.224358,0.384906,0.511057,0.560032,-0.526342,
2554,1832989502,-9.440950,-1.864147,-1.733612,-37.713890,-40.245827,68.926476,0.396102,0.511366,0.555724,-0.522286,
2555,1833006169,-8.318776,-2.220820,-1.984111,-47.363178,-41.161942,62.871769,0.407566,0.510477,0.552456,-0.517783,
2556,1833022836,-8.259143,-2.590373,-1.947581,-50.561920,-38.987564,56.533016,0.418551,0.508972,0.549943,-0.513156,
2557,1833039503,-8.337210,-3.109541,-1.573539,-41.129078,-37.767414,52.841602,0.428407,0.507768,0.546998,-0.509348,
2558,1833056170,-8.185708,-3.255550,-1.457449,-27.248402,-33.229542,53.005554,0.436842,0.507723,0.543237,-0.506244,
2559,1833072837,-8.035425,-2.780617,-1.509415,-20.057919,-26.846163,55.183331,0.444363,0.508730,0.539143,-0.503054,
2560,1833089504,-7.754063,-2.631080,-1.626557,-19.464428,-24.045282,58.323486,0.451810,0.510183,0.534909,-0.499456,
2561,1833106171,-7.726334,-2.912108,-1.449266,-25.624880,-25.714911,60.642662,0.459970,0.511241,0.530789,-0.495304,
2562,1833122838,-7.320491,-3.854182,-2.196346,-19.183712,-25.036951,61.807529,0.467635,0.512818,0.526112,-0.491472,
2563,1833139505,-6.664381,-4.599923,-2.612143,-11.992808,-23.650135,60.990967,0.474555,0.514872,0.521028,-0.488096,
2564,1833156172,-7.212042,-5.494303,-2.783978,-15.997350,-24.313034,53.464539,0.481250,0.515990,0.516705,-0.484946,
2565,1833172839,-8.348022,-6.086122,-3.073448,-4.679204,-26.971270,44.929867,0.486661,0.517036,0.512005,-0.483414,
2566,1833189506,-8.486303,-6.284079,-2.601836,2.565390,-26.540846,31.675436,0.490539,0.517616,0.507803,-0.483306,
2567,1833206173,-8.435677,-5.265179,-1.898288,13.595078,-27.009867,14.948215,0.492431,0.517699,0.504039,-0.485229,
2568,1833222840,-8.143543,-3.997839,-1.998078,-16.395912,-37.829605,-2.889488,0.496101,0.513548,0.502946,-0.487033,
2569,1833239507,-7.997019,-3.049714,-3.409525,-35.326523,-38.246113,-23.385454,0.499735,0.506475,0.504671,-0.488937,
2570,1833256174,-10.719965,-4.131730,-3.861838,-32.672119,-22.401213,-54.594845,0.499748,0.498387,0.509615,-0.492096,
2571,1833272841,-11.056140,-8.401642,-2.326957,-8.900182,-36.141312,-84.507126,0.496843,0.488756,0.513957,-0.500117,
2572,1833289508,-6.994099,-8.867017,1.219612,-42.762589,-29.566471,-98.947311,0.494687,0.475965,0.522148,-0.506070,
2573,1833306175,-7.555694,-4.644365,-1.285173,-20.675863,13.245849,-129.565979,0.485336,0.465433,0.533745,-0.512777,
2574,1833322842,-10.469451,-1.031789,-3.784665,8.427876,46.928238,-147.782730,0.469823,0.457843,0.546543,-0.520519,
2575,1833339509,-13.336978,-1.495715,-3.269840,46.207951,61.917858,-154.887451,0.449790,0.453139,0.557660,-0.530446,
2576,1833356176,-14.606381,-2.910872,-1.518653,103.477226,72.087364,-141.417923,0.425880,0.453737,0.563742,-0.543091,
2577,1833372843,-14.582656,-4.202830,-0.568687,76.948059,64.018227,-117.827827,0.405971,0.453698,0.569501,-0.552284,
2578,1833389510,-13.550125,-4.858254,-1.641288,-1.184264,50.790249,-109.395813,0.392821,0.448493,0.579962,-0.555151,
2579,1833406177,-12.129053,-3.753718,-1.144409,-33.287388,52.418751,-110.347649,0.381419,0.441355,0.592977,-0.555074,
2580,1833422844,-11.072172,-0.844473,-0.106664,-32.060490,54.124863,-107.052246,0.369926,0.434556,0.605572,-0.554619,
2581,1833439511,-9.749959,0.039206,0.848455,-3.751634,65.723045,-103.671341,0.355773,0.430369,0.616091,-0.555557,
2582,1833456178,-8.964261,-1.089991,1.312091,47.006512,74.907532,-104.345924,0.337436,0.429332,0.622800,-0.560299,
2583,1833472845,-8.769830,-2.855177,0.864383,90.975868,78.058167,-101.974304,0.316105,0.430724,0.625639,-0.568449,
2584,1833489512,-8.586604,-4.217247,-0.753119,92.172340,75.333015,-97.783928,0.295130,0.432103,0.627665,-0.576391,
2585,1833506179,-9.233861,-4.493122,-3.026194,78.664444,84.452309,-89.086884,0.274757,0.434251,0.630365,-0.581875,
2586,1833522846,-10.564790,-2.291506,-2.568594,80.487663,75.223625,-80.218071,0.255749,0.436319,0.631711,-0.587505,
2587,1833539513,-10.452343,0.448183,-1.980800,51.104897,55.103577,-71.359528,0.241130,0.436252,0.634058,-0.591197,
2588,1833556180,-10.521017,3.189429,-1.454889,0.080617,42.982437,-54.057541,0.232315,0.434876,0.639161,-0.590246,
2589,1833572847,-9.973543,4.522844,-1.048121,-55.663860,19.937490,-28.756248,0.231319,0.431947,0.646605,-0.584653,
2590,1833589514,-8.739161,3.105689,0.023712,-66.737244,0.205116,-9.356315,0.234504,0.428752,0.653043,-0.578548,
2591,1833606181,-6.673948,1.408306,0.327969,-81.882027,-6.488503,1.586508,0.240164,0.425465,0.659764,-0.570978,
2592,1833622848,-5.755818,-4.383019,-0.404800,-118.324821,9.263415,28.747480,0.248769,0.424722,0.668227,-0.557855,
2593,1833639515,-4.035869,-10.046931,0.715194,-59.283585,4.256933,33.918667,0.254581,0.426123,0.671259,-0.550475,
2594,1833656182,-4.593568,-10.046380,-5.787609,-76.893608,0.677075,32.289196,0.261671,0.426372,0.675586,-0.541593,
2595,1833672849,-6.121856,-7.100675,-6.420846,-29.647526,8.247751,32.968933,0.265113,0.429040,0.676375,-0.536806,
2596,1833689516,-7.872399,-5.555165,-4.257348,7.591539,9.867337,24.168863,0.265377,0.432393,0.674850,-0.535904,
2597,1833706183,-7.099271,-6.976437,-6.343529,-8.845977,11.564866,17.728100,0.266002,0.434605,0.675069,-0.533524,
2598,1833722850,-6.097443,-7.253940,-6.620904,5.942536,19.100561,13.051931,0.264585,0.437511,0.674720,-0.532294,
2599,1833739517,-5.084573,-4.465324,-1.710644,75.184608,28.969879,17.163168,0.258090,0.444215,0.669078,-0.537031,
2600,1833756184,-4.026692,0.187671,0.857751,153.893219,41.596447,30.131077,0.246204,0.455966,0.656693,-0.547938,
2601,1833772851,-15.465176,-1.075628,4.337827,66.359009,49.389519,63.311039,0.241929,0.468197,0.649107,-0.548568,
2602,1833789518,-18.383776,-14.213674,-6.369831,-0.416465,11.481990,42.902134,0.244122,0.473065,0.646815,-0.546122,
2603,1833806185,-11.727354,-7.691374,-2.497591,162.578384,27.975924,-17.925390,0.228642,0.479160,0.636148,-0.559864,
2604,1833822852,-10.799473,6.493711,2.117736,60.588684,1.008585,-17.449919,0.222726,0.479553,0.632644,-0.565851,
2605,1833839519,-10.778175,14.193069,-2.274858,-24.585077,-28.890427,40.901798,0.230292,0.480062,0.631064,-0.564153,
2606,1833856186,-14.325834,11.030476,-2.281095,-87.661171,-40.409199,78.701080,0.246381,0.480893,0.631509,-0.556092,
2607,1833872853,-15.231458,1.500039,-2.402142,-128.815170,-57.356602,95.056946,0.268117,0.480159,0.633235,-0.544590,
2608,1833889520,-13.561555,-11.194617,-2.215625,-118.912338,-66.278015,113.990326,0.291314,0.480544,0.632103,-0.533539,
2609,1833906187,-8.411091,-13.262636,-2.027409,-2.229300,-46.878574,116.433838,0.304620,0.487365,0.622256,-0.531492,
2610,1833922854,-8.596155,-5.228460,-1.284420,55.975719,-27.741600,101.278648,0.310800,0.496720,0.609641,-0.533867,
2611,1833939521,-9.414096,0.408471,-1.106938,42.346447,-29.354012,96.865921,0.317682,0.504809,0.598167,-0.535206,
2612,1833956188,-9.935551,2.430791,-1.405696,7.963815,-35.829075,100.449722,0.327855,0.510997,0.588663,-0.533735,
2613,1833972855,-10.502033,1.413010,-1.847593,-29.280775,-42.020508,101.112083,0.341297,0.514858,0.581558,-0.529369,
2614,1833989522,-10.488792,-1.112833,-2.273662,-44.666195,-47.933758,87.202538,0.355234,0.516193,0.576236,-0.524699,
2615,1834006189,-10.053185,-3.191354,-2.542687,-53.426991,-48.811256,74.020485,0.368814,0.515782,0.572392,-0.519919,
2616,1834022856,-9.049753,-3.707277,-2.006698,-52.970680,-51.092831,66.981697,0.381939,0.514527,0.568797,-0.515615,
2617,1834039523,-7.487909,-3.799585,-2.001345,-50.166527,-47.875263,63.360676,0.394241,0.513269,0.565330,-0.511404,
2618,1834056190,-6.920242,-3.397024,-1.838028,-39.142120,-38.012699,59.724670,0.404576,0.512996,0.561792,-0.507490,
2619,1834072857,-7.419431,-3.533967,-2.049921,-22.006607,-30.890566,55.914581,0.412722,0.513887,0.557629,-0.504612,
2620,1834089524,-7.933261,-3.257089,-1.869107,-10.489910,-27.814774,56.993446,0.419801,0.515737,0.552677,-0.502330,
2621,1834106191,-8.333407,-2.792410,-1.616644,-6.930039,-25.605883,62.886932,0.426827,0.518394,0.547108,-0.499763,
2622,1834122858,-8.240180,-2.681753,-1.500117,-3.282625,-21.971113,65.705231,0.433453,0.521715,0.541236,-0.496991,
2623,1834139525,-7.949494,-2.718657,-1.382631,-2.621914,-21.514332,66.255928,0.439989,0.525104,0.535250,-0.494153,
2624,1834156192,-7.718649,-3.200674,-1.526299,-12.191826,-22.502827,64.267319,0.447148,0.527602,0.529989,-0.490724,
2625,1834172859,-7.365590,-4.416594,-2.466985,-14.560053,-24.057127,59.142982,0.454200,0.529392,0.525142,-0.487521,
2626,1834189526,-7.314894,-4.916942,-3.507862,-12.718931,-20.729309,52.933865,0.460379,0.531023,0.520822,-0.484576,
2627,1834206193,-8.759295,-4.389559,-3.713605,-13.287659,-20.662245,47.948120,0.466215,0.532210,0.516900,-0.481886,
2628,1834222860,-9.266143,-4.570746,-4.141020,-23.133636,-23.938356,38.386925,0.472362,0.531751,0.514159,-0.479331,
2629,1834239527,-8.705377,-4.671451,-3.542220,-28.261946,-21.202545,19.528316,0.477365,0.529698,0.513402,-0.477457,
2630,1834256194,-7.875744,-4.462730,-2.754813,-50.196350,-26.647734,-8.501363,0.482491,0.523622,0.515924,-0.476286,
2631,1834272861,-7.418878,-4.940550,-4.251867,-61.971550,-32.166061,-35.028858,0.487040,0.514294,0.520844,-0.476466,
2632,1834289528,-9.229451,-5.387908,-4.273242,-66.580338,-21.488054,-63.552208,0.489067,0.503134,0.528889,-0.477440,
2633,1834306195,-13.063293,-8.674668,-4.335056,-13.170597,-13.128131,-97.628860,0.484075,0.493630,0.536208,-0.484238,
2634,1834322862,-9.531687,-8.831665,0.727575,-16.175550,-23.970572,-100.011658,0.479864,0.482852,0.543027,-0.491640,
2635,1834339529,-8.999990,-6.578758,2.288720,-59.789059,-5.126917,-111.915504,0.476235,0.469295,0.554958,-0.494963,
2636,1834356196,-11.141822,-1.553121,-0.811049,-35.629238,6.967000,-139.019638,0.467839,0.455907,0.567616,-0.501091,
2637,1834372863,-12.960851,-0.100718,-2.592076,-1.855393,14.636209,-157.309723,0.455006,0.443640,0.579267,-0.510496,
2638,1834389530,-14.466196,-0.759324,-2.027625,33.643417,25.976667,-154.378082,0.438898,0.434570,0.588528,-0.521686,
2639,1834406197,-14.092016,-3.285110,-0.992498,52.791683,39.643860,-118.314194,0.422937,0.430640,0.594649,-0.531102,
2640,1834422864,-12.416098,-5.448425,-0.592721,20.549444,34.964291,-85.666840,0.411796,0.427062,0.600753,-0.535856,
2641,1834439531,-10.707851,-5.943895,-1.397423,-17.553310,34.784264,-86.087914,0.402924,0.421065,0.609723,-0.537213,
2642,1834456198,-9.836012,-4.024992,-0.689383,-18.870419,37.072777,-92.437332,0.393348,0.414519,0.619190,-0.538572,
2643,1834472865,-8.642741,-1.657411,0.037513,9.739129,42.533455,-89.968750,0.381660,0.410166,0.626442,-0.541917,
2644,1834489532,-8.312922,-0.712686,0.578064,54.979973,52.122444,-89.243774,0.366360,0.409041,0.630455,-0.548632,
2645,1834506199,-8.462240,-0.819877,0.615357,107.912842,60.816406,-92.367065,0.346718,0.410979,0.630638,-0.559627,
2646,1834522866,-8.561123,-0.907706,0.503595,125.874283,60.352329,-91.207809,0.325949,0.413665,0.628917,-0.571931,
2647,1834539533,-7.785193,-1.732115,-1.821918,80.207298,59.634785,-85.630318,0.308301,0.414437,0.630322,-0.579561,
2648,1834556200,-7.993961,-1.659684,-2.766964,37.915051,64.090652,-74.219162,0.293661,0.414607,0.634610,-0.582356,
2649,1834572867,-8.384017,-0.678653,-2.732294,0.859617,54.931004,-66.026917,0.282736,0.413093,0.641023,-0.581815,
2650,1834589534,-9.175563,1.128175,-1.677620,-31.559805,39.981297,-52.166359,0.276286,0.410216,0.648641,-0.578496,
2651,1834606201,-8.940367,1.659799,-1.520637,-67.947159,21.054626,-33.043941,0.275368,0.406037,0.657336,-0.572031,
2652,1834622868,-8.629020,1.727312,-1.262263,-77.904343,8.460096,-14.098519,0.277782,0.402168,0.665146,-0.564520,
2653,1834639535,-7.816245,0.966820,-1.139615,-85.082756,6.915382,2.668598,0.282104,0.399446,0.672403,-0.555643,
2654,1834656202,-7.117493,-3.794845,-0.009099,-62.091988,20.867104,22.949284,0.285328,0.400727,0.677107,-0.547298,
2655,1834672869,-4.982154,-10.359906,2.099537,-0.101222,22.664406,25.280329,0.284931,0.404928,0.676772,-0.544822,
2656,1834689536,-3.987988,-13.664488,-4.621902,-12.215384,15.581508,11.031903,0.284808,0.406654,0.677931,-0.542154,
2657,1834706203,-5.247603,-10.066553,-7.814367,22.117405,27.230848,1.011258,0.280708,0.409723,0.677445,-0.542588,
2658,1834722870,-6.783882,-5.427491,-4.590563,58.675800,36.448101,10.111958,0.274219,0.415882,0.673867,-0.545668,
2659,1834739537,-7.102173,-3.989801,-3.097145,26.319759,34.274620,11.160203,0.269962,0.420651,0.672658,-0.545626,
2660,1834756204,-6.749653,-4.259613,-4.638221,1.165695,26.029148,13.694148,0.268244,0.424013,0.672947,-0.543511,
2661,1834772871,-5.507222,-4.131681,-4.558433,23.047640,22.830841,17.666567,0.265797,0.428356,0.671120,-0.543567,
2662,1834789538,-5.403605,-2.019415,-1.204143,62.852261,26.769346,23.535799,0.260931,0.435092,0.665888,-0.546999,
2663,1834806205,-13.143646,-1.910996,3.827866,57.501282,32.335434,36.935425,0.256902,0.443316,0.660369,-0.548989,
2664,1834822872,-23.080658,-13.996594,-8.159036,-55.608204,20.723598,45.600822,0.261945,0.447167,0.662808,-0.540477,
2665,1834839539,-11.197208,-11.199589,1.254342,233.033737,78.550171,0.553071,0.238921,0.461903,0.647232,-0.557366,
2666,1834856206,-9.472991,0.625676,2.752175,169.581024,29.330471,-29.888727,0.222093,0.467136,0.636511,-0.572116,
2667,1834872873,-10.022501,14.785647,0.946175,-3.737291,-28.235069,15.971018,0.226113,0.466072,0.635023,-0.573062,
2668,1834889540,-13.812497,13.445817,-2.620708,-61.461784,-37.306236,74.779915,0.239763,0.467731,0.633980,-0.567286,
2669,1834906207,-15.842114,6.005343,-2.450958,-100.620522,-51.507671,93.499763,0.258855,0.468425,0.634185,-0.558019,
2670,1834922874,-15.554827,-5.240470,-2.282283,-114.879166,-62.178532,116.415894,0.281624,0.469575,0.633235,-0.546996,
2671,1834939541,-10.414317,-12.836486,-2.318340,-58.737728,-58.618351,122.473213,0.300560,0.473608,0.627203,-0.540351,
2672,1834956208,-7.487171,-8.545685,-1.784459,17.100904,-38.659889,108.948944,0.311277,0.481115,0.616785,-0.539643,
2673,1834972875,-8.999842,-1.440617,-1.583229,32.450855,-31.631809,98.319427,0.319373,0.488790,0.606064,-0.540162,
2674,1834989542,-9.620131,0.373862,-0.774583,21.555706,-34.361732,103.449501,0.328810,0.496076,0.595559,-0.539543,
2675,1835006209,-9.546920,0.102139,-1.234759,1.797481,-38.387146,103.469803,0.339940,0.501979,0.586259,-0.537366,
2676,1835022876,-9.962292,-1.048979,-1.819215,-17.088711,-43.243591,91.496078,0.351849,0.505431,0.578932,-0.534400,
2677,1835039543,-10.434660,-2.183154,-2.037053,-35.639427,-45.014233,78.580582,0.364195,0.506605,0.573787,-0.530553,
2678,1835056210,-9.576079,-2.847507,-1.332279,-38.371899,-50.454250,74.071693,0.376778,0.506738,0.568785,-0.527013,
2679,1835072877,-7.968668,-2.654495,-1.606819,-36.620594,-48.249496,72.266472,0.388839,0.506892,0.563794,-0.523455,
2680,1835089544,-7.113114,-2.752467,-1.773571,-29.002687,-36.941845,68.158501,0.399036,0.507918,0.559075,-0.519836,
2681,1835106211,-7.647435,-2.760832,-1.960327,-13.192306,-29.713409,62.242046,0.406981,0.509865,0.553950,-0.517250,
2682,1835122878,-8.280878,-2.767282,-1.835677,-9.304296,-31.330511,62.146637,0.414720,0.511863,0.548389,-0.515051,
2683,1835139545,-8.578893,-2.382138,-1.562421,-12.929849,-29.403620,69.047394,0.423046,0.514281,0.542643,-0.511947,
2684,1835156212,-8.806807,-2.129405,-1.466135,-18.601521,-22.040283,73.845650,0.431520,0.517213,0.537347,-0.507487,
2685,1835172879,-8.495713,-2.444098,-1.714606,-29.185057,-20.178118,73.576828,0.440568,0.519528,0.532899,-0.502009,
2686,1835189546,-8.236913,-3.327816,-2.415740,-40.380108,-25.875450,71.927162,0.450718,0.520507,0.528950,-0.496127,
2687,1835206213,-6.808114,-4.959344,-3.073163,-60.777489,-34.379452,67.490524,0.462666,0.519101,0.526160,-0.489524,
2688,1835222880,-5.771496,-6.989266,-3.915190,-61.116909,-33.625980,56.014214,0.473679,0.516754,0.524217,-0.483522,
2689,1835239547,-6.907684,-6.954193,-4.163668,-41.933693,-28.378334,42.895206,0.481865,0.515031,0.522207,-0.479430,
2690,1835256214,-8.352342,-6.884823,-4.100046,-29.290339,-31.241316,30.670115,0.488432,0.513026,0.519993,-0.477336,
2691,1835272881,-8.238997,-6.389449,-3.397501,-16.556995,-30.141399,16.772047,0.492977,0.510929,0.517991,-0.477090,
2692,1835289548,-7.612240,-5.393552,-2.525901,-22.004900,-27.685575,-3.120741,0.496346,0.507098,0.518008,-0.477665,
2693,1835306215,-6.641481,-4.903222,-3.584609,-27.565928,-30.985460,-25.104378,0.498825,0.500960,0.519776,-0.479634,
2694,1835322882,-7.934739,-4.515108,-3.376013,-41.870964,-30.631834,-54.557518,0.500221,0.491539,0.524670,-0.482591,
2695,1835339549,-12.589038,-7.619408,-4.192301,-15.027863,-21.478933,-97.175728,0.495920,0.481376,0.531304,-0.489960,
2696,1835356216,-9.976048,-8.638165,-1.462392,23.995331,-31.542948,-108.512177,0.488729,0.472311,0.535092,-0.501743,
2697,1835372883,-8.187881,-5.149185,1.462634,-22.080170,5.963840,-116.024727,0.481090,0.461983,0.545268,-0.507751,
2698,1835389550,-11.447830,0.085650,0.237508,-30.307852,40.396057,-137.993546,0.469463,0.451701,0.559726,-0.512134,
2699,1835406217,-14.307551,0.716693,-2.037253,-22.994152,40.701881,-156.341141,0.455721,0.440211,0.574572,-0.518077,
2700,1835422884,-15.570216,-1.924868,-1.952469,19.510120,49.036411,-153.735870,0.438496,0.432133,0.586271,-0.526567,
2701,1835439551,-15.682618,-4.414296,-1.345039,50.849304,55.277870,-120.937302,0.421060,0.429109,0.593612,-0.534979,
2702,1835456218,-13.736901,-6.040099,-1.398833,29.176821,47.828697,-94.999771,0.407489,0.426268,0.600355,-0.540210,
2703,1835472885,-11.709750,-5.334862,-0.963991,2.842973,47.924732,-93.163155,0.395583,0.421925,0.608908,-0.542889,
2704,1835489552,-11.118216,-3.102051,-0.133860,3.969549,50.522022,-100.470329,0.382698,0.417096,0.617812,-0.545790,
2705,1835506219,-10.156640,-1.243706,0.854029,36.100784,64.092926,-107.870110,0.365934,0.414333,0.625169,-0.550989,
2706,1835522886,-9.623363,-1.004986,1.677211,83.250229,77.024689,-116.910789,0.344258,0.414098,0.629686,-0.559919,
2707,1835539553,-9.403997,-1.383611,1.535466,113.358955,75.728600,-121.804962,0.320271,0.414552,0.631575,-0.571569,
2708,1835556220,-8.445612,-1.787372,0.242064,97.020363,67.432152,-118.913689,0.298060,0.413547,0.633844,-0.581708,
2709,1835572887,-7.584237,-1.978603,-1.992128,44.862064,61.908733,-108.016899,0.280272,0.410616,0.639320,-0.586614,
2710,1835589554,-7.840456,-1.754648,-2.803946,13.573150,67.804123,-89.922935,0.265255,0.408460,0.646413,-0.587327,
2711,1835606221,-8.495475,-0.040806,-1.937491,5.465829,58.071819,-70.867142,0.253201,0.406858,0.652541,-0.586984,
2712,1835622888,-8.870966,1.737440,-1.323644,-27.672354,41.250008,-51.090897,0.246357,0.404415,0.659611,-0.583673,
2713,1835639555,-8.739697,3.240328,-1.293486,-75.692482,18.743050,-29.401806,0.246306,0.400370,0.668585,-0.576224,
2714,1835656222,-7.385569,4.434430,-2.280134,-131.725327,13.500376,-10.740328,0.251529,0.395588,0.680803,-0.562809,
2715,1835672889,-7.124501,-0.690306,1.401467,-98.132095,17.860807,23.407070,0.257109,0.395655,0.688259,-0.551049,
2716,1835689556,-3.493380,-10.814185,4.810592,-32.144073,7.551790,30.562494,0.260464,0.398027,0.689537,-0.546146,
2717,1835706223,-3.395358,-15.342009,-3.709382,-65.992004,9.369388,24.663452,0.265106,0.398638,0.693861,-0.537929,
2718,1835722890,-5.503841,-10.117202,-11.276579,-30.461699,10.758553,22.217300,0.267335,0.400450,0.695553,-0.533274,
2719,1835739557,-7.335725,-6.000787,-8.893917,56.834167,31.540411,36.473503,0.263461,0.408681,0.690402,-0.535646,
2720,1835756224,-6.875136,-6.013566,-5.038402,77.376274,36.078270,30.883326,0.257436,0.417433,0.684060,-0.539946,
2721,1835772891,-5.864987,-4.777784,-3.547827,23.250519,24.498926,18.141756,0.254821,0.421940,0.682240,-0.539987,
2722,1835789558,-4.468544,-3.373545,-1.684200,60.300415,15.218377,18.834700,0.250893,0.427135,0.677083,-0.544216,
2723,1835806225,-5.238514,2.221497,0.716953,196.511673,47.190838,26.837124,0.235870,0.440411,0.661492,-0.559317,
2724,1835822892,-16.070051,-1.608915,4.341777,-15.035511,37.459103,62.516354,0.238118,0.448857,0.660160,-0.553191,
2725,1835839559,-19.906258,-18.189299,-9.178958,-49.079285,11.578256,50.700180,0.244100,0.452856,0.661367,-0.545834,
2726,1835856226,-10.494965,-4.145785,3.552380,203.724518,31.041929,-5.881108,0.226946,0.461705,0.646593,-0.563246,
2727,1835872893,-11.477927,6.448512,3.270000,39.973927,-10.290349,-5.873796,0.224569,0.461549,0.643565,-0.567776,
2728,1835889560,-13.100155,14.541560,-1.258053,-28.698198,-40.141636,65.478683,0.235473,0.463326,0.640385,-0.565502,
2729,1835906227,-15.447387,10.757811,-2.178615,-82.673683,-56.740490,108.859016,0.255063,0.465795,0.637960,-0.557664,
2730,1835922894,-17.218832,-0.400154,-3.620386,-115.646896,-59.920876,118.450630,0.277823,0.467417,0.637086,-0.546316,
2731,1835939561,-13.573515,-12.244691,-3.313349,-89.788368,-67.335953,123.926697,0.299778,0.469714,0.633092,-0.537308,
2732,1835956228,-7.723204,-10.690982,-2.300497,7.201960,-36.527126,126.994911,0.312369,0.478707,0.622353,-0.534739,
2733,1835972895,-8.779800,-2.991451,-1.294789,53.938889,-22.028467,115.861565,0.319414,0.489773,0.609193,-0.535709,
2734,1835989562,-9.716279,0.862987,-0.370885,29.340191,-33.049038,110.513260,0.328670,0.498208,0.597625,-0.535362,
2735,1836006229,-10.285444,1.135200,-0.832593,-0.259099,-41.826340,114.506088,0.341048,0.504743,0.587474,-0.532727,
2736,1836022896,-10.122966,0.327099,-1.379301,-23.810469,-51.569675,107.935387,0.355376,0.508640,0.578966,-0.528958,
2737,1836039563,-9.313327,-1.992725,-2.051166,-38.137352,-52.471657,93.717613,0.369644,0.510383,0.572398,-0.524631,
2738,1836056230,-8.441616,-2.901792,-2.150890,-37.788456,-49.544029,82.383423,0.382687,0.511300,0.566662,-0.520597,
2739,1836072897,-7.480858,-2.745425,-1.791450,-36.952343,-46.246235,77.998779,0.394984,0.512045,0.561255,-0.516521,
2740,1836089564,-6.550030,-3.180224,-2.258175,-34.354008,-41.915981,72.997498,0.406285,0.512762,0.556170,-0.512529,
2741,1836106231,-6.560127,-3.202053,-2.255021,-19.156580,-34.208515,65.724167,0.415228,0.514289,0.550872,-0.509546,
2742,1836122898,-7.443137,-2.326827,-1.807958,-12.069661,-28.753399,63.706760,0.423008,0.516429,0.545467,-0.506789,
2743,1836139565,-8.210819,-1.765947,-1.416846,-12.282091,-27.461943,67.832954,0.430959,0.518924,0.539790,-0.503610,
2744,1836156232,-8.743329,-1.538746,-1.393330,-11.479305,-23.886810,73.306831,0.438919,0.522099,0.533802,-0.499822,
2745,1836172899,-9.166530,-1.516316,-1.484572,-14.556192,-20.663132,77.302910,0.447096,0.525555,0.527871,-0.495231,
2746,1836189566,-9.823781,-2.123789,-1.441796,-37.256454,-27.364702,79.510414,0.457612,0.527139,0.522890,-0.489189,
2747,1836206233,-9.030581,-4.408637,-2.253515,-68.213860,-39.158543,73.838905,0.470899,0.525283,0.519652,-0.481973,
2748,1836222900,-7.475190,-6.828594,-3.795819,-79.811737,-38.984951,62.481438,0.484146,0.521657,0.517980,-0.474527,
2749,1836239567,-8.018555,-7.465703,-4.659800,-71.149773,-34.259354,49.882793,0.495405,0.517905,0.516890,-0.468162,
2750,1836256234,-9.275033,-7.263816,-5.166455,-56.563995,-34.853172,36.653030,0.504631,0.514091,0.515685,-0.463822,
2751,1836272901,-8.949677,-6.784208,-4.362287,-38.311657,-29.436310,18.086813,0.510788,0.510543,0.514991,-0.461768,
2752,1836289568,-8.413970,-5.782823,-3.298055,-42.055210,-24.685520,-11.757652,0.514832,0.504772,0.517092,-0.461274,
2753,1836306235,-7.248178,-6.061377,-3.449084,-47.599110,-28.265648,-42.458591,0.517449,0.495996,0.521510,-0.462888,
2754,1836322902,-8.199682,-5.292243,-3.597567,-53.515591,-33.106213,-69.274292,0.518977,0.484340,0.527822,-0.466354,
2755,1836339569,-11.894371,-6.145258,-3.238165,-68.685066,-31.030104,-102.475449,0.519020,0.469002,0.537517,-0.470888,
2756,1836356236,-11.328717,-8.235892,-2.258467,-18.108686,-33.524353,-126.973740,0.513939,0.455223,0.545037,-0.481225,
2757,1836372903,-8.831784,-6.245043,0.240828,-35.440460,-0.433947,-133.944473,0.506689,0.441730,0.556490,-0.488328,
2758,1836389570,-10.890310,-2.989637,-0.968533,-6.679383,40.769955,-143.598068,0.493341,0.432303,0.569306,-0.495604,
2759,1836406237,-13.372963,-0.595059,-1.389844,17.442041,37.116020,-145.964249,0.478366,0.423934,0.579992,-0.505034,
2760,1836422904,-14.140989,-3.589899,-1.933505,46.035927,52.377487,-144.726379,0.460181,0.418557,0.589257,-0.515582,
2761,1836439571,-14.705485,-6.841030,-2.123649,88.499252,75.758270,-125.102524,0.438605,0.419208,0.595359,-0.526726,
2762,1836456238,-13.410894,-5.600732,-1.734609,87.346512,74.845886,-97.558502,0.419043,0.421867,0.599481,-0.535777,
2763,1836472905,-12.255469,-2.361817,-0.874303,40.058540,63.764420,-90.926788,0.403699,0.421191,0.605968,-0.540770,
2764,1836489572,-10.546210,-0.588973,-0.130420,33.966793,58.026623,-96.247528,0.388693,0.419111,0.612741,-0.545725,
2765,1836506239,-8.896635,-0.497441,0.906218,71.637299,66.562599,-104.800049,0.369809,0.418920,0.617299,-0.553799,
2766,1836522906,-8.112258,-0.645471,1.382378,101.143936,69.333229,-116.004440,0.347783,0.419313,0.619986,-0.564663,
2767,1836539573,-7.944640,-1.158529,0.747272,108.291527,68.355965,-118.746529,0.324966,0.419475,0.621811,-0.576014,
2768,1836556240,-7.667469,-1.027492,-0.609812,81.026978,68.004318,-113.859741,0.304063,0.418516,0.625240,-0.584353,
2769,1836572907,-7.826567,-0.506738,-2.224766,26.593145,67.446297,-105.612404,0.287093,0.415669,0.632494,-0.587156,
2770,1836589574,-8.487842,0.642436,-2.477507,-12.965365,66.887566,-90.817436,0.273737,0.412352,0.642007,-0.585547,
2771,1836606241,-9.742647,2.197313,-2.355802,-59.925587,54.334919,-63.608467,0.266618,0.408532,0.653221,-0.579071,
2772,1836622908,-10.588771,3.162873,-2.008215,-96.793762,29.593693,-36.436550,0.266265,0.403682,0.664807,-0.569367,
2773,1836639575,-9.818610,3.378600,-0.534957,-103.976135,12.698847,-18.322903,0.269404,0.398808,0.675105,-0.559116,
2774,1836656242,-7.650712,-0.542348,2.231106,-66.931664,9.493916,2.179759,0.272332,0.397071,0.680958,-0.551788,
2775,1836672909,-4.824186,-7.796724,3.406253,-43.254005,21.306131,17.718437,0.273950,0.398728,0.684427,-0.545464,
2776,1836689576,-3.243254,-13.359816,-2.023099,-13.979520,10.887747,18.813934,0.274984,0.400819,0.685069,-0.542598,
2777,1836706243,-3.309626,-9.661485,-8.895011,29.012045,18.131609,7.107984,0.271859,0.404024,0.683278,-0.544052,
2778,1836722910,-5.934024,-5.067405,-7.505784,82.191589,36.879978,19.795490,0.264719,0.412035,0.677208,-0.549131,
2779,1836739577,-6.498780,-6.066021,-3.535606,82.296425,34.043835,27.513962,0.258420,0.420510,0.670437,-0.553994,
2780,1836756244,-7.239473,-6.412841,-2.896759,15.581169,24.828699,27.126617,0.257041,0.425652,0.668647,-0.552870,
2781,1836772911,-7.912199,-4.969009,-3.687098,-17.084951,16.855392,22.839720,0.258107,0.428503,0.669433,-0.549208,
2782,1836789578,-7.776012,-2.610188,-2.119636,12.939839,16.908079,20.940796,0.257139,0.432292,0.667927,-0.548526,
2783,1836806245,-6.908319,-0.446414,-0.183712,32.750786,14.207655,28.875145,0.255814,0.437364,0.664221,-0.549624,
2784,1836822912,-13.219564,-1.915805,2.013194,30.026875,37.520340,48.791615,0.253986,0.446092,0.660286,-0.548197,
2785,1836839579,-20.249025,-17.235130,-10.104067,-0.639485,34.082764,67.041649,0.255907,0.455119,0.657412,-0.543316,
2786,1836856246,-9.282149,-11.524745,5.721328,257.095795,60.478634,9.413020,0.233490,0.469948,0.638451,-0.563041,
2787,1836872913,-7.973085,4.178930,1.400321,174.254135,24.056215,-20.082024,0.217450,0.475743,0.626369,-0.577970,
2788,1836889580,-10.421512,14.787029,-0.991076,30.280294,-19.417656,39.144711,0.220235,0.478557,0.620690,-0.580714,
2789,1836906247,-14.490519,13.070946,-2.718171,-25.760647,-22.271074,89.085335,0.231374,0.483788,0.616099,-0.576924,
2790,1836922914,-17.343149,7.185417,-2.977874,-79.424385,-39.547379,95.610817,0.248328,0.486220,0.614802,-0.569163,
2791,1836939581,-15.321523,-4.679064,-3.234578,-132.827408,-53.243977,113.907486,0.271668,0.486971,0.615809,-0.556632,
2792,1836956248,-8.789964,-11.787974,-2.235991,-71.673035,-44.478477,127.414200,0.290826,0.491768,0.610888,-0.548092,
2793,1836972915,-6.852544,-8.058526,-0.462621,35.813923,-23.415346,117.101204,0.299484,0.501674,0.598781,-0.547812,
2794,1836989582,-8.823995,-1.573926,-1.171608,60.353806,-15.812719,92.434036,0.303637,0.510961,0.586679,-0.550032,
2795,1837006249,-11.033173,1.806256,-0.992359,31.874601,-18.929749,97.277710,0.310488,0.519034,0.576217,-0.549708,
2796,1837022916,-11.041404,1.070889,-0.902140,1.647676,-29.852058,104.036446,0.321006,0.525315,0.567035,-0.547243,
2797,1837039583,-10.749894,-0.149235,-1.444566,-31.411522,-38.444370,96.921768,0.334116,0.528655,0.560487,-0.542907,
2798,1837056250,-10.097589,-1.674497,-2.060523,-52.600716,-42.690041,84.981293,0.348177,0.529528,0.556187,-0.537617,
2799,1837072917,-9.326989,-1.935359,-1.836623,-64.268860,-46.877686,76.190491,0.362703,0.528640,0.553126,-0.532017,
2800,1837089584,-8.534273,-1.946627,-2.062025,-73.348206,-50.112022,69.027458,0.377538,0.526309,0.551005,-0.526176,
2801,1837106251,-8.292382,-2.484649,-2.319086,-70.407272,-47.295742,62.839230,0.391355,0.523729,0.549150,-0.520565,
2802,1837122918,-8.605893,-2.917705,-2.297164,-58.235622,-42.537338,58.251057,0.403437,0.521727,0.546881,-0.515717,
2803,1837139585,-8.857463,-3.120617,-2.120708,-50.502872,-39.905170,58.177734,0.414649,0.520283,0.544102,-0.511203,
2804,1837156252,-8.902470,-3.238492,-1.662689,-44.678925,-39.756779,60.001049,0.425481,0.519267,0.540678,-0.506952,
2805,1837172919,-8.816612,-2.844533,-1.623478,-37.278267,-34.445797,64.004257,0.435570,0.519340,0.536658,-0.502561,
2806,1837189586,-8.662693,-2.820740,-1.808457,-31.804476,-26.992125,66.962311,0.444822,0.520466,0.532416,-0.497781,
2807,1837206253,-8.470759,-3.317038,-1.774943,-36.836929,-24.735632,68.159973,0.454307,0.521454,0.528524,-0.492298,
2808,1837222920,-8.098127,-4.516061,-2.159248,-44.331966,-28.659395,68.661034,0.464631,0.521628,0.524795,-0.486432,
2809,1837239587,-6.651345,-6.050245,-3.156781,-38.431679,-28.134949,67.599335,0.474323,0.522079,0.520688,-0.480977,
2810,1837256254,-6.289445,-6.807131,-3.682847,-24.572495,-19.397928,59.692112,0.481690,0.523437,0.516756,-0.476398,
2811,1837272921,-7.446816,-6.247651,-3.933652,-1.510139,-15.209293,48.575321,0.486180,0.525827,0.512330,-0.473979,
2812,1837289588,-7.768878,-5.910722,-3.625647,-3.237612,-17.188766,29.522438,0.489616,0.526519,0.509324,-0.472913,
2813,1837306255,-7.254345,-5.781705,-2.783004,-8.919497,-19.773523,3.033989,0.491847,0.524658,0.508546,-0.473504,
2814,1837322922,-6.806158,-5.227178,-3.317111,-20.852610,-24.548622,-27.424858,0.493230,0.519348,0.510561,-0.475745,
2815,1837339589,-9.321460,-4.235958,-3.634771,-49.763863,-25.108114,-64.153214,0.494247,0.509146,0.517263,-0.478470,
2816,1837356256,-12.694072,-6.691564,-4.314476,-38.547554,-30.419556,-104.862984,0.491888,0.496204,0.525702,-0.485251,
2817,1837372923,-9.601888,-7.100447,-1.039026,-18.272942,-36.363602,-116.567764,0.487540,0.483245,0.532969,-0.494699,
2818,1837389590,-8.651076,-3.843085,1.028860,-52.787891,4.233843,-124.952026,0.481689,0.469932,0.545994,-0.499034,
2819,1837406257,-11.885777,-0.270867,0.016598,-59.245289,23.784798,-140.717606,0.473360,0.456117,0.561685,-0.502395,
2820,1837422924,-13.959231,0.187761,-1.542763,-44.974976,18.757994,-154.172470,0.463257,0.441573,0.576575,-0.507910,
2821,1837439591,-14.271763,-1.951427,-1.453997,9.231730,37.271778,-145.928223,0.448484,0.432505,0.587873,-0.515956,
2822,1837456258,-14.419040,-4.293362,-1.097886,35.651123,50.298382,-112.688522,0.433239,0.428797,0.595698,-0.523053,
2823,1837472925,-13.155469,-5.916259,-1.617073,9.387345,45.046787,-89.505035,0.421724,0.424918,0.603572,-0.526591,
2824,1837489592,-11.466211,-5.221356,-1.376302,-1.066973,48.610027,-87.740280,0.410584,0.420731,0.612222,-0.528766,
2825,1837506259,-10.327037,-3.337398,-0.460456,28.678438,57.917847,-94.043472,0.396206,0.418369,0.619372,-0.533264,
2826,1837522926,-9.607733,-2.020468,0.634194,71.802147,72.171120,-101.828690,0.377172,0.418744,0.624246,-0.541033,
2827,1837539593,-9.401113,-1.859741,1.154100,110.150948,79.293701,-113.066887,0.354063,0.420528,0.626829,-0.552164,
2828,1837556260,-9.450054,-1.750107,1.145984,127.810570,77.095116,-117.803993,0.329441,0.422310,0.627717,-0.564887,
2829,1837572927,-8.884223,-1.936746,-0.563960,92.638969,71.413841,-114.885872,0.307516,0.421923,0.630620,-0.574228,
2830,1837589594,-9.106077,-1.650137,-2.395235,53.303307,66.623024,-105.384796,0.289088,0.420042,0.635702,-0.579551,
2831,1837606261,-8.998954,-0.551870,-2.438383,31.266285,61.164890,-91.543358,0.273579,0.417912,0.641350,-0.582390,
2832,1837622928,-9.808266,0.865195,-1.477909,4.358828,46.185589,-73.266197,0.262590,0.415054,0.647425,-0.582770,
2833,1837639595,-10.410340,1.853463,-1.007843,-35.189255,31.889809,-56.232185,0.256742,0.411020,0.655185,-0.579554,
2834,1837656262,-10.136848,2.206940,-0.730877,-73.075249,13.511227,-41.208931,0.256143,0.405398,0.664461,-0.573183,
2835,1837672929,-8.924106,2.793001,-2.380411,-140.806625,3.099557,-22.697184,0.262012,0.398054,0.677704,-0.560021,
2836,1837689596,-8.125519,-0.308889,-2.005090,-164.827118,14.895796,9.356104,0.270588,0.393712,0.691150,-0.542299,
2837,1837706263,-5.401949,-9.043235,2.888891,-58.661407,7.904248,21.868040,0.274686,0.394123,0.694999,-0.534972,
2838,1837722930,-3.143384,-12.905724,-3.225216,-81.510689,10.588361,17.141121,0.279420,0.393304,0.700921,-0.525310,
2839,1837739597,-3.497536,-10.244425,-9.065087,-49.885735,6.947337,25.333004,0.283309,0.394282,0.703734,-0.518691,
2840,1837756264,-4.644198,-4.321461,-7.753072,49.415882,25.793779,31.980206,0.280052,0.401424,0.699399,-0.520840,
2841,1837772931,-5.312157,-2.918287,-4.299455,94.399559,25.167555,28.647768,0.273937,0.409951,0.691722,-0.527659,
2842,1837789598,-4.957699,-3.952209,-3.599384,79.135208,21.352097,24.205462,0.268724,0.417055,0.685203,-0.533248,
2843,1837806265,-4.330745,-4.375718,-2.741526,65.994301,13.856806,25.030291,0.265084,0.423093,0.679271,-0.537882,
2844,1837822932,-4.195259,-2.384139,-1.302973,106.646988,21.730854,34.412041,0.258848,0.432161,0.669759,-0.545584,
2845,1837839599,-5.197649,0.467683,1.790585,157.351639,41.574333,53.321423,0.248879,0.446363,0.655485,-0.556024,
2846,1837856266,-20.935577,-7.973279,4.804940,-79.039238,31.097643,80.724174,0.257359,0.453572,0.657872,-0.543367,
2847,1837872933,-20.672567,-21.243105,-15.112478,41.313065,15.721962,26.004070,0.255005,0.458756,0.653667,-0.545196,
2848,1837889600,-12.335034,-2.529718,4.141548,254.227127,39.897026,-32.231564,0.231342,0.467878,0.636885,-0.567408,
2849,1837906267,-9.367258,13.236851,4.064795,36.935940,-27.473536,-25.427919,0.229095,0.464415,0.634831,-0.573435,
2850,1837922934,-8.631889,14.990045,-3.184593,-71.486549,-42.740879,59.084614,0.242603,0.463808,0.635511,-0.567587,
2851,1837939601,-13.232239,9.198845,-3.372923,-104.605042,-42.473637,94.497353,0.261167,0.465175,0.636331,-0.557217,
2852,1837956268,-16.945862,-0.178873,-3.165093,-135.904877,-50.291950,110.620766,0.283730,0.465946,0.637931,-0.543543,
2853,1837972935,-14.012825,-14.760217,-2.753617,-97.222908,-58.651947,129.756912,0.305776,0.469120,0.634409,-0.532876,
2854,1837989602,-7.180380,-13.445079,-1.556505,19.537172,-38.580311,122.891716,0.317322,0.478179,0.622891,-0.531659,
2855,1838006269,-7.788895,-3.436626,-0.450193,66.847473,-27.048300,97.613289,0.322473,0.487866,0.609803,-0.534922,
2856,1838022936,-9.508014,3.060540,-1.100281,20.792210,-37.209763,93.464211,0.331387,0.494108,0.599958,-0.534878,
2857,1838039603,-10.872860,4.850905,-1.547630,-24.243023,-46.685387,102.923119,0.345020,0.498147,0.592332,-0.530997,
2858,1838056270,-11.669074,2.864542,-1.901199,-66.220634,-61.175121,101.721077,0.362738,0.498694,0.587111,-0.524433,
2859,1838072937,-11.693063,-2.013048,-1.993913,-77.470261,-70.176544,91.753166,0.381139,0.496914,0.582764,-0.517880,
2860,1838089604,-10.668860,-5.858997,-2.237199,-73.395477,-70.070534,80.850975,0.398271,0.494257,0.578684,-0.512074,
2861,1838106271,-8.681571,-6.406063,-1.712232,-46.139072,-63.857353,71.618820,0.412117,0.492718,0.573428,-0.508501,
2862,1838122938,-7.736083,-5.631528,-2.302571,-20.200518,-47.091110,64.798141,0.422123,0.493313,0.567641,-0.506204,
2863,1838139605,-7.911265,-4.156541,-1.916979,11.388577,-33.964729,61.724426,0.428500,0.496499,0.560487,-0.505702,
2864,1838156272,-8.799026,-2.536952,-1.612315,26.679541,-27.302332,62.465935,0.433239,0.501137,0.552512,-0.505866,
2865,1838172939,-9.338379,-1.524034,-1.490854,28.997091,-25.492619,64.225990,0.437744,0.506139,0.544292,-0.505918,
2866,1838189606,-9.369891,-1.296726,-1.087399,18.068651,-27.426392,64.154175,0.443155,0.510243,0.536700,-0.505197,
2867,1838206273,-9.212999,-1.237870,-0.893819,-1.229237,-28.711777,61.678028,0.449871,0.512765,0.530573,-0.503174,
2868,1838222940,-8.424545,-2.052433,-1.124074,-28.896790,-30.495474,60.735168,0.458674,0.513221,0.526370,-0.499160,
2869,1838239607,-7.018214,-3.637225,-2.343512,-44.727158,-28.908304,62.394543,0.468599,0.512799,0.523234,-0.493642,
2870,1838256274,-5.719459,-5.347291,-3.409558,-44.558258,-23.687487,62.988571,0.478093,0.512737,0.520326,-0.487640,
2871,1838272941,-4.868313,-5.827455,-3.781972,-27.718359,-22.619600,61.027405,0.486052,0.513713,0.516384,-0.482912,
2872,1838289608,-5.138326,-5.733520,-3.357962,-23.284872,-20.561859,53.821774,0.492973,0.514559,0.512770,-0.478830,
2873,1838306275,-6.434024,-5.689976,-2.563679,-7.825537,-12.271854,40.122238,0.497135,0.516038,0.509671,-0.476236,
2874,1838322942,-7.304410,-5.124391,-1.872180,-7.997972,-10.482542,19.824707,0.499759,0.516112,0.508227,-0.474951,
2875,1838339609,-6.903145,-4.535457,-2.140058,-27.671638,-19.602377,-5.413536,0.502779,0.512251,0.509365,-0.474725,
2876,1838356276,-6.569629,-4.028848,-3.320556,-30.078445,-30.234516,-30.978085,0.504979,0.505563,0.511776,-0.476961,
2877,1838372943,-8.107485,-3.154097,-2.105778,-41.246662,-34.208576,-58.168938,0.506358,0.495705,0.516620,-0.480610,
2878,1838389610,-12.498275,-6.824182,-2.679142,-22.897299,-31.610697,-99.886971,0.503204,0.484151,0.523283,-0.488429,
2879,1838406277,-11.056537,-7.423452,-1.389050,10.476423,-42.691078,-117.338867,0.497155,0.472781,0.527840,-0.500704,
2880,1838422944,-9.950057,-4.348253,0.463147,-52.870800,-6.488830,-117.015541,0.492531,0.459326,0.539424,-0.505429,
2881,1838439611,-12.944633,-0.380591,-1.233295,-57.293545,32.200054,-127.044365,0.484232,0.447426,0.554558,-0.507739,
2882,1838456278,-14.655651,-0.349579,-2.121662,-27.341145,33.961746,-137.096420,0.472883,0.436756,0.568011,-0.512830,
2883,1838472945,-14.546995,-2.336285,-1.857835,43.863529,48.652931,-133.698395,0.455831,0.432157,0.576683,-0.522397,
2884,1838489612,-14.640074,-4.711758,-1.900069,81.231857,67.375931,-110.713440,0.436383,0.433174,0.582031,-0.532142,
2885,1838506279,-14.507101,-6.251253,-1.474428,30.004051,55.268120,-90.227364,0.422604,0.431570,0.589061,-0.536809,
2886,1838522946,-12.618299,-5.881087,-1.598206,-6.617385,54.269958,-86.002716,0.411435,0.427893,0.598480,-0.538010,
2887,1838539613,-11.267365,-4.099884,-0.529292,10.966138,60.586578,-90.666588,0.398155,0.425251,0.607044,-0.540496,
2888,1838556280,-10.128819,-1.863132,1.031274,54.046745,72.796600,-95.679695,0.380612,0.425485,0.613045,-0.546148,
2889,1838572947,-9.768079,-0.270248,1.846684,98.537750,78.837570,-100.326576,0.359231,0.428049,0.615846,-0.555396,
2890,1838589614,-9.459229,0.195126,1.529452,117.452873,77.680710,-100.288719,0.336567,0.431255,0.616688,-0.566076,
2891,1838606281,-8.883323,-0.637895,0.258890,106.352211,70.462646,-96.441940,0.315365,0.433413,0.617481,-0.575690,
2892,1838622948,-8.604737,-1.745181,-1.560770,66.828247,65.765343,-89.674927,0.297499,0.433777,0.620660,-0.581478,
2893,1838639615,-9.289850,-1.954272,-2.227664,46.855774,66.177620,-78.810394,0.281681,0.434153,0.624662,-0.584781,
2894,1838656282,-9.744619,-0.583573,-1.862612,28.271208,53.768295,-69.478615,0.268892,0.433460,0.629002,-0.586661,
2895,1838672949,-9.862871,1.563307,-1.230592,-1.994289,34.428070,-59.546818,0.260590,0.430779,0.634449,-0.586516,
2896,1838689616,-9.586765,3.168167,-1.239119,-46.360008,17.541983,-48.797573,0.257516,0.425924,0.642298,-0.582865,
2897,1838706283,-9.048795,3.398974,-0.801610,-80.977058,-2.403074,-33.518162,0.259712,0.419452,0.651299,-0.576561,
2898,1838722950,-7.607364,2.015530,0.181443,-85.602966,-6.145462,-19.709843,0.263662,0.413730,0.659594,-0.569429,
2899,1838739617,-6.442180,-2.768788,1.310317,-90.157059,3.659935,-0.401132,0.268501,0.410428,0.667366,-0.560431,
2900,1838756284,-4.403652,-9.724810,0.280965,-84.522774,10.064957,10.917419,0.273260,0.408897,0.674141,-0.551063,
2901,1838772951,-3.983365,-10.589699,-4.706119,-70.137695,12.825286,9.250522,0.276721,0.407939,0.679881,-0.542934,
2902,1838789618,-5.125840,-5.596063,-7.369662,-37.288815,17.830166,15.216897,0.278186,0.409256,0.682823,-0.537474,
2903,1838806285,-6.307321,-3.346026,-4.623439,13.013676,27.262896,26.571964,0.276595,0.414458,0.681514,-0.535968,
2904,1838822952,-5.420093,-4.928184,-3.835984,23.177355,23.780766,23.106791,0.274457,0.419441,0.679459,-0.535800,
2905,1838839619,-4.848808,-6.295141,-4.723451,34.095367,21.555321,15.652925,0.271282,0.423934,0.676895,-0.537124,
2906,1838856286,-4.553868,-4.959872,-3.027545,110.393074,25.915773,14.865089,0.262868,0.431634,0.668487,-0.545639,
2907,1838872953,-5.717955,-0.891003,1.550767,209.976837,48.569412,25.117834,0.246649,0.445661,0.651978,-0.561674,
2908,1838889620,-17.644367,-7.496780,3.311147,-38.494812,28.779329,47.738121,0.250125,0.451063,0.653235,-0.554317,
2909,1838906287,-17.201443,-13.097258,-8.073385,107.482697,27.986227,21.247953,0.241920,0.459112,0.644310,-0.561746,
2910,1838922954,-12.282656,-2.056722,0.278262,135.421295,22.292233,-13.999265,0.229423,0.464223,0.635043,-0.573225,
2911,1838939621,-11.973498,8.949989,4.276843,41.833580,-6.731752,3.764534,0.227357,0.465331,0.631269,-0.577304,
2912,1838956288,-12.187682,11.640947,-1.898237,-46.089130,-37.224873,60.468914,0.238786,0.466136,0.629972,-0.573444,
2913,1838972955,-14.484294,7.317139,-1.581369,-79.328003,-46.121578,85.997299,0.255360,0.467275,0.629254,-0.566118,
2914,1838989622,-16.081034,-1.315775,-2.734332,-116.555992,-59.956985,99.313599,0.276715,0.466903,0.629898,-0.555574,
2915,1839006289,-12.916695,-10.282711,-2.605697,-85.756622,-62.220558,113.763451,0.297208,0.468662,0.626642,-0.547126,
2916,1839022956,-7.123413,-10.904168,-2.196656,-12.174262,-43.368137,119.528229,0.311301,0.475429,0.617689,-0.543620,
2917,1839039623,-7.799418,-3.795419,-1.028409,51.231083,-28.000443,109.664688,0.318745,0.485239,0.604901,-0.545017,
2918,1839056290,-9.004207,0.547216,-1.560078,35.827484,-32.646320,105.010300,0.327222,0.493414,0.593267,-0.545442,
2919,1839072957,-9.640753,1.309391,-1.661700,8.731205,-37.033043,110.197655,0.338343,0.500262,0.583038,-0.543445,
2920,1839089624,-10.203060,0.087461,-1.551597,-26.859802,-43.545200,106.242950,0.352199,0.504369,0.575423,-0.538944,
2921,1839106291,-10.554488,-2.270277,-1.527842,-53.455235,-52.576260,96.833366,0.367919,0.505467,0.569947,-0.533200,
2922,1839122958,-9.776231,-4.185506,-1.777069,-60.210678,-55.324562,83.104729,0.383191,0.504702,0.565689,-0.527675,
2923,1839139625,-8.519497,-4.426028,-1.921437,-44.700787,-46.483315,75.576401,0.395925,0.504737,0.561148,-0.523068,
2924,1839156292,-7.640309,-4.407666,-1.397343,-35.343410,-38.240025,66.907143,0.406569,0.505142,0.556908,-0.519028,
2925,1839172959,-7.327518,-4.205806,-1.831093,-14.943684,-28.865162,58.743423,0.414290,0.506738,0.552217,-0.516372,
2926,1839189626,-7.762006,-3.478927,-1.889058,-8.294843,-23.397104,54.875183,0.420757,0.508794,0.547596,-0.514039,
2927,1839206293,-8.842330,-2.778886,-1.338356,-1.577545,-21.628325,57.063400,0.426717,0.511528,0.542379,-0.511938,
2928,1839222960,-9.606422,-2.219851,-0.721176,-3.503520,-23.796503,58.424614,0.433059,0.514050,0.537029,-0.509722,
2929,1839239627,-9.567255,-2.624724,-1.042163,-4.408512,-26.107012,59.938694,0.439726,0.516418,0.531442,-0.507471,
2930,1839256294,-9.158851,-3.138260,-1.252252,-8.719568,-25.791578,63.675121,0.446927,0.518775,0.525864,-0.504579,
2931,1839272961,-8.464540,-4.713164,-1.584800,-10.289823,-24.226740,64.617958,0.454152,0.521166,0.520382,-0.501337,
2932,1839289628,-7.675262,-6.357045,-2.169358,2.506489,-18.736103,61.283012,0.459705,0.524502,0.514536,-0.498824,
2933,1839306295,-7.065180,-6.188178,-3.290324,20.429390,-8.615696,55.796154,0.462700,0.529319,0.508446,-0.497209,
2934,1839322962,-8.210061,-4.851111,-3.576640,29.018482,-2.218159,45.971100,0.463817,0.534415,0.502891,-0.496366,
2935,1839339629,-8.975106,-3.880127,-3.019712,5.634630,-5.696978,32.472401,0.466011,0.536673,0.499820,-0.494974,
2936,1839356296,-7.697145,-4.794497,-1.851469,-14.767019,-7.087554,9.703045,0.468252,0.535786,0.499894,-0.493744,
2937,1839372963,-6.555285,-5.634778,-1.660998,-23.774464,-11.658728,-19.746161,0.469404,0.531806,0.502592,-0.494214,
2938,1839389630,-6.035597,-5.463655,-3.185859,-33.656086,-22.543629,-41.403202,0.470534,0.524759,0.506909,-0.496259,
2939,1839406297,-7.570974,-3.684681,-2.695845,-50.624134,-22.753513,-61.290321,0.471485,0.515011,0.513899,-0.498375,
2940,1839422964,-12.050885,-5.937984,-2.926567,-26.147665,-8.791914,-103.388039,0.466413,0.504705,0.523124,-0.504062,
2941,1839439631,-11.501823,-8.479240,-1.239279,5.067547,-15.659351,-128.301041,0.457601,0.493962,0.531265,-0.514164,
2942,1839456298,-10.321045,-5.862685,0.540644,-19.986588,4.372521,-128.411911,0.448865,0.482860,0.542428,-0.520713,
2943,1839472965,-11.913867,-1.720968,-1.251548,12.172729,17.960737,-130.143494,0.436499,0.474569,0.551964,-0.528765,
2944,1839489632,-12.482248,0.521082,-2.581289,41.428108,29.258341,-136.179474,0.420562,0.468323,0.560153,-0.538548,
2945,1839506299,-13.154951,-1.176364,-1.980800,62.515644,47.855972,-137.012558,0.401399,0.464523,0.567607,-0.548565,
2946,1839522966,-14.655064,-4.571100,-0.816819,48.679451,49.352821,-116.498482,0.384496,0.461512,0.574600,-0.555885,
2947,1839539633,-14.204682,-6.112236,-1.413552,7.493223,33.184258,-95.760628,0.373266,0.456479,0.582448,-0.559516,
2948,1839556300,-11.649886,-4.788399,-1.199050,-8.042137,30.476732,-88.243896,0.363829,0.450924,0.590792,-0.561485,
2949,1839572967,-9.895301,-2.770583,0.251184,5.047336,38.031326,-89.204597,0.352734,0.446504,0.598412,-0.564021,
2950,1839589634,-8.491569,-0.894272,1.173224,43.509472,45.859264,-97.768486,0.337669,0.443844,0.603684,-0.569695,
2951,1839606301,-8.257886,-0.367052,1.543288,83.968102,50.253944,-110.770584,0.318401,0.442223,0.606427,-0.579059,
2952,1839622968,-8.189250,-0.297586,0.770441,81.182426,48.425179,-115.060722,0.298964,0.439732,0.609308,-0.588220,
2953,1839639635,-8.075236,-0.920784,-0.982075,48.952686,45.308689,-108.554428,0.282298,0.435969,0.614142,-0.594199,
2954,1839656302,-7.878635,-1.157872,-1.935936,17.377714,41.393654,-96.766708,0.268918,0.431493,0.620613,-0.596943,
2955,1839672969,-8.194372,-0.640857,-2.052324,-13.815940,39.562542,-84.721054,0.258648,0.426631,0.628825,-0.596381,
2956,1839689636,-9.087084,0.082404,-1.282697,-42.000725,25.446562,-67.201477,0.252893,0.421012,0.637753,-0.593354,
2957,1839706303,-9.635290,0.486887,-1.153693,-76.311630,14.576316,-50.153793,0.251676,0.414704,0.648090,-0.587080,
2958,1839722970,-9.380931,0.351286,-0.812434,-88.895302,2.539613,-35.440678,0.253562,0.408215,0.658047,-0.579694,
2959,1839739637,-8.073190,0.156019,-1.384167,-99.462250,7.475114,-20.899752,0.256777,0.403059,0.668073,-0.570344,
2960,1839756304,-7.366434,-3.004667,-0.665499,-77.390350,9.360867,-0.093194,0.260197,0.400834,0.674999,-0.562148,
2961,1839772971,-5.131388,-7.336938,-2.089664,-59.363632,16.563169,8.180776,0.262507,0.400649,0.680168,-0.554929,
2962,1839789638,-5.141913,-10.031466,-4.373402,-35.731178,30.141956,15.705774,0.262686,0.403179,0.683464,-0.548931,
2963,1839806305,-5.628916,-7.718273,-6.016124,-11.688715,27.781328,19.009481,0.261940,0.406750,0.684529,-0.545313,
2964,1839822972,-6.576783,-4.575238,-5.822758,8.399747,32.631813,27.294746,0.260171,0.412282,0.683674,-0.543074,
2965,1839839639,-6.301019,-4.757736,-4.207173,30.085201,28.647726,25.065701,0.257309,0.418081,0.681059,-0.543290,
2966,1839856306,-4.853555,-4.595201,-5.554320,48.982857,28.080286,15.013439,0.252544,0.423521,0.677501,-0.545755,
2967,1839872973,-4.746997,-3.013835,-2.457655,125.675972,49.894234,23.201977,0.241496,0.434218,0.667995,-0.554005,
2968,1839889640,-6.619048,0.272000,5.945916,130.079407,27.318501,46.863220,0.234172,0.445374,0.655577,-0.563053,
2969,1839906307,-14.670989,-8.531292,0.473130,-157.785782,-26.399954,78.340019,0.253067,0.445086,0.662506,-0.546759,
2970,1839922974,-16.987906,-16.683960,-10.972114,97.092804,34.241657,55.219337,0.247663,0.456561,0.652579,-0.551688,
2971,1839939641,-15.061090,-8.686369,0.351314,149.873962,41.127243,8.742125,0.234272,0.465896,0.641494,-0.562625,
2972,1839956308,-12.339973,9.317945,7.435155,100.306908,0.428561,10.289316,0.228079,0.470189,0.632741,-0.571441,
2973,1839972975,-10.617639,11.865133,-1.794566,-41.991318,-40.313343,66.271591,0.239983,0.471441,0.630514,-0.567986,
2974,1839989642,-11.633319,9.128256,-1.413856,-92.334030,-47.756218,98.270523,0.258597,0.473119,0.629805,-0.559138,
2975,1840006309,-13.393779,1.353404,-2.046330,-130.656418,-65.130371,102.752991,0.281665,0.472097,0.630903,-0.547499,
2976,1840022976,-12.531631,-8.026844,-2.955457,-106.542999,-67.622742,111.848396,0.303855,0.472400,0.628953,-0.537524,
2977,1840039643,-8.944499,-10.970360,-2.473278,-38.304367,-52.580864,113.729614,0.319984,0.476841,0.621906,-0.532419,
2978,1840056310,-8.180919,-5.186482,-2.133940,16.349806,-40.169983,108.838600,0.330717,0.484191,0.611345,-0.531457,
2979,1840072977,-8.668075,-0.898726,-2.191350,8.301152,-38.043270,102.526421,0.341253,0.490630,0.601792,-0.529792,
2980,1840089644,-8.902841,0.456882,-1.510355,-5.936646,-42.132046,100.617737,0.352932,0.495759,0.593122,-0.527137,
2981,1840106311,-9.348993,0.036371,-1.438953,-16.331175,-45.145485,95.791435,0.365166,0.499588,0.585299,-0.523923,
2982,1840122978,-10.005708,-1.870371,-2.003877,-31.757505,-47.677181,85.599480,0.377878,0.501424,0.579124,-0.520001,
2983,1840139645,-10.306511,-3.325612,-2.077499,-31.814676,-48.370293,78.558281,0.390042,0.502508,0.573310,-0.516404,
2984,1840156312,-9.614682,-3.103884,-1.941845,-22.487284,-45.281723,75.745743,0.400984,0.504026,0.567070,-0.513425,
2985,1840172979,-8.860197,-2.399748,-1.740574,-15.690049,-39.873898,73.761360,0.410769,0.506101,0.560694,-0.510644,
2986,1840189646,-8.727851,-2.334516,-1.637884,-10.381373,-33.230232,72.895615,0.419499,0.508844,0.554306,-0.507787,
2987,1840206313,-8.867663,-2.301553,-1.560279,-6.314448,-30.867968,71.910675,0.427611,0.511865,0.547763,-0.505077,
2988,1840222980,-8.830210,-2.338474,-1.521367,-8.255686,-29.648134,71.169609,0.435662,0.514732,0.541427,-0.502107,
2989,1840239647,-9.083619,-1.921144,-1.602020,-9.485379,-26.904360,72.380142,0.443624,0.517753,0.535198,-0.498695,
2990,1840256314,-9.268246,-1.964190,-1.592513,-13.159014,-26.858969,72.583763,0.451818,0.520493,0.529157,-0.494919,
2991,1840272981,-9.202060,-2.243286,-1.527582,-27.796663,-28.222551,69.513779,0.460946,0.521869,0.524244,-0.490259,
2992,1840289648,-8.918424,-3.120642,-1.848439,-51.467804,-36.096527,66.551010,0.472189,0.520791,0.520637,-0.484516,
2993,1840306315,-7.653095,-4.783848,-2.925632,-62.230324,-38.405338,60.665985,0.483922,0.518270,0.517983,-0.478449,
2994,1840322982,-6.246511,-6.309399,-3.602754,-50.736713,-33.405399,49.890385,0.493583,0.516013,0.515612,-0.473555,
2995,1840339649,-6.491311,-6.523392,-3.757616,-34.814907,-24.575445,39.551426,0.500625,0.514680,0.513506,-0.469889,
2996,1840356316,-7.255149,-6.388978,-3.792852,-26.420841,-21.238586,29.389380,0.506065,0.513398,0.511803,-0.467315,
2997,1840372983,-7.686120,-5.802117,-3.233651,-15.509133,-19.852995,12.892949,0.509449,0.511771,0.510679,-0.466651,
2998,1840389650,-7.620888,-4.887924,-2.895330,-31.783907,-25.216385,-11.072285,0.512801,0.506779,0.512035,-0.466942,
2999,1840406317,-7.675947,-3.791149,-3.570330,-35.558636,-29.962711,-38.706806,0.514876,0.499095,0.515301,-0.469335,
3000,1840422984,-11.023701,-4.754649,-4.079446,-38.870415,-22.031187,-75.082695,0.514049,0.488917,0.521966,-0.473571,
3001,1840439651,-12.009587,-8.549888,-3.499364,1.772074,-34.864384,-106.512840,0.509028,0.478400,0.526994,-0.484052,
3002,1840456318,-7.957428,-6.928771,0.587272,-13.028201,-19.970022,-113.747147,0.503239,0.467146,0.534523,-0.492761,
3003,1840472985,-9.580016,-3.230101,-0.013541,-30.705563,29.067623,-130.553665,0.493457,0.456641,0.547864,-0.497823,
3004,1840489652,-13.658571,-0.543388,-2.233034,-10.324767,46.416103,-151.274765,0.479204,0.446986,0.562089,-0.504607,
3005,1840506319,-14.808743,-1.041572,-1.399081,24.315483,37.575462,-157.206390,0.462717,0.438360,0.573226,-0.514927,
3006,1840522986,-14.658776,-3.359250,-1.312562,60.572449,52.316193,-141.577545,0.443595,0.434331,0.581315,-0.525982,
3007,1840539653,-13.981646,-5.699405,-1.485236,56.131641,47.871010,-110.721657,0.427278,0.432077,0.587231,-0.534702,
3008,1840556320,-11.735913,-6.383889,-1.832805,30.225609,47.581272,-94.395332,0.413745,0.429445,0.593928,-0.540041,
3009,1840572987,-11.083563,-3.994027,-1.367864,20.610622,52.886639,-95.452148,0.400160,0.426445,0.601609,-0.544139,
3010,1840589654,-9.979561,-0.869885,-0.391197,22.285646,54.224072,-102.297798,0.385698,0.422928,0.609487,-0.548542,
3011,1840606321,-9.202442,0.362067,0.734153,51.056541,69.506386,-108.701111,0.367463,0.421524,0.616101,-0.554718,
3012,1840622988,-8.819506,-0.399830,1.331805,95.324898,74.669907,-117.884804,0.345123,0.421863,0.619665,-0.564749,
3013,1840639655,-8.660458,-1.563143,1.267523,114.178757,68.124321,-124.827980,0.321420,0.421706,0.621366,-0.576855,
3014,1840656322,-7.559065,-2.976836,-1.044980,63.772533,65.472542,-122.724579,0.301029,0.418904,0.626664,-0.584121,
3015,1840672989,-7.558103,-3.141377,-2.738779,33.986340,69.064110,-113.894768,0.282738,0.415717,0.633825,-0.587800,
3016,1840689656,-8.365781,-1.325461,-2.547373,22.857801,67.918594,-100.410713,0.266273,0.413063,0.640841,-0.589749,
3017,1840706323,-9.139064,0.371878,-1.634724,0.213239,55.033279,-81.958740,0.253880,0.410036,0.648017,-0.589487,
3018,1840722990,-9.730877,1.481635,-1.630629,-46.535973,43.953079,-62.728962,0.246920,0.406065,0.657517,-0.584652,
3019,1840739657,-9.588212,2.423134,-1.321878,-81.779358,25.836414,-43.704792,0.245346,0.401032,0.668113,-0.576721,
3020,1840756324,-8.125166,1.407785,-0.236760,-89.411690,16.883226,-22.036179,0.246859,0.397003,0.677635,-0.567684,
3021,1840772991,-6.738888,-3.154372,1.582477,-55.834984,19.631212,4.635687,0.248333,0.396984,0.682851,-0.560762,
3022,1840789658,-4.979583,-9.778589,1.606586,-29.904142,22.617798,20.594715,0.249301,0.399706,0.685097,-0.555635,
3023,1840806325,-3.900344,-12.215508,-4.702731,-26.157341,10.454598,24.355639,0.251558,0.401941,0.686357,-0.551435,
3024,1840822992,-4.475606,-6.810567,-8.340079,20.738659,22.941906,33.533962,0.250551,0.407793,0.683753,-0.550831,
3025,1840839659,-6.932273,-3.373800,-4.889861,61.794170,39.588406,48.680260,0.246640,0.417940,0.677500,-0.552713,
3026,1840856326,-6.921044,-4.010070,-4.159894,28.640148,24.071115,40.185974,0.245564,0.424768,0.673797,-0.552514,
3027,1840872993,-6.141122,-4.549508,-6.121179,-5.576594,18.048130,23.877600,0.245870,0.428275,0.673609,-0.549894,
3028,1840889660,-5.724267,-2.379718,-2.911643,130.114304,51.192013,25.461920,0.234550,0.439345,0.663507,-0.558323,
3029,1840906327,-12.625422,-2.817121,9.384360,130.415955,57.084206,45.678291,0.224179,0.452658,0.651994,-0.565466,
3030,1840922994,-16.104801,-16.566870,-8.773396,-80.265968,-5.151205,47.422455,0.233653,0.454001,0.655448,-0.556490,
3031,1840939661,-13.529727,-7.012186,0.593059,202.430298,44.938484,13.107558,0.216780,0.465484,0.639635,-0.572016,
3032,1840956328,-11.595690,3.966316,5.708218,115.173042,10.723528,9.265097,0.208549,0.470736,0.629879,-0.581525,
3033,1840972995,-11.898497,10.439474,0.229028,-6.658884,-32.904137,53.702793,0.216380,0.472590,0.625945,-0.581408,
3034,1840989662,-13.582425,10.624429,-1.633197,-39.528179,-44.123711,94.872337,0.230941,0.476131,0.621499,-0.577675,
3035,1841006329,-15.899962,5.122491,-3.265396,-74.623192,-47.057690,102.248756,0.248748,0.478764,0.619193,-0.570538,
3036,1841022996,-16.116131,-3.535140,-3.731239,-107.085518,-52.890282,116.854118,0.270435,0.480824,0.618052,-0.560080,
3037,1841039663,-10.526663,-8.919990,-3.232986,-83.834793,-52.375294,133.425690,0.291644,0.485052,0.613518,-0.550698,
3038,1841056330,-7.989399,-6.389561,-1.963392,-17.918053,-36.917366,130.917480,0.306482,0.492855,0.604243,-0.545947,
3039,1841072997,-8.422048,-1.788417,-1.189707,7.753166,-36.966145,115.026497,0.318115,0.500231,0.593857,-0.543976,
3040,1841089664,-9.282712,0.324803,-0.947731,-0.141274,-41.132397,111.949860,0.330345,0.506498,0.583950,-0.541607,
3041,1841106331,-9.503332,-0.247645,-1.201545,-20.701946,-46.201160,110.180267,0.344284,0.511077,0.575375,-0.537789,
3042,1841122998,-9.798898,-1.692604,-1.541097,-39.602394,-49.795017,103.030655,0.359265,0.513675,0.568454,-0.532851,
3043,1841139665,-9.463485,-3.118192,-2.279544,-45.661205,-49.761482,90.932129,0.373656,0.514813,0.562748,-0.527889,
3044,1841156332,-9.088964,-2.833086,-2.211849,-38.180187,-43.334366,83.048019,0.386267,0.516083,0.557272,-0.523362,
3045,1841172999,-8.478337,-2.051137,-1.466011,-30.603086,-42.830021,78.055145,0.397812,0.517311,0.551513,-0.519589,
3046,1841189666,-7.811019,-2.082252,-1.756193,-23.410669,-38.989037,70.769653,0.407892,0.518575,0.545892,-0.516440,
3047,1841206333,-7.655728,-2.132533,-1.995624,-15.002728,-31.717276,65.693916,0.416326,0.520415,0.540383,-0.513645,
3048,1841223000,-8.693403,-2.077959,-1.497754,-15.666120,-29.708712,66.507706,0.424667,0.522370,0.534923,-0.510538,
3049,1841239667,-9.419525,-2.119891,-1.039232,-20.270401,-30.392580,68.650543,0.433518,0.524095,0.529537,-0.506933,
3050,1841256334,-9.588117,-2.208829,-1.286822,-21.162857,-26.351145,71.473320,0.442280,0.526213,0.524190,-0.502710,
3051,1841273001,-9.208510,-2.993669,-2.020514,-28.788111,-19.975067,74.409935,0.451295,0.528460,0.519517,-0.497161,
3052,1841289668,-8.516340,-4.559406,-1.950946,-51.909412,-23.568974,75.468903,0.462360,0.528923,0.516114,-0.489993,
3053,1841306335,-7.118698,-7.057641,-3.111149,-65.628136,-36.796440,66.631958,0.474752,0.526753,0.513379,-0.483310,
3054,1841323002,-6.785702,-7.489883,-3.874949,-54.158005,-29.605629,49.716797,0.484456,0.524526,0.511544,-0.478019,
3055,1841339669,-9.597427,-5.292360,-3.374606,-44.438282,-21.732174,33.452354,0.491650,0.522267,0.510778,-0.473948,
3056,1841356336,-9.973516,-4.549803,-3.519958,-44.305885,-32.239719,22.759720,0.498840,0.518460,0.510028,-0.471416,
3057,1841373003,-8.967154,-4.295929,-3.292415,-43.308075,-35.954327,8.475192,0.505214,0.513374,0.509983,-0.470242,
3058,1841389670,-7.675379,-4.715211,-2.944590,-47.118153,-33.546616,-18.113806,0.509837,0.506163,0.512324,-0.470525,
3059,1841406337,-6.531668,-5.203918,-3.921455,-46.259537,-32.649433,-43.910309,0.512514,0.497106,0.516525,-0.472675,
3060,1841423004,-7.989783,-4.479790,-3.296914,-65.065239,-30.598101,-72.385597,0.514350,0.484565,0.524145,-0.475307,
3061,1841439671,-10.493890,-7.838835,-3.350794,-53.192078,-28.157070,-108.562866,0.512518,0.470188,0.533531,-0.481245,
3062,1841456338,-8.017383,-9.142373,-1.128489,-10.317029,-26.096905,-121.724380,0.506499,0.457971,0.540794,-0.491190,
3063,1841473005,-7.868040,-6.357522,-0.035916,-14.823227,18.004248,-131.326355,0.496440,0.447650,0.552072,-0.498375,
3064,1841489672,-12.237118,-1.920162,-0.664764,8.498548,45.474049,-140.843506,0.481753,0.440046,0.564026,-0.506116,
3065,1841506339,-14.524415,-0.539343,-1.795606,26.336590,43.356178,-147.025772,0.465402,0.432808,0.574632,-0.515636,
3066,1841523006,-14.729977,-2.488303,-2.041495,68.000099,58.035389,-138.137085,0.445611,0.429996,0.582229,-0.526828,
3067,1841539673,-14.649362,-4.272322,-1.838510,79.343658,69.279907,-111.981209,0.425919,0.430762,0.587733,-0.536294,
3068,1841556340,-13.764915,-5.486837,-1.664732,48.642982,63.872829,-96.420563,0.409645,0.430350,0.594073,-0.542283,
3069,1841573007,-11.875734,-4.036895,-0.864613,31.089291,58.806080,-97.598091,0.394683,0.428253,0.601378,-0.546968,
3070,1841589674,-10.780402,-2.026576,-0.206571,39.235569,58.765007,-103.893623,0.378588,0.425931,0.608229,-0.552553,
3071,1841606341,-9.495195,-0.844512,0.543026,69.248741,68.759270,-110.561020,0.359061,0.425302,0.613385,-0.560318,
3072,1841623008,-9.038666,-0.879792,1.356202,101.233841,72.435448,-116.918083,0.336516,0.425844,0.616184,-0.570733,
3073,1841639675,-7.964697,-1.327384,1.529434,115.911934,68.903419,-116.507660,0.313194,0.426570,0.617162,-0.582291,
3074,1841656342,-7.512327,-1.464879,0.162003,86.586777,62.096275,-111.399879,0.292549,0.425588,0.619630,-0.591061,
3075,1841673009,-7.087075,-1.579216,-2.177951,34.259022,65.551216,-103.760300,0.275363,0.423183,0.626002,-0.594321,
3076,1841689676,-8.207373,-0.725014,-2.213980,13.335006,66.443108,-91.079170,0.260392,0.421037,0.633239,-0.594926,
3077,1841706343,-9.414025,0.698510,-1.638069,-11.470268,50.134129,-75.540428,0.249727,0.417875,0.640905,-0.593516,
3078,1841723010,-10.037798,1.827188,-2.112666,-67.797218,33.105133,-57.360790,0.245596,0.412813,0.651587,-0.587117,
3079,1841739677,-10.042203,2.954703,-2.192782,-108.784096,17.605564,-37.477757,0.247034,0.406748,0.663861,-0.576908,
3080,1841756344,-9.199766,1.439889,0.212728,-101.715919,17.023493,-14.072024,0.250011,0.403043,0.673960,-0.566421,
3081,1841773011,-7.155953,-5.754901,3.790355,-43.735756,20.748951,5.580395,0.250809,0.403622,0.678168,-0.560604,
3082,1841789678,-4.806564,-12.692322,1.435077,-50.234062,24.980936,10.973970,0.251996,0.404815,0.682701,-0.553666,
3083,1841806345,-4.081073,-12.884607,-7.197942,-52.969070,14.727778,10.227962,0.254283,0.404978,0.687074,-0.547052,
3084,1841823012,-4.073503,-6.115888,-9.268802,20.540966,25.387680,18.274323,0.251800,0.409491,0.685487,-0.546831,
3085,1841839679,-5.474812,-2.090522,-4.921309,87.085838,38.757893,35.759583,0.245378,0.419198,0.677974,-0.551740,
3086,1841856346,-5.869453,-2.422981,-3.195308,57.949471,28.921989,35.734100,0.241661,0.427005,0.672338,-0.554285,
3087,1841873013,-5.891069,-3.175038,-4.742565,10.554206,12.073890,28.443752,0.241930,0.431047,0.670339,-0.553460,
3088,1841889680,-7.993534,-3.971718,-2.920211,85.982353,20.228596,31.377600,0.236888,0.438642,0.662303,-0.559317,
3089,1841906347,-13.367614,-12.098221,-0.610186,80.291077,44.852203,41.143875,0.230585,0.448899,0.654825,-0.562609,
3090,1841923014,-12.208282,-7.344880,1.524034,144.932114,40.098351,11.302541,0.217993,0.457936,0.643621,-0.573175,
3091,1841939681,-12.709675,-1.309626,-0.049418,117.977173,24.195599,21.040001,0.209411,0.465523,0.633256,-0.581744,
3092,1841956348,-12.235330,8.105499,4.799483,8.707891,-17.142710,51.187195,0.214549,0.468976,0.628717,-0.582022,
3093,1841973015,-12.662771,7.473946,-0.663203,-28.279428,-34.377953,84.565987,0.226589,0.472811,0.624414,-0.578981,
3094,1841989682,-14.249245,5.049837,-1.867144,-56.846725,-40.056995,98.529274,0.242234,0.476381,0.621214,-0.573133,
3095,1842006349,-16.852257,-0.122198,-1.651195,-62.069324,-38.880039,107.736229,0.258825,0.480542,0.617648,-0.566218,
3096,1842023016,-13.892106,-5.505095,-2.715684,-63.251385,-44.476028,118.374130,0.276781,0.484971,0.612987,-0.558969,
3097,1842039683,-10.101568,-5.825572,-1.851653,-26.566969,-36.232983,121.955750,0.291600,0.491679,0.605187,-0.554052,
3098,1842056350,-9.103620,-2.412688,-1.689757,5.311081,-33.073849,115.009010,0.303208,0.499224,0.595255,-0.551830,
3099,1842073017,-9.495982,0.195442,-1.482732,4.629961,-35.995731,112.700562,0.314845,0.506158,0.585242,-0.549702,
3100,1842089684,-10.346221,-0.106929,-1.116297,-13.917727,-42.699749,116.119202,0.328596,0.511845,0.575975,-0.546165,
3101,1842106351,-10.788964,-1.070917,-1.142008,-34.744186,-49.404575,111.466042,0.343984,0.515448,0.568200,-0.541426,
3102,1842123018,-11.102108,-2.358694,-1.525101,-55.268486,-52.821873,100.633743,0.360226,0.516688,0.562492,-0.535609,
3103,1842139685,-9.672410,-3.595312,-2.096340,-52.717857,-52.226337,85.856506,0.374968,0.516745,0.557560,-0.530570,
3104,1842156352,-8.575232,-2.738082,-1.395098,-31.451624,-45.350567,78.680130,0.386916,0.517792,0.551773,-0.527009,
3105,1842173019,-7.937291,-2.083596,-1.624552,-27.247538,-40.149910,72.790009,0.397610,0.518911,0.546304,-0.523635,
3106,1842189686,-7.880473,-2.076594,-2.108216,-26.806778,-35.055473,68.063446,0.407448,0.519992,0.541374,-0.520108,
3107,1842206353,-8.497965,-2.265784,-2.092065,-24.489950,-31.398411,64.080658,0.416471,0.521108,0.536720,-0.516657,
3108,1842223020,-8.748860,-2.448370,-1.427571,-30.991568,-33.519028,61.089867,0.425877,0.521376,0.532589,-0.512980,
3109,1842239687,-8.561644,-2.579821,-1.281267,-38.908066,-35.066547,61.807911,0.436003,0.521027,0.528831,-0.508698,
3110,1842256354,-8.325163,-2.592705,-1.681627,-40.790791,-33.011208,65.267891,0.446307,0.520904,0.525008,-0.503825,
3111,1842273021,-8.104734,-2.915936,-1.634276,-47.087605,-28.685104,64.254242,0.456618,0.520535,0.521926,-0.498136,
3112,1842289688,-9.113850,-3.533924,-1.646491,-56.605247,-29.889322,61.989765,0.467505,0.519193,0.519545,-0.491888,
3113,1842306355,-8.439045,-5.310038,-2.727190,-53.911579,-34.338665,63.612556,0.478562,0.517751,0.516460,-0.485988,
3114,1842323022,-5.811415,-7.106512,-3.778679,-44.995213,-31.509409,63.369785,0.488641,0.517030,0.512881,-0.480486,
3115,1842339689,-5.696522,-7.050447,-3.506591,-17.049900,-15.532755,49.896297,0.494433,0.518352,0.509446,-0.476776,
3116,1842356356,-8.120363,-5.331678,-3.140271,9.346253,-6.440421,35.564079,0.496543,0.521118,0.505895,-0.475347,
3117,1842373023,-9.026143,-3.914211,-2.995625,0.633974,-15.706761,23.166908,0.499127,0.521691,0.503207,-0.474866,
3118,1842389690,-8.364939,-3.941532,-2.944594,-14.563816,-22.901487,4.553060,0.502095,0.519293,0.502453,-0.475163,
3119,1842406357,-7.501077,-4.341503,-3.275366,-35.627068,-33.121094,-18.181501,0.505811,0.512970,0.504108,-0.476336,
3120,1842423024,-7.580476,-3.984352,-3.318353,-44.818645,-39.894382,-42.600376,0.508971,0.503666,0.507681,-0.479095,
3121,1842439691,-10.929140,-5.385887,-2.863209,-50.536102,-29.884598,-77.525581,0.509295,0.491976,0.514872,-0.483207,
3122,1842456358,-11.401853,-9.129859,-1.915875,-11.010295,-35.697758,-111.319016,0.504720,0.480151,0.521144,-0.493078,
3123,1842473025,-9.742407,-8.336563,1.153732,-28.529211,-13.069528,-127.051834,0.498355,0.467308,0.531260,-0.501031,
3124,1842489692,-10.891883,-4.203438,0.135214,-19.188168,26.454544,-138.885696,0.487235,0.456917,0.544149,-0.507676,
3125,1842506359,-13.354577,-1.090101,-1.216977,12.321794,35.593613,-143.272659,0.472749,0.448876,0.555402,-0.516286,
3126,1842523026,-14.161575,-0.767457,-1.392162,54.546165,38.611942,-143.187317,0.455030,0.443745,0.563405,-0.527842,
3127,1842539693,-13.971367,-3.602840,-0.947791,73.030357,51.523170,-129.544266,0.435865,0.441709,0.569661,-0.538893,
3128,1842556360,-13.777905,-5.492981,-1.436881,54.041973,48.837509,-110.721184,0.419418,0.439616,0.575766,-0.547104,
3129,1842573027,-12.746408,-5.260001,-1.796177,19.715809,46.564014,-105.445282,0.405633,0.435541,0.583932,-0.552080,
3130,1842589694,-11.575806,-3.600565,-0.290414,-0.526955,41.622292,-109.208054,0.393127,0.429426,0.593496,-0.555708,
3131,1842606361,-10.254776,-1.669527,0.425338,18.267792,48.975803,-116.614143,0.378085,0.424200,0.602230,-0.560740,
3132,1842623028,-9.033465,-1.068094,0.739701,67.150101,60.833191,-126.474449,0.358020,0.421580,0.607973,-0.569618,
3133,1842639695,-8.849112,-1.352020,1.019358,95.855133,64.447052,-131.470993,0.335253,0.420064,0.611473,-0.580738,
3134,1842656362,-8.312624,-1.955357,0.025905,81.797829,62.703957,-127.106178,0.313662,0.417844,0.615431,-0.590144,
3135,1842673029,-8.071723,-2.168906,-1.388781,48.561707,63.853054,-114.245033,0.294936,0.415151,0.621206,-0.595625,
3136,1842689696,-8.257809,-2.394017,-2.148364,19.242943,68.383247,-102.244370,0.278498,0.412520,0.628754,-0.597443,
3137,1842706363,-9.398047,-1.121152,-1.684418,-9.826391,63.385426,-92.251968,0.265045,0.409065,0.637833,-0.596313,
3138,1842723030,-9.997463,0.711920,-1.309718,-40.147572,41.596565,-73.688797,0.256966,0.404178,0.647447,-0.592811,
3139,1842739697,-10.238815,2.416638,-2.573579,-104.074165,24.932516,-50.264191,0.256170,0.397572,0.660411,-0.583245,
3140,1842756364,-9.627823,2.478563,-1.122127,-112.957489,11.428199,-28.435705,0.258963,0.391468,0.672165,-0.572616,
3141,1842773031,-7.722171,0.270980,1.757744,-69.413406,10.349745,-12.627761,0.260648,0.388382,0.679213,-0.565593,
3142,1842789698,-5.454348,-4.364516,2.310994,-48.311050,18.695332,3.116103,0.261591,0.388305,0.683894,-0.559538,
3143,1842806365,-4.511041,-8.504512,-0.802345,-54.476265,11.053256,23.267954,0.265264,0.389349,0.687599,-0.552497,
3144,1842823032,-3.762957,-7.475025,-5.184173,-31.039869,0.220111,34.226250,0.269557,0.391497,0.688342,-0.547958,
3145,1842839699,-4.361646,-3.850281,-5.321769,13.671011,10.606120,44.860371,0.271098,0.397273,0.685292,-0.546862,
3146,1842856366,-5.854416,-2.677368,-3.800655,12.890425,10.501376,52.113308,0.273257,0.403712,0.681846,-0.545378,
3147,1842873033,-6.246909,-4.660283,-4.338340,-27.514162,0.301804,44.896114,0.278211,0.406997,0.681583,-0.540741,
3148,1842889700,-6.342213,-6.086556,-4.936321,-25.011047,1.416770,37.938560,0.282345,0.409761,0.681548,-0.536539,
3149,1842906367,-5.054780,-4.841227,-3.274204,114.220192,43.897129,35.309231,0.273710,0.421218,0.672419,-0.543613,
3150,1842923034,-9.459764,-3.509002,5.099998,185.588242,74.876007,45.807034,0.258337,0.438733,0.657827,-0.555016,
3151,1842939701,-24.748758,-22.950052,-8.190420,-55.202671,26.930588,47.122597,0.262890,0.443235,0.660451,-0.546113,
3152,1842956368,-14.762241,-5.693717,4.495327,316.103058,57.451576,-9.961245,0.235746,0.458357,0.637676,-0.572456,
3153,1842973035,-10.258101,9.733402,2.113142,104.821198,-7.357638,-23.788458,0.227255,0.459005,0.630411,-0.583314,
3154,1842989702,-9.086880,13.925548,-1.665530,-31.368559,-27.535604,48.886478,0.235838,0.460032,0.629074,-0.580535,
3155,1843006369,-12.311117,10.715815,-1.126439,-46.031647,-32.406120,91.569901,0.249418,0.463977,0.625850,-0.575179,
3156,1843023036,-15.772259,4.569222,-2.230668,-91.972137,-44.163113,90.275612,0.266986,0.465012,0.625931,-0.566300,
3157,1843039703,-15.337739,-7.493755,-3.491987,-116.787941,-55.315865,114.484535,0.289109,0.466134,0.625667,-0.554689,
3158,1843056370,-8.877338,-12.411227,-2.979766,-43.700470,-43.932842,129.913330,0.306334,0.472405,0.618609,-0.548014,
3159,1843073037,-6.761536,-6.956524,-1.476820,30.568624,-19.266483,116.933167,0.315087,0.482608,0.607395,-0.546704,
3160,1843089704,-7.580323,-1.374301,-0.391654,51.684303,-17.921877,106.286308,0.321298,0.492799,0.595128,-0.547488,
3161,1843106371,-8.130346,0.113194,-1.155277,51.210041,-19.197149,110.753304,0.327911,0.503103,0.582339,-0.547948,
3162,1843123038,-9.152343,1.293705,-1.386379,23.162142,-20.456741,112.395126,0.336718,0.511959,0.571432,-0.545882,
3163,1843139705,-10.475619,0.005726,-1.499008,-21.918386,-32.127239,105.201752,0.349191,0.516947,0.563914,-0.541144,
3164,1843156372,-10.469980,-1.530214,-1.771082,-48.371513,-40.714397,98.277168,0.363718,0.519207,0.558408,-0.535087,
3165,1843173039,-9.810026,-1.704305,-1.314015,-49.678307,-44.427544,91.312996,0.378004,0.520401,0.553181,-0.529425,
3166,1843189706,-9.154236,-2.255228,-1.592139,-50.647228,-40.087070,81.003960,0.391128,0.520920,0.548912,-0.523795,
3167,1843206373,-8.876043,-3.134059,-1.772406,-43.250031,-38.059620,69.967720,0.402613,0.521030,0.544924,-0.519127,
3168,1843223040,-9.246941,-3.063041,-1.771454,-31.578362,-33.026123,63.182030,0.412242,0.521589,0.540783,-0.515324,
3169,1843239707,-10.401877,-2.921604,-1.787716,-33.555229,-32.516533,61.514221,0.421804,0.521872,0.536881,-0.511363,
3170,1843256374,-10.727791,-3.055074,-1.849504,-29.223303,-33.118820,62.083885,0.431076,0.522358,0.532513,-0.507690,
3171,1843273041,-10.124193,-3.773103,-1.884992,-23.033968,-26.613138,62.512913,0.439357,0.523686,0.528004,-0.503919,
3172,1843289708,-9.687261,-4.386709,-2.217795,-26.409174,-19.166901,63.405514,0.447341,0.525358,0.524095,-0.499212,
3173,1843306375,-7.771041,-5.216242,-2.745021,-44.811062,-27.066923,65.843575,0.457454,0.525378,0.520758,-0.493486,
3174,1843323042,-5.640796,-6.936949,-3.944888,-62.238468,-39.894302,61.304253,0.469465,0.522885,0.518078,-0.487639,
3175,1843339709,-6.017271,-7.405075,-4.318539,-40.054108,-31.981915,46.079399,0.478044,0.521244,0.515450,-0.483832,
3176,1843356376,-8.607855,-6.340429,-3.962032,-31.115778,-29.137823,31.384007,0.484657,0.519283,0.513467,-0.481464,
3177,1843373043,-8.301046,-6.094218,-3.766234,-24.377254,-37.182194,22.277027,0.490697,0.516524,0.511107,-0.480824,
3178,1843389710,-7.499267,-6.023657,-2.878994,-10.888765,-28.204216,10.294133,0.494200,0.514447,0.509329,-0.481351,
3179,1843406377,-6.724392,-6.019042,-2.905757,-17.260689,-23.275110,-12.068233,0.496236,0.510589,0.510015,-0.482636,
3180,1843423044,-7.561207,-5.458676,-2.768989,-32.764225,-20.556515,-43.829620,0.496966,0.503422,0.514321,-0.484839,
3181,1843439711,-11.686754,-6.081963,-2.575037,-40.883587,-16.302862,-86.805779,0.494871,0.492682,0.522583,-0.489161,
3182,1843456378,-11.954938,-6.818412,-2.164775,-14.777653,-35.755421,-117.008041,0.490101,0.480009,0.529614,-0.498905,
3183,1843473045,-10.094742,-4.710367,-0.334953,-24.924379,-23.518602,-129.312729,0.484027,0.466381,0.538924,-0.507712,
3184,1843489712,-10.447947,-1.970696,0.656808,-47.131344,7.716143,-136.348816,0.476288,0.452748,0.552325,-0.512943,
3185,1843506379,-11.787016,-0.119303,-0.546129,-40.171799,28.722523,-140.931808,0.465838,0.440584,0.566704,-0.517427,
3186,1843523046,-12.063799,-0.594238,-1.169722,-19.589800,33.980186,-137.624313,0.453669,0.430278,0.579416,-0.522806,
3187,1843539713,-12.398215,-3.635182,-0.491775,5.262989,49.377731,-126.208534,0.439324,0.423564,0.590295,-0.528341,
3188,1843556380,-11.941466,-6.326074,-0.784570,11.619157,46.493717,-108.516289,0.426039,0.418403,0.599203,-0.533282,
3189,1843573047,-10.859670,-6.979035,-1.070882,22.863792,55.700626,-99.948265,0.411802,0.415273,0.607107,-0.537952,
3190,1843589714,-9.952079,-4.470949,-0.403327,51.616142,60.927925,-103.659538,0.394939,0.413807,0.613096,-0.544888,
3191,1843606381,-9.742558,-2.107928,-0.034219,87.952751,67.432167,-113.592957,0.374342,0.413870,0.616898,-0.554996,
3192,1843623048,-10.188036,-1.363046,-0.004299,123.838120,77.179115,-125.031532,0.349541,0.415371,0.618611,-0.567989,
3193,1843639715,-10.931907,-0.911489,-0.109637,145.275436,81.277290,-125.353645,0.322751,0.417915,0.618250,-0.582193,
3194,1843656382,-10.831334,-0.406810,-0.340987,118.998032,79.342628,-116.501022,0.298216,0.419512,0.618973,-0.593256,
3195,1843673049,-10.935611,-0.758510,-1.386474,56.394688,70.802055,-106.322868,0.278976,0.418334,0.623749,-0.598422,
3196,1843689716,-10.345907,-0.892848,-1.877012,6.188429,56.873138,-99.149231,0.264581,0.414411,0.631673,-0.599378,
3197,1843706383,-9.767022,-0.094423,-1.809021,-24.439247,49.022377,-86.662178,0.253775,0.409665,0.641047,-0.597357,
3198,1843723050,-9.473582,1.617799,-1.258120,-54.538910,35.188046,-68.302742,0.247594,0.404232,0.651295,-0.592547,
3199,1843739717,-8.827767,2.498643,-1.834640,-114.483734,23.215746,-45.680168,0.247957,0.397645,0.664771,-0.581789,
3200,1843756384,-7.954355,2.263366,-0.870819,-124.682220,7.747837,-21.500631,0.252367,0.391584,0.676926,-0.569867,
3201,1843773051,-6.380490,0.120222,1.300034,-85.219620,3.594610,0.042384,0.256663,0.388650,0.684259,-0.561131,
3202,1843789718,-4.344809,-5.314594,2.253468,-54.867752,5.594696,21.964857,0.260805,0.389150,0.687871,-0.554419,
3203,1843806385,-2.711266,-11.459955,0.255936,-41.406136,4.684131,34.633293,0.265280,0.391327,0.689597,-0.548588,
3204,1843823052,-2.768173,-10.274047,-5.169085,-27.329088,-4.579282,29.658724,0.269472,0.392788,0.690094,-0.544864,
3205,1843839719,-4.963042,-3.185114,-8.117929,-5.274096,8.054595,40.334808,0.271969,0.397173,0.688705,-0.542195,
3206,1843856386,-7.524445,-2.637663,-4.585530,34.450558,20.154726,53.494629,0.271980,0.405377,0.683861,-0.542249,
3207,1843873053,-6.978762,-6.029757,-3.902666,19.340740,10.774304,39.778004,0.272715,0.410853,0.680601,-0.541860,
3208,1843889720,-5.835360,-7.618516,-5.541488,26.945181,12.024802,27.387041,0.271885,0.415488,0.677507,-0.542621,
3209,1843906387,-5.245998,-6.022007,-1.702471,129.621384,34.463909,27.492826,0.262588,0.425875,0.667048,-0.552023,
3210,1843923054,-8.853935,-3.297334,4.351812,191.545776,46.852795,32.002056,0.248455,0.439795,0.651402,-0.566153,
3211,1843939721,-25.916290,-16.216196,-5.716768,-14.719460,41.976944,40.772064,0.248587,0.446491,0.651703,-0.560480,
3212,1843956388,-12.338795,-7.262397,1.805081,250.225616,49.509418,-7.659046,0.226675,0.458463,0.633354,-0.580773,
3213,1843973055,-9.401972,4.172871,0.965986,134.844452,5.150798,-43.803844,0.213284,0.459145,0.625125,-0.594069,
3214,1843989722,-8.038283,13.892247,1.708078,-48.499321,-47.688614,4.504976,0.221061,0.453847,0.627708,-0.592572,
3215,1844006389,-11.552858,12.829870,-3.505652,-81.186592,-34.056305,64.880859,0.234921,0.454109,0.629449,-0.585145,
3216,1844023056,-16.886059,6.211736,-2.102549,-110.009987,-37.631203,75.524551,0.251845,0.453912,0.632610,-0.574757,
3217,1844039723,-18.816650,-6.489676,-2.820733,-130.308243,-49.344841,96.732025,0.272836,0.453716,0.635318,-0.562208,
3218,1844056390,-10.917510,-14.133527,-2.804393,-65.056396,-53.115532,111.230301,0.290920,0.456911,0.631262,-0.555076,
3219,1844073057,-6.570821,-10.468932,-2.401000,20.002611,-23.962461,102.876869,0.299905,0.465143,0.621927,-0.553994,
3220,1844089724,-7.703206,-1.445092,-0.962506,72.589966,-14.541593,93.226562,0.303622,0.475432,0.609255,-0.557306,
3221,1844106391,-8.583619,2.154163,-1.097013,52.335480,-19.928017,106.640182,0.310215,0.485439,0.596879,-0.558439,
3222,1844123058,-8.698390,2.648504,-1.437907,14.656753,-26.323030,123.074181,0.321262,0.494501,0.585927,-0.555835,
3223,1844139725,-9.487683,0.344100,-1.507992,-22.446354,-32.248951,122.311165,0.335314,0.501120,0.577554,-0.550344,
3224,1844156392,-9.868786,-2.290724,-1.475909,-53.370132,-43.492905,111.942963,0.351618,0.504285,0.571661,-0.543386,
3225,1844173059,-9.326180,-3.863429,-0.762170,-58.836048,-50.037849,104.997726,0.368193,0.505896,0.566172,-0.536615,
3226,1844189726,-8.456412,-4.425429,-0.381577,-51.647129,-50.762257,93.544418,0.383287,0.506729,0.560743,-0.530931,
3227,1844206393,-7.765115,-5.079699,-1.040345,-36.279575,-40.950439,82.231934,0.395479,0.508129,0.555370,-0.526278,
3228,1844223060,-8.105785,-4.454276,-2.238671,-22.454294,-28.924540,73.854485,0.404970,0.510480,0.550156,-0.522246,
3229,1844239727,-9.468374,-3.221640,-2.407022,-15.805912,-24.412619,69.605263,0.413230,0.513160,0.544949,-0.518596,
3230,1844256394,-10.312737,-2.395311,-2.086954,-24.356665,-27.185772,66.900932,0.422095,0.514843,0.540358,-0.514576,
3231,1844273061,-10.557009,-2.870615,-1.557489,-35.660049,-28.061497,66.728401,0.431809,0.515687,0.536505,-0.509679,
3232,1844289728,-9.812284,-4.625326,-1.885306,-41.503464,-28.735413,65.201843,0.441841,0.515925,0.533084,-0.504404,
3233,1844306395,-8.950678,-6.123510,-2.603463,-46.708984,-33.429420,66.800621,0.452677,0.515529,0.529544,-0.498899,
3234,1844323062,-8.210973,-6.919605,-3.675996,-36.622192,-32.837994,65.817688,0.462571,0.515687,0.525307,-0.494117,
3235,1844339729,-8.868686,-5.456516,-3.148709,-21.947294,-23.970078,59.202442,0.470156,0.516903,0.521048,-0.490180,
3236,1844356396,-10.308144,-4.450008,-2.638209,-21.452131,-22.002632,45.545128,0.476543,0.517219,0.517878,-0.487029,
3237,1844373063,-10.010986,-4.925922,-2.793232,-25.594492,-23.762363,22.446087,0.481714,0.515357,0.516593,-0.485277,
3238,1844389730,-7.313567,-6.334870,-2.844631,-32.314468,-27.565855,-1.328629,0.485978,0.510951,0.517280,-0.484954,
3239,1844406397,-4.891506,-7.946937,-3.371020,-23.467670,-20.461916,-22.814814,0.487515,0.506035,0.519425,-0.486270,
3240,1844423064,-4.211143,-7.969384,-3.498011,-18.123682,-21.739353,-41.328072,0.487422,0.499987,0.522443,-0.489377,
3241,1844439731,-4.273406,-6.952975,-3.179162,-28.083126,-26.608232,-58.234993,0.487177,0.491559,0.527015,-0.493241,
3242,1844456398,-7.801233,-5.106451,-0.982334,-27.956158,-13.637079,-89.716835,0.483596,0.481583,0.534668,-0.498343,
3243,1844473065,-13.181474,-6.977414,-3.809636,40.339775,-11.218478,-140.190155,0.471224,0.472503,0.540902,-0.511974,
3244,1844489732,-10.200507,-4.952741,-3.597378,84.821617,-0.933417,-141.933960,0.454609,0.466852,0.544367,-0.528249,
3245,1844506399,-11.151175,-3.043047,0.172488,12.771845,45.685749,-119.685066,0.440688,0.461559,0.554684,-0.533935,
3246,1844523066,-14.845775,-0.617426,-1.294524,-1.286560,45.240768,-118.005791,0.427721,0.455302,0.565754,-0.538219,
3247,1844539733,-14.709184,-0.699684,-2.778344,26.004921,45.790955,-124.550362,0.412230,0.450079,0.574945,-0.544919,
3248,1844556400,-14.468685,-2.368813,-1.327392,36.387527,59.276718,-122.566299,0.394919,0.446528,0.583754,-0.551260,
3249,1844573067,-14.198978,-5.525524,-0.216534,9.579534,49.866547,-109.426361,0.381054,0.441631,0.593099,-0.554974,
3250,1844589734,-11.819886,-6.050436,0.248623,19.228163,52.859222,-99.458023,0.367001,0.438238,0.601013,-0.558610,
3251,1844606401,-10.556816,-3.832437,0.689878,62.044292,59.980694,-102.984398,0.349186,0.437251,0.605850,-0.565535,
3252,1844623068,-9.827936,-1.982990,1.372956,96.823204,59.851147,-119.862038,0.327613,0.436320,0.608597,-0.576114,
3253,1844639735,-9.448712,-0.457036,1.812593,119.842873,52.705849,-132.591476,0.303931,0.434471,0.609477,-0.589409,
3254,1844656402,-8.282377,0.736880,1.300271,100.005821,44.399910,-130.691254,0.282194,0.430905,0.611154,-0.600984,
3255,1844673069,-7.205346,1.157052,-0.488564,25.283117,38.988182,-123.049545,0.266150,0.424264,0.618355,-0.605644,
3256,1844689736,-6.853934,0.981353,-0.961642,-29.781685,34.180984,-111.450127,0.254866,0.415965,0.629290,-0.604991,
3257,1844706403,-7.250872,-0.035225,-1.010894,-65.047638,30.093946,-94.401436,0.247512,0.407432,0.641949,-0.600535,
3258,1844723070,-7.933037,-0.803238,-0.445240,-77.469635,23.012108,-76.050133,0.243088,0.399430,0.654165,-0.594505,
3259,1844739737,-8.595121,-0.990157,-1.085728,-103.430664,12.051091,-58.447765,0.242667,0.391122,0.667025,-0.585847,
3260,1844756404,-8.695910,-0.209994,-2.784775,-133.115921,5.611568,-39.969669,0.246047,0.382870,0.680894,-0.573811,
3261,1844773071,-8.307684,-0.430086,-1.767269,-123.018608,2.893106,-16.966572,0.250963,0.376887,0.692286,-0.561887,
3262,1844789738,-6.804032,-4.423799,-1.038316,-100.154343,6.414078,7.221931,0.256181,0.374360,0.700423,-0.551033,
3263,1844806405,-6.016132,-10.312034,-1.543283,-52.935753,14.959315,22.351320,0.259132,0.375763,0.704166,-0.543880,
3264,1844823072,-5.403323,-9.810313,-6.270426,-31.769680,4.123838,19.951887,0.261832,0.376840,0.705921,-0.539550,
3265,1844839739,-6.110180,-5.402029,-8.233467,9.545035,15.085872,32.761932,0.262137,0.381654,0.704130,-0.538357,
3266,1844856406,-7.082202,-3.911252,-4.267375,58.415562,32.257088,46.274464,0.259006,0.391030,0.698360,-0.540655,
3267,1844873073,-7.063381,-5.102775,-1.781676,41.415810,20.741545,41.965237,0.257645,0.398380,0.693663,-0.541985,
3268,1844889740,-6.408397,-5.712348,-3.606709,24.798384,7.357562,36.216259,0.258129,0.403448,0.690066,-0.542597,
3269,1844906407,-5.458232,-4.691538,-2.393629,67.863541,20.355124,41.535076,0.255178,0.411656,0.683185,-0.546521,
3270,1844923074,-5.611680,-1.663132,-0.400578,130.496552,41.411041,51.899990,0.247134,0.424771,0.671287,-0.554862,
3271,1844939741,-11.759424,-3.540384,3.364398,63.585297,37.268551,75.662956,0.245462,0.437323,0.662943,-0.555884,
3272,1844956408,-18.771120,-17.242577,-8.006968,-59.523434,7.411067,61.373787,0.253298,0.441604,0.664266,-0.547339,
3273,1844973075,-12.605764,-6.231281,2.211641,222.195450,52.162792,-9.703734,0.232902,0.452679,0.648963,-0.565411,
3274,1844989742,-11.682728,3.052032,1.341222,98.888695,13.848374,-24.269487,0.222886,0.454755,0.643027,-0.574490,
3275,1845006409,-9.971175,11.475260,1.184247,-66.897171,-47.564613,27.135187,0.233836,0.451047,0.645430,-0.570352,
3276,1845023076,-10.760393,8.052403,-3.572283,-71.318466,-40.202057,73.890213,0.248219,0.452098,0.645248,-0.563607,
3277,1845039743,-13.457303,1.986982,-1.839102,-94.469391,-49.214737,86.118530,0.265895,0.452579,0.645625,-0.554656,
3278,1845056410,-14.127013,-7.213632,-2.864041,-98.302185,-52.488003,100.521606,0.285181,0.453805,0.644956,-0.544764,
3279,1845073077,-9.795767,-11.297413,-3.342870,-46.922123,-47.851391,107.141464,0.301050,0.457969,0.639712,-0.538892,
3280,1845089744,-7.441473,-6.813231,-2.582541,30.676771,-27.123430,105.405800,0.309597,0.466855,0.629221,-0.538777,
3281,1845106411,-7.590221,-1.155488,-1.805730,46.476727,-23.490713,102.327866,0.316413,0.476332,0.617697,-0.539855,
3282,1845123078,-7.958078,1.312148,-2.077428,21.953941,-25.415592,112.007202,0.325775,0.485268,0.607170,-0.538270,
3283,1845139745,-8.945295,1.532003,-1.669158,-8.440169,-31.248188,122.483612,0.338518,0.493084,0.597820,-0.533750,
3284,1845156412,-9.318398,-0.605058,-1.236574,-27.180695,-42.431641,121.184837,0.353361,0.498827,0.589261,-0.528282,
3285,1845173079,-9.926578,-2.936109,-1.332970,-34.654560,-47.157143,112.001976,0.368325,0.502866,0.581497,-0.522807,
3286,1845189746,-9.880569,-3.702029,-0.757593,-16.440670,-45.022091,99.858536,0.380746,0.506868,0.573181,-0.519215,
3287,1845206413,-9.517115,-3.662904,-1.122568,-9.211576,-42.785980,88.040039,0.391470,0.510341,0.565185,-0.516598,
3288,1845223080,-9.388350,-3.313857,-2.305627,-7.252023,-35.378323,79.948402,0.400761,0.513725,0.557964,-0.513962,
3289,1845239747,-9.850844,-2.437862,-1.937143,-3.729344,-28.588804,74.252609,0.408755,0.517286,0.551222,-0.511363,
3290,1845256414,-10.192443,-1.934600,-1.401465,-11.658088,-32.377785,70.170990,0.417293,0.519701,0.545082,-0.508592,
3291,1845273081,-10.205481,-1.506688,-1.641547,-23.637615,-34.158012,68.902138,0.426731,0.521091,0.539746,-0.505018,
3292,1845289748,-10.178560,-1.967936,-1.683569,-33.914246,-37.041641,69.225533,0.437137,0.521582,0.534886,-0.500764,
3293,1845306415,-9.321587,-3.618816,-2.290119,-41.842098,-36.136280,67.741638,0.447898,0.521439,0.530691,-0.495842,
3294,1845323082,-9.002205,-5.058867,-2.330772,-47.294491,-36.202591,68.752449,0.459077,0.520928,0.526722,-0.490357,
3295,1845339749,-7.940281,-6.376437,-2.516639,-46.495171,-36.133369,68.910599,0.470121,0.520398,0.522600,-0.484835,
3296,1845356416,-7.548597,-6.971994,-3.139547,-23.242491,-28.115007,60.526146,0.478139,0.521315,0.517951,-0.480982,
3297,1845373083,-8.609426,-6.342500,-3.464212,1.203174,-18.469723,48.782883,0.482716,0.523681,0.513115,-0.479020,
3298,1845389750,-9.508924,-5.758117,-3.623435,2.151510,-18.171833,33.768044,0.486131,0.524991,0.509358,-0.478140,
3299,1845406417,-8.560332,-5.510082,-3.499024,-10.910831,-20.131811,12.784577,0.489218,0.523676,0.507964,-0.477918,
3300,1845423084,-6.667526,-5.788289,-3.271235,-32.766979,-21.542269,-18.409735,0.491890,0.518388,0.510353,-0.478395,
3301,1845439751,-4.401153,-7.104224,-2.808378,-33.494659,-17.650909,-53.186653,0.491873,0.510702,0.515660,-0.480981,
3302,1845456418,-3.420298,-7.722317,-2.081565,-34.685612,-20.810431,-78.859917,0.490318,0.500716,0.522665,-0.485486,
3303,1845473085,-5.724319,-5.812588,-0.640777,-50.455280,-30.318567,-108.814667,0.488394,0.486530,0.532157,-0.491500,
3304,1845489752,-12.023962,-5.094155,-1.768890,-50.498798,-30.782379,-163.382462,0.482368,0.467846,0.545220,-0.501179,
3305,1845506419,-12.897224,-6.194771,-4.541931,41.131439,-28.271975,-199.775574,0.466880,0.452523,0.553832,-0.520114,
3306,1845523086,-10.065372,-3.661420,-0.642305,22.437286,23.178635,-157.842468,0.451305,0.442867,0.564189,-0.530930,
3307,1845539753,-13.376709,-3.635885,0.144124,-58.970364,55.646282,-127.262451,0.440431,0.432650,0.580696,-0.530689,
3308,1845556420,-15.661734,-2.993922,-3.007347,-7.109228,57.271671,-128.917130,0.425825,0.425539,0.593138,-0.534584,
3309,1845573087,-15.575199,-3.626894,-2.921976,30.508099,55.415321,-138.929321,0.408073,0.419552,0.602882,-0.542208,
3310,1845589754,-14.834346,-5.600257,-1.923207,34.157986,62.025837,-127.466660,0.390225,0.415105,0.611741,-0.548807,
3311,1845606421,-12.105350,-5.842475,-0.230040,29.934540,72.020103,-103.420509,0.373501,0.413185,0.619800,-0.552836,
3312,1845623088,-10.403977,-4.359591,0.340173,56.214443,79.188576,-97.899223,0.354850,0.413605,0.625563,-0.558289,
3313,1845639755,-9.318227,-2.983338,0.536755,105.276482,76.945084,-112.486038,0.332085,0.414831,0.627776,-0.568801,
3314,1845656422,-9.098721,-1.956167,0.910659,134.238098,71.778328,-128.129776,0.306505,0.415294,0.627823,-0.582605,
3315,1845673089,-9.504827,-0.857236,0.494095,118.773819,63.304920,-124.839920,0.282672,0.414324,0.628110,-0.594906,
3316,1845689756,-8.460894,0.964488,-1.043379,75.336609,58.110737,-111.653831,0.262906,0.412079,0.630775,-0.602659,
3317,1845706423,-7.489997,2.549426,-1.603748,19.507029,56.794083,-97.565338,0.247743,0.408723,0.637202,-0.604604,
3318,1845723090,-7.260260,2.354426,-1.895983,-38.636532,48.963970,-81.285469,0.238132,0.403988,0.647326,-0.600882,
3319,1845739757,-7.722205,1.439233,-0.516229,-55.249634,35.665104,-62.054897,0.232382,0.399244,0.657177,-0.595587,
3320,1845756424,-7.922330,0.373881,-0.384459,-73.841187,20.625170,-47.011116,0.230412,0.393937,0.667139,-0.588772,
3321,1845773091,-8.155941,0.581582,-1.546787,-106.714424,8.558298,-30.118183,0.232893,0.388048,0.678394,-0.578762,
3322,1845789758,-7.966572,-0.051170,-1.562287,-125.563126,7.561106,-4.937380,0.238586,0.383803,0.689574,-0.565918,
3323,1845806425,-6.856541,-4.170661,0.155331,-76.315804,6.469657,14.832895,0.243213,0.383071,0.695396,-0.557254,
3324,1845823092,-5.829181,-8.622068,-0.412272,-46.177006,18.358793,27.286661,0.245944,0.385590,0.698431,-0.550481,
3325,1845839759,-5.645042,-10.126365,-4.513986,-36.287228,8.092170,35.331051,0.249791,0.388433,0.699814,-0.544966,
3326,1845856426,-5.742213,-7.107974,-7.580597,7.207536,10.602434,43.324265,0.251545,0.393849,0.697356,-0.543421,
3327,1845873093,-7.024570,-5.555204,-5.598530,53.669556,19.912031,51.381695,0.250309,0.402487,0.691049,-0.545715,
3328,1845889760,-7.328629,-5.926449,-3.792203,40.791668,20.078703,47.889950,0.249506,0.410275,0.685902,-0.546774,
3329,1845906427,-7.822074,-5.646083,-4.236156,4.068494,11.064187,40.977242,0.251228,0.415299,0.683719,-0.544924,
3330,1845923094,-7.062024,-4.914571,-3.368047,27.298260,3.264998,38.670811,0.252129,0.420308,0.679522,-0.545917,
3331,1845939761,-5.893927,-3.773965,-0.794043,64.098534,5.639556,50.341698,0.251450,0.427970,0.671715,-0.549925,
3332,1845956428,-12.645075,-5.804799,1.270046,39.889229,19.248936,70.758209,0.252545,0.437770,0.664978,-0.549897,
3333,1845973095,-19.826471,-18.134766,-11.933622,11.637809,37.207874,65.211807,0.253228,0.447375,0.661424,-0.546126,
3334,1845989762,-10.916505,-6.393703,6.710982,266.564270,66.455307,-2.811831,0.228893,0.461761,0.642565,-0.567009,
3335,1846006429,-6.703998,4.264720,2.191838,159.543152,9.953799,-23.685768,0.215057,0.465481,0.631359,-0.581779,
3336,1846023096,-6.601528,10.957192,0.153742,-60.436226,-36.378117,30.706495,0.224899,0.463240,0.633420,-0.577591,
3337,1846039763,-10.578796,10.394134,-1.706768,-59.552898,-35.647045,75.795723,0.238368,0.465166,0.632284,-0.571859,
3338,1846056430,-14.468351,5.225865,-2.091115,-97.883850,-49.672287,78.879143,0.255908,0.464742,0.633448,-0.563270,
3339,1846073097,-16.642405,-4.280802,-2.731340,-111.227661,-52.901463,91.338509,0.275559,0.464504,0.634463,-0.552959,
3340,1846089764,-11.706592,-11.494136,-3.210184,-72.024117,-51.916649,99.910622,0.293043,0.466506,0.631511,-0.545615,
3341,1846106431,-7.434820,-7.920121,-1.559893,12.473460,-30.538261,98.975067,0.302668,0.473580,0.622641,-0.544460,
3342,1846123098,-8.179659,-1.386111,-0.674576,34.212894,-25.383152,90.059990,0.309557,0.481110,0.612758,-0.545196,
3343,1846139765,-8.941160,1.349153,-0.793185,28.930069,-29.046169,96.461472,0.317585,0.488580,0.602550,-0.545313,
3344,1846156432,-9.821667,1.701103,-1.386668,14.859758,-31.242437,109.904022,0.327793,0.496283,0.592252,-0.543596,
3345,1846173099,-10.189551,-0.116205,-1.149397,-8.666236,-37.255569,113.221214,0.340388,0.502535,0.583118,-0.539973,
3346,1846189766,-10.271978,-2.530298,-1.307177,-31.829700,-43.043388,103.711060,0.354323,0.506235,0.576044,-0.535124,
3347,1846206433,-9.556714,-3.186692,-1.526319,-42.300488,-47.039341,91.733650,0.368336,0.507945,0.570306,-0.530165,
3348,1846223100,-8.948864,-2.317841,-1.441452,-39.983036,-44.542053,84.034424,0.381290,0.509211,0.564955,-0.525501,
3349,1846239767,-8.738413,-1.838484,-1.703722,-32.027180,-39.562664,77.618454,0.392679,0.510671,0.559636,-0.521373,
3350,1846256434,-8.589634,-1.779172,-2.028002,-22.128193,-32.751404,72.051445,0.402295,0.512679,0.554280,-0.517781,
3351,1846273101,-8.997748,-1.730653,-1.869246,-24.225843,-28.776114,67.623177,0.411360,0.514439,0.549573,-0.513914,
3352,1846289768,-9.703416,-2.263553,-1.744561,-36.674625,-31.572475,64.686081,0.421308,0.514945,0.545779,-0.509372,
3353,1846306435,-9.722537,-3.466726,-1.665121,-47.822430,-35.065926,62.317528,0.432132,0.514247,0.542696,-0.504278,
3354,1846323102,-9.582325,-4.390381,-1.837041,-53.629097,-36.261452,62.600971,0.443435,0.513035,0.539856,-0.498717,
3355,1846339769,-8.933556,-5.386769,-2.406598,-52.912678,-34.156143,65.667938,0.454666,0.512175,0.536780,-0.492774,
3356,1846356436,-8.242331,-6.389511,-2.682057,-42.352394,-31.568892,63.259438,0.464663,0.511930,0.533215,-0.487545,
3357,1846373103,-8.055655,-6.806367,-2.923579,-24.324368,-30.815372,55.568680,0.472658,0.512301,0.528934,-0.484122,
3358,1846389770,-8.924329,-6.649782,-3.099084,-5.794547,-24.791367,46.642952,0.478143,0.513643,0.524390,-0.482254,
3359,1846406437,-9.671348,-5.579428,-3.198647,1.658094,-20.058161,39.294292,0.482170,0.515250,0.520178,-0.481090,
3360,1846423104,-9.165840,-5.556538,-3.805733,-4.605412,-19.130173,27.152483,0.485731,0.515549,0.517365,-0.480221,
3361,1846439771,-8.101645,-5.689299,-3.942604,-7.961692,-16.490833,6.566215,0.487899,0.514237,0.516511,-0.480349,
3362,1846456438,-6.311335,-6.449031,-3.547450,-24.642876,-19.038403,-23.423334,0.489398,0.509301,0.518875,-0.481533,
3363,1846473105,-5.479620,-6.491809,-3.464710,-36.628601,-23.007544,-55.178646,0.489824,0.500800,0.524114,-0.484334,
3364,1846489772,-8.520395,-6.313367,-2.985012,-50.153652,-17.001202,-93.711395,0.487974,0.488731,0.533448,-0.488325,
3365,1846506439,-11.410722,-7.114265,-2.165906,-23.780083,-29.692097,-137.340576,0.481964,0.474079,0.542926,-0.498192,
3366,1846523106,-9.224354,-5.777752,-0.882489,-15.154637,-36.248936,-150.637451,0.474681,0.458278,0.551978,-0.509886,
3367,1846539773,-9.393764,-3.212300,0.246664,-42.211395,2.513518,-154.558487,0.465542,0.442921,0.565677,-0.516821,
3368,1846556440,-11.726033,-0.049443,-1.071164,-29.728344,27.982481,-157.075119,0.453053,0.429868,0.580006,-0.523023,
3369,1846573107,-13.624599,0.025282,-2.549284,-37.511871,31.809963,-154.399338,0.440674,0.416574,0.594682,-0.527854,
3370,1846589774,-14.135774,-3.778794,-2.788029,-7.096979,52.584637,-137.734344,0.425705,0.408050,0.607035,-0.532713,
3371,1846606441,-14.885057,-6.892801,-1.781295,0.932435,56.386585,-108.284546,0.412035,0.402754,0.617013,-0.536018,
3372,1846623108,-12.239796,-7.573341,-1.801986,-7.941654,59.705853,-88.421013,0.400015,0.398852,0.626539,-0.536988,
3373,1846639775,-10.062160,-6.091656,-0.541508,10.132014,71.135864,-85.442245,0.386034,0.397061,0.634983,-0.538629,
3374,1846656442,-8.847440,-3.583603,0.348411,59.618790,80.511528,-90.837891,0.367777,0.398150,0.640176,-0.544422,
3375,1846673109,-8.500214,-2.101921,0.639882,124.881073,90.614410,-101.244339,0.343771,0.402338,0.640984,-0.555958,
3376,1846689776,-9.011903,-1.431036,1.162204,168.582733,90.274605,-110.124725,0.316222,0.407500,0.638195,-0.571540,
3377,1846706443,-8.172337,-0.893954,0.445455,150.136154,80.696739,-108.064369,0.290523,0.410822,0.635768,-0.585342,
3378,1846723110,-7.731800,-0.885739,-1.086234,107.012085,78.049614,-100.175896,0.268108,0.412526,0.635964,-0.594554,
3379,1846739777,-7.573923,-0.649711,-1.373872,74.654991,69.915237,-89.988113,0.249135,0.413003,0.637714,-0.600570,
3380,1846756444,-8.106913,0.117904,-1.836442,29.513021,62.173409,-78.713570,0.234497,0.412084,0.642246,-0.602264,
3381,1846773111,-9.245836,1.141040,-0.677098,2.271134,46.051914,-64.049385,0.224240,0.410116,0.647614,-0.601765,
3382,1846789778,-9.729335,2.058886,-0.845146,-43.390495,27.092398,-50.552959,0.219646,0.406221,0.655471,-0.597579,
3383,1846806445,-10.005365,2.641167,-1.410807,-88.370117,10.750794,-34.563103,0.220625,0.400931,0.665668,-0.589465,
3384,1846823112,-8.995217,2.375628,-1.768673,-129.312592,3.495233,-9.904698,0.226749,0.395982,0.677515,-0.576853,
3385,1846839779,-8.498228,-3.083733,0.652661,-104.195747,8.503922,23.293177,0.233652,0.395433,0.685303,-0.565157,
3386,1846856446,-5.822632,-10.349701,1.305436,-59.463169,3.123781,31.496161,0.239153,0.396713,0.688642,-0.557854,
3387,1846873113,-4.635207,-12.643581,-5.178677,-81.333794,-2.418150,36.499321,0.246845,0.397229,0.693181,-0.548434,
3388,1846889780,-4.851723,-7.493196,-8.469316,-33.261524,0.275308,47.263477,0.252315,0.400724,0.693280,-0.543253,
3389,1846906447,-6.407870,-4.309242,-5.217522,24.566591,14.337764,61.141880,0.254071,0.408818,0.688463,-0.542529,
3390,1846923114,-6.265172,-3.809512,-3.673782,31.899624,9.180724,56.547112,0.255522,0.416280,0.683088,-0.542967,
3391,1846939781,-5.815184,-4.243041,-4.685633,-3.085922,-3.956287,49.045799,0.259786,0.420631,0.680397,-0.540967,
3392,1846956448,-5.536122,-4.270506,-3.590729,34.933361,-5.180052,46.646099,0.261641,0.426061,0.674775,-0.542861,
3393,1846973115,-10.193268,-7.243114,0.725535,57.275883,20.785362,54.124451,0.260127,0.435081,0.667845,-0.544999,
3394,1846989782,-15.414236,-19.037807,-9.468842,98.849602,74.045921,42.529930,0.249825,0.448662,0.660203,-0.548110,
3395,1847006449,-13.230208,-6.754602,5.524033,224.614853,62.895218,-15.913489,0.227541,0.459969,0.645449,-0.565733,
3396,1847023116,-9.993172,5.853439,2.683165,131.939362,9.058551,-9.583879,0.216856,0.464024,0.635619,-0.577622,
3397,1847039783,-9.169625,10.934117,-1.032839,-37.838261,-27.776188,49.763535,0.225974,0.465010,0.634736,-0.574295,
3398,1847056450,-12.308306,8.863549,0.194099,-49.046371,-30.945358,82.848480,0.238875,0.468349,0.632347,-0.568971,
3399,1847073117,-15.714321,3.421664,-0.828262,-83.100067,-47.851425,80.982178,0.255435,0.468809,0.632144,-0.561577,
3400,1847089784,-16.285774,-4.377359,-2.608045,-96.798065,-58.105404,97.973778,0.275162,0.469299,0.631266,-0.552767,
3401,1847106451,-10.548370,-9.467136,-2.828355,-64.530258,-52.583092,109.415283,0.292981,0.472373,0.626961,-0.545846,
3402,1847123118,-7.832087,-6.037675,-1.844252,21.813354,-31.433395,108.969917,0.302807,0.480607,0.616525,-0.545184,
3403,1847139785,-8.187197,-1.509835,-1.547734,20.770515,-30.895056,102.069382,0.312031,0.488094,0.606519,-0.544554,
3404,1847156452,-8.917638,1.192041,-1.865820,9.784760,-33.195671,103.153702,0.322249,0.494878,0.597055,-0.542936,
3405,1847173119,-10.085950,1.414864,-1.604300,-23.666590,-40.133629,109.831360,0.335919,0.499995,0.589266,-0.538454,
3406,1847189786,-10.993083,-0.155442,-1.306836,-42.915653,-49.749027,109.447540,0.351678,0.503228,0.582355,-0.532870,
3407,1847206453,-10.965964,-2.097722,-1.682299,-58.740154,-57.733459,101.716843,0.368551,0.504203,0.576626,-0.526740,
3408,1847223120,-9.720454,-2.982574,-1.652917,-56.171307,-60.170258,92.945557,0.384644,0.504224,0.571017,-0.521297,
3409,1847239787,-8.816378,-2.748588,-1.754653,-47.245811,-53.606262,86.140152,0.398910,0.504529,0.565433,-0.516343,
3410,1847256454,-8.320496,-2.658314,-1.707922,-33.102978,-47.385288,80.030403,0.411075,0.505505,0.559466,-0.512332,
3411,1847273121,-8.192248,-2.522891,-2.134963,-19.504335,-38.826817,72.919342,0.420943,0.507263,0.553423,-0.509134,
3412,1847289788,-8.656575,-2.703716,-2.322031,-18.996309,-33.820995,70.226982,0.430112,0.509136,0.547772,-0.505701,
3413,1847306455,-9.448722,-2.714992,-1.981697,-20.317114,-32.288116,70.059563,0.439188,0.510959,0.542254,-0.501995,
3414,1847323122,-9.570244,-3.197329,-1.844161,-21.457848,-33.881729,70.871208,0.448474,0.512589,0.536587,-0.498199,
3415,1847339789,-9.121644,-3.320539,-2.130977,-11.469548,-28.569950,71.360207,0.456578,0.515227,0.530437,-0.494690,
3416,1847356456,-9.395667,-3.238510,-2.063403,-15.121963,-24.549700,69.576233,0.464462,0.517712,0.524888,-0.490658,
3417,1847373123,-9.475199,-3.414711,-1.257826,-35.701374,-32.313248,66.505638,0.474209,0.517953,0.520448,-0.485785,
3418,1847389790,-8.964208,-4.329067,-1.551169,-50.966164,-34.249336,57.624348,0.484557,0.516258,0.517549,-0.480447,
3419,1847406457,-7.791725,-5.954423,-2.782964,-42.653160,-31.816677,45.014515,0.493155,0.514304,0.515124,-0.476382,
3420,1847423124,-7.164401,-7.060406,-4.057889,-23.573772,-24.534050,35.410404,0.499077,0.513465,0.512582,-0.473855,
3421,1847439791,-7.463457,-6.349988,-4.401340,-4.734107,-18.555283,30.940405,0.502817,0.514053,0.509492,-0.472595,
3422,1847456458,-7.283733,-5.535911,-3.691895,7.278402,-20.146076,21.237469,0.505097,0.514680,0.506176,-0.473044,
3423,1847473125,-6.806254,-4.730471,-2.671513,3.256715,-16.720074,-0.298145,0.505937,0.513655,0.504998,-0.474517,
3424,1847489792,-6.200605,-4.740483,-2.945230,0.002913,-14.415309,-30.771379,0.504739,0.510303,0.506483,-0.477816,
3425,1847506459,-7.817457,-4.927225,-2.806991,-14.236370,-7.613563,-69.598793,0.501361,0.503483,0.512306,-0.482378,
3426,1847523126,-11.151893,-7.133054,-3.560952,0.325711,-9.973389,-108.752205,0.494251,0.494548,0.519708,-0.490964,
3427,1847539793,-9.465734,-6.943139,-1.990783,28.099382,-26.396723,-122.755943,0.485231,0.485226,0.524796,-0.503687,
3428,1847556460,-9.018086,-3.895522,0.180684,-5.555343,5.217932,-132.568237,0.475273,0.474915,0.535080,-0.512117,
3429,1847573127,-11.674221,0.160458,-0.511382,12.163525,39.773121,-145.613754,0.460222,0.467178,0.547100,-0.520216,
3430,1847589794,-14.390060,1.605891,-0.962519,-5.519073,38.309731,-157.199982,0.445368,0.456978,0.560855,-0.527507,
3431,1847606461,-15.388843,-2.168962,-1.709861,10.866013,42.091316,-157.470169,0.428842,0.447846,0.573295,-0.535598,
3432,1847623128,-15.080193,-5.454957,-1.005334,33.843826,44.809845,-130.972565,0.412439,0.442341,0.582097,-0.543502,
3433,1847639795,-13.510545,-6.299108,-1.384836,20.191832,43.378777,-108.016251,0.398696,0.437683,0.590200,-0.548765,
3434,1847656462,-11.806672,-5.246505,-1.211601,9.008538,54.221699,-102.627251,0.385044,0.433572,0.599305,-0.551900,
3435,1847673129,-10.714891,-3.134073,-0.500566,20.175968,56.081161,-107.622459,0.370004,0.429665,0.607745,-0.555999,
3436,1847689796,-9.751516,-0.986008,0.198339,47.882599,62.580917,-114.575615,0.351958,0.427000,0.614501,-0.562307,
3437,1847706463,-9.811621,-0.574305,0.785391,83.818008,67.562523,-119.380646,0.330673,0.425944,0.618572,-0.571490,
3438,1847723130,-8.979177,-1.170548,1.627770,106.211174,63.131905,-118.076530,0.308313,0.425464,0.620121,-0.582561,
3439,1847739797,-7.908908,-2.031794,0.111232,67.486694,52.012436,-115.010048,0.289449,0.422355,0.623931,-0.590381,
3440,1847756464,-7.005682,-2.093830,-1.806089,18.072409,54.364071,-109.121017,0.273801,0.417739,0.631480,-0.593097,
3441,1847773131,-7.720203,-0.594156,-1.567174,-3.454798,52.269764,-95.482536,0.260749,0.413215,0.639787,-0.593244,
3442,1847789798,-8.237163,0.925995,-0.896848,-28.759096,37.338589,-80.151558,0.251872,0.407777,0.648646,-0.591219,
3443,1847806465,-8.633687,1.615148,-1.219562,-71.369423,21.692284,-62.090103,0.248503,0.401057,0.659395,-0.585322,
3444,1847823132,-8.548524,1.826027,-1.205850,-100.089081,7.931390,-43.352169,0.249668,0.393833,0.670844,-0.576658,
3445,1847839799,-7.992712,1.717283,-1.368241,-140.464294,7.314401,-21.519251,0.254952,0.387086,0.684171,-0.563097,
3446,1847856466,-7.577120,-3.684427,0.581391,-104.705368,4.608524,2.520201,0.260377,0.383706,0.692886,-0.552165,
3447,1847873133,-5.307220,-8.782202,0.289725,-81.428017,9.247064,4.696846,0.264161,0.381726,0.699654,-0.543132,
3448,1847889800,-4.733796,-10.807011,-3.791250,-88.012383,10.993502,8.846266,0.268419,0.379992,0.706667,-0.533088,
3449,1847906467,-4.637137,-8.339899,-7.798469,-54.086182,15.055955,14.003314,0.270749,0.380380,0.710838,-0.526041,
3450,1847923134,-5.761053,-5.829608,-7.327425,-2.597031,32.424248,30.510595,0.269680,0.385809,0.710801,-0.522676,
3451,1847939801,-6.847209,-5.521579,-6.318503,20.236397,28.796722,41.091843,0.268495,0.392932,0.708257,-0.521431,
3452,1847956468,-6.854274,-5.253031,-7.340345,50.555977,24.716463,38.608376,0.265787,0.400643,0.703342,-0.523599,
3453,1847973135,-6.197262,-3.007101,-4.353520,174.285660,53.443790,38.328934,0.252800,0.415130,0.689844,-0.536543,
3454,1847989802,-9.796951,-2.446344,7.901329,212.663544,63.624626,62.221905,0.238107,0.433836,0.671648,-0.551348,
3455,1848006469,-12.924100,-12.842443,-1.172400,-36.578575,-0.183352,63.870724,0.245360,0.438690,0.670707,-0.545441,
3456,1848023136,-12.668458,-7.226700,-2.319155,177.038544,33.860710,34.708488,0.233249,0.450842,0.655621,-0.559017,
3457,1848039803,-13.555068,1.340471,2.546855,105.378220,13.694883,31.376196,0.227377,0.458389,0.645580,-0.566929,
3458,1848056470,-13.307530,10.650672,2.639196,1.183533,-29.721081,53.008598,0.234277,0.460868,0.641144,-0.567145,
3459,1848073137,-12.995616,8.539972,-0.891632,-54.830235,-47.565277,94.163376,0.249953,0.463722,0.637841,-0.561826,
3460,1848089804,-15.229108,4.002262,-2.695879,-73.663269,-48.558437,108.669273,0.268092,0.466995,0.634837,-0.554101,
3461,1848106471,-15.838655,-2.066679,-2.854338,-85.961304,-55.580029,116.874008,0.288257,0.469768,0.631702,-0.545144,
3462,1848123138,-11.420470,-6.576499,-3.545974,-80.915504,-57.576672,123.946487,0.308674,0.473004,0.627274,-0.536208,
3463,1848139805,-8.575375,-6.688922,-2.349682,-25.062656,-43.504299,131.889404,0.324440,0.480346,0.618280,-0.530792,
3464,1848156472,-8.097435,-2.766133,-0.852529,16.000488,-38.988968,132.344833,0.336833,0.489819,0.606048,-0.528516,
3465,1848173139,-8.923128,-0.734544,-0.682986,18.400026,-44.468315,128.863403,0.349139,0.498489,0.593372,-0.526805,
3466,1848189806,-9.391147,-0.268127,-0.778272,9.278962,-49.694893,124.497917,0.362090,0.505729,0.581220,-0.524706,
3467,1848206473,-10.469042,-0.129387,-1.400321,-10.261011,-48.753319,113.100388,0.375406,0.510875,0.571246,-0.521305,
3468,1848223140,-11.379149,-0.709610,-1.830843,-28.966255,-50.692589,99.396423,0.389124,0.513563,0.563434,-0.517089,
3469,1848239807,-10.411868,-1.294642,-2.473654,-45.714859,-53.815090,87.355415,0.403339,0.513945,0.557454,-0.512277,
3470,1848256474,-8.653349,-1.508640,-1.718265,-39.143158,-49.525677,80.677559,0.416121,0.514368,0.551601,-0.507946,
3471,1848273141,-7.379694,-2.221904,-1.429667,-40.777721,-41.427189,68.440430,0.427392,0.514210,0.547169,-0.503521,
3472,1848289808,-6.878448,-3.871612,-2.170863,-46.672546,-39.269676,54.992474,0.437882,0.512694,0.544226,-0.499225,
3473,1848306475,-7.365303,-3.754049,-2.136505,-39.634884,-34.109871,49.038723,0.446952,0.511467,0.541478,-0.495420,
3474,1848323142,-7.807042,-2.471990,-1.971070,-31.209396,-27.754614,49.538250,0.454886,0.511235,0.538447,-0.491727,
3475,1848339809,-7.774059,-1.618767,-1.874785,-14.947282,-16.925503,52.828739,0.460964,0.513072,0.534686,-0.488246,
3476,1848356476,-8.383775,-1.418794,-1.531203,-8.117743,-12.502700,54.804474,0.466297,0.515801,0.530553,-0.484802,
3477,1848373143,-9.180373,-1.759643,-1.351920,-16.433964,-15.362609,56.624306,0.472570,0.517869,0.526640,-0.480774,
3478,1848389810,-9.534580,-2.834689,-1.326942,-37.623890,-23.913359,57.605022,0.481119,0.517909,0.523499,-0.475655,
3479,1848406477,-8.728563,-3.824130,-1.802144,-63.080208,-32.596050,53.553562,0.491899,0.515187,0.521745,-0.469471,
3480,1848423144,-7.296394,-5.837285,-3.104275,-63.649036,-33.444637,41.932308,0.501916,0.511404,0.520761,-0.464067,
3481,1848439811,-7.412157,-6.315634,-3.937189,-35.170975,-23.170069,29.691807,0.508158,0.509415,0.519465,-0.460904,
3482,1848456478,-8.730126,-6.473977,-3.729877,-24.219076,-26.625364,15.849321,0.512898,0.506935,0.518184,-0.459828,
3483,1848473145,-8.858300,-6.689667,-3.489559,-19.705286,-30.590557,0.006883,0.516528,0.503317,0.517460,-0.460553,
3484,1848489812,-7.834460,-7.065536,-3.965399,-13.892594,-24.767578,-21.613384,0.517829,0.498884,0.518355,-0.462903,
3485,1848506479,-7.770090,-7.423752,-4.283262,5.600158,-5.765304,-50.204456,0.514334,0.495022,0.521423,-0.467479,
3486,1848523146,-10.120011,-8.846889,-4.801963,19.113403,8.182249,-88.870720,0.506115,0.490126,0.527340,-0.474912,
3487,1848539813,-9.138816,-8.090749,-2.149435,40.649029,-8.703074,-110.632736,0.496028,0.483861,0.531952,-0.486688,
3488,1848556480,-9.457101,-4.869546,1.049567,0.260016,-6.665145,-126.156654,0.487365,0.473468,0.540492,-0.496160,
3489,1848573147,-11.735436,-0.441260,-0.479754,-9.723276,3.429975,-157.122253,0.476147,0.460452,0.552363,-0.506130,
3490,1848589814,-13.275113,2.601554,-1.494550,-6.616788,22.339844,-175.854706,0.461534,0.447259,0.566233,-0.516072,
3491,1848606481,-14.438253,0.962029,-1.417459,-34.430397,25.238821,-179.547318,0.447889,0.431799,0.582224,-0.523416,
3492,1848623148,-15.106504,-3.048440,-2.227878,-18.410816,34.731384,-163.235474,0.433375,0.419195,0.596199,-0.530106,
3493,1848639815,-14.033125,-6.442047,-1.597076,-16.622204,31.859735,-126.282616,0.421636,0.409481,0.607309,-0.534536,
3494,1848656482,-11.778017,-7.542143,-2.480778,-20.399206,43.337692,-109.976738,0.410229,0.401727,0.618236,-0.536764,
3495,1848673149,-10.476315,-6.451030,-1.691712,-17.247143,53.749184,-110.399719,0.397535,0.394804,0.629363,-0.538519,
3496,1848689816,-9.987517,-3.881233,-0.247427,8.983593,62.375912,-113.626305,0.382152,0.389639,0.638898,-0.542176,
3497,1848706483,-9.672145,-2.190189,0.350101,65.578018,76.389626,-117.413193,0.361793,0.388200,0.644681,-0.550269,
3498,1848723150,-9.215373,-1.948884,1.118196,124.933243,77.809807,-121.142494,0.337420,0.389398,0.645583,-0.563688,
3499,1848739817,-8.537975,-2.501093,1.891838,150.222092,71.497696,-124.636978,0.311636,0.390660,0.643750,-0.579532,
3500,1848756484,-7.557559,-2.940531,-0.097281,108.481880,64.072685,-125.617523,0.288587,0.389001,0.644639,-0.591473,
3501,1848773151,-7.069872,-2.335853,-2.202733,61.263691,68.677467,-121.144386,0.267993,0.385948,0.649150,-0.598191,
3502,1848789818,-7.764087,-0.387481,-2.150079,23.789215,67.278610,-105.061790,0.250920,0.382666,0.655688,-0.600569,
3503,1848806485,-8.769357,1.159010,-1.261533,-19.176661,53.859043,-88.496750,0.238890,0.378112,0.664373,-0.598812,
3504,1848823152,-9.418148,1.330007,-0.579351,-55.348949,34.042286,-72.977188,0.232064,0.371990,0.674514,-0.593973,
3505,1848839819,-9.131145,0.673884,-0.851795,-82.955223,17.192949,-57.440224,0.229677,0.364924,0.685482,-0.586683,
3506,1848856486,-8.168420,0.231614,-1.975692,-126.788010,12.389574,-39.123325,0.231591,0.357701,0.698846,-0.574485,
3507,1848873153,-7.546421,-2.197438,-1.846412,-144.012115,12.065799,-10.010925,0.236771,0.352681,0.711832,-0.559333,
3508,1848889820,-5.761448,-8.028517,0.414468,-82.227013,14.411453,9.997430,0.240096,0.351946,0.718632,-0.549599,
3509,1848906487,-4.485677,-13.199618,-1.430775,-44.309898,18.909353,20.149391,0.241797,0.353918,0.721962,-0.543186,
3510,1848923154,-4.064226,-11.794390,-6.773068,-34.841335,9.009774,27.873934,0.244645,0.356231,0.723761,-0.537979,
3511,1848939821,-5.385290,-5.679836,-9.378510,-8.014371,14.335979,46.197163,0.246962,0.361828,0.722669,-0.534643,
3512,1848956488,-6.447028,-3.060494,-6.372344,24.421864,15.039211,60.081932,0.248561,0.370078,0.718301,-0.534141,
3513,1848973155,-5.449545,-3.153869,-5.677250,28.229982,5.941643,54.453732,0.250446,0.377142,0.713552,-0.534685,
3514,1848989822,-3.801171,-2.916580,-6.648694,85.789429,20.184479,56.489510,0.247816,0.387565,0.704626,-0.540265,
3515,1849006489,-4.505605,-0.258042,1.438602,234.672958,76.113213,79.687187,0.232685,0.409803,0.684138,-0.556667,
3516,1849023156,-12.767564,-4.279321,14.245219,-13.226204,13.814292,110.679024,0.240840,0.421354,0.679187,-0.550605,
3517,1849039823,-22.157629,-29.171005,-18.666069,-40.046196,20.571178,86.722672,0.248000,0.430042,0.677928,-0.542196,
3518,1849056490,-12.203442,-6.040928,5.588944,279.494598,25.238409,-8.366446,0.226986,0.440844,0.656965,-0.567921,
3519,1849073157,-9.336798,7.750136,4.375630,73.378433,-22.534489,-19.999430,0.222585,0.439391,0.651600,-0.576900,
3520,1849089824,-8.153342,14.085534,-1.057382,-36.848713,-46.163212,63.630760,0.234457,0.440251,0.649279,-0.574152,
3521,1849106491,-11.116632,10.904165,-1.805756,-96.897583,-51.543148,93.446434,0.253106,0.441303,0.649686,-0.564890,
3522,1849123158,-15.518363,3.530033,-3.577223,-120.205513,-52.451965,88.299072,0.272797,0.440727,0.651992,-0.553400,
3523,1849139825,-15.747940,-10.081943,-4.148194,-133.200500,-56.749241,114.977615,0.295709,0.441547,0.653056,-0.539550,
3524,1849156492,-9.303238,-14.764197,-2.965762,-31.013714,-40.818703,128.882797,0.311472,0.449085,0.645529,-0.533483,
3525,1849173159,-7.131692,-8.747780,-0.527605,65.232491,-19.011305,119.272087,0.318031,0.461594,0.631897,-0.535254,
3526,1849189826,-8.295574,-1.197316,-0.284877,79.586159,-20.404699,109.101212,0.322839,0.473545,0.617522,-0.538703,
3527,1849206493,-9.320552,1.744348,-0.507433,66.244461,-25.826057,118.759178,0.329684,0.485127,0.603032,-0.540663,
3528,1849223160,-10.058683,2.152445,-0.829221,26.993042,-30.901539,124.644356,0.340084,0.494764,0.590742,-0.539054,
3529,1849239827,-11.429409,0.638816,-1.046275,-16.593447,-40.667500,116.734215,0.353726,0.500633,0.581756,-0.534611,
3530,1849256494,-11.624596,-1.894826,-1.790055,-48.522125,-51.264526,101.634888,0.369304,0.502599,0.575619,-0.528843,
3531,1849273161,-10.583974,-2.444001,-1.737638,-57.330784,-52.933235,94.117996,0.384972,0.503176,0.570439,-0.522698,
3532,1849289828,-9.101515,-2.289728,-1.252719,-56.892227,-54.979507,88.992058,0.400272,0.503044,0.565314,-0.516868,
3533,1849306495,-7.725704,-3.139041,-1.578113,-46.344513,-49.484005,79.083534,0.413499,0.502995,0.560294,-0.511946,
3534,1849323162,-7.549940,-3.102878,-1.931703,-39.443279,-44.123154,73.245834,0.425265,0.503181,0.555397,-0.507442,
3535,1849339829,-7.658889,-3.414753,-2.322881,-36.493031,-41.015175,70.670708,0.436300,0.503483,0.550566,-0.503020,
3536,1849356496,-7.882135,-3.720490,-1.970666,-25.603006,-35.798164,71.116325,0.446084,0.504815,0.545152,-0.498982,
3537,1849373163,-7.408997,-4.229318,-1.920700,-25.066727,-29.499680,73.926208,0.455469,0.506790,0.539826,-0.494271,
3538,1849389830,-7.546265,-4.819380,-2.717308,-25.166925,-18.478100,79.382858,0.464321,0.509904,0.534756,-0.488307,
3539,1849406497,-6.550912,-6.496522,-3.713826,-31.604313,-25.281641,83.522911,0.474396,0.512339,0.529291,-0.481988,
3540,1849423164,-4.468626,-7.233962,-4.596283,10.023802,-20.412737,81.592056,0.480780,0.517755,0.521304,-0.478567,
3541,1849439831,-8.394076,-3.603056,-2.163256,25.268126,-5.639356,58.025021,0.483199,0.523420,0.515007,-0.476783,
3542,1849456498,-11.574868,-2.682133,-2.279050,6.210206,-17.247637,31.905836,0.486101,0.524955,0.511177,-0.476266,
3543,1849473165,-9.984473,-3.477700,-2.644678,-4.710021,-24.308195,11.648515,0.488947,0.523713,0.509142,-0.476900,
3544,1849489832,-7.957820,-5.747108,-2.950425,-11.903753,-24.691355,-6.684549,0.491089,0.520566,0.508968,-0.478327,
3545,1849506499,-7.450229,-5.984906,-4.089634,-34.707378,-29.942242,-20.881004,0.494340,0.514356,0.511064,-0.479461,
3546,1849523166,-7.998357,-4.692974,-3.509984,-57.358494,-32.759262,-37.903091,0.498261,0.505008,0.515767,-0.480304,
3547,1849539833,-10.688781,-6.076453,-1.815614,-52.762157,-27.238338,-74.371666,0.498800,0.493562,0.523145,-0.483651,
3548,1849556500,-9.538000,-8.529167,-0.343864,-13.316010,-37.011662,-104.322327,0.495027,0.481895,0.529069,-0.492762,
3549,1849573167,-7.702454,-6.820862,-0.367882,2.334049,-4.992077,-122.630791,0.486233,0.472097,0.537305,-0.502006,
3550,1849589834,-10.421292,-2.995499,-1.357450,37.641544,33.443268,-138.546448,0.470654,0.466168,0.546560,-0.512297,
3551,1849606501,-13.335231,-0.509598,-1.787693,45.691635,41.701248,-146.326706,0.453054,0.460551,0.556032,-0.522941,
3552,1849623168,-14.100110,-1.076274,-1.787236,61.788475,47.426373,-144.420868,0.433804,0.456326,0.564216,-0.534083,
3553,1849639835,-14.523173,-4.001632,-1.441547,66.684113,68.745110,-128.442963,0.413475,0.455119,0.571985,-0.542902,
3554,1849656502,-14.200791,-5.574953,-1.309409,48.511341,58.727573,-109.951714,0.396448,0.453352,0.579093,-0.549505,
3555,1849673169,-12.370822,-5.013230,-1.703153,49.156567,55.076954,-103.530067,0.380052,0.451704,0.585303,-0.555831,
3556,1849689836,-11.856643,-2.015582,-0.718031,51.551121,55.320667,-108.306816,0.362953,0.449637,0.591434,-0.562407,
3557,1849706503,-10.836543,-0.244271,0.122048,65.704041,59.406425,-118.623589,0.343580,0.447573,0.597046,-0.570238,
3558,1849723170,-10.290233,-0.282028,1.196055,95.366180,63.225853,-128.066589,0.320974,0.446241,0.600672,-0.580553,
3559,1849739837,-9.121099,-0.843007,1.462560,96.252434,58.698673,-129.971268,0.298343,0.444120,0.603754,-0.590960,
3560,1849756504,-8.356025,-1.178852,-0.308706,45.951725,51.497650,-127.172867,0.279673,0.439201,0.610336,-0.596974,
3561,1849773171,-8.269493,-1.032086,-2.346754,-13.769202,50.970341,-119.396683,0.265424,0.432318,0.621334,-0.597159,
3562,1849789838,-9.019397,-0.247518,-1.863390,-38.170197,48.007668,-104.493156,0.254181,0.425434,0.633184,-0.594542,
3563,1849806505,-9.510785,0.452043,-1.149383,-66.303001,35.791344,-87.768684,0.247172,0.417864,0.645785,-0.589288,
3564,1849823172,-9.379840,1.274403,-1.994134,-116.571007,24.384771,-66.994179,0.245986,0.409316,0.660796,-0.579054,
3565,1849839839,-8.950650,1.056048,-1.599503,-120.533211,19.316601,-46.194584,0.247181,0.402042,0.674465,-0.567771,
3566,1849856506,-7.129290,0.325606,-0.011526,-89.814651,10.406539,-28.521641,0.248845,0.396758,0.684054,-0.559226,
3567,1849873173,-4.766066,-3.617949,-0.189493,-100.989182,25.421953,-0.086280,0.251921,0.395035,0.693305,-0.547553,
3568,1849889840,-3.435181,-10.777323,1.465095,-22.288427,21.150688,14.827744,0.252061,0.397308,0.695186,-0.543445,
3569,1849906507,-2.691185,-9.946088,-5.355648,-32.476341,6.073687,12.083119,0.254089,0.397726,0.697459,-0.539265,
3570,1849923174,-3.404474,-4.526120,-8.695004,-0.060882,15.668987,30.941393,0.254739,0.401997,0.696437,-0.537109,
3571,1849939841,-5.335217,-2.717678,-5.777534,72.381760,33.439213,52.410160,0.251002,0.412472,0.689086,-0.540397,
3572,1849956508,-5.054161,-4.499686,-3.459036,68.854172,22.058807,46.068237,0.248075,0.421218,0.681862,-0.544153,
3573,1849973175,-5.488140,-5.915130,-4.348834,38.633499,20.978703,34.746578,0.246185,0.427621,0.677610,-0.545328,
3574,1849989842,-7.376181,-5.668678,-1.303192,101.813438,31.093494,31.335228,0.239057,0.436682,0.668814,-0.552135,
3575,1850006509,-16.671730,-13.358793,0.295213,15.721089,59.029358,28.901543,0.234442,0.444679,0.667939,-0.548780,
3576,1850023176,-16.782843,-15.107741,-3.811071,226.482849,61.611183,-18.809534,0.211992,0.455150,0.652993,-0.567012,
3577,1850039843,-12.606563,5.092973,6.076417,157.313263,11.485692,-46.002914,0.196451,0.456376,0.643436,-0.582342,
3578,1850056510,-11.180195,15.219323,3.736976,-36.954788,-38.295010,1.907275,0.202464,0.452176,0.645525,-0.581245,
3579,1850073177,-10.206444,11.348598,-1.624546,-95.493942,-39.722458,69.890701,0.218175,0.452430,0.647922,-0.572632,
3580,1850089844,-15.234822,5.098780,-1.895707,-108.766708,-47.366043,74.178154,0.235759,0.451867,0.650659,-0.562922,
3581,1850106511,-18.862076,-4.135867,-2.245571,-124.844902,-54.129070,74.150101,0.254934,0.449990,0.654182,-0.551877,
3582,1850123178,-14.069663,-10.155183,-4.152661,-83.752357,-60.453396,83.955925,0.272700,0.449866,0.653242,-0.544550,
3583,1850139845,-8.671759,-8.308359,-4.172521,-26.014309,-44.109249,80.546646,0.284789,0.452876,0.648419,-0.541623,
3584,1850156512,-8.500788,-2.708037,-3.115154,16.397961,-34.738258,74.841133,0.292703,0.457767,0.640913,-0.542225,
3585,1850173179,-8.086930,0.449497,-3.648250,10.300603,-37.299969,85.795898,0.302078,0.463145,0.632946,-0.541875,
3586,1850189846,-8.402344,0.664124,-4.005103,-8.275201,-35.225048,105.886703,0.314032,0.469619,0.625042,-0.538673,
3587,1850206513,-10.111346,-1.174311,-2.851554,-15.178238,-25.458992,117.894501,0.326423,0.477503,0.617128,-0.533475,
3588,1850223180,-11.065801,-3.344077,-1.868731,-22.534346,-34.069637,113.043716,0.339622,0.483791,0.609528,-0.528283,
3589,1850239847,-10.272775,-4.546269,-1.350879,-29.840858,-42.750259,105.829933,0.353453,0.488269,0.602388,-0.523256,
3590,1850256514,-9.442557,-4.241695,-1.654642,-19.656881,-44.190392,97.733719,0.365975,0.492322,0.594814,-0.519501,
3591,1850273181,-9.467511,-3.355252,-2.230715,0.680686,-35.319012,88.178452,0.375473,0.497195,0.586732,-0.517268,
3592,1850289848,-9.367224,-2.268873,-1.712773,1.319466,-33.706467,78.733856,0.384015,0.501335,0.579276,-0.515402,
3593,1850306515,-9.756934,-2.532107,-1.991276,-18.133732,-36.420547,73.969688,0.393789,0.503710,0.573388,-0.512285,
3594,1850323182,-9.857400,-3.040764,-1.448060,-28.649904,-42.327660,72.659416,0.404668,0.504856,0.567954,-0.508720,
3595,1850339849,-9.833482,-3.753951,-1.440119,-40.293453,-46.791801,71.565117,0.416620,0.504808,0.563101,-0.504498,
3596,1850356516,-9.185176,-4.442992,-1.762989,-42.859383,-50.460106,72.282753,0.429032,0.504297,0.558053,-0.500196,
3597,1850373183,-8.110208,-5.390633,-2.487647,-39.763409,-45.741890,74.824112,0.440936,0.504430,0.552781,-0.495544,
3598,1850389850,-7.566536,-6.218231,-3.006785,-38.154873,-38.219395,76.226997,0.452134,0.505226,0.547670,-0.490288,
3599,1850406517,-7.003303,-6.311592,-3.554514,-45.260323,-33.729057,79.676537,0.463656,0.506055,0.543006,-0.483817,
3600,1850423184,-5.735828,-6.497698,-4.452522,-45.877388,-32.654205,86.614807,0.475528,0.507359,0.537836,-0.476651,
3601,1850439851,-4.466856,-6.623877,-4.189846,-37.308262,-31.276485,85.126404,0.486455,0.509128,0.532166,-0.470057,
3602,1850456518,-3.615994,-6.834749,-3.929007,-34.008808,-35.122696,64.376892,0.495934,0.509177,0.527448,-0.465393,
3603,1850473185,-4.656293,-5.826852,-3.658724,-20.124784,-33.526154,28.712685,0.501801,0.507552,0.524502,-0.464208,
3604,1850489852,-6.339173,-4.608406,-4.333231,-25.141388,-39.039532,-4.499904,0.506191,0.502631,0.523920,-0.465450,
3605,1850506519,-8.474979,-5.773874,-5.304873,-32.848511,-32.116425,-39.875343,0.508189,0.494885,0.526925,-0.468174,
3606,1850523186,-11.063007,-8.103179,-4.584466,-15.881816,-44.548489,-67.691147,0.507964,0.485357,0.529800,-0.475096,
3607,1850539853,-7.084474,-7.397594,-1.376069,-30.160801,-49.472130,-76.464783,0.508431,0.473674,0.533829,-0.481832,
3608,1850556520,-6.927982,-5.480554,0.240095,-26.874479,-9.375291,-86.641808,0.504746,0.464162,0.541193,-0.486723,
3609,1850573187,-10.371763,-1.374095,-1.870175,-11.189558,22.219893,-122.098167,0.494873,0.455126,0.552020,-0.493192,
3610,1850589854,-13.386484,0.529524,-1.374767,1.199435,20.823606,-153.224503,0.481848,0.444188,0.563682,-0.502778,
3611,1850606521,-15.375566,-0.580901,0.608315,3.987051,27.697571,-166.914963,0.466806,0.432574,0.576186,-0.512821,
3612,1850623188,-16.502035,-4.704576,-0.393092,15.656889,28.609917,-155.937317,0.451500,0.422488,0.586855,-0.522740,
3613,1850639855,-15.098893,-7.023521,-1.226376,15.901253,37.923363,-115.516296,0.438259,0.416391,0.595376,-0.529225,
3614,1850656522,-13.798101,-6.679121,-2.532395,10.278703,57.092312,-96.652107,0.425017,0.412917,0.604230,-0.532700,
3615,1850673189,-13.602324,-5.567052,-2.078776,29.749283,70.180908,-103.206047,0.408812,0.410954,0.612587,-0.537336,
3616,1850689856,-13.602492,-3.333092,-0.736692,63.563778,80.024071,-115.605995,0.388562,0.410487,0.619361,-0.544900,
3617,1850706523,-12.853410,-2.146852,0.043065,116.405029,93.632324,-125.006752,0.362931,0.412965,0.622866,-0.556582,
3618,1850723190,-11.671222,-3.290917,0.179749,156.633392,88.195801,-130.103867,0.334629,0.416280,0.622553,-0.571984,
3619,1850739857,-10.090557,-4.033915,-1.268086,136.494064,81.765457,-129.860428,0.307822,0.417696,0.622980,-0.585384,
3620,1850756524,-9.515714,-3.275893,-1.711679,116.407478,80.449928,-125.773743,0.282446,0.418124,0.624291,-0.596374,
3621,1850773191,-8.801311,-0.219838,-1.676000,68.652756,77.766632,-112.942192,0.261150,0.417256,0.628454,-0.602284,
3622,1850789858,-8.191446,3.125067,-2.013359,-18.516296,59.372692,-88.265694,0.248888,0.413563,0.637818,-0.600177,
3623,1850806525,-6.835951,5.664242,-2.814089,-104.534325,42.048416,-61.061783,0.245707,0.407644,0.652230,-0.589961,
3624,1850823192,-6.241817,5.869973,-0.716415,-114.858009,25.373302,-36.268112,0.246765,0.402139,0.665238,-0.578665,
3625,1850839859,-4.482347,4.408115,1.309412,-108.408501,-1.763688,-14.875033,0.251802,0.396535,0.675282,-0.568642,
3626,1850856526,-2.639664,-1.297941,0.153766,-136.845474,17.162060,13.210968,0.258861,0.394082,0.686524,-0.553515,
3627,1850873193,-3.181011,-10.630218,4.065340,-33.138741,19.672697,36.027630,0.261502,0.397921,0.688043,-0.547610,
3628,1850889860,-3.584021,-9.328588,-3.842369,-83.734016,-14.696747,30.805759,0.270063,0.396528,0.692505,-0.538769,
3629,1850906527,-4.692492,-5.484603,-9.812424,-72.202675,0.515930,42.186558,0.277273,0.397862,0.695896,-0.529677,
3630,1850923194,-4.847600,-4.690649,-4.633675,57.146439,23.436274,46.448402,0.274967,0.406555,0.689907,-0.532107,
3631,1850939861,-4.455790,-4.513460,-3.075416,117.213791,31.811518,26.099014,0.266633,0.416167,0.680655,-0.540764,
3632,1850956528,-4.071696,-3.283230,-5.393777,123.017609,39.360733,14.076225,0.256163,0.425265,0.671736,-0.549821,
3633,1850973195,-5.339857,-1.094131,0.375383,191.039185,61.311951,18.261671,0.239523,0.438805,0.657534,-0.563677,
3634,1850989862,-9.524939,-0.243039,10.565038,147.768112,18.401369,29.531143,0.230511,0.448104,0.644225,-0.575366,
3635,1851006529,-27.671341,-17.658646,-1.244747,-372.249481,-44.839245,28.192961,0.260791,0.433779,0.671260,-0.541514,
3636,1851023196,-20.178818,-14.910841,-7.821399,259.981567,8.940901,-24.887434,0.241193,0.441515,0.652416,-0.566786,
3637,1851039863,-13.993485,7.959848,5.790677,79.465141,-19.420481,-62.872261,0.232542,0.436610,0.649352,-0.577617,
3638,1851056530,-13.466827,19.691292,2.415108,-30.590113,-49.652855,-7.221498,0.238381,0.430637,0.650877,-0.578006,
3639,1851073197,-10.911895,15.347818,-3.948770,-157.008606,-48.605381,92.886391,0.260361,0.429672,0.656522,-0.562652,
3640,1851089864,-14.729001,2.074904,-2.361800,-177.844879,-57.699009,125.631088,0.286957,0.429912,0.660883,-0.544122,
3641,1851106531,-15.218200,-12.142313,-4.648196,-165.933807,-66.801964,118.246651,0.312811,0.428782,0.663708,-0.527059,
3642,1851123198,-9.935611,-17.695848,-3.814263,-25.349533,-45.898563,113.174316,0.327290,0.434883,0.656596,-0.522153,
3643,1851139865,-7.809602,-10.639054,-2.924856,75.855759,-16.244770,97.589661,0.331245,0.446423,0.643987,-0.525612,
3644,1851156532,-8.000427,-1.530159,-1.593725,100.893242,-18.174717,86.129036,0.332763,0.457794,0.629894,-0.531913,
3645,1851173199,-7.614172,3.348969,-1.902309,31.503962,-22.709856,105.356216,0.340700,0.467074,0.619471,-0.531061,
3646,1851189866,-7.965164,3.211806,-1.503829,-3.215500,-26.255075,129.102844,0.353045,0.476356,0.609749,-0.525980,
3647,1851206533,-9.589509,0.302482,-0.953037,-15.605375,-30.021929,123.594284,0.366039,0.484059,0.600950,-0.520159,
3648,1851223200,-11.685328,-3.883814,-1.011338,-7.525527,-30.753927,101.307663,0.376740,0.490052,0.592897,-0.516133,
3649,1851239867,-12.412654,-5.922500,-1.540760,-6.872551,-36.110760,83.875473,0.386471,0.494076,0.585624,-0.513397,
3650,1851256534,-10.046368,-5.223329,-1.563270,-6.006443,-36.269650,83.248390,0.396040,0.497999,0.578224,-0.510695,
3651,1851273201,-8.531793,-4.321688,-1.864874,12.383158,-30.848772,82.713715,0.403716,0.503256,0.569714,-0.509094,
3652,1851289868,-7.219236,-4.049042,-1.575366,28.236149,-23.257580,78.997368,0.409263,0.509619,0.560658,-0.508389,
3653,1851306535,-7.340518,-4.718085,-0.878293,31.075558,-20.556623,73.903122,0.413941,0.515860,0.551849,-0.507945,
3654,1851323202,-8.792282,-4.833129,-0.776439,33.119396,-19.845636,74.601540,0.418402,0.522259,0.542804,-0.507498,
3655,1851339869,-10.017377,-4.501897,-1.517610,30.404232,-16.404278,80.579384,0.423175,0.529139,0.533633,-0.506137,
3656,1851356536,-10.173068,-3.751414,-2.528299,31.747181,-10.514511,84.686913,0.427621,0.536769,0.524323,-0.504092,
3657,1851373203,-9.098323,-3.520794,-2.895117,13.200696,-12.327390,83.507721,0.433498,0.542937,0.516271,-0.500768,
3658,1851389870,-7.271959,-4.232573,-3.433802,1.387973,-15.415865,72.557564,0.439684,0.547241,0.509682,-0.497426,
3659,1851406537,-5.705242,-5.211202,-3.557289,-8.787015,-21.467522,57.117924,0.445969,0.549262,0.504626,-0.494752,
3660,1851423204,-5.126536,-5.324869,-3.517828,-19.626104,-29.289095,41.582176,0.452545,0.548838,0.501050,-0.492883,
3661,1851439871,-5.249014,-3.702555,-2.650972,-24.935480,-28.466995,26.046408,0.458345,0.546963,0.499124,-0.491558,
3662,1851456538,-5.919509,-2.940542,-2.148539,-43.696751,-33.872730,4.827771,0.464488,0.541882,0.499843,-0.490690,
3663,1851473205,-6.347342,-3.257809,-1.870699,-72.231773,-45.819965,-21.089409,0.471844,0.532072,0.503776,-0.490384,
3664,1851489872,-7.876277,-3.387674,-2.463310,-83.970009,-46.186150,-53.160450,0.477746,0.518969,0.510898,-0.491343,
3665,1851506539,-12.118449,-7.389587,-3.671427,-29.937376,-33.246773,-96.843597,0.475365,0.507168,0.518226,-0.498252,
3666,1851523206,-9.617008,-9.351451,-1.237036,-6.237979,-27.979704,-110.717789,0.469705,0.496206,0.525090,-0.507387,
3667,1851539873,-7.812598,-5.627439,0.749033,-10.035188,4.999998,-105.915764,0.462029,0.487652,0.534003,-0.513390,
3668,1851556540,-9.819907,-1.979677,-1.589694,12.242254,19.798037,-115.064972,0.450813,0.480855,0.542750,-0.520550,
3669,1851573207,-10.356132,-1.164263,-2.446264,50.066174,25.157738,-135.171097,0.434835,0.475173,0.550185,-0.531441,
3670,1851589874,-11.706941,-1.533131,-1.026740,84.705719,33.214024,-156.783661,0.413895,0.470299,0.556625,-0.545602,
3671,1851606541,-13.980014,-3.487652,0.266959,54.745888,33.693298,-161.565613,0.394306,0.462955,0.565421,-0.557224,
3672,1851623208,-14.628289,-4.942419,-0.989065,9.362785,26.034473,-148.609116,0.379227,0.453187,0.576259,-0.564569,
3673,1851639875,-13.386001,-4.762293,-2.315074,-3.154675,29.179689,-136.000870,0.365571,0.443836,0.587204,-0.569704,
3674,1851656542,-12.452627,-3.050878,-1.681954,-17.850891,35.627838,-132.887894,0.352417,0.434318,0.599263,-0.572763,
3675,1851673209,-11.372289,-2.150603,-0.710269,-18.339277,46.958157,-131.746201,0.338251,0.425635,0.611616,-0.574761,
3676,1851689876,-9.983914,-2.386045,-0.095072,27.671335,56.847202,-129.827301,0.320370,0.420025,0.620220,-0.579891,
3677,1851706543,-9.151744,-3.474573,0.779711,73.619125,62.758396,-127.729416,0.299166,0.417033,0.624784,-0.588415,
3678,1851723210,-9.149088,-4.469268,-0.251084,77.026756,61.400425,-123.169579,0.278107,0.414260,0.628380,-0.596814,
3679,1851739877,-8.716275,-4.698916,-1.751938,66.481682,61.238686,-119.521591,0.257873,0.411170,0.632345,-0.603808,
3680,1851756544,-8.664006,-3.618046,-2.590259,49.025230,69.419487,-113.385330,0.238352,0.408519,0.637493,-0.608200,
3681,1851773211,-9.757297,-1.477247,-1.651396,32.179043,65.164749,-101.451561,0.221189,0.405857,0.643028,-0.610634,
3682,1851789878,-9.799551,0.461387,-1.320654,-1.621162,47.951828,-88.260857,0.208742,0.401701,0.650052,-0.610328,
3683,1851806545,-8.822266,1.606956,-1.014956,-20.285706,30.383390,-76.195885,0.200080,0.396484,0.657370,-0.608800,
3684,1851823212,-7.661704,2.314998,-1.857175,-44.551682,24.829138,-59.361263,0.194812,0.391622,0.665607,-0.604692,
3685,1851839879,-6.833966,1.425012,-2.409194,-71.627472,43.963783,-36.707047,0.191196,0.389807,0.675369,-0.596134,
3686,1851856546,-6.840699,-2.836246,0.884651,-42.337540,44.530418,-11.944646,0.187987,0.391236,0.681112,-0.589649,
3687,1851873213,-5.509192,-8.572713,1.297514,-24.374210,32.304565,3.078478,0.186244,0.393573,0.684081,-0.585193,
3688,1851889880,-5.247458,-10.281979,-2.548284,-40.485714,34.992016,15.194711,0.186177,0.396885,0.687765,-0.578622,
3689,1851906547,-5.684300,-8.225548,-7.890105,-48.626686,26.706175,33.401482,0.188925,0.401069,0.690805,-0.571177,
3690,1851923214,-6.989292,-8.212971,-8.073079,3.653728,30.600965,54.622162,0.189978,0.409111,0.688313,-0.568125,
3691,1851939881,-6.275029,-9.778238,-4.807750,48.356689,32.297955,51.849648,0.187952,0.418208,0.682270,-0.569463,
3692,1851956548,-5.525390,-7.702131,-2.936457,34.629528,26.641474,30.473145,0.185532,0.424302,0.678447,-0.570315,
3693,1851973215,-4.986076,-2.919569,-4.283381,71.410431,18.968987,22.384266,0.180911,0.429915,0.671803,-0.575438,
3694,1851989882,-3.905323,3.378559,1.126017,190.884399,39.222466,34.479912,0.167770,0.441344,0.654623,-0.590374,
3695,1852006549,-6.796736,6.415138,11.896645,37.440395,6.741866,65.355759,0.170143,0.448976,0.647533,-0.591758,
3696,1852023216,-13.891195,-13.759164,-13.351490,-389.067291,-52.534267,95.496704,0.208223,0.442990,0.672542,-0.555063,
3697,1852039883,-18.444141,-15.134056,-4.058836,119.821136,47.010094,50.314220,0.199748,0.455174,0.661112,-0.562007,
3698,1852056550,-14.100862,-3.334837,0.874879,82.945770,28.073498,1.220843,0.191467,0.459891,0.655211,-0.567929,
3699,1852073217,-10.861869,6.109990,0.785436,-17.932741,-17.192005,26.955875,0.196357,0.460469,0.654597,-0.566497,
3700,1852089884,-8.526609,4.780912,-0.706706,-45.092770,-20.167624,87.900215,0.208350,0.465776,0.651975,-0.560870,
3701,1852106551,-12.085562,0.964754,1.109609,-56.783512,-39.063091,91.976059,0.223212,0.469462,0.649299,-0.555155,
3702,1852123218,-14.394805,-4.682159,-1.584816,-68.482018,-52.305000,95.785667,0.240365,0.471915,0.646674,-0.548943,
3703,1852139885,-13.012696,-8.927743,-2.618021,-14.887465,-41.893391,110.854599,0.253987,0.478338,0.638892,-0.546355,
3704,1852156552,-9.787016,-7.222818,-2.220332,35.690845,-33.206650,118.217842,0.263788,0.487853,0.626699,-0.547420,
3705,1852173219,-7.906316,-2.447925,-2.271037,34.009758,-33.995571,117.364464,0.273624,0.496999,0.614460,-0.548237,
3706,1852189886,-7.281027,-0.703135,-2.934904,24.247322,-33.277687,129.515976,0.284974,0.506724,0.601932,-0.547452,
3707,1852206553,-6.248681,-2.573412,-3.358720,18.267815,-30.078838,144.917404,0.297590,0.517591,0.588624,-0.545037,
3708,1852223220,-5.925672,-4.072402,-2.954514,28.761951,-22.007029,149.127838,0.308918,0.529667,0.574239,-0.542472,
3709,1852239887,-6.712609,-4.886201,-2.147835,17.834003,-23.617119,137.532394,0.320169,0.539920,0.561279,-0.539396,
3710,1852256554,-7.804013,-4.840618,-1.939053,5.344327,-27.938044,121.875000,0.331407,0.547776,0.550123,-0.536171,
3711,1852273221,-8.741359,-4.234132,-1.721494,7.868321,-28.197544,112.376862,0.341623,0.554809,0.539350,-0.533467,
3712,1852289888,-9.677095,-3.868575,-2.173327,10.327997,-26.182995,100.869591,0.350504,0.561078,0.529279,-0.531231,
3713,1852306555,-10.000455,-3.973658,-3.229761,1.309953,-25.064629,85.384384,0.358770,0.565673,0.521124,-0.528896,
3714,1852323222,-10.395468,-4.508712,-3.752099,-13.557855,-21.634436,72.602005,0.366965,0.568708,0.515271,-0.525745,
3715,1852339889,-10.262200,-5.136739,-3.178495,-14.591891,-19.727587,67.048607,0.374636,0.571353,0.510001,-0.522596,
3716,1852356556,-8.519427,-7.085684,-2.793661,-37.056087,-20.494255,72.406075,0.384590,0.573041,0.505889,-0.517489,
3717,1852373223,-5.806329,-8.416399,-3.379434,-41.631313,-17.385809,79.604111,0.395175,0.575145,0.501617,-0.511301,
3718,1852389890,-3.879099,-8.339406,-4.245210,-32.115196,-10.971541,77.929581,0.404305,0.578058,0.497067,-0.505287,
3719,1852406557,-6.144324,-6.738262,-5.050766,17.209564,-0.811396,59.183418,0.407128,0.583197,0.491012,-0.503030,
3720,1852423224,-9.353689,-4.608091,-3.816765,44.917564,1.028203,39.021015,0.405963,0.588628,0.484715,-0.503753,
3721,1852439891,-9.958408,-2.806081,-2.384560,54.663734,1.799294,19.211538,0.402427,0.593253,0.479412,-0.506232,
3722,1852456558,-9.200222,-1.028387,-1.483081,38.234859,-11.948392,-1.411050,0.399728,0.594437,0.476270,-0.509934,
3723,1852473225,-7.543160,-0.237331,-1.997878,-14.213486,-37.310585,-30.216324,0.401167,0.588669,0.478014,-0.513849,
3724,1852489892,-7.369810,-0.756454,-0.424588,-100.528061,-66.482361,-58.654537,0.409810,0.573579,0.486837,-0.515807,
3725,1852506559,-7.278698,-2.402650,0.193773,-173.054398,-98.996269,-80.950844,0.424851,0.549758,0.500688,-0.516317,
3726,1852523226,-9.053879,-2.757115,0.044272,-157.797165,-92.121803,-108.326080,0.435702,0.524867,0.515520,-0.518577,
3727,1852539893,-14.164604,-3.821092,-2.694203,-61.960644,-70.458351,-151.717651,0.433983,0.503996,0.527386,-0.528692,
3728,1852556560,-12.300997,-7.361154,-1.640299,-62.739838,-52.791210,-143.869446,0.431292,0.484715,0.539518,-0.536621,
3729,1852573227,-8.857375,-7.350097,-0.643952,-30.009792,0.300749,-98.330315,0.425504,0.475004,0.548996,-0.540300,
3730,1852589894,-9.741041,-3.748275,-2.564689,21.562508,24.176512,-82.169090,0.415430,0.471555,0.554673,-0.545340,
3731,1852606561,-11.963493,-2.566573,-3.656071,23.733814,40.490818,-89.203026,0.403250,0.468870,0.561538,-0.549754,
3732,1852623228,-15.324437,-5.430067,-1.217403,58.151535,53.486996,-114.641144,0.385499,0.467016,0.567968,-0.557407,
3733,1852639895,-15.158756,-6.069485,0.861948,104.230583,56.881550,-121.138512,0.363612,0.467242,0.571000,-0.568712,
3734,1852656562,-12.794131,-4.428985,0.499544,120.368927,55.117092,-114.263634,0.341113,0.468449,0.571774,-0.580754,
3735,1852673229,-11.279088,-2.694080,0.375062,116.715874,52.822922,-121.311676,0.318234,0.468386,0.572846,-0.592616,
3736,1852689896,-10.917120,-2.229098,0.098351,96.197609,43.939514,-142.710007,0.295437,0.464510,0.576347,-0.603967,
3737,1852706563,-10.868348,-1.366274,-0.246929,65.938950,35.075981,-156.050079,0.274060,0.457131,0.582645,-0.613555,
3738,1852723230,-9.748405,-0.724446,-0.858085,25.806665,28.609411,-147.758759,0.256483,0.448017,0.591381,-0.619491,
3739,1852739897,-8.625587,0.726853,-1.008306,-15.487293,18.974808,-132.073654,0.243725,0.437643,0.602191,-0.621640,
3740,1852756564,-6.574355,0.430228,-0.678173,-58.241966,5.453571,-127.398972,0.235197,0.424764,0.615842,-0.620484,
3741,1852773231,-5.710608,-0.235626,-0.383788,-83.909172,4.045722,-123.603241,0.228617,0.411027,0.631246,-0.616704,
3742,1852789898,-6.489512,-1.925336,-0.186351,-87.513771,3.665094,-110.382210,0.223369,0.398163,0.645881,-0.611893,
3743,1852806565,-7.493515,-2.234650,-0.938029,-93.580658,7.892716,-93.721886,0.219468,0.386882,0.659967,-0.605479,
3744,1852823232,-8.086657,-0.857718,-2.498281,-119.014725,12.198642,-69.107925,0.218666,0.377377,0.674781,-0.595354,
3745,1852839899,-7.427868,-0.695939,-2.736772,-121.353500,24.118979,-42.690697,0.219026,0.371276,0.688463,-0.583270,
3746,1852856566,-6.584770,-2.782178,-0.674024,-79.791252,28.386387,-17.411983,0.218801,0.369295,0.697206,-0.574156,
3747,1852873233,-5.176397,-6.529346,-0.066474,-51.453644,23.397484,5.065180,0.219411,0.370035,0.702135,-0.567401,
3748,1852889900,-4.360840,-7.641546,-2.027700,-50.153442,8.582736,22.645172,0.222901,0.371363,0.705489,-0.560976,
3749,1852906567,-4.891487,-4.368418,-4.858721,-30.679247,-4.381453,41.310020,0.228177,0.374157,0.705783,-0.556611,
3750,1852923234,-6.421073,-2.794160,-5.442369,10.835623,0.150010,67.043602,0.232794,0.381310,0.701415,-0.555366,
3751,1852939901,-6.244802,-4.550404,-4.557330,42.578640,4.880640,76.996399,0.235944,0.390887,0.694003,-0.556688,
3752,1852956568,-6.152991,-5.935086,-5.479779,8.896317,5.385853,70.990662,0.240440,0.398693,0.689587,-0.554714,
3753,1852973235,-6.531970,-6.390424,-4.698753,30.623478,11.497226,70.308479,0.242980,0.407638,0.683593,-0.554525,
3754,1852989902,-7.366333,-5.364674,0.218950,119.157272,34.739311,81.391434,0.238783,0.422569,0.670425,-0.561206,
3755,1853006569,-18.602386,-14.807985,0.287672,-98.118149,29.587372,91.235229,0.249144,0.430312,0.673921,-0.546437,
3756,1853023236,-15.921031,-14.386950,-5.431084,241.082214,34.336884,45.397575,0.233959,0.445865,0.652933,-0.565818,
3757,1853039903,-8.505118,1.012280,3.612113,148.563568,31.674938,-4.334610,0.220724,0.452934,0.642112,-0.577779,
3758,1853056570,-8.647053,9.689156,5.199035,23.606535,-15.416990,34.007473,0.223285,0.455497,0.637583,-0.579792,
3759,1853073237,-9.437978,8.356558,-1.841199,-45.470791,-37.279533,91.315712,0.237255,0.459225,0.634280,-0.574905,
3760,1853089904,-15.117294,7.309804,-0.620829,-62.413742,-48.312256,81.816795,0.252522,0.460454,0.632484,-0.569370,
3761,1853106571,-18.587492,0.767260,-2.350065,-104.627716,-60.044685,76.557655,0.271177,0.458520,0.633882,-0.560732,
3762,1853123238,-15.066439,-6.629846,-3.793421,-104.253571,-67.834671,105.549347,0.292758,0.458413,0.632694,-0.551228,
3763,1853139905,-8.525413,-7.559371,-2.864602,-66.975540,-54.118114,131.858429,0.312544,0.463167,0.627009,-0.542823,
3764,1853156572,-6.363963,-4.972788,-0.769401,-4.215961,-40.329277,130.202728,0.326573,0.471502,0.616825,-0.539043,
3765,1853173239,-6.368060,-3.661477,-0.213727,37.196327,-35.878212,128.259048,0.337083,0.481795,0.603499,-0.538556,
3766,1853189906,-6.674629,-3.129257,-0.406779,53.959770,-31.729370,134.184753,0.346375,0.493550,0.588392,-0.538731,
3767,1853206573,-7.573592,-3.008903,-0.761962,43.398384,-26.392984,136.567780,0.356001,0.505175,0.573949,-0.537260,
3768,1853223240,-8.955385,-2.694529,-1.695599,32.088360,-22.947458,124.919273,0.365119,0.515311,0.561197,-0.534982,
3769,1853239907,-9.875388,-1.102684,-2.466974,18.994848,-18.519526,108.490021,0.373467,0.523598,0.550758,-0.532012,
3770,1853256574,-10.723363,0.200126,-2.255275,-10.979758,-25.418064,99.570602,0.383872,0.528885,0.542813,-0.527524,
3771,1853273241,-9.702753,-1.771060,-2.408621,-47.118603,-39.388638,84.611382,0.396926,0.529784,0.537890,-0.521974,
3772,1853289908,-7.975743,-4.333465,-2.742360,-62.003468,-40.814919,65.267479,0.409685,0.528088,0.535390,-0.516375,
3773,1853306575,-8.513348,-5.042408,-2.253729,-57.442566,-37.171860,54.863571,0.420954,0.526031,0.533467,-0.511378,
3774,1853323242,-10.201504,-4.343343,-1.678207,-44.596745,-32.956665,54.486240,0.430823,0.524969,0.530800,-0.507005,
3775,1853339909,-10.998443,-3.354006,-1.672684,-31.193460,-28.076284,60.866940,0.439711,0.525536,0.526902,-0.502836,
3776,1853356576,-10.515450,-3.311745,-2.088100,-22.484861,-25.960075,67.826080,0.448229,0.527288,0.521910,-0.498670,
3777,1853373243,-9.826162,-4.153670,-2.456447,-27.492405,-30.652664,69.650032,0.457562,0.528445,0.516771,-0.494302,
3778,1853389910,-8.897957,-5.655860,-3.351377,-35.450668,-40.569065,61.763115,0.467622,0.527694,0.512081,-0.490557,
3779,1853406577,-8.257998,-6.500556,-4.093832,-33.533737,-42.828678,51.205730,0.476889,0.526059,0.507848,-0.487784,
3780,1853423244,-7.869854,-7.005836,-4.517181,-35.086514,-43.285652,41.899231,0.485595,0.523540,0.504353,-0.485526,
3781,1853439911,-6.765317,-6.581683,-4.226195,-25.285843,-38.629459,29.864759,0.492322,0.521116,0.501373,-0.484444,
3782,1853456578,-6.102546,-4.747614,-3.074038,-32.598923,-24.616190,5.086642,0.496809,0.517324,0.501768,-0.483518,
3783,1853473245,-5.342310,-4.393101,-2.394601,-57.810448,-22.085274,-26.341019,0.500764,0.509559,0.506451,-0.482801,
3784,1853489912,-5.436453,-5.903958,-2.442453,-56.901951,-27.222391,-58.902637,0.502677,0.499034,0.513044,-0.484840,
3785,1853506579,-8.198414,-6.191386,-1.214875,-58.458263,-27.089302,-95.086899,0.502027,0.485593,0.522270,-0.489291,
3786,1853523246,-11.832834,-7.701476,-2.006012,-38.135853,-23.649817,-133.915817,0.496736,0.470757,0.532858,-0.497703,
3787,1853539913,-10.163527,-6.327652,-1.433281,-29.182140,-13.477711,-143.322876,0.489137,0.456362,0.543939,-0.506570,
3788,1853556580,-10.207191,-3.381720,-0.234393,-35.635948,23.636003,-141.831055,0.478910,0.444145,0.557781,-0.512118,
3789,1853573247,-11.868277,-1.675097,-1.344041,-15.949786,40.309990,-144.725967,0.465609,0.434089,0.571236,-0.518139,
3790,1853589914,-12.662581,-1.620437,-2.383466,44.647617,55.054157,-144.763474,0.447010,0.429017,0.580823,-0.527993,
3791,1853606581,-12.954319,-3.756668,-1.604697,75.811615,78.744026,-134.098587,0.425015,0.428432,0.588541,-0.537989,
3792,1853623248,-13.672232,-6.401858,-1.494062,55.267292,72.904594,-119.658836,0.405688,0.427113,0.596274,-0.545393,
3793,1853639915,-12.404240,-6.763190,-1.526171,45.658661,73.557617,-112.254974,0.387300,0.425723,0.604071,-0.551235,
3794,1853656582,-11.553045,-3.330647,-0.242994,53.349648,77.332542,-117.598892,0.367496,0.424403,0.611517,-0.557566,
3795,1853673249,-11.744547,-0.099931,0.647349,65.321304,80.315781,-132.075897,0.345314,0.422444,0.618708,-0.565246,
3796,1853689916,-11.309887,0.139691,0.845593,96.825584,83.015350,-144.747467,0.319672,0.420853,0.623789,-0.575834,
3797,1853706583,-11.101062,-0.596811,0.892317,122.645462,80.490105,-143.744995,0.292493,0.419984,0.625996,-0.588382,
3798,1853723250,-10.177181,-0.910436,0.473962,96.177261,72.323914,-132.006638,0.268448,0.418027,0.628907,-0.598055,
3799,1853739917,-8.888670,-1.738766,-1.358449,40.241413,65.552116,-118.949890,0.249409,0.414258,0.635271,-0.602179,
3800,1853756584,-8.270712,-2.004251,-2.050153,17.729750,67.902031,-107.455750,0.232418,0.410777,0.642748,-0.603426,
3801,1853773251,-9.155075,-0.569940,-1.682932,6.768008,66.554108,-91.807365,0.217507,0.408140,0.650000,-0.603006,
3802,1853789918,-9.452928,1.458290,-0.765700,-10.610046,45.959381,-72.665733,0.207206,0.404865,0.656843,-0.601425,
3803,1853806585,-9.166116,3.563147,-2.605419,-83.543358,36.524467,-52.182907,0.203853,0.400444,0.668439,-0.592691,
3804,1853823252,-8.555878,4.495273,-2.246732,-127.285522,26.182093,-22.923351,0.206514,0.396556,0.681588,-0.579255,
3805,1853839919,-7.401576,0.833161,1.701649,-91.318748,18.272642,8.880587,0.210510,0.396126,0.689443,-0.568720,
3806,1853856586,-3.947238,-8.406073,5.678372,1.081339,6.418896,24.680830,0.211658,0.399089,0.688310,-0.567594,
3807,1853873253,-2.198388,-11.504922,-1.484438,-63.155201,-3.430162,28.279463,0.217805,0.399598,0.691927,-0.560467,
3808,1853889920,-2.958880,-7.027957,-8.985081,-69.763092,-3.688147,40.697369,0.225346,0.401076,0.695271,-0.552231,
3809,1853906587,-5.417504,-5.042727,-6.186944,19.483601,15.200204,58.065693,0.227139,0.408709,0.690979,-0.551287,
3810,1853923254,-5.584503,-5.702362,-4.152756,21.841183,13.102695,51.793259,0.228483,0.415591,0.686750,-0.550870,
3811,1853939921,-6.380336,-5.815235,-7.525622,-25.320213,2.615148,40.997021,0.232846,0.418964,0.686566,-0.546703,
3812,1853956588,-10.664257,-11.401752,-4.754913,23.343695,22.071131,34.752338,0.231792,0.424888,0.683520,-0.546394,
3813,1853973255,-16.635719,-18.601503,-4.737886,180.029694,93.785332,5.469292,0.211495,0.438686,0.671939,-0.557966,
3814,1853989922,-12.706375,-0.071319,7.760932,196.530075,11.186041,-32.819000,0.194927,0.442171,0.658347,-0.577124,
3815,1854006589,-12.204494,9.505445,0.560125,66.964996,-1.225062,10.406678,0.191419,0.444875,0.652186,-0.583183,
3816,1854023256,-9.039445,6.543478,-1.140584,-74.542839,-39.020023,80.180038,0.206539,0.446970,0.652337,-0.576212,
3817,1854039923,-10.265055,2.413706,0.146485,-18.775152,-24.162567,88.792030,0.217303,0.452701,0.647549,-0.573172,
3818,1854056590,-14.961805,-1.925802,-1.037758,-48.143749,-25.591473,69.946953,0.228528,0.455534,0.646291,-0.567957,
3819,1854073257,-17.870476,-4.889760,-2.566191,-31.968376,-31.059473,79.788132,0.239973,0.459302,0.642754,-0.564203,
3820,1854089924,-13.344456,-3.050807,-2.990238,-39.863438,-37.408623,79.966660,0.252512,0.462208,0.639513,-0.560026,
3821,1854106591,-10.099190,-0.671353,-2.374885,-26.541531,-35.997475,80.638260,0.264033,0.465695,0.635075,-0.556864,
3822,1854123258,-8.392739,0.356969,-3.052314,-49.163574,-41.715343,93.023331,0.278561,0.468893,0.631271,-0.551402,
3823,1854139925,-7.607259,-1.281564,-3.081676,-55.021805,-44.223469,109.155571,0.294927,0.472989,0.626540,-0.544749,
3824,1854156592,-8.042253,-3.595896,-3.294067,-45.352188,-39.194344,121.453430,0.311037,0.478846,0.620183,-0.537903,
3825,1854173259,-9.201862,-5.092109,-2.371242,-34.010197,-35.992130,123.758141,0.326131,0.485496,0.612691,-0.531551,
3826,1854189926,-8.774356,-5.051777,-2.046928,-23.800299,-37.652523,121.881393,0.340390,0.492159,0.604244,-0.526124,
3827,1854206593,-7.682351,-3.756371,-1.327615,-10.645492,-38.929783,116.782524,0.353316,0.498764,0.594892,-0.522024,
3828,1854223260,-7.897775,-2.570786,-1.279462,-2.226154,-40.251774,107.419006,0.364931,0.504746,0.585338,-0.519076,
3829,1854239927,-8.722327,-2.037318,-1.425785,1.896445,-40.535168,97.359085,0.375418,0.509942,0.576050,-0.516905,
3830,1854256594,-9.760128,-1.893771,-1.915383,-4.665289,-42.920563,90.780731,0.386014,0.513938,0.567488,-0.514608,
3831,1854273261,-10.432656,-1.631335,-2.175050,-16.856035,-45.890079,84.067268,0.397187,0.516371,0.560060,-0.511801,
3832,1854289928,-10.358601,-1.828474,-2.199191,-37.870361,-48.351994,79.825272,0.409743,0.516957,0.554260,-0.507608,
3833,1854306595,-9.689466,-2.830055,-2.319064,-52.035217,-53.079155,75.803009,0.423357,0.515911,0.549403,-0.502757,
3834,1854323262,-9.246110,-4.118224,-2.529585,-57.786674,-52.386772,72.760536,0.437026,0.514197,0.545110,-0.497463,
3835,1854339929,-9.423279,-4.574091,-2.307032,-50.565674,-49.993916,71.051193,0.449742,0.512865,0.540453,-0.492561,
3836,1854356596,-9.682114,-4.957249,-2.544702,-41.661629,-44.308041,70.257248,0.461202,0.512360,0.535486,-0.487893,
3837,1854373263,-9.779558,-5.760063,-2.658100,-27.881361,-37.335434,74.671593,0.471326,0.513531,0.529591,-0.483400,
3838,1854389930,-8.774996,-6.401162,-2.999315,-18.542406,-30.659168,82.229172,0.480692,0.516310,0.522848,-0.478533,
3839,1854406597,-6.584891,-7.519415,-4.017084,-14.000422,-29.520184,84.585121,0.489713,0.519578,0.515606,-0.473682,
3840,1854423264,-5.862318,-8.157859,-4.985826,-5.787195,-24.326376,72.903160,0.496845,0.522838,0.508979,-0.469819,
3841,1854439931,-7.517220,-7.687315,-4.761024,-1.177173,-18.966087,53.652874,0.501867,0.525323,0.503843,-0.467239,
3842,1854456598,-7.692819,-6.360041,-3.740058,-11.130899,-27.244730,29.570498,0.506591,0.524727,0.500598,-0.466297,
3843,1854473265,-6.056355,-4.748166,-3.760489,-15.191200,-30.900009,-3.143204,0.509656,0.521186,0.499842,-0.467737,
3844,1854489932,-7.409957,-4.099700,-3.470822,-24.938025,-18.616293,-46.006069,0.509625,0.514619,0.503888,-0.470692,
3845,1854506599,-9.379875,-6.210253,-2.789589,-17.453787,-15.116191,-95.235405,0.505335,0.505166,0.511297,-0.477518,
3846,1854523266,-8.314517,-6.893990,-2.126383,4.274949,-33.832283,-119.819321,0.498994,0.494044,0.517490,-0.489013,
3847,1854539933,-9.068433,-4.545261,-1.313758,-31.887289,-7.222846,-130.813873,0.492283,0.481182,0.528790,-0.496494,
3848,1854556600,-12.669376,-0.491532,-0.934074,-51.888638,21.421129,-146.733109,0.483391,0.467508,0.544454,-0.501342,
3849,1854573267,-14.591727,1.170506,-0.221391,-50.947647,44.087944,-152.221085,0.471964,0.454854,0.561707,-0.504824,
3850,1854589934,-15.185781,-1.455541,-0.035576,-29.183613,44.932625,-146.856735,0.459157,0.443937,0.576748,-0.509374,
3851,1854606601,-15.045288,-4.458145,-1.716095,28.960495,54.910069,-131.347504,0.442682,0.438723,0.586861,-0.516869,
3852,1854623268,-13.603542,-6.435062,-1.775371,36.051598,47.068420,-110.437691,0.427817,0.434986,0.594368,-0.523918,
3853,1854639935,-11.063429,-7.579391,-1.493943,35.332714,57.423935,-100.254311,0.412738,0.432730,0.601735,-0.529444,
3854,1854656602,-10.139646,-5.815534,-0.292570,54.976173,69.045921,-105.643646,0.394839,0.431918,0.608408,-0.536090,
3855,1854673269,-10.369423,-3.017596,0.535837,83.222038,74.477432,-117.031273,0.373606,0.431933,0.613610,-0.545288,
3856,1854689936,-10.412384,-1.165060,0.785115,127.496887,76.674538,-129.334503,0.348161,0.433129,0.615765,-0.558588,
3857,1854706603,-10.076063,-0.307893,1.207226,153.600403,72.523354,-137.309418,0.320477,0.434195,0.615522,-0.574375,
3858,1854723270,-9.726135,-0.472007,0.347898,127.817390,63.606766,-136.962204,0.294952,0.432943,0.616423,-0.587870,
3859,1854739937,-9.760175,-0.884155,-1.085003,82.620766,55.968407,-128.780273,0.273450,0.429528,0.619911,-0.597030,
3860,1854756604,-9.462577,-0.488014,-2.214858,35.961754,50.211353,-116.712509,0.256301,0.424644,0.626173,-0.601580,
3861,1854773271,-9.903848,0.270323,-1.925981,-5.168293,43.499508,-99.084854,0.243765,0.419111,0.634496,-0.601950,
3862,1854789938,-9.802801,2.122266,-1.284035,-43.285561,29.204222,-81.513809,0.236355,0.412501,0.644429,-0.598911,
3863,1854806605,-9.184544,3.529528,-2.191448,-112.563126,15.773973,-62.738129,0.235930,0.403983,0.658624,-0.589366,
3864,1854823272,-8.297933,3.733337,-2.617857,-163.914093,7.970157,-37.810879,0.241294,0.395228,0.675166,-0.574219,
3865,1854839939,-7.450056,2.375951,-0.288351,-154.034439,7.870977,-8.718758,0.248396,0.389448,0.688829,-0.558702,
3866,1854856606,-5.276956,-3.918574,3.263845,-75.059120,2.654024,17.646757,0.253614,0.388615,0.694172,-0.550261,
3867,1854873273,-2.322457,-10.319024,3.164674,-39.288807,1.859134,32.674492,0.258070,0.390520,0.695710,-0.544873,
3868,1854889940,-1.850158,-11.422309,-5.066920,-56.837337,-14.252280,44.673737,0.266080,0.391668,0.697292,-0.538131,
3869,1854906607,-3.671030,-5.062143,-9.887948,-6.011163,0.413939,61.266586,0.270979,0.397575,0.694454,-0.535015,
3870,1854923274,-6.645179,-3.156092,-5.548749,65.983879,12.681544,75.777100,0.271563,0.408683,0.685561,-0.537812,
3871,1854939941,-6.558935,-5.764102,-5.068009,37.320049,6.675478,57.460503,0.272976,0.416301,0.679657,-0.538747,
3872,1854956608,-6.490790,-7.425240,-5.140195,19.488438,7.277295,34.679592,0.273606,0.420979,0.676511,-0.538752,
3873,1854973275,-13.354857,-17.195047,-3.782773,51.016781,68.587601,14.913446,0.264696,0.429731,0.674480,-0.538840,
3874,1854989942,-17.062668,-12.899367,3.544678,378.076294,105.801437,-43.775345,0.226655,0.447478,0.650764,-0.570000,
3875,1855006609,-12.501856,8.579865,4.262632,56.661453,-18.700544,-61.350502,0.219449,0.441880,0.649597,-0.578456,
3876,1855023276,-10.671873,16.046360,0.380175,-25.962990,-33.377609,21.807024,0.225919,0.440224,0.649499,-0.577337,
3877,1855039943,-12.171744,7.483417,-1.355712,-68.722794,-24.573050,86.183090,0.239672,0.443918,0.649056,-0.569407,
3878,1855056610,-16.033636,3.406338,-2.105076,-77.656555,-51.122597,79.157753,0.255860,0.444314,0.648691,-0.562427,
3879,1855073277,-17.781401,-6.265217,-2.915307,-79.871033,-46.537285,92.463989,0.272766,0.446111,0.647600,-0.554258,
3880,1855089944,-13.195582,-9.251158,-3.169638,-20.279236,-40.771889,103.936386,0.286103,0.451679,0.640988,-0.550699,
3881,1855106611,-8.541043,-5.779111,-3.171318,13.767128,-28.346558,102.523987,0.295861,0.459414,0.632097,-0.549420,
3882,1855123278,-7.574809,0.114089,-1.518222,32.488628,-22.520653,101.434059,0.303674,0.468210,0.621883,-0.549387,
3883,1855139945,-8.163401,2.142844,-1.595662,6.163851,-30.277092,111.154266,0.314679,0.475982,0.612608,-0.546931,
3884,1855156612,-8.980147,0.491339,-1.425180,-10.327932,-35.359169,115.413406,0.327529,0.482839,0.603940,-0.543003,
3885,1855173279,-10.583948,-2.049547,-0.700605,-30.205101,-40.310776,111.514160,0.341802,0.487868,0.596694,-0.537696,
3886,1855189946,-11.047620,-3.887781,-0.950958,-50.418549,-52.120182,102.175339,0.357696,0.490003,0.590914,-0.531766,
3887,1855206613,-9.659734,-4.303291,-1.388097,-58.054028,-57.140884,92.662079,0.373716,0.490376,0.585952,-0.525863,
3888,1855223280,-8.890711,-3.101858,-1.638607,-45.280251,-50.800514,83.717819,0.387495,0.491030,0.580832,-0.520937,
3889,1855239947,-8.512753,-2.603093,-1.761693,-39.078014,-45.735386,75.071342,0.399665,0.491581,0.576020,-0.516547,
3890,1855256614,-8.293085,-3.093692,-1.825235,-30.617538,-42.054054,70.091240,0.410478,0.492397,0.571043,-0.512803,
3891,1855273281,-8.769953,-3.092111,-1.795351,-25.545862,-37.325859,69.142303,0.420403,0.493716,0.565953,-0.509123,
3892,1855289948,-9.039214,-2.974869,-1.623047,-25.676456,-38.409557,70.892006,0.430495,0.495021,0.560601,-0.505331,
3893,1855306615,-9.031553,-2.660076,-1.426521,-23.826689,-36.885921,72.254089,0.440367,0.496591,0.555028,-0.501420,
3894,1855323282,-9.079009,-3.094412,-1.615174,-23.262110,-33.622097,72.373550,0.449879,0.498374,0.549535,-0.497240,
3895,1855339949,-8.783680,-3.931819,-1.774087,-28.557299,-31.054050,76.228752,0.459781,0.500229,0.544233,-0.492125,
3896,1855356616,-8.363688,-4.851255,-2.516304,-37.323639,-31.633308,79.461380,0.470520,0.501629,0.539194,-0.486059,
3897,1855373283,-7.058492,-6.217570,-3.402613,-38.291786,-34.612640,78.445168,0.481405,0.502580,0.533997,-0.480118,
3898,1855389950,-6.410201,-7.042775,-3.738867,-15.253183,-29.492710,69.734276,0.489526,0.504749,0.528107,-0.476130,
3899,1855406617,-7.895932,-6.652125,-3.440710,13.230222,-24.127108,55.836388,0.494130,0.508199,0.521598,-0.474878,
3900,1855423284,-8.194811,-5.481880,-3.276478,14.962291,-25.100451,42.555981,0.497729,0.510665,0.515847,-0.474755,
3901,1855439951,-7.667268,-4.637722,-2.688881,1.292824,-23.558558,18.278784,0.500532,0.510409,0.512940,-0.475234,
3902,1855456618,-6.927953,-4.727696,-3.056525,-7.029813,-27.303038,-11.420304,0.502168,0.507063,0.512532,-0.477523,
3903,1855473285,-6.940578,-4.345291,-3.729644,-29.393877,-34.325985,-39.699421,0.503988,0.499462,0.515227,-0.480706,
3904,1855489952,-10.543813,-5.723999,-4.486839,-47.572922,-30.879135,-75.974449,0.504263,0.487983,0.522012,-0.484870,
3905,1855506619,-10.610527,-7.931814,-2.819977,-15.766262,-37.469757,-102.397408,0.500800,0.476254,0.527828,-0.493743,
3906,1855523286,-8.521706,-5.413115,0.921311,-38.101120,-10.144777,-112.645378,0.495905,0.463937,0.537799,-0.499616,
3907,1855539953,-10.764309,-1.459535,0.168503,-47.069115,25.031122,-129.643982,0.487446,0.452028,0.551908,-0.503456,
3908,1855556620,-12.835124,-0.583443,-1.382218,-35.743690,31.448814,-145.419312,0.476344,0.439914,0.566422,-0.508667,
3909,1855573287,-13.574352,-2.029766,-1.393837,3.005747,36.662605,-151.264175,0.461655,0.430162,0.578513,-0.516877,
3910,1855589954,-13.905639,-4.257068,-1.386691,50.693359,59.661743,-133.016739,0.443180,0.426653,0.587120,-0.526168,
3911,1855606621,-13.815249,-5.538557,-1.360153,44.060589,63.576439,-101.236809,0.427022,0.425544,0.594262,-0.532373,
3912,1855623288,-12.551807,-5.609172,-1.421997,4.173626,60.068333,-89.446426,0.414418,0.422576,0.603365,-0.534454,
3913,1855639955,-11.048490,-4.316382,-0.650715,0.483467,60.415031,-93.777412,0.401564,0.418921,0.612883,-0.536311,
3914,1855656622,-10.141356,-1.927353,0.195074,37.711910,68.965538,-99.030396,0.385145,0.417509,0.620127,-0.541106,
3915,1855673289,-9.683942,-0.792920,1.173923,85.360123,77.549942,-104.335663,0.364476,0.418782,0.624154,-0.549741,
3916,1855689956,-8.799269,-1.220233,1.618227,129.943329,76.016144,-108.589973,0.340664,0.421647,0.624401,-0.562395,
3917,1855706623,-7.924380,-1.811742,1.225479,133.608658,73.028206,-110.607376,0.316481,0.423951,0.623858,-0.575248,
3918,1855723290,-7.423560,-2.571820,-1.180308,83.608406,69.707932,-107.361160,0.295755,0.423705,0.626751,-0.583258,
3919,1855739957,-7.735438,-1.856834,-2.473406,63.105244,72.025314,-98.251404,0.276719,0.423411,0.630637,-0.588600,
3920,1855756624,-8.780308,-0.274827,-2.419511,37.124802,66.522331,-87.260162,0.260633,0.422461,0.635629,-0.591250,
3921,1855773291,-9.875901,1.725875,-1.511793,3.022216,47.932816,-70.651741,0.249731,0.420062,0.641683,-0.591125,
3922,1855789958,-10.305644,3.067100,-1.410176,-55.592381,28.632683,-53.761951,0.245626,0.415386,0.650944,-0.586003,
3923,1855806625,-9.990205,3.570534,-1.786440,-111.651756,3.495770,-34.466427,0.248880,0.408301,0.662771,-0.576270,
3924,1855823292,-8.594500,2.495624,-1.248662,-133.657745,-2.001030,-15.732030,0.255458,0.401627,0.674904,-0.563866,
3925,1855839959,-7.581975,-1.700923,1.800500,-86.054459,-2.773032,7.527296,0.261171,0.398833,0.681560,-0.555160,
3926,1855856626,-5.101220,-7.644734,0.376345,-92.875992,2.806146,19.449423,0.267645,0.397341,0.688165,-0.544904,
3927,1855873293,-4.559893,-12.888865,-3.747125,-95.659935,7.754313,32.436943,0.274757,0.397350,0.694291,-0.533466,
3928,1855889960,-5.108658,-12.661829,-6.940711,-36.312416,10.849429,29.979425,0.277897,0.399668,0.695986,-0.527870,
3929,1855906627,-6.597919,-7.492367,-7.340424,23.364265,22.350597,27.894281,0.276229,0.405051,0.693656,-0.527708,
3930,1855923294,-7.793109,-4.797422,-6.260728,57.805573,32.996346,28.989052,0.271520,0.412715,0.688997,-0.530311,
3931,1855939961,-7.323465,-4.440619,-5.318988,53.688976,23.947805,21.591902,0.267369,0.418739,0.684677,-0.533284,
3932,1855956628,-8.574206,-5.847353,-3.038666,56.436646,14.757979,19.873735,0.263810,0.423953,0.679838,-0.537115,
3933,1855973295,-10.174709,-11.103106,-5.330667,121.192215,51.647072,16.531507,0.252291,0.434107,0.671409,-0.545081,
3934,1855989962,-11.563123,-3.978383,5.197111,342.346954,116.345222,-12.450109,0.217811,0.453986,0.648610,-0.570758,
3935,1856006629,-13.781247,1.901022,2.517618,28.651615,-8.083765,-6.861114,0.215930,0.453501,0.646625,-0.574100,
3936,1856023296,-11.334820,10.550117,1.792663,4.683677,-23.453945,36.222694,0.220671,0.455020,0.643297,-0.574834,
3937,1856039963,-13.200737,6.790932,-2.306460,-58.303936,-29.685434,79.528740,0.233760,0.457993,0.642084,-0.568622,
3938,1856056630,-14.601747,3.202484,-1.800929,-76.336884,-46.854431,93.155724,0.250718,0.460078,0.640687,-0.561242,
3939,1856073297,-14.438853,-2.984444,-2.240419,-69.418808,-46.368385,105.703659,0.268104,0.463459,0.637669,-0.553813,
3940,1856089964,-11.677620,-5.591455,-2.994749,-57.354733,-47.132164,111.620949,0.285126,0.467623,0.633010,-0.547115,
3941,1856106631,-9.087983,-5.305391,-2.569380,-31.129961,-42.891052,113.092323,0.299991,0.473185,0.626119,-0.542292,
3942,1856123298,-8.459656,-1.865798,-2.001281,-4.284551,-39.398514,115.623291,0.312796,0.480275,0.616892,-0.539391,
3943,1856139965,-8.673916,0.113889,-1.822508,-12.995807,-42.557121,120.669708,0.326787,0.487017,0.607652,-0.535525,
3944,1856156632,-9.498129,0.034771,-1.159675,-29.548286,-47.752209,125.341034,0.342655,0.492804,0.598901,-0.530145,
3945,1856173299,-10.488614,-1.358596,-1.137844,-47.479343,-53.817963,122.644844,0.359991,0.496795,0.591180,-0.523557,
3946,1856189966,-11.256274,-2.961375,-1.521931,-58.615093,-59.523556,113.229286,0.377756,0.498752,0.584442,-0.516700,
3947,1856206633,-10.269439,-4.393414,-1.982521,-45.993431,-57.313408,101.002945,0.393360,0.500346,0.577549,-0.511237,
3948,1856223300,-9.099279,-4.608748,-1.846961,-31.091421,-49.292934,89.569527,0.406245,0.502288,0.570678,-0.506954,
3949,1856239967,-8.426996,-3.769560,-2.327910,-16.798151,-42.120338,78.195602,0.416570,0.504558,0.563893,-0.503904,
3950,1856256634,-8.777089,-2.527056,-1.976023,-10.772553,-35.482834,71.972603,0.425389,0.507093,0.557441,-0.501163,
3951,1856273301,-9.378120,-2.043024,-1.291248,-12.978765,-35.467522,67.453163,0.433985,0.509062,0.551414,-0.498457,
3952,1856289968,-9.639713,-2.235977,-1.227309,-17.440115,-37.077702,63.424911,0.442697,0.510249,0.545841,-0.495708,
3953,1856306635,-9.536471,-2.946883,-1.765579,-23.153242,-38.396255,59.386795,0.451596,0.510593,0.540834,-0.492808,
3954,1856323302,-8.730035,-3.840958,-2.145334,-21.122940,-37.653728,59.785774,0.460262,0.511098,0.535639,-0.489931,
3955,1856339969,-8.009919,-4.240938,-1.863465,-26.969162,-32.342354,62.751633,0.469108,0.511762,0.530937,-0.485949,
3956,1856356636,-7.471931,-5.617352,-2.362706,-28.385345,-29.325352,62.413258,0.477747,0.512458,0.526506,-0.481602,
3957,1856373303,-6.489129,-7.465767,-3.476064,-12.466392,-25.844093,54.367050,0.484322,0.513838,0.521752,-0.478729,
3958,1856389970,-6.702672,-8.333117,-3.766490,11.735197,-17.809944,42.054607,0.487591,0.516516,0.516771,-0.477931,
3959,1856406637,-7.231454,-8.113662,-4.064999,31.401249,-13.800943,31.073492,0.488294,0.520020,0.511512,-0.479070,
3960,1856423304,-6.540490,-6.954185,-3.401789,35.045265,-11.488401,18.662041,0.487664,0.522999,0.507085,-0.481170,
3961,1856439971,-6.210519,-5.296708,-2.317034,14.700019,-8.001145,-2.180565,0.486854,0.523232,0.505907,-0.482974,
3962,1856456638,-5.030035,-4.823245,-2.177115,-3.318296,-17.349375,-33.996395,0.485857,0.519180,0.507746,-0.486408,
3963,1856473305,-3.558251,-6.004720,-2.500820,-43.704056,-46.546249,-74.799271,0.487120,0.507133,0.513400,-0.491889,
3964,1856489972,-4.706996,-5.934341,-2.439525,-86.996918,-63.624798,-120.763908,0.489372,0.487170,0.524135,-0.498465,
3965,1856506639,-11.288154,-7.086345,-5.486291,-33.631161,-41.043819,-182.713348,0.481303,0.467593,0.536648,-0.511583,
3966,1856523306,-13.017056,-7.831087,-4.270110,52.704739,-17.630175,-207.750336,0.463246,0.453434,0.545607,-0.531148,
3967,1856539973,-13.187947,-5.194683,0.909941,48.264240,41.472614,-162.110687,0.443934,0.446789,0.555435,-0.542953,
3968,1856556640,-16.039579,-0.290377,0.597874,13.910932,63.060425,-126.492661,0.427679,0.442263,0.566753,-0.547985,
3969,1856573307,-18.443506,-1.379176,-3.966775,-41.667610,54.279552,-133.275482,0.414986,0.432817,0.582128,-0.549169,
3970,1856589974,-19.683464,-4.363461,-5.636866,-3.636867,59.183147,-150.997040,0.397849,0.424331,0.595568,-0.554042,
3971,1856606641,-17.074268,-3.295529,-3.378197,26.803299,68.529854,-130.162247,0.379493,0.419940,0.605497,-0.559475,
3972,1856623308,-13.153060,-2.466747,-0.050888,-11.464492,72.734711,-97.948662,0.365571,0.416447,0.616559,-0.559276,
3973,1856639975,-9.965322,-3.412840,1.581910,-5.692705,77.768379,-96.393234,0.350854,0.413671,0.627119,-0.559020,
3974,1856656642,-7.357670,-4.846442,1.666767,74.609116,88.569572,-113.344757,0.328785,0.414139,0.632438,-0.566053,
3975,1856673309,-6.760277,-5.216754,0.990199,128.375931,98.334724,-121.143211,0.301704,0.416965,0.633812,-0.577409,
3976,1856689976,-6.885230,-2.994199,-0.992801,128.834396,97.378235,-114.794212,0.274958,0.419958,0.634178,-0.588095,
3977,1856706643,-6.969414,-0.066528,-1.893437,116.943047,91.682632,-109.925049,0.249664,0.422109,0.634537,-0.597376,
3978,1856723310,-7.013165,1.692187,-1.980932,81.485542,86.146935,-99.282745,0.227827,0.423211,0.636728,-0.602967,
3979,1856739977,-8.014881,1.742651,-1.098544,53.520565,69.976265,-78.853600,0.210908,0.423689,0.639317,-0.606039,
3980,1856756644,-8.888770,1.491500,-0.790706,22.602285,55.430920,-61.299671,0.198747,0.423472,0.642954,-0.606454,
3981,1856773311,-9.589823,1.743452,-0.186290,-0.673775,32.068462,-44.145596,0.191696,0.422078,0.646837,-0.605564,
3982,1856789978,-8.132648,2.839005,-1.170611,-68.601028,13.002693,-28.196188,0.191998,0.418572,0.655129,-0.598952,
3983,1856806645,-7.014440,1.011809,-0.880489,-105.173256,12.227406,-6.326371,0.196473,0.415986,0.665133,-0.588180,
3984,1856823312,-5.170347,-3.895439,2.014396,-64.117401,7.122922,9.772557,0.200303,0.415626,0.670392,-0.581130,
3985,1856839979,-3.555362,-9.815133,1.386920,-35.290833,17.996090,21.152365,0.202279,0.418106,0.672798,-0.575863,
3986,1856856646,-3.796991,-11.721922,-2.950013,-23.545860,18.307755,32.050121,0.204414,0.422004,0.673537,-0.571383,
3987,1856873313,-5.302643,-8.898376,-8.429186,-6.609213,11.513706,37.013504,0.206577,0.426311,0.672340,-0.568812,
3988,1856889980,-7.236472,-6.761431,-9.541532,11.638338,22.830561,44.163651,0.207084,0.432783,0.669503,-0.567084,
3989,1856906647,-8.340533,-7.572462,-6.417934,37.366665,28.440493,45.568657,0.205525,0.440600,0.664579,-0.567424,
3990,1856923314,-7.915519,-8.927300,-3.999250,46.404171,13.863382,37.339920,0.204099,0.446653,0.658947,-0.569770,
3991,1856939981,-6.444050,-7.129563,-3.391379,63.732235,12.925201,26.751871,0.200741,0.452088,0.652480,-0.574102,
3992,1856956648,-9.835700,-7.167675,1.969360,117.073524,34.382614,19.164452,0.191163,0.460056,0.642549,-0.582186,
3993,1856973315,-19.492081,-17.524328,-5.669426,63.254459,87.830933,5.800371,0.179006,0.469672,0.639370,-0.581872,
3994,1856989982,-11.856532,2.765167,9.728719,252.999741,27.097441,-29.836733,0.156376,0.475389,0.620469,-0.603800,
3995,1857006649,-8.867667,14.572956,-0.572178,-1.509054,-30.882811,0.855243,0.159162,0.472663,0.620034,-0.605655,
3996,1857023316,-9.076439,14.403232,-4.784237,-106.485718,-18.195904,74.457695,0.174478,0.475176,0.623960,-0.595351,
3997,1857039983,-15.975030,7.873501,-1.160968,-88.737709,-4.839894,89.649109,0.188615,0.480513,0.625419,-0.585138,
3998,1857056650,-19.351595,-2.595501,-2.104878,-138.730881,-33.611656,90.867622,0.208882,0.481917,0.629963,-0.572080,
3999,1857073317,-15.786735,-11.593684,-2.548526,-96.968369,-49.114674,113.786911,0.229436,0.485130,0.628598,-0.562917,
4000,1857089984,-9.427929,-10.484675,-2.367110,-9.605668,-35.258026,113.829376,0.242470,0.492199,0.620285,-0.560534,
4001,1857106651,-7.449295,-4.703182,-1.520312,53.966290,-20.182377,108.859184,0.249113,0.502141,0.607489,-0.562813,
4002,1857123318,-7.939095,1.007832,-0.817003,55.534088,-19.523273,112.374916,0.255790,0.512342,0.594136,-0.564874,
4003,1857139985,-8.598871,2.916328,-1.300372,23.969568,-24.179777,126.116112,0.266265,0.521999,0.581976,-0.563850,
4004,1857156652,-9.849732,3.018445,-2.384287,-30.119223,-30.115932,127.550522,0.281371,0.529008,0.573701,-0.558437,
4005,1857173319,-11.568369,0.999056,-1.924610,-72.464714,-38.477108,122.255852,0.299888,0.532945,0.568691,-0.550119,
4006,1857189986,-11.273339,-2.698481,-1.914604,-104.756012,-57.093758,116.165062,0.321808,0.533205,0.565630,-0.540553,
4007,1857206653,-9.377981,-4.811348,-2.015669,-100.783295,-66.020287,109.690208,0.343461,0.532114,0.562019,-0.532003,
4008,1857223320,-7.370365,-5.930752,-2.191107,-81.003960,-61.773453,94.971603,0.361933,0.530879,0.557960,-0.525222,
4009,1857239987,-7.002711,-6.300263,-2.712344,-53.342045,-44.284195,81.770935,0.375723,0.531193,0.553547,-0.519861,
4010,1857256654,-7.720844,-5.170252,-2.589140,-26.006210,-30.060312,78.777405,0.385954,0.533729,0.547967,-0.515663,
4011,1857273321,-8.768591,-3.927386,-2.668133,-13.908517,-24.843813,79.271233,0.394807,0.537293,0.541653,-0.511918,
4012,1857289988,-9.504849,-2.932388,-2.458517,-15.208277,-26.087255,80.199028,0.403869,0.540683,0.535211,-0.508040,
4013,1857306655,-9.346348,-3.015341,-2.134021,-32.696896,-30.573935,81.272552,0.414669,0.542709,0.529627,-0.503007,
4014,1857323322,-8.722254,-2.879057,-1.433776,-61.433548,-39.816528,78.092194,0.428129,0.541968,0.525730,-0.496578,
4015,1857339989,-8.633620,-3.460978,-2.404465,-74.377693,-43.291061,69.003181,0.442112,0.539340,0.523138,-0.489877,
4016,1857356656,-9.919184,-4.456104,-2.666002,-76.180389,-41.891212,60.345554,0.455405,0.535906,0.521317,-0.483367,
4017,1857373323,-9.578681,-5.670757,-3.117218,-74.329819,-45.485245,55.763058,0.468399,0.531870,0.519367,-0.477470,
4018,1857389990,-7.897135,-6.819587,-4.616227,-43.736614,-37.309525,50.820637,0.477983,0.530021,0.516144,-0.473508,
4019,1857406657,-7.036871,-6.485390,-3.995311,-37.965290,-23.558434,34.097065,0.484890,0.528215,0.514722,-0.470038,
4020,1857423324,-6.221815,-7.316531,-3.967966,-49.255383,-21.144112,0.888904,0.490182,0.523257,0.516763,-0.467851,
4021,1857439991,-5.443852,-7.944664,-3.710907,-44.949501,-24.902618,-39.208572,0.492659,0.515296,0.521257,-0.469096,
4022,1857456658,-5.123636,-7.828397,-3.028620,-68.399734,-44.170269,-73.035545,0.495959,0.501686,0.528417,-0.472352,
4023,1857473325,-4.982463,-7.919283,-2.244916,-95.825974,-59.932938,-98.237740,0.500553,0.482891,0.537969,-0.476293,
4024,1857489992,-7.354917,-6.266362,-0.348754,-106.525108,-58.540146,-131.597931,0.503185,0.460521,0.550394,-0.481451,
4025,1857506659,-13.594748,-7.490842,-3.625713,-48.986572,-46.641129,-183.408691,0.497002,0.438700,0.562717,-0.493846,
4026,1857523326,-12.724921,-7.593748,-4.308068,32.674015,-34.604572,-192.605286,0.483549,0.422527,0.570167,-0.512411,
4027,1857539993,-11.522517,-4.422653,-0.524593,27.365814,30.097122,-143.017654,0.468430,0.414634,0.579140,-0.522735,
4028,1857556660,-14.359734,-2.018315,-2.333536,33.347198,59.644867,-112.758972,0.452561,0.411766,0.587601,-0.529496,
4029,1857573327,-15.535498,-2.196164,-5.074188,19.962921,73.228523,-112.694038,0.436162,0.408909,0.597753,-0.534090,
4030,1857589994,-17.606136,-4.489702,-4.232635,18.412663,83.024643,-138.209366,0.416810,0.404298,0.609874,-0.539324,
4031,1857606661,-16.605799,-4.793133,-1.953272,30.185745,88.703468,-131.026596,0.396589,0.401256,0.620649,-0.544526,
4032,1857623328,-14.018461,-3.668370,0.545040,22.554050,90.260445,-104.302551,0.378593,0.400112,0.630253,-0.547140,
4033,1857639995,-10.151103,-4.688021,1.232253,53.380875,88.513847,-102.321213,0.358956,0.400531,0.636914,-0.552330,
4034,1857656662,-7.840787,-4.925924,1.028990,114.608582,97.008934,-126.424675,0.332801,0.402339,0.640095,-0.563603,
4035,1857673329,-8.077798,-3.605779,0.327718,149.960068,106.360023,-137.927933,0.302442,0.405160,0.640879,-0.577626,
4036,1857689996,-8.160292,-1.030032,-0.562599,133.370255,100.937332,-126.359993,0.274224,0.407456,0.641473,-0.589319,
4037,1857706663,-7.512969,1.006665,-1.405052,98.602859,90.204414,-113.087112,0.249987,0.408358,0.643321,-0.597405,
4038,1857723330,-6.355808,2.004790,-1.326504,66.019836,78.617882,-103.050789,0.229502,0.407782,0.646622,-0.602433,
4039,1857739997,-6.575548,1.627332,-0.479683,36.748516,65.170769,-89.044701,0.213160,0.406216,0.650966,-0.604812,
4040,1857756664,-7.269075,0.914895,0.187962,21.070234,49.728260,-75.988922,0.200306,0.403945,0.655281,-0.606067,
4041,1857773331,-8.339839,0.494850,-0.413969,-1.334960,39.561367,-63.484169,0.190808,0.401253,0.660435,-0.605324,
4042,1857789998,-9.021516,1.066265,-1.477326,-33.564678,26.530031,-40.889408,0.186415,0.398651,0.666679,-0.601557,
4043,1857806665,-8.219068,2.393412,-2.136350,-84.145393,29.696875,-13.161681,0.187052,0.397593,0.675739,-0.591871,
4044,1857823332,-7.850849,-2.143427,1.280732,-46.771511,29.632366,17.568613,0.188158,0.400519,0.679718,-0.584951,
4045,1857839999,-5.477008,-8.847149,2.896163,5.559169,15.138641,23.235313,0.188123,0.404186,0.678487,-0.583869,
4046,1857856666,-4.568905,-10.693099,-3.107403,-33.431339,13.568830,28.773985,0.191000,0.407186,0.680176,-0.578863,
4047,1857873333,-5.034773,-7.156346,-8.261326,-16.224812,6.653323,41.065407,0.194567,0.411279,0.679468,-0.575603,
4048,1857890000,-6.815756,-4.851053,-6.851047,16.453905,19.370060,50.264160,0.195681,0.418250,0.675800,-0.574521,
4049,1857906667,-7.336459,-5.494609,-4.350358,-0.123467,14.885961,48.552441,0.198090,0.424181,0.673455,-0.572094,
4050,1857923334,-7.702604,-6.028176,-3.745518,-40.487320,0.312793,43.758240,0.204005,0.427242,0.674303,-0.566715,
4051,1857940001,-7.291911,-4.667353,-4.528671,3.789233,-10.399285,37.625465,0.207702,0.430109,0.671529,-0.566496,
4052,1857956668,-7.155636,-3.289178,1.470832,121.041512,26.090567,39.851490,0.200645,0.439661,0.659930,-0.575270,
4053,1857973335,-18.022099,-14.048170,1.258460,-107.174370,8.501824,65.589691,0.211955,0.443400,0.665038,-0.562317,
4054,1857990002,-12.923213,-12.201670,-2.645199,184.172150,21.595442,20.329634,0.199396,0.452575,0.649286,-0.577796,
4055,1858006669,-9.513077,0.418586,1.057113,87.731407,4.297832,-6.348614,0.192487,0.454779,0.642603,-0.585824,
4056,1858023336,-10.398632,11.123084,2.104585,-14.554025,-26.597942,26.972902,0.198053,0.454558,0.641501,-0.585347,
4057,1858040003,-11.589733,11.098384,-2.489908,-57.832386,-31.205519,86.509109,0.211957,0.458192,0.639924,-0.579340,
4058,1858056670,-16.165012,5.420194,-1.398234,-85.622932,-34.881447,103.823067,0.229450,0.462126,0.639211,-0.570267,
4059,1858073337,-19.499510,-3.563193,-2.895521,-121.316139,-50.464500,116.359131,0.251712,0.464500,0.639758,-0.558205,
4060,1858090004,-13.786729,-10.377838,-3.372775,-78.553986,-59.748589,127.843727,0.272736,0.468479,0.635335,-0.549996,
4061,1858106671,-7.996337,-8.569179,-3.695376,-6.164569,-40.899632,133.720795,0.287425,0.477157,0.625167,-0.546697,
4062,1858123338,-7.970034,-1.990111,-1.372147,46.932934,-29.312006,125.341949,0.296595,0.488024,0.611597,-0.547555,
4063,1858140005,-9.122668,1.757211,-1.873756,14.435847,-32.931038,129.918518,0.308645,0.497423,0.599900,-0.545374,
4064,1858156672,-10.099587,0.952482,-1.321726,-26.823320,-42.462204,144.881531,0.325566,0.505305,0.589706,-0.539374,
4065,1858173339,-10.305610,-2.508971,-1.224905,-47.017582,-50.944973,142.091660,0.344317,0.511071,0.580602,-0.532125,
4066,1858190006,-10.712675,-4.835074,-1.622832,-38.817204,-52.300621,125.962852,0.361164,0.515542,0.571721,-0.526228,
4067,1858206673,-9.436896,-5.509061,-2.511559,-27.192036,-49.583313,104.564217,0.375147,0.518869,0.563494,-0.522032,
4068,1858223340,-7.882480,-4.435455,-2.677205,-23.028276,-46.674122,90.597786,0.387419,0.521365,0.556020,-0.518585,
4069,1858240007,-7.841393,-3.472725,-2.532543,-32.135529,-40.178493,79.811111,0.398963,0.522858,0.550303,-0.514411,
4070,1858256674,-9.081267,-3.464609,-2.240606,-24.003538,-36.287136,68.851410,0.408692,0.524152,0.544949,-0.511145,
4071,1858273341,-9.704824,-4.530737,-2.320148,-28.878979,-37.376293,64.570694,0.418505,0.524666,0.540147,-0.507763,
4072,1858290008,-9.069268,-6.148719,-2.865722,-35.531185,-35.959705,69.696472,0.429034,0.525208,0.535456,-0.503366,
4073,1858306675,-7.704621,-6.488290,-2.943285,-42.792809,-30.917917,78.081505,0.440264,0.526230,0.530882,-0.497412,
4074,1858323342,-6.550296,-6.372694,-3.223064,-51.471001,-29.075167,76.206497,0.451795,0.526584,0.527098,-0.490674,
4075,1858340009,-5.060052,-6.933211,-3.789527,-52.200283,-30.944914,58.975960,0.462217,0.525346,0.524476,-0.485073,
4076,1858356676,-4.769519,-8.407696,-3.816585,-42.531265,-26.449095,28.704096,0.469370,0.522708,0.523731,-0.481848,
4077,1858373343,-4.814377,-9.494099,-3.865161,-22.245584,-24.279984,-0.234690,0.472763,0.519377,0.523891,-0.481959,
4078,1858390010,-3.659581,-9.839443,-3.480715,-9.296786,-24.443630,-24.601444,0.473467,0.515055,0.524962,-0.484733,
4079,1858406677,-2.427243,-8.669397,-2.135952,-15.498972,-28.313360,-44.330696,0.473515,0.508500,0.527660,-0.488662,
4080,1858423344,-1.390621,-7.462754,-1.081671,-27.956568,-39.278763,-68.559441,0.473550,0.498392,0.532224,-0.494061,
4081,1858440011,-0.688944,-6.983280,-2.417801,-26.180496,-45.505611,-100.121902,0.471567,0.485409,0.538408,-0.502119,
4082,1858456678,-3.501597,-4.250389,-2.376980,-2.717494,-37.914474,-135.994736,0.464546,0.471608,0.545743,-0.513762,
4083,1858473345,-9.572415,-3.515732,-3.674542,56.847210,-9.417882,-183.864532,0.447315,0.459873,0.553502,-0.531097,
4084,1858490012,-14.425774,-1.392239,-3.211947,93.293816,18.497135,-217.904770,0.422324,0.449465,0.561985,-0.551180,
4085,1858506679,-13.939692,-3.554902,0.881863,-42.121044,46.199368,-171.889832,0.407200,0.436286,0.579475,-0.555027,
4086,1858523346,-17.058296,-3.948629,-0.786425,-109.355721,65.166962,-115.386063,0.399026,0.425122,0.599536,-0.548280,
4087,1858540013,-21.142933,-4.438886,-6.056687,-104.477371,46.790264,-121.109238,0.391449,0.412013,0.618122,-0.543085,
4088,1858556680,-19.637573,-6.926852,-5.783986,-51.441380,43.679020,-129.317322,0.380117,0.400722,0.632506,-0.543022,
4089,1858573347,-17.501143,-7.517899,-2.344935,9.493745,64.944443,-104.030502,0.365123,0.396647,0.641530,-0.545710,
4090,1858590014,-15.805435,-8.218250,0.823400,27.439026,73.424149,-89.190926,0.349364,0.395456,0.648520,-0.548621,
4091,1858606681,-13.427559,-9.810257,0.690154,95.142540,96.862473,-92.137939,0.327112,0.399122,0.651179,-0.556479,
4092,1858623348,-13.333356,-8.401026,-0.128409,169.216080,109.157326,-99.352898,0.298545,0.406292,0.648310,-0.570522,
4093,1858640015,-14.157215,-4.398322,-1.346486,169.429489,103.887627,-101.162117,0.269994,0.412429,0.644609,-0.584369,
4094,1858656682,-13.340188,-0.401929,-1.715263,149.027115,88.828369,-89.107506,0.244852,0.417231,0.640725,-0.596188,
4095,1858673349,-11.708618,2.073696,-1.532437,96.999977,67.096909,-63.845066,0.226936,0.420403,0.638660,-0.603223,
4096,1858690016,-10.271496,3.200798,-1.748951,19.330639,46.898537,-31.620668,0.218422,0.422136,0.640624,-0.603074,
4097,1858706683,-9.515531,3.660267,-1.053751,-33.838776,29.330046,-0.760408,0.217505,0.423491,0.644757,-0.598030,
4098,1858723350,-8.053360,4.676384,0.007723,-64.020233,0.281994,19.341574,0.222907,0.423221,0.649311,-0.591265,
4099,1858740017,-5.539402,4.813330,0.099113,-107.077164,-9.147391,32.401608,0.232935,0.421902,0.656339,-0.580484,
4100,1858756684,-3.523654,5.978718,0.082778,-137.171844,-17.072903,53.162388,0.247236,0.420724,0.664124,-0.566400,
4101,1858773351,-2.701763,-0.288132,0.731459,-121.704590,-19.452494,107.810555,0.265196,0.424968,0.666862,-0.551698,
4102,1858790018,2.369191,-9.026359,5.738577,-65.578911,-32.559219,107.515923,0.280815,0.430103,0.664304,-0.543009,
4103,1858806685,1.721973,-8.212549,-2.959441,-182.284378,-62.154819,61.398880,0.302777,0.423414,0.672234,-0.526453,
4104,1858823352,-1.895088,-6.783549,-7.839288,-91.985123,-25.815353,48.565422,0.314474,0.421993,0.675270,-0.516760,
4105,1858840019,-1.664991,-6.666194,-9.693015,62.816330,36.126099,34.934490,0.309501,0.430889,0.670217,-0.518995,
4106,1858856686,-1.832021,-4.025439,-8.397793,142.716232,61.570541,7.286225,0.294852,0.442469,0.661797,-0.528500,
4107,1858873353,-3.001345,-0.190582,5.732657,204.782959,43.347996,-3.922730,0.276889,0.453912,0.648076,-0.545250,
4108,1858890020,-11.273470,-15.562670,-4.677162,-87.658508,59.408230,-17.252863,0.275498,0.453330,0.658690,-0.533596,
4109,1858906687,-22.724539,1.664031,9.350978,140.829865,-10.524405,-68.889648,0.261626,0.451353,0.651920,-0.550306,
4110,1858923354,-17.392664,2.614220,-3.349984,-94.123665,-18.539293,-40.301506,0.266132,0.442334,0.661523,-0.543972,
4111,1858940021,-17.886847,15.082342,0.697424,20.313200,-35.815891,28.723486,0.270365,0.442959,0.656867,-0.547010,
4112,1858956688,-15.366073,7.700007,-3.021573,-42.638363,-43.138012,94.855042,0.284580,0.446778,0.652565,-0.541817,
4113,1858973355,-17.798298,-6.221769,-2.655635,-67.472054,-61.147736,127.785408,0.304606,0.451105,0.647081,-0.533862,
4114,1858990022,-15.526865,-11.608350,-3.514400,11.133274,-47.584465,129.050735,0.318160,0.459883,0.635718,-0.532117,
4115,1859006689,-12.814380,-5.643708,-1.999836,69.329987,-22.272791,129.269653,0.325362,0.473137,0.620738,-0.533825,
4116,1859023356,-13.342298,-3.319474,-2.506649,58.844975,-18.681372,119.950989,0.332103,0.485135,0.607126,-0.534559,
4117,1859040023,-15.543827,-2.641001,-3.530724,23.955112,-28.615496,114.134514,0.341619,0.494001,0.595952,-0.533014,
4118,1859056690,-13.510726,-2.724033,-2.922678,-28.987587,-49.309322,112.101570,0.356470,0.498301,0.587814,-0.528302,
4119,1859073357,-12.042649,-3.025004,-2.365792,-57.446640,-59.155975,107.482254,0.373743,0.499799,0.581479,-0.521922,
4120,1859090024,-11.198112,-5.121585,-2.389256,-57.169411,-67.421432,97.392296,0.390791,0.499645,0.575192,-0.516522,
4121,1859106691,-9.264756,-5.486742,-2.284909,-59.205814,-75.982010,90.889923,0.408073,0.498007,0.568835,-0.511757,
4122,1859123358,-7.469729,-5.009656,-2.823411,-68.275116,-76.451630,88.555779,0.425723,0.495417,0.563084,-0.506223,
4123,1859140025,-5.932385,-5.327422,-3.318457,-75.961594,-72.518501,89.405144,0.443500,0.492516,0.557862,-0.499528,
4124,1859156692,-4.253603,-6.504873,-3.136359,-77.478699,-67.793526,92.034416,0.461016,0.489878,0.552647,-0.492004,
4125,1859173359,-3.184885,-7.662693,-2.823538,-55.829094,-61.628086,83.728210,0.475740,0.488296,0.546700,-0.486170,
4126,1859190026,-2.483057,-9.376300,-2.237086,-49.518753,-59.085003,60.208015,0.488032,0.485340,0.542022,-0.482167,
4127,1859206693,-1.459888,-11.422844,-3.027988,-14.941114,-46.810425,33.857410,0.495000,0.483556,0.537580,-0.481830,
4128,1859223360,0.633543,-10.967776,-4.659981,38.775097,-22.628828,5.648390,0.494291,0.485099,0.533070,-0.485999,
4129,1859240027,2.421535,-8.481906,-5.079565,83.036011,7.686201,-34.118946,0.485243,0.488830,0.530364,-0.494270,
4130,1859256694,3.094569,-7.506512,-5.149953,108.373032,24.759199,-75.141518,0.469990,0.492276,0.529813,-0.506039,
4131,1859273361,1.239716,-4.249396,-4.993392,111.349075,22.263639,-115.414680,0.451529,0.492406,0.531508,-0.520731,
4132,1859290028,-5.404035,-0.897032,-5.016860,82.085381,21.051765,-167.783600,0.430991,0.486149,0.538742,-0.536345,
4133,1859306695,-14.327945,-1.791176,-3.468596,-13.646911,21.653399,-228.266800,0.412052,0.468743,0.557248,-0.547696,
4134,1859323362,-23.886982,-9.935833,-1.009139,-143.053223,20.517879,-238.834091,0.400607,0.441983,0.585929,-0.548503,
4135,1859340029,-24.903574,-4.503689,-0.159138,-124.503487,38.044048,-133.530792,0.394389,0.426134,0.606680,-0.542965,
4136,1859356696,-21.106806,0.373983,0.511024,-145.188690,43.899643,-101.759567,0.391155,0.412052,0.626983,-0.533017,
4137,1859373363,-17.857176,-2.779227,-0.201187,-88.409836,47.307156,-130.490555,0.381728,0.398576,0.644389,-0.529327,
4138,1859390030,-17.539545,-7.273341,-1.262966,-9.691772,54.689365,-150.012192,0.365327,0.387983,0.656909,-0.533367,
4139,1859406697,-15.556390,-12.095414,-3.232790,-10.607904,77.615021,-107.502411,0.349913,0.382997,0.668010,-0.533517,
4140,1859423364,-14.179007,-13.301898,-2.415964,91.301987,118.379517,-67.445290,0.327802,0.390068,0.670725,-0.539003,
4141,1859440031,-13.941184,-8.566535,-1.098518,194.490494,104.234505,-84.291519,0.299609,0.398959,0.665044,-0.555686,
4142,1859456698,-13.328395,-2.678608,-1.988977,194.901657,80.365143,-90.142197,0.272884,0.404914,0.657862,-0.573410,
4143,1859473365,-12.870959,2.738203,-2.575383,150.721954,76.816444,-68.078903,0.250692,0.410563,0.652325,-0.585720,
4144,1859490032,-11.999524,6.880433,-1.036187,124.620491,61.542027,-33.746483,0.234290,0.416984,0.646030,-0.594880,
4145,1859506699,-8.624952,8.883674,-1.239373,55.966763,44.773003,-2.988147,0.226228,0.422395,0.643060,-0.597394,
4146,1859523366,-6.413805,8.350253,-0.125951,9.085131,33.126083,31.063438,0.225081,0.428407,0.641638,-0.595072,
4147,1859540033,-4.572871,5.935452,0.292413,-46.359917,13.564194,59.192768,0.231633,0.433502,0.642566,-0.587822,
4148,1859556700,-2.871582,0.845377,-0.903408,-119.323341,15.784575,97.106674,0.245749,0.439736,0.647214,-0.572151,
4149,1859573367,-0.304696,-6.732224,3.734025,-55.050812,2.131789,121.427757,0.258956,0.449230,0.644186,-0.562284,
4150,1859590034,1.982828,-7.247604,5.532570,-42.112560,-21.873137,98.118034,0.271580,0.454923,0.640519,-0.555903,
4151,1859606701,1.078817,-4.308524,-0.841466,-93.093102,-23.815035,70.383583,0.285440,0.455735,0.642559,-0.545848,
4152,1859623368,-2.266915,-4.201382,-3.203665,-28.093634,-8.914107,64.326363,0.293061,0.459771,0.640331,-0.541023,
4153,1859640035,-1.376717,-6.790232,-7.819699,5.273412,11.660479,40.360573,0.294626,0.464584,0.637913,-0.538913,
4154,1859656702,-3.516943,-6.148754,-6.407505,-6.027320,31.769888,12.198361,0.292870,0.467862,0.639128,-0.535585,
4155,1859673369,-3.995620,-1.920789,-0.137596,82.153320,-5.716226,-5.377272,0.287203,0.470302,0.633021,-0.543708,
4156,1859690036,-4.362273,4.804143,2.901989,130.168182,38.055534,-14.550301,0.273420,0.477239,0.625404,-0.553496,
4157,1859706703,-10.883897,8.071156,5.170554,-152.910965,-11.097672,-1.001386,0.284726,0.469982,0.637399,-0.540161,
4158,1859723370,-27.548885,-16.000786,-9.336054,-178.586670,9.417371,3.149353,0.296048,0.463382,0.651595,-0.522552,
4159,1859740037,-18.541706,-8.074369,0.108888,-1.278160,-37.011314,-26.697042,0.297444,0.457889,0.652092,-0.525970,
4160,1859756704,-15.531941,8.617658,2.594895,44.066673,-27.257574,-37.936253,0.294016,0.454007,0.650247,-0.533493,
4161,1859773371,-14.486704,9.286083,-2.307503,48.906147,-25.916159,34.266491,0.295724,0.457228,0.643257,-0.538251,
4162,1859790038,-17.860907,5.283984,-2.276681,9.827347,-43.270390,103.403679,0.307021,0.463802,0.633870,-0.537437,
4163,1859806705,-20.456736,-1.249930,-4.084275,-17.159945,-60.266033,143.732147,0.324743,0.471384,0.622867,-0.533272,
4164,1859823372,-15.508011,-6.411639,-3.108593,-6.319137,-40.269112,141.813293,0.339606,0.480630,0.611800,-0.528552,
4165,1859840039,-13.677220,-5.887881,-2.045568,10.903791,-33.940571,147.186432,0.352959,0.491468,0.599062,-0.524412,
4166,1859856706,-13.694944,-4.590121,-2.380832,-15.601566,-45.718109,127.687149,0.367593,0.498137,0.588877,-0.519580,
4167,1859873373,-13.357920,-4.337520,-2.775337,-36.425789,-60.753719,84.456718,0.381639,0.498695,0.582406,-0.516199,
4168,1859890040,-13.173759,-3.431628,-3.045147,-57.288704,-65.326042,73.150902,0.396638,0.496664,0.577917,-0.511878,
4169,1859906707,-12.607332,-3.181901,-2.958348,-79.532906,-68.162857,83.854507,0.414151,0.493878,0.573961,-0.505109,
4170,1859923374,-11.410455,-4.744808,-2.796592,-86.879005,-76.215813,86.655670,0.432901,0.490091,0.569626,-0.497933,
4171,1859940041,-8.339979,-5.989696,-2.866912,-88.183220,-83.982918,90.169075,0.452442,0.485726,0.564386,-0.490754,
4172,1859956708,-4.585640,-7.156526,-2.948915,-81.360023,-81.286247,94.521538,0.471375,0.482130,0.558263,-0.483427,
4173,1859973375,-2.068116,-8.116407,-3.087451,-57.806461,-67.430000,87.612411,0.486860,0.480371,0.551701,-0.477326,
4174,1859990042,-1.740322,-8.181798,-3.058918,-28.204113,-51.626732,66.450272,0.497419,0.479990,0.545550,-0.473881,
4175,1860006709,-2.490982,-9.056878,-2.369599,-8.136786,-31.409517,46.731899,0.503555,0.480833,0.540796,-0.471990,
4176,1860023376,-1.570876,-10.311912,-3.191002,10.577861,-11.206252,29.402514,0.505580,0.483050,0.537428,-0.471410,
4177,1860040043,1.521664,-10.431828,-4.509132,41.768921,5.442035,3.301261,0.502305,0.486646,0.534966,-0.474005,
4178,1860056710,4.026369,-8.995201,-5.075050,83.739227,20.175234,-37.972797,0.492008,0.491057,0.533551,-0.481787,
4179,1860073377,3.716069,-7.414597,-5.595941,94.208656,20.580595,-84.072456,0.477566,0.492535,0.534583,-0.493522,
4180,1860090044,1.086611,-3.619745,-5.298231,99.675400,5.261368,-116.437462,0.461395,0.490566,0.536253,-0.508818,
4181,1860106711,-2.971855,-0.317204,-3.357081,42.374088,-7.628664,-144.602051,0.448003,0.481359,0.543043,-0.522202,
4182,1860123378,-9.733296,-0.908497,-4.402355,-23.806692,2.406282,-185.085602,0.435100,0.465107,0.558011,-0.531969,
4183,1860140045,-19.304331,-5.208589,-2.865982,-94.598175,21.168453,-228.920578,0.421620,0.441790,0.582026,-0.536942,
4184,1860156712,-23.816971,-8.935028,-0.421364,-167.725815,37.999100,-175.987625,0.414992,0.419204,0.608620,-0.530693,
4185,1860173379,-19.350830,-5.387368,-0.999740,-114.124763,56.807568,-92.820435,0.409468,0.408278,0.626584,-0.522533,
4186,1860190046,-16.953087,-5.325605,-1.771224,-54.372700,66.195007,-107.105370,0.398260,0.400128,0.641118,-0.519863,
4187,1860206713,-16.472765,-8.379890,-3.009613,16.439844,71.708809,-148.682938,0.379074,0.392419,0.652713,-0.525622,
4188,1860223380,-18.157036,-10.125353,-3.525153,75.341202,91.250412,-145.456406,0.354663,0.389491,0.660259,-0.535325,
4189,1860240047,-17.376329,-9.834914,-2.442202,113.788780,117.584206,-95.067787,0.329198,0.395139,0.662812,-0.544221,
4190,1860256714,-16.035566,-7.641209,-1.165189,149.277039,117.486168,-84.630676,0.302253,0.403149,0.661393,-0.555587,
4191,1860273381,-14.843965,-5.299182,-0.705876,172.872559,95.930107,-102.713486,0.274239,0.408316,0.657526,-0.570731,
4192,1860290048,-14.022741,-1.922519,-1.348467,170.017426,78.923409,-102.035942,0.247800,0.411610,0.652510,-0.586009,
4193,1860306715,-12.881533,1.638898,-1.225279,143.616669,68.716995,-74.901039,0.226023,0.415323,0.647219,-0.597939,
4194,1860323382,-10.724620,4.079024,-1.838049,84.968323,66.320335,-43.845898,0.210609,0.419629,0.644766,-0.603188,
4195,1860340049,-9.492055,5.850605,-1.779366,26.208094,56.782490,-7.390391,0.202837,0.424640,0.644828,-0.602278,
4196,1860356716,-7.601018,5.615635,-0.835803,-30.391600,31.706528,22.969397,0.203562,0.428604,0.647186,-0.596669,
4197,1860373383,-6.398566,4.473650,0.074289,-82.998817,14.363567,47.120911,0.211271,0.431728,0.652009,-0.586399,
4198,1860390050,-4.700887,3.138729,1.044145,-123.999214,6.587667,73.679764,0.224492,0.435310,0.658212,-0.571725,
4199,1860406717,-2.388664,-7.166720,6.258563,-62.133999,-1.381660,104.711105,0.237057,0.443057,0.656798,-0.562249,
4200,1860423384,1.032300,-8.681183,4.307372,-65.477135,-37.623634,91.017609,0.252108,0.446282,0.655092,-0.555096,
4201,1860440051,1.025190,-5.468997,-4.286284,-104.422249,-52.447914,67.966690,0.269151,0.444534,0.657261,-0.545856,
4202,1860456718,-1.516621,-3.572287,-6.401180,-13.390990,-19.125378,55.745392,0.276090,0.447723,0.654150,-0.543516,
4203,1860473385,-1.689745,-4.824822,-8.329644,29.590088,27.373302,34.272907,0.274089,0.454243,0.650865,-0.543063,
4204,1860490052,-4.269517,-4.313937,-6.930661,-21.330397,40.577572,11.351258,0.272375,0.457581,0.653610,-0.537800,
4205,1860506719,-4.049047,0.437098,-0.162975,124.847252,1.051209,1.138387,0.263839,0.462563,0.643914,-0.549366,
4206,1860523386,-2.951929,8.471443,7.718441,148.256332,14.273799,15.339538,0.253521,0.470645,0.631644,-0.561471,
4207,1860540053,-10.867805,-4.925436,-3.016759,-404.315155,-35.518314,45.288059,0.287523,0.456103,0.659327,-0.524015,
4208,1860556720,-26.512922,-27.085657,-4.935773,194.495758,86.884361,12.252079,0.266922,0.471728,0.647216,-0.536041,
4209,1860573387,-14.333351,-3.204428,0.773186,2.932178,-12.870790,-72.144661,0.262125,0.463939,0.651608,-0.539872,
4210,1860590054,-18.162508,17.703516,0.380036,99.305885,-9.161403,-38.112495,0.253101,0.463257,0.646160,-0.551192,
4211,1860606721,-14.902632,17.969357,-1.952060,-25.398846,-32.642136,84.469421,0.264468,0.467530,0.641445,-0.547744,
4212,1860623388,-18.871584,6.609375,-1.442517,-76.549034,-48.080086,142.391754,0.285270,0.473832,0.636021,-0.538130,
4213,1860640055,-20.006578,-10.767895,-5.278871,-90.237091,-63.137512,153.984055,0.309128,0.479144,0.629815,-0.527444,
4214,1860656722,-12.917489,-13.305604,-2.586925,-2.990875,-46.144730,153.805923,0.325139,0.489356,0.617288,-0.523234,
4215,1860673389,-11.228120,-5.867418,-1.657905,52.497208,-29.720299,136.975647,0.334280,0.501685,0.602206,-0.523373,
4216,1860690056,-14.180632,-2.971272,-2.041860,24.355816,-34.221321,114.291145,0.344015,0.510124,0.590471,-0.522279,
4217,1860706723,-14.706710,-3.712986,-3.620648,-11.168090,-56.648739,99.195152,0.357065,0.513639,0.581262,-0.520402,
4218,1860723390,-12.133809,-3.191503,-4.225491,-22.043591,-58.770840,108.831856,0.371730,0.517090,0.571872,-0.517108,
4219,1860740057,-11.083392,-3.172832,-3.690107,-33.548740,-57.142437,112.484962,0.387273,0.520169,0.562967,-0.512362,
4220,1860756724,-10.691430,-4.954348,-3.432618,-41.093662,-61.852802,101.831238,0.402845,0.521424,0.554974,-0.507780,
4221,1860773391,-9.384152,-5.998773,-3.331806,-61.735752,-75.809906,94.076859,0.420393,0.519626,0.548079,-0.502864,
4222,1860790058,-6.332697,-6.382502,-3.573710,-93.489624,-82.475433,86.871819,0.440160,0.514599,0.543407,-0.496145,
4223,1860806725,-4.595317,-8.198940,-3.291784,-105.569099,-75.167412,83.186958,0.459770,0.508782,0.540086,-0.487918,
4224,1860823392,-4.162946,-9.400634,-2.488359,-75.909943,-65.036987,76.954544,0.475756,0.504965,0.535576,-0.481486,
4225,1860840059,-3.694848,-8.477660,-1.551207,-45.335472,-55.307018,64.573151,0.487744,0.502847,0.530371,-0.477454,
4226,1860856726,-1.438666,-8.369570,-3.028164,-31.332445,-44.898457,46.454872,0.496572,0.500971,0.526179,-0.474956,
4227,1860873393,2.492268,-10.072854,-5.732546,4.730663,-28.350863,13.845448,0.499220,0.500315,0.523037,-0.476340,
4228,1860890060,6.066203,-11.465053,-6.573263,27.457613,-9.684232,-21.733217,0.496314,0.499884,0.522255,-0.480668,
4229,1860906727,6.677722,-13.371298,-6.979994,48.769878,6.118971,-59.822136,0.487953,0.499162,0.523856,-0.488178,
4230,1860923394,2.214726,-10.271324,-4.935427,135.915298,22.869574,-99.050682,0.469019,0.502638,0.523116,-0.503716,
4231,1860940061,-2.142302,-3.085550,-2.686646,186.234406,16.365267,-129.454498,0.444272,0.506325,0.520025,-0.525200,
4232,1860956728,-6.467653,0.654306,-0.358581,112.922760,15.581888,-165.999969,0.421753,0.501955,0.524663,-0.543045,
4233,1860973395,-17.492096,-1.212316,-4.262733,62.322159,25.561390,-232.692612,0.396455,0.489649,0.538219,-0.559813,
4234,1860990062,-28.051155,-9.061255,-1.352982,-87.102524,7.055015,-244.820786,0.381721,0.465612,0.563008,-0.566144,
4235,1861006729,-17.135191,-5.433661,-2.759774,-97.143997,48.026886,-132.851501,0.373131,0.453069,0.582733,-0.562074,
4236,1861023396,-17.812527,-2.058210,-4.048528,-89.189056,54.259605,-125.881386,0.363831,0.441784,0.601333,-0.557545,
4237,1861040063,-19.024273,-6.920221,-4.308811,-81.444756,35.879623,-166.932816,0.352067,0.425531,0.620562,-0.556668,
4238,1861056730,-20.002089,-9.726896,-3.847278,-9.954940,52.045597,-190.492874,0.332228,0.411778,0.635788,-0.561998,
4239,1861073397,-18.403553,-12.561975,-0.796918,56.193123,99.759033,-136.370560,0.308185,0.409810,0.644187,-0.567543,
4240,1861090064,-16.308666,-10.577518,-0.336251,106.416344,124.700211,-97.957359,0.281758,0.415449,0.646797,-0.574170,
4241,1861106731,-14.263977,-7.499355,-0.678737,138.840607,114.177338,-108.707329,0.253222,0.420167,0.646360,-0.584431,
4242,1861123398,-13.432486,-3.075356,-1.124908,164.200195,92.506699,-102.840965,0.225431,0.424125,0.641988,-0.597623,
4243,1861140065,-12.050098,1.285441,-1.908454,130.336746,78.932701,-77.070946,0.203054,0.427859,0.638009,-0.607168,
4244,1861156732,-10.771650,4.314027,-2.860481,57.369007,75.787407,-40.510445,0.188654,0.432373,0.637833,-0.608799,
4245,1861173399,-9.966750,7.331512,-0.658213,24.035601,51.889530,-4.350457,0.181743,0.437148,0.637580,-0.607755,
4246,1861190066,-7.401958,7.568548,-0.279179,-31.287584,19.039392,21.996861,0.183719,0.439979,0.639637,-0.602938,
4247,1861206733,-5.880213,7.267715,1.406595,-56.594471,1.778137,45.914318,0.191006,0.442814,0.641871,-0.596186,
4248,1861223400,-4.454085,3.519527,0.425229,-120.673103,-9.956351,93.620544,0.207598,0.447172,0.646067,-0.582702,
4249,1861240067,1.022518,-3.693592,4.048398,-71.166283,-38.304550,110.411156,0.224967,0.452003,0.643834,-0.574948,
4250,1861256734,3.229103,-4.026870,1.842344,-139.856995,-69.252357,85.558174,0.247550,0.449432,0.647624,-0.563308,
4251,1861273401,-0.944663,-5.590009,-0.833613,-121.895859,-49.811470,67.241058,0.265488,0.447120,0.651476,-0.552433,
4252,1861290068,-1.406773,-8.689195,-6.595099,-33.352943,-18.761238,47.310413,0.273053,0.448713,0.650535,-0.548549,
4253,1861306735,-1.231441,-7.485170,-14.960614,5.109684,58.837517,22.666775,0.268774,0.455656,0.651165,-0.544175,
4254,1861323402,-4.400308,-2.067240,-1.959520,153.579330,49.251835,18.986685,0.255183,0.467149,0.639710,-0.554462,
4255,1861340069,-2.311835,3.614990,9.699776,187.239563,20.416916,16.108717,0.241591,0.476994,0.624249,-0.569586,
4256,1861356736,-9.040969,-11.753804,-9.587887,-215.440460,30.122459,12.434049,0.254535,0.472740,0.642186,-0.547110,
4257,1861373403,-27.049549,-4.458947,8.994013,159.384476,31.249147,-30.067472,0.238019,0.478106,0.632757,-0.560700,
4258,1861390070,-21.365576,5.506979,-4.280880,3.737078,-13.886390,-34.995228,0.236009,0.473804,0.634603,-0.563109,
4259,1861406737,-17.397814,18.253599,-0.287685,21.381086,-27.886414,40.117641,0.240222,0.475877,0.629317,-0.565506,
4260,1861423404,-16.791292,6.647758,-1.933759,-47.515736,-30.459076,124.840324,0.256362,0.482983,0.623601,-0.558686,
4261,1861440071,-18.259472,-3.483904,-4.103207,-91.648460,-64.160538,164.665848,0.281741,0.489025,0.617034,-0.548405,
4262,1861456738,-18.453375,-9.705818,-4.143797,-3.355128,-37.509956,154.613007,0.297459,0.499579,0.604813,-0.544191,
4263,1861473405,-15.374508,-8.140292,-3.482433,45.654854,-26.554903,158.997101,0.308834,0.513228,0.588534,-0.543001,
4264,1861490072,-15.590308,-5.483805,-1.587167,26.439615,-33.641365,161.570129,0.322273,0.525376,0.572921,-0.540264,
4265,1861506739,-15.892734,-5.685503,-3.208427,-14.864258,-54.188389,136.798553,0.338467,0.531638,0.561187,-0.536539,
4266,1861523406,-14.704856,-1.875458,-2.994925,-55.088493,-67.261078,121.926567,0.357522,0.533441,0.552840,-0.531027,
4267,1861540073,-13.751155,-0.366810,-3.078676,-95.159203,-77.837486,116.209785,0.379905,0.531601,0.547187,-0.523129,
4268,1861556740,-11.709190,-3.742107,-2.556884,-126.401215,-93.604103,101.055107,0.404550,0.525275,0.543846,-0.514452,
4269,1861573407,-8.564351,-7.064656,-3.380766,-144.360916,-108.425148,85.123184,0.430230,0.515110,0.541767,-0.506020,
4270,1861590074,-4.710351,-8.067259,-3.832441,-158.305359,-113.446480,79.326080,0.456540,0.502790,0.540355,-0.496783,
4271,1861606741,-1.456909,-8.494960,-4.609004,-164.176651,-105.341301,75.352531,0.481929,0.489886,0.539699,-0.486297,
4272,1861623408,0.118863,-9.891898,-4.213266,-135.178284,-85.368530,58.003025,0.502088,0.478689,0.539216,-0.477508,
4273,1861640075,1.787726,-11.291168,-3.774323,-54.172649,-53.965176,31.593853,0.512119,0.473335,0.537040,-0.474636,
4274,1861656742,4.796144,-11.584267,-5.263496,7.492912,-19.771566,5.714120,0.513406,0.472876,0.534897,-0.476121,
4275,1861673409,6.059703,-12.034252,-6.930429,37.112621,14.781563,-19.501850,0.508204,0.475046,0.535008,-0.479405,
4276,1861690076,3.990939,-8.955108,-7.034568,116.457420,39.121754,-44.792137,0.493756,0.482712,0.533028,-0.488956,
4277,1861706743,0.537590,-3.017705,-5.975840,191.868912,47.308395,-68.973129,0.471341,0.494188,0.527631,-0.505198,
4278,1861723410,-2.230331,0.765318,-3.368721,145.630020,34.409248,-99.765724,0.450592,0.498786,0.526535,-0.520523,
4279,1861740077,-9.175887,-0.247043,-3.080599,53.058075,24.662428,-156.594467,0.432712,0.491906,0.535592,-0.532854,
4280,1861756744,-18.441605,-4.858811,-1.743583,-25.433004,24.998117,-225.577927,0.414704,0.474318,0.555225,-0.542928,
4281,1861773411,-23.126701,-7.913384,0.166433,-125.725822,26.220533,-191.190002,0.405761,0.453019,0.579852,-0.542132,
4282,1861790078,-21.082760,-2.601110,-1.365437,-107.669434,38.154907,-109.156387,0.400748,0.440261,0.597869,-0.536775,
4283,1861806745,-18.922928,-1.535499,-1.475087,-118.954590,36.337109,-112.123489,0.396155,0.426194,0.616507,-0.530418,
4284,1861823412,-18.790846,-5.748491,-2.408653,-110.354950,30.082441,-143.107269,0.388937,0.409079,0.635630,-0.526650,
4285,1861840079,-18.866425,-11.693658,-1.988357,-60.843571,60.791771,-136.708755,0.376173,0.397444,0.651907,-0.524930,
4286,1861856746,-16.074394,-14.167997,-1.970192,37.634594,101.349510,-88.188683,0.357390,0.398697,0.659759,-0.527290,
4287,1861873413,-15.272484,-11.355714,-2.016140,144.623245,111.316292,-85.662209,0.331410,0.406257,0.659354,-0.538868,
4288,1861890080,-14.690826,-6.739031,-2.191313,212.677673,103.109184,-101.374161,0.300591,0.414485,0.653399,-0.557602,
4289,1861906747,-14.577223,-1.992850,-2.631957,203.050507,91.956596,-96.656357,0.271397,0.421284,0.646585,-0.575148,
4290,1861923414,-13.405857,2.162064,-2.497392,135.197403,77.796265,-72.864304,0.249424,0.426063,0.642818,-0.585702,
4291,1861940081,-11.696784,6.000543,-2.280804,45.509064,60.047623,-39.453739,0.237417,0.429034,0.643723,-0.587527,
4292,1861956748,-9.017890,9.214979,-0.963269,-4.173039,28.159121,-7.018657,0.234250,0.430566,0.645689,-0.585516,
4293,1861973415,-5.597053,8.658331,-0.722331,-57.518791,11.038100,19.292593,0.238265,0.431274,0.649932,-0.578640,
4294,1861990082,-3.367138,6.837256,0.264994,-88.127243,11.358842,45.042831,0.246304,0.433322,0.655051,-0.567872,
4295,1862006749,-1.882138,3.761257,0.052111,-133.461105,9.729088,85.713982,0.260625,0.437326,0.661047,-0.551218,
4296,1862023416,2.487602,-7.404302,6.111608,-47.690296,-2.201724,99.297150,0.271626,0.444759,0.658589,-0.542837,
4297,1862040083,3.207149,-6.975662,3.479538,-123.424881,-33.693584,71.254662,0.288231,0.443869,0.662449,-0.530159,
4298,1862056750,-0.179866,-4.612989,-3.122016,-106.858475,-25.227726,50.196785,0.301216,0.442127,0.666494,-0.519213,
4299,1862073417,-1.955804,-6.788057,-4.497673,46.460815,13.841273,41.917595,0.299869,0.449162,0.661076,-0.520879,
4300,1862090084,-0.197153,-6.114381,-11.205908,96.685425,50.333992,14.732928,0.289620,0.458462,0.655110,-0.526087,
4301,1862106751,-1.761000,-0.088822,-1.048067,202.249817,52.148952,7.818758,0.271460,0.471418,0.641224,-0.541211,
4302,1862123418,-2.021528,7.905849,9.886470,182.556396,30.444103,15.821422,0.257079,0.482248,0.626956,-0.555227,
4303,1862140085,-9.540733,-2.221460,-2.873920,-324.077911,-30.468918,12.851171,0.283159,0.468233,0.650585,-0.526614,
4304,1862156752,-35.480488,-14.690031,-1.950507,127.004662,98.361450,-30.868986,0.262592,0.477860,0.647036,-0.532958,
4305,1862173419,-20.480013,3.069970,-5.197321,-56.121368,-88.063217,-40.454510,0.271444,0.464941,0.650956,-0.535171,
4306,1862190086,-17.374954,17.507324,2.004207,42.406380,-20.684093,0.858288,0.270433,0.464997,0.646972,-0.540440,
4307,1862206753,-17.479933,10.158732,-3.849571,-43.768044,-34.229668,104.952530,0.284668,0.470320,0.642075,-0.534328,
4308,1862223420,-19.206734,-4.060877,-3.632902,-63.013126,-64.689629,193.065964,0.309738,0.480417,0.630986,-0.524521,
4309,1862240087,-19.779537,-12.522162,-4.123435,18.666565,-36.302235,188.894012,0.325913,0.495562,0.614691,-0.519960,
4310,1862256754,-15.313624,-9.149205,-1.549696,55.362289,-22.198671,168.516327,0.336405,0.511333,0.597315,-0.518255,
4311,1862273421,-16.575670,-5.267787,-0.882371,32.140518,-33.916969,157.003220,0.348568,0.523773,0.581608,-0.515653,
4312,1862290088,-16.800076,-4.036960,-1.618137,-20.067554,-64.138199,122.361778,0.364501,0.528117,0.570643,-0.512447,
4313,1862306755,-14.910969,-0.147331,-3.337398,-40.328876,-78.476067,98.317657,0.381248,0.528121,0.562056,-0.509739,
4314,1862323422,-14.068251,0.984465,-3.859787,-78.673424,-85.300453,96.109604,0.401176,0.525092,0.555869,-0.504331,
4315,1862340089,-11.678957,-3.843792,-3.750985,-135.813171,-106.429413,89.684036,0.426449,0.516328,0.552777,-0.495972,
4316,1862356756,-8.185843,-10.210013,-4.353150,-185.119064,-125.888008,80.243690,0.455881,0.501831,0.552194,-0.485204,
4317,1862373423,-3.396984,-13.820062,-4.259987,-163.635834,-121.906677,80.231659,0.482920,0.488482,0.549755,-0.475338,
4318,1862390090,-1.215725,-12.255795,-4.613122,-92.550064,-91.352562,75.357697,0.501768,0.481483,0.544488,-0.468977,
4319,1862406757,-0.952161,-10.733241,-4.283599,-19.901747,-58.219227,60.995625,0.511766,0.480755,0.537522,-0.466952,
4320,1862423424,1.657100,-10.436851,-3.752648,50.393162,-21.516674,43.470497,0.512721,0.486321,0.529674,-0.469103,
4321,1862440091,5.621517,-10.149388,-5.603980,97.116013,10.876998,19.121552,0.506134,0.495629,0.522700,-0.474309,
4322,1862456758,8.607710,-9.879189,-6.390698,122.618248,41.265560,-17.586594,0.492720,0.505979,0.518704,-0.481832,
4323,1862473425,5.151401,-6.965771,-5.691116,157.008286,56.250687,-60.707554,0.472366,0.516329,0.516282,-0.493690,
4324,1862490092,-0.719744,-1.631710,-3.926269,173.586380,35.364532,-96.897545,0.449375,0.523205,0.513560,-0.510469,
4325,1862506759,-3.678851,1.972630,0.441426,93.617180,-0.264628,-125.877083,0.432663,0.519681,0.516294,-0.525526,
4326,1862523426,-6.579675,1.661828,1.928623,-28.453014,-24.356585,-153.144470,0.424673,0.504312,0.528629,-0.534675,
4327,1862540093,-11.028056,1.158009,0.345463,-118.011726,-33.164207,-185.219330,0.421098,0.479861,0.549312,-0.539138,
4328,1862556760,-18.661394,-3.776319,-2.758121,-151.289230,-9.252708,-224.233795,0.414324,0.451503,0.576067,-0.540954,
4329,1862573427,-23.988665,-9.306428,-4.122559,-138.097076,23.437630,-175.422668,0.407235,0.430000,0.599787,-0.538069,
4330,1862590094,-17.513901,-7.808090,-2.745817,-94.140114,43.246712,-96.013870,0.401572,0.419250,0.615823,-0.532668,
4331,1862606761,-17.277512,-7.423703,-2.964883,-92.635483,49.276653,-116.219948,0.393517,0.407041,0.633030,-0.527957,
4332,1862623428,-18.198883,-9.406171,-3.097887,-8.038836,68.067543,-146.121674,0.376213,0.398142,0.646239,-0.531343,
4333,1862640095,-18.425909,-11.343981,-2.972425,83.273758,95.227356,-138.577179,0.351402,0.396783,0.653015,-0.540975,
4334,1862656762,-17.071667,-9.984029,-2.689862,155.451401,117.410873,-105.441353,0.322612,0.403646,0.652746,-0.554002,
4335,1862673429,-16.821634,-6.500356,-2.623555,188.638168,115.280891,-105.215881,0.291721,0.411447,0.648931,-0.569651,
4336,1862690096,-16.673071,-3.383935,-2.603172,182.657104,95.216171,-110.999557,0.262247,0.416284,0.644316,-0.585487,
4337,1862706763,-15.956549,-0.403896,-2.455754,162.195892,76.783745,-95.713470,0.236774,0.419779,0.639154,-0.599341,
4338,1862723430,-13.451360,3.287921,-2.183730,101.623367,59.207687,-66.386444,0.219039,0.422118,0.636469,-0.607247,
4339,1862740097,-10.819559,5.361412,-0.620965,43.499184,39.878963,-28.494251,0.209958,0.424307,0.635819,-0.609606,
4340,1862756764,-7.600575,5.940368,0.657266,-18.868673,16.859795,-2.850059,0.209121,0.424901,0.638378,-0.606799,
4341,1862773431,-5.459122,4.462664,0.667061,-76.409447,4.431977,27.130552,0.215626,0.425400,0.643733,-0.598458,
4342,1862790098,-3.917264,4.365208,-0.547541,-132.563416,9.772763,52.805080,0.227281,0.426885,0.652367,-0.583552,
4343,1862806765,-1.968151,1.924879,2.173363,-80.855263,-0.011910,79.469429,0.238839,0.431630,0.654404,-0.573071,
4344,1862823432,2.590549,-4.303829,3.656217,-65.471405,-14.722437,88.879883,0.251553,0.436465,0.653883,-0.564500,
4345,1862840099,2.890863,-6.201029,6.117861,-94.712631,-32.045502,72.837013,0.266380,0.437154,0.655957,-0.554673,
4346,1862856766,0.795531,-2.693337,-0.157681,-173.645767,-64.231979,49.008408,0.287225,0.429674,0.664306,-0.539985,
4347,1862873433,-0.344598,-4.329119,-9.722513,-90.157646,-18.259344,38.566620,0.297449,0.428069,0.668345,-0.530660,
4348,1862890100,1.788098,-3.262654,-12.951401,101.429550,37.322903,7.334262,0.287862,0.435909,0.661796,-0.537725,
4349,1862906767,1.118756,-4.257643,-3.628686,210.843246,82.799599,-20.247906,0.264611,0.448939,0.649906,-0.553228,
4350,1862923434,-7.845937,-13.107780,8.090380,-101.284546,22.997068,-35.958473,0.265945,0.443357,0.661413,-0.543364,
4351,1862940101,-30.425638,-8.802973,2.556972,48.495312,63.896290,-76.299828,0.250426,0.442801,0.665090,-0.546693,
4352,1862956768,-20.541199,10.178237,-9.804807,-82.880653,-123.133476,-81.531929,0.260938,0.421890,0.672443,-0.549313,
4353,1862973435,-17.241432,12.641720,0.704040,-44.983494,23.463642,-4.550804,0.260857,0.421520,0.677385,-0.543534,
4354,1862990102,-12.330639,6.345763,-1.248589,-32.196724,-32.950520,85.708450,0.272659,0.426019,0.673552,-0.538977,
4355,1863006769,-12.914399,-8.098561,-2.950397,-23.579624,-42.082203,173.660767,0.291600,0.438575,0.662938,-0.532108,
4356,1863023436,-21.908384,-13.648978,-4.126122,62.731716,-2.050816,169.951645,0.300691,0.457234,0.647129,-0.530802,
4357,1863040103,-20.229225,-7.241671,-2.636277,105.806473,-22.134436,132.120056,0.305694,0.472370,0.629215,-0.536199,
4358,1863056770,-16.908880,1.969596,-1.546055,39.070976,-26.532047,134.154251,0.315687,0.484143,0.615848,-0.535428,
4359,1863073437,-18.064228,4.514079,-1.225340,-52.093426,-39.512783,141.919128,0.333723,0.491191,0.608150,-0.526799,
4360,1863090104,-17.524199,0.767203,-2.120673,-98.231400,-77.016998,128.960999,0.357185,0.491691,0.602731,-0.517086,
4361,1863106771,-14.580939,-3.642420,-2.890247,-117.114342,-99.749878,122.127434,0.383212,0.488538,0.597591,-0.507314,
4362,1863123438,-12.626372,-6.414601,-2.989347,-108.674042,-110.088524,119.600739,0.409044,0.484479,0.590950,-0.498744,
4363,1863140105,-9.770679,-8.143848,-3.158673,-89.390045,-116.031227,113.597809,0.433280,0.480251,0.582531,-0.492228,
4364,1863156772,-6.242936,-9.634140,-3.514639,-59.290871,-110.346855,105.514816,0.454076,0.477334,0.572509,-0.488062,
4365,1863173439,-4.331929,-9.793512,-2.268995,-23.662212,-92.290741,96.708778,0.470054,0.477092,0.561495,-0.485963,
4366,1863190106,-3.060005,-10.760247,-1.621848,15.683093,-77.711189,86.823112,0.481254,0.479603,0.549197,-0.486582,
4367,1863206773,-3.178885,-9.827756,-2.410050,80.270126,-54.041191,80.028389,0.485428,0.487620,0.534295,-0.491038,
4368,1863223440,-3.262026,-7.983355,-3.738438,71.786842,-42.818810,70.206108,0.488491,0.494936,0.521339,-0.494595,
4369,1863240107,-0.944313,-8.127112,-6.068696,29.585155,-34.078449,60.594223,0.493146,0.499065,0.512640,-0.494919,
4370,1863256774,2.253082,-6.835319,-6.363365,12.171372,-27.352070,36.660336,0.496800,0.500604,0.507377,-0.495133,
4371,1863273441,6.134343,-7.084974,-5.020445,11.820253,-6.032687,-20.370207,0.494782,0.499431,0.507821,-0.497877,
4372,1863290108,7.922447,-8.603918,-4.686560,35.900440,25.443243,-67.503777,0.485235,0.498749,0.512173,-0.503467,
4373,1863306775,3.984533,-7.098568,-4.175030,72.264297,29.835274,-83.348633,0.471459,0.499669,0.515216,-0.512459,
4374,1863323442,-1.686122,-3.857505,-0.346899,40.406933,11.005530,-111.890343,0.459139,0.494714,0.521267,-0.522239,
4375,1863340109,-7.767744,-3.104527,1.539475,-2.236309,2.330501,-161.059525,0.446611,0.482310,0.533290,-0.532467,
4376,1863356776,-15.027591,-3.648084,0.703442,-54.322823,8.745479,-207.768677,0.433276,0.463022,0.552623,-0.540826,
4377,1863373443,-23.073275,-4.289078,-1.897647,-78.798981,33.249321,-197.633377,0.419985,0.444474,0.574192,-0.544392,
4378,1863390110,-24.975765,-2.111200,-4.232790,-71.881966,56.919003,-121.809975,0.409957,0.434218,0.591329,-0.541963,
4379,1863406777,-20.393734,-2.844308,-3.796863,-93.690720,55.577190,-105.565529,0.402497,0.423736,0.608781,-0.536501,
4380,1863423444,-19.419735,-7.706581,-2.393224,-70.287209,65.465462,-127.075287,0.390829,0.413271,0.625991,-0.533478,
4381,1863440111,-18.849443,-12.267502,-2.236158,-2.969512,87.624260,-134.525681,0.372303,0.407443,0.639339,-0.535378,
4382,1863456778,-17.132299,-14.521496,-1.595714,108.328140,122.331192,-110.564751,0.345561,0.412287,0.644035,-0.543902,
4383,1863473445,-15.867267,-9.486788,-2.228036,187.454926,124.304489,-103.099388,0.314113,0.421520,0.641436,-0.558764,
4384,1863490112,-15.976324,-3.302083,-2.516649,207.427551,110.868263,-112.185646,0.281524,0.429147,0.636277,-0.575963,
4385,1863506779,-16.184835,2.228231,-3.533690,162.438553,96.732620,-96.338097,0.254040,0.434700,0.632553,-0.588541,
4386,1863523446,-16.173971,6.460382,-2.630147,90.412781,83.718887,-58.110210,0.235409,0.439702,0.631666,-0.593504,
4387,1863540113,-12.984596,9.375429,-1.333613,-6.766375,53.916203,-28.184662,0.228260,0.441452,0.636078,-0.590275,
4388,1863556780,-7.863077,8.351121,0.939268,-60.966972,34.674805,-7.442182,0.228135,0.441630,0.643110,-0.582520,
4389,1863573447,-4.472425,4.225155,2.030307,-73.117882,14.052346,23.723810,0.233337,0.442522,0.648406,-0.573848,
4390,1863590114,-1.076917,0.675076,0.347055,-84.015579,1.715624,61.747833,0.243537,0.445521,0.651627,-0.563548,
4391,1863606781,1.573558,-3.752815,0.148243,-87.079636,4.296907,96.105812,0.256436,0.451750,0.652774,-0.551410,
4392,1863623448,1.893379,-6.468432,5.141059,-4.671441,-10.065862,93.375923,0.264996,0.459519,0.646781,-0.547994,
4393,1863640115,1.273050,-1.600996,2.551759,-4.847407,-33.382141,57.605667,0.272873,0.461994,0.642207,-0.547427,
4394,1863656782,-2.026920,0.015927,-2.727968,-73.056587,-20.088722,54.475388,0.283805,0.462464,0.643714,-0.539646,
4395,1863673449,-2.704336,-2.169032,-4.178177,-52.771317,-5.847309,42.834503,0.291086,0.463735,0.644910,-0.533211,
4396,1863690116,-1.694952,-3.928550,-7.895784,-64.398216,8.116807,10.592005,0.295312,0.462528,0.649713,-0.526056,
4397,1863706783,-1.933262,-2.692174,-6.062127,49.490696,13.649807,-5.404163,0.290106,0.465092,0.647069,-0.529938,
4398,1863723450,-2.612010,1.166591,3.439104,191.033920,48.589577,-0.624011,0.272279,0.476566,0.634386,-0.544341,
4399,1863740117,-10.222376,-6.773071,0.385709,-196.291779,2.745036,-1.331491,0.285248,0.468617,0.650078,-0.525770,
4400,1863756784,-23.584166,-12.347266,-0.755019,125.148338,38.441509,-29.058193,0.270644,0.473828,0.644170,-0.535992,
4401,1863773451,-23.401941,2.557968,0.188847,-31.884642,-22.787169,-59.858864,0.270130,0.465082,0.650057,-0.536803,
4402,1863790118,-17.557432,14.223475,-1.402695,51.921707,-22.565920,-7.400017,0.268003,0.464566,0.645799,-0.543415,
4403,1863806785,-16.127958,13.348611,-2.399748,-54.069439,-35.763874,78.089867,0.281004,0.466845,0.643534,-0.537551,
4404,1863823452,-17.259876,-1.414320,-2.621087,-78.861229,-66.328194,150.804489,0.304110,0.472317,0.636725,-0.528222,
4405,1863840119,-18.863626,-10.789918,-4.038281,-9.061136,-47.523067,165.668747,0.321624,0.483387,0.623944,-0.523061,
4406,1863856786,-16.303377,-7.319492,-4.132562,55.215176,-29.247581,133.345291,0.330331,0.495662,0.609068,-0.523680,
4407,1863873453,-15.585935,-3.422666,-2.787478,44.671822,-30.879847,128.090851,0.339401,0.506631,0.595038,-0.523513,
4408,1863890120,-15.732413,-3.191500,-3.998734,8.596189,-46.152122,113.449257,0.351216,0.513210,0.583867,-0.521886,
4409,1863906787,-14.796955,-1.924864,-4.283631,-26.277164,-56.919872,99.011803,0.365349,0.515812,0.575698,-0.518684,
4410,1863923454,-14.475476,-0.485809,-4.022864,-53.541172,-62.490788,103.083847,0.382183,0.516721,0.568798,-0.513233,
4411,1863940121,-13.552797,-2.963257,-3.332510,-82.790787,-76.841049,104.170059,0.402321,0.514801,0.562959,-0.506160,
4412,1863956788,-11.739910,-6.758442,-3.329853,-93.557777,-90.338036,99.973877,0.423847,0.510643,0.557140,-0.499195,
4413,1863973455,-9.627904,-8.456641,-3.548647,-90.044586,-94.287788,97.170990,0.444991,0.505902,0.550721,-0.492704,
4414,1863990122,-7.592480,-9.364244,-2.543040,-86.204788,-88.350533,100.076912,0.465342,0.501792,0.543901,-0.485631,
4415,1864006789,-6.519227,-10.607646,-2.486327,-59.669529,-75.086121,102.999176,0.482693,0.500409,0.535637,-0.479265,
4416,1864023456,-5.333995,-9.777408,-2.534397,-0.908833,-54.185169,103.442986,0.494000,0.504468,0.524530,-0.475760,
4417,1864040123,-4.488220,-7.997808,-2.315403,34.675087,-36.533779,89.464546,0.500259,0.511112,0.513127,-0.474563,
4418,1864056790,-1.089266,-7.081336,-4.356282,51.752838,-28.193670,55.943825,0.502222,0.516982,0.503556,-0.476379,
4419,1864073457,3.153023,-8.276134,-5.387093,54.411930,-12.263488,12.988535,0.499790,0.520953,0.498148,-0.480282,
4420,1864090124,5.106827,-10.340166,-4.520209,61.485130,4.121517,-30.783417,0.492532,0.523367,0.496714,-0.486600,
4421,1864106791,4.061468,-10.019527,-4.225430,96.449150,27.364811,-58.650734,0.478862,0.527814,0.496498,-0.495576,
4422,1864123458,1.002620,-7.447610,-3.302552,135.744446,38.759384,-74.757240,0.459992,0.534437,0.495278,-0.507433,
4423,1864140125,-2.101145,-3.077359,-0.801043,124.811096,23.642223,-97.970116,0.441094,0.537248,0.495389,-0.520956,
4424,1864156792,-4.496813,-0.961046,1.219607,54.887543,-1.166427,-123.891243,0.427274,0.531572,0.500999,-0.532797,
4425,1864173459,-5.553598,-0.468779,0.736981,3.589472,-13.860893,-137.731339,0.417100,0.520501,0.510662,-0.542526,
4426,1864190126,-7.731849,0.426590,-0.924951,-35.656868,-9.947538,-147.316666,0.408659,0.506408,0.524152,-0.549379,
4427,1864206793,-19.252029,-2.476791,-3.677113,-51.486309,24.891851,-187.447525,0.395253,0.490765,0.543583,-0.554478,
4428,1864223460,-31.856232,-9.506810,-2.912490,-38.449036,3.536531,-201.480591,0.381130,0.472615,0.561267,-0.562457,
4429,1864240127,-16.653473,-8.313598,-0.805542,-20.261818,56.922771,-115.425484,0.368193,0.466563,0.574150,-0.563124,
4430,1864256794,-19.007128,-6.130268,-1.456475,-43.396503,71.179108,-119.869987,0.355118,0.459872,0.589754,-0.560894,
4431,1864273461,-18.622219,-6.131450,-1.802061,-23.894917,52.984489,-148.937943,0.339747,0.449978,0.604471,-0.562770,
4432,1864290128,-18.213467,-6.900544,-1.869301,26.784698,41.168766,-162.550461,0.320785,0.440159,0.614991,-0.570216,
4433,1864306795,-14.354013,-7.766902,-2.399806,74.686035,58.767029,-122.232986,0.300344,0.437390,0.619428,-0.578615,
4434,1864323462,-13.360641,-6.422614,-2.074956,121.501854,82.391846,-92.130432,0.277157,0.441113,0.618685,-0.588079,
4435,1864340129,-14.397111,-3.476312,-1.494825,126.161873,73.857407,-91.795624,0.254290,0.444042,0.616781,-0.598121,
4436,1864356796,-15.239340,-0.848641,-1.103674,102.493988,61.676559,-83.239609,0.234651,0.445562,0.615596,-0.606184,
4437,1864373463,-14.414830,3.262419,-2.892024,-6.555628,41.627193,-59.511433,0.225900,0.443591,0.621625,-0.604799,
4438,1864390130,-11.398980,7.964540,-2.327950,-85.658707,5.897630,-29.723785,0.228073,0.438508,0.631422,-0.597497,
4439,1864406797,-5.965829,7.257095,-0.836408,-119.545784,-4.364433,-8.873381,0.235110,0.433220,0.642338,-0.586898,
4440,1864423464,-2.325318,3.666193,1.949311,-39.112080,1.674128,19.006062,0.238857,0.433728,0.644725,-0.582375,
4441,1864440131,0.513255,0.232675,0.669438,-22.453770,-7.934725,51.753513,0.245217,0.437050,0.643266,-0.578851,
4442,1864456798,2.395900,-1.886748,0.032100,-37.076069,-8.248973,66.936516,0.253790,0.441203,0.642000,-0.573384,
4443,1864473465,-0.025902,0.427932,0.115353,-37.471981,-10.179605,70.694099,0.262850,0.445474,0.640374,-0.567792,
4444,1864490132,-2.867521,1.486324,-0.376998,-51.245155,-1.276250,69.884544,0.271867,0.449814,0.640184,-0.560289,
4445,1864506799,-3.867244,-3.724451,-0.117269,-30.588799,4.742676,68.743164,0.278843,0.455294,0.638536,-0.554283,
4446,1864523466,-1.580469,-7.666557,-5.153925,-26.759710,5.191407,45.868889,0.283656,0.458800,0.638056,-0.549482,
4447,1864540133,-0.659022,-7.516559,-5.683419,78.060974,33.774494,21.422831,0.276834,0.466595,0.631941,-0.553450,
4448,1864556800,-0.714918,-3.427071,1.522546,185.946808,47.720150,14.361758,0.260708,0.478986,0.617889,-0.566410,
4449,1864573467,-2.360343,2.974634,6.192663,133.879044,33.882469,9.457328,0.248895,0.487540,0.607577,-0.575508,
4450,1864590134,-9.513823,-14.564386,-17.823009,-375.338501,-5.007058,-13.088875,0.274305,0.471591,0.639030,-0.542221,
4451,1864606801,-23.597328,-9.719394,13.866753,389.357147,108.773224,-60.943634,0.232050,0.489119,0.615943,-0.572305,
4452,1864623468,-19.781046,3.100969,-4.733032,25.923775,-0.122189,-88.896385,0.222628,0.481909,0.620259,-0.577480,
4453,1864640135,-19.879328,17.301352,-0.367500,59.283104,3.197541,20.049728,0.219692,0.485826,0.614159,-0.581826,
4454,1864656802,-19.183697,15.708935,-4.731175,-108.193733,-53.026070,111.536896,0.241291,0.487653,0.613768,-0.572071,
4455,1864673469,-23.316515,-0.809407,-5.564991,-137.167236,-43.985218,167.261398,0.268588,0.493807,0.611663,-0.556676,
4456,1864690136,-22.895988,-12.491809,-5.317022,-47.088402,-42.178017,185.473923,0.290489,0.504796,0.600467,-0.547942,
4457,1864706803,-13.156219,-10.472170,-2.934373,76.836266,-7.205087,187.324173,0.300145,0.523550,0.580241,-0.546930,
4458,1864723470,-14.198637,-3.429401,-2.168121,117.681374,4.072624,174.066879,0.304416,0.543399,0.557754,-0.548600,
4459,1864740137,-16.205963,-3.686887,-1.876104,22.093113,-22.817276,147.366486,0.316080,0.554329,0.543424,-0.545442,
4460,1864756804,-15.692708,-1.539392,-2.228112,-56.139114,-45.663280,123.059235,0.333789,0.557681,0.535965,-0.538815,
4461,1864773471,-14.967829,-1.462182,-2.596691,-121.189743,-63.616104,108.865311,0.356882,0.555064,0.533597,-0.528977,
4462,1864790138,-13.609111,-4.966537,-2.910392,-148.161545,-83.988632,91.540207,0.382146,0.547739,0.533263,-0.519212,
4463,1864806805,-9.986362,-8.825939,-4.066079,-152.666214,-100.847366,79.910194,0.407886,0.537542,0.532825,-0.510666,
4464,1864823472,-6.437424,-9.625346,-3.906910,-143.498367,-98.629181,88.812080,0.433061,0.528300,0.530705,-0.501710,
4465,1864840139,-4.244440,-8.878546,-3.868900,-140.028107,-92.724617,98.289467,0.457855,0.520014,0.527555,-0.491572,
4466,1864856806,-3.332243,-9.236014,-4.443583,-109.144051,-84.827812,99.464737,0.479469,0.514073,0.522265,-0.482785,
4467,1864873473,-1.835339,-9.811812,-3.884979,-69.189713,-67.767830,84.576859,0.495523,0.510740,0.516226,-0.476567,
4468,1864890140,1.542571,-11.346862,-4.019060,-42.367760,-42.359177,51.936523,0.505295,0.508528,0.512464,-0.472716,
4469,1864906807,4.602621,-13.399922,-4.307662,37.281242,2.205014,4.038995,0.502518,0.511621,0.510007,-0.474990,
4470,1864923474,4.975109,-13.573617,-5.135121,94.016151,32.762203,-36.429489,0.490386,0.517901,0.508811,-0.482096,
4471,1864940141,3.098088,-11.013706,-5.245494,153.632126,55.761791,-64.841728,0.469847,0.527708,0.506991,-0.493693,
4472,1864956808,-0.660689,-6.103302,-4.331250,203.926392,55.765781,-87.973114,0.443370,0.538778,0.502891,-0.510143,
4473,1864973475,-3.303283,-0.635968,-1.116339,170.495712,20.552666,-111.585251,0.419889,0.542814,0.500349,-0.527921,
4474,1864990142,-5.841020,0.901456,1.517446,50.313320,-14.777009,-136.920166,0.406236,0.534587,0.506539,-0.540935,
4475,1865006809,-8.770082,1.187547,0.211470,-29.755074,-25.574957,-161.682327,0.397443,0.518674,0.520046,-0.550066,
4476,1865023476,-14.421769,0.989641,-2.699224,-68.764481,-10.338658,-188.750549,0.387983,0.499299,0.539214,-0.556257,
4477,1865040143,-27.924372,-6.381679,-4.287920,-88.208214,9.159652,-211.347580,0.376192,0.478135,0.562155,-0.560225,
4478,1865056810,-19.034716,-8.741194,-1.824104,-84.821266,7.134409,-145.494232,0.369367,0.461957,0.579643,-0.560519,
4479,1865073477,-18.978558,-7.959697,-1.895731,-38.231308,57.414497,-128.913681,0.356325,0.453528,0.594608,-0.560169,
4480,1865090144,-20.666288,-7.625594,-3.681869,-48.015411,54.262638,-147.267166,0.342518,0.442511,0.611105,-0.559839,
4481,1865106811,-19.594955,-7.845752,-3.259171,-7.434661,60.177845,-147.332230,0.325374,0.433741,0.624250,-0.562420,
4482,1865123478,-16.970890,-9.405672,-1.644052,68.547386,83.678726,-124.409767,0.302994,0.432323,0.630492,-0.569012,
4483,1865140145,-13.687367,-6.438809,-2.449151,139.435516,84.484955,-101.207535,0.277796,0.435926,0.629012,-0.580642,
4484,1865156812,-13.484643,-4.001853,-2.908180,171.751297,84.704147,-97.312935,0.250615,0.440824,0.624009,-0.594545,
4485,1865173479,-13.984514,-0.604545,-2.213013,162.717590,78.464043,-87.021561,0.225240,0.445383,0.618326,-0.607106,
4486,1865190146,-14.373055,3.546482,-3.589885,56.436459,71.450500,-62.646549,0.209406,0.447786,0.619871,-0.609427,
4487,1865206813,-13.453022,8.498039,-2.977560,-37.808926,42.171616,-30.166012,0.205195,0.447574,0.626650,-0.604058,
4488,1865223480,-9.134027,8.660496,-0.560204,-85.136108,20.240938,1.060350,0.208785,0.446815,0.634818,-0.594790,
4489,1865240147,-5.092756,5.142550,2.872974,-14.982616,12.247827,31.112906,0.211138,0.450229,0.634657,-0.591548,
4490,1865256814,-1.327191,1.109418,1.202499,-35.903053,-0.756178,64.833900,0.218950,0.454964,0.633642,-0.586149,
4491,1865273481,2.095657,-4.255653,1.540822,-37.418346,-20.346443,81.957222,0.230097,0.459492,0.630907,-0.581276,
4492,1865290148,1.524066,-1.473143,1.631792,-5.213199,-26.422867,77.991684,0.239276,0.464147,0.625412,-0.579808,
4493,1865306815,-1.613565,1.889001,-0.993213,-19.291853,-21.384644,67.716377,0.248051,0.467745,0.621896,-0.577005,
4494,1865323482,-4.817497,-1.567732,-0.708733,-23.316149,-5.183442,63.903847,0.255289,0.472164,0.619498,-0.572813,
4495,1865340149,-4.631698,-5.769135,-3.185805,-63.922806,-2.715515,42.536537,0.263286,0.473305,0.621973,-0.565524,
4496,1865356816,-3.903502,-6.560876,-6.485203,-84.384789,-2.501709,17.920988,0.270609,0.471385,0.627745,-0.557231,
4497,1865373483,-2.843739,-4.031570,-3.219021,29.661947,1.558955,15.878638,0.269550,0.474053,0.624520,-0.559102,
4498,1865390150,-2.519138,0.865119,3.431337,133.118988,25.352833,19.778168,0.259457,0.482967,0.613418,-0.568460,
4499,1865406817,-3.679664,4.632944,4.218278,30.828079,19.629002,17.799976,0.256841,0.487270,0.610564,-0.569048,
4500,1865423484,-8.406327,-0.536805,-7.798584,-139.432159,-13.423408,18.449747,0.269225,0.482423,0.620378,-0.556706,
4501,1865440151,-15.748871,-12.536817,-0.842429,-19.023436,49.440834,21.486082,0.267667,0.487536,0.622538,-0.550557,
4502,1865456818,-26.877306,-13.318035,2.672441,73.982430,28.213957,-6.641405,0.259156,0.491973,0.618355,-0.555376,
4503,1865473485,-20.000715,6.262186,-1.338838,128.092239,-4.850985,17.978354,0.251674,0.497872,0.606643,-0.566367,
4504,1865490152,-16.734516,17.140385,-1.539035,42.211239,-26.214706,88.000473,0.258000,0.504910,0.595981,-0.568606,
4505,1865506819,-20.189081,9.128860,-2.439344,-17.683409,-22.356937,156.053329,0.273929,0.515737,0.585198,-0.562606,
4506,1865523486,-21.614025,-3.564359,-5.735565,-89.626518,-57.090397,191.355286,0.300894,0.523469,0.575821,-0.551250,
4507,1865540153,-12.728432,-11.835841,-4.384901,-60.011307,-51.307434,184.539444,0.324298,0.531909,0.564309,-0.541722,
4508,1865556820,-11.166434,-9.745165,-2.793544,17.250828,-23.863249,172.403381,0.338275,0.544764,0.548528,-0.536585,
4509,1865573487,-14.500525,-5.407648,-2.255124,30.969614,-19.490477,149.045456,0.348802,0.556464,0.533434,-0.533044,
4510,1865590154,-15.809275,-0.778818,-1.949939,-2.573071,-31.860155,111.887512,0.359989,0.562409,0.523116,-0.529583,
4511,1865606821,-15.307930,1.013011,-2.540372,-82.648895,-54.079391,94.576813,0.377962,0.560943,0.519043,-0.522576,
4512,1865623488,-14.030074,-4.266343,-3.767819,-162.897705,-75.523499,94.068047,0.403824,0.553046,0.519605,-0.510961,
4513,1865640155,-11.846063,-9.841668,-3.977572,-192.698303,-99.109795,93.147560,0.433381,0.541013,0.520540,-0.498526,
4514,1865656822,-7.172833,-10.333264,-3.908371,-178.368851,-109.527641,87.863922,0.461725,0.528113,0.519609,-0.487766,
4515,1865673489,-3.506806,-9.006255,-4.298372,-137.638687,-96.739006,73.965401,0.484572,0.517329,0.517251,-0.479599,
4516,1865690156,0.205807,-10.098989,-4.559007,-105.435860,-75.192970,37.973705,0.500597,0.507325,0.516593,-0.474509,
4517,1865706823,2.608925,-12.825550,-4.565113,-52.962791,-34.122917,-9.407026,0.506275,0.500295,0.518682,-0.473670,
4518,1865723490,3.120076,-13.920052,-4.289559,12.444678,6.417955,-49.184010,0.501354,0.497836,0.522110,-0.477713,
4519,1865740157,3.000786,-12.656698,-5.423538,101.765129,44.809036,-70.438080,0.485462,0.502834,0.523562,-0.487208,
4520,1865756824,1.079529,-8.814864,-5.209843,188.409271,67.400055,-82.865540,0.460299,0.514259,0.521025,-0.502195,
4521,1865773491,-0.869259,-3.575970,-3.127429,225.574219,51.714161,-95.099251,0.432118,0.525500,0.515037,-0.521407,
4522,1865790158,-2.050514,-0.372169,0.067687,146.270309,13.994614,-116.705269,0.410732,0.526735,0.513809,-0.538381,
4523,1865806825,-3.900779,0.912744,1.786881,9.258424,-22.253998,-140.993591,0.400403,0.514818,0.522699,-0.549025,
4524,1865823492,-6.445566,1.731565,0.450688,-60.058235,-34.002632,-151.512039,0.395111,0.496860,0.536955,-0.555607,
4525,1865840159,-12.155027,1.968504,-2.295755,-74.640434,-14.712250,-175.097076,0.387189,0.477439,0.554831,-0.560627,
4526,1865856826,-29.586395,-5.462954,-5.507413,-59.212303,25.657818,-233.392654,0.369792,0.456990,0.577199,-0.566797,
4527,1865873493,-25.178045,-6.472032,-1.730523,-60.618191,-10.873842,-164.858521,0.360847,0.438766,0.592611,-0.571043,
4528,1865890160,-17.637068,-7.484770,-0.144968,-78.813789,59.255356,-107.127213,0.351610,0.430140,0.609196,-0.565893,
4529,1865906827,-18.793419,-7.806626,-2.299708,-95.880745,51.639126,-137.935654,0.341381,0.417041,0.628378,-0.560964,
4530,1865923494,-19.145285,-9.048679,-2.307302,-41.995621,40.603195,-158.850861,0.326967,0.403538,0.643480,-0.562305,
4531,1865940161,-16.973202,-9.876754,-1.365824,22.342407,42.723373,-135.188126,0.310339,0.395267,0.651689,-0.568119,
4532,1865956828,-12.462035,-7.531334,-1.329474,102.063011,62.197746,-91.705139,0.290731,0.396139,0.651387,-0.578142,
4533,1865973495,-11.518063,-4.098321,-1.351432,150.966705,70.871254,-82.117432,0.268114,0.400475,0.646389,-0.591540,
4534,1865990162,-11.613215,-1.552741,-1.768389,159.661423,61.508484,-76.405663,0.246165,0.404585,0.639467,-0.605640,
4535,1866006829,-12.371080,3.108718,-2.311457,85.178162,60.313438,-54.251492,0.230533,0.407774,0.637425,-0.611775,
4536,1866023496,-12.398951,6.844405,-2.206418,-28.562910,33.950375,-20.135056,0.227089,0.407898,0.642482,-0.607676,
4537,1866040163,-8.726744,7.276535,-1.094965,-96.595406,7.966450,11.593164,0.232889,0.406393,0.650727,-0.597633,
4538,1866056830,-5.039077,4.560304,0.600814,-103.634789,-0.496383,41.148636,0.242423,0.406619,0.657397,-0.586281,
4539,1866073497,-2.108074,1.222796,1.195881,-77.771812,-5.607028,78.124069,0.254009,0.410752,0.659322,-0.576247,
4540,1866090164,0.975709,-3.358541,1.044538,-50.658958,-24.884424,103.955338,0.267920,0.416636,0.656538,-0.568854,
4541,1866106831,2.755686,-4.504117,0.008966,-42.509846,-26.115686,109.849327,0.281862,0.423174,0.652481,-0.561916,
4542,1866123498,0.501548,-2.275748,-0.930931,-24.337772,-21.121731,93.609154,0.292812,0.429216,0.647980,-0.556921,
4543,1866140165,-2.248937,-3.159610,-2.645070,-25.211264,-0.775082,73.215126,0.300199,0.434877,0.645584,-0.551351,
4544,1866156832,-3.332956,-7.222537,-3.064837,-6.785336,16.121927,57.138138,0.303514,0.441146,0.643402,-0.547089,
4545,1866173499,-3.397578,-8.222931,-6.556774,-9.701935,35.759911,34.797043,0.303380,0.446728,0.643713,-0.542247,
4546,1866190166,-2.346877,-4.638301,-4.482563,123.509781,38.461445,20.905846,0.293177,0.457007,0.634409,-0.550200,
4547,1866206833,-0.649002,1.251749,1.154661,262.860748,71.093826,16.058735,0.270033,0.474948,0.615061,-0.568515,
4548,1866223500,-5.463799,6.190159,4.328261,30.721317,68.472641,5.017756,0.262014,0.482169,0.615045,-0.566202,
4549,1866240167,-17.751432,-15.656014,-7.084771,-169.577316,17.657867,-1.092263,0.271989,0.476849,0.629782,-0.549560,
4550,1866256834,-28.296570,-6.083261,10.669898,139.487106,41.995476,-49.992577,0.254238,0.480951,0.623818,-0.561163,
4551,1866273501,-21.488544,11.587970,-3.529703,72.477509,-22.298101,-13.651752,0.249898,0.480475,0.618204,-0.569669,
4552,1866290168,-17.669308,15.564548,-2.666396,-0.260794,-33.492123,71.742516,0.258698,0.484050,0.612161,-0.569240,
4553,1866306835,-17.644907,6.639349,-2.223473,-72.053246,-37.051804,170.984711,0.280978,0.493256,0.604671,-0.558683,
4554,1866323502,-23.834288,-8.619736,-5.693446,-63.785503,-36.880539,194.797333,0.304356,0.504502,0.594305,-0.547404,
4555,1866340169,-12.313160,-12.033178,-4.235597,26.064501,-29.454569,183.975067,0.319389,0.518966,0.577420,-0.543374,
4556,1866356836,-11.277849,-7.322453,-1.069594,84.015274,-1.181150,177.758942,0.326934,0.537432,0.557296,-0.541947,
4557,1866373503,-14.315766,-4.452237,-1.077311,81.987396,-6.578015,158.214828,0.333294,0.553400,0.538193,-0.541310,
4558,1866390170,-15.809441,-1.037533,-0.573227,42.281349,-25.890821,124.125931,0.341506,0.562969,0.523747,-0.540493,
4559,1866406837,-14.817383,0.969476,-1.263560,-28.266424,-44.894203,109.161011,0.355652,0.566211,0.514950,-0.536421,
4560,1866423504,-13.135014,-1.251665,-1.535439,-95.246147,-63.907928,93.771141,0.375402,0.563136,0.511465,-0.529489,
4561,1866440171,-10.913556,-6.206352,-2.979185,-129.411652,-83.717964,75.601440,0.397821,0.555015,0.510741,-0.522345,
4562,1866456838,-7.570678,-9.677540,-4.653584,-141.342606,-94.225952,68.317215,0.421164,0.544495,0.510565,-0.515240,
4563,1866473505,-4.812829,-8.570922,-4.572733,-140.803680,-89.318764,73.947853,0.444223,0.534410,0.509848,-0.507081,
4564,1866490172,-3.944550,-7.885120,-5.067897,-137.107071,-76.197693,75.199699,0.465814,0.525266,0.509269,-0.497757,
4565,1866506839,-2.189986,-8.927158,-4.185287,-111.631195,-68.692207,63.372932,0.483793,0.517229,0.507985,-0.490279,
4566,1866523506,0.644830,-11.157520,-2.885488,-78.129318,-52.528996,27.122915,0.495313,0.509855,0.508015,-0.486454,
4567,1866540173,2.823559,-12.518198,-2.404471,-1.492902,-10.737998,-16.395121,0.494929,0.507688,0.508810,-0.488277,
4568,1866556840,3.848052,-11.750014,-3.590197,89.526154,31.426825,-43.370106,0.482724,0.513008,0.508110,-0.495609,
4569,1866573507,3.067158,-9.205834,-4.819038,161.155914,63.292160,-58.952034,0.461468,0.524258,0.505411,-0.506719,
4570,1866590174,-0.184509,-5.412053,-4.323232,213.070068,65.500603,-73.678520,0.434572,0.537579,0.499686,-0.521990,
4571,1866606841,-3.278243,-1.104563,-2.389402,194.570160,40.296600,-96.116844,0.408771,0.545596,0.494979,-0.538731,
4572,1866623508,-8.638945,0.992286,-1.714652,90.328186,21.286747,-142.935577,0.388601,0.542105,0.500615,-0.551816,
4573,1866640175,-18.785591,-0.013219,-4.623617,35.802258,21.330898,-208.506287,0.367156,0.530332,0.515398,-0.564193,
4574,1866656842,-26.208492,-2.585201,-0.366641,-118.856644,-12.037532,-219.451370,0.358819,0.506133,0.541337,-0.567482,
4575,1866673509,-19.236378,-2.275464,0.055946,-205.357925,-2.778844,-126.844963,0.363299,0.484821,0.567381,-0.557715,
4576,1866690176,-17.927071,-0.054748,-1.236235,-177.891464,14.152602,-113.643555,0.365116,0.466887,0.590534,-0.547705,
4577,1866706843,-16.322796,-4.321821,-0.375202,-136.495667,17.565655,-132.763245,0.361988,0.449373,0.611353,-0.541553,
4578,1866723510,-15.960155,-6.318076,-1.671117,-124.622475,5.913486,-140.762344,0.358211,0.430507,0.630672,-0.537220,
4579,1866740177,-13.233846,-11.367451,-1.755739,-50.507626,49.670738,-108.363640,0.348109,0.421649,0.644096,-0.534955,
4580,1866756844,-10.952285,-13.083121,-1.598492,102.163826,83.870377,-79.507446,0.327532,0.425698,0.645323,-0.543200,
4581,1866773511,-12.494588,-8.625649,-2.036682,196.033417,82.138145,-82.598152,0.300799,0.433446,0.638723,-0.560072,
4582,1866790178,-13.901327,-3.041272,-2.494621,196.889771,72.483154,-85.469055,0.274346,0.439702,0.631113,-0.577145,
4583,1866806845,-14.501515,2.580823,-1.949945,138.427475,46.107922,-70.641571,0.255070,0.442412,0.625888,-0.589473,
4584,1866823512,-13.119410,7.574682,-2.882929,22.558836,18.809502,-39.173851,0.248357,0.441215,0.627366,-0.591663,
4585,1866840179,-9.929274,10.038782,-1.471761,-58.309940,-9.611987,-1.373703,0.252667,0.438074,0.632308,-0.586891,
4586,1866856846,-6.514470,8.368818,0.045321,-91.244781,-27.556290,22.400196,0.262725,0.434320,0.637797,-0.579276,
4587,1866873513,-3.377739,3.904896,0.408564,-110.471245,-29.216196,36.526882,0.275278,0.430894,0.643786,-0.569293,
4588,1866890180,-0.553320,0.111010,-1.184256,-144.607117,-24.091341,59.120392,0.291248,0.428462,0.651122,-0.554652,
4589,1866906847,1.697773,-5.463991,0.331374,-145.402130,-17.744221,74.432289,0.307741,0.427723,0.657478,-0.538586,
4590,1866923514,1.815633,-5.453428,0.000134,-143.145218,-18.510128,55.639980,0.322528,0.424996,0.664438,-0.523336,
4591,1866940181,-0.758396,-4.742994,-4.906859,-123.842216,-5.887428,37.965168,0.333415,0.422241,0.671328,-0.509774,
4592,1866956848,-1.103695,-7.643235,-6.154243,24.644077,23.800993,19.833921,0.330874,0.427036,0.669632,-0.509666,
4593,1866973515,0.778256,-6.846285,-8.409266,148.809952,68.920654,-10.073203,0.313908,0.438107,0.662562,-0.520134,
4594,1866990182,-3.414237,-4.314822,2.939172,265.932190,93.878029,-22.562460,0.285778,0.454711,0.647824,-0.540275,
4595,1867006849,-11.223043,-19.857170,-12.859825,-56.302731,84.404320,-41.458393,0.278079,0.454955,0.658625,-0.530946,
4596,1867023516,-25.838337,7.166208,15.156348,334.645599,45.282883,-93.798309,0.243829,0.462321,0.640188,-0.563001,
4597,1867040183,-18.092169,6.451191,-5.141829,-93.744606,-22.474516,-61.259174,0.247002,0.451315,0.651302,-0.557776,
4598,1867056850,-19.077906,19.972778,1.831801,38.906116,-7.496321,46.749668,0.248772,0.456444,0.644985,-0.560152,
4599,1867073517,-18.065474,7.260133,-3.758383,-71.351105,-44.773632,136.261032,0.268583,0.462809,0.640158,-0.551246,
4600,1867090184,-22.423367,-8.828639,-2.468817,-53.673023,-53.850750,183.247910,0.291638,0.473200,0.629960,-0.542386,
4601,1867106851,-17.840731,-9.915650,-3.915194,30.548634,-43.638374,178.626709,0.307374,0.487179,0.613383,-0.540317,
4602,1867123518,-13.146783,-4.520000,-2.108900,56.091640,-19.705585,160.447067,0.317531,0.502236,0.596749,-0.539284,
4603,1867140185,-13.769041,-0.929231,-1.231379,20.723135,-23.113945,157.228958,0.330134,0.514826,0.582626,-0.535272,
4604,1867156852,-15.075363,-3.501879,-1.674690,-43.962109,-50.741913,152.143433,0.349344,0.521444,0.572268,-0.527795,
4605,1867173519,-14.472090,-4.044217,-2.458621,-47.447964,-61.926411,130.904953,0.367935,0.524982,0.562918,-0.521675,
4606,1867190186,-12.695062,-3.966725,-2.859400,-37.479866,-64.512726,113.741905,0.384514,0.527225,0.553738,-0.517262,
4607,1867206853,-11.127117,-5.079488,-3.407107,-51.943195,-67.627716,102.170776,0.401438,0.527294,0.546153,-0.512376,
4608,1867223520,-9.427967,-6.827896,-3.269418,-83.559883,-78.779289,91.768143,0.420732,0.523644,0.540847,-0.506232,
4609,1867240187,-7.312723,-8.128314,-4.119737,-104.891548,-81.889114,86.304901,0.441283,0.517772,0.537074,-0.498735,
4610,1867256854,-5.034971,-8.806299,-3.936926,-97.227684,-77.903488,92.938484,0.461198,0.512931,0.532226,-0.490855,
4611,1867273521,-4.319982,-8.883653,-3.172889,-61.977234,-68.428696,95.269409,0.477712,0.511086,0.525094,-0.484627,
4612,1867290188,-4.164181,-8.318524,-2.570781,-24.118223,-58.580532,87.189407,0.489943,0.511792,0.516421,-0.480975,
4613,1867306855,-2.336033,-7.901255,-3.129691,-16.837357,-44.600723,66.872490,0.499067,0.512373,0.509653,-0.478188,
4614,1867323522,1.331723,-9.171183,-4.507613,-11.476554,-21.098097,28.247284,0.503319,0.512070,0.507058,-0.476812,
4615,1867340189,5.472180,-12.639070,-4.834053,46.778526,16.013050,-16.716108,0.497353,0.515268,0.506469,-0.480242,
4616,1867356856,6.396293,-13.764652,-5.508446,119.752121,45.202358,-47.189552,0.481524,0.523419,0.505067,-0.488957,
4617,1867373523,2.722085,-10.285593,-5.787942,201.053284,71.315598,-68.632965,0.455709,0.537161,0.500981,-0.502801,
4618,1867390190,-2.357059,-3.403695,-3.951574,240.363510,59.636372,-86.044533,0.425827,0.550707,0.493979,-0.520944,
4619,1867406857,-5.335083,2.218517,-0.516803,162.878342,26.158688,-114.080078,0.401935,0.554269,0.492449,-0.537338,
4620,1867423524,-12.592558,1.977606,-2.833039,87.243088,16.215963,-173.654587,0.379861,0.547904,0.500639,-0.552151,
4621,1867440191,-26.290695,-1.723222,-2.674591,30.815506,16.828959,-239.278519,0.356580,0.533129,0.518103,-0.565859,
4622,1867456858,-23.685661,-2.470341,1.366676,-175.041733,-38.054218,-173.901932,0.358312,0.507401,0.543921,-0.564190,
4623,1867473525,-18.632563,-2.799922,-0.604881,-178.044586,0.481589,-116.530571,0.361513,0.488629,0.567134,-0.555799,
4624,1867490192,-20.580919,-2.211627,-1.882326,-143.633423,4.078628,-143.383469,0.359466,0.469290,0.589136,-0.550885,
4625,1867506859,-19.061457,-6.668505,-1.587214,-115.670143,-14.554277,-160.939636,0.355390,0.448009,0.608609,-0.550077,
4626,1867523526,-16.390856,-9.315517,-2.586124,-101.196648,23.744755,-137.783859,0.348568,0.432254,0.626942,-0.546447,
4627,1867540193,-12.397436,-12.509925,-1.191312,43.412792,67.990829,-106.464699,0.330930,0.429978,0.633734,-0.551352,
4628,1867556860,-12.731750,-10.200974,-1.293378,187.377106,81.249710,-102.086487,0.303172,0.435775,0.628873,-0.568075,
4629,1867573527,-14.304585,-5.858791,-2.624394,210.222107,69.451752,-108.412407,0.274159,0.440502,0.621252,-0.587234,
4630,1867590194,-15.695106,-0.398620,-2.242999,172.461441,59.518906,-98.234497,0.249030,0.443310,0.615124,-0.602567,
4631,1867606861,-15.217326,7.545018,-4.200815,35.601967,41.915207,-72.048798,0.236458,0.441720,0.618325,-0.605515,
4632,1867623528,-12.616499,11.812010,-3.353141,-76.455986,19.292358,-28.652193,0.236907,0.438118,0.627724,-0.598242,
4633,1867640195,-8.051189,9.842905,0.637240,-97.498169,-1.049260,7.022080,0.243621,0.435203,0.635865,-0.589005,
4634,1867656862,-4.352173,2.879745,4.096873,-33.671276,-4.694860,35.573105,0.249052,0.436824,0.636519,-0.584812,
4635,1867673529,-0.883524,-0.699185,0.198853,-68.084564,-28.730955,57.869495,0.260763,0.437169,0.637736,-0.578086,
4636,1867690196,2.926277,-1.481790,-4.295245,-114.169067,-33.169647,66.653717,0.276480,0.436080,0.641918,-0.566867,
4637,1867706863,1.948715,0.314913,0.753692,-52.238571,-3.296599,71.367897,0.285790,0.440264,0.641719,-0.559189,
4638,1867723530,-0.328452,-0.225734,1.497116,-65.277290,-8.260051,57.939213,0.295260,0.442178,0.643129,-0.551079,
4639,1867740197,-2.226396,-5.825891,-2.404743,-114.248207,-13.360038,51.730274,0.307785,0.440889,0.648485,-0.538847,
4640,1867756864,-1.927975,-9.130480,-6.295295,-59.701973,0.312461,29.425999,0.313707,0.440914,0.651470,-0.531765,
4641,1867773531,-2.245010,-6.552147,-6.475915,67.547173,28.405699,7.370137,0.307065,0.446781,0.647243,-0.535890,
4642,1867790198,-1.408236,-1.408569,-0.072946,217.426941,61.226746,1.973551,0.286992,0.461123,0.632771,-0.551911,
4643,1867806865,-5.115342,1.160133,3.740874,3.891647,23.729658,6.277026,0.284877,0.463689,0.633240,-0.550317,
4644,1867823532,-25.384394,-27.293486,-13.162271,62.595440,106.556763,7.854911,0.271254,0.475383,0.632225,-0.548386,
4645,1867840199,-23.272377,3.325030,10.504973,221.128387,18.782511,-50.099617,0.249924,0.480662,0.618666,-0.568997,
4646,1867856866,-16.954287,11.849569,-2.569812,61.760273,-11.749574,-27.067362,0.244244,0.479409,0.615201,-0.576232,
4647,1867873533,-15.268931,22.777359,-0.252680,22.847759,-15.351850,67.874748,0.249538,0.484921,0.608183,-0.576801,
4648,1867890200,-17.307840,10.495317,-2.701079,-42.672367,-26.739330,148.197189,0.267129,0.494060,0.600391,-0.569281,
4649,1867906867,-23.945715,-4.996041,-3.927264,-119.270569,-52.390511,200.662003,0.296582,0.502260,0.593658,-0.554389,
4650,1867923534,-17.475779,-12.987213,-3.929666,-40.588657,-48.620068,185.787140,0.318469,0.512371,0.581234,-0.546099,
4651,1867940201,-11.877940,-8.882177,-0.548570,-0.666689,-26.116583,167.008484,0.333764,0.524171,0.567675,-0.539996,
4652,1867956868,-14.360731,-5.086798,-0.458065,6.378952,-33.215488,149.024872,0.347514,0.533988,0.554283,-0.535599,
4653,1867973535,-15.477334,-4.776489,-1.678033,0.931462,-49.942284,113.118752,0.360100,0.539117,0.543036,-0.533662,
4654,1867990202,-13.968967,-0.831161,-2.577160,-17.422859,-55.583271,99.780319,0.373429,0.541635,0.533805,-0.531261,
4655,1868006869,-12.052122,-1.635179,-2.662778,-64.793358,-63.825447,97.153648,0.390807,0.540565,0.527821,-0.525803,
4656,1868023536,-10.004913,-6.808749,-3.498452,-120.331734,-77.252380,88.206650,0.412708,0.534365,0.525770,-0.517393,
4657,1868040203,-6.856443,-10.192667,-4.504041,-120.735687,-82.826416,84.512505,0.434541,0.527119,0.523390,-0.509300,
4658,1868056870,-5.199692,-9.174612,-4.329150,-108.334419,-74.210945,87.165367,0.454718,0.521199,0.520142,-0.501038,
4659,1868073537,-5.357403,-8.681545,-3.844746,-86.462761,-67.089516,87.149467,0.472482,0.517000,0.515533,-0.493661,
4660,1868090204,-4.686624,-8.303720,-2.630486,-59.702000,-57.713993,78.403862,0.486740,0.514481,0.510132,-0.488019,
4661,1868106871,-2.221536,-8.358741,-2.769947,-44.984211,-46.092510,48.991314,0.496846,0.511540,0.506608,-0.484585,
4662,1868123538,2.730812,-10.779016,-4.517503,0.726627,-16.068769,7.619843,0.498385,0.510934,0.505077,-0.485242,
4663,1868140205,6.051247,-13.679785,-6.244810,66.718338,21.903381,-18.278124,0.490371,0.515857,0.503540,-0.489776,
4664,1868156872,6.515481,-14.359822,-6.411096,160.029266,55.508839,-32.876015,0.471669,0.528566,0.498665,-0.499483,
4665,1868173539,2.181511,-9.126604,-3.273634,253.770462,78.564514,-59.683056,0.441624,0.546851,0.490082,-0.515506,
4666,1868190206,-2.313732,-1.851180,-0.786401,242.268921,43.618195,-91.335098,0.411940,0.558693,0.481892,-0.534744,
4667,1868206873,-5.583727,2.605077,0.471776,115.626404,-1.396649,-124.682701,0.392676,0.556531,0.483064,-0.550210,
4668,1868223540,-13.850374,3.126565,-4.595189,77.254211,-0.697733,-179.852295,0.371774,0.547959,0.491464,-0.565679,
4669,1868240207,-30.451622,-0.572192,-4.726438,-2.956442,1.892594,-236.500198,0.352045,0.530663,0.510618,-0.577697,
4670,1868256874,-20.701494,-2.071281,0.176307,-216.707916,-64.274147,-175.295715,0.358348,0.500634,0.538863,-0.574963,
4671,1868273541,-15.518668,-3.192134,0.040226,-185.302765,1.163558,-129.500320,0.360558,0.480587,0.563795,-0.566721,
4672,1868290208,-17.929775,-2.600368,-1.192658,-166.342926,12.008944,-154.666183,0.358082,0.459835,0.588869,-0.559970,
4673,1868306875,-17.645239,-7.659022,-2.715414,-141.667297,0.756579,-180.455643,0.352419,0.436729,0.612412,-0.556798,
4674,1868323542,-16.403885,-10.587935,-1.643198,-70.723351,35.528912,-161.717606,0.340347,0.421342,0.630244,-0.556265,
4675,1868340209,-12.111211,-12.663164,-0.724054,21.815388,76.071716,-118.329109,0.322203,0.417551,0.639579,-0.559266,
4676,1868356876,-11.491064,-9.652605,-0.991075,138.802429,92.628136,-109.242294,0.295947,0.421163,0.639211,-0.571359,
4677,1868373543,-12.555320,-5.076093,-1.383504,188.933960,80.101830,-117.375519,0.266809,0.424705,0.633985,-0.588647,
4678,1868390210,-13.661278,-0.447105,-1.550682,188.021530,73.217705,-103.885315,0.239213,0.428381,0.627012,-0.605084,
4679,1868406877,-14.785735,4.342224,-2.655154,111.192383,65.922920,-72.536018,0.219641,0.431269,0.624102,-0.613406,
4680,1868423544,-13.818151,8.189423,-3.069242,1.667103,42.526253,-33.090736,0.212525,0.432038,0.627572,-0.611828,
4681,1868440211,-10.164302,8.706622,-2.007950,-67.856796,11.566320,1.864950,0.215702,0.431061,0.634021,-0.604715,
4682,1868456878,-6.526026,5.564766,0.573111,-65.542397,4.613756,27.983957,0.221653,0.431912,0.638342,-0.597366,
4683,1868473545,-4.494553,1.740631,3.079618,-67.938721,-1.218157,72.933769,0.232170,0.436284,0.639756,-0.588616,
4684,1868490212,-0.718515,-3.519574,2.239630,-50.120564,-36.084312,97.464432,0.246846,0.440451,0.636755,-0.582767,
4685,1868506879,3.699396,-2.348310,-2.128334,-65.459595,-47.183399,91.705391,0.262971,0.442463,0.634837,-0.576245,
4686,1868523546,0.878204,0.240544,-1.633704,-48.155544,-20.632555,79.187950,0.274415,0.446096,0.633134,-0.569948,
4687,1868540213,-2.374511,-2.856876,-0.118651,-66.593880,-15.559749,67.616890,0.285577,0.448263,0.633792,-0.561977,
4688,1868556880,-2.831228,-7.086516,-5.145185,-128.132034,-1.103455,47.957088,0.297726,0.447111,0.641175,-0.548042,
4689,1868573547,-4.817191,-7.765535,-8.887590,-79.831337,18.264952,27.076759,0.303179,0.447521,0.646728,-0.538102,
4690,1868590214,-4.747729,-4.013604,-0.847505,122.555687,45.551041,17.080154,0.292028,0.457934,0.638128,-0.545722,
4691,1868606881,-10.694425,-13.514222,-7.600170,-44.461403,43.396763,16.660389,0.292100,0.460938,0.642576,-0.537879,
4692,1868623548,-22.811378,-12.175996,7.043751,380.829865,130.019485,-20.975348,0.252125,0.484444,0.618840,-0.564613,
4693,1868640215,-13.477927,5.151331,1.631154,70.163559,-22.598410,-48.511223,0.245042,0.480686,0.615831,-0.574152,
4694,1868656882,-18.093407,15.121426,0.359670,77.503998,5.869432,32.649567,0.241640,0.486764,0.607451,-0.579377,
4695,1868673549,-16.102203,17.966576,-1.878673,-18.868908,-38.027809,127.378166,0.256866,0.494002,0.598782,-0.575713,
4696,1868690216,-17.148674,7.592789,-4.256271,-30.210405,-18.262638,175.566360,0.275093,0.506416,0.588023,-0.567538,
4697,1868706883,-20.738060,-7.631630,-4.130283,-62.953514,-32.345383,199.806259,0.298719,0.518025,0.577143,-0.556172,
4698,1868723550,-11.860709,-12.904079,-2.834531,6.731963,-25.611279,195.710495,0.315937,0.532408,0.560722,-0.549837,
4699,1868740217,-10.733815,-7.548386,-0.964013,55.303162,7.551515,156.090256,0.323301,0.548074,0.544621,-0.546336,
4700,1868756884,-14.676024,-4.716243,-0.077834,30.572802,-4.059412,127.853645,0.331161,0.559164,0.531937,-0.542876,
4701,1868773551,-16.829828,-1.870127,0.040460,1.599896,-24.154222,118.407341,0.342078,0.566355,0.521166,-0.539086,
4702,1868790218,-15.290064,0.978642,-1.390548,-16.974339,-37.362434,112.164574,0.354935,0.570945,0.511552,-0.535127,
4703,1868806885,-13.254955,-0.795854,-1.614290,-61.256039,-51.536686,93.304543,0.370948,0.570569,0.506063,-0.529861,
4704,1868823552,-11.371297,-7.042991,-3.318133,-96.264206,-61.983337,82.771080,0.389689,0.566514,0.503395,-0.523260,
4705,1868840219,-7.436558,-10.466320,-5.069267,-89.267014,-65.992493,88.919014,0.408448,0.562762,0.499252,-0.516934,
4706,1868856886,-4.852587,-8.515569,-5.265063,-77.336624,-55.031605,89.191498,0.425293,0.560343,0.494648,-0.510362,
4707,1868873553,-5.832576,-6.747902,-3.368545,-86.522461,-61.073402,80.760147,0.442538,0.556096,0.490864,-0.503958,
4708,1868890220,-5.829186,-7.440629,-1.706025,-81.901497,-73.596481,62.941620,0.458838,0.549760,0.487204,-0.499868,
4709,1868906887,-3.933869,-8.371009,-2.774341,-64.490616,-66.168472,33.150898,0.470930,0.542865,0.485028,-0.498272,
4710,1868923554,0.067992,-10.273496,-4.599185,-22.004644,-33.016964,-0.894324,0.474803,0.538817,0.484677,-0.499331,
4711,1868940221,4.510342,-13.174113,-4.172629,35.689617,8.490834,-35.459747,0.468693,0.539305,0.485693,-0.503570,
4712,1868956888,6.973325,-14.738171,-3.410545,127.210022,45.186840,-65.419731,0.450490,0.546458,0.484731,-0.513305,
4713,1868973555,1.954773,-9.421246,-2.363816,198.730759,58.665241,-94.582176,0.423118,0.556812,0.481252,-0.528518,
4714,1868990222,-3.037798,-3.023206,-0.886690,182.454483,28.752604,-121.133926,0.396663,0.561411,0.478822,-0.546086,
4715,1869006889,-6.207692,0.935310,0.131823,88.824142,-5.348571,-143.535553,0.378119,0.555878,0.483296,-0.560762,
4716,1869023556,-8.289135,2.488580,-1.032536,-6.469037,-23.035561,-157.050583,0.367202,0.542392,0.495382,-0.570591,
4717,1869040223,-13.904928,3.028373,-5.355209,-4.698646,-5.046253,-185.864319,0.352223,0.528069,0.510235,-0.580298,
4718,1869056890,-26.690207,-3.713348,-2.504777,-102.984840,-18.156481,-230.291306,0.341645,0.503755,0.535580,-0.585378,
4719,1869073557,-16.646532,-9.646629,-1.618012,-150.422119,-13.409265,-175.962723,0.338367,0.481084,0.560544,-0.582975,
4720,1869090224,-16.591064,-5.999065,-1.556567,-79.558189,38.878231,-134.633804,0.329080,0.469287,0.578703,-0.580158,
4721,1869106891,-18.840530,-6.094186,-2.310819,-110.689529,38.431831,-146.555740,0.320731,0.454649,0.599898,-0.574937,
4722,1869123558,-19.449543,-7.429137,-3.235292,-61.436466,33.902763,-166.222260,0.307643,0.439882,0.617624,-0.574808,
4723,1869140225,-17.006514,-9.324801,-1.417590,4.342985,52.208282,-143.811905,0.290389,0.431334,0.628863,-0.578066,
4724,1869156892,-13.065034,-9.343114,-1.595296,54.575882,72.959091,-103.022606,0.271382,0.430186,0.633908,-0.582629,
4725,1869173559,-11.522033,-6.671629,-1.188852,131.963333,77.532951,-100.966675,0.247134,0.432425,0.632090,-0.593632,
4726,1869190226,-12.649579,-3.551652,-1.503343,176.980804,66.795738,-100.350853,0.220888,0.435046,0.625426,-0.608924,
4727,1869206893,-13.619690,0.157684,-1.803181,150.776459,65.372208,-80.830368,0.197972,0.438109,0.619274,-0.620783,
4728,1869223560,-14.928644,4.106117,-2.405006,48.948830,64.473442,-41.982655,0.185046,0.441463,0.619535,-0.622133,
4729,1869240227,-12.452010,7.380841,-1.052486,-13.321827,19.622625,-14.821135,0.182603,0.441490,0.622416,-0.619956,
4730,1869256894,-7.294807,6.743256,0.368623,-46.454361,-1.147663,-2.530067,0.185274,0.439865,0.626921,-0.615766,
4731,1869273561,-4.742700,3.610544,2.142670,-54.027847,-4.984041,28.643003,0.191564,0.440508,0.629964,-0.610250,
4732,1869290228,-3.537518,-1.033611,1.560543,-61.281052,-26.220293,73.187065,0.204192,0.443085,0.630115,-0.604103,
4733,1869306895,0.385454,-1.124122,-0.964668,-72.685730,-50.240257,92.157501,0.221368,0.444830,0.629161,-0.597732,
4734,1869323562,0.983048,0.224065,-0.246628,-77.359741,-44.661274,93.710518,0.238394,0.446899,0.628475,-0.590316,
4735,1869340229,-0.101783,-0.341102,-0.177107,-84.115036,-35.827023,78.486526,0.253667,0.447954,0.629460,-0.582043,
4736,1869356896,-1.269438,-2.580291,-3.380539,-151.305099,-30.377848,70.602425,0.272035,0.446065,0.636559,-0.567291,
4737,1869373563,-0.856361,-6.239341,-7.712339,-145.979065,1.377782,57.565380,0.285887,0.445547,0.644962,-0.551166,
4738,1869390230,-1.325760,-5.631473,-6.630812,6.929705,23.042620,47.020336,0.286868,0.452006,0.642508,-0.548256,
4739,1869406897,-2.292119,-4.724230,1.908841,144.625473,23.724459,42.180771,0.278267,0.463688,0.629249,-0.558221,
4740,1869423564,-10.504395,-35.177052,-21.654324,-127.306053,95.469063,40.586830,0.281160,0.469796,0.640743,-0.538232,
4741,1869440231,-31.123413,-1.591313,18.590603,501.484039,66.600121,-46.808712,0.236119,0.489775,0.605912,-0.580725,
4742,1869456898,-17.350496,9.235419,-3.855114,30.712751,-19.370872,-58.284763,0.230535,0.483969,0.606990,-0.586682,
4743,1869473565,-12.757288,25.306276,-1.133531,92.258850,1.312606,49.471760,0.227953,0.491430,0.595821,-0.592904,
4744,1869490232,-13.425975,17.745289,-2.346669,-51.405113,-15.065131,134.519791,0.244326,0.499929,0.590217,-0.584827,
4745,1869506899,-18.591578,1.791476,-2.077054,-126.614548,-28.548388,168.608475,0.270060,0.507192,0.587640,-0.569655,
4746,1869523566,-22.838333,-14.036353,-4.622603,-76.684624,-32.559124,184.226746,0.293508,0.516961,0.579083,-0.557917,
4747,1869540233,-15.163192,-10.778979,-2.030834,12.108026,-32.058376,174.227234,0.309204,0.529327,0.563658,-0.553624,
4748,1869556900,-12.363628,-5.183690,-1.152120,48.843723,-16.875755,143.269913,0.318158,0.541729,0.548020,-0.552252,
4749,1869573567,-13.652199,-3.463902,-1.248363,6.760093,-26.132517,121.747742,0.329310,0.549507,0.536811,-0.549031,
4750,1869590234,-13.221601,-3.551358,-2.064190,-15.737653,-37.742882,109.870941,0.342118,0.554187,0.527628,-0.545385,
4751,1869606901,-11.959641,-1.888327,-1.932349,-18.052139,-41.088955,105.253677,0.354908,0.557978,0.518690,-0.541909,
4752,1869623568,-12.054150,-3.008031,-1.626833,-37.458561,-45.780949,91.146637,0.368424,0.559191,0.512049,-0.537940,
4753,1869640235,-11.463088,-5.684375,-2.158693,-52.193928,-55.728397,84.226471,0.383244,0.558176,0.506460,-0.533916,
4754,1869656902,-9.139462,-6.678239,-2.955398,-70.711639,-66.651604,87.968719,0.400539,0.555382,0.501239,-0.529040,
4755,1869673569,-6.385330,-7.691082,-3.396776,-65.019768,-60.271511,94.315834,0.417255,0.553675,0.495263,-0.523508,
4756,1869690236,-4.940442,-7.877878,-2.919301,-57.324898,-53.767475,92.011215,0.432569,0.552583,0.489122,-0.517976,
4757,1869706903,-5.175854,-8.279302,-2.264379,-30.093616,-49.756592,81.531685,0.444506,0.552619,0.481902,-0.514588,
4758,1869723570,-5.019678,-8.993129,-1.624665,-23.136587,-55.838589,65.620117,0.455036,0.551431,0.474959,-0.513111,
4759,1869740237,-1.515928,-9.395590,-2.509468,-3.398702,-43.094727,36.193726,0.460852,0.550405,0.469696,-0.513868,
4760,1869756904,3.172377,-11.146084,-3.303249,16.131569,-17.199564,-5.123600,0.460227,0.549778,0.468002,-0.516637,
4761,1869773571,6.874635,-12.765126,-3.740259,60.463711,12.842546,-54.615150,0.450253,0.550962,0.468911,-0.523296,
4762,1869790238,3.315496,-11.161529,-2.114317,117.835884,34.463326,-107.210205,0.430042,0.553764,0.470921,-0.535394,
4763,1869806905,-1.971940,-5.299766,-0.830534,130.974380,12.412613,-145.099762,0.407033,0.552691,0.473257,-0.552167,
4764,1869823572,-5.641003,-0.810037,-0.015544,61.970081,-15.280655,-172.407501,0.388968,0.543003,0.481326,-0.567611,
4765,1869840239,-14.771442,-0.318681,-3.331278,17.585649,2.479834,-213.929596,0.369404,0.528899,0.496929,-0.580407,
4766,1869856906,-27.902739,-5.523682,-1.979025,-50.387169,-30.703466,-229.025162,0.355790,0.506675,0.517105,-0.591017,
4767,1869873573,-17.103750,-6.100805,-1.047481,-119.992188,-8.682017,-175.664215,0.349848,0.486204,0.539909,-0.591367,
4768,1869890240,-18.803392,-3.618587,-1.062683,-91.281898,32.954876,-154.398315,0.340138,0.472032,0.560403,-0.589444,
4769,1869906907,-18.673018,-3.260090,-2.952187,-97.718643,22.300924,-171.637726,0.329994,0.454853,0.581665,-0.588117,
4770,1869923574,-18.445799,-5.319548,-1.728853,-52.197197,21.599007,-189.438110,0.315098,0.437910,0.599684,-0.591042,
4771,1869940241,-15.594195,-8.589067,-0.199960,-21.869226,41.885212,-149.543167,0.299713,0.427279,0.613073,-0.593085,
4772,1869956908,-11.584475,-9.486912,-0.722993,21.823338,66.696991,-104.758224,0.283132,0.424497,0.620722,-0.595270,
4773,1869973575,-10.118634,-6.660602,-0.903616,61.481018,82.696411,-107.171349,0.262333,0.424340,0.625490,-0.599902,
4774,1869990242,-11.657640,-2.340732,-1.445146,75.041710,73.632301,-104.799866,0.241603,0.423923,0.628285,-0.605953,
4775,1870006909,-12.485614,1.322307,-0.874138,51.886742,61.299526,-83.052994,0.225253,0.423432,0.631106,-0.609652,
4776,1870023576,-13.485562,4.814285,-2.463322,-44.699017,56.072094,-41.206497,0.218995,0.423063,0.639602,-0.603301,
4777,1870040243,-12.062015,4.720026,0.069022,-61.588417,26.568739,-2.287404,0.219912,0.423137,0.646164,-0.595877,
4778,1870056910,-7.433142,1.221815,2.523859,-13.106473,-6.824296,14.688132,0.222447,0.423443,0.646374,-0.594489,
4779,1870073577,-3.568418,-2.454990,0.725547,-30.716759,-23.327909,36.731110,0.229519,0.423811,0.646193,-0.591730,
4780,1870090244,-0.205553,-2.249340,-1.422300,-39.593529,-33.023254,57.952946,0.239855,0.425004,0.645084,-0.587972,
4781,1870106911,0.757881,1.792674,-1.024253,-14.014838,-24.465965,64.871498,0.248371,0.428423,0.641587,-0.585778,
4782,1870123578,-0.836878,3.176723,-0.603233,-37.192783,-15.936203,59.187519,0.257026,0.431157,0.640661,-0.581033,
4783,1870140245,-2.844210,-0.328757,0.066043,-115.081764,-10.389448,56.109386,0.269729,0.431063,0.646571,-0.568665,
4784,1870156912,-4.311403,-5.231033,-2.098412,-174.343948,-12.812603,49.166805,0.285660,0.427566,0.657382,-0.550852,
4785,1870173579,-4.556322,-8.705187,-7.554052,-128.723816,-0.913048,35.064987,0.296333,0.425338,0.665556,-0.536948,
4786,1870190246,-2.916191,-7.724444,-6.386917,97.707962,36.846531,23.556408,0.288350,0.434571,0.658183,-0.542956,
4787,1870206913,-1.786983,-2.121426,3.655818,292.963898,78.710091,22.873598,0.263654,0.454751,0.636477,-0.564436,
4788,1870223580,-4.114600,2.487532,9.032679,150.584610,41.661564,33.191162,0.252317,0.466824,0.623560,-0.574097,
4789,1870240247,-14.080392,-27.560556,-21.270845,-360.222015,8.050496,29.648710,0.277988,0.456256,0.651253,-0.538913,
4790,1870256914,-27.525730,-5.557292,18.198736,576.535339,110.634140,-52.881744,0.223972,0.481440,0.611916,-0.586187,
4791,1870273581,-17.159859,9.397749,-4.065632,8.457016,-46.231186,-90.742691,0.219563,0.469581,0.616184,-0.592965,
4792,1870290248,-14.981632,28.435690,-1.889221,56.741772,-17.239586,26.054794,0.219300,0.472164,0.609138,-0.598266,
4793,1870306915,-15.677637,14.816063,-5.099489,-125.525383,-40.741169,137.620697,0.243261,0.476579,0.609278,-0.585218,
4794,1870323582,-19.034327,-0.308910,-5.140876,-190.478409,-62.982597,183.232498,0.277296,0.480297,0.610288,-0.565663,
4795,1870340249,-22.196030,-20.733232,-7.604239,-86.495277,-33.208122,209.240387,0.303203,0.492329,0.601317,-0.551454,
4796,1870356916,-8.955040,-12.889584,-3.515199,91.888786,-5.966874,181.301178,0.311415,0.511484,0.580655,-0.551586,
4797,1870373583,-10.575334,-1.981876,-0.932194,103.717125,6.926462,151.083511,0.314989,0.529258,0.561425,-0.552698,
4798,1870390250,-13.205051,1.073943,-0.603737,31.755390,-10.089745,145.093185,0.324828,0.541572,0.547334,-0.549196,
4799,1870406917,-15.194988,0.196532,-1.535907,-62.703465,-39.712341,146.962112,0.344449,0.546930,0.538959,-0.540139,
4800,1870423584,-16.709219,-2.672497,-0.682428,-103.222351,-55.561245,132.882126,0.367219,0.547574,0.533763,-0.529541,
4801,1870440251,-14.805931,-6.511947,-1.695825,-118.932785,-81.236992,101.090607,0.390545,0.542576,0.530587,-0.521121,
4802,1870456918,-10.681838,-10.226934,-3.851059,-111.513222,-90.643494,86.317398,0.412650,0.535809,0.527151,-0.514534,
4803,1870473585,-6.815347,-11.857995,-5.073430,-89.461082,-85.091087,98.046364,0.433256,0.531380,0.521194,-0.508217,
4804,1870490252,-5.573062,-9.176252,-4.148368,-76.242203,-73.188950,103.367828,0.452117,0.528808,0.514348,-0.501401,
4805,1870506919,-6.001474,-8.214399,-3.878670,-62.967186,-65.625496,101.537071,0.469064,0.527298,0.506958,-0.494907,
4806,1870523586,-6.062792,-9.232740,-2.581752,-41.056599,-63.370121,95.297981,0.483550,0.526803,0.498450,-0.490111,
4807,1870540253,-4.268217,-10.070316,-2.407646,-24.604719,-55.529797,71.611618,0.494399,0.526177,0.491017,-0.487456,
4808,1870556920,-0.201742,-10.487599,-3.436046,9.926376,-27.534426,25.670074,0.497295,0.526681,0.486616,-0.488379,
4809,1870573587,3.301688,-10.992920,-4.746718,58.430916,6.916738,-25.352493,0.490380,0.529497,0.485145,-0.493759,
4810,1870590254,5.426425,-11.364536,-5.028637,112.531570,47.345337,-61.211849,0.473749,0.536416,0.485320,-0.502283,
4811,1870606921,2.664115,-9.386755,-3.106019,172.897400,71.348167,-92.734764,0.448097,0.546664,0.484880,-0.515036,
4812,1870623588,-2.258212,-4.137509,-0.367903,173.106796,54.351330,-120.252037,0.421130,0.553183,0.485039,-0.530451,
4813,1870640255,-6.725138,-1.054930,1.180394,75.102119,15.934782,-150.510361,0.402080,0.548153,0.492447,-0.543470,
4814,1870656922,-10.585693,0.541572,0.046709,13.123909,-0.251467,-173.617264,0.387049,0.536217,0.505337,-0.554349,
4815,1870673589,-16.269918,3.455662,-2.425108,16.985235,4.537035,-196.488708,0.369235,0.522805,0.519592,-0.566011,
4816,1870690256,-20.955204,-1.572624,-0.308519,-117.559456,-25.743654,-207.587982,0.362644,0.498299,0.543599,-0.569818,
4817,1870706923,-16.883795,-7.268112,-1.320815,-123.382629,2.416182,-164.398590,0.357439,0.478699,0.565861,-0.568234,
4818,1870723590,-18.050974,-5.437376,-0.125005,-63.149914,20.749613,-155.478287,0.346996,0.464113,0.583047,-0.569432,
4819,1870740257,-18.944876,-5.359084,-2.048774,-95.341087,9.489548,-175.893005,0.337733,0.444895,0.603275,-0.569269,
4820,1870756924,-18.480635,-8.477986,-3.809075,-69.212936,36.992516,-173.991623,0.324246,0.429037,0.622070,-0.569056,
4821,1870773591,-16.520773,-10.375982,-1.774863,3.492192,62.229786,-153.006409,0.305451,0.420300,0.634301,-0.572463,
4822,1870790258,-12.487140,-9.059778,-1.905692,72.286453,65.439651,-134.464371,0.283518,0.416347,0.639438,-0.580858,
4823,1870806925,-12.445074,-4.901638,-1.948337,100.074219,66.092888,-134.368210,0.259667,0.413335,0.641836,-0.591420,
4824,1870823592,-14.471374,-2.246988,-2.128057,79.450356,63.900696,-117.899887,0.238519,0.410642,0.644544,-0.599207,
4825,1870840259,-16.365227,1.996138,-3.691482,-11.059681,69.104675,-81.598335,0.225362,0.408507,0.652901,-0.596706,
4826,1870856926,-15.276597,5.431504,-2.131837,-52.098488,37.234394,-50.144524,0.220357,0.405169,0.661774,-0.591049,
4827,1870873593,-9.599286,3.687289,1.439329,-18.617161,24.156551,-30.747520,0.216289,0.403612,0.666142,-0.588706,
4828,1870890260,-5.325639,2.130966,0.370946,12.430171,21.549294,17.808163,0.214805,0.407502,0.664897,-0.587977,
4829,1870906927,-4.863887,0.394513,-1.383569,-3.607374,0.635429,66.646408,0.220461,0.413804,0.661437,-0.585379,
4830,1870923594,-2.212211,2.448382,0.447702,0.287656,-32.075336,73.219292,0.229565,0.418033,0.656128,-0.584848,
4831,1870940261,-3.327243,5.544383,1.017594,-42.244942,-42.618130,77.986526,0.242631,0.420332,0.653687,-0.580644,
4832,1870956928,-3.125163,1.954843,0.395484,-125.428696,-34.313492,71.654594,0.259379,0.419657,0.658733,-0.568054,
4833,1870973595,-3.437241,-3.540184,-2.446461,-190.055511,-30.838083,51.142910,0.277874,0.414593,0.670068,-0.549464,
4834,1870990262,-2.924601,-7.145770,-8.401593,-176.613266,-3.848611,38.459118,0.291702,0.410672,0.681672,-0.530647,
4835,1871006929,-2.747986,-8.659027,-8.815246,-20.670818,31.339849,37.310959,0.292527,0.415815,0.682546,-0.525034,
4836,1871023596,-2.080651,-6.098843,-1.838498,211.927170,75.157898,40.401447,0.275001,0.434262,0.666947,-0.539423,
4837,1871040263,-2.039400,-0.797501,6.561346,260.627930,42.167423,41.459755,0.257324,0.451605,0.645276,-0.559874,
4838,1871056930,-2.754315,4.720606,6.136116,124.094704,15.965494,59.600067,0.252304,0.462980,0.631933,-0.568029,
4839,1871073597,-8.885593,-8.755098,-6.635870,-292.225708,-27.495134,80.765915,0.280757,0.456888,0.649208,-0.539408,
4840,1871090264,-23.657639,-27.340258,-2.574763,285.390533,90.793648,35.464294,0.255572,0.478491,0.627761,-0.558255,
4841,1871106931,-22.241800,5.628384,4.813636,101.838951,-16.277830,-54.422939,0.245347,0.475845,0.622796,-0.570530,
4842,1871123598,-16.417143,17.946447,-6.084584,86.537315,-42.125607,2.530111,0.243196,0.475555,0.614084,-0.581040,
4843,1871140265,-13.226022,19.766033,-3.354168,-52.596027,-26.498631,124.914955,0.259551,0.482462,0.609034,-0.573538,
4844,1871156932,-15.687676,8.710645,-3.356265,-162.059647,-50.048729,175.408417,0.289673,0.487350,0.608176,-0.555611,
4845,1871173599,-19.187050,-18.674850,-8.338368,-180.094620,-50.690540,203.001923,0.322950,0.493173,0.605922,-0.534178,
4846,1871190266,-10.727563,-17.541506,-3.046643,17.942322,-41.692074,200.293381,0.340618,0.508143,0.588149,-0.529012,
4847,1871206933,-9.108875,-7.958959,-0.360333,119.187187,-4.509036,163.332535,0.344482,0.527385,0.566655,-0.531133,
4848,1871223600,-13.321407,-2.231833,-0.905499,131.701691,4.549463,147.769028,0.345149,0.546231,0.545369,-0.533929,
4849,1871240267,-15.698839,2.160884,-1.137130,74.203217,-14.768413,137.610825,0.350898,0.559523,0.528022,-0.533854,
4850,1871256934,-14.715097,2.619167,-1.791697,-21.962877,-33.284084,132.709808,0.365357,0.565841,0.517354,-0.527908,
4851,1871273601,-14.123179,-2.063070,-2.256235,-90.671028,-55.432354,117.325874,0.385788,0.565388,0.511811,-0.519188,
4852,1871290268,-12.814658,-9.478987,-3.517739,-134.283218,-81.960152,98.175232,0.410092,0.558708,0.509329,-0.510155,
4853,1871306935,-7.833633,-10.468649,-5.275853,-102.457146,-84.086243,92.258560,0.431266,0.552973,0.504516,-0.503683,
4854,1871323602,-6.279340,-6.876688,-4.156880,-109.352737,-66.817474,97.391037,0.451866,0.548145,0.500609,-0.494721,
4855,1871340269,-6.633606,-5.554384,-3.279496,-107.563766,-66.894241,93.336807,0.471793,0.542842,0.496626,-0.485901,
4856,1871356936,-5.653296,-7.215695,-1.950245,-91.444588,-70.747650,69.791573,0.488849,0.536427,0.492877,-0.479947,
4857,1871373603,-2.879816,-10.886836,-2.380672,-57.208702,-58.183254,35.669834,0.499816,0.530729,0.490160,-0.477763,
4858,1871390270,0.685007,-13.777605,-4.727808,19.576740,-12.983101,1.974736,0.499244,0.531304,0.487955,-0.479974,
4859,1871406937,2.897366,-14.340007,-4.708590,117.369591,36.660656,-20.405386,0.485942,0.540764,0.484179,-0.486835,
4860,1871423604,3.992331,-13.474769,-4.213291,191.846512,60.819080,-45.090069,0.463033,0.555125,0.478486,-0.498488,
4861,1871440271,0.536175,-8.809786,-3.417974,237.950378,75.299828,-84.909012,0.431958,0.570209,0.473077,-0.514272,
4862,1871456938,-4.633113,-1.846071,-1.336000,204.482788,45.311340,-119.284271,0.402562,0.577810,0.470500,-0.531707,
4863,1871473605,-7.650304,2.408828,0.217610,109.185913,-0.019340,-152.861740,0.381277,0.573456,0.474992,-0.547870,
4864,1871490272,-11.211582,3.390188,-0.814438,37.624416,-14.515056,-185.856354,0.364043,0.561262,0.486769,-0.561709,
4865,1871506939,-19.354900,2.492512,-2.121328,-6.522963,-16.289650,-238.683853,0.345860,0.542285,0.505881,-0.574801,
4866,1871523606,-25.783445,-8.127040,-1.294253,-146.086151,-38.326405,-244.119781,0.339335,0.513241,0.535218,-0.578775,
4867,1871540273,-16.797302,-7.077598,-1.871807,-77.802948,-2.587157,-163.944824,0.331259,0.496175,0.553931,-0.580725,
4868,1871556940,-17.446543,-2.210344,-1.286184,-112.979507,17.190899,-163.026443,0.323945,0.478772,0.576068,-0.577915,
4869,1871573607,-17.548145,-4.188334,-2.044811,-134.280960,13.050426,-188.798019,0.315970,0.457379,0.601013,-0.574242,
4870,1871590274,-17.449306,-5.810413,-1.797292,-85.098335,16.854982,-193.782730,0.303640,0.437642,0.621719,-0.574231,
4871,1871606941,-13.582453,-7.283998,-2.394031,-47.171825,28.506363,-148.589600,0.291387,0.424306,0.636425,-0.574477,
4872,1871623608,-10.087961,-7.212016,-2.172994,24.685720,47.142452,-127.707367,0.274579,0.417303,0.644324,-0.579064,
4873,1871640275,-11.155040,-4.908123,-1.161452,76.270988,50.146492,-130.319016,0.254007,0.412166,0.647848,-0.588129,
4874,1871656942,-13.057594,-2.282560,-2.084859,59.533924,59.825237,-112.184334,0.234956,0.408749,0.651759,-0.594082,
4875,1871673609,-14.782825,0.795294,-2.487362,23.641207,58.778744,-78.333595,0.220987,0.407093,0.656512,-0.595345,
4876,1871690276,-13.103562,5.562636,-1.751497,-12.767451,34.959347,-47.013618,0.214130,0.405135,0.661696,-0.593444,
4877,1871706943,-8.797975,5.258389,0.015808,-12.218500,23.283815,-14.273873,0.211184,0.405319,0.664504,-0.591232,
4878,1871723610,-5.581035,3.762205,0.528409,-2.635568,5.202973,29.437222,0.213178,0.408463,0.663341,-0.589657,
4879,1871740277,-3.735679,0.343534,0.934440,7.217305,-25.478378,69.035782,0.220932,0.413075,0.657986,-0.589589,
4880,1871756944,-1.871729,2.619172,-1.403939,-23.893085,-55.576130,79.569084,0.234304,0.415051,0.653595,-0.587921,
4881,1871773611,-3.180914,6.017547,-1.754436,-64.437813,-48.353447,85.825867,0.249916,0.416756,0.652378,-0.581604,
4882,1871790278,-5.563897,2.896658,1.184988,-63.324612,-27.514723,90.346024,0.263798,0.420578,0.651367,-0.573802,
4883,1871806945,-5.342844,-2.376803,-0.418109,-137.995178,-32.800900,81.538628,0.281904,0.420086,0.656651,-0.559349,
4884,1871823612,-5.067541,-7.384559,-6.525171,-192.538651,-30.261290,68.968605,0.301870,0.416054,0.666760,-0.539637,
4885,1871840279,-2.810377,-9.365864,-6.110154,-72.931297,4.162093,56.639858,0.310130,0.418554,0.669379,-0.529686,
4886,1871856946,-1.448954,-6.906402,-2.482735,121.482063,36.481895,49.849270,0.302793,0.431530,0.658705,-0.536851,
4887,1871873613,-1.639596,-3.284283,3.606410,201.038315,45.110291,43.630413,0.288950,0.447803,0.642157,-0.551016,
4888,1871890280,-8.373874,-12.857307,-6.297049,-111.088829,31.373898,36.788853,0.295989,0.448938,0.650091,-0.536870,
4889,1871906947,-22.420156,-19.750700,1.181654,356.435028,108.633224,-9.954128,0.261079,0.471074,0.626853,-0.563014,
4890,1871923614,-16.556175,5.193133,2.293860,150.291718,1.360683,-67.735153,0.244867,0.470510,0.619271,-0.578935,
4891,1871940281,-17.006998,18.259348,-2.210021,86.017876,-8.905569,10.043924,0.240442,0.473630,0.611183,-0.586789,
4892,1871956948,-17.800837,18.029327,-2.701802,-59.127602,-32.161900,121.478157,0.257534,0.479467,0.606818,-0.579278,
4893,1871973615,-17.962711,6.848181,-2.689449,-107.470436,-39.455799,182.034454,0.283572,0.487899,0.601610,-0.565342,
4894,1871990282,-21.097950,-10.507983,-5.445942,-117.052299,-48.104607,193.287231,0.311679,0.495701,0.595403,-0.550123,
4895,1872006949,-10.041965,-13.893823,-3.066002,-18.350443,-41.796764,189.862411,0.331552,0.507710,0.581262,-0.542624,
4896,1872023616,-8.691025,-6.350460,-0.541083,60.643208,-8.691815,171.554016,0.341101,0.524214,0.563406,-0.539840,
4897,1872040283,-11.967749,-2.604601,-0.985435,45.003742,-16.611679,147.518143,0.350400,0.537039,0.547882,-0.537250,
4898,1872056950,-14.979465,-1.450377,-1.553965,4.012143,-28.918503,134.021667,0.362671,0.545500,0.535745,-0.532804,
4899,1872073617,-14.619806,-1.361515,-1.713861,-27.837196,-41.933983,124.950775,0.377643,0.550357,0.525903,-0.527184,
4900,1872090284,-12.635921,-4.336615,-1.620381,-56.732269,-50.604858,101.318977,0.393645,0.550959,0.519505,-0.521158,
4901,1872106951,-11.285839,-7.906788,-3.579528,-104.060165,-69.901375,76.928841,0.412893,0.545328,0.517340,-0.514295,
4902,1872123618,-8.255823,-10.812142,-5.699705,-110.527412,-80.720856,71.110107,0.432832,0.537801,0.515224,-0.507911,
4903,1872140285,-6.626307,-9.720358,-4.684966,-90.294235,-72.013298,77.625862,0.450819,0.532434,0.511423,-0.501722,
4904,1872156952,-6.339874,-7.551666,-2.183499,-82.725647,-68.795578,71.802689,0.467383,0.527163,0.507542,-0.496041,
4905,1872173619,-5.121983,-7.111922,-2.185299,-59.431637,-68.524994,47.887951,0.480280,0.521579,0.503689,-0.493546,
4906,1872190286,-3.366620,-7.446793,-2.585447,-45.472534,-57.503624,13.503080,0.488760,0.515153,0.502131,-0.493557,
4907,1872206953,-1.119671,-9.859610,-4.083118,-31.867010,-44.527843,-21.703022,0.492697,0.508005,0.503111,-0.496047,
4908,1872223620,2.673351,-11.599099,-4.706509,18.590559,-10.236185,-42.927181,0.488831,0.505361,0.504448,-0.501188,
4909,1872240287,4.755377,-10.829818,-4.179080,99.296448,41.914970,-48.582710,0.474707,0.511752,0.503942,-0.508733,
4910,1872256954,2.849899,-7.862903,-3.130917,169.457993,74.729294,-60.267731,0.451827,0.524274,0.501105,-0.519505,
4911,1872273621,-1.237344,-3.092598,-1.032243,194.639343,66.814438,-84.928940,0.425321,0.535567,0.497263,-0.533856,
4912,1872290288,-4.243321,0.344012,0.262366,136.231735,37.369781,-118.537308,0.402504,0.538056,0.498312,-0.547883,
4913,1872306955,-8.346515,0.951989,-0.203312,39.718361,7.852054,-143.494019,0.387147,0.530409,0.506975,-0.558357,
4914,1872323622,-13.991442,1.492829,-3.308552,8.422314,11.108019,-162.466415,0.372221,0.519588,0.519559,-0.567047,
4915,1872340289,-31.344418,-3.552787,-4.713722,8.737329,17.458681,-193.396118,0.353984,0.506612,0.534436,-0.576559,
4916,1872356956,-21.750841,-2.265609,-0.494884,-120.362343,-26.761866,-145.596542,0.352422,0.486594,0.553914,-0.576374,
4917,1872373623,-16.906319,-4.050728,0.852287,-102.126740,27.905470,-111.976189,0.347757,0.474486,0.571927,-0.571691,
4918,1872390290,-18.201962,-3.859657,-0.309055,-93.506401,25.555382,-136.867447,0.340428,0.460283,0.590499,-0.568825,
4919,1872406957,-18.440376,-6.675069,-2.356430,-89.623070,16.818676,-158.722412,0.331556,0.443366,0.609387,-0.567581,
4920,1872423624,-16.615648,-8.778342,-1.458689,-50.623775,27.221067,-143.543839,0.320295,0.430258,0.624200,-0.568038,
4921,1872440291,-10.942532,-10.088820,-1.426562,4.337425,57.970131,-103.509644,0.305977,0.425707,0.633142,-0.569461,
4922,1872456958,-10.312614,-7.022538,-1.350860,81.339554,68.361320,-97.354309,0.286329,0.425849,0.635550,-0.576843,
4923,1872473625,-11.021230,-3.948997,-1.216304,117.076920,54.739952,-103.167320,0.265091,0.425578,0.634424,-0.588319,
4924,1872490292,-12.331374,-0.172023,-1.657219,93.756531,53.670647,-93.516472,0.246087,0.424991,0.634331,-0.597036,
4925,1872506959,-13.700550,3.951663,-2.586266,4.709311,42.790867,-59.735706,0.236457,0.423271,0.639314,-0.596834,
4926,1872523626,-11.448195,5.929778,-2.676644,-72.081131,13.358146,-30.506620,0.236801,0.419021,0.648067,-0.590219,
4927,1872540293,-7.853734,4.152641,-0.924735,-86.221672,1.241897,-8.949775,0.240967,0.415215,0.656204,-0.582177,
4928,1872556960,-5.194779,-0.608015,-0.954338,-87.756447,-5.626694,18.841616,0.248198,0.413359,0.662441,-0.573330,
4929,1872573627,-3.422887,-3.674237,-1.133444,-28.942780,-12.238291,46.242832,0.254786,0.415666,0.661809,-0.569489,
4930,1872590294,-0.156832,0.158837,-1.496666,12.231411,-16.638084,55.313293,0.260042,0.419980,0.657010,-0.569504,
4931,1872606961,-0.195186,3.584462,-0.091282,26.728153,5.325844,67.682701,0.263315,0.427807,0.651029,-0.569044,
4932,1872623628,-1.758196,3.177925,1.797530,7.114661,4.580261,73.552155,0.268337,0.435330,0.646205,-0.566485,
4933,1872640295,-3.342778,0.060327,0.497846,-63.087677,-9.456405,69.711533,0.278769,0.438531,0.646763,-0.558283,
4934,1872656962,-4.008391,-3.679188,-2.412267,-102.658646,-14.155972,62.310097,0.291496,0.438942,0.650654,-0.546820,
4935,1872673629,-3.376098,-6.440774,-4.563590,-61.983532,-7.060470,46.397835,0.299626,0.440040,0.652487,-0.539308,
4936,1872690296,-2.250916,-6.213020,-3.538388,63.269253,26.088747,32.496292,0.295465,0.447822,0.646750,-0.542101,
4937,1872706963,-1.796148,-3.235654,1.210714,175.969299,51.978222,32.000267,0.281363,0.462251,0.633001,-0.553599,
4938,1872723630,-6.219397,-5.819515,3.129959,-52.555702,30.060083,24.340813,0.283909,0.464668,0.637010,-0.545619,
4939,1872740297,-23.008867,-28.924046,-12.618299,66.752411,89.699135,-21.670498,0.269163,0.472395,0.637003,-0.546465,
4940,1872756964,-19.981573,9.432352,13.035358,140.404831,-12.498662,-87.724998,0.253453,0.468557,0.631410,-0.563506,
4941,1872773631,-17.339413,12.240776,-4.741595,43.090015,-19.614826,-36.979164,0.249112,0.465055,0.629857,-0.570043,
4942,1872790298,-16.571468,20.111610,-0.859065,-44.673969,-21.657467,73.276329,0.260013,0.468254,0.627972,-0.564612,
4943,1872806965,-18.815048,3.582975,-3.619888,-131.369186,-56.489445,149.816391,0.286152,0.472060,0.626337,-0.550438,
4944,1872823632,-19.854589,-11.636526,-5.427123,-77.918510,-49.667915,193.189575,0.311210,0.482150,0.617145,-0.538345,
4945,1872840299,-12.359700,-13.316898,-3.663208,62.776031,-24.927122,178.055984,0.322730,0.498772,0.598590,-0.537368,
4946,1872856966,-10.826143,-5.541437,-1.602040,141.744644,7.567007,163.925568,0.324306,0.519975,0.575898,-0.541106,
4947,1872873633,-13.544549,-0.369928,-0.852537,94.390266,-6.037076,148.825623,0.329150,0.536188,0.556963,-0.542179,
4948,1872890300,-15.682085,0.992703,-1.492035,18.551258,-29.213306,131.048355,0.340216,0.545229,0.543997,-0.539489,
4949,1872906967,-16.290995,2.301284,-1.882971,-45.456177,-47.096775,126.145920,0.357253,0.549095,0.535339,-0.533179,
4950,1872923634,-14.009978,-1.502918,-2.016717,-94.160416,-65.332314,113.159927,0.378422,0.547741,0.530289,-0.524951,
4951,1872940301,-10.829105,-6.344824,-2.978732,-138.932175,-85.366814,87.440216,0.402500,0.540064,0.529266,-0.515951,
4952,1872956968,-7.527323,-10.957095,-4.524775,-142.126907,-91.316216,72.256035,0.425857,0.530196,0.528950,-0.507693,
4953,1872973635,-5.025630,-11.609232,-4.768017,-115.393272,-82.821564,67.165878,0.445858,0.521893,0.527256,-0.500842,
4954,1872990302,-4.006204,-9.384992,-3.635557,-92.598923,-71.966942,66.243568,0.463027,0.515550,0.524441,-0.494752,
4955,1873006969,-2.959631,-8.287292,-3.328397,-60.605377,-58.983013,64.035728,0.476501,0.511968,0.520206,-0.490127,
4956,1873023636,-1.282089,-8.697156,-3.360782,-25.064049,-45.839016,51.454010,0.485354,0.510745,0.515198,-0.488001,
4957,1873040303,0.986560,-10.286125,-3.637898,-8.310289,-29.655146,24.442236,0.489795,0.509793,0.512117,-0.487803,
4958,1873056970,3.114216,-11.950549,-3.915533,26.473360,-7.826038,-14.919859,0.487223,0.509921,0.511031,-0.491370,
4959,1873073637,4.162137,-11.456924,-4.096022,91.110558,23.886858,-51.756180,0.474798,0.514088,0.510241,-0.499937,
4960,1873090304,2.909312,-8.525640,-4.842650,160.024368,50.747101,-69.729736,0.453694,0.523388,0.507401,-0.512615,
4961,1873106971,-0.712600,-2.758176,-3.873969,189.340698,48.834713,-91.872009,0.428464,0.532401,0.503509,-0.528630,
4962,1873123638,-8.052765,-1.006926,-4.910773,187.213181,52.506882,-141.929993,0.398805,0.537307,0.503327,-0.546736,
4963,1873140305,-18.445749,-2.309371,-4.163619,159.123764,58.058071,-203.878220,0.365466,0.535759,0.509854,-0.565198,
4964,1873156972,-24.648361,-6.780115,1.012607,-65.903961,12.312890,-196.397247,0.353220,0.518397,0.531245,-0.569457,
4965,1873173639,-20.570110,-1.982773,-1.106314,-95.336830,25.621731,-124.361916,0.347870,0.505806,0.549937,-0.566321,
4966,1873190306,-21.831326,0.659720,-1.614558,-125.986626,17.946926,-122.379082,0.345341,0.490885,0.570282,-0.560851,
4967,1873206973,-19.982101,-3.835928,-2.077994,-91.673012,-4.084421,-157.019684,0.339126,0.472678,0.588798,-0.561149,
4968,1873223640,-17.427458,-6.936135,-2.353409,-72.007851,7.127588,-165.801834,0.329644,0.455270,0.606448,-0.562395,
4969,1873240307,-15.893414,-10.857319,-0.622479,-28.046856,49.644238,-130.376923,0.316209,0.446309,0.619848,-0.562683,
4970,1873256974,-12.973665,-11.367616,0.069939,54.539131,70.188995,-107.409164,0.297305,0.444705,0.625676,-0.567785,
4971,1873273641,-12.366994,-8.778364,-0.473741,118.252365,66.973000,-116.127960,0.273688,0.444550,0.626323,-0.578958,
4972,1873290308,-12.626174,-3.680178,-1.244880,129.672836,55.523003,-114.195229,0.250349,0.443753,0.624994,-0.591435,
4973,1873306975,-11.978665,1.024299,-2.117305,112.098434,45.242107,-94.751282,0.230600,0.442931,0.623168,-0.601914,
4974,1873323642,-10.959807,3.858505,-2.791943,63.897930,36.618954,-65.247734,0.217241,0.442256,0.623149,-0.607375,
4975,1873340309,-9.911736,5.165543,-2.481660,-7.491147,26.777086,-31.444241,0.212328,0.441466,0.626872,-0.605853,
4976,1873356976,-7.899817,6.152704,-1.249858,-50.147545,2.700698,-6.177506,0.214569,0.439523,0.631957,-0.601177,
4977,1873373643,-4.918024,4.960502,-0.218561,-90.860748,-8.012503,5.165203,0.221366,0.436365,0.639465,-0.593017,
4978,1873390310,-2.266484,3.007419,0.586688,-101.405052,-7.793624,29.282288,0.230849,0.435041,0.646225,-0.582961,
4979,1873406977,-0.718456,1.741885,0.789469,-60.938080,-9.651258,73.980087,0.241687,0.439025,0.646523,-0.575200,
4980,1873423644,2.535740,-1.146301,2.876489,-43.114876,-24.566391,84.450256,0.253619,0.443287,0.644010,-0.569586,
4981,1873440311,2.372896,-1.581262,2.019137,-101.974144,-38.931587,70.756012,0.269486,0.442781,0.646547,-0.559734,
4982,1873456978,-1.921944,-1.339916,-2.174295,-129.513809,-30.588312,56.926834,0.285108,0.440397,0.652285,-0.547075,
4983,1873473645,-3.224846,-4.681965,-7.300048,-74.792046,1.597397,42.799164,0.292961,0.441371,0.655714,-0.537967,
4984,1873490312,-2.690011,-6.269344,-11.033697,-5.067470,40.866528,16.782907,0.290527,0.445863,0.656966,-0.534040,
4985,1873506979,-3.229622,-2.298173,4.200319,162.661865,51.990700,8.530682,0.275415,0.457370,0.645984,-0.545588,
4986,1873523646,-8.321827,-11.086280,0.275339,-191.150482,-18.719296,12.771373,0.290623,0.449172,0.659507,-0.528050,
4987,1873540313,-24.904831,-29.010187,-6.412964,347.150208,149.618866,-41.811310,0.249787,0.470542,0.641110,-0.552429,
4988,1873556980,-14.447963,5.171986,5.253763,23.662434,-42.712013,-120.198517,0.242274,0.456601,0.645978,-0.561725,
4989,1873573647,-18.310658,20.043875,-1.903604,117.452957,-6.941574,-40.665108,0.231591,0.456204,0.638936,-0.574463,
4990,1873590314,-17.767979,19.621000,-3.460442,-42.406036,-34.453262,101.729965,0.245909,0.461225,0.634679,-0.569197,
4991,1873606981,-21.256227,5.038852,-2.791146,-111.432259,-61.742191,174.107513,0.273219,0.467916,0.629905,-0.556443,
4992,1873623648,-22.844307,-9.985982,-5.951287,-82.068909,-47.338028,181.597763,0.297571,0.477194,0.622231,-0.544583,
4993,1873640315,-14.618629,-13.024449,-5.779528,8.886911,-41.695038,178.272537,0.314602,0.490178,0.607336,-0.540275,
4994,1873656982,-12.183211,-4.362520,-2.549118,53.893185,-19.191261,157.825760,0.324626,0.504868,0.591004,-0.538928,
4995,1873673649,-12.148044,-0.392731,-2.492815,1.018326,-32.737530,152.171432,0.339078,0.515240,0.578271,-0.534004,
4996,1873690316,-14.299014,-1.746567,-2.456630,-75.321320,-56.816513,153.825867,0.361203,0.519812,0.569812,-0.524067,
4997,1873706983,-15.162633,-4.440737,-1.693318,-87.027969,-70.784676,152.389069,0.385003,0.522213,0.561212,-0.513916,
4998,1873723650,-13.184406,-7.312577,-2.096466,-66.955917,-75.803902,129.586517,0.405732,0.523160,0.552194,-0.506725,
4999,1873740317,-10.228961,-8.108002,-3.492242,-73.362656,-86.809135,99.142860,0.425377,0.520199,0.545030,-0.501392,
5000,1873756984,-8.173912,-7.474321,-3.604743,-98.807564,-95.073982,85.318741,0.446374,0.513698,0.539979,-0.495268,
5001,1873773651,-5.630923,-9.268829,-3.961444,-106.534065,-96.820343,80.431686,0.467482,0.505899,0.535436,-0.488710,
5002,1873790318,-3.231416,-12.386728,-4.870779,-56.820274,-75.399658,87.225739,0.483531,0.503299,0.528075,-0.483764,
5003,1873806985,-1.240287,-12.151670,-3.727771,41.614853,-42.547981,93.689919,0.490158,0.510278,0.515471,-0.483377,
5004,1873823652,-0.841369,-9.782987,-3.210058,76.540161,-18.967825,85.462288,0.491714,0.520651,0.502571,-0.484320,
5005,1873840319,-2.436619,-7.702615,-4.216397,57.642651,-9.387571,60.834064,0.492159,0.528436,0.493449,-0.484816,
5006,1873856986,-0.108843,-8.064164,-4.810821,33.593437,-14.830053,21.974405,0.492055,0.531278,0.488578,-0.486744,
5007,1873873653,5.027541,-10.615287,-5.178805,66.315590,6.451346,-25.823277,0.484489,0.534534,0.486575,-0.492739,
5008,1873890320,7.050104,-10.392886,-4.750832,128.893906,43.514523,-67.375130,0.466309,0.541753,0.485788,-0.503063,
5009,1873906987,3.024596,-5.721598,-3.750805,170.109482,53.893208,-97.624771,0.441614,0.550017,0.484743,-0.517190,
5010,1873923654,-4.492095,-1.304702,-2.225547,133.998093,34.337730,-137.443954,0.417816,0.551219,0.487935,-0.532456,
5011,1873940321,-18.451654,-3.804834,-4.471350,146.430054,55.623718,-208.339325,0.385552,0.549170,0.496589,-0.550603,
5012,1873956988,-28.352409,-7.176464,-0.733243,2.981570,3.597254,-237.017044,0.365691,0.532113,0.515445,-0.563423,
5013,1873973655,-18.872614,-3.357121,-1.533062,-48.621002,54.018414,-154.868088,0.352435,0.522109,0.534382,-0.563587,
5014,1873990322,-22.682306,1.921099,-1.093812,-73.640862,44.898415,-139.639786,0.342822,0.510941,0.553419,-0.561376,
5015,1874006989,-22.530060,-2.460027,-2.089880,-104.608307,-4.009194,-172.703400,0.336499,0.491204,0.574596,-0.561542,
5016,1874023656,-19.105402,-6.298359,-2.343204,-69.572845,4.647559,-193.132782,0.324983,0.471744,0.594280,-0.564515,
5017,1874040323,-17.798315,-11.033327,0.450596,2.719850,55.855743,-155.611694,0.306919,0.462794,0.607431,-0.568027,
5018,1874056990,-13.834383,-11.011870,-0.866401,59.039589,74.880157,-121.803230,0.286005,0.460657,0.614165,-0.573411,
5019,1874073657,-13.369073,-6.850545,-1.265024,81.448509,72.349571,-125.054657,0.263385,0.458695,0.618804,-0.580786,
5020,1874090324,-13.376745,-2.106802,-1.040233,86.885811,50.260506,-125.521561,0.242201,0.454770,0.621812,-0.589809,
5021,1874106991,-12.312143,3.264523,-1.267347,54.261131,41.336880,-111.436569,0.225080,0.449995,0.626086,-0.595704,
5022,1874123658,-11.625161,6.262267,-3.262290,-9.089364,39.884037,-80.683495,0.214842,0.445699,0.633613,-0.594754,
5023,1874140325,-10.216888,6.720072,-1.388496,-44.420704,29.723625,-40.989594,0.211239,0.443018,0.641216,-0.589880,
5024,1874156992,-7.719467,4.234121,0.223068,-35.423286,19.248575,-5.324028,0.211081,0.443013,0.645380,-0.585382,
5025,1874173659,-5.103978,2.070052,0.557724,-14.563270,4.855992,19.496740,0.213042,0.444744,0.645709,-0.582991,
5026,1874190326,-2.537890,-0.321136,-0.423641,-26.616560,-9.591084,46.566837,0.219428,0.447402,0.644837,-0.579543,
5027,1874206993,0.464412,0.256011,-0.522994,-46.383987,-21.675674,67.038734,0.229937,0.450286,0.643847,-0.574314,
5028,1874223660,0.400488,3.211054,3.189348,-45.490215,-22.460457,72.450722,0.240878,0.453570,0.642301,-0.568950,
5029,1874240327,-1.513297,3.646144,3.629957,-53.449726,-25.624668,62.984554,0.251819,0.455359,0.641825,-0.563293,
5030,1874256994,-3.491300,-0.462771,-1.228668,-110.205612,-30.838219,58.001114,0.266535,0.454062,0.645975,-0.552726,
5031,1874273661,-2.878231,-4.738360,-8.566847,-150.078232,-26.416727,46.790783,0.282450,0.450321,0.653956,-0.538310,
5032,1874290328,-2.223639,-5.582635,-10.600470,-88.729065,-0.704819,29.865000,0.290473,0.449340,0.659064,-0.528543,
5033,1874306995,-3.198674,-5.143015,1.571683,101.163605,16.795803,22.434963,0.283773,0.456921,0.650664,-0.536036,
5034,1874323662,-8.861201,-28.059731,-18.077332,-95.717857,48.532356,3.617627,0.285619,0.456960,0.660019,-0.523439,
5035,1874340329,-26.548323,-3.240848,16.396040,438.809021,106.546875,-84.498070,0.239013,0.474069,0.635415,-0.560698,
5036,1874356996,-17.827322,10.093767,-0.782818,-45.340916,-30.983696,-79.731979,0.238304,0.462477,0.643677,-0.561256,
5037,1874373663,-18.797319,22.640045,-1.629216,70.070389,-12.218478,43.454948,0.238097,0.467874,0.634768,-0.566988,
5038,1874390330,-18.582247,13.835575,-1.850832,-76.553459,-42.671341,140.072632,0.258570,0.474442,0.630091,-0.557704,
5039,1874406997,-20.671526,-4.425180,-4.283085,-87.783310,-51.701969,178.483139,0.283579,0.483034,0.622873,-0.546162,
5040,1874423664,-18.301315,-12.610707,-5.132443,-0.549479,-51.524067,188.502548,0.303005,0.495740,0.607505,-0.541637,
5041,1874440331,-11.719811,-8.079702,-3.710751,47.555279,-29.360302,165.093399,0.314942,0.509890,0.590580,-0.540409,
5042,1874456998,-13.014069,-0.403600,-3.149501,23.633005,-26.257877,139.496964,0.326208,0.520720,0.577262,-0.537783,
5043,1874473665,-15.169506,-0.480600,-2.516354,-43.733395,-43.397198,142.156235,0.344071,0.526995,0.567931,-0.530423,
5044,1874490332,-15.159974,-4.985642,-2.419504,-56.028507,-64.526291,144.022751,0.364581,0.530894,0.558039,-0.523286,
5045,1874506999,-12.395730,-6.340035,-2.036559,-27.276016,-64.765099,128.115448,0.381491,0.534735,0.546888,-0.519075,
5046,1874523666,-10.205331,-6.167741,-2.740294,-37.224625,-66.777748,101.594566,0.397185,0.535554,0.538226,-0.515501,
5047,1874540333,-8.529068,-7.454671,-3.824708,-68.439674,-77.760361,84.428848,0.414740,0.532213,0.532418,-0.511149,
5048,1874557000,-6.832654,-9.024805,-3.897685,-71.388222,-78.385628,77.249283,0.431884,0.527896,0.527155,-0.506865,
5049,1874573667,-4.722839,-10.441932,-3.430904,-59.557564,-71.359261,81.543495,0.447748,0.524990,0.520955,-0.502509,
5050,1874590334,-2.568144,-10.681812,-3.298334,-19.861536,-50.176235,87.736885,0.459307,0.526544,0.512624,-0.499007,
5051,1874607001,-2.703651,-9.297460,-2.875006,-2.147402,-29.932291,82.756851,0.467548,0.530279,0.504648,-0.495517,
5052,1874623668,-2.456698,-8.619763,-2.530123,-15.172789,-31.581476,58.281132,0.475090,0.531145,0.499325,-0.492801,
5053,1874640335,0.382382,-9.590349,-3.303598,5.232844,-27.371244,21.199522,0.478060,0.530997,0.495669,-0.493777,
5054,1874657002,3.412843,-9.858403,-4.632604,45.823193,-7.393267,-10.594303,0.474153,0.532795,0.492927,-0.498332,
5055,1874673669,4.767765,-9.927901,-4.781253,78.930885,16.148195,-33.829727,0.464255,0.536859,0.491163,-0.504987,
5056,1874690336,3.432409,-8.187778,-3.384808,139.200699,39.995380,-59.142254,0.445928,0.544752,0.488394,-0.515624,
5057,1874707003,0.371000,-3.975936,-2.227293,159.238602,33.225025,-81.313393,0.424557,0.551528,0.485144,-0.529345,
5058,1874723670,-6.749573,-0.202842,-2.338199,122.204056,27.732882,-118.403801,0.403404,0.552609,0.487059,-0.542831,
5059,1874740337,-21.072836,-2.884432,-7.478389,168.540009,55.723190,-201.381302,0.369561,0.552141,0.493097,-0.561626,
5060,1874757004,-28.386696,-4.548811,1.700570,-13.202768,-2.646986,-219.527283,0.352535,0.535127,0.511665,-0.572328,
5061,1874773671,-17.945477,-4.486230,1.918906,-116.767891,19.368395,-133.132126,0.348818,0.520601,0.532819,-0.568689,
5062,1874790338,-19.770189,1.308251,-0.284729,-107.394318,12.289433,-138.454025,0.344265,0.505201,0.552880,-0.566199,
5063,1874807005,-19.504250,-0.900297,-1.346995,-113.853783,-19.045612,-172.413467,0.339637,0.483767,0.573957,-0.566739,
5064,1874823672,-18.195301,-3.823816,-2.070394,-110.604301,-23.371895,-182.702484,0.333971,0.460816,0.594724,-0.567819,
5065,1874840339,-16.153343,-8.085505,0.301460,-50.536533,15.687582,-145.252380,0.323742,0.446898,0.609472,-0.569228,
5066,1874857006,-11.895523,-11.205329,0.760573,52.417213,50.595795,-111.395248,0.306384,0.443517,0.614864,-0.575645,
5067,1874873673,-11.757550,-9.388003,-0.898374,86.134888,61.569893,-122.127800,0.284826,0.441387,0.618324,-0.584578,
5068,1874890340,-13.730245,-4.931695,-1.705295,92.031807,50.101540,-128.748474,0.263193,0.437674,0.620876,-0.594716,
5069,1874907007,-13.915136,1.124427,-1.891147,53.361557,40.343990,-110.793221,0.246331,0.433051,0.624960,-0.601012,
5070,1874923674,-13.566328,6.916357,-4.624453,-40.668316,42.780807,-74.313240,0.238292,0.428468,0.634877,-0.597132,
5071,1874940341,-11.361464,8.725135,-1.572760,-62.986687,23.662424,-35.459930,0.236748,0.424973,0.643543,-0.590934,
5072,1874957008,-7.057324,5.371339,1.764281,-23.399981,9.614356,-2.964779,0.236854,0.424647,0.646267,-0.588147,
5073,1874973675,-3.636579,2.751508,0.714733,-28.365004,-0.544721,24.347328,0.240555,0.425842,0.647362,-0.584567,
5074,1874990342,-1.575873,-0.607864,-1.213656,-50.963840,-7.366017,60.102585,0.249320,0.428999,0.647872,-0.577983,
5075,1875007009,0.643721,1.130897,-1.993345,-50.907055,-21.460169,74.125595,0.260551,0.432229,0.646892,-0.571686,
5076,1875023676,0.892610,2.837831,1.056241,-36.730621,-21.450397,72.073746,0.270676,0.435735,0.644759,-0.566708,
5077,1875040343,-1.452007,-0.052017,3.517255,-53.549480,-14.010969,65.106598,0.280557,0.438475,0.644651,-0.559871,
5078,1875057010,-2.897332,-6.358397,-2.897590,-124.367432,-14.555584,57.971436,0.294346,0.437489,0.650563,-0.546566,
5079,1875073677,-3.603811,-8.486141,-9.509128,-89.758835,6.362418,39.582436,0.302401,0.437774,0.655592,-0.535827,
5080,1875090344,-5.927521,-7.428271,-3.213810,44.726414,24.089064,18.166527,0.298491,0.443255,0.652199,-0.537650,
5081,1875107011,-10.674842,-24.498173,-16.421635,37.927750,82.509735,-8.802843,0.287331,0.450397,0.653535,-0.536170,
5082,1875123678,-20.276491,-2.120590,18.136671,405.121765,106.051247,-81.747429,0.243632,0.466866,0.630703,-0.569998,
5083,1875140345,-13.733101,13.639928,2.237724,-20.432379,-36.407623,-79.218208,0.241597,0.455745,0.636640,-0.573253,
5084,1875157012,-17.892397,17.583803,-2.024919,12.195798,-14.497198,49.043537,0.246043,0.459427,0.632049,-0.573504,
5085,1875173679,-18.029194,13.903072,0.142826,-86.448975,-62.669575,129.955185,0.268185,0.462856,0.628348,-0.564821,
5086,1875190346,-19.930809,0.842942,-3.150733,-107.876549,-58.950310,153.266663,0.293163,0.467565,0.624538,-0.552624,
5087,1875207013,-18.864128,-14.048509,-4.983344,-48.205952,-64.831299,169.856079,0.315729,0.475491,0.614069,-0.545110,
5088,1875223680,-10.950385,-9.979582,-3.426623,40.035664,-36.801384,163.462036,0.328967,0.488798,0.597919,-0.543463,
5089,1875240347,-11.158784,-2.376556,-1.583393,42.829170,-15.634240,135.899506,0.337814,0.501260,0.584210,-0.541591,
5090,1875257014,-13.352349,0.086568,-1.210917,-14.566687,-30.538240,128.805481,0.351420,0.508927,0.574575,-0.536063,
5091,1875273681,-15.397554,-2.867674,-2.666963,-53.478813,-52.892467,125.538086,0.369378,0.512383,0.566839,-0.528886,
5092,1875290348,-14.355707,-3.696964,-1.884100,-25.166328,-59.282681,118.110367,0.385030,0.516045,0.556902,-0.524702,
5093,1875307015,-13.111603,-3.685952,-1.703367,-22.170399,-65.787895,105.649460,0.399898,0.518188,0.547111,-0.521761,
5094,1875323682,-11.177387,-4.960145,-3.310741,-48.994862,-71.221733,95.197769,0.416291,0.517352,0.539644,-0.517529,
5095,1875340349,-9.550078,-7.640160,-3.894091,-81.556496,-75.508453,91.726486,0.435047,0.513748,0.534420,-0.511074,
5096,1875357016,-7.229807,-10.379093,-4.298830,-81.389641,-72.314163,91.069695,0.453304,0.510119,0.529209,-0.504216,
5097,1875373683,-4.725485,-10.295701,-3.446035,-31.124388,-58.475594,93.325974,0.466773,0.510817,0.520876,-0.499881,
5098,1875390350,-3.534894,-8.839412,-2.370395,12.599833,-42.356224,87.569221,0.475241,0.515097,0.510768,-0.497935,
5099,1875407017,-4.172352,-8.837119,-2.909908,34.767868,-28.717878,71.734131,0.479805,0.520632,0.501099,-0.497626,
5100,1875423684,-3.111016,-9.115543,-3.712921,34.132980,-24.122612,42.725891,0.481929,0.524284,0.493941,-0.498895,
5101,1875440351,1.765453,-10.214244,-3.513947,52.672134,-8.366178,2.357730,0.478542,0.527443,0.489592,-0.503094,
5102,1875457018,5.976700,-10.877510,-3.620940,79.977005,19.156546,-36.635338,0.468190,0.531678,0.488099,-0.509782,
5103,1875473685,5.390373,-8.805483,-3.719969,127.753174,50.439552,-74.207718,0.448973,0.538633,0.487934,-0.519827,
5104,1875490352,0.888321,-3.971551,-2.377957,153.468735,44.328537,-102.843636,0.425719,0.544426,0.487357,-0.533713,
5105,1875507019,-2.266245,-1.158460,-0.911704,84.749420,7.545506,-127.495674,0.408328,0.541014,0.491482,-0.546828,
5106,1875523686,-7.781643,0.304784,-1.358862,-9.306867,-10.822934,-154.152954,0.397321,0.528375,0.503842,-0.555969,
5107,1875540353,-19.393261,-1.177288,-6.180615,9.935278,23.481691,-198.096756,0.378497,0.516039,0.519658,-0.566041,
5108,1875557020,-26.657642,-3.306621,0.012379,-142.194763,-28.234699,-206.262558,0.373906,0.489887,0.545185,-0.568314,
5109,1875573687,-15.375464,-5.929511,0.229490,-184.424362,18.246655,-130.825226,0.374412,0.470656,0.570683,-0.559126,
5110,1875590354,-16.832537,-2.986312,-0.626612,-108.855553,42.184711,-127.366989,0.367713,0.457359,0.590606,-0.553893,
5111,1875607021,-18.233250,-5.712153,-2.105776,-85.227142,27.115446,-169.516998,0.357077,0.440164,0.610197,-0.553546,
5112,1875623688,-18.287878,-8.579730,-3.578129,-43.072727,33.356739,-181.121964,0.341976,0.424286,0.626985,-0.556710,
5113,1875640355,-17.349964,-11.246166,-1.394513,5.591375,64.792145,-131.544357,0.324807,0.417631,0.637949,-0.559561,
5114,1875657022,-14.053294,-11.231891,-0.939662,69.399742,92.451363,-94.965904,0.304018,0.419436,0.642502,-0.564660,
5115,1875673689,-12.751748,-8.291350,-1.042420,129.395111,94.228027,-95.927254,0.279139,0.423691,0.641871,-0.574954,
5116,1875690356,-13.004279,-3.855355,-1.785536,156.892044,84.076050,-96.535065,0.253237,0.427813,0.638047,-0.588002,
5117,1875707023,-13.647733,1.178154,-1.749330,143.194839,71.241646,-80.674446,0.230538,0.431472,0.633437,-0.599536,
5118,1875723690,-12.519765,5.678594,-3.825035,35.605560,62.178875,-48.339001,0.218150,0.433533,0.635606,-0.600389,
5119,1875740357,-11.274589,8.471362,-1.161824,-25.876577,24.508894,-21.194866,0.215472,0.432822,0.640171,-0.597009,
5120,1875757024,-6.880072,6.811633,0.359414,-62.272125,6.156322,-7.487132,0.217976,0.430629,0.646416,-0.590926,
5121,1875773691,-5.151403,2.658801,1.583408,-88.570854,15.065215,17.885321,0.223444,0.430698,0.653526,-0.580929,
5122,1875790358,-3.351821,-0.314208,1.288229,-87.841179,5.758035,59.905636,0.233257,0.433908,0.657501,-0.570096,
5123,1875807025,-0.093424,-2.269062,0.266723,-61.380936,-17.682848,86.669830,0.245805,0.438528,0.656639,-0.562228,
5124,1875823692,3.301055,-0.725381,0.566930,-58.956036,-33.646473,77.529305,0.258919,0.440955,0.655439,-0.555808,
5125,1875840359,0.112447,0.734598,1.164331,-63.770458,-32.129948,67.753647,0.271351,0.442296,0.655175,-0.549082,
5126,1875857026,-2.507159,-2.193038,-2.538424,-86.793869,-27.156309,60.736904,0.284169,0.442358,0.657248,-0.539996,
5127,1875873693,-3.136408,-5.319793,-9.499545,-73.668915,9.585741,41.833458,0.291088,0.443951,0.660892,-0.530471,
5128,1875890360,-8.509453,-7.566687,-2.265748,-5.085561,17.800323,27.163029,0.291629,0.447632,0.660484,-0.527581,
5129,1875907027,-13.460573,-25.343735,-20.136055,25.341694,62.621143,-10.320807,0.282987,0.452414,0.662042,-0.526254,
5130,1875923694,-21.970316,-0.902389,17.799910,335.899658,95.062653,-73.745239,0.245546,0.465714,0.644427,-0.554558,
5131,1875940361,-13.895693,10.617085,2.216945,-21.412605,-34.147453,-46.873531,0.246235,0.457709,0.648289,-0.556413,
5132,1875957028,-16.276133,16.497822,-2.573488,18.968018,-14.425532,72.160889,0.251991,0.463927,0.641596,-0.556444,
5133,1875973695,-15.801781,9.942897,0.428107,-47.750103,-50.919193,145.690491,0.271529,0.471459,0.633790,-0.549828,
5134,1875990362,-17.384501,-0.238601,-3.551943,-62.437477,-48.927731,173.184753,0.293918,0.480800,0.624937,-0.540278,
5135,1876007029,-18.426115,-12.491841,-5.356059,-21.074175,-46.273022,192.383728,0.314451,0.493483,0.611108,-0.533052,
5136,1876023696,-11.652364,-8.721750,-4.180647,48.930191,-30.129198,180.092331,0.327325,0.509139,0.592995,-0.531033,
5137,1876040363,-10.985802,-1.750890,-2.104305,34.645782,-22.273840,156.156876,0.338518,0.522331,0.577751,-0.527999,
5138,1876057030,-12.469099,-0.316011,-1.811067,-6.261056,-32.875961,151.559998,0.353181,0.532037,0.565174,-0.522284,
5139,1876073697,-14.433764,-2.616086,-1.667021,-36.658478,-52.922783,135.237244,0.370436,0.537061,0.554865,-0.516208,
5140,1876090364,-13.908246,-3.895715,-2.438215,-7.968147,-57.347736,103.480736,0.383282,0.540532,0.544435,-0.514309,
5141,1876107031,-11.936905,-3.233281,-2.080467,-21.146851,-61.173615,80.900368,0.395680,0.541056,0.536414,-0.512794,
5142,1876123698,-10.562400,-3.226773,-2.928367,-65.975410,-72.006157,74.899109,0.411897,0.537579,0.531441,-0.508844,
5143,1876140365,-9.004938,-5.695113,-3.795700,-103.419968,-79.981346,75.648964,0.431548,0.531113,0.528493,-0.502377,
5144,1876157032,-7.155614,-8.538708,-3.503380,-107.992767,-79.980728,79.068665,0.451586,0.524360,0.525355,-0.495097,
5145,1876173699,-4.782677,-9.395071,-2.578081,-63.980915,-70.486511,83.822189,0.467692,0.521321,0.519089,-0.489936,
5146,1876190366,-3.740245,-8.198917,-2.295380,-20.315851,-60.069084,78.509193,0.479193,0.521451,0.510685,-0.487511,
5147,1876207033,-3.567326,-7.390935,-3.363027,-9.080844,-49.278740,66.163086,0.488078,0.522119,0.503085,-0.485880,
5148,1876223700,-3.443133,-8.409603,-4.744475,-28.580072,-46.964813,45.712502,0.496768,0.520005,0.498522,-0.484040,
5149,1876240367,0.633668,-10.394283,-5.163781,-1.754975,-28.574215,12.800508,0.499745,0.518706,0.495861,-0.485103,
5150,1876257034,5.708770,-12.951810,-4.193894,53.733334,6.849087,-17.996315,0.493782,0.521694,0.494164,-0.489714,
5151,1876273701,6.916844,-13.331514,-4.560122,137.050385,50.822906,-46.701702,0.476149,0.531584,0.491733,-0.498901,
5152,1876290368,2.290358,-7.925808,-4.202044,233.499634,79.670097,-71.526955,0.446744,0.547962,0.485760,-0.514002,
5153,1876307035,-2.703975,-0.237622,-1.975512,247.642822,57.122292,-92.713303,0.415561,0.561269,0.478239,-0.532520,
5154,1876323702,-11.158831,2.316674,-2.388470,181.603043,44.115513,-142.551956,0.386246,0.565347,0.478462,-0.549794,
5155,1876340369,-24.785650,-0.142379,-3.742068,143.420303,37.464710,-205.958603,0.354973,0.561618,0.485967,-0.567819,
5156,1876357036,-21.454132,-0.677135,0.273757,-83.334389,-35.269897,-179.560272,0.349141,0.541413,0.505741,-0.573760,
5157,1876373703,-16.966995,1.355619,-0.592239,-147.052307,-5.683486,-122.094727,0.350657,0.524221,0.527391,-0.569292,
5158,1876390370,-17.879589,0.764210,-2.041763,-169.248413,-20.143711,-142.083130,0.352998,0.502687,0.551176,-0.564718,
5159,1876407037,-19.763208,-5.045746,-3.477638,-158.078537,-34.711048,-186.151215,0.351656,0.476407,0.575866,-0.563699,
5160,1876423704,-19.462000,-9.541967,-3.209890,-122.550804,-4.245476,-179.712799,0.345422,0.454427,0.598088,-0.562560,
5161,1876440371,-16.130356,-12.823956,-1.049023,-38.125664,43.000271,-131.082626,0.333222,0.444449,0.612128,-0.562788,
5162,1876457038,-13.125634,-11.595634,-1.095786,30.277351,77.682533,-123.510735,0.313978,0.441092,0.621478,-0.566237,
5163,1876473705,-13.459569,-8.191787,-2.394304,46.553917,94.903244,-135.391037,0.290979,0.438574,0.630688,-0.570280,
5164,1876490372,-14.954528,-4.496254,-1.824188,96.241539,83.719841,-128.085556,0.266247,0.437607,0.634417,-0.578904,
5165,1876507039,-14.577242,0.490364,-1.653882,121.096413,77.882591,-100.674805,0.242601,0.439344,0.633650,-0.588738,
5166,1876523706,-12.676124,4.477742,-4.037895,49.651814,71.237335,-75.477196,0.226176,0.440107,0.636854,-0.591245,
5167,1876540373,-11.119964,5.635589,-2.766699,8.377866,53.262215,-46.910744,0.216472,0.440527,0.641059,-0.590019,
5168,1876557040,-7.751366,4.072947,-0.046516,0.304787,42.121925,-23.849243,0.210289,0.441853,0.644074,-0.587976,
5169,1876573707,-5.879575,3.874994,-0.460139,-29.337496,30.887339,9.284621,0.209890,0.444396,0.647118,-0.582837,
5170,1876590374,-3.826497,4.048092,0.277597,-20.122757,14.880300,49.328678,0.213787,0.449611,0.646269,-0.578346,
5171,1876607041,0.186887,2.995151,1.481556,-1.872507,-20.640490,59.412605,0.220665,0.453323,0.642074,-0.577537,
5172,1876623708,2.787012,3.865426,1.594568,-55.828754,-28.360975,55.686962,0.231485,0.454255,0.642336,-0.572254,
5173,1876640375,-1.113327,0.574679,2.064870,-87.363113,-17.117599,62.002457,0.243818,0.455563,0.645057,-0.562957,
5174,1876657042,-2.373117,-3.643667,-2.460776,-128.909302,-17.010820,55.256092,0.258260,0.454620,0.651413,-0.549806,
5175,1876673709,-2.865539,-5.317074,-8.126808,-125.479897,-7.314836,46.855377,0.270780,0.453602,0.658154,-0.536433,
5176,1876690376,-2.590832,-3.137799,-2.647295,18.008652,1.409611,40.824657,0.272470,0.458242,0.654304,-0.536342,
5177,1876707043,-4.209045,-3.320444,3.244648,13.203754,-13.715866,41.180069,0.275936,0.461529,0.650180,-0.536767,
5178,1876723710,-8.265269,-36.077278,-29.650591,-66.165359,88.475502,17.839577,0.273200,0.467328,0.657819,-0.523682,
5179,1876740377,-26.807066,3.380941,22.688114,385.880585,44.325809,-90.441193,0.235227,0.476510,0.635460,-0.560178,
5180,1876757044,-17.467342,8.276074,-3.905549,-28.061361,-24.312342,-65.585304,0.233891,0.467409,0.641629,-0.561373,
5181,1876773711,-15.537702,21.961332,-3.579010,43.842899,-10.944574,67.718880,0.237279,0.474228,0.633233,-0.563760,
5182,1876790378,-16.391399,11.237388,-1.022798,-62.007812,-39.966148,158.274979,0.257982,0.483178,0.626023,-0.555052,
5183,1876807045,-17.454742,-2.749421,-3.043517,-95.482559,-38.762997,190.477356,0.283323,0.493512,0.618786,-0.541554,
5184,1876823712,-20.676392,-15.974361,-4.490052,-9.458909,-24.050201,195.164062,0.301283,0.508530,0.604489,-0.534061,
5185,1876840379,-12.295259,-9.588153,-1.755397,68.953865,-20.785702,163.629959,0.310485,0.524090,0.586132,-0.534210,
5186,1876857046,-11.452025,-1.766782,-0.700035,78.264183,-11.712884,149.563599,0.316914,0.539245,0.568166,-0.534762,
5187,1876873713,-14.416158,0.408289,-0.703175,13.821388,-24.846851,147.724915,0.329171,0.549971,0.554448,-0.530819,
5188,1876890380,-14.849749,-0.572714,-1.800915,-35.374317,-49.740372,142.568604,0.346815,0.555737,0.543478,-0.524890,
5189,1876907047,-11.892390,-2.347966,-2.391817,-34.059025,-61.699600,122.131546,0.363581,0.558789,0.533207,-0.520823,
5190,1876923714,-9.872210,-4.242907,-2.469635,-53.744316,-66.683067,96.377075,0.380244,0.558213,0.526055,-0.516799,
5191,1876940381,-8.711295,-5.485605,-4.127923,-83.482895,-76.166870,80.746742,0.398729,0.553874,0.521687,-0.511942,
5192,1876957048,-7.775687,-6.973608,-4.554486,-115.647751,-80.287384,76.691963,0.419625,0.546794,0.519556,-0.504971,
5193,1876973715,-6.457541,-9.138774,-4.312177,-116.521210,-81.843948,77.908752,0.440566,0.539339,0.517015,-0.497708,
5194,1876990382,-3.888541,-11.588888,-3.892980,-79.375015,-72.007027,83.159073,0.458024,0.535116,0.511764,-0.491899,
5195,1877007049,-3.221092,-11.048266,-2.758004,-21.768595,-57.617409,79.180023,0.469504,0.535305,0.503512,-0.489380,
5196,1877023716,-2.490067,-9.471128,-3.176522,21.423452,-43.378109,58.092850,0.475000,0.537824,0.494722,-0.490279,
5197,1877040383,-1.592874,-9.255515,-4.494884,21.646395,-34.727520,20.645956,0.477145,0.538238,0.489408,-0.493067,
5198,1877057050,1.270645,-12.280813,-4.877552,39.808277,-20.753954,-27.427794,0.473399,0.537466,0.487503,-0.499368,
5199,1877073717,4.638649,-13.838449,-3.298699,99.040489,14.348318,-66.801201,0.459584,0.540429,0.486705,-0.509745,
5200,1877090384,2.228742,-10.314244,-2.797368,165.285187,47.170490,-94.270569,0.435942,0.548002,0.485080,-0.523783,
5201,1877107051,-2.785045,-2.880149,-2.391666,206.390091,40.123150,-108.541908,0.407996,0.556087,0.480531,-0.541664,
5202,1877123718,-9.239144,1.606130,-3.213413,181.534653,38.550102,-144.214584,0.378878,0.559423,0.480164,-0.559413,
5203,1877140385,-20.933975,0.950933,-3.040212,101.652214,34.963081,-206.488831,0.351001,0.553065,0.490604,-0.574654,
5204,1877157052,-22.757172,-4.493062,-1.178669,-83.175301,-30.082859,-215.344528,0.341484,0.530566,0.513311,-0.581724,
5205,1877173719,-19.112505,-0.946262,-1.584974,-98.744675,11.973179,-162.222366,0.334190,0.514300,0.534828,-0.581184,
5206,1877190386,-20.681101,2.518119,-1.609595,-164.186752,-1.140969,-165.014633,0.332252,0.493030,0.560925,-0.576104,
5207,1877207053,-20.596926,-1.544128,-2.130142,-196.053253,-25.355736,-189.255600,0.332085,0.465538,0.589481,-0.570534,
5208,1877223720,-17.588203,-6.847328,-1.484050,-131.126450,1.953571,-179.459671,0.325555,0.443665,0.612522,-0.567445,
5209,1877240387,-15.391556,-10.815124,0.175038,-32.065861,40.943604,-141.406967,0.312047,0.432744,0.626305,-0.568423,
5210,1877257054,-12.203548,-10.758044,-0.664139,13.965310,61.095367,-116.631012,0.295718,0.427644,0.635364,-0.570953,
5211,1877273721,-10.709517,-8.052872,-0.076480,64.092888,69.897995,-115.473816,0.275425,0.425352,0.640293,-0.577274,
5212,1877290388,-10.617943,-2.106318,-0.978420,65.498367,62.707981,-112.185356,0.255862,0.422620,0.644314,-0.583772,
5213,1877307055,-11.432355,2.720009,-2.136886,22.478708,48.888733,-81.483002,0.242763,0.419853,0.649373,-0.585753,
5214,1877323722,-10.396508,4.967683,-2.093805,-22.252567,41.505203,-49.804127,0.235756,0.417806,0.655946,-0.582748,
5215,1877340389,-8.871943,5.803844,0.522586,-10.074677,42.063038,-16.592392,0.230755,0.419362,0.659435,-0.579686,
5216,1877357056,-6.107898,2.868800,0.947390,-40.329903,25.652077,17.625278,0.232050,0.421781,0.662801,-0.573543,
5217,1877373723,-5.198713,-0.180836,-0.055681,-52.895428,0.131466,52.035763,0.239429,0.424930,0.664184,-0.566543,
5218,1877390390,-3.955873,-0.908474,-4.015213,-109.870209,-31.048326,68.933830,0.254676,0.425054,0.667968,-0.555239,
5219,1877407057,-1.582425,-0.521128,-3.360727,-81.951134,-44.034935,65.585495,0.269106,0.424701,0.669008,-0.547395,
5220,1877423724,-0.549300,-4.167397,-0.590671,-13.666730,-23.067278,51.556404,0.276116,0.427254,0.666187,-0.545355,
5221,1877440391,0.181299,-5.520635,-3.463693,-37.642277,-7.139946,30.341476,0.281372,0.428026,0.667186,-0.540822,
5222,1877457058,-2.378199,-5.650315,-6.528812,-39.499084,38.516392,24.408392,0.281826,0.431709,0.670528,-0.533475,
5223,1877473725,-4.544588,-3.640000,-2.549537,56.938175,49.519562,22.225319,0.274951,0.439941,0.666908,-0.534874,
5224,1877490392,-4.062917,1.781632,0.741322,174.137741,26.069672,21.638466,0.262698,0.450803,0.653007,-0.548954,
5225,1877507059,-9.055843,-1.408960,5.178409,-16.968040,0.267148,30.999722,0.266083,0.453040,0.652540,-0.546030,
5226,1877523726,-15.137908,-25.928534,-15.204487,0.916865,89.501480,8.885970,0.258040,0.460911,0.655495,-0.539727,
5227,1877540393,-18.731247,2.378513,12.043909,198.853821,-14.597361,-53.535175,0.241610,0.461839,0.642843,-0.561324,
5228,1877557060,-18.139254,12.894287,-1.823798,45.571682,-24.244062,-31.723783,0.238045,0.458407,0.640582,-0.568204,
5229,1877573727,-17.693426,20.433521,-1.496158,-31.329060,-41.204395,89.481606,0.251175,0.462140,0.635909,-0.564766,
5230,1877590394,-19.901911,9.193641,-3.328791,-89.904282,-47.470501,178.154907,0.275975,0.471169,0.629505,-0.552779,
5231,1877607061,-21.420969,-5.957623,-3.927260,-114.351860,-68.052185,202.535980,0.306006,0.479300,0.621901,-0.538399,
5232,1877623728,-14.548245,-16.502840,-5.333599,-13.629191,-62.720882,186.892853,0.327000,0.490426,0.607101,-0.532902,
5233,1877640395,-8.996736,-8.605045,-2.183739,49.749729,-29.647236,163.617630,0.338511,0.504720,0.590187,-0.531366,
5234,1877657062,-11.137040,-3.410485,-0.165144,23.502842,-30.848448,144.969421,0.350425,0.515753,0.576289,-0.528295,
5235,1877673729,-14.832552,-2.561794,-1.166456,-31.553640,-47.557632,126.802002,0.366321,0.520949,0.566882,-0.522560,
5236,1877690396,-15.682618,-1.899719,-2.408415,-17.487967,-58.749485,111.597137,0.380785,0.524598,0.556753,-0.519450,
5237,1877707063,-12.679214,-1.435349,-2.580361,-22.218973,-66.001968,102.411369,0.395379,0.526523,0.547099,-0.516850,
5238,1877723730,-10.165944,-2.850547,-2.476157,-49.734081,-69.922760,88.871605,0.411249,0.525328,0.540151,-0.512977,
5239,1877740397,-8.524353,-5.642022,-3.545737,-91.884109,-85.231422,68.733490,0.429886,0.518691,0.536769,-0.507976,
5240,1877757064,-5.699571,-8.798666,-4.643319,-124.729477,-93.210136,60.139912,0.450768,0.508477,0.535693,-0.501293,
5241,1877773731,-2.907965,-11.344105,-4.863202,-105.429329,-81.464462,66.604347,0.469539,0.500620,0.533222,-0.494560,
5242,1877790398,-0.961897,-11.781640,-3.716448,-29.851376,-54.758278,72.605370,0.481011,0.500145,0.526531,-0.491173,
5243,1877807065,-1.239105,-10.677548,-3.097550,32.806889,-23.690538,69.440254,0.485239,0.505949,0.517687,-0.490470,
5244,1877823732,-2.254222,-8.906462,-3.213553,52.140022,-7.516203,51.644726,0.485496,0.512869,0.509856,-0.491232,
5245,1877840399,0.205747,-8.688269,-3.369606,66.805420,1.238465,19.071495,0.481629,0.518979,0.503974,-0.494678,
5246,1877857066,3.495382,-9.387091,-3.489128,92.908234,17.603720,-12.371599,0.472257,0.525715,0.499664,-0.500935,
5247,1877873733,4.490657,-8.641382,-3.852415,125.696945,40.408825,-38.561508,0.456671,0.534303,0.496389,-0.509483,
5248,1877890400,2.124079,-4.946959,-2.897698,158.916245,47.634956,-61.298203,0.436052,0.543706,0.492638,-0.521107,
5249,1877907067,0.318319,-0.956156,-1.566136,142.580475,24.848421,-80.934799,0.416595,0.548601,0.489927,-0.534285,
5250,1877923734,-4.865866,1.803234,0.137098,44.413548,4.741783,-117.272545,0.403386,0.543142,0.496299,-0.544028,
5251,1877940401,-18.205059,-1.002393,-6.659718,92.570930,33.382839,-196.786499,0.377740,0.536662,0.506480,-0.559273,
5252,1877957068,-32.807133,-5.043235,-0.578422,-38.604565,-16.958652,-228.351685,0.363059,0.515972,0.526472,-0.569904,
5253,1877973735,-15.573005,-5.387386,-0.394990,-161.847900,5.843722,-121.482262,0.364367,0.498319,0.549328,-0.563166,
5254,1877990402,-18.859205,0.793040,0.234947,-131.043640,29.412333,-114.773666,0.361826,0.484377,0.569997,-0.556387,
5255,1878007069,-21.248177,-3.876649,-1.595215,-152.164383,1.590428,-164.989151,0.358699,0.462488,0.593945,-0.551971,
5256,1878023736,-19.895645,-7.908455,-3.852723,-108.904732,-9.395287,-188.574310,0.351344,0.439451,0.614809,-0.552678,
5257,1878040403,-16.708120,-13.022610,-1.743342,-58.683586,50.910378,-128.353333,0.339961,0.428877,0.630407,-0.550527,
5258,1878057070,-14.092765,-13.816288,-0.570850,52.254890,90.049500,-93.965034,0.320666,0.429878,0.636625,-0.554156,
5259,1878073737,-12.851381,-10.541688,-0.398920,130.170395,97.022758,-110.929008,0.294287,0.433233,0.637552,-0.565009,
5260,1878090404,-13.858029,-5.612338,-1.067637,158.257690,85.545258,-118.845856,0.266285,0.435717,0.635598,-0.579016,
5261,1878107071,-13.581532,0.140483,-1.747975,154.987137,75.542908,-102.232124,0.240569,0.438366,0.631893,-0.592179,
5262,1878123738,-11.715173,4.338878,-3.032255,104.484680,57.290657,-73.013168,0.222113,0.440085,0.629631,-0.600465,
5263,1878140405,-10.243511,6.649404,-4.065933,7.894645,46.824459,-36.807922,0.213908,0.440977,0.632991,-0.599256,
5264,1878157072,-8.354610,5.974587,-0.465609,-15.692481,25.571043,-7.905002,0.211684,0.441925,0.635858,-0.596305,
5265,1878173739,-6.795642,3.172452,1.421426,-24.796314,15.460340,11.367700,0.212651,0.443490,0.637949,-0.592554,
5266,1878190406,-4.918493,2.665985,0.586562,-71.649658,4.171499,35.289745,0.219734,0.444819,0.642133,-0.584398,
5267,1878207073,-3.055605,3.386041,-0.374804,-82.076080,-10.001246,66.568138,0.231435,0.447449,0.644606,-0.575076,
5268,1878223740,0.461742,2.020272,0.425682,-89.149452,-28.842182,72.513298,0.245800,0.448705,0.646478,-0.565963,
5269,1878240407,1.018671,-1.397154,2.880712,-83.883492,-31.905754,63.152107,0.259273,0.448894,0.648241,-0.557726,
5270,1878257074,-1.749894,-2.377029,-0.628963,-126.517700,-42.936428,46.953823,0.275167,0.444900,0.653884,-0.546612,
5271,1878273741,-3.308576,-4.539210,-8.053116,-123.964668,-22.366713,36.962170,0.288036,0.441518,0.660536,-0.534595,
5272,1878290408,-3.278638,-4.754524,-10.562920,-49.891499,6.980707,23.052145,0.292184,0.442090,0.663410,-0.528275,
5273,1878307075,-2.600108,-1.896198,-1.579524,73.186981,26.398516,15.693987,0.285948,0.448630,0.658064,-0.532840,
5274,1878323742,-5.722319,-1.005779,9.887991,78.159340,-2.771591,26.323092,0.282964,0.454074,0.650337,-0.539271,
5275,1878340409,-13.699938,-32.936108,-29.736847,-199.987717,51.514919,26.930706,0.293113,0.452143,0.666268,-0.515501,
5276,1878357076,-26.076582,-0.206574,19.054235,394.435333,54.742989,-68.611679,0.256064,0.465537,0.642619,-0.552041,
5277,1878373743,-13.290024,5.026240,-1.634540,-12.598525,-14.553040,-82.345322,0.251477,0.456092,0.648822,-0.554772,
5278,1878390410,-15.096733,24.289581,-1.648712,62.151592,-29.858248,26.764486,0.252149,0.458383,0.641107,-0.561507,
5279,1878407077,-15.306934,14.795072,-2.107471,-70.891052,-50.104790,132.544189,0.272146,0.463867,0.636255,-0.553125,
5280,1878423744,-18.944895,0.679502,-2.328621,-101.074066,-49.677498,195.238617,0.298971,0.473626,0.629110,-0.538997,
5281,1878440411,-24.157354,-17.676132,-5.130080,-42.467972,-48.280014,208.091949,0.322335,0.486734,0.615898,-0.529021,
5282,1878457078,-9.688940,-11.933311,-3.257393,48.341965,-37.467918,163.331390,0.334597,0.500524,0.598875,-0.528084,
5283,1878473745,-9.860642,-3.650255,-0.667583,53.325844,-22.153032,143.956299,0.343482,0.513763,0.583288,-0.527111,
5284,1878490412,-13.639745,-0.358542,-0.742607,2.013621,-36.554375,133.825714,0.356493,0.522244,0.571410,-0.523133,
5285,1878507079,-14.696988,-1.213079,-2.811499,-26.905092,-59.107166,120.493584,0.372421,0.526197,0.561350,-0.518949,
5286,1878523746,-12.909768,-1.540006,-2.754439,-20.044727,-59.881996,105.805916,0.386648,0.529080,0.551657,-0.515998,
5287,1878540413,-10.827523,-4.717141,-2.410976,-63.586452,-73.427086,92.535378,0.404184,0.527251,0.545302,-0.511165,
5288,1878557080,-9.143132,-6.776753,-3.257394,-111.022758,-86.620003,73.671051,0.424817,0.519919,0.542898,-0.504460,
5289,1878573747,-7.346815,-9.882353,-5.160981,-125.209457,-90.013199,62.567539,0.445737,0.510293,0.541864,-0.497299,
5290,1878590414,-4.325478,-10.894220,-4.492614,-106.298042,-81.660454,71.155365,0.464977,0.502901,0.539080,-0.490187,
5291,1878607081,-2.718859,-10.532949,-3.486649,-50.814041,-63.473419,78.103241,0.479050,0.500913,0.532863,-0.485445,
5292,1878623748,-2.939476,-9.459533,-3.355950,12.676134,-43.738022,76.058472,0.486720,0.504476,0.523579,-0.484227,
5293,1878640415,-3.824084,-7.578610,-3.301442,27.700228,-33.644123,65.038116,0.491671,0.508902,0.514688,-0.484125,
5294,1878657082,-1.557299,-8.756023,-3.704601,26.513954,-27.755472,36.638142,0.494223,0.511485,0.508361,-0.485488,
5295,1878673749,3.032370,-11.092419,-3.767456,65.332542,-6.284849,0.354440,0.489699,0.515655,0.503501,-0.490699,
5296,1878690416,5.833540,-11.573266,-4.244943,116.169113,23.820721,-31.423464,0.476787,0.523159,0.499441,-0.499540,
5297,1878707083,3.664957,-8.785191,-4.536520,175.123489,50.035019,-59.454906,0.455186,0.534331,0.494780,-0.512340,
5298,1878723750,-1.212607,-2.064736,-2.925651,196.721420,41.642948,-78.361801,0.430697,0.544475,0.488989,-0.528147,
5299,1878740417,-9.242518,0.639861,-5.299076,192.750381,38.281944,-127.602196,0.402518,0.550023,0.486667,-0.546454,
5300,1878757084,-19.394451,-1.097869,-3.933967,146.447128,42.399006,-197.750748,0.371674,0.547539,0.493268,-0.564578,
5301,1878773751,-21.985312,-5.617652,0.912439,-76.670235,-8.379313,-205.568390,0.361155,0.527618,0.515483,-0.570496,
5302,1878790418,-20.333576,-0.697779,0.561840,-129.568924,13.714063,-143.236816,0.357878,0.510937,0.537991,-0.566953,
5303,1878807085,-20.931627,1.539172,-1.443392,-157.758438,-0.836824,-143.848770,0.357465,0.491086,0.561628,-0.561810,
5304,1878823752,-19.851353,-2.709951,-2.461101,-153.081589,-14.803356,-179.609756,0.354550,0.466884,0.586097,-0.559292,
5305,1878840419,-18.099789,-6.783269,-2.590301,-122.902550,6.877153,-176.581757,0.347596,0.445747,0.608380,-0.557102,
5306,1878857086,-15.439939,-11.306729,-0.638204,-55.618557,48.067932,-132.464905,0.335949,0.434918,0.623982,-0.555548,
5307,1878873753,-11.960387,-13.022971,-0.722801,25.950241,78.459908,-112.142448,0.317872,0.432173,0.632905,-0.558227,
5308,1878890420,-12.641546,-9.962942,-1.380379,99.637199,91.168900,-120.999237,0.293094,0.432805,0.636635,-0.566987,
5309,1878907087,-13.754332,-4.349494,-1.406775,145.915100,73.003853,-120.584419,0.266888,0.433606,0.635244,-0.580710,
5310,1878923754,-13.106519,1.550808,-1.957940,131.071060,61.954624,-100.341782,0.244143,0.434435,0.632911,-0.592526,
5311,1878940421,-11.821052,5.458564,-3.957808,59.130814,62.102459,-74.391708,0.228054,0.434908,0.634843,-0.596509,
5312,1878957088,-11.492101,6.727295,-2.261361,8.765029,53.272854,-39.387318,0.218962,0.436097,0.638517,-0.595125,
5313,1878973755,-9.688704,4.329512,0.848895,2.915990,38.539223,-8.876834,0.214239,0.438631,0.640248,-0.593118,
5314,1878990422,-7.531316,3.095738,0.391851,-10.032225,24.769526,18.716763,0.214003,0.442133,0.640886,-0.589906,
5315,1879007089,-5.856881,3.493526,-2.025430,-68.111176,8.428594,58.594372,0.222428,0.446100,0.643370,-0.581033,
5316,1879023756,-2.544397,3.156621,-0.374977,-38.637115,-7.105103,84.710304,0.232563,0.452075,0.641052,-0.574976,
5317,1879040423,1.512303,2.088962,2.294946,-6.814526,-24.196178,82.056114,0.241941,0.457375,0.635563,-0.573005,
5318,1879057090,0.908663,0.079746,1.702772,-56.572548,-14.801978,70.726593,0.252777,0.460586,0.635201,-0.566115,
5319,1879073757,-2.148598,-4.164827,-1.102067,-128.434677,-14.775485,59.459702,0.267421,0.459977,0.641319,-0.552829,
5320,1879090424,-3.101602,-7.081901,-6.152622,-123.569405,-4.379361,35.849133,0.278766,0.458010,0.648780,-0.540003,
5321,1879107091,-3.436165,-6.090653,-6.824450,-44.142563,6.526476,8.896001,0.281616,0.457485,0.652113,-0.534931,
5322,1879123758,-0.623852,-0.650323,-1.555516,139.784866,29.267256,1.438404,0.269423,0.465447,0.642412,-0.545967,
5323,1879140425,-6.186887,-0.349902,8.350094,42.018131,19.437986,11.980200,0.265539,0.469672,0.639223,-0.547991,
5324,1879157092,-15.336873,-30.087053,-20.403337,-155.120804,66.895973,-9.047959,0.268947,0.467955,0.654799,-0.529080,
5325,1879173759,-22.719982,3.153719,14.062052,240.212708,-23.626329,-93.712219,0.247279,0.466196,0.641522,-0.556747,
5326,1879190426,-17.973133,9.531191,-2.791418,-11.896484,-29.112076,-67.406136,0.245159,0.457021,0.646176,-0.559900,
5327,1879207093,-16.546652,22.280005,-3.115917,5.330460,-44.283745,54.395489,0.253219,0.458626,0.640716,-0.561273,
5328,1879223760,-17.508474,8.588218,-3.592169,-101.997864,-50.615620,167.936020,0.278180,0.466127,0.635900,-0.548612,
5329,1879240427,-19.838331,-10.601544,-4.293743,-111.752968,-53.519516,211.762863,0.307276,0.476562,0.628095,-0.532888,
5330,1879257094,-16.583900,-17.283983,-5.784707,25.214695,-36.014576,186.975327,0.323049,0.491726,0.611537,-0.529027,
5331,1879273761,-11.349773,-8.484983,-1.567328,101.244690,-15.917875,152.938538,0.328738,0.508617,0.592060,-0.531702,
5332,1879290428,-13.887163,-0.142537,-0.674794,43.331478,-19.289312,139.633301,0.337782,0.521039,0.577543,-0.529970,
5333,1879307095,-17.519096,0.103259,-1.840929,-19.140411,-45.130428,127.673843,0.352668,0.527179,0.567234,-0.525315,
5334,1879323762,-16.840389,-0.173199,-2.295310,-44.263355,-63.754005,123.543167,0.370556,0.530049,0.557970,-0.520009,
5335,1879340429,-13.198345,-1.445826,-2.443188,-69.422867,-79.842171,111.705971,0.390623,0.529137,0.550392,-0.514295,
5336,1879357096,-9.863395,-3.905373,-3.118610,-113.090912,-96.350883,92.487061,0.413711,0.522671,0.546309,-0.507157,
5337,1879373763,-6.849195,-7.520157,-4.379609,-148.108276,-108.484581,77.033096,0.438977,0.511590,0.544849,-0.498715,
5338,1879390430,-4.306144,-11.881020,-5.550512,-131.262421,-99.463234,74.578773,0.461762,0.501653,0.542514,-0.490716,
5339,1879407097,-1.836296,-14.326669,-4.985619,-55.523819,-74.483093,87.152306,0.477707,0.499318,0.535259,-0.485776,
5340,1879423764,-1.155593,-11.671632,-2.685485,33.195747,-41.637058,96.239502,0.485151,0.506027,0.523205,-0.484586,
5341,1879440431,-3.383718,-8.780099,-2.863343,72.558502,-17.384315,90.959343,0.487348,0.516686,0.510341,-0.484853,
5342,1879457098,-4.237556,-6.437949,-3.210957,54.789276,-16.492947,65.878990,0.488936,0.524171,0.500569,-0.485407,
5343,1879473765,-0.083418,-6.737039,-3.071812,42.511429,-16.398533,19.932854,0.488157,0.527391,0.495124,-0.488279,
5344,1879490432,4.191516,-9.322222,-3.874139,46.538242,-5.334212,-31.365728,0.482598,0.527957,0.494087,-0.494208,
5345,1879507099,5.926053,-10.543424,-4.788405,85.529907,19.625628,-63.428524,0.469867,0.530665,0.494386,-0.503194,
5346,1879523766,3.144567,-7.774225,-2.855177,127.600723,39.685017,-79.614044,0.451080,0.536348,0.494040,-0.514573,
5347,1879540433,-1.108196,-3.676775,-1.715801,109.937202,14.951246,-93.320389,0.434203,0.537776,0.494227,-0.527264,
5348,1879557100,-7.858300,-1.199432,-2.785310,68.526810,12.343139,-135.876984,0.417281,0.533075,0.500519,-0.539621,
5349,1879573767,-21.286320,-4.657132,-6.428198,108.007965,45.431690,-206.284500,0.389012,0.527788,0.510753,-0.556097,
5350,1879590434,-25.093557,-5.965467,0.406605,-43.301392,1.090342,-221.335770,0.373984,0.508631,0.531285,-0.564950,
5351,1879607101,-19.694288,-4.792856,0.561709,-71.674591,39.090618,-148.139603,0.363812,0.496272,0.550347,-0.564337,
5352,1879623768,-21.272192,-1.438927,-0.785385,-90.599998,27.770542,-147.226486,0.355753,0.481737,0.569944,-0.562615,
5353,1879640435,-21.108385,-5.060051,-2.113664,-90.193245,3.983032,-187.897812,0.346028,0.461522,0.590668,-0.564248,
5354,1879657102,-18.652868,-6.807714,-2.095725,-40.913437,12.963840,-193.588669,0.331448,0.443625,0.607657,-0.569293,
5355,1879673769,-16.780884,-10.112426,-0.336166,-9.829009,46.661221,-152.035278,0.315094,0.433377,0.620591,-0.572511,
5356,1879690436,-12.994976,-9.629899,-0.895815,28.340477,66.033989,-122.232986,0.296911,0.428967,0.629051,-0.576306,
5357,1879707103,-12.756090,-6.874341,-0.795038,77.464836,63.447132,-122.377960,0.275744,0.426238,0.632984,-0.584483,
5358,1879723770,-13.738889,-3.420624,-1.112744,102.865631,47.918415,-121.533508,0.254348,0.423045,0.633725,-0.595597,
5359,1879740437,-13.247532,1.121281,-1.588550,80.395065,43.231285,-107.961342,0.235813,0.419649,0.635078,-0.604123,
5360,1879757104,-13.267529,4.851054,-4.747927,-4.441034,54.768093,-81.026688,0.223685,0.416713,0.642433,-0.602991,
5361,1879773771,-12.277317,6.772863,-3.009642,-41.178749,45.624672,-37.270866,0.218441,0.415803,0.649954,-0.597456,
5362,1879790438,-8.815951,4.932387,0.222557,-35.306198,36.251553,-4.455869,0.216565,0.417335,0.654625,-0.591946,
5363,1879807105,-5.520667,3.315770,2.076383,5.056700,22.558043,20.115850,0.215654,0.421285,0.653871,-0.590312,
5364,1879823772,-2.106375,2.311062,1.315476,-4.212367,-1.578555,58.273590,0.220874,0.426483,0.650786,-0.588053,
5365,1879840439,1.829056,3.291882,-0.423229,-39.573433,-32.848366,81.740883,0.233228,0.430036,0.648181,-0.583556,
5366,1879857106,0.856099,5.306555,1.876588,-55.738186,-32.003532,81.679268,0.246459,0.433019,0.646845,-0.577362,
5367,1879873773,-1.708229,2.392853,2.440236,-45.010471,-25.297028,72.833252,0.257595,0.436033,0.645279,-0.571960,
5368,1879890440,-3.120201,-2.703423,-3.606631,-115.561119,-17.598999,65.814972,0.271829,0.436267,0.650138,-0.559556,
5369,1879907107,-3.366681,-5.987591,-8.729080,-142.039825,5.809984,56.827789,0.284678,0.436318,0.658363,-0.543273,
5370,1879923774,-3.688471,-5.530855,-2.258509,-5.341571,12.470959,52.210560,0.287769,0.441992,0.656175,-0.539694,
5371,1879940441,-1.495925,-2.452767,2.857159,110.369667,8.232112,54.212109,0.283929,0.452284,0.644476,-0.547245,
5372,1879957108,-2.990533,-5.655326,0.750212,-43.050941,-1.052458,58.372559,0.291321,0.455794,0.644194,-0.540741,
5373,1879973775,-25.253372,-46.207348,-21.442873,37.314827,159.307312,40.368271,0.276842,0.473469,0.645349,-0.531707,
5374,1879990442,-20.434082,6.333519,15.062160,363.719391,18.959650,-73.841576,0.243741,0.481872,0.622358,-0.566623,
5375,1880007109,-17.637373,14.327754,-4.962384,112.747917,-10.179635,-45.655033,0.232791,0.480754,0.616020,-0.578970,
5376,1880023776,-15.361171,26.785891,-1.024887,75.627228,1.062440,97.377869,0.235406,0.491994,0.602990,-0.582178,
5377,1880040443,-15.707856,15.028859,-4.329235,-60.712769,-29.699667,169.971680,0.256512,0.502086,0.594948,-0.572845,
5378,1880057110,-21.842720,-2.149746,-4.706351,-141.056885,-31.057932,203.957092,0.286178,0.511506,0.590464,-0.554813,
5379,1880073777,-19.081984,-15.843713,-3.213547,-45.706795,-31.166088,198.917770,0.308044,0.523891,0.578005,-0.544573,
5380,1880090444,-9.259195,-9.631383,0.675463,32.048824,-11.058304,187.628403,0.321145,0.539968,0.560674,-0.539395,
5381,1880107111,-12.813163,-1.262012,0.907249,40.594383,-16.955839,163.709244,0.331960,0.553665,0.543896,-0.536131,
5382,1880123778,-16.636953,-0.714954,-1.313599,-6.917050,-38.689865,134.890213,0.345908,0.560816,0.531819,-0.531981,
5383,1880140445,-16.422756,-0.732661,-2.304635,-45.143181,-56.370296,119.955185,0.363046,0.563292,0.522810,-0.526851,
5384,1880157112,-12.838161,-4.401976,-2.230127,-81.456245,-67.224731,97.264854,0.382093,0.561058,0.517649,-0.520827,
5385,1880173779,-10.129877,-10.227977,-4.978946,-125.762093,-74.858803,79.205421,0.403768,0.554138,0.516633,-0.512831,
5386,1880190446,-7.848495,-12.220632,-6.837629,-123.699821,-85.226891,82.842407,0.426082,0.546505,0.514252,-0.505305,
5387,1880207113,-5.857877,-8.094944,-5.640641,-120.467201,-81.354370,80.793892,0.447437,0.538875,0.511732,-0.497540,
5388,1880223780,-4.952651,-6.845397,-4.002963,-141.168274,-82.583435,67.434021,0.469260,0.528480,0.511362,-0.488892,
5389,1880240447,-2.311823,-8.584680,-2.882356,-130.727509,-81.592766,45.541710,0.488365,0.516921,0.511694,-0.482146,
5390,1880257114,0.134483,-11.061428,-2.983613,-84.925415,-55.824955,13.338999,0.499663,0.507825,0.512872,-0.478974,
5391,1880273781,1.222622,-12.671206,-3.895513,-15.029345,-18.727921,-22.722494,0.500453,0.503639,0.514480,-0.480840,
5392,1880290448,2.377859,-12.579339,-3.943142,51.756664,14.064548,-48.953144,0.492025,0.504608,0.515694,-0.487180,
5393,1880307115,2.551538,-11.428673,-4.639314,136.220062,46.309616,-67.628227,0.473493,0.512339,0.514438,-0.498668,
5394,1880323782,0.412485,-6.570774,-3.115226,221.586456,61.444691,-83.778992,0.445868,0.525372,0.508775,-0.516077,
5395,1880340449,-2.363021,-1.056013,-1.015955,208.898438,35.661228,-103.978348,0.419057,0.533509,0.503315,-0.535197,
5396,1880357116,-5.061330,2.288242,1.082765,67.408234,6.532574,-130.377396,0.402954,0.528384,0.508726,-0.547392,
5397,1880373783,-15.332675,0.151928,-7.077988,73.701889,19.857302,-185.050949,0.380765,0.520295,0.518281,-0.561870,
5398,1880390450,-31.711887,-5.168265,-2.452497,3.234572,6.826874,-230.073776,0.360833,0.503329,0.535762,-0.573952,
5399,1880407117,-18.625534,-4.803646,1.201789,-173.113724,-24.173071,-135.644028,0.363710,0.481330,0.558838,-0.568981,
5400,1880423784,-16.303251,-0.022583,-0.454594,-111.001869,5.262874,-113.739265,0.361370,0.466446,0.576353,-0.565384,
5401,1880440451,-16.255369,-2.349253,-1.028108,-117.490143,4.831586,-154.252625,0.355933,0.447476,0.596734,-0.563017,
5402,1880457118,-17.249418,-5.980160,-3.518564,-106.721733,-2.544849,-195.425491,0.346731,0.424468,0.617970,-0.563667,
5403,1880473785,-17.533010,-10.727198,-2.029687,-73.582130,33.910301,-162.319412,0.334612,0.408717,0.635736,-0.562874,
5404,1880490452,-12.877980,-12.058426,-0.580009,8.090900,65.955009,-107.626617,0.318974,0.404403,0.644789,-0.564768,
5405,1880507119,-11.030833,-8.952744,-0.564278,94.153152,72.588058,-110.864197,0.297241,0.404136,0.646976,-0.574235,
5406,1880523786,-12.281897,-4.654212,-1.200469,130.396530,64.244560,-120.482010,0.273162,0.403564,0.645912,-0.587638,
5407,1880540453,-12.734978,-0.566589,-1.270028,136.510361,61.112286,-108.092644,0.249876,0.403832,0.642991,-0.600871,
5408,1880557120,-12.964209,4.543954,-3.403453,65.971756,56.238571,-78.400139,0.233656,0.403682,0.643985,-0.606408,
5409,1880573787,-11.700273,8.892142,-4.619034,-37.340466,41.801788,-40.479717,0.228155,0.402222,0.651243,-0.601704,
5410,1880590454,-8.366636,6.432215,-0.588530,-79.723358,25.953936,-3.284974,0.229865,0.401442,0.659423,-0.592596,
5411,1880607121,-5.957219,1.455860,2.475934,-15.021022,16.081001,25.537313,0.231211,0.404707,0.659952,-0.589253,
5412,1880623788,-4.229934,0.481011,0.194366,-18.097279,-5.358500,56.774689,0.237463,0.409010,0.658153,-0.585798,
5413,1880640455,0.104054,2.554451,-3.008590,-43.652256,-28.883856,75.530701,0.249058,0.412172,0.656520,-0.580576,
5414,1880657122,1.136802,5.198543,-0.529478,-35.111069,-12.315136,89.679604,0.259707,0.418318,0.653797,-0.574555,
5415,1880673789,-0.786529,2.573898,4.235208,-13.999803,-7.777109,88.755150,0.268517,0.425478,0.649420,-0.570196,
5416,1880690456,-2.247933,-1.849326,0.121902,-106.523430,-19.548298,78.745117,0.283262,0.426987,0.652696,-0.558063,
5417,1880707123,-4.052347,-5.868001,-4.631642,-156.713287,-12.025663,76.387672,0.300074,0.426596,0.660168,-0.540511,
5418,1880723790,-4.546554,-6.934029,-4.431328,-70.246765,-5.460890,63.864552,0.309780,0.429113,0.661631,-0.531173,
5419,1880740457,-3.443682,-4.817508,-0.686804,57.762283,6.867349,50.187939,0.309203,0.436968,0.654513,-0.533918,
5420,1880757124,-7.842556,-22.466427,-15.227246,-97.680824,30.730179,35.803982,0.315059,0.438233,0.661331,-0.520897,
5421,1880773791,-23.453735,-22.736298,8.555046,450.224823,152.161530,-48.709908,0.267140,0.464540,0.635937,-0.555361,
5422,1880790458,-17.428413,12.049024,4.912803,63.686535,-34.802345,-112.432625,0.256751,0.453638,0.637130,-0.567767,
5423,1880807125,-19.052843,21.401474,-1.405862,29.913019,-27.547182,10.406524,0.258014,0.453367,0.633139,-0.571861,
5424,1880823792,-17.043718,19.376238,-2.022716,-71.165794,-53.649342,130.406677,0.278263,0.458063,0.628483,-0.563702,
5425,1880840459,-18.280893,6.026000,-2.838371,-139.285477,-62.219460,177.362427,0.307457,0.463213,0.625408,-0.547514,
5426,1880857126,-22.123072,-18.444839,-5.487694,-89.502769,-61.230003,201.875946,0.334817,0.472379,0.616055,-0.534073,
5427,1880873793,-10.473003,-14.335182,-2.463927,50.041061,-42.701893,181.209930,0.349011,0.487482,0.597611,-0.532369,
5428,1880890460,-10.530865,-4.345965,-0.686734,100.657806,-8.498693,153.745544,0.354257,0.505054,0.578491,-0.533641,
5429,1880907127,-14.388989,0.589991,-0.260802,40.238697,-20.208229,147.391083,0.364220,0.517769,0.563577,-0.530699,
5430,1880923794,-16.681204,-0.930663,-1.762446,-9.000219,-49.478180,138.137512,0.379407,0.524616,0.551344,-0.526166,
5431,1880940461,-13.712302,-1.720428,-1.859498,-27.706732,-60.823811,131.057404,0.396220,0.528759,0.540209,-0.521153,
5432,1880957128,-11.348429,-4.268405,-1.281784,-59.826210,-68.302292,106.657944,0.414071,0.528341,0.532722,-0.515375,
5433,1880973795,-9.809768,-8.223997,-3.897972,-95.857094,-76.899353,76.965286,0.432955,0.522583,0.529474,-0.509036,
5434,1880990462,-7.896961,-12.976311,-6.424420,-79.069397,-76.432289,71.817375,0.449970,0.517310,0.525193,-0.504076,
5435,1881007129,-4.683836,-10.885279,-5.008365,-28.798418,-60.136757,86.071030,0.462863,0.517452,0.517066,-0.500646,
5436,1881023796,-4.569188,-8.737334,-3.804450,-8.004453,-47.269604,84.443390,0.473000,0.519694,0.508304,-0.497814,
5437,1881040463,-4.096738,-8.365816,-3.235600,16.295225,-43.783630,71.457924,0.480019,0.522811,0.498920,-0.497324,
5438,1881057130,-3.522485,-7.968580,-2.797003,28.691992,-35.724277,49.432808,0.483858,0.525715,0.490820,-0.498601,
5439,1881073797,-1.648366,-9.145052,-2.694069,39.977077,-21.566578,19.397310,0.483609,0.528259,0.485162,-0.501682,
5440,1881090464,1.197994,-10.001844,-3.310204,66.254807,2.683568,-10.603466,0.477403,0.532264,0.481567,-0.506830,
5441,1881107131,4.074482,-9.558395,-3.932459,105.799095,35.693447,-37.955631,0.463712,0.539428,0.479375,-0.513995,
5442,1881123798,4.337233,-8.712000,-2.724308,148.756958,59.664791,-70.596466,0.442318,0.548748,0.477926,-0.524233,
5443,1881140465,0.368960,-4.046622,-0.059579,155.118713,45.089413,-107.627197,0.418283,0.554392,0.477663,-0.538079,
5444,1881157132,-3.382241,-1.000119,0.066342,87.314301,10.139850,-146.512466,0.398800,0.550078,0.483377,-0.552016,
5445,1881173799,-11.793791,0.731491,-3.427885,22.960564,12.306519,-191.562668,0.380412,0.538647,0.497641,-0.563474,
5446,1881190466,-32.299850,-5.533913,-6.292561,25.931892,20.891792,-237.340408,0.357033,0.524224,0.515214,-0.576432,
5447,1881207133,-16.935268,-3.202196,-0.363484,-143.666229,-34.830482,-184.534027,0.354750,0.499645,0.539461,-0.577487,
5448,1881223800,-17.263096,-4.787184,1.222706,-105.947121,38.428493,-138.469543,0.347513,0.486305,0.560465,-0.573257,
5449,1881240467,-18.990057,-1.583110,0.013475,-111.962273,28.615566,-158.620026,0.339558,0.469832,0.582472,-0.569813,
5450,1881257134,-20.102221,-4.375348,-2.009162,-102.836807,11.915768,-191.447586,0.329362,0.449212,0.604601,-0.569376,
5451,1881273801,-18.087301,-7.341779,-1.947233,-61.710739,21.705799,-178.513000,0.316394,0.432106,0.622405,-0.570783,
5452,1881290468,-14.817593,-10.584736,-0.750705,-32.484211,56.020817,-125.936462,0.302655,0.423689,0.635680,-0.569914,
5453,1881307135,-12.398250,-9.087324,-1.911591,14.427183,73.704048,-107.688591,0.285779,0.420317,0.644462,-0.571258,
5454,1881323802,-12.649406,-4.792706,-1.483127,81.727280,67.381798,-113.470734,0.264774,0.418486,0.647456,-0.579282,
5455,1881340469,-11.934652,-0.909509,-1.356644,88.488541,49.723919,-103.851448,0.245703,0.416132,0.648299,-0.588367,
5456,1881357136,-11.651330,3.180492,-0.761155,45.923676,48.903858,-74.283813,0.231735,0.414835,0.650748,-0.592234,
5457,1881373803,-10.270021,5.438388,-1.386531,-3.706199,36.377773,-42.884171,0.224620,0.413701,0.655059,-0.591014,
5458,1881390470,-7.194784,5.459918,-1.108068,-23.503141,25.883833,-16.433552,0.221963,0.413518,0.659101,-0.587642,
5459,1881407137,-5.751292,2.253662,-0.372744,-38.684788,27.905914,29.825930,0.223969,0.417433,0.661689,-0.581168,
5460,1881423804,-5.860268,-2.546378,0.574652,-30.154169,12.721798,66.129440,0.229970,0.423800,0.660796,-0.575202,
5461,1881440471,-3.218326,-0.728604,-0.390531,-39.536850,-23.412804,72.262016,0.240505,0.427364,0.659014,-0.570280,
5462,1881457138,-1.293312,4.669211,-1.451906,-47.604088,-23.666731,69.127235,0.251269,0.430259,0.657985,-0.564623,
5463,1881473805,-2.856250,3.426016,1.196630,-50.921265,-9.149114,75.420784,0.261328,0.434757,0.657256,-0.557415,
5464,1881490472,-3.716052,-1.926287,0.624253,-102.109161,-17.533789,69.598732,0.274889,0.435964,0.660559,-0.545926,
5465,1881507139,-4.592847,-7.197355,-6.618765,-151.127197,-15.791401,57.023663,0.290270,0.433949,0.668329,-0.529878,
5466,1881523806,-4.452456,-7.813345,-7.301477,-10.874056,2.843303,41.301529,0.293689,0.437632,0.666871,-0.526792,
5467,1881540473,-3.206073,-2.825259,0.245999,175.642593,31.683649,38.181728,0.282089,0.451028,0.652312,-0.539899,
5468,1881557140,-5.391506,-1.275252,4.686274,99.071579,16.553684,41.237423,0.277055,0.460171,0.642636,-0.546355,
5469,1881573807,-11.586542,-21.876703,-16.246933,-135.202866,34.384644,30.892437,0.285118,0.460168,0.652766,-0.529955,
5470,1881590474,-21.870272,-3.931576,12.302001,336.632141,55.596336,-47.129711,0.253162,0.473274,0.631683,-0.559374,
5471,1881607141,-16.995285,7.740251,-0.820861,15.327415,-22.879501,-54.861958,0.249567,0.466848,0.633553,-0.564254,
5472,1881623808,-18.075676,21.246555,-0.985206,29.793709,-30.693464,48.123829,0.254148,0.469759,0.626904,-0.567211,
5473,1881640475,-16.954693,13.182771,-2.125129,-116.172966,-60.223309,140.984802,0.278953,0.473110,0.624588,-0.555198,
5474,1881657142,-19.621502,-0.974738,-3.934865,-164.103989,-79.208946,182.749176,0.311851,0.476265,0.621815,-0.537837,
5475,1881673809,-16.926355,-16.321997,-4.735115,-70.877548,-69.941223,195.831192,0.338107,0.484983,0.610513,-0.527022,
5476,1881690476,-5.986430,-12.369639,-2.592731,64.544708,-41.521408,172.043045,0.350167,0.500000,0.591375,-0.526936,
5477,1881707143,-9.601492,-3.297246,-0.671608,87.270531,-15.006600,153.216522,0.356606,0.516239,0.572806,-0.527471,
5478,1881723810,-13.076650,0.030639,-1.503247,44.734848,-25.340685,144.226776,0.366207,0.528437,0.557313,-0.525406,
5479,1881740477,-14.429070,-0.213950,-3.119289,-15.968062,-39.750408,136.854065,0.380912,0.535464,0.546003,-0.519680,
5480,1881757144,-12.650075,-2.219680,-2.377748,-46.044575,-54.685184,129.567398,0.398426,0.538881,0.536466,-0.512904,
5481,1881773811,-10.513239,-5.225660,-2.482574,-78.854492,-65.445274,106.361534,0.417439,0.537539,0.530327,-0.505521,
5482,1881790478,-8.874310,-8.638671,-4.409762,-89.057411,-66.692009,81.548164,0.435343,0.533341,0.526577,-0.498742,
5483,1881807145,-6.933743,-10.835302,-5.250790,-74.109879,-62.318298,74.578445,0.451089,0.529683,0.522375,-0.493033,
5484,1881823812,-5.372945,-9.243937,-3.994478,-46.235634,-55.406158,74.784500,0.464053,0.528222,0.516476,-0.488766,
5485,1881840479,-4.438490,-8.028164,-3.175614,-27.711063,-48.918037,70.708466,0.474723,0.528062,0.509912,-0.485573,
5486,1881857146,-4.887190,-6.680958,-2.055137,3.199327,-46.184212,59.186417,0.481933,0.529299,0.502170,-0.485191,
5487,1881873813,-4.389688,-5.512460,-1.961233,5.669759,-47.692665,37.588287,0.487492,0.528975,0.495765,-0.486576,
5488,1881890480,-2.460168,-7.111429,-3.007994,-3.057331,-41.749001,6.794202,0.491087,0.526202,0.492743,-0.489031,
5489,1881907147,1.479008,-11.005426,-3.081117,26.491158,-20.525116,-30.738703,0.488206,0.524338,0.491991,-0.494642,
5490,1881923814,5.229430,-12.794652,-2.620459,78.722313,8.963999,-54.125614,0.477489,0.526567,0.491302,-0.503346,
5491,1881940481,2.831641,-9.758878,-4.902778,149.449814,38.287125,-75.417290,0.457501,0.534113,0.488904,-0.516131,
5492,1881957148,-6.483434,-2.941333,-4.371865,198.370575,45.603203,-109.110428,0.430262,0.542596,0.485512,-0.533615,
5493,1881973815,-13.150344,-0.382212,-4.326591,210.704865,46.118202,-170.429169,0.396668,0.546819,0.485370,-0.555033,
5494,1881990482,-18.220110,-0.821408,1.606392,35.372559,25.882879,-204.188217,0.375212,0.536217,0.500281,-0.566929,
5495,1882007149,-21.484627,-1.349185,-0.421797,-98.027580,7.693829,-179.680054,0.367158,0.518126,0.522825,-0.568680,
5496,1882023816,-22.639462,0.967040,-2.135928,-150.595963,-1.115463,-154.975372,0.365429,0.497886,0.546885,-0.565235,
5497,1882040483,-20.229986,-0.615788,-2.510853,-166.100388,-28.168663,-158.910233,0.366259,0.473751,0.570477,-0.562115,
5498,1882057150,-17.200472,-4.045430,-1.337678,-163.752563,-23.470451,-166.051117,0.365529,0.448983,0.593955,-0.558590,
5499,1882073817,-15.478459,-9.048208,-1.451017,-125.750259,11.714088,-147.992081,0.360381,0.430205,0.614446,-0.554533,
5500,1882090484,-13.270967,-11.860535,-1.857185,-40.779171,51.570183,-119.333954,0.348446,0.421393,0.628007,-0.553735,
5501,1882107151,-13.974137,-11.373589,-1.779302,42.381138,81.209274,-113.911873,0.328992,0.419492,0.635769,-0.558203,
5502,1882123818,-15.696249,-7.350440,-1.568084,124.159676,73.863350,-117.088120,0.304772,0.420361,0.636353,-0.570498,
5503,1882140485,-14.656703,-2.071741,-2.979799,118.161263,58.832314,-103.316788,0.283248,0.420709,0.635500,-0.582166,
5504,1882157152,-13.794425,3.174675,-4.326847,57.699772,50.793835,-75.107697,0.268436,0.420316,0.637437,-0.587327,
5505,1882173819,-12.903483,7.435998,-2.374875,17.641092,35.887371,-42.165897,0.260227,0.420074,0.640096,-0.588302,
5506,1882190486,-10.403489,8.337563,-1.389919,-23.879946,33.234245,-15.873336,0.257041,0.420459,0.644561,-0.584540,
5507,1882207153,-8.281748,7.381153,0.855428,-19.100296,26.775400,13.417268,0.256653,0.423207,0.646562,-0.580504,
5508,1882223820,-3.973708,6.546366,2.751810,12.173245,2.811305,46.545998,0.259385,0.428202,0.642963,-0.579624,
5509,1882240487,-0.358540,4.825913,1.402795,-74.996162,-12.524695,69.939461,0.270920,0.430746,0.644588,-0.570587,
5510,1882257154,0.732951,2.238770,2.412871,-130.269638,-35.789101,82.087021,0.289006,0.430160,0.648879,-0.557133,
5511,1882273821,-0.865939,0.165625,1.540381,-119.909698,-33.352222,74.129890,0.305430,0.429247,0.652615,-0.544569,
5512,1882290488,-2.141380,-3.834419,-4.232319,-141.220520,-27.171648,61.222557,0.321429,0.426445,0.658806,-0.529909,
5513,1882307155,-1.736648,-7.963721,-8.678496,-116.905708,-1.727197,42.894402,0.331934,0.424805,0.665171,-0.516633,
5514,1882323822,-2.038560,-8.746162,-3.792875,35.078712,39.138336,26.247116,0.327773,0.431876,0.662987,-0.516235,
5515,1882340489,-1.431484,-4.589309,2.604134,129.368332,23.138220,11.860462,0.318079,0.440757,0.653721,-0.526506,
5516,1882357156,-0.274907,1.665213,3.265990,104.147888,26.023405,12.863424,0.309706,0.448653,0.646257,-0.533991,
5517,1882373823,-7.482399,5.532363,1.235792,-90.915382,-13.014047,18.063383,0.318069,0.445123,0.651704,-0.525340,
5518,1882390490,-26.503412,-36.633240,-25.028164,-165.207916,92.342819,28.413588,0.321894,0.446971,0.666712,-0.502093,
5519,1882407157,-18.689789,-5.140132,19.228954,319.046600,18.664837,-63.989788,0.294149,0.456468,0.647921,-0.534148,
5520,1882423824,-15.370349,9.772384,-1.661524,54.156914,-10.771993,-83.394577,0.284891,0.449957,0.648929,-0.543387,
5521,1882440491,-13.875967,20.757753,-0.151293,31.733849,-49.443085,33.826118,0.289976,0.450458,0.642334,-0.548097,
5522,1882457158,-13.764964,14.258690,-4.890907,-1.456754,-44.600929,118.910683,0.303512,0.457804,0.632874,-0.545681,
5523,1882473825,-22.353207,-0.208907,-4.415396,-71.538879,-48.625221,177.266998,0.326546,0.466850,0.624549,-0.534190,
5524,1882490492,-21.083881,-14.213587,-3.996708,-21.060221,-34.825817,196.671158,0.346139,0.480744,0.611122,-0.524981,
5525,1882507159,-10.405569,-8.934197,-0.081237,33.626511,-26.370619,181.010056,0.359690,0.496267,0.594563,-0.520422,
5526,1882523826,-11.833946,-0.980893,0.378392,32.392998,-33.208691,156.169296,0.371812,0.508744,0.579156,-0.517219,
5527,1882540493,-15.198197,-0.648757,-2.157507,-11.635755,-58.080967,130.369904,0.387165,0.514548,0.567342,-0.513292,
5528,1882557160,-15.502522,-1.464154,-2.529650,-53.897079,-71.790886,106.679108,0.404885,0.514782,0.559447,-0.508025,
5529,1882573827,-12.591443,-5.067191,-2.120630,-88.568565,-82.192490,87.248886,0.424435,0.510401,0.554713,-0.501639,
5530,1882590494,-10.724688,-9.583459,-3.749420,-113.826149,-86.750893,69.882996,0.444748,0.502472,0.552553,-0.494377,
5531,1882607161,-8.471143,-12.063459,-5.249260,-96.991440,-89.535774,72.282791,0.464000,0.495370,0.548550,-0.488270,
5532,1882623828,-6.388951,-9.487705,-4.545715,-59.830429,-76.241066,88.515701,0.480470,0.492807,0.541411,-0.482873,
5533,1882640495,-5.220261,-7.297814,-3.655703,-31.805725,-68.332176,97.038811,0.494744,0.493262,0.532067,-0.478359,
5534,1882657162,-3.992593,-6.448620,-2.928029,-8.210631,-64.037964,89.363937,0.506317,0.494982,0.521794,-0.475783,
5535,1882673829,-4.006266,-7.314620,-2.112652,-19.968056,-62.604927,63.298798,0.516716,0.493851,0.514209,-0.474032,
5536,1882690496,-2.321103,-8.416639,-2.791872,-18.750032,-54.653862,27.059978,0.523868,0.490587,0.509678,-0.474466,
5537,1882707163,0.990492,-10.305469,-4.146769,16.801420,-32.336426,-10.952634,0.524173,0.488725,0.507080,-0.478814,
5538,1882723830,4.458875,-10.884351,-4.973615,50.536366,-0.964972,-39.597374,0.517737,0.489476,0.506534,-0.485578,
5539,1882740497,6.454851,-10.976585,-5.213571,98.727737,36.460850,-58.349106,0.503684,0.495020,0.506641,-0.494545,
5540,1882757164,2.067209,-7.788471,-4.205083,151.356567,54.777470,-83.796585,0.482405,0.503610,0.505884,-0.507687,
5541,1882773831,-4.851040,-1.116098,-1.957348,137.770493,43.904312,-119.570671,0.459927,0.507445,0.507623,-0.522769,
5542,1882790498,-14.772225,-1.380195,-5.125801,148.976929,63.443611,-182.047150,0.429969,0.508390,0.513916,-0.540887,
5543,1882807165,-24.599878,-6.402205,-1.717511,58.457241,42.717442,-227.987030,0.404102,0.497980,0.528789,-0.555970,
5544,1882823832,-19.938633,-3.256415,0.140641,-24.467913,34.459911,-175.271652,0.388745,0.485601,0.545556,-0.561641,
5545,1882840499,-21.013195,2.042534,0.331183,-70.652969,35.832565,-137.928375,0.379347,0.473381,0.563194,-0.561088,
5546,1882857166,-21.635731,-0.542137,-1.712035,-108.418785,10.910412,-164.486160,0.372164,0.454544,0.583975,-0.560232,
5547,1882873833,-20.228439,-3.889566,-1.938970,-83.418015,-0.893703,-182.403503,0.362555,0.434190,0.602764,-0.562770,
5548,1882890500,-16.849995,-7.630307,-1.210218,-76.603851,17.185730,-149.556473,0.353352,0.418232,0.619429,-0.562614,
5549,1882907167,-14.130207,-8.502154,-1.318054,-48.107292,56.183464,-115.002831,0.341548,0.409828,0.633347,-0.560588,
5550,1882923834,-12.419389,-8.076929,-1.234532,15.182617,82.755409,-109.349930,0.323844,0.407087,0.642828,-0.562298,
5551,1882940501,-13.957152,-5.468258,-0.227031,88.596298,83.804901,-122.420296,0.300456,0.406451,0.646790,-0.571129,
5552,1882957168,-14.064751,-0.358185,-3.297760,75.479446,80.882729,-112.717949,0.278749,0.405672,0.650758,-0.578140,
5553,1882973835,-13.307805,3.745764,-3.815601,43.118126,87.138069,-73.613411,0.261529,0.407636,0.655113,-0.579883,
5554,1882990502,-10.902246,5.084904,-1.977573,25.454226,82.856491,-29.048412,0.249459,0.412714,0.657986,-0.578354,
5555,1883007169,-8.123496,5.307270,1.736150,77.991661,70.443672,2.821381,0.238056,0.421619,0.653939,-0.581320,
5556,1883023836,-3.954709,4.659431,3.079462,89.269951,45.352283,36.074062,0.231106,0.431859,0.645874,-0.585608,
5557,1883040503,-1.735601,4.215758,-0.591392,29.319208,19.078623,74.864113,0.233652,0.441409,0.639473,-0.584501,
5558,1883057170,-0.724358,3.751009,0.440987,-18.633717,11.036427,96.598442,0.241835,0.450593,0.635369,-0.578611,
5559,1883073837,-1.442477,0.585457,5.962453,-16.367500,-2.813445,96.046295,0.251054,0.458552,0.630496,-0.573741,
5560,1883090504,-0.713929,-1.520988,2.448132,-73.724213,-35.088428,86.039101,0.266164,0.460692,0.629743,-0.565991,
5561,1883107171,-0.364208,-5.103295,-3.033906,-112.729874,-37.092842,80.472870,0.283515,0.460479,0.632266,-0.554815,
5562,1883123838,-0.875602,-5.804077,-3.221499,-74.696548,-15.421055,60.792530,0.294647,0.461628,0.633734,-0.546321,
5563,1883140505,-1.924835,-2.661283,-3.284342,-28.007822,3.477529,32.320190,0.298603,0.463599,0.634139,-0.542016,
5564,1883157172,-5.119699,-1.910923,-3.040042,-2.578380,6.642433,9.565291,0.298752,0.464816,0.634200,-0.540820,
5565,1883173839,-14.039320,-32.098137,-30.409718,47.749584,137.958710,-26.654848,0.280467,0.475097,0.638305,-0.536833,
5566,1883190506,-24.239101,2.084233,25.612583,348.521088,92.816505,-90.053337,0.240169,0.487423,0.620400,-0.565547,
5567,1883207173,-14.398422,9.201473,-3.238953,1.742549,-7.007554,-58.269955,0.235708,0.481564,0.624333,-0.568110,
5568,1883223840,-18.032612,21.211409,0.996759,35.156017,-27.058657,73.002449,0.241552,0.487064,0.615550,-0.570545,
5569,1883240507,-17.917799,13.741570,-2.364193,-38.961376,-37.442879,124.406395,0.257787,0.493577,0.608743,-0.565120,
5570,1883257174,-22.704248,-0.849059,-3.678795,-108.047607,-49.424328,169.081192,0.283554,0.500159,0.603567,-0.552402,
5571,1883273841,-18.795950,-13.211301,-4.409899,-26.780333,-40.837700,197.192917,0.304669,0.512811,0.589638,-0.544546,
5572,1883290508,-9.560582,-7.630825,-2.402220,52.438210,-14.256799,180.981766,0.316067,0.529276,0.571351,-0.541783,
5573,1883307175,-9.896565,-1.105943,-0.186949,35.077084,-11.439761,156.355759,0.326423,0.542780,0.556092,-0.538146,
5574,1883323842,-13.067069,-1.406854,-1.302987,-8.509263,-31.036373,149.281296,0.341086,0.551832,0.543588,-0.532593,
5575,1883340509,-14.120304,-3.319134,-2.296196,-15.489671,-38.143391,134.678070,0.355587,0.558586,0.532201,-0.527545,
5576,1883357176,-12.408510,-5.053385,-1.587368,-17.602573,-42.143181,110.527855,0.368592,0.562858,0.522542,-0.523721,
5577,1883373843,-10.487213,-7.445067,-3.300032,-59.222923,-51.310299,83.324219,0.383523,0.561972,0.517641,-0.518795,
5578,1883390510,-9.896789,-5.768077,-3.488966,-86.134880,-57.403500,73.288116,0.400236,0.558197,0.515096,-0.512744,
5579,1883407177,-10.131227,-5.627571,-2.688933,-137.134644,-70.224632,72.880470,0.421826,0.550202,0.515396,-0.503695,
5580,1883423844,-8.141955,-7.661796,-3.630482,-109.548676,-75.252007,79.234802,0.441815,0.543700,0.512573,-0.496448,
5581,1883440511,-5.825120,-7.409200,-1.965451,-80.509819,-71.282120,77.204422,0.458872,0.538961,0.507849,-0.490967,
5582,1883457178,-4.578301,-8.669068,-2.721100,-52.411098,-67.737358,62.424412,0.472270,0.535097,0.502363,-0.488125,
5583,1883473845,-3.069575,-9.265152,-3.558780,-28.708969,-57.847538,43.545258,0.481673,0.532087,0.497256,-0.487457,
5584,1883490512,-1.699897,-10.439999,-3.941327,-18.564905,-50.200958,16.437407,0.487768,0.528318,0.494019,-0.488785,
5585,1883507179,0.830418,-11.691117,-4.140131,6.399830,-29.275862,-21.091093,0.487748,0.525085,0.493356,-0.492940,
5586,1883523846,3.700970,-12.590018,-3.299740,54.685635,1.906031,-57.838707,0.479123,0.524832,0.494213,-0.500748,
5587,1883540513,2.561374,-10.906963,-2.923241,110.437988,27.062239,-89.345253,0.461998,0.527877,0.495026,-0.512694,
5588,1883557180,-1.783948,-4.757588,-2.010435,148.117416,18.134323,-110.468887,0.440774,0.530953,0.493764,-0.529157,
5589,1883573847,-7.703064,-0.178837,-0.998662,135.549103,14.025994,-146.867065,0.417663,0.529872,0.495625,-0.546948,
5590,1883590514,-14.886418,0.468664,-1.436258,90.755241,5.439627,-203.978256,0.393680,0.520761,0.504451,-0.565115,
5591,1883607181,-20.405991,-4.770810,-0.281829,-77.409409,-6.571595,-239.077881,0.379954,0.497832,0.528456,-0.573179,
5592,1883623848,-21.530617,-3.913369,-0.787089,-110.067390,8.579292,-181.320953,0.371799,0.478220,0.551226,-0.573780,
5593,1883640515,-22.073336,0.019875,-1.473114,-119.054131,0.944424,-143.396667,0.367727,0.460115,0.571222,-0.571646,
5594,1883657182,-20.527931,-3.633359,-2.999273,-137.416946,-19.422129,-156.254028,0.365197,0.437881,0.592032,-0.569554,
5595,1883673849,-17.069569,-7.486000,-3.391183,-86.070114,-4.259227,-163.666016,0.357174,0.418625,0.609371,-0.570832,
5596,1883690516,-15.120666,-10.509989,-1.975708,-50.642456,34.265366,-140.700333,0.345262,0.406181,0.623994,-0.571354,
5597,1883707183,-12.750150,-9.936228,-0.884308,3.160305,71.106400,-114.915665,0.328812,0.401656,0.634189,-0.573029,
5598,1883723850,-13.362768,-5.797600,-0.590690,75.840210,77.391220,-111.192497,0.307697,0.401287,0.638119,-0.580601,
5599,1883740517,-13.376905,-1.980766,-1.680194,94.636719,65.967194,-103.820396,0.287009,0.401272,0.639190,-0.589953,
5600,1883757184,-13.604007,1.691433,-3.834669,24.570166,73.982574,-82.302628,0.271398,0.400861,0.645096,-0.591191,
5601,1883773851,-13.584357,5.500131,-4.143721,-50.023621,83.008209,-42.911129,0.262607,0.401875,0.655304,-0.583192,
5602,1883790518,-11.362844,4.608551,-1.212494,-55.849838,72.849869,2.747575,0.258945,0.406073,0.662808,-0.573358,
5603,1883807185,-7.378908,2.966532,1.460685,0.795147,44.979168,25.400730,0.256485,0.412218,0.663119,-0.569707,
5604,1883823852,-2.761735,2.487750,1.626962,40.263996,27.746834,49.659271,0.255313,0.420716,0.658009,-0.569947,
5605,1883840519,1.582092,3.960378,1.114485,22.420013,8.486759,73.191330,0.259000,0.429161,0.652149,-0.568720,
5606,1883857186,2.268473,4.933056,4.283473,19.261829,4.111930,74.754303,0.263398,0.437222,0.646209,-0.567339,
5607,1883873853,0.791277,1.193750,3.087976,-16.840340,1.274280,58.199463,0.268968,0.442067,0.644127,-0.563325,
5608,1883890520,-1.279563,-4.073490,-0.937900,-77.594849,-3.929627,46.913960,0.277975,0.442997,0.647464,-0.554325,
5609,1883907187,-2.100041,-6.838776,-4.194083,-93.095360,-1.402178,37.026810,0.286890,0.442485,0.652665,-0.543996,
5610,1883923854,-2.312451,-6.414736,-3.282840,-15.857944,18.434446,26.051659,0.288046,0.445671,0.653212,-0.540114,
5611,1883940521,-2.556052,-0.170596,1.316726,116.188339,31.181934,19.042368,0.278831,0.454648,0.644265,-0.548154,
5612,1883957188,-7.245532,-8.136108,-3.623182,-106.248749,-3.059765,11.356057,0.286844,0.451028,0.651992,-0.537776,
5613,1883973855,-18.076923,-25.028181,-8.220921,252.257324,125.552635,-43.704384,0.254561,0.466755,0.640019,-0.554722,
5614,1883990522,-18.517771,6.905327,7.371213,116.623695,-10.863344,-108.158508,0.238684,0.459929,0.637590,-0.570067,
5615,1884007189,-19.689013,14.102080,-2.778931,57.949879,-13.345415,-20.939840,0.234126,0.458805,0.633902,-0.576935,
5616,1884023856,-17.520184,15.485475,-3.019364,-67.025978,-30.251089,109.325821,0.250352,0.463920,0.631288,-0.568841,
5617,1884040523,-18.394062,3.841102,-2.790612,-85.110657,-51.481281,178.988693,0.275361,0.472733,0.624303,-0.557627,
5618,1884057190,-20.521601,-11.061279,-4.613869,-34.577007,-23.167326,189.382690,0.294943,0.486419,0.613118,-0.548173,
5619,1884073857,-14.675401,-10.816350,-3.731154,74.291603,-13.468287,180.674820,0.305032,0.504386,0.593801,-0.547680,
5620,1884090524,-12.879334,-2.513674,-0.931213,104.519562,3.628385,172.322357,0.310509,0.523919,0.572960,-0.548464,
5621,1884107191,-14.080116,0.921578,-0.952613,37.016594,-12.331122,165.615829,0.321700,0.538193,0.556878,-0.544744,
5622,1884123858,-15.554193,-0.003300,-1.970020,-48.973183,-33.708488,151.438721,0.340046,0.545293,0.547396,-0.536083,
5623,1884140525,-15.658787,-1.793180,-2.040667,-106.616173,-56.172703,139.079071,0.363574,0.546463,0.541930,-0.524887,
5624,1884157192,-13.789094,-5.718028,-1.759211,-110.675919,-74.811920,113.493988,0.386695,0.543609,0.537454,-0.515850,
5625,1884173859,-10.588183,-8.453197,-2.847542,-94.405769,-82.985275,87.328896,0.406987,0.538702,0.533062,-0.509911,
5626,1884190526,-8.142579,-8.981013,-4.457152,-90.330460,-81.285072,84.539276,0.426425,0.533688,0.528435,-0.504080,
5627,1884207193,-6.794326,-8.817468,-4.947747,-105.951866,-79.032829,90.068268,0.447093,0.528030,0.524404,-0.496282,
5628,1884223860,-6.115153,-7.982857,-4.254536,-102.589760,-77.002983,93.917488,0.467384,0.522748,0.519689,-0.488070,
5629,1884240527,-4.819487,-7.223161,-3.692982,-79.069176,-72.813408,90.680542,0.485118,0.518870,0.513593,-0.481310,
5630,1884257194,-1.746157,-7.536620,-3.077785,-68.093231,-67.238182,74.379288,0.500289,0.514752,0.508169,-0.475927,
5631,1884273861,1.739708,-10.012276,-4.293116,-51.238644,-46.886662,33.951061,0.509787,0.510170,0.505981,-0.473107,
5632,1884290528,4.538548,-13.091419,-4.219424,1.324005,-12.854877,-13.950833,0.509547,0.508266,0.506222,-0.475152,
5633,1884307195,5.279727,-13.564226,-5.105584,67.830681,25.766275,-44.980927,0.499356,0.511633,0.506986,-0.481501,
5634,1884323862,2.663371,-11.439329,-5.118865,156.281921,66.500076,-68.893272,0.477686,0.522287,0.506077,-0.492870,
5635,1884340529,-1.481520,-5.650933,-2.849785,228.331879,70.220360,-88.799042,0.448343,0.536200,0.501248,-0.510128,
5636,1884357196,-5.356315,0.298605,-0.494669,202.966293,44.317574,-118.922745,0.420048,0.543645,0.498314,-0.528861,
5637,1884373863,-13.749600,1.325585,-3.998320,180.405991,36.829552,-181.992035,0.388676,0.543848,0.500985,-0.549706,
5638,1884390530,-25.279943,0.823471,-2.534414,81.477730,17.474384,-238.889450,0.361446,0.532008,0.514269,-0.567322,
5639,1884407197,-24.188343,-0.707333,0.819261,-188.611191,-29.396011,-180.588699,0.362913,0.505711,0.542127,-0.564492,
5640,1884423864,-20.445818,0.659245,-1.313640,-201.125107,-14.322028,-130.628555,0.367723,0.483242,0.567398,-0.556164,
5641,1884440531,-19.434742,0.340281,-2.725027,-200.159775,-16.314089,-150.646240,0.370536,0.458390,0.593157,-0.548405,
5642,1884457198,-16.494303,-6.675288,-2.035149,-153.252228,-23.137794,-170.051865,0.368805,0.433278,0.615365,-0.545510,
5643,1884473865,-16.329735,-7.801501,-0.072852,-98.106873,3.799690,-148.335693,0.362576,0.414810,0.632716,-0.544191,
5644,1884490532,-12.758458,-11.039135,0.025390,-42.057041,51.358112,-113.940346,0.351119,0.406004,0.645728,-0.543059,
5645,1884507199,-10.488541,-10.934573,-0.774276,90.845795,84.671440,-103.162346,0.329372,0.407437,0.649005,-0.551637,
5646,1884523866,-12.185067,-6.796936,-1.604426,167.682800,73.029236,-111.867058,0.303220,0.410479,0.645578,-0.568152,
5647,1884540533,-12.731459,-1.197599,-2.295053,135.230240,56.581581,-107.914528,0.280620,0.410756,0.643326,-0.581950,
5648,1884557200,-13.693292,3.920267,-3.300708,51.399834,39.486504,-74.607071,0.267318,0.409094,0.645186,-0.587299,
5649,1884573867,-12.707928,8.101244,-3.500576,-46.525230,20.014166,-32.379978,0.265240,0.405868,0.652045,-0.582888,
5650,1884590534,-9.852777,8.857273,0.326594,-46.226536,5.686609,-8.109838,0.266549,0.403716,0.656849,-0.578374,
5651,1884607201,-5.586458,4.592014,2.721329,-45.621670,3.015324,14.991241,0.270011,0.403553,0.660107,-0.573149,
5652,1884623868,-3.343072,-0.535686,1.313506,-62.719673,-15.017425,59.154575,0.279864,0.405415,0.661419,-0.565546,
5653,1884640535,0.273091,-2.620170,-2.726619,-100.445755,-32.159447,75.756836,0.294885,0.405823,0.663987,-0.554504,
5654,1884657202,2.358537,-0.793121,-2.356094,-62.541264,-27.749016,69.707611,0.306672,0.407516,0.663861,-0.546967,
5655,1884673869,1.008951,1.113055,-2.308199,-65.763268,-4.710192,60.035450,0.315599,0.409891,0.665472,-0.538085,
5656,1884690536,-1.241994,-3.455191,-2.395655,-82.684799,6.415989,53.038441,0.323852,0.411605,0.669212,-0.527123,
5657,1884707203,-1.383639,-7.526469,-5.443302,-51.816322,31.370998,35.695980,0.326447,0.414935,0.672696,-0.518405,
5658,1884723870,-3.228604,-7.807902,-4.536069,97.246155,62.685818,21.023113,0.315808,0.426184,0.667181,-0.522976,
5659,1884740537,-3.831004,-3.256313,5.008071,224.402176,56.225155,11.782875,0.296988,0.441580,0.651801,-0.540336,
5660,1884757204,-12.075438,-10.743799,-3.650060,-122.417770,13.479671,25.100401,0.305321,0.439575,0.660493,-0.526597,
5661,1884773871,-27.798206,-20.504307,-5.469939,325.619080,122.636566,-0.757448,0.272112,0.462696,0.640423,-0.549298,
5662,1884790538,-16.056400,8.498322,7.795289,72.466621,-38.207039,-72.036644,0.264832,0.455666,0.638102,-0.561303,
5663,1884807205,-17.436237,18.433643,-1.496333,53.545414,-12.850183,-5.456050,0.261851,0.456086,0.633784,-0.567220,
5664,1884823872,-14.259372,18.887281,-0.603753,-57.385002,-54.753883,106.716782,0.279298,0.459073,0.629441,-0.561294,
5665,1884840539,-15.551671,7.856512,-2.146033,-104.221596,-49.003365,164.665939,0.303912,0.465657,0.624901,-0.547999,
5666,1884857206,-20.716295,-13.819062,-5.425369,-89.837906,-60.015091,199.796265,0.331063,0.474745,0.615743,-0.534674,
5667,1884873873,-11.324288,-16.510843,-3.307037,24.566347,-53.895119,185.562622,0.348351,0.488098,0.598392,-0.531358,
5668,1884890540,-7.270805,-5.850549,-1.143251,101.140305,-3.759660,155.953461,0.353286,0.506258,0.579317,-0.532247,
5669,1884907207,-11.441205,-0.091213,-0.599763,72.385361,-2.341868,143.651245,0.359043,0.521695,0.563083,-0.530907,
5670,1884923874,-14.513664,-0.197153,-2.256750,47.539761,-17.265007,137.504608,0.367258,0.533924,0.548177,-0.528725,
5671,1884940541,-14.625145,-1.091026,-1.697578,1.984602,-33.621666,135.452499,0.380002,0.542073,0.535827,-0.524067,
5672,1884957208,-12.759428,-2.816924,-0.170003,-31.791201,-47.751720,120.633095,0.395234,0.545915,0.526232,-0.518507,
5673,1884973875,-11.586580,-4.747727,-2.171519,-68.343498,-62.634087,95.586098,0.412472,0.544414,0.520331,-0.512580,
5674,1884990542,-10.300219,-6.857959,-3.953035,-88.002312,-71.977921,79.660484,0.430627,0.539620,0.516396,-0.506664,
5675,1885007209,-7.074863,-8.270535,-4.798304,-93.461205,-79.868507,78.337204,0.449519,0.533575,0.512256,-0.500826,
5676,1885023876,-5.044089,-8.099321,-4.529625,-93.504807,-76.327858,80.077301,0.468077,0.527678,0.507991,-0.494377,
5677,1885040543,-4.453430,-7.452343,-3.377202,-86.488655,-73.659790,75.357941,0.485363,0.521882,0.503558,-0.488359,
5678,1885057210,-3.335189,-8.369138,-2.557056,-72.863159,-71.624290,62.349621,0.500373,0.516060,0.499117,-0.483936,
5679,1885073877,-1.059406,-9.405019,-2.581607,-56.638577,-60.948013,33.091183,0.511211,0.509924,0.496394,-0.481908,
5680,1885090544,1.744285,-11.678728,-3.552537,-15.032818,-35.836761,-9.334781,0.514124,0.505527,0.495721,-0.484130,
5681,1885107211,4.194522,-13.013495,-4.081475,56.474648,5.089719,-39.318047,0.506679,0.507161,0.495249,-0.490709,
5682,1885123878,3.934161,-12.095046,-4.573760,139.716309,50.491112,-57.532795,0.488359,0.516692,0.493369,-0.501122,
5683,1885140545,-1.240961,-6.390685,-4.062518,222.755783,73.125969,-82.285370,0.459920,0.531515,0.488454,-0.517089,
5684,1885157212,-9.364730,-1.453956,-4.314090,271.926453,71.503197,-135.685822,0.423006,0.544811,0.483039,-0.539372,
5685,1885173879,-18.365532,-0.916521,-2.100487,201.970566,62.721237,-207.036896,0.385824,0.547034,0.487274,-0.560767,
5686,1885190546,-25.455811,-3.512026,0.347425,17.871328,21.174051,-221.421478,0.364487,0.533719,0.504621,-0.572410,
5687,1885207213,-25.054144,2.873158,-0.753889,-87.683746,17.289043,-160.310120,0.356387,0.518490,0.525353,-0.572855,
5688,1885223880,-24.331181,3.226378,-2.058401,-183.018173,-12.217545,-152.647324,0.358024,0.495945,0.551405,-0.567285,
5689,1885240547,-20.977722,-1.187293,-3.271073,-147.394897,-24.010580,-172.185333,0.356010,0.472140,0.574667,-0.565775,
5690,1885257214,-18.297602,-4.744800,-0.417471,-148.476364,-17.878111,-168.497513,0.353471,0.448572,0.597450,-0.562936,
5691,1885273881,-15.431041,-7.753358,-0.379529,-144.846832,15.212398,-143.415298,0.349523,0.429632,0.619407,-0.556406,
5692,1885290548,-12.225205,-9.922916,0.936717,-15.654286,56.334099,-118.974098,0.335551,0.422512,0.631077,-0.557345,
5693,1885307215,-11.942368,-7.546578,0.049002,75.303734,63.242859,-119.265854,0.315182,0.420174,0.635445,-0.565974,
5694,1885323882,-11.267522,-3.456796,-1.645847,82.510475,55.948975,-112.765404,0.295423,0.417955,0.638171,-0.575134,
5695,1885340549,-10.898744,2.253406,-2.391411,58.646908,49.711372,-91.301636,0.279373,0.416015,0.641066,-0.581309,
5696,1885357216,-9.872187,6.611031,-3.299450,-11.194077,47.198845,-52.584721,0.270998,0.414549,0.647285,-0.579426,
5697,1885373883,-8.639898,7.019284,-0.529087,-31.709400,51.540119,-2.999542,0.267608,0.417270,0.652349,-0.573336,
5698,1885390550,-5.750118,5.536117,2.408297,2.738707,17.503441,29.732738,0.268075,0.421581,0.651194,-0.571275,
5699,1885407217,-1.899554,5.148050,1.104537,-29.351294,-7.689389,52.001766,0.274735,0.424637,0.650322,-0.566822,
5700,1885423884,0.704025,3.640193,-0.055281,-65.410492,-30.264524,69.500458,0.287164,0.425987,0.650348,-0.559573,
5701,1885440551,2.716338,1.713954,0.059471,-66.429131,-26.857786,65.049210,0.298914,0.427065,0.650743,-0.552089,
5702,1885457218,1.542250,-1.607342,-0.655476,-68.053520,-17.165585,46.129749,0.308277,0.426986,0.652753,-0.544576,
5703,1885473885,0.447013,-6.296952,-4.043219,-124.143227,-13.937462,29.487125,0.319421,0.422962,0.660222,-0.532149,
5704,1885490552,-0.829316,-9.395001,-6.395024,-130.154709,7.116032,18.119827,0.327916,0.419043,0.669597,-0.518186,
5705,1885507219,-2.143189,-9.305199,-3.827124,-55.352608,17.529316,4.570109,0.329739,0.418063,0.674510,-0.511404,
5706,1885523886,-0.572376,-4.401021,-2.532314,135.295029,35.475357,-9.512165,0.317081,0.426075,0.666797,-0.522784,
5707,1885540553,-4.972728,0.151725,3.604859,129.180679,46.284927,-8.837214,0.303674,0.434519,0.659736,-0.532660,
5708,1885557220,-23.551180,-39.734337,-23.087194,-171.673737,135.823624,-11.715940,0.300250,0.436024,0.679644,-0.507759,
5709,1885573887,-22.446531,4.468039,22.278421,499.441864,21.042072,-104.239754,0.257825,0.447774,0.648659,-0.558810,
5710,1885590554,-14.546317,12.390408,-3.308542,15.452736,-33.811279,-102.950272,0.251429,0.435756,0.652962,-0.566165,
5711,1885607221,-16.835115,30.961203,1.099868,33.305256,-33.932819,39.838825,0.255634,0.437873,0.646631,-0.569903,
5712,1885623888,-18.707901,13.926373,-4.136683,-97.359787,-51.136509,144.970154,0.278405,0.443433,0.643540,-0.558315,
5713,1885640555,-25.241417,-4.588872,-5.130248,-166.133957,-56.769791,194.058212,0.309830,0.449875,0.641951,-0.538070,
5714,1885657222,-23.438221,-17.560358,-4.491821,-35.114853,-62.526730,183.868668,0.332080,0.460313,0.629791,-0.530283,
5715,1885673889,-8.462767,-11.135371,-2.767011,113.528595,-18.475420,177.493515,0.339562,0.480340,0.608175,-0.533008,
5716,1885690556,-9.893926,-0.484234,-1.147992,109.341568,-9.891742,152.637161,0.344364,0.498226,0.588537,-0.535547,
5717,1885707223,-12.846147,0.720246,-2.121651,38.833504,-25.744934,133.534012,0.353948,0.509426,0.574642,-0.533848,
5718,1885723890,-13.522367,-1.472893,-2.979882,-32.137978,-42.736187,138.846970,0.370469,0.515877,0.564738,-0.526970,
5719,1885740557,-15.121989,-1.092344,-1.119598,-58.250519,-41.919941,147.334503,0.389344,0.521417,0.555954,-0.517159,
5720,1885757224,-15.325992,-4.562004,-0.531381,-68.356270,-60.648693,132.484695,0.409169,0.523489,0.547688,-0.508508,
5721,1885773891,-12.519460,-6.724149,-2.125679,-72.784500,-77.047340,119.218086,0.429437,0.522746,0.539491,-0.501271,
5722,1885790558,-9.079796,-8.613269,-3.757522,-86.371346,-84.607651,116.712250,0.450905,0.520113,0.531701,-0.493420,
5723,1885807225,-6.522025,-8.543550,-4.029892,-102.017563,-88.230896,102.726662,0.472563,0.514801,0.525539,-0.485258,
5724,1885823892,-5.874156,-8.425711,-4.422230,-88.986046,-84.302704,92.105217,0.491934,0.509567,0.519238,-0.478264,
5725,1885840559,-4.522411,-8.564752,-3.931236,-54.656696,-80.992760,85.107338,0.507815,0.506276,0.511089,-0.473918,
5726,1885857226,-2.204846,-8.640071,-3.077181,-27.266552,-71.990166,69.826370,0.519809,0.504347,0.502699,-0.471941,
5727,1885873893,-0.645198,-9.590150,-3.347273,1.467250,-47.844673,39.516071,0.525770,0.503956,0.496313,-0.472516,
5728,1885890560,0.173742,-11.370656,-4.263121,44.318142,-20.833317,4.250304,0.524180,0.506119,0.491604,-0.476873,
5729,1885907227,1.657709,-12.347213,-4.997422,98.688988,8.539287,-25.529566,0.514348,0.512265,0.487493,-0.485164,
5730,1885923894,3.457737,-11.366020,-4.756636,138.825119,41.912689,-41.850349,0.497824,0.522430,0.484095,-0.494866,
5731,1885940561,1.977180,-8.520880,-3.965828,182.675125,64.679871,-65.169289,0.474346,0.535406,0.480635,-0.507277,
5732,1885957228,-3.732358,-2.864079,-3.169144,194.737061,55.675404,-102.856743,0.447305,0.545384,0.478123,-0.523331,
5733,1885973895,-11.802379,-1.146933,-4.330899,179.233429,58.398727,-167.340988,0.415850,0.549409,0.481500,-0.541645,
5734,1885990562,-22.619522,-2.534646,-0.568232,82.408463,39.528538,-225.357758,0.388338,0.541311,0.495366,-0.557486,
5735,1886007229,-20.839855,-3.819229,-0.627120,-37.500214,8.448130,-211.485901,0.373188,0.524309,0.515548,-0.565724,
5736,1886023896,-21.497253,-0.228981,-0.609779,-81.521431,36.687191,-168.443695,0.362486,0.510001,0.537144,-0.565669,
5737,1886040563,-22.827093,-0.978160,-1.440107,-117.371635,8.661424,-178.154694,0.355515,0.490291,0.560455,-0.564903,
5738,1886057230,-19.538570,-5.285295,-1.585567,-90.614021,-3.780092,-197.819290,0.345681,0.468851,0.581766,-0.567657,
5739,1886073897,-18.272226,-6.069168,-1.116273,-60.797707,15.388881,-189.451797,0.332560,0.450760,0.600463,-0.570672,
5740,1886090564,-15.655420,-6.449778,-0.610519,-54.866920,37.991386,-159.967636,0.319271,0.437065,0.617376,-0.570866,
5741,1886107231,-12.673474,-8.313340,-0.281627,-2.054917,59.966991,-137.999207,0.302295,0.429371,0.629176,-0.573060,
5742,1886123898,-11.222050,-6.578759,-0.946521,68.726685,57.708618,-133.122620,0.281353,0.424820,0.634344,-0.581359,
5743,1886140565,-10.347622,-2.124339,-1.235584,87.633110,45.378304,-124.575645,0.260950,0.420556,0.636531,-0.591496,
5744,1886157232,-9.958858,1.893650,-3.492698,46.194805,45.163559,-106.496429,0.244542,0.416190,0.640890,-0.596864,
5745,1886173899,-10.726136,5.333030,-3.673428,1.813174,49.978943,-67.326935,0.233714,0.414215,0.646743,-0.596263,
5746,1886190566,-11.121585,7.743439,-2.115447,-52.252758,36.177845,-22.785130,0.231277,0.413345,0.654049,-0.589813,
5747,1886207233,-9.291257,7.766222,-0.974585,-87.105896,23.975241,16.619095,0.235448,0.413948,0.661470,-0.579371,
5748,1886223900,-7.416434,3.025501,3.114090,-52.569561,15.964929,62.074509,0.242107,0.419368,0.662861,-0.571081,
5749,1886240567,-0.879259,-1.895705,5.998249,18.558016,-22.268587,71.940475,0.248903,0.425013,0.656305,-0.571557,
5750,1886257234,4.262557,0.996565,-1.689315,-78.364380,-54.159485,69.064400,0.264444,0.424135,0.656694,-0.564742,
5751,1886273901,0.741629,3.741904,-3.452516,-91.643303,-18.157639,72.625221,0.277581,0.425920,0.659148,-0.554137,
5752,1886290568,-2.261227,-2.743878,-1.958789,-84.528488,0.065705,59.501694,0.287400,0.428094,0.662406,-0.543468,
5753,1886307235,-2.882436,-9.840649,-7.829119,-114.896080,6.403966,33.788918,0.296391,0.426908,0.669755,-0.530409,
5754,1886323902,-4.402680,-12.052923,-9.089522,-73.288269,28.357931,12.681840,0.298961,0.427057,0.676004,-0.520831,
5755,1886340569,-3.167474,-6.759724,1.707650,197.036377,44.270271,-1.307409,0.281966,0.438576,0.663004,-0.537191,
5756,1886357236,-2.206163,2.551584,8.100465,242.440491,53.549759,0.350733,0.261007,0.452366,0.646019,-0.556689,
5757,1886373903,-10.696113,-7.952495,-9.547878,-312.677826,-11.462104,17.612030,0.283626,0.440679,0.669270,-0.526724,
5758,1886390570,-23.105179,-22.653221,-0.162289,362.932434,129.391922,-15.145517,0.246006,0.463298,0.646943,-0.553446,
5759,1886407237,-14.625622,2.978479,1.874872,80.948349,-9.930447,-98.043747,0.233375,0.456013,0.646776,-0.565041,
5760,1886423904,-16.649672,19.669590,-2.407893,142.779785,15.660963,-28.710154,0.219844,0.459271,0.637537,-0.578176,
5761,1886440571,-17.240101,18.443773,-3.929154,-33.347874,-14.896077,113.265038,0.232776,0.467328,0.632406,-0.572263,
5762,1886457238,-20.880136,5.977055,-2.149062,-92.796173,-32.205750,187.329498,0.257368,0.478460,0.626211,-0.559195,
5763,1886473905,-25.327652,-10.079652,-5.431864,-72.875938,-29.495312,188.439148,0.280190,0.490230,0.617850,-0.547203,
5764,1886490572,-13.181931,-12.403247,-3.349243,11.839879,-37.213421,180.738235,0.296833,0.503757,0.602492,-0.543254,
5765,1886507239,-11.766036,-3.266447,-1.568880,80.830315,-11.987245,168.888870,0.305058,0.520852,0.583207,-0.543622,
5766,1886523906,-12.957643,0.094090,-1.944091,37.691185,-26.666100,156.801987,0.316644,0.533514,0.567221,-0.541629,
5767,1886540573,-14.634019,-1.125868,-1.793485,-47.526035,-49.102482,150.779572,0.336043,0.539688,0.557062,-0.534320,
5768,1886557240,-14.421202,-3.279392,-2.293378,-99.752708,-67.757263,143.712418,0.360284,0.540934,0.550238,-0.524239,
5769,1886573907,-11.881763,-7.298532,-2.189768,-121.555679,-77.168579,118.520256,0.384807,0.537907,0.546161,-0.514091,
5770,1886590574,-9.325353,-10.979345,-3.117678,-122.760887,-84.396164,84.828506,0.407220,0.531232,0.544039,-0.505953,
5771,1886607241,-6.603951,-12.104630,-4.073057,-99.816986,-85.836838,66.964508,0.426438,0.524109,0.541232,-0.500530,
5772,1886623908,-4.365724,-10.406347,-4.555842,-63.771618,-75.903130,64.779045,0.441804,0.519575,0.536384,-0.497138,
5773,1886640575,-3.213414,-8.611355,-3.515225,-59.008907,-69.547890,67.121605,0.456358,0.515842,0.531276,-0.493349,
5774,1886657242,-3.185067,-8.867856,-3.970198,-49.342457,-64.998169,63.985706,0.469495,0.512707,0.525885,-0.490054,
5775,1886673909,-2.234494,-10.091132,-3.550989,-22.256689,-61.794395,44.665081,0.478905,0.510082,0.520133,-0.489828,
5776,1886690576,0.596264,-11.125308,-2.977918,7.583962,-46.965988,3.233085,0.481982,0.507412,0.516319,-0.493603,
5777,1886707243,3.570257,-10.957593,-2.802250,54.716194,-14.369098,-43.465694,0.475740,0.506838,0.514816,-0.501750,
5778,1886723910,3.660769,-8.511109,-3.815028,95.718323,17.513376,-81.178864,0.461227,0.508488,0.515195,-0.513115,
5779,1886740577,1.343650,-5.491270,-3.128478,98.256111,25.542860,-101.577728,0.444218,0.509178,0.517231,-0.525245,
5780,1886757244,-1.475318,-3.229803,-2.122062,85.334961,26.034286,-123.062851,0.426278,0.507215,0.521638,-0.537509,
5781,1886773911,-6.280394,-1.555970,-2.472382,34.749054,23.761997,-149.719696,0.409941,0.499659,0.531560,-0.547482,
5782,1886790578,-18.588877,-5.059779,-6.041543,46.357353,55.965744,-187.080200,0.387011,0.492123,0.544823,-0.557859,
5783,1886807245,-24.174019,-6.063532,-1.844110,0.768027,9.430706,-204.770966,0.369254,0.476410,0.559951,-0.568455,
5784,1886823912,-15.406447,-5.189884,0.119424,-73.349960,59.528706,-142.510025,0.357414,0.465563,0.579154,-0.565765,
5785,1886840579,-18.372427,-0.580664,-0.580082,-59.954758,63.416790,-126.140327,0.345483,0.456843,0.596016,-0.562764,
5786,1886857246,-19.898575,-2.602878,-2.457410,-69.624794,32.273678,-163.034546,0.333666,0.441615,0.614193,-0.562505,
5787,1886873913,-18.879969,-7.863055,-3.555234,-50.642204,29.425056,-188.038315,0.318585,0.424504,0.631810,-0.564905,
5788,1886890580,-17.067614,-10.816168,-0.399219,15.864762,61.267330,-139.637161,0.300233,0.417252,0.642027,-0.568827,
5789,1886907247,-13.625648,-9.298500,0.141946,67.528076,81.138992,-103.771385,0.279711,0.417043,0.646346,-0.574523,
5790,1886923914,-12.202277,-5.958269,-0.725696,94.596703,79.090446,-106.480957,0.257368,0.417291,0.648146,-0.582700,
5791,1886940581,-13.016564,-1.865677,-0.186514,105.639290,57.048000,-106.774864,0.236264,0.415822,0.647839,-0.592941,
5792,1886957248,-12.829324,3.309390,-1.636934,29.906765,40.422527,-89.112419,0.222739,0.411819,0.652169,-0.596213,
5793,1886973915,-12.364769,6.590468,-1.200719,-26.339457,26.872292,-55.700775,0.216732,0.407924,0.658827,-0.593780,
5794,1886990582,-9.490065,5.957009,0.846626,-46.921040,15.403133,-32.256760,0.215055,0.404602,0.665448,-0.589262,
5795,1887007249,-6.599770,3.012520,1.670750,-43.622692,10.061155,-3.026533,0.216197,0.403732,0.669858,-0.584425,
5796,1887023916,-6.122486,-0.269019,-0.399212,-77.320496,-2.656450,35.282715,0.223794,0.404415,0.674414,-0.575790,
5797,1887040583,-6.561001,-1.585532,-1.555323,-110.834625,-29.795485,59.640305,0.238008,0.404022,0.679288,-0.564525,
5798,1887057250,-5.650723,0.660919,0.735064,-104.586128,-49.146385,67.458466,0.254323,0.402881,0.682273,-0.554538,
5799,1887073917,-4.583329,1.275210,2.094007,-98.948311,-51.676128,68.061409,0.270515,0.401658,0.684422,-0.545033,
5800,1887090584,-3.801499,-1.141262,-2.394290,-141.531693,-58.077244,62.906494,0.289299,0.397551,0.689675,-0.531612,
5801,1887107251,-2.367448,-4.067579,-9.395440,-137.054779,-36.355141,50.798729,0.304556,0.393887,0.695830,-0.517611,
5802,1887123918,-1.843822,-6.585474,-9.671431,-9.307422,32.956116,43.327068,0.304834,0.400236,0.695681,-0.512756,
5803,1887140585,-1.088954,-6.546544,-2.252388,194.349518,69.921989,34.263119,0.288688,0.417255,0.682171,-0.526501,
5804,1887157252,-2.235380,-2.884547,8.564836,231.701706,49.780724,19.987135,0.270875,0.432441,0.665104,-0.545216,
5805,1887173919,-6.536362,-17.762348,-7.456119,-91.514587,28.131557,3.436201,0.273983,0.431277,0.673388,-0.534308,
5806,1887190586,-17.117510,-6.725914,2.420214,254.820175,36.895260,-47.354633,0.250336,0.439261,0.657746,-0.558349,
5807,1887207253,-18.864614,7.479091,1.281192,-25.540867,-27.268784,-63.403187,0.249238,0.429949,0.663042,-0.559824,
5808,1887223920,-20.257008,17.818451,-2.927638,-1.342204,-36.896263,21.459616,0.254451,0.428884,0.660656,-0.561114,
5809,1887240587,-17.988621,10.183801,-2.761597,-111.447662,-46.752136,124.316521,0.275795,0.432687,0.660250,-0.548443,
5810,1887257254,-17.794863,-4.223818,-3.476253,-147.775650,-79.810760,171.770050,0.306135,0.436557,0.657820,-0.531954,
5811,1887273921,-15.319645,-17.534454,-5.776343,-32.943325,-65.127342,157.484619,0.326396,0.444908,0.647459,-0.525663,
5812,1887290588,-10.860786,-10.460006,-4.441393,92.281525,-33.363037,154.516724,0.335118,0.461055,0.628799,-0.528903,
5813,1887307255,-12.065509,-1.496567,-1.861234,79.299744,-28.680529,158.333847,0.344345,0.476965,0.610682,-0.530096,
5814,1887323922,-14.430349,2.715424,-1.689435,15.087155,-34.710098,167.966537,0.359084,0.489744,0.596153,-0.525180,
5815,1887340589,-16.542320,-0.321451,-2.072735,-45.703156,-58.298382,169.347488,0.380067,0.497342,0.584539,-0.516252,
5816,1887357256,-14.162488,-4.997012,-2.209285,-65.795334,-78.421364,152.023483,0.402646,0.500496,0.574160,-0.507664,
5817,1887373923,-8.998941,-8.040890,-2.769252,-71.915085,-88.948021,118.747238,0.423837,0.499417,0.565675,-0.500959,
5818,1887390590,-6.790829,-7.608422,-3.452754,-98.838371,-91.038490,81.892006,0.444237,0.493222,0.561393,-0.494191,
5819,1887407257,-5.937579,-7.313243,-3.860538,-112.403160,-91.953148,58.005745,0.463738,0.483878,0.559453,-0.487672,
5820,1887423924,-4.894967,-10.006909,-4.263873,-110.106544,-82.721436,54.036690,0.481816,0.474785,0.557980,-0.480722,
5821,1887440591,-2.581834,-11.246242,-4.503694,-67.892998,-64.086357,56.566303,0.495470,0.469987,0.554492,-0.475564,
5822,1887457258,-0.636543,-12.614430,-5.506038,-16.375769,-41.215088,48.941914,0.503144,0.469789,0.549521,-0.473469,
5823,1887473925,0.599644,-12.111450,-4.644126,10.296314,-22.399296,35.436546,0.506526,0.471728,0.544982,-0.473182,
5824,1887490592,0.899541,-10.305673,-4.730475,36.063381,-8.030016,1.550696,0.504650,0.473851,0.542040,-0.476434,
5825,1887507259,3.576560,-9.216244,-4.898451,68.067612,13.024439,-44.323654,0.495682,0.476123,0.541544,-0.484086,
5826,1887523926,5.192364,-8.616913,-5.817309,111.600174,36.903393,-82.707535,0.478968,0.480051,0.542207,-0.496140,
5827,1887540593,2.856533,-5.286606,-5.137085,156.609894,39.343712,-112.049400,0.456498,0.484672,0.541502,-0.513303,
5828,1887557260,-2.100039,-0.480116,-1.608270,108.322975,32.964561,-155.786179,0.434299,0.481775,0.546626,-0.529604,
5829,1887573927,-11.932288,-0.995833,-4.992071,84.668404,43.227058,-233.266647,0.406509,0.471497,0.559060,-0.547627,
5830,1887590594,-28.153759,-14.073087,-2.072834,-84.283371,55.180462,-277.636841,0.385143,0.447820,0.587793,-0.552832,
5831,1887607261,-23.642483,-7.791844,-1.923315,-90.447075,48.538563,-146.255524,0.374811,0.433915,0.607347,-0.549878,
5832,1887623928,-21.210184,0.274293,-1.313408,-126.908661,62.831356,-114.157524,0.367820,0.421696,0.628143,-0.540666,
5833,1887640595,-21.549170,-5.028356,-3.242534,-97.316330,42.590801,-155.519455,0.357341,0.405379,0.647599,-0.537208,
5834,1887657262,-21.226713,-11.184983,-4.286142,-57.836922,58.048298,-194.230087,0.339749,0.388329,0.666497,-0.538103,
5835,1887673929,-18.230394,-15.546270,-1.440669,9.299808,102.921623,-127.179337,0.319000,0.384306,0.678059,-0.539245,
5836,1887690596,-14.639878,-13.275847,-0.385524,118.724083,110.066528,-87.627495,0.294324,0.389567,0.678718,-0.548594,
5837,1887707263,-13.187198,-6.434778,-0.053701,162.501190,92.473244,-102.099220,0.267502,0.393539,0.675376,-0.563418,
5838,1887723930,-11.997238,-1.101637,-0.256468,148.682190,66.067940,-98.777626,0.244104,0.394793,0.671361,-0.577779,
5839,1887740597,-9.663641,3.459963,-1.128850,134.224182,55.389706,-76.901932,0.224255,0.396508,0.666472,-0.590176,
5840,1887757264,-7.620445,7.202212,-0.788719,107.697388,50.408344,-48.527336,0.208753,0.399499,0.661751,-0.599091,
5841,1887773931,-6.439247,7.860487,-1.613534,26.928795,30.772137,-20.573719,0.202231,0.400941,0.661715,-0.600404,
5842,1887790598,-6.190769,6.657102,-1.350036,-33.487873,28.732779,7.846359,0.201905,0.403147,0.665206,-0.595156,
5843,1887807265,-5.376154,3.790350,0.503001,-78.700920,17.605732,31.576218,0.207342,0.405319,0.670823,-0.585427,
5844,1887823932,-4.162649,0.085401,3.064496,-42.468468,-3.546849,66.808212,0.215680,0.410163,0.670541,-0.579332,
5845,1887840599,-1.402688,-2.095461,1.877516,-30.490702,-25.282877,96.907417,0.227922,0.416413,0.666652,-0.574655,
5846,1887857266,1.534660,-3.405611,2.546235,-32.063347,-39.991886,103.061569,0.242143,0.421874,0.661868,-0.570371,
5847,1887873933,1.427552,-2.553707,1.487737,-4.733356,-47.353294,79.367096,0.253374,0.425310,0.655862,-0.569877,
5848,1887890600,-0.959752,-1.790673,-3.198889,-1.261808,-30.636629,66.994225,0.261735,0.429018,0.650858,-0.569056,
5849,1887907267,-0.959921,-4.210837,-8.327254,-2.442561,23.537054,56.279770,0.264129,0.436111,0.648621,-0.565098,
5850,1887923934,-3.902305,-2.020917,-1.350750,10.931550,32.429909,35.940144,0.263145,0.442503,0.646879,-0.562580,
5851,1887940601,-3.273014,-19.515356,-12.043043,-301.711243,-21.885645,-5.183518,0.283759,0.428178,0.670633,-0.535163,
5852,1887957268,-26.897224,-12.678553,7.721664,287.033478,117.649765,-77.000626,0.247937,0.441115,0.657431,-0.558330,
5853,1887973935,-21.378119,9.935788,-2.803712,-60.322708,-36.563694,-78.703262,0.248702,0.428314,0.666185,-0.557580,
5854,1887990602,-18.816862,15.400474,0.373719,51.718960,-2.777299,60.742664,0.250482,0.435741,0.658261,-0.560431,
5855,1888007269,-15.642529,3.462305,-0.757187,-64.363731,-45.576138,159.843079,0.271702,0.444771,0.651695,-0.551047,
5856,1888023936,-15.574372,-11.537349,-3.808224,2.893984,-46.976292,181.191513,0.290229,0.458061,0.637848,-0.546899,
5857,1888040603,-17.254337,-12.774024,-2.686129,111.994370,-18.106520,143.150696,0.295579,0.474398,0.618623,-0.552166,
5858,1888057270,-13.792530,1.306686,-1.692578,131.580139,-20.751329,134.563202,0.298911,0.490250,0.597860,-0.559350,
5859,1888073937,-14.840881,8.545712,-2.688879,65.431099,-10.522690,145.086533,0.306738,0.504664,0.581790,-0.559240,
5860,1888090604,-16.369261,4.334018,-3.623990,-34.991261,-38.571835,158.383743,0.325225,0.513166,0.571336,-0.551786,
5861,1888107271,-15.489202,-3.730880,-2.711969,-96.150581,-71.154503,151.585999,0.350219,0.515248,0.564366,-0.541626,
5862,1888123938,-15.047177,-9.196436,-1.997229,-109.928123,-83.893463,125.984886,0.375010,0.513134,0.559323,-0.532185,
5863,1888140605,-12.962255,-11.712715,-2.523670,-89.851692,-92.600647,108.382500,0.397398,0.509667,0.553194,-0.525636,
5864,1888157272,-8.932851,-10.839803,-3.311861,-66.273079,-93.306198,109.966110,0.417993,0.507348,0.544798,-0.520652,
5865,1888173939,-5.598511,-10.060324,-4.333872,-60.535961,-87.352638,112.544708,0.437670,0.505772,0.535861,-0.515262,
5866,1888190606,-2.932386,-9.556982,-4.657559,-39.839161,-73.415016,103.478226,0.453867,0.505631,0.526699,-0.510816,
5867,1888207273,-1.169587,-10.857162,-5.483827,-19.802153,-56.405125,79.751915,0.465393,0.506114,0.518768,-0.508075,
5868,1888223940,0.971909,-12.903472,-4.968663,-19.940702,-42.379543,50.405193,0.473628,0.505333,0.513883,-0.506203,
5869,1888240607,1.506286,-13.868367,-5.515825,-6.382054,-26.590248,14.851978,0.477037,0.503961,0.511675,-0.506606,
5870,1888257274,2.234352,-12.087411,-5.566862,53.452011,2.670343,-27.110222,0.470764,0.505747,0.510145,-0.512207,
5871,1888273941,3.251561,-9.823408,-4.665020,74.673981,15.435212,-57.044048,0.459685,0.507646,0.510044,-0.520425,
5872,1888290608,3.299265,-6.097800,-2.779379,111.811821,23.111816,-80.329811,0.443389,0.510726,0.509213,-0.532231,
5873,1888307275,3.756485,-3.863075,-2.468954,100.835892,9.880654,-103.298431,0.426917,0.510151,0.509867,-0.545459,
5874,1888323942,-1.795569,-2.028869,-2.353349,22.083420,12.513929,-141.855789,0.412842,0.501807,0.519566,-0.554802,
5875,1888340609,-15.944619,-5.583364,-7.958187,43.677303,54.140675,-236.621796,0.386040,0.490519,0.536480,-0.567940,
5876,1888357276,-32.841274,-16.430344,-4.153841,-1.721186,51.523724,-296.884186,0.357077,0.470971,0.560424,-0.580181,
5877,1888373943,-19.060999,-6.622136,-1.068348,-64.193787,84.679474,-148.675797,0.341712,0.462422,0.580469,-0.576591,
5878,1888390610,-23.189840,0.116491,-1.186020,-137.757446,69.208931,-128.869614,0.333989,0.450224,0.604117,-0.566388,
5879,1888407277,-22.681938,-6.084211,-4.388223,-115.193329,48.965794,-183.733139,0.321727,0.432202,0.627928,-0.561606,
5880,1888423944,-19.860687,-10.579374,-1.890698,-63.150249,67.629082,-207.207504,0.302225,0.415527,0.649154,-0.560890,
5881,1888440611,-15.601414,-15.547971,-0.587645,1.001411,109.389343,-114.417328,0.282221,0.413493,0.660841,-0.559166,
5882,1888457278,-12.413652,-11.238006,0.924705,120.417496,130.851379,-103.034492,0.253696,0.418898,0.662534,-0.566758,
5883,1888473945,-13.768277,-7.139025,-0.542692,176.324829,119.266579,-123.234375,0.220940,0.423004,0.659694,-0.580568,
5884,1888490612,-14.652249,-1.712752,-2.028985,191.268845,98.476524,-111.045082,0.190010,0.426466,0.653338,-0.595965,
5885,1888507279,-13.644075,2.643949,-2.827238,141.385574,85.228516,-76.785614,0.166216,0.430242,0.648175,-0.605917,
5886,1888523946,-10.978052,7.056335,-1.858857,70.715027,53.201199,-41.899837,0.152865,0.432582,0.645984,-0.610092,
5887,1888540613,-4.920249,10.920231,1.283059,32.032585,25.394363,-23.142738,0.146209,0.433306,0.645343,-0.611885,
5888,1888557280,-0.843056,9.511337,3.121332,16.787348,8.245462,7.068161,0.144813,0.435005,0.643770,-0.612668,
5889,1888573947,-0.732509,9.024204,2.268045,-33.676758,-13.632974,48.898003,0.152382,0.437592,0.643558,-0.609203,
5890,1888590614,-0.165774,0.813490,2.610072,-56.742199,-26.111050,88.631180,0.166086,0.442211,0.642480,-0.603395,
5891,1888607281,1.888612,-2.979095,8.002567,-24.830288,-54.240479,90.774010,0.180514,0.445226,0.637628,-0.602181,
5892,1888623948,1.250568,-4.739141,1.725241,-167.689896,-50.888950,70.660217,0.202029,0.442695,0.646357,-0.587733,
5893,1888640615,-0.887906,-9.349466,-6.788174,-128.700409,-18.277584,45.459270,0.215696,0.441470,0.653962,-0.575253,
5894,1888657282,0.382531,-6.429986,-10.904106,-42.861458,14.939289,8.046236,0.217511,0.442059,0.657686,-0.569846,
5895,1888673949,0.921640,0.576101,-2.663779,61.721367,8.891154,5.221573,0.212929,0.445157,0.652693,-0.574884,
5896,1888690616,-1.078187,1.548070,19.204103,-23.183020,-70.222328,20.374023,0.222599,0.440405,0.651303,-0.576455,
5897,1888707283,-10.904757,-47.782944,-41.512215,-275.949280,128.161469,0.278495,0.227751,0.441734,0.678120,-0.541439,
5898,1888723950,-45.463776,7.747361,19.513203,368.736206,-21.527147,-119.224503,0.196251,0.439704,0.655172,-0.582150,
5899,1888740617,-16.098207,21.231762,-8.473141,18.067322,-39.889404,-93.668594,0.190756,0.427796,0.658616,-0.588923,
5900,1888757284,-11.960121,30.451185,0.596448,-60.400463,4.583244,58.233505,0.198867,0.431998,0.660437,-0.581080,
5901,1888773951,-18.209236,-0.220647,-2.924673,-162.043564,-22.288954,181.978836,0.226270,0.442577,0.661826,-0.561174,
5902,1888790618,-22.762247,-22.880274,-5.484403,-87.290367,-18.834869,203.874786,0.250061,0.457498,0.655056,-0.546872,
5903,1888807285,-18.174408,-16.190771,-2.421772,137.998749,-26.057268,127.185799,0.253227,0.472322,0.634624,-0.556815,
5904,1888823952,-14.811307,-0.794959,-1.613497,131.456299,-15.749139,90.425964,0.252751,0.484044,0.617219,-0.566446,
5905,1888840619,-18.666286,9.233311,-1.176589,34.918213,-34.977348,98.680466,0.261381,0.491187,0.606237,-0.568239,
5906,1888857286,-18.100651,4.664715,-4.085254,-64.127052,-60.737778,130.900665,0.281925,0.495091,0.599922,-0.561694,
5907,1888873953,-15.788869,0.031011,-4.543869,-107.842796,-81.684845,141.301544,0.308110,0.496073,0.595172,-0.552044,
5908,1888890620,-14.533225,-2.655479,-3.900310,-114.934898,-73.978783,147.518005,0.334386,0.497486,0.590396,-0.540489,
5909,1888907287,-14.234672,-9.493527,-2.735251,-107.711128,-86.004776,149.555603,0.361046,0.498053,0.583813,-0.529862,
5910,1888923954,-10.404719,-14.800200,-3.958772,-78.588623,-102.042709,157.421310,0.387250,0.499149,0.573069,-0.521999,
5911,1888940621,-5.432364,-14.601171,-3.680153,-44.653809,-95.020508,160.048294,0.410285,0.502498,0.559490,-0.515883,
5912,1888957288,-1.751653,-12.171013,-3.030595,3.906816,-81.411201,158.583435,0.428258,0.509287,0.542791,-0.512447,
5913,1888973955,1.424563,-9.287992,-3.869976,11.544071,-63.831772,154.184921,0.443681,0.517196,0.526611,-0.508271,
5914,1888990622,3.423690,-9.988255,-6.915115,-13.965444,-45.167526,130.714127,0.457637,0.522788,0.515031,-0.502003,
5915,1889007289,4.857877,-12.189327,-8.660387,-27.942440,-35.844292,91.841209,0.468975,0.525056,0.507892,-0.496413,
5916,1889023956,5.833690,-12.457063,-8.883816,-13.890445,-28.090641,37.281982,0.474662,0.524743,0.504372,-0.494926,
5917,1889040623,6.275871,-10.848591,-6.359385,19.062664,-11.100552,-6.144587,0.473442,0.524728,0.502957,-0.497544,
5918,1889057290,3.893287,-9.152004,-2.505681,53.179871,-3.760938,-24.631666,0.467722,0.526217,0.500972,-0.503351,
5919,1889073957,1.302026,-6.978792,-0.080213,98.107056,11.876306,-29.912968,0.456964,0.531443,0.497093,-0.511521,
5920,1889090624,-1.947131,-2.002816,1.235866,114.913239,16.776228,-44.805435,0.443319,0.536924,0.493305,-0.521376,
5921,1889107291,-14.798341,-0.712769,-2.977374,140.745270,55.329235,-124.502113,0.418596,0.540969,0.495983,-0.534914,
5922,1889123958,-32.110825,-1.771161,-0.530779,63.176941,54.686863,-262.051941,0.388816,0.529662,0.514871,-0.550627,
5923,1889140625,-17.407724,-5.030241,0.153379,-165.870926,6.148396,-124.300278,0.390846,0.511158,0.538092,-0.544442,
5924,1889157292,-17.850784,0.047682,-3.883781,-78.386559,17.906290,-84.317047,0.388381,0.501372,0.551754,-0.541623,
5925,1889173959,-20.445833,-5.270205,-5.244938,-262.637238,-34.683353,-175.932404,0.395877,0.469080,0.582954,-0.532365,
5926,1889190626,-21.577971,-13.340223,-3.739584,-120.500069,15.114131,-241.835526,0.383618,0.442362,0.609429,-0.534557,
5927,1889207293,-18.399517,-17.118216,0.090279,31.333008,79.030785,-185.917892,0.359798,0.433489,0.623321,-0.542316,
5928,1889223960,-18.613701,-12.440446,0.829026,122.399780,103.351326,-156.638428,0.329986,0.433523,0.628842,-0.554731,
5929,1889240627,-18.569286,-8.817499,-3.081312,118.877762,119.437950,-168.589172,0.297585,0.433096,0.635453,-0.565751,
5930,1889257294,-19.855181,-2.985734,-3.373895,138.776764,109.749504,-165.706329,0.264696,0.432465,0.639039,-0.578396,
5931,1889273961,-18.342493,1.209589,-1.252954,117.720772,82.711403,-147.955917,0.236851,0.429931,0.641547,-0.589475,
5932,1889290628,-14.639050,4.104319,-2.002546,85.499664,64.819221,-127.358658,0.214281,0.426353,0.644428,-0.597513,
5933,1889307295,-10.398685,4.644448,-1.912956,69.829781,66.052536,-97.521217,0.195054,0.424980,0.646535,-0.602778,
5934,1889323962,-7.542612,5.046296,0.118566,73.487991,55.222343,-62.987766,0.179583,0.425867,0.645663,-0.607873,
5935,1889340629,-4.104248,8.417596,-1.093239,-11.454016,43.360359,-30.292606,0.173351,0.426487,0.649857,-0.604770,
5936,1889357296,-1.865820,10.447416,1.461400,-80.838600,37.432407,-5.378498,0.174155,0.427142,0.658380,-0.594776,
5937,1889373963,0.764192,11.188890,6.573722,-37.226955,-1.692006,41.400200,0.180024,0.429946,0.659154,-0.590132,
5938,1889390630,4.605179,3.098438,2.940026,-68.065964,-27.740778,103.750053,0.195635,0.435599,0.657861,-0.582410,
5939,1889407297,3.980711,3.179675,4.683153,-114.467064,-59.980804,124.414413,0.218920,0.438957,0.657939,-0.571410,
5940,1889423964,0.250808,-1.478746,1.114004,-187.508301,-78.030235,123.770828,0.248335,0.438018,0.662938,-0.554063,
5941,1889440631,-1.184479,-9.695979,-6.598313,-142.734314,-46.350193,101.552956,0.269822,0.438693,0.666265,-0.539294,
5942,1889457298,1.216986,-11.638082,-16.882816,-90.961342,12.242102,57.572559,0.278751,0.441527,0.670325,-0.527275,
5943,1889473965,-0.119188,-7.077827,-5.980900,53.917587,34.854847,31.947803,0.274153,0.449392,0.665721,-0.528872,
5944,1889490632,0.981385,-2.748499,5.429677,194.792892,12.364173,15.910922,0.261167,0.459385,0.650131,-0.545976,
5945,1889507299,-6.759657,-24.259584,-22.774609,-206.339401,82.376297,26.885141,0.268986,0.460308,0.667707,-0.519551,
5946,1889523966,-38.471714,-12.628896,15.513580,355.251587,92.847298,-53.968349,0.231560,0.475217,0.647356,-0.549073,
5947,1889540633,-19.504206,11.990555,-1.591825,85.013847,-21.322357,-100.327103,0.219466,0.466767,0.646868,-0.561719,
5948,1889557300,-10.654984,23.323641,-3.117199,53.618912,-22.414715,10.647643,0.218625,0.467565,0.641228,-0.567816,
5949,1889573967,-12.117699,12.699883,-2.272848,-41.814499,-3.798909,147.679123,0.233798,0.479516,0.634563,-0.559229,
5950,1889590634,-18.964680,-2.282057,-4.219721,-113.359772,-19.944439,214.317902,0.260665,0.493455,0.627969,-0.542414,
5951,1889607301,-31.846233,-15.954740,-6.397010,11.292202,7.285219,192.964203,0.274156,0.511820,0.613471,-0.535289,
5952,1889623968,-18.820150,-5.101378,-3.994720,91.152725,-25.448303,143.485748,0.280580,0.526050,0.594707,-0.539326,
5953,1889640635,-15.769988,0.217372,-1.880248,58.646416,-14.140094,140.716919,0.288142,0.539313,0.578839,-0.539503,
5954,1889657302,-18.565428,1.445022,-2.109668,-14.979382,-26.942942,146.244370,0.302854,0.548696,0.567503,-0.533999,
5955,1889673969,-19.104076,0.209946,-2.545894,-79.187637,-64.297066,138.385117,0.324999,0.551404,0.559829,-0.526235,
5956,1889690636,-15.864244,-0.100618,-2.586212,-98.415497,-87.367439,142.900101,0.350681,0.551419,0.551779,-0.518172,
5957,1889707303,-13.779143,-0.280540,-3.505748,-100.101578,-91.481979,146.147629,0.376790,0.550851,0.542940,-0.509718,
5958,1889723970,-11.855215,-3.797972,-4.237574,-117.008736,-100.138802,143.991165,0.404443,0.548059,0.534573,-0.500292,
5959,1889740637,-8.799855,-8.094128,-4.091540,-113.191132,-111.021820,136.607162,0.431727,0.543618,0.525383,-0.492002,
5960,1889757304,-4.872544,-11.058885,-3.789036,-81.830215,-108.005356,115.351135,0.454439,0.539309,0.515406,-0.486817,
5961,1889773971,-2.339617,-10.188059,-3.370147,-16.955873,-83.323135,100.379021,0.468920,0.539637,0.503379,-0.485301,
5962,1889790638,-2.739203,-8.949198,-4.412082,28.962942,-52.127975,91.131996,0.476720,0.544460,0.490816,-0.485185,
5963,1889807305,-2.100590,-7.941945,-4.998090,52.599041,-29.451147,83.439903,0.480375,0.551848,0.478654,-0.485384,
5964,1889823972,-0.759006,-7.062648,-4.463550,57.036350,-15.192966,73.113716,0.481856,0.559725,0.467910,-0.485372,
5965,1889840639,1.666637,-7.750886,-4.463617,64.732399,-4.927333,41.603798,0.479714,0.566636,0.459839,-0.487184,
5966,1889857306,3.132347,-8.103905,-3.578402,72.963074,16.796854,5.293911,0.472811,0.573166,0.455638,-0.490232,
5967,1889873973,1.799036,-7.344987,-3.172420,97.641571,34.427544,-20.844704,0.460733,0.580816,0.452990,-0.495158,
5968,1889890640,0.032110,-4.402624,-2.447618,137.460144,36.055828,-41.572327,0.443531,0.589681,0.449177,-0.503784,
5969,1889907307,-0.448748,-1.141105,-1.866659,140.740295,16.365915,-65.312103,0.425377,0.595477,0.445670,-0.515599,
5970,1889923974,-2.487619,1.136649,0.635180,57.355259,-12.659060,-89.173729,0.414375,0.592164,0.448519,-0.525803,
5971,1889940641,-7.641315,1.213475,0.565561,-24.849337,-21.774883,-121.694862,0.408438,0.580905,0.459772,-0.533236,
5972,1889957308,-14.577038,0.155938,-1.661899,-21.969429,-8.212019,-167.758926,0.397584,0.567509,0.475278,-0.542194,
5973,1889973975,-21.929554,-2.575241,0.202250,-87.705544,-10.624423,-177.018051,0.391301,0.549069,0.496244,-0.546947,
5974,1889990642,-20.650501,-4.156894,-0.222817,-130.470932,1.153933,-117.353157,0.392035,0.533024,0.516144,-0.543867,
5975,1890007309,-18.659725,-2.301862,-1.906154,-81.524345,6.003521,-104.414619,0.389430,0.520846,0.531178,-0.543063,
5976,1890023976,-17.924648,-4.240345,-2.998988,-51.270206,0.057281,-135.544601,0.382370,0.507289,0.545621,-0.546582,
5977,1890040643,-17.459381,-7.727118,-4.321297,-41.725883,7.053683,-160.213074,0.371890,0.492596,0.561228,-0.551428,
5978,1890057310,-17.504314,-11.029994,-3.202178,16.990974,42.235336,-145.212082,0.355331,0.484855,0.572649,-0.557433,
5979,1890073977,-16.420815,-10.066982,-1.925038,77.884857,61.436440,-132.300568,0.333732,0.482629,0.578903,-0.566186,
5980,1890090644,-16.366413,-5.893273,-1.423176,86.835320,58.811493,-142.054596,0.310714,0.479496,0.584614,-0.575994,
5981,1890107311,-16.130621,-2.012264,-1.435638,73.157639,51.039169,-142.824860,0.289047,0.474723,0.590800,-0.584849,
5982,1890123978,-14.926424,1.121805,-1.165388,58.337631,45.895451,-127.801544,0.269967,0.469923,0.596673,-0.591839,
5983,1890140645,-12.828538,1.725674,-1.536469,46.707069,41.600304,-102.968224,0.254088,0.466269,0.601448,-0.596905,
5984,1890157312,-11.477853,1.950926,-2.272541,7.876063,40.130211,-71.851860,0.243613,0.463665,0.607289,-0.597385,
5985,1890173979,-10.409165,1.813439,-1.349083,-15.403883,22.990286,-41.806679,0.238807,0.461355,0.612456,-0.595838,
5986,1890190646,-7.746295,3.079505,-1.921476,-47.648296,11.046310,-27.614689,0.238444,0.458124,0.619010,-0.591689,
5987,1890207313,-5.364814,4.517480,0.006559,-47.463676,25.711470,-9.749680,0.238271,0.457738,0.624824,-0.585918,
5988,1890223980,-2.135887,6.132184,2.156192,-29.165623,10.743972,21.025972,0.240851,0.459487,0.626480,-0.581712,
5989,1890240647,1.027512,4.843190,2.636976,-41.593571,-0.895089,53.310371,0.248039,0.462728,0.626582,-0.575983,
5990,1890257314,2.366505,2.685705,1.752749,-99.791855,-20.205469,68.369720,0.262115,0.463529,0.629721,-0.565589,
5991,1890273981,1.236274,0.554295,-2.562439,-146.050034,-22.092415,68.596031,0.279385,0.462229,0.636300,-0.550829,
5992,1890290648,-0.423949,-5.567592,-7.233427,-96.141487,8.700557,68.186317,0.290299,0.465188,0.639888,-0.538398,
5993,1890307315,-0.390570,-9.285242,-11.015650,-14.060147,36.127731,49.385307,0.291578,0.471923,0.639359,-0.532441,
5994,1890323982,-1.902744,-9.121381,-3.684698,123.426804,89.916000,35.871529,0.277284,0.487254,0.631200,-0.535990,
5995,1890340649,-4.545523,-3.142390,9.692071,208.114456,41.213840,29.645508,0.260769,0.501269,0.614452,-0.550618,
5996,1890357316,-6.367764,-15.563125,-11.732662,-123.984261,19.018749,24.400288,0.269857,0.500115,0.623432,-0.537026,
5997,1890373983,-23.574255,-2.943835,8.222661,401.547180,114.605675,-8.291319,0.228976,0.523067,0.596256,-0.564317,
5998,1890390650,-24.599430,5.818750,-3.352142,23.653606,-2.028213,-19.825539,0.225565,0.521905,0.595966,-0.567065,
5999,1890407317,-20.983021,18.942867,-1.807749,74.628922,8.718074,44.691181,0.222655,0.528849,0.586874,-0.571249,
6000,1890423984,-15.565376,11.666395,-3.207874,-85.059578,-22.528893,129.389908,0.241660,0.535079,0.583325,-0.561271,
6001,1890440651,-14.957373,2.875045,-2.024927,-79.303070,-14.884200,172.511627,0.262936,0.545454,0.575848,-0.549314,
6002,1890457318,-17.400341,-10.494186,-4.419027,-58.352028,-16.469751,184.693726,0.283454,0.557101,0.565224,-0.538346,
6003,1890473985,-14.086956,-9.828453,-1.826667,5.322165,-25.902702,172.147003,0.298404,0.569209,0.549841,-0.533512,
6004,1890490652,-12.701620,-3.353134,-0.457229,29.939131,-20.334566,150.094879,0.308992,0.580733,0.534306,-0.530843,
6005,1890507319,-14.496198,-0.611082,-1.167140,5.984720,-32.120018,135.354324,0.321243,0.588865,0.521097,-0.527733,
6006,1890523986,-14.661520,0.183145,-2.399282,-51.846191,-48.086071,122.376732,0.338530,0.591847,0.512479,-0.521999,
6007,1890540653,-13.187488,-2.514468,-2.688557,-90.856499,-65.704117,112.415863,0.359572,0.590550,0.506571,-0.515119,
6008,1890557320,-10.838225,-6.656732,-2.466195,-106.970551,-74.723854,96.039093,0.381242,0.586209,0.502533,-0.508406,
6009,1890573987,-9.128697,-9.921885,-4.081850,-85.398758,-69.311798,83.252861,0.399552,0.582253,0.498052,-0.503276,
6010,1890590654,-6.971747,-9.530245,-5.005361,-90.393219,-65.774620,81.471504,0.417737,0.577903,0.494096,-0.497389,
6011,1890607321,-5.471246,-10.219308,-5.478373,-110.061386,-70.789330,73.392235,0.437169,0.571162,0.491723,-0.490784,
6012,1890623988,-3.401590,-11.234499,-3.834999,-95.819099,-73.713776,55.867390,0.454189,0.563624,0.489395,-0.486348,
6013,1890640655,-1.422871,-11.616740,-2.737263,-50.138069,-68.689400,25.610086,0.464845,0.557154,0.486519,-0.486621,
6014,1890657322,0.039578,-11.243702,-2.543272,-13.528083,-55.151775,-10.838679,0.468942,0.551472,0.484865,-0.490796,
6015,1890673989,1.065801,-11.909869,-2.376955,6.510203,-37.118408,-55.201519,0.466953,0.545269,0.486530,-0.497923,
6016,1890690656,1.715666,-11.625900,-2.306770,56.269241,-9.263236,-93.237282,0.456209,0.541676,0.489415,-0.508858,
6017,1890707323,-0.169297,-7.648784,-1.712095,143.925095,5.164320,-111.050697,0.435996,0.543438,0.487939,-0.525834,
6018,1890723990,-4.407451,-2.178133,-0.856860,173.632523,1.760174,-138.447250,0.411201,0.544403,0.485715,-0.546463,
6019,1890740657,-10.100628,0.628133,-0.981815,120.270248,-0.050222,-182.940292,0.386798,0.538328,0.490644,-0.565563,
6020,1890757324,-15.972753,-2.377439,0.066476,-16.844658,-22.631611,-221.583282,0.371157,0.519363,0.508093,-0.578230,
6021,1890773991,-20.981186,-4.132863,-2.068399,-100.483383,-23.922215,-210.307602,0.362460,0.496026,0.531081,-0.583556,
6022,1890790658,-23.060589,-1.501845,-3.054029,-143.687515,-20.842422,-176.122864,0.359127,0.472744,0.554823,-0.582851,
6023,1890807325,-20.890047,-1.613556,-4.286087,-150.627975,-24.285046,-161.325317,0.357414,0.449488,0.577353,-0.580416,
6024,1890823992,-18.663824,-4.460923,-3.311384,-132.855286,-11.508911,-169.135376,0.352439,0.427117,0.598965,-0.578447,
6025,1890840659,-18.335943,-6.874599,-1.242306,-98.364433,18.268978,-161.118912,0.343091,0.409339,0.618174,-0.576709,
6026,1890857326,-15.002548,-9.574658,-0.148308,-61.623894,40.786587,-130.011887,0.331924,0.397821,0.633185,-0.575017,
6027,1890873993,-11.983195,-9.219642,-0.720368,-6.085398,68.818497,-109.397430,0.316544,0.393057,0.643442,-0.575579,
6028,1890890660,-11.646756,-5.768630,-1.268752,55.043327,71.271454,-105.969933,0.297603,0.391479,0.648247,-0.581339,
6029,1890907327,-11.225038,-1.799093,-2.103644,89.197914,65.919464,-89.788658,0.278463,0.392286,0.648735,-0.589674,
6030,1890923994,-10.973311,1.885183,-2.108720,89.911926,62.739647,-61.911507,0.261866,0.395327,0.647190,-0.596901,
6031,1890940661,-10.380115,4.116457,-1.983349,58.017262,70.490074,-24.512705,0.249551,0.401242,0.646386,-0.599096,
6032,1890957328,-9.160939,5.333605,-0.613033,26.070930,65.709999,18.958588,0.243300,0.409607,0.645557,-0.596897,
6033,1890973995,-6.747848,4.128069,1.877096,42.100834,42.071945,56.723560,0.241562,0.419982,0.640167,-0.596198,
6034,1890990662,-4.077243,4.181962,2.680129,36.972614,1.428429,82.456329,0.246117,0.428985,0.632122,-0.596509,
6035,1891007329,-0.820063,4.031285,0.194074,-44.315765,-28.102234,95.895622,0.259574,0.433662,0.629104,-0.590585,
6036,1891023996,0.932943,2.091040,0.984298,-41.638885,-33.209206,94.254990,0.273125,0.437746,0.625611,-0.585145,
6037,1891040663,1.430374,0.541555,0.707165,-50.263252,-30.138920,72.245880,0.285016,0.439654,0.624244,-0.579476,
6038,1891057330,-0.077879,-2.723842,-1.613818,-128.766174,-17.981823,56.725872,0.299428,0.437791,0.630801,-0.566370,
6039,1891073997,-1.537943,-6.435354,-5.578637,-205.935364,2.958763,45.718773,0.315720,0.432981,0.644893,-0.544944,
6040,1891090664,-3.569247,-9.315128,-6.616388,-171.494461,29.909334,41.621109,0.326733,0.431151,0.657228,-0.524795,
6041,1891107331,-5.460577,-10.365671,-4.462475,8.361113,21.599724,31.314980,0.326358,0.436095,0.655853,-0.522659,
6042,1891123998,-6.484640,-29.992716,-22.111446,147.211670,146.718414,1.947611,0.302856,0.454130,0.651415,-0.526979,
6043,1891140665,-19.855175,2.660864,24.620579,496.912109,80.969139,-79.203979,0.255332,0.473369,0.620581,-0.570622,
6044,1891157332,-18.308393,14.143921,0.005150,72.158195,-1.685216,-41.533173,0.246880,0.472058,0.617557,-0.578652,
6045,1891173999,-20.245743,21.844793,0.302614,28.801945,-14.684676,89.476814,0.253559,0.479786,0.608616,-0.578880,
6046,1891190666,-19.129236,14.151912,-4.344128,-87.710922,-62.010857,160.161697,0.278388,0.485261,0.602514,-0.569211,
6047,1891207333,-20.326698,1.035751,-2.725937,-93.750450,-22.946083,173.931152,0.301140,0.494544,0.597036,-0.555241,
6048,1891224000,-19.948341,-11.981118,-2.815315,-53.415478,-36.026897,190.994965,0.323253,0.505604,0.585999,-0.544500,
6049,1891240667,-12.500350,-12.005200,-2.410332,36.544312,-33.257221,176.999908,0.337155,0.519528,0.568544,-0.541458,
6050,1891257334,-13.439743,-5.848437,-1.083402,52.169270,-18.686171,143.758362,0.345854,0.532308,0.552746,-0.539915,
6051,1891274001,-15.162539,-2.785836,-1.287548,18.651480,-32.228634,125.298676,0.356641,0.540629,0.540095,-0.537427,
6052,1891290668,-15.115929,-0.086204,-2.428110,-29.643120,-44.633553,118.806595,0.371567,0.544776,0.530895,-0.532269,
6053,1891307335,-13.816169,0.762419,-2.292871,-72.226952,-54.332390,114.443123,0.390130,0.545318,0.524602,-0.524615,
6054,1891324002,-12.480238,-3.357013,-2.141816,-96.458527,-71.092461,101.512177,0.410721,0.541958,0.519982,-0.516924,
6055,1891340669,-10.312836,-9.463059,-4.825573,-100.057777,-79.942375,99.004494,0.431857,0.537240,0.515024,-0.509534,
6056,1891357336,-6.625487,-9.040375,-4.689543,-85.409286,-73.753242,104.519836,0.451568,0.534033,0.508672,-0.502146,
6057,1891374003,-6.198864,-7.500151,-4.125728,-89.960556,-74.142738,97.077187,0.470896,0.529688,0.502957,-0.494696,
6058,1891390670,-6.328341,-6.994699,-2.467882,-85.629410,-79.441223,83.584229,0.489092,0.524029,0.497379,-0.488670,
6059,1891407337,-4.509167,-9.035485,-1.821222,-66.670395,-81.228584,61.191814,0.504200,0.517778,0.491851,-0.485565,
6060,1891424004,-0.204899,-11.526608,-4.281482,-27.243683,-55.053360,23.650532,0.511715,0.513479,0.488188,-0.485967,
6061,1891440671,3.509519,-12.194391,-5.138636,26.219816,-4.257855,-9.714529,0.509243,0.514351,0.486994,-0.488829,
6062,1891457338,6.108907,-12.857660,-4.420426,91.025963,41.051998,-35.384716,0.496823,0.521361,0.486408,-0.494732,
6063,1891474005,5.608903,-11.644320,-1.488899,170.783493,72.732155,-65.309555,0.473697,0.534019,0.484386,-0.505775,
6064,1891490672,0.841611,-7.408613,-1.056140,194.546799,63.312588,-95.671036,0.446706,0.544972,0.481864,-0.520835,
6065,1891507339,-4.210016,-2.649037,-1.841846,159.669373,34.075115,-120.709686,0.422193,0.549156,0.481599,-0.536885,
6066,1891524006,-10.770520,0.577293,-3.870481,108.056358,24.031340,-141.288162,0.400567,0.547516,0.486014,-0.550968,
6067,1891540673,-19.815720,0.582888,-2.602436,48.307907,20.529587,-173.899841,0.381054,0.539428,0.497269,-0.562620,
6068,1891557340,-20.532167,-1.279660,0.879698,-85.708527,-18.368660,-186.138840,0.373557,0.519410,0.517892,-0.567855,
6069,1891574007,-17.912153,-2.285601,0.553295,-95.702377,1.906366,-155.487900,0.367516,0.502408,0.537704,-0.568678,
6070,1891590674,-18.752239,-2.097199,-0.644354,-95.289352,-0.064475,-161.009476,0.360872,0.484464,0.557384,-0.569553,
6071,1891607341,-19.569748,-5.393890,-2.685124,-101.069092,-1.675465,-186.717133,0.352326,0.463583,0.578789,-0.570932,
6072,1891624008,-20.326303,-8.183557,-3.213148,-66.038597,15.806491,-183.294250,0.339915,0.445821,0.597431,-0.573393,
6073,1891640675,-18.054775,-7.860054,-2.936665,-63.078247,32.722794,-153.038910,0.328120,0.431924,0.614273,-0.573107,
6074,1891657342,-15.853136,-8.018627,-2.249669,-52.718590,58.019398,-130.045990,0.315147,0.422442,0.629670,-0.570739,
6075,1891674009,-14.193498,-6.434407,-0.507901,7.973458,62.374722,-117.436157,0.298954,0.417070,0.639176,-0.572831,
6076,1891690676,-12.740083,-3.686198,-0.075095,51.794952,55.171135,-115.752350,0.280793,0.412994,0.644361,-0.579131,
6077,1891707343,-12.353104,-0.754302,-0.918039,79.101173,57.903702,-97.470039,0.262161,0.411807,0.645993,-0.586842,
6078,1891724010,-11.397262,0.683967,-2.961491,62.991085,57.380119,-68.925125,0.246892,0.412504,0.647054,-0.591785,
6079,1891740677,-10.843280,1.452291,-2.395437,49.738934,52.682274,-35.157654,0.235718,0.415418,0.646930,-0.594431,
6080,1891757344,-8.699947,3.676248,-1.053030,25.850563,42.586784,-9.835097,0.229104,0.418983,0.646932,-0.594513,
6081,1891774011,-6.284753,4.589556,-0.271132,-21.970873,38.418282,16.189562,0.228036,0.423022,0.649310,-0.589451,
6082,1891790678,-3.859314,4.795522,3.228155,5.838603,15.376996,54.199886,0.230680,0.429574,0.646163,-0.587137,
6083,1891807345,0.176765,4.964319,2.821528,-5.206378,-31.071678,65.824699,0.239353,0.432844,0.641618,-0.586247,
6084,1891824012,2.939697,6.394888,-0.465483,-101.652306,-46.020081,59.447365,0.254896,0.430792,0.645034,-0.577390,
6085,1891840679,-0.382045,2.300220,-0.050903,-150.186462,-21.889488,65.404915,0.271600,0.429330,0.652753,-0.561984,
6086,1891857346,-2.466264,-5.010139,-1.034831,-160.659775,-20.740160,51.096157,0.287518,0.425934,0.661877,-0.545743,
6087,1891874013,-1.436226,-9.103921,-10.866126,-173.716019,-5.765728,28.463923,0.300823,0.420730,0.673645,-0.527917,
6088,1891890680,-2.008228,-9.971862,-9.207819,-22.797066,54.357521,24.371315,0.298576,0.426187,0.676457,-0.521177,
6089,1891907347,-2.041106,-5.625617,3.683794,177.073929,48.425495,21.668270,0.284197,0.439434,0.663759,-0.534375,
6090,1891924014,-4.216625,-5.333610,4.280455,57.352901,8.939904,20.979198,0.281113,0.444423,0.658511,-0.538358,
6091,1891940681,-10.136640,-29.994747,-16.674892,124.905457,147.689667,-8.038213,0.257982,0.460063,0.655234,-0.540794,
6092,1891957348,-21.635975,5.753253,10.600495,269.724915,6.861277,-63.020058,0.233944,0.464263,0.638177,-0.567859,
6093,1891974015,-22.806320,12.176590,-5.586257,137.947632,22.915308,-27.987387,0.219967,0.468083,0.629524,-0.579841,
6094,1891990682,-18.893192,24.315544,-0.658539,-4.989735,-3.345414,92.297737,0.228205,0.475990,0.623704,-0.576500,
6095,1892007349,-19.328028,8.451048,-4.384935,-68.742035,-2.911043,179.024292,0.247985,0.489461,0.616943,-0.564194,
6096,1892024016,-21.422049,-5.125708,-3.751008,-100.402931,-11.004826,197.312531,0.272025,0.502328,0.610630,-0.548455,
6097,1892040683,-18.341799,-12.860809,-3.568620,-7.792232,-18.744089,188.791626,0.289066,0.517037,0.596702,-0.541353,
6098,1892057350,-14.303214,-5.435920,-1.953357,69.729156,-9.174742,172.155838,0.297924,0.533935,0.577885,-0.540561,
6099,1892074017,-15.223162,-0.691522,-0.773699,27.176678,-24.965006,160.422745,0.310301,0.546421,0.562270,-0.537580,
6100,1892090684,-16.842901,-2.267020,-1.135828,-43.763474,-46.909576,147.881424,0.328959,0.552662,0.551897,-0.530813,
6101,1892107351,-16.637983,-3.212674,-1.579654,-96.378578,-71.532219,135.858536,0.352693,0.553181,0.545036,-0.522051,
6102,1892124018,-14.345110,-4.572556,-2.065906,-90.189873,-85.887444,124.442482,0.375965,0.551653,0.537521,-0.515172,
6103,1892140685,-11.096016,-6.655815,-2.840301,-80.487122,-96.708885,101.670959,0.397374,0.547736,0.530195,-0.510858,
6104,1892157352,-8.180366,-8.971947,-4.477580,-87.476822,-98.486000,84.979271,0.418025,0.541704,0.524334,-0.506841,
6105,1892174019,-4.725298,-11.216386,-5.857021,-85.945457,-90.272774,79.261246,0.437304,0.535672,0.519057,-0.502397,
6106,1892190686,-2.077809,-11.324657,-5.472674,-93.653038,-75.072769,81.357292,0.455992,0.530177,0.514917,-0.495830,
6107,1892207353,-1.874169,-10.547806,-4.600086,-72.268913,-64.213509,75.893883,0.471649,0.526275,0.510183,-0.490202,
6108,1892224020,-1.182344,-8.784751,-4.079972,-62.050522,-63.687443,57.077953,0.485014,0.521570,0.506059,-0.486450,
6109,1892240687,1.559445,-10.805202,-4.243011,-31.526445,-50.166855,23.086834,0.492585,0.517391,0.503230,-0.486241,
6110,1892257354,4.561436,-13.963719,-4.121593,41.949436,-15.979321,-13.429160,0.489508,0.518186,0.500371,-0.491423,
6111,1892274021,4.969351,-12.994130,-3.407255,124.733093,17.808743,-49.142296,0.475074,0.524579,0.496586,-0.502520,
6112,1892290688,1.342676,-8.555277,-1.464064,196.449173,38.401257,-84.360870,0.450779,0.534521,0.491329,-0.519311,
6113,1892307355,-2.421645,-4.104678,0.268337,199.557114,22.757795,-107.457642,0.425141,0.541276,0.486092,-0.538510,
6114,1892324022,-4.551511,-1.267947,-0.191152,120.406731,-8.124798,-127.689430,0.405958,0.538811,0.486310,-0.555326,
6115,1892340689,-9.352898,0.015986,-2.971234,53.850838,-7.359751,-158.026566,0.389231,0.529994,0.494021,-0.568817,
6116,1892357356,-21.247999,-1.204595,-5.926715,54.291832,14.708601,-220.634644,0.365375,0.518078,0.507346,-0.583694,
6117,1892374023,-26.755848,-4.414351,-0.757616,-93.816574,-30.931911,-214.973373,0.356103,0.494239,0.529806,-0.590107,
6118,1892390690,-16.854538,-4.105465,-1.637746,-112.215996,1.549274,-146.557388,0.351177,0.477027,0.550099,-0.588654,
6119,1892407357,-18.829088,-1.313053,-1.878688,-136.060303,8.602329,-156.834671,0.346170,0.457983,0.573048,-0.584839,
6120,1892424024,-19.262121,-3.919492,-3.435899,-161.461639,1.063286,-192.760254,0.340033,0.433505,0.599514,-0.580549,
6121,1892440691,-18.918512,-6.721223,-2.756235,-122.646362,12.055877,-188.120544,0.330466,0.411749,0.622223,-0.578011,
6122,1892457358,-15.586272,-11.096326,-0.420105,-69.344460,61.456787,-126.784721,0.318126,0.401922,0.638649,-0.573920,
6123,1892474025,-11.911001,-11.643593,-1.390823,1.983469,90.592773,-101.997261,0.300828,0.399941,0.648722,-0.573335,
6124,1892490692,-11.766198,-8.289559,-2.278550,97.656601,91.349808,-108.244804,0.277217,0.401410,0.650876,-0.581708,
6125,1892507359,-12.600766,-3.308859,-2.786599,154.979568,76.232422,-100.409309,0.252149,0.404354,0.646631,-0.595643,
6126,1892524026,-12.544783,1.755806,-3.134823,129.482742,78.863190,-75.226097,0.230330,0.408665,0.642737,-0.605667,
6127,1892540693,-12.149354,5.459995,-2.383562,86.422226,76.964157,-43.838875,0.213905,0.414111,0.640405,-0.610443,
6128,1892557360,-9.784634,6.692285,-1.132036,42.687668,61.847836,-15.191910,0.204018,0.419429,0.639615,-0.611025,
6129,1892574027,-6.735651,5.786136,1.973728,65.173935,50.957153,10.786009,0.196056,0.426808,0.634829,-0.613508,
6130,1892590694,-5.098630,3.364526,0.810621,-8.412816,29.411711,51.762646,0.198288,0.433903,0.633379,-0.609297,
6131,1892607361,-2.921419,0.963527,0.991291,-11.480292,0.329163,80.942764,0.205959,0.440975,0.629454,-0.605733,
6132,1892624028,-0.813857,2.720019,0.192016,-22.560045,-26.810276,87.799286,0.217397,0.445882,0.625151,-0.602592,
6133,1892640695,-0.911740,2.833879,0.593228,-22.555265,-35.924232,82.740044,0.229180,0.449450,0.620774,-0.600095,
6134,1892657362,-1.685457,0.117228,0.945731,-57.583237,-20.262218,71.084991,0.240782,0.452084,0.620626,-0.593691,
6135,1892674029,-3.011152,-3.870616,-0.631330,-127.598442,-3.042931,54.574162,0.253936,0.452130,0.628029,-0.580239,
6136,1892690696,-3.432019,-6.519629,-5.758784,-169.113220,24.678629,38.637512,0.265807,0.451285,0.640672,-0.561454,
6137,1892707363,-4.029140,-4.899265,-5.092604,-28.153858,18.740879,38.918385,0.268908,0.455271,0.641331,-0.555980,
6138,1892724030,-3.981526,-2.546157,2.406672,22.419039,5.040723,46.513199,0.270536,0.460810,0.636828,-0.555803,
6139,1892740697,-5.119901,-27.690647,-19.016760,-121.097862,51.212696,19.744795,0.275285,0.461855,0.647398,-0.540173,
6140,1892757364,-22.716818,1.642900,21.139933,334.923492,47.742729,-32.739662,0.245222,0.475287,0.624629,-0.569043,
6141,1892774031,-22.705799,4.522669,-2.962895,10.720173,-12.860151,-17.133394,0.244061,0.472979,0.624674,-0.571411,
6142,1892790698,-19.403511,18.019449,1.889934,27.372156,-32.040997,58.436436,0.249766,0.476509,0.617417,-0.573895,
6143,1892807365,-17.097229,10.117861,-2.953861,-89.683464,-47.956669,130.183838,0.270922,0.480743,0.614169,-0.564169,
6144,1892824032,-17.200655,0.854503,-3.470902,-116.126740,-56.701351,167.619217,0.297577,0.486200,0.609664,-0.550791,
6145,1892840699,-18.052008,-11.201629,-3.936037,-66.544762,-45.879955,180.560440,0.320545,0.495391,0.600203,-0.539998,
6146,1892857366,-13.495930,-11.098321,-2.283795,24.583574,-37.211246,173.947189,0.335432,0.508565,0.584020,-0.536443,
6147,1892874033,-12.818205,-5.070048,-1.479390,35.471138,-26.042957,141.843674,0.345871,0.520127,0.569579,-0.534251,
6148,1892890700,-13.589045,-3.266430,-1.661370,25.368052,-31.826578,125.056732,0.356109,0.529130,0.556670,-0.532287,
6149,1892907367,-13.900509,-2.529042,-2.137745,-0.321677,-41.540398,125.725739,0.369034,0.535915,0.544995,-0.528765,
6150,1892924034,-13.691757,-0.719491,-1.203656,-4.430452,-45.329914,131.002914,0.382845,0.542402,0.532815,-0.524730,
6151,1892940701,-12.991662,-3.530831,-0.909644,-35.869183,-58.854771,123.844063,0.399483,0.545332,0.522628,-0.519509,
6152,1892957368,-10.022067,-9.183787,-4.510833,-47.304394,-63.175568,112.019249,0.416301,0.546152,0.513781,-0.514241,
6153,1892974035,-6.146898,-10.572495,-5.089772,-49.376144,-57.573215,106.405724,0.432289,0.546642,0.505685,-0.508522,
6154,1892990702,-4.778131,-10.171953,-5.329396,-44.329380,-53.226711,87.490387,0.446023,0.546211,0.498841,-0.503863,
6155,1893007369,-5.281730,-8.982477,-4.275818,-40.797623,-53.539997,74.537086,0.458443,0.544919,0.492632,-0.500209,
6156,1893024036,-5.182090,-8.005190,-2.773620,-26.571342,-57.192413,60.440262,0.468887,0.543200,0.486174,-0.498714,
6157,1893040703,-2.576647,-8.769536,-2.140251,-28.054752,-52.551365,27.159174,0.476647,0.539297,0.482712,-0.498957,
6158,1893057370,1.522136,-11.042707,-3.069395,-3.800757,-25.611626,-14.842029,0.477538,0.536052,0.482628,-0.501676,
6159,1893074037,3.986947,-10.772125,-3.449666,53.379871,19.326273,-40.563168,0.468908,0.538217,0.483470,-0.506663,
6160,1893090704,3.045268,-8.257433,-2.182256,99.688026,43.259228,-59.101341,0.453501,0.543884,0.483882,-0.514188,
6161,1893107371,0.791221,-5.900974,-2.004813,118.616562,40.240311,-78.445862,0.435181,0.548996,0.484018,-0.524357,
6162,1893124038,-1.733510,-4.072580,-2.556153,101.301712,26.551313,-97.979454,0.417520,0.550343,0.485951,-0.535400,
6163,1893140705,-6.413644,-1.958906,-3.096213,65.465881,22.438387,-113.893684,0.401606,0.547844,0.491499,-0.544987,
6164,1893157372,-17.161877,-1.752914,-5.055974,87.899719,48.822468,-150.330276,0.378914,0.545844,0.499447,-0.555908,
6165,1893174039,-23.839283,-3.156899,-0.093871,-1.173656,10.287448,-195.853470,0.362121,0.532099,0.515705,-0.565500,
6166,1893190706,-17.494989,-4.340437,1.181777,-34.456970,27.590767,-162.202148,0.349114,0.520163,0.532637,-0.569079,
6167,1893207373,-18.649893,-1.031125,1.028339,-21.212543,31.772268,-152.455780,0.335387,0.509703,0.547642,-0.572547,
6168,1893224040,-19.446663,-2.173160,-1.396236,-75.571289,5.854530,-185.841583,0.324741,0.491417,0.567998,-0.574833,
6169,1893240707,-20.026875,-4.734806,-2.898312,-82.105034,-3.308628,-202.275070,0.313639,0.470236,0.589104,-0.577466,
6170,1893257374,-18.138409,-6.235960,-1.926912,-90.777794,5.887570,-167.351730,0.304991,0.451999,0.608438,-0.576613,
6171,1893274041,-14.072282,-7.873446,-1.921872,-83.885391,28.680231,-125.012680,0.297228,0.439434,0.625029,-0.572621,
6172,1893290708,-12.475371,-6.834788,-0.555834,-26.041430,37.369350,-120.537651,0.285220,0.430307,0.636621,-0.572888,
6173,1893307375,-12.219150,-4.562283,-0.669427,29.442074,28.304625,-118.803680,0.270624,0.422736,0.642881,-0.578587,
6174,1893324042,-11.807481,-1.175622,-1.549504,44.450497,27.586868,-100.785721,0.256605,0.417248,0.646542,-0.584845,
6175,1893340709,-11.407623,0.559347,-3.232223,16.502857,32.840218,-69.370934,0.246407,0.414033,0.650735,-0.586862,
6176,1893357376,-10.650753,1.755582,-3.420043,9.416135,25.478203,-36.321228,0.240133,0.413027,0.653219,-0.587412,
6177,1893374043,-8.738953,3.664425,-3.909000,-19.665661,21.601904,-10.678007,0.238159,0.413097,0.656488,-0.584514,
6178,1893390710,-8.224615,2.523091,-0.278057,-0.438505,36.377815,16.996227,0.235966,0.417721,0.656953,-0.581588,
6179,1893407377,-6.387934,1.756644,3.710113,29.502863,9.920578,37.081619,0.236173,0.423039,0.652728,-0.582416,
6180,1893424044,-2.348050,5.134347,1.976332,0.743299,-29.303503,62.079708,0.243976,0.426389,0.648007,-0.582029,
6181,1893440711,1.091863,6.400834,-1.067432,-65.078720,-33.117298,78.957848,0.257609,0.428601,0.647566,-0.574978,
6182,1893457378,0.429590,3.925243,-0.807189,-71.059616,-23.388147,72.934387,0.270137,0.430736,0.648214,-0.566847,
6183,1893474045,-1.243048,-1.665820,-3.951561,-121.481789,-25.639290,61.463028,0.285003,0.429487,0.653442,-0.554374,
6184,1893490712,-1.421107,-6.868856,-7.119453,-165.680847,-6.675590,53.925583,0.300070,0.426993,0.663148,-0.536537,
6185,1893507379,-2.953767,-10.444362,-6.066127,-104.723091,22.694590,51.355358,0.308176,0.429000,0.669228,-0.522613,
6186,1893524046,-3.594581,-7.360085,0.684950,129.180008,40.771420,41.663261,0.299078,0.441767,0.658704,-0.530573,
6187,1893540713,-6.096070,-3.242797,6.777380,124.597054,20.405916,32.043335,0.291366,0.451669,0.648011,-0.539617,
6188,1893557380,-14.006586,-29.958006,-22.320667,-128.918427,74.204987,21.967436,0.294325,0.453910,0.659883,-0.521437,
6189,1893574047,-23.269648,3.131624,19.908304,348.967407,18.249578,-51.747288,0.265061,0.464576,0.636969,-0.555144,
6190,1893590714,-18.781345,11.263402,-4.724907,31.620228,-39.258972,-43.787071,0.262844,0.458471,0.636041,-0.562292,
6191,1893607381,-15.551244,23.135609,-0.797333,31.933567,-6.985040,70.892982,0.266975,0.465582,0.628602,-0.562868,
6192,1893624048,-17.681376,11.164814,-2.830621,-81.198830,-34.217976,165.247253,0.288872,0.474500,0.622706,-0.551038,
6193,1893640715,-18.454929,-7.908915,-4.091489,-121.667770,-43.063797,192.734192,0.316299,0.483059,0.617203,-0.534484,
6194,1893657382,-14.777576,-17.457907,-3.309510,10.435116,-32.192768,186.965759,0.332725,0.497567,0.601755,-0.528786,
6195,1893674049,-9.892851,-9.397820,-1.128250,80.943657,-12.266419,169.742813,0.340731,0.515140,0.582649,-0.528258,
6196,1893690716,-13.365486,-2.610380,-0.261090,89.966400,-9.088473,143.558838,0.345551,0.530841,0.564580,-0.529201,
6197,1893707383,-15.755857,1.168290,-1.152093,42.624329,-27.269567,124.582390,0.353892,0.540949,0.550432,-0.528358,
6198,1893724050,-15.172215,3.476899,-1.296148,-36.008923,-47.154793,121.991783,0.369680,0.545070,0.541298,-0.522719,
6199,1893740717,-14.518549,1.067201,-1.564653,-107.066048,-66.727913,112.604179,0.391748,0.542877,0.536991,-0.513285,
6200,1893757384,-12.725644,-6.691043,-2.958950,-156.320724,-89.566704,95.407471,0.417915,0.534430,0.536020,-0.502410,
6201,1893774051,-8.222303,-13.487816,-6.120765,-155.863190,-105.470604,90.447983,0.444548,0.523983,0.533955,-0.492660,
6202,1893790718,-3.835486,-12.252134,-6.965315,-106.585052,-85.076332,97.979614,0.466044,0.518370,0.528704,-0.484325,
6203,1893807385,-3.621935,-9.797328,-5.520429,-71.647881,-68.622971,97.783257,0.483392,0.516010,0.521862,-0.477209,
6204,1893824052,-2.803906,-9.257899,-3.668303,-50.030659,-64.947929,80.308708,0.497461,0.513923,0.514915,-0.472526,
6205,1893840719,-1.023159,-10.370979,-3.594224,-13.098352,-43.497246,49.848881,0.504976,0.513607,0.509168,-0.471125,
6206,1893857386,1.052991,-11.906474,-5.442841,45.253075,-6.713107,18.153507,0.503199,0.517712,0.504458,-0.473593,
6207,1893874053,3.083440,-12.915719,-5.246574,111.717255,25.891331,-11.209730,0.491916,0.526687,0.499688,-0.480556,
6208,1893890720,4.806455,-13.189119,-4.570992,172.686584,61.561821,-37.727100,0.471265,0.540319,0.494988,-0.490870,
6209,1893907387,1.657162,-9.190950,-3.097591,237.223862,82.034279,-71.959572,0.441111,0.556778,0.489237,-0.506033,
6210,1893924054,-3.199716,-2.127294,-1.837936,229.787750,52.032574,-106.310295,0.410533,0.567311,0.484193,-0.524577,
6211,1893940721,-8.443224,2.679671,-2.230508,165.147751,23.035450,-149.387283,0.383532,0.568035,0.485302,-0.542885,
6212,1893957388,-19.052706,1.657799,-5.886670,138.999374,35.589802,-214.431992,0.352195,0.562997,0.493944,-0.561262,
6213,1893974055,-26.914692,-3.071989,0.776346,-57.547459,-22.868353,-234.128128,0.339070,0.540954,0.516585,-0.570564,
6214,1893990722,-18.073284,-4.434726,-0.408294,-110.141068,-13.818807,-162.360184,0.335002,0.521894,0.537850,-0.571069,
6215,1894007389,-19.208990,0.158846,-0.619144,-97.686058,4.862243,-152.268494,0.329109,0.505379,0.557813,-0.570199,
6216,1894024056,-19.677343,-1.980603,-2.614200,-125.240509,-15.626840,-190.456604,0.323438,0.482289,0.581374,-0.569906,
6217,1894040723,-18.778728,-5.614951,-4.192389,-98.244926,-5.512779,-206.285995,0.313345,0.459429,0.603632,-0.571289,
6218,1894057390,-17.901110,-8.108511,-2.663898,-57.805805,31.035730,-158.201370,0.301060,0.445265,0.620454,-0.571087,
6219,1894074057,-13.766671,-9.144463,-3.200844,-29.935760,57.418411,-130.889038,0.286693,0.436733,0.634008,-0.570183,
6220,1894090724,-13.022830,-7.411462,-2.066058,29.471348,68.659012,-131.333618,0.267342,0.431360,0.642829,-0.573787,
6221,1894107391,-12.730539,-3.910462,-0.386095,93.909843,49.135635,-131.263580,0.245632,0.426631,0.645153,-0.584321,
6222,1894124058,-11.059679,1.431014,-1.645979,75.067772,42.367390,-116.636681,0.226840,0.421799,0.647586,-0.592675,
6223,1894140725,-10.025727,4.680908,-3.324422,28.792219,53.332741,-84.125465,0.212580,0.419305,0.652152,-0.594722,
6224,1894157392,-8.780874,5.489653,-1.841488,16.023787,58.302681,-36.404533,0.202721,0.421302,0.654953,-0.593674,
6225,1894174059,-6.617815,3.801702,-0.055477,42.980118,57.070438,9.731511,0.195292,0.428338,0.652489,-0.593843,
6226,1894190726,-5.440882,2.665224,2.553053,76.947197,35.033836,48.842579,0.191187,0.438082,0.643927,-0.597405,
6227,1894207393,-3.954057,1.971864,1.412111,29.894430,-8.787413,81.149559,0.196960,0.445660,0.636062,-0.598349,
6228,1894224060,-1.391633,4.853793,-2.112601,-30.377407,-33.263042,99.251488,0.210442,0.450968,0.631440,-0.594667,
6229,1894240727,-0.757577,6.279875,1.669745,-10.668384,-24.124321,103.047112,0.222071,0.457911,0.624994,-0.591936,
6230,1894257394,-0.880798,2.793048,3.528006,-22.016758,-13.650106,88.598282,0.232216,0.463984,0.620696,-0.587821,
6231,1894274061,-2.291504,-1.822433,-3.091491,-152.350311,-21.157703,82.010956,0.251176,0.464228,0.627477,-0.572431,
6232,1894290728,-3.344174,-5.580103,-5.454207,-194.988556,-15.003433,79.440659,0.272039,0.462826,0.637708,-0.552376,
6233,1894307395,-5.583421,-13.508925,-6.308048,-227.319565,-51.185287,59.329292,0.296520,0.454870,0.649768,-0.531954,
6234,1894324062,-8.288867,-32.972221,-24.387156,235.858566,149.448059,-13.368055,0.265355,0.474880,0.638525,-0.544394,
6235,1894340729,-19.035387,11.158310,20.200830,248.612885,24.455894,-77.804893,0.239392,0.478765,0.624918,-0.568292,
6236,1894357396,-21.143618,9.962280,-2.021991,7.368276,-8.698504,14.260072,0.240679,0.479533,0.623221,-0.568964,
6237,1894374063,-18.444378,11.434948,3.534799,18.923237,-25.012093,146.091309,0.253498,0.491196,0.610655,-0.567071,
6238,1894390730,-16.688299,5.092963,-2.848202,-15.382551,-49.644287,143.803757,0.270652,0.499130,0.599880,-0.563706,
6239,1894407397,-16.379667,-3.750098,-4.059202,7.724231,-25.713856,146.040253,0.284101,0.509897,0.587706,-0.560264,
6240,1894424064,-15.983809,-3.275319,-2.283674,20.588600,-17.060707,172.426239,0.297853,0.523879,0.572564,-0.555885,
6241,1894440731,-14.767427,-3.043238,-3.503325,46.943394,-6.749737,166.574966,0.308078,0.539021,0.555824,-0.552818,
6242,1894457398,-14.447887,-3.277752,-1.984200,0.440644,-15.795905,149.429382,0.321133,0.549672,0.543458,-0.547166,
6243,1894474065,-15.042131,-4.977218,-2.364555,-41.128632,-30.429729,144.587753,0.338130,0.556571,0.533842,-0.539363,
6244,1894490732,-14.425184,-4.392253,-1.976880,-67.892090,-40.891087,138.503815,0.357455,0.560576,0.526032,-0.530354,
6245,1894507399,-12.547286,-2.501793,-1.104527,-59.665527,-49.110695,124.859779,0.375510,0.563055,0.518014,-0.523093,
6246,1894524066,-10.933249,-3.177767,-2.016447,-59.076199,-56.876434,103.402267,0.392317,0.563130,0.511073,-0.517473,
6247,1894540733,-9.446860,-5.640929,-3.549023,-83.172195,-58.653786,94.502129,0.410409,0.560820,0.506378,-0.510519,
6248,1894557400,-8.269027,-7.891991,-3.901473,-94.875397,-59.225296,97.103218,0.429512,0.557717,0.502089,-0.502375,
6249,1894574067,-6.620245,-8.662407,-4.829934,-76.816101,-59.780159,100.746735,0.447269,0.555725,0.495935,-0.495149,
6250,1894590734,-6.009703,-8.445348,-3.815976,-49.797630,-62.467716,97.477722,0.462632,0.554854,0.487743,-0.490121,
6251,1894607401,-5.345769,-9.167001,-2.942912,-20.840395,-62.080021,85.632019,0.474652,0.554962,0.478332,-0.487775,
6252,1894624068,-3.667923,-9.264490,-3.290211,-2.349714,-51.265930,64.073677,0.482807,0.555508,0.470009,-0.487240,
6253,1894640735,-0.009166,-10.076690,-4.115325,20.460045,-27.750248,30.815948,0.485109,0.556998,0.464369,-0.488658,
6254,1894657402,3.132272,-11.903844,-3.947712,60.591717,1.241522,-7.747021,0.479429,0.560742,0.461022,-0.493132,
6255,1894674069,5.276066,-13.421685,-3.537480,91.274048,20.876001,-44.183022,0.467240,0.565503,0.459748,-0.500528,
6256,1894690736,4.125198,-11.811497,-3.257927,141.192383,42.762020,-74.430298,0.447088,0.572997,0.458633,-0.511318,
6257,1894707403,-0.678453,-5.317262,-2.185278,176.026550,34.864262,-99.283333,0.422382,0.580087,0.456150,-0.526330,
6258,1894724070,-6.079504,0.537508,-1.116617,148.931915,13.411612,-135.413239,0.398245,0.580962,0.457073,-0.543113,
6259,1894740737,-15.171047,2.114397,-3.898159,147.272690,21.829214,-195.330292,0.368531,0.577799,0.463183,-0.561959,
6260,1894757404,-27.776670,-1.585318,0.929526,-23.076546,-11.905701,-242.962448,0.351038,0.558802,0.484814,-0.573996,
6261,1894774071,-19.815134,-2.923660,0.391581,-156.102402,-32.312386,-174.300613,0.351091,0.535459,0.510327,-0.574098,
6262,1894790738,-19.583338,0.925019,-0.755308,-143.794220,-10.212184,-143.486542,0.350752,0.516318,0.533010,-0.571221,
6263,1894807405,-19.740643,-1.904373,-2.185393,-156.479279,-29.243963,-170.838654,0.350209,0.492299,0.557280,-0.569595,
6264,1894824072,-19.292738,-5.849213,-2.958850,-104.865631,-30.253559,-195.718109,0.343600,0.468257,0.578378,-0.572850,
6265,1894840739,-18.104389,-9.294630,-2.241464,-58.085220,4.919580,-170.813751,0.332616,0.451160,0.595127,-0.575890,
6266,1894857406,-15.154482,-10.767248,-2.883594,-29.709230,43.505310,-132.308395,0.319463,0.441741,0.608501,-0.576662,
6267,1894874073,-14.361588,-8.902072,-2.508982,30.583046,71.247131,-133.035645,0.299768,0.437174,0.617864,-0.580747,
6268,1894890740,-15.421800,-3.966154,-1.378720,83.176056,47.264549,-134.910141,0.278560,0.432464,0.621518,-0.590845,
6269,1894907407,-13.865746,1.036136,-0.901688,70.826614,33.606426,-121.554962,0.260368,0.427064,0.624518,-0.599838,
6270,1894924074,-12.221248,5.761605,-3.674707,-12.483486,42.465240,-98.106285,0.248502,0.421263,0.633443,-0.599614,
6271,1894940741,-10.328644,6.784408,-3.138308,-35.722916,43.730526,-57.868683,0.241406,0.418358,0.641848,-0.595595,
6272,1894957408,-7.267273,5.816926,0.595241,-10.847004,49.941528,-7.531575,0.236555,0.421525,0.645186,-0.591690,
6273,1894974075,-5.929089,3.228298,2.193782,48.758728,44.005558,35.195385,0.232267,0.430205,0.640512,-0.592219,
6274,1894990742,-3.903147,3.338478,1.910831,41.772110,6.469270,64.788452,0.234436,0.438123,0.633242,-0.593376,
6275,1895007409,-1.051252,5.555786,0.208794,-34.253891,-28.211151,80.475639,0.245965,0.441837,0.630257,-0.589118,
6276,1895024076,0.527667,6.414661,2.022835,-84.974083,-29.171701,90.153625,0.261609,0.444429,0.630799,-0.579775,
6277,1895040743,0.590671,1.015386,4.048519,-61.561111,-27.203634,81.161011,0.274728,0.447127,0.629842,-0.572630,
6278,1895057410,0.327746,-4.295738,-3.480006,-161.511993,-36.199257,58.361591,0.293151,0.442796,0.638052,-0.557573,
6279,1895074077,-0.490011,-7.467226,-9.945665,-146.874832,-2.633769,46.233959,0.306363,0.440428,0.646920,-0.541907,
6280,1895090744,-1.914501,-7.945517,-3.693668,-16.608252,38.812771,36.958199,0.306508,0.446132,0.647780,-0.536099,
6281,1895107411,-4.509257,-4.983227,1.646718,43.977772,17.968584,24.442335,0.303689,0.451705,0.643761,-0.537877,
6282,1895124078,-11.529039,-30.863184,-26.925266,-72.812294,99.434349,7.940204,0.299565,0.456857,0.653435,-0.523994,
6283,1895140745,-30.039869,1.345710,26.993053,444.100616,76.386414,-79.885551,0.255898,0.473327,0.627019,-0.563319,
6284,1895157412,-18.289032,5.021139,-3.329712,17.806742,-21.848372,-62.880817,0.251329,0.466372,0.629255,-0.568659,
6285,1895174079,-18.389629,22.039846,0.206998,45.977085,-46.758923,41.971458,0.255778,0.467932,0.621065,-0.574368,
6286,1895190746,-13.294727,14.494433,-4.139897,-73.947212,-70.221443,140.078049,0.278617,0.471764,0.615107,-0.566973,
6287,1895207413,-17.453098,3.208647,-2.911964,-56.358162,-17.018242,189.789032,0.299391,0.484804,0.605994,-0.555072,
6288,1895224080,-23.535049,-14.888956,-4.170223,-59.787609,-31.175583,204.956589,0.322612,0.497453,0.594925,-0.542705,
6289,1895240747,-14.125854,-10.396892,-1.395032,-21.486423,-40.740185,172.470093,0.341061,0.507926,0.582247,-0.535425,
6290,1895257414,-14.113232,-4.431242,0.776729,20.331139,-30.858894,149.217117,0.353577,0.518979,0.568185,-0.531802,
6291,1895274081,-16.175905,-1.236562,-0.798590,2.041456,-46.858429,139.604599,0.367885,0.526816,0.555174,-0.528120,
6292,1895290748,-15.499852,-0.542499,-1.964505,-16.073944,-63.428185,130.584808,0.384064,0.531448,0.543109,-0.524493,
6293,1895307415,-11.885574,-2.957040,-1.857390,-41.555122,-72.115997,119.914246,0.401916,0.532917,0.533087,-0.519889,
6294,1895324082,-9.082769,-7.273875,-2.093705,-86.730286,-85.574585,99.510521,0.422575,0.528889,0.527020,-0.513770,
6295,1895340749,-6.788757,-12.307914,-5.717154,-96.950127,-87.196053,80.261826,0.442493,0.522369,0.522833,-0.507917,
6296,1895357416,-5.271666,-11.225744,-5.675206,-60.754528,-68.718788,70.455681,0.457357,0.518594,0.517709,-0.503850,
6297,1895374083,-4.043148,-9.153320,-2.865469,-51.723980,-63.040531,60.729752,0.470283,0.514975,0.512911,-0.500560,
6298,1895390750,-2.636003,-9.158749,-2.795272,-32.279533,-57.721737,47.884789,0.480335,0.512023,0.507935,-0.499114,
6299,1895407417,-1.933677,-10.075461,-3.489860,17.053204,-30.125492,35.133617,0.483702,0.513531,0.502212,-0.500104,
6300,1895424084,-1.478819,-9.513117,-3.052064,53.996716,-6.867677,19.342085,0.481431,0.518145,0.496591,-0.503140,
6301,1895440751,1.151169,-9.817323,-3.275833,93.121223,7.997548,-1.743241,0.473532,0.524998,0.490678,-0.509297,
6302,1895457418,5.235724,-10.340849,-3.922090,127.111092,20.701868,-25.921343,0.460207,0.533261,0.484839,-0.518436,
6303,1895474085,5.217435,-8.793912,-3.752434,149.306107,34.167995,-54.698036,0.441827,0.541749,0.480238,-0.529785,
6304,1895490752,1.612605,-4.434388,-2.057698,153.592880,22.017431,-77.879143,0.421904,0.547630,0.476067,-0.543564,
6305,1895507419,-2.268936,-1.095076,-1.769832,95.420258,0.761808,-106.061584,0.405628,0.546016,0.477181,-0.556448,
6306,1895524086,-11.150795,-0.691601,-4.219979,87.688576,16.691238,-159.142365,0.384334,0.541237,0.483802,-0.570341,
6307,1895540753,-22.971684,-3.774273,0.202391,-18.802427,13.641495,-208.296188,0.367242,0.526347,0.502554,-0.579254,
6308,1895557420,-22.062492,-5.472828,-0.503717,-83.373474,-14.641023,-159.037628,0.361006,0.508793,0.521051,-0.582506,
6309,1895574087,-17.552799,-1.500285,-0.498519,-104.961227,14.909327,-109.358948,0.358119,0.496067,0.538941,-0.578977,
6310,1895590754,-17.907852,-1.983495,-1.364620,-146.536819,3.153684,-132.682190,0.356950,0.478027,0.561037,-0.573863,
6311,1895607421,-17.971230,-5.277762,-2.539849,-104.585114,7.490969,-162.711823,0.349711,0.459683,0.581482,-0.572954,
6312,1895624088,-18.146784,-8.322591,-1.236786,-43.764767,25.481955,-148.728622,0.337815,0.446805,0.596449,-0.574889,
6313,1895640755,-15.644521,-11.875624,-0.938173,-6.697059,57.009026,-109.985542,0.323867,0.441550,0.607090,-0.575837,
6314,1895657422,-14.821754,-11.144356,-1.742193,68.322327,71.765877,-110.736816,0.303603,0.440817,0.611945,-0.582265,
6315,1895674089,-15.142056,-6.470296,-1.859874,142.473190,56.347374,-122.673447,0.278750,0.440703,0.610208,-0.596430,
6316,1895690756,-15.142675,-1.946148,-1.262222,169.212006,51.442394,-113.435371,0.253176,0.441679,0.604824,-0.612383,
6317,1895707423,-14.615146,1.165279,-0.860900,149.462006,42.561974,-93.283302,0.231241,0.442549,0.599081,-0.625926,
6318,1895724090,-13.059417,3.616324,-1.764562,82.354248,36.925751,-63.919685,0.216681,0.442996,0.597077,-0.632698,
6319,1895740757,-11.876984,5.097414,-1.042964,25.280228,25.945515,-34.574703,0.209421,0.443115,0.597992,-0.634193,
6320,1895757424,-9.824047,6.316511,-1.059870,-28.815626,11.821841,-15.786251,0.208604,0.441902,0.602228,-0.631294,
6321,1895774091,-6.523839,6.973349,-0.064601,-54.589581,11.696942,1.141039,0.211002,0.441360,0.607707,-0.625599,
6322,1895790758,-2.972364,7.211290,1.185296,-109.073402,9.933861,41.837067,0.220721,0.442505,0.615366,-0.613840,
6323,1895807425,-0.832002,2.705080,5.496686,-62.900280,-23.940157,73.532448,0.233279,0.444837,0.615620,-0.607221,
6324,1895824092,2.258967,0.330094,1.054586,-156.664276,-57.371376,65.818092,0.254111,0.440146,0.623243,-0.594365,
6325,1895840759,0.408473,-0.237345,-4.766728,-192.860641,-47.140110,59.442837,0.275581,0.434073,0.634287,-0.577338,
6326,1895857426,-1.835455,-3.833174,-6.066663,-126.214546,-13.650493,50.325092,0.288808,0.432361,0.641240,-0.564331,
6327,1895874093,-1.471135,-7.397919,-8.780303,-89.182617,16.091703,31.273277,0.295282,0.432739,0.647413,-0.553538,
6328,1895890760,-1.472968,-7.136495,-2.517150,31.210806,55.292675,24.746593,0.289915,0.440766,0.645896,-0.551812,
6329,1895907427,-2.620722,-1.031185,7.179236,98.556870,19.977028,28.171022,0.283774,0.449047,0.637161,-0.558443,
6330,1895924094,-5.415020,-16.470860,-9.369799,-230.997772,-35.764881,42.062767,0.305246,0.440166,0.651527,-0.537210,
6331,1895940761,-22.018059,-23.812542,1.146419,458.312561,163.006271,9.423867,0.260292,0.472931,0.620961,-0.568326,
6332,1895957428,-22.426624,4.390083,4.005987,173.353134,5.274562,-34.065990,0.244817,0.476624,0.609191,-0.584623,
6333,1895974095,-20.386448,20.515598,-1.309831,95.217407,-20.297583,21.202555,0.241622,0.480056,0.599052,-0.593552,
6334,1895990762,-15.114450,17.002560,-3.162892,-39.387566,-26.894358,143.843719,0.258915,0.488718,0.591529,-0.586698,
6335,1896007429,-14.869069,7.784778,-2.738627,-30.342245,-6.803328,195.700470,0.278099,0.503582,0.579918,-0.576857,
6336,1896024096,-19.241934,-5.451705,-4.525029,-89.671547,-15.879485,197.432816,0.302292,0.514979,0.572262,-0.562082,
6337,1896040763,-19.310938,-12.568153,-2.634973,-68.492096,-25.466597,196.179459,0.325306,0.525927,0.562001,-0.549305,
6338,1896057430,-14.470810,-9.527572,-1.773996,-11.387730,-26.928408,172.842545,0.341954,0.537141,0.548456,-0.541984,
6339,1896074097,-13.953262,-5.465509,-0.164785,10.900807,-28.930695,153.870056,0.355326,0.547483,0.534221,-0.537231,
6340,1896090764,-15.116604,-3.470778,-0.433359,1.885661,-36.828823,135.546829,0.368435,0.555065,0.521497,-0.533107,
6341,1896107431,-13.707969,-3.705009,-1.156624,-24.556976,-50.144173,121.436295,0.383451,0.558911,0.511045,-0.528602,
6342,1896124098,-10.160042,-4.225791,-1.872882,-51.205589,-64.508049,107.052544,0.400451,0.558888,0.502818,-0.523889,
6343,1896140765,-8.404102,-8.383639,-3.328546,-75.268013,-67.636139,92.517014,0.418372,0.555946,0.497232,-0.518317,
6344,1896157432,-7.208837,-11.757867,-5.108159,-58.581749,-63.248024,84.381790,0.433866,0.553568,0.491142,-0.513913,
6345,1896174099,-5.134132,-9.746757,-3.012999,-51.313084,-63.858944,75.973343,0.448063,0.550845,0.485013,-0.510466,
6346,1896190766,-3.852721,-8.785745,-2.813911,-48.686867,-66.740303,51.108913,0.460302,0.546198,0.480387,-0.508941,
6347,1896207433,-2.494700,-9.603143,-3.495169,-42.915112,-54.684303,11.234086,0.468217,0.539962,0.479239,-0.509457,
6348,1896224100,1.066947,-10.761642,-4.798329,-4.105813,-25.277563,-26.913006,0.468173,0.535851,0.480186,-0.512934,
6349,1896240767,4.229707,-11.434481,-3.892662,44.971504,16.041214,-53.738068,0.459380,0.536252,0.482346,-0.518411,
6350,1896257434,4.621307,-10.196903,-1.467414,124.557846,46.616852,-77.564987,0.440292,0.542437,0.482261,-0.528519,
6351,1896274101,1.548061,-6.492864,0.543031,141.073792,32.208210,-106.667671,0.418411,0.546204,0.481996,-0.542473,
6352,1896290768,-2.047029,-4.081690,0.713782,83.470253,7.195522,-138.638275,0.400073,0.541909,0.486992,-0.555985,
6353,1896307435,-6.428605,-2.125160,-0.931427,51.501312,-4.136095,-157.365860,0.383311,0.533197,0.495110,-0.568897,
6354,1896324102,-12.762894,0.857674,-2.078472,52.378395,3.266093,-176.501617,0.364113,0.523417,0.504726,-0.581989,
6355,1896340769,-22.498661,-1.042293,-0.841683,-12.269523,-0.790640,-204.056915,0.347507,0.507423,0.521285,-0.591630,
6356,1896357436,-25.689114,-5.590293,-1.248987,-51.420139,-12.886525,-164.291367,0.337861,0.491035,0.537265,-0.596728,
6357,1896374103,-17.764698,-3.147860,-0.997555,-47.894199,18.458921,-133.402176,0.328012,0.479687,0.551981,-0.598021,
6358,1896390770,-18.918598,-2.425424,-2.103656,-122.200211,18.889614,-162.481125,0.320564,0.462177,0.574836,-0.594304,
6359,1896407437,-19.387299,-4.127089,-3.445508,-143.213425,12.542247,-169.181396,0.314168,0.442129,0.599098,-0.588986,
6360,1896424104,-17.482008,-7.013237,-1.825193,-101.375259,14.983008,-136.973206,0.307363,0.426635,0.617311,-0.585184,
6361,1896440771,-11.817101,-8.923977,-0.920636,-57.611156,35.363564,-102.843918,0.298769,0.417690,0.630296,-0.582239,
6362,1896457438,-10.566755,-7.850664,-1.009928,28.579107,56.291199,-101.056328,0.283075,0.414292,0.636581,-0.585660,
6363,1896474105,-11.306546,-4.345627,-2.309620,96.529610,57.254002,-95.109016,0.263596,0.414164,0.636513,-0.594844,
6364,1896490772,-12.043489,-0.502411,-2.433973,104.562523,59.980995,-71.577759,0.245300,0.416575,0.634156,-0.603442,
6365,1896507439,-12.658395,3.870812,-1.708540,69.517036,61.754932,-44.181366,0.231291,0.420285,0.633071,-0.607527,
6366,1896524106,-10.856498,6.605361,0.313361,30.878119,50.614902,-17.068506,0.223033,0.424145,0.633269,-0.607726,
6367,1896540773,-6.807920,6.073637,0.963538,8.195682,36.733109,25.570656,0.221213,0.429946,0.632347,-0.605270,
6368,1896557440,-5.652806,1.714615,1.359014,14.127746,6.475664,68.853119,0.225602,0.437226,0.627175,-0.603814,
6369,1896574107,-2.638306,4.659466,0.026984,-19.558226,-25.657307,84.126503,0.236378,0.441915,0.622851,-0.600747,
6370,1896590774,-3.604891,5.577620,0.360008,-35.843609,-20.858311,99.665169,0.249077,0.447781,0.618988,-0.595239,
6371,1896607441,-3.691861,0.762008,1.082848,-48.516449,-23.917070,94.204628,0.262347,0.452325,0.616315,-0.588842,
6372,1896624108,-3.706019,-3.362014,-1.525684,-134.578308,-17.004730,75.725433,0.278977,0.452351,0.622258,-0.574759,
6373,1896640775,-4.251872,-7.276459,-4.879351,-174.533676,5.415153,63.940208,0.295048,0.451280,0.632839,-0.555707,
6374,1896657442,-4.907112,-8.751332,-4.341007,-74.856277,23.661425,53.540897,0.301919,0.454795,0.636539,-0.544819,
6375,1896674109,-3.139285,-5.052156,-2.247811,88.567665,30.560009,41.874966,0.296352,0.464858,0.628235,-0.549004,
6376,1896690776,-3.583931,-1.266513,1.744285,165.535904,38.486984,38.006218,0.284421,0.478318,0.614122,-0.559619,
6377,1896707443,-6.205042,-11.059939,-4.483818,-57.937885,30.714241,25.908985,0.287641,0.480644,0.618489,-0.551107,
6378,1896724110,-16.156706,1.603561,6.034259,253.189621,50.993492,-4.591658,0.264625,0.494499,0.600435,-0.570022,
6379,1896740777,-19.122211,5.884453,-0.689576,-35.997253,-18.201069,17.603233,0.270099,0.493071,0.601656,-0.567398,
6380,1896757444,-23.071194,11.206796,-2.227227,12.092156,-1.457556,87.275856,0.276389,0.500965,0.594506,-0.564986,
6381,1896774111,-19.351965,8.393136,-1.507387,-67.214928,-37.556087,143.990799,0.296146,0.507434,0.588072,-0.555862,
6382,1896790778,-15.410680,-1.306380,-3.671681,-65.093391,-43.285919,173.724792,0.318451,0.515743,0.578635,-0.545694,
6383,1896807445,-13.638320,-11.689164,-3.718849,-4.213705,-22.560085,192.254883,0.335673,0.529678,0.563491,-0.537815,
6384,1896824112,-13.418339,-9.975054,-1.275383,68.960548,-12.347324,178.910828,0.345114,0.546479,0.543715,-0.535382,
6385,1896840779,-15.004154,-6.427501,-1.207114,76.118538,-7.350772,148.209244,0.350966,0.561232,0.525708,-0.534299,
6386,1896857446,-17.059822,-2.317735,-1.423850,66.076408,-10.366119,136.590057,0.356779,0.574053,0.508998,-0.533007,
6387,1896874113,-16.654943,1.528191,-2.451859,1.260440,-24.621454,135.496933,0.368819,0.582074,0.496442,-0.527931,
6388,1896890780,-13.045522,-1.147765,-2.938867,-62.027100,-43.233044,120.911797,0.386291,0.583981,0.488778,-0.520428,
6389,1896907447,-8.997117,-5.894182,-2.761189,-98.446770,-60.438602,92.208214,0.405737,0.580241,0.485126,-0.513180,
6390,1896924114,-5.939604,-9.592389,-4.541351,-110.964066,-70.770691,69.543724,0.425086,0.573124,0.483489,-0.507023,
6391,1896940781,-5.247279,-9.849425,-4.934209,-95.344383,-74.550102,56.160336,0.442230,0.565510,0.481383,-0.502895,
6392,1896957448,-5.078511,-8.942237,-3.359412,-98.962807,-82.804657,41.572845,0.459011,0.555823,0.480031,-0.499943,
6393,1896974115,-3.804392,-9.467754,-3.147971,-81.356613,-76.116051,19.608170,0.472150,0.546081,0.479467,-0.498984,
6394,1896990782,-0.448298,-10.833743,-2.888611,-33.963364,-42.432297,-10.301704,0.476924,0.539859,0.480075,-0.500626,
6395,1897007449,2.387879,-11.226560,-3.349015,28.562407,7.335768,-41.184555,0.471031,0.539408,0.481983,-0.504842,
6396,1897024116,3.344064,-10.714586,-2.846263,109.546432,49.907307,-62.801239,0.454104,0.545991,0.482452,-0.512764,
6397,1897040783,1.733746,-8.013893,-0.705623,180.946396,67.692047,-85.722923,0.428242,0.556640,0.480271,-0.525455,
6398,1897057450,-1.466105,-4.967415,0.227081,166.551804,40.068756,-108.240616,0.403363,0.562200,0.478857,-0.540304,
6399,1897074117,-4.486034,-2.691038,0.592682,113.957291,11.508074,-129.887909,0.382765,0.560495,0.481310,-0.554689,
6400,1897090784,-7.006852,-1.052859,-0.534469,60.567993,-12.081314,-139.740250,0.367156,0.552906,0.487284,-0.567493,
6401,1897107451,-10.263517,0.668825,-0.918498,0.218308,-16.580780,-149.215942,0.355757,0.540777,0.498521,-0.576608,
6402,1897124118,-20.111828,0.105895,-3.892264,4.910929,-6.035161,-193.346664,0.339295,0.526228,0.513058,-0.587143,
6403,1897140785,-32.002323,-4.371892,-0.503560,-83.086945,-34.147320,-223.742676,0.328723,0.502133,0.535520,-0.594159,
6404,1897157452,-21.226730,-3.838217,-0.166337,-101.150627,-25.637304,-162.619293,0.323753,0.482155,0.554937,-0.595616,
6405,1897174119,-20.822653,-0.486812,-1.530774,-169.447723,-5.121114,-170.831696,0.320875,0.459586,0.581241,-0.589900,
6406,1897190786,-19.807360,-3.037511,-4.215800,-230.962006,-3.181500,-199.232010,0.318994,0.431175,0.613866,-0.579226,
6407,1897207453,-19.579647,-6.983283,-3.830210,-190.419220,-5.869056,-184.501358,0.315494,0.404979,0.640958,-0.570641,
6408,1897224120,-12.799380,-9.908167,-3.221605,-138.975204,6.887605,-126.163498,0.312260,0.387180,0.660207,-0.562774,
6409,1897240787,-7.854167,-10.285706,-2.363079,-25.940195,32.166767,-110.983955,0.301308,0.377834,0.670148,-0.563347,
6410,1897257454,-7.877481,-7.926589,-2.054010,75.265892,43.905342,-103.945038,0.284120,0.374435,0.671689,-0.572634,
6411,1897274121,-8.822461,-3.826153,-1.787481,136.094513,55.179447,-87.130966,0.263775,0.375941,0.667374,-0.586265,
6412,1897290788,-9.433318,2.236622,-3.903907,94.725182,60.627094,-66.672363,0.246776,0.378125,0.665347,-0.594508,
6413,1897307455,-9.748226,7.198569,-3.085610,39.294319,68.184647,-22.642784,0.235841,0.383140,0.665792,-0.595237,
6414,1897324122,-7.898915,6.970892,-1.040274,-7.200635,57.333817,22.890951,0.232466,0.389990,0.667275,-0.590436,
6415,1897340789,-5.229603,3.977894,0.454931,-11.585567,27.521187,46.535862,0.234252,0.396401,0.666735,-0.586055,
6416,1897357456,-2.074913,0.374862,0.718315,-15.996276,-11.386738,63.682137,0.241511,0.400978,0.664204,-0.582859,
6417,1897374123,0.195275,1.439124,-0.260840,-23.366411,-33.810562,76.655685,0.252437,0.404601,0.660671,-0.579733,
6418,1897390790,-0.075386,3.996613,0.067529,-29.529537,-28.937201,81.015678,0.263584,0.408762,0.657473,-0.575473,
6419,1897407457,-1.068163,0.526986,1.412850,-52.051586,-7.801673,76.445709,0.273622,0.413322,0.657126,-0.567877,
6420,1897424124,-3.279379,-3.565346,-0.191372,-87.846756,-3.107070,67.748505,0.284585,0.415922,0.660301,-0.556800,
6421,1897440791,-3.545002,-5.770074,-5.052813,-146.080185,-8.719851,58.736008,0.298768,0.414628,0.668243,-0.540625,
6422,1897457458,-2.005359,-7.222929,-3.862025,-78.923813,14.071710,50.448029,0.305925,0.417090,0.672158,-0.529767,
6423,1897474125,-1.385136,-3.696768,-0.747209,99.253792,42.723896,45.844471,0.299042,0.429135,0.663739,-0.534668,
6424,1897490792,-2.448787,0.128236,2.198743,141.787888,41.489395,42.217857,0.289223,0.442416,0.651927,-0.543702,
6425,1897507459,-6.487927,-28.057249,-24.897255,-244.014771,42.623341,36.015354,0.303365,0.438566,0.670469,-0.515852,
6426,1897524126,-25.279827,-17.018005,20.243608,537.142700,148.380692,-57.561016,0.249186,0.466210,0.638415,-0.559449,
6427,1897540793,-22.330124,7.514205,-2.228005,123.267227,9.533813,-105.523987,0.231111,0.461448,0.635919,-0.573815,
6428,1897557460,-18.923658,26.284056,-2.075098,86.492943,-20.668818,12.689985,0.228085,0.463700,0.627306,-0.582623,
6429,1897574127,-20.423897,17.277586,-3.195420,-102.150024,-39.286167,140.101013,0.250194,0.469558,0.625202,-0.571002,
6430,1897590794,-21.810385,2.717894,-4.735886,-163.974686,-54.747616,201.265182,0.282748,0.476946,0.622817,-0.551976,
6431,1897607461,-25.698156,-18.864187,-6.182640,-58.871136,-45.646145,200.632690,0.306800,0.488750,0.611651,-0.541187,
6432,1897624128,-9.529340,-11.903255,-3.389223,73.142929,-18.752779,192.310242,0.318135,0.507367,0.591322,-0.540102,
6433,1897640795,-10.531888,-3.244652,-0.581302,116.499557,1.494283,177.172165,0.323047,0.527814,0.569103,-0.541459,
6434,1897657462,-13.911426,-1.587679,-0.767137,42.606968,-15.000033,160.335968,0.333425,0.541698,0.552789,-0.538347,
6435,1897674129,-15.683391,-2.032289,-0.409031,-39.850971,-45.291546,151.979477,0.351893,0.548234,0.541806,-0.531093,
6436,1897690796,-14.605890,-3.036447,-0.081214,-62.476433,-59.294437,143.956818,0.372449,0.551584,0.532182,-0.523281,
6437,1897707463,-11.855036,-6.133746,-0.751705,-82.217232,-75.744316,109.133720,0.393007,0.549614,0.525670,-0.516860,
6438,1897724130,-8.996064,-8.478371,-3.389455,-98.217773,-88.942062,77.720100,0.413293,0.543057,0.521854,-0.511809,
6439,1897740797,-6.534888,-10.267396,-5.837358,-95.790573,-87.125969,70.274277,0.432496,0.535958,0.518309,-0.507006,
6440,1897757464,-4.719910,-10.251998,-5.510888,-86.304237,-80.557243,74.384056,0.450577,0.530016,0.513937,-0.501931,
6441,1897774131,-2.776532,-10.070603,-3.569323,-72.022659,-76.253326,77.754303,0.467304,0.525374,0.508353,-0.497181,
6442,1897790798,-0.293475,-11.072460,-3.789368,-13.543671,-59.681046,72.480980,0.477827,0.525371,0.499936,-0.495715,
6443,1897807465,-0.911701,-10.099770,-2.100868,24.415472,-35.931534,62.989330,0.482961,0.528947,0.491087,-0.495782,
6444,1897824132,-1.229958,-9.541949,-1.609895,79.050980,-10.260745,34.331047,0.479924,0.536091,0.482243,-0.499724,
6445,1897840799,1.661216,-9.231775,-1.636895,119.515236,17.859318,-5.810412,0.468728,0.545162,0.475443,-0.507000,
6446,1897857466,3.766597,-8.914264,-1.562771,126.286514,36.509548,-54.151814,0.451965,0.552525,0.473076,-0.516378,
6447,1897874133,1.747337,-6.153871,-1.657178,131.100708,37.895752,-100.083031,0.431034,0.556858,0.473887,-0.528728,
6448,1897890800,-2.474847,-3.366439,-1.591457,92.260490,7.659167,-127.217804,0.412997,0.554243,0.477717,-0.542252,
6449,1897907467,-7.200027,-0.964178,-1.625694,19.114326,-7.011885,-154.632172,0.399494,0.543880,0.488395,-0.553238,
6450,1897924134,-16.368828,-0.496133,-4.550858,4.205461,5.752242,-201.806870,0.382190,0.529948,0.504402,-0.564507,
6451,1897940801,-28.639729,-5.811771,-1.783024,-75.743637,-18.735672,-253.880020,0.368113,0.505113,0.529020,-0.574016,
6452,1897957468,-17.600548,-6.624991,-1.030865,-114.173370,-15.246450,-194.608856,0.361057,0.482411,0.551991,-0.576390,
6453,1897974135,-19.522942,-3.045564,-0.985350,-114.983696,27.369419,-157.940430,0.353360,0.465714,0.574162,-0.573226,
6454,1897990802,-21.328938,-4.346478,-1.956063,-152.307953,18.620407,-171.617142,0.347432,0.444769,0.599351,-0.567672,
6455,1898007469,-19.463200,-7.918560,-3.073458,-130.626038,14.531496,-180.021439,0.339383,0.423361,0.622425,-0.564070,
6456,1898024136,-16.923573,-10.566212,-1.813945,-63.058247,48.650017,-147.254578,0.326488,0.410695,0.639104,-0.562391,
6457,1898040803,-12.213164,-10.828831,-2.125120,24.183172,67.573502,-117.647003,0.308877,0.406263,0.647451,-0.566000,
6458,1898057470,-11.298089,-7.687727,-1.775288,128.311462,68.602524,-121.550758,0.284514,0.405983,0.647122,-0.579194,
6459,1898074137,-12.176438,-3.756874,-2.335994,167.089462,56.087769,-118.434540,0.259056,0.406196,0.642265,-0.596149,
6460,1898090804,-12.775141,0.506827,-2.768057,129.908508,62.079727,-101.096909,0.236529,0.406818,0.639313,-0.608141,
6461,1898107471,-13.233241,5.553344,-3.417319,57.653976,71.378372,-77.036240,0.219429,0.407819,0.641336,-0.611740,
6462,1898124138,-10.983116,9.199474,-1.670517,4.212280,49.414455,-39.872482,0.210813,0.408549,0.645077,-0.610347,
6463,1898140805,-7.757764,7.729261,-0.677551,-19.839069,32.374405,-1.024206,0.208668,0.410653,0.648081,-0.606478,
6464,1898157472,-5.892037,7.520957,-0.717112,-30.807367,19.423122,41.847923,0.212173,0.415307,0.649065,-0.601016,
6465,1898174139,-2.965253,2.761025,-0.116820,-38.320923,-0.288779,80.934090,0.221390,0.421651,0.647660,-0.594758,
6466,1898190806,0.848928,1.762934,4.380472,13.724445,-11.837789,92.253723,0.229446,0.429666,0.640573,-0.593642,
6467,1898207473,0.400031,3.655085,1.344941,-65.285690,-27.524895,94.257484,0.244020,0.433775,0.639507,-0.585941,
6468,1898224140,-2.121644,0.939301,-1.244765,-118.645157,-20.673727,98.833473,0.261616,0.436826,0.642686,-0.572449,
6469,1898240807,-3.950901,-4.765887,-0.773628,-118.536018,-20.400202,87.718567,0.278128,0.438652,0.646258,-0.559091,
6470,1898257474,-2.806515,-9.341877,-6.480544,-145.920197,-11.779301,55.885845,0.292849,0.436862,0.654117,-0.543622,
6471,1898274141,-2.986841,-9.362431,-7.049953,-34.931530,22.092300,29.426870,0.295117,0.439833,0.656138,-0.537529,
6472,1898290808,-2.672338,-4.119815,-0.143898,170.387054,56.154919,18.902744,0.280065,0.453111,0.644005,-0.549103,
6473,1898307475,-5.055418,-2.263245,4.782124,32.880142,23.211159,15.788740,0.276809,0.457701,0.641484,-0.549898,
6474,1898324142,-11.090837,-29.174829,-15.941946,-78.827049,86.789871,2.358474,0.273938,0.461548,0.651240,-0.536489,
6475,1898340809,-18.915068,3.796655,12.134898,290.872284,11.354527,-54.473637,0.248662,0.468353,0.632273,-0.564842,
6476,1898357476,-17.340790,4.036702,-2.732576,96.446663,29.366665,-32.265503,0.236541,0.471162,0.627744,-0.572709,
6477,1898374143,-18.118986,19.438650,-0.152125,24.761589,-7.806767,80.470078,0.242076,0.478614,0.620059,-0.572588,
6478,1898390810,-18.655664,7.313032,-3.933605,-44.114281,-18.733511,178.263123,0.261440,0.491352,0.610647,-0.563325,
6479,1898407477,-19.428293,-2.690714,-3.546675,-40.592670,-15.056520,210.533432,0.282657,0.506982,0.598266,-0.552409,
6480,1898424144,-21.533424,-11.302112,-3.286014,31.676914,-8.399311,195.478043,0.296507,0.524356,0.580926,-0.547413,
6481,1898440811,-14.380944,-5.533349,-1.395572,82.387650,-1.655685,188.137558,0.305082,0.543388,0.559908,-0.546041,
6482,1898457478,-15.640352,0.115176,0.445658,25.933523,-10.878173,176.671234,0.317725,0.557828,0.543436,-0.540887,
6483,1898474145,-18.205347,0.509807,-0.372431,-43.943089,-38.305630,165.512772,0.337120,0.565636,0.531741,-0.532598,
6484,1898490812,-18.161982,-1.627946,-1.837646,-102.705482,-66.968376,148.993988,0.362048,0.566663,0.524171,-0.522554,
6485,1898507479,-14.214412,-5.566698,-1.811929,-119.023163,-87.324974,120.955109,0.387463,0.562708,0.518673,-0.514017,
6486,1898524146,-9.002122,-9.705781,-3.242058,-123.958153,-92.548439,84.377495,0.410665,0.554924,0.515876,-0.507235,
6487,1898540813,-4.952839,-10.760362,-5.096642,-120.101349,-91.657051,65.722610,0.431860,0.545695,0.514040,-0.501477,
6488,1898557480,-2.759336,-9.584803,-5.705750,-98.334709,-77.506844,57.014023,0.449420,0.537948,0.511952,-0.496529,
6489,1898574147,-2.063313,-8.765187,-5.213249,-84.905731,-67.680595,56.543324,0.465000,0.531561,0.509395,-0.491669,
6490,1898590814,-1.792168,-9.331926,-5.077668,-65.807480,-56.374809,49.803902,0.477658,0.526635,0.506628,-0.487678,
6491,1898607481,-0.899507,-10.380283,-4.830826,-43.589424,-42.593277,35.004189,0.486471,0.523056,0.504303,-0.485222,
6492,1898624148,2.457946,-12.617209,-5.756538,-13.830065,-20.030930,13.607701,0.489822,0.521574,0.503075,-0.484720,
6493,1898640815,5.185511,-13.342731,-6.306044,79.381531,28.131868,-17.412939,0.480343,0.527812,0.501023,-0.489555,
6494,1898657482,4.070166,-10.124711,-4.384291,196.350922,57.272076,-59.144127,0.456519,0.540957,0.495609,-0.503320,
6495,1898674149,1.192275,-4.475251,-1.532295,244.785843,51.001865,-106.287651,0.425310,0.552774,0.489321,-0.523564,
6496,1898690816,-1.444475,-0.028647,1.301422,160.273407,21.047422,-147.876740,0.399305,0.553411,0.490326,-0.542102,
6497,1898707483,-9.178205,0.301650,-0.604101,57.589901,9.323008,-202.937668,0.377666,0.542685,0.502693,-0.556924,
6498,1898724150,-22.554024,-1.101621,-4.961952,46.928402,25.683321,-264.557831,0.350210,0.527514,0.521049,-0.572358,
6499,1898740817,-30.273428,-5.208864,-0.746189,-144.015488,-27.320982,-211.235504,0.345334,0.501464,0.547733,-0.573821,
6500,1898757484,-16.851028,-2.266051,-2.122847,-167.490067,0.753664,-129.097183,0.346377,0.482524,0.571145,-0.566559,
6501,1898774151,-19.284805,-0.425769,-1.921345,-152.291595,16.218447,-153.955933,0.342681,0.463083,0.595265,-0.560166,
6502,1898790818,-20.919058,-6.016442,-3.625244,-138.014130,-1.889877,-207.967239,0.334791,0.437663,0.620254,-0.558260,
6503,1898807485,-19.476686,-10.569490,-4.457547,-69.460075,32.041714,-204.640106,0.319353,0.418118,0.640386,-0.559554,
6504,1898824152,-17.022566,-13.901320,-2.385271,-0.265746,94.674194,-139.359329,0.298922,0.412619,0.653302,-0.559992,
6505,1898840819,-15.842286,-11.189889,-1.815738,53.005623,108.454643,-127.155022,0.274787,0.411452,0.661329,-0.563779,
6506,1898857486,-15.137405,-6.870192,-1.493275,122.035759,90.973709,-132.418289,0.247562,0.410787,0.662805,-0.575030,
6507,1898874153,-14.657489,-1.447388,-0.670019,165.900818,71.264915,-119.749046,0.220446,0.410891,0.658526,-0.590693,
6508,1898890820,-11.916544,3.995785,-2.194400,126.693359,46.156498,-95.855835,0.199958,0.409546,0.654859,-0.602870,
6509,1898907487,-8.665164,7.662234,-2.339886,84.952049,37.470863,-63.089146,0.185575,0.409174,0.652366,-0.610377,
6510,1898924154,-5.955478,8.550151,0.125449,31.442322,45.118767,-29.861820,0.176572,0.411121,0.652735,-0.611344,
6511,1898940821,-4.143222,6.270638,1.893357,2.812813,43.828751,7.374414,0.172708,0.415730,0.653346,-0.608673,
6512,1898957488,-3.593539,3.827124,2.447867,-24.562616,24.227671,51.527821,0.176263,0.422087,0.653176,-0.603438,
6513,1898974155,-2.475695,-0.292747,2.243606,-58.054668,-14.251678,89.345039,0.188823,0.427734,0.652531,-0.596318,
6514,1898990822,-0.011779,1.377863,-0.761640,-97.312469,-43.391510,107.698578,0.208115,0.431363,0.653111,-0.586568,
6515,1899007489,0.031893,4.799776,-1.419832,-74.807335,-48.553982,106.641075,0.226304,0.434942,0.651394,-0.579052,
6516,1899024156,-0.395806,1.822903,1.443059,-34.563232,-35.127556,95.037132,0.239627,0.439740,0.647254,-0.574694,
6517,1899040823,-0.992651,-2.889269,-2.698464,-94.964088,-25.193863,69.567055,0.253685,0.440746,0.649962,-0.564747,
6518,1899057490,-1.223720,-6.654943,-6.776703,-127.291367,11.013947,47.742062,0.264510,0.441315,0.657833,-0.550031,
6519,1899074157,-3.286479,-3.850245,-0.645787,-19.504549,3.647892,37.651829,0.268254,0.444381,0.657306,-0.546367,
6520,1899090824,-5.830207,-7.968102,3.595537,-127.578331,-44.492222,29.683336,0.282891,0.438543,0.663859,-0.535674,
6521,1899107491,-17.832577,-43.324345,-22.202444,146.736923,149.011688,-24.459442,0.256943,0.453540,0.660007,-0.540994,
6522,1899124158,-22.659172,7.113882,12.821162,160.799728,-23.989777,-109.723801,0.239724,0.446864,0.653638,-0.561788,
6523,1899140825,-17.730541,13.823685,-4.101906,53.037094,-30.213490,-59.588566,0.234090,0.440472,0.652273,-0.570727,
6524,1899157492,-13.345617,18.711130,-0.720793,-39.095135,-37.260460,69.331154,0.245700,0.442527,0.649950,-0.566894,
6525,1899174159,-16.070795,5.078460,-2.874253,-72.814308,-27.803875,144.672745,0.264718,0.451125,0.645658,-0.556363,
6526,1899190826,-22.410961,-11.594861,-6.254528,-90.167992,-23.657896,170.013977,0.286361,0.461467,0.640827,-0.542576,
6527,1899207493,-19.553007,-14.642614,-5.393308,28.376564,-28.874451,151.622955,0.298899,0.474321,0.627242,-0.540601,
6528,1899224160,-13.315808,-3.163894,-3.949704,119.974594,-11.635469,140.210815,0.302463,0.491180,0.607611,-0.545958,
6529,1899240827,-13.497918,4.389663,-2.497000,61.814129,-18.270924,153.218887,0.311607,0.505789,0.590986,-0.545726,
6530,1899257494,-13.662055,3.747002,-2.782065,-23.711279,-29.791142,175.401932,0.329601,0.517202,0.578626,-0.537643,
6531,1899274161,-14.468778,-2.039194,-1.357294,-83.675102,-52.688286,184.425171,0.354478,0.524301,0.568716,-0.525375,
6532,1899290828,-13.780398,-7.635865,-0.335966,-61.283478,-67.849518,165.740341,0.377180,0.529414,0.557262,-0.516641,
6533,1899307495,-11.635798,-10.504437,-0.976032,-50.322884,-82.743744,127.409409,0.397123,0.530560,0.546763,-0.511716,
6534,1899324162,-9.117507,-7.573374,-2.119082,-58.543247,-88.509171,107.876183,0.416501,0.528979,0.537774,-0.507455,
6535,1899340829,-8.010370,-6.874488,-3.368863,-98.084106,-93.598694,96.629196,0.438266,0.523466,0.531977,-0.500908,
6536,1899357496,-5.586553,-9.393017,-4.034815,-109.636536,-94.648163,87.674927,0.460078,0.516137,0.527325,-0.493824,
6537,1899374163,-2.414162,-12.821219,-5.275026,-85.848877,-80.205017,84.428795,0.478520,0.510918,0.521903,-0.487444,
6538,1899390830,-0.687642,-13.267847,-5.585710,-43.463940,-66.447380,81.382256,0.492380,0.509210,0.514481,-0.483301,
6539,1899407497,0.892071,-11.256697,-4.631262,-23.049847,-52.480343,71.766708,0.502892,0.509112,0.507229,-0.480235,
6540,1899424164,2.692556,-10.033382,-4.655979,-5.467063,-34.347328,42.580669,0.508663,0.509353,0.502181,-0.479206,
6541,1899440831,4.004297,-10.720085,-4.803407,14.029147,-11.271061,-0.679147,0.508268,0.509466,0.500675,-0.481077,
6542,1899457498,4.507086,-11.815031,-4.535726,53.919151,17.366308,-39.035427,0.500116,0.511711,0.501313,-0.486543,
6543,1899474165,2.594643,-10.267530,-5.996050,141.771912,44.264935,-63.389503,0.481574,0.520302,0.499345,-0.498026,
6544,1899490832,-4.374457,-3.728756,-4.672417,235.674286,62.704445,-96.089767,0.451734,0.533904,0.493844,-0.516723,
6545,1899507499,-12.652038,-1.959151,-5.488504,318.920013,72.824928,-167.878326,0.408344,0.547423,0.487264,-0.544206,
6546,1899524166,-19.174349,-1.890358,0.828972,181.804398,63.981361,-214.109528,0.371882,0.547558,0.493560,-0.564168,
6547,1899540833,-24.013559,-2.679473,2.229412,-63.596493,26.333366,-179.802216,0.359995,0.533092,0.514588,-0.566938,
6548,1899557500,-25.727938,2.925339,-1.755236,-141.538574,6.965538,-147.756287,0.357937,0.514892,0.538104,-0.563218,
6549,1899574167,-24.553577,0.451665,-3.485506,-182.634399,-22.280876,-157.954056,0.360027,0.490808,0.563642,-0.558390,
6550,1899590834,-21.814753,-3.355289,-2.802072,-125.587547,-25.263525,-185.888367,0.355599,0.466603,0.585721,-0.559254,
6551,1899607501,-19.180120,-8.568721,-0.504381,-103.349953,-1.644533,-167.066147,0.348841,0.446623,0.605373,-0.558895,
6552,1899624168,-16.079405,-11.335571,-0.075218,-97.375969,47.461266,-132.128433,0.339956,0.433686,0.624318,-0.553693,
6553,1899640835,-14.555504,-11.297298,0.578901,-0.150179,72.678162,-129.940170,0.322634,0.427541,0.636196,-0.555313,
6554,1899657502,-12.543526,-8.450816,0.354572,93.229881,71.215591,-138.768585,0.298736,0.424587,0.640634,-0.565751,
6555,1899674169,-11.074160,-2.375623,-0.676884,146.394638,52.979980,-124.564522,0.274192,0.423434,0.638529,-0.581211,
6556,1899690836,-8.278175,2.307767,-1.776469,149.416687,42.809017,-103.687958,0.251954,0.423144,0.633967,-0.596285,
6557,1899707503,-7.152442,5.256269,-3.313584,93.034035,44.797611,-79.031326,0.235004,0.423002,0.632500,-0.604805,
6558,1899724170,-7.604928,8.164326,-3.223289,5.862786,41.570290,-40.898891,0.227019,0.423015,0.636104,-0.604066,
6559,1899740837,-6.853503,9.685361,-1.709327,-69.973259,25.526724,-2.746183,0.228518,0.422605,0.643429,-0.595975,
6560,1899757504,-4.755733,9.162836,-0.174846,-111.713814,9.218376,28.511208,0.236776,0.422239,0.651776,-0.583817,
6561,1899774171,-2.857649,4.753049,0.954309,-125.627396,-3.734243,68.834267,0.250459,0.423966,0.658145,-0.569535,
6562,1899790838,2.283431,0.095372,2.686929,-81.686607,-20.750122,85.389793,0.264343,0.427315,0.658990,-0.559696,
6563,1899807505,4.074975,0.647844,-1.744977,-100.974091,-19.149992,85.767654,0.279214,0.429943,0.661219,-0.547705,
6564,1899824172,1.512887,-2.382689,-2.658715,-54.469250,2.506483,88.412483,0.289220,0.436310,0.660260,-0.538559,
6565,1899840839,0.110556,-9.016012,-3.703030,-0.299175,25.974756,69.301300,0.291987,0.444884,0.657147,-0.533838,
6566,1899857506,-1.365859,-11.453546,-7.358536,64.376945,53.173523,41.295933,0.285748,0.455573,0.651885,-0.534650,
6567,1899874173,-7.297493,-18.454914,5.330807,34.384506,28.487499,-0.921231,0.280517,0.459040,0.650657,-0.535949,
6568,1899890840,-16.680914,-21.883083,-12.987074,322.363586,113.591805,-78.950195,0.241564,0.472887,0.634808,-0.561290,
6569,1899907507,-21.172884,26.316387,16.983936,78.467499,-48.702267,-103.914375,0.231947,0.461903,0.633925,-0.575315,
6570,1899924174,-17.595049,18.476328,-10.183838,-108.516220,-44.778126,11.015403,0.244082,0.455377,0.640865,-0.567760,
6571,1899940841,-18.536737,11.101037,5.310063,-97.531349,-42.320740,112.090752,0.263519,0.458693,0.640032,-0.557243,
6572,1899957508,-16.322186,-4.458545,-6.302920,-132.005829,-56.694725,147.412354,0.289280,0.462495,0.638635,-0.542737,
6573,1899974175,-20.731148,-15.285918,-4.705453,-23.156710,-33.257946,170.191849,0.307123,0.474490,0.627612,-0.535388,
6574,1899990842,-18.253153,-9.389886,-4.880007,99.470581,-29.058138,150.227951,0.314360,0.490149,0.608190,-0.539480,
6575,1900007509,-15.264830,1.679773,-4.158349,130.230942,-21.153225,144.185959,0.317996,0.506937,0.586696,-0.545605,
6576,1900024176,-15.906233,5.760242,-3.881406,48.417492,-9.867983,168.630432,0.328415,0.522560,0.569991,-0.542391,
6577,1900040843,-17.249180,0.975715,-3.152202,-51.558365,-21.355003,192.663300,0.349038,0.534110,0.558372,-0.530210,
6578,1900057510,-18.038639,-6.427594,-0.656070,-99.712242,-57.764790,186.297913,0.375546,0.539398,0.548595,-0.516780,
6579,1900074177,-15.269430,-10.561524,-0.650140,-76.647125,-76.947823,153.296677,0.398968,0.541399,0.538147,-0.508048,
6580,1900090844,-11.345493,-9.718351,-2.313087,-36.215511,-80.363663,121.956924,0.416916,0.542712,0.526656,-0.504264,
6581,1900107511,-8.754802,-7.227410,-3.279462,-44.551407,-77.221977,111.335640,0.434313,0.542691,0.516572,-0.500015,
6582,1900124178,-6.478410,-8.000705,-3.899872,-74.209068,-79.171753,103.070198,0.453400,0.539792,0.508948,-0.493993,
6583,1900140845,-4.630243,-10.137450,-5.046431,-89.849869,-70.745064,103.300049,0.472885,0.536222,0.502742,-0.485901,
6584,1900157512,-3.404793,-12.064267,-5.404855,-71.713661,-61.871250,107.821678,0.490403,0.534608,0.495283,-0.477908,
6585,1900174179,-2.545382,-11.125076,-4.335802,-25.095251,-51.612881,99.033966,0.502771,0.536211,0.485831,-0.472939,
6586,1900190846,1.067054,-10.081814,-4.439995,-12.139275,-40.079788,59.322586,0.510483,0.536646,0.479341,-0.470802,
6587,1900207513,6.289948,-12.618978,-5.687310,37.543377,3.244127,-0.678266,0.507148,0.539515,0.477320,-0.473173,
6588,1900224180,8.191067,-15.083337,-5.980669,108.364380,46.145924,-42.998775,0.492270,0.547523,0.476830,-0.480131,
6589,1900240847,4.786830,-13.211090,-4.221565,215.948578,75.461700,-76.971252,0.464031,0.562490,0.473263,-0.494273,
6590,1900257514,-2.061572,-5.633695,0.570634,265.910950,67.292267,-111.315353,0.429080,0.577004,0.467636,-0.514077,
6591,1900274181,-6.374368,0.857738,2.530512,186.916214,18.027596,-144.164093,0.400994,0.579792,0.466885,-0.533916,
6592,1900290848,-13.290112,3.766551,-2.142256,122.635147,4.011153,-182.623154,0.375849,0.574486,0.473029,-0.552222,
6593,1900307515,-24.501024,4.207046,-5.024395,52.454659,-1.688976,-225.001923,0.353148,0.561348,0.487521,-0.567892,
6594,1900324182,-24.896364,-2.081920,-1.589204,-215.309586,-66.642738,-207.727432,0.357782,0.529442,0.518607,-0.568095,
6595,1900340849,-19.914024,-3.002735,-1.800272,-187.134384,-25.053341,-158.406097,0.360596,0.505280,0.544879,-0.563714,
6596,1900357516,-21.614265,-1.135957,-1.705303,-181.194641,-17.197632,-173.762497,0.360613,0.480186,0.571479,-0.559281,
6597,1900374183,-22.172832,-7.036886,-2.786025,-173.327560,-9.545219,-207.664566,0.356162,0.452610,0.599369,-0.555924,
6598,1900390850,-19.487871,-10.794026,-2.210894,-82.970001,27.726625,-200.045425,0.342669,0.432802,0.620609,-0.556873,
6599,1900407517,-17.619585,-12.332707,-2.346154,-48.548176,73.788551,-154.633530,0.326234,0.422166,0.637968,-0.555290,
6600,1900424184,-15.641642,-10.552961,-2.789165,18.290295,93.675598,-143.958893,0.304493,0.417015,0.649793,-0.557812,
6601,1900440851,-14.293847,-5.084439,-1.261885,114.279587,73.105789,-143.731110,0.278668,0.414158,0.652424,-0.570230,
6602,1900457518,-11.984757,0.049473,-0.246050,135.194000,48.161259,-127.410912,0.255080,0.411293,0.650797,-0.585012,
6603,1900474185,-9.754614,4.366713,-1.552920,84.229813,37.607059,-99.030327,0.237805,0.408083,0.651031,-0.594204,
6604,1900490852,-8.174904,7.349023,-1.591648,46.050922,27.605021,-62.416756,0.226846,0.406048,0.651868,-0.598946,
6605,1900507519,-4.908501,7.764239,-0.875893,17.446966,23.718580,-28.218842,0.220908,0.405939,0.652987,-0.600020,
6606,1900524186,-3.830356,6.044947,0.025334,-28.232574,37.771133,10.416558,0.219698,0.409242,0.656232,-0.594656,
6607,1900540853,-5.130285,0.534919,1.817044,-26.484858,24.311098,46.714714,0.222797,0.414879,0.656693,-0.589062,
6608,1900557520,-1.092578,0.576155,-0.741603,-71.662964,-19.310831,58.604671,0.233780,0.416397,0.658806,-0.581324,
6609,1900574187,0.673627,3.792460,-1.107736,-63.330288,-25.570166,74.252487,0.246135,0.419085,0.658923,-0.574115,
6610,1900590854,0.678388,4.756332,1.408443,-0.171007,-12.397795,74.432274,0.253354,0.425085,0.654119,-0.572054,
6611,1900607521,-1.094880,0.741391,1.369697,-26.958931,-1.678452,60.932705,0.260061,0.429662,0.652704,-0.567220,
6612,1900624188,-2.782790,-3.844141,-4.773540,-108.539391,5.479065,47.580086,0.270035,0.430392,0.658997,-0.554590,
6613,1900640855,-3.935636,-5.350076,-5.131471,-84.726112,10.579775,34.700272,0.276924,0.431131,0.664219,-0.544293,
6614,1900657522,-2.795266,-2.107575,-0.280752,59.299034,8.661899,31.130831,0.274646,0.437115,0.658096,-0.548099,
6615,1900674189,-5.193287,0.490614,8.561340,42.942837,7.675898,42.293434,0.274368,0.443399,0.652473,-0.549911,
6616,1900690856,-11.497811,-46.901428,-33.668983,-261.384338,59.424702,35.071030,0.288004,0.440630,0.673180,-0.519355,
6617,1900707523,-27.374458,-1.481771,23.474293,533.930054,68.173935,-103.276085,0.238260,0.456525,0.640437,-0.569790,
6618,1900724190,-17.784166,14.272867,-1.360146,1.777289,-61.619720,-123.756065,0.233399,0.439786,0.646447,-0.578120,
6619,1900740857,-14.310418,29.638617,-2.414468,37.258442,-21.089533,26.814989,0.235073,0.441721,0.641065,-0.581946,
6620,1900757524,-17.659573,12.791927,-4.781786,-117.081261,-36.727283,157.139206,0.259059,0.449021,0.639551,-0.567667,
6621,1900774191,-22.273420,-8.712333,-3.529691,-164.493408,-32.923203,210.301239,0.289874,0.459268,0.637864,-0.546057,
6622,1900790858,-24.545473,-20.078911,-7.708468,-5.043017,-31.427906,187.782272,0.307788,0.473745,0.624353,-0.539461,
6623,1900807525,-11.614244,-9.280523,-2.944974,111.013680,-16.718460,149.091492,0.313103,0.490704,0.604601,-0.543724,
6624,1900824192,-11.951364,2.476248,-1.272709,100.687462,-7.923099,146.737762,0.317977,0.507343,0.585817,-0.546183,
6625,1900840859,-14.735801,4.214066,-1.458906,0.635170,-23.777740,159.375305,0.332400,0.518868,0.572962,-0.540374,
6626,1900857526,-15.280061,-0.606726,-1.977031,-70.707619,-51.704060,170.742935,0.355211,0.525360,0.563128,-0.529822,
6627,1900874193,-13.760818,-4.026975,-1.087420,-72.985764,-63.105568,158.787308,0.377946,0.529485,0.553372,-0.520178,
6628,1900890860,-11.046665,-7.335386,-1.633468,-57.859093,-74.665527,125.591553,0.397701,0.530567,0.544050,-0.514145,
6629,1900907527,-8.784181,-7.101524,-2.487115,-67.095055,-81.002701,95.809441,0.416256,0.528034,0.537096,-0.509354,
6630,1900924194,-7.369575,-7.443962,-3.840884,-84.844048,-87.333588,77.979698,0.435166,0.522337,0.532214,-0.504525,
6631,1900940861,-4.231156,-11.162600,-5.739038,-73.889069,-79.932709,80.694870,0.452689,0.517871,0.526574,-0.499605,
6632,1900957528,-2.219445,-11.807687,-3.593490,-31.443941,-55.755302,98.205650,0.466279,0.519122,0.517951,-0.494797,
6633,1900974195,-2.949098,-9.489408,-2.836749,31.927795,-30.777576,110.911591,0.473979,0.527275,0.505358,-0.491876,
6634,1900990862,-4.159204,-7.358911,-1.809034,39.093575,-34.391319,103.192955,0.480704,0.534944,0.492454,-0.490153,
6635,1901007529,-2.841179,-7.514303,-2.427362,26.203537,-40.607128,68.630623,0.486311,0.538681,0.482625,-0.490306,
6636,1901024196,-0.041974,-8.259634,-3.024104,28.735184,-33.874462,25.094612,0.488093,0.539968,0.476457,-0.493144,
6637,1901040863,3.117485,-9.480674,-3.294117,31.045298,-17.883188,-15.458153,0.485653,0.539732,0.474428,-0.497746,
6638,1901057530,5.910611,-10.464969,-2.913326,51.258514,6.796492,-47.632145,0.477556,0.540452,0.475176,-0.504046,
6639,1901074197,4.253585,-9.010175,-4.548178,104.601685,29.297369,-76.588127,0.461471,0.544393,0.475741,-0.514155,
6640,1901090864,-4.985781,-4.337476,-4.430381,144.486526,42.717102,-118.042892,0.437929,0.548829,0.477235,-0.528446,
6641,1901107531,-17.365076,-3.832700,-4.060238,170.273392,66.149734,-192.165802,0.404510,0.550937,0.483613,-0.546774,
6642,1901124198,-24.032413,-7.162939,0.641500,34.871292,21.212364,-237.006363,0.380977,0.537600,0.501045,-0.561070,
6643,1901140865,-20.573084,-2.437173,0.711125,-24.988308,40.411045,-180.943909,0.364916,0.526059,0.519545,-0.565840,
6644,1901157532,-25.620905,2.125009,-0.178886,-99.778816,22.994301,-164.863617,0.356931,0.509917,0.541635,-0.564994,
6645,1901174199,-23.527889,-1.539159,-1.962217,-135.042938,-12.016896,-187.799210,0.352088,0.486764,0.565971,-0.564600,
6646,1901190866,-20.405109,-4.510019,-1.784854,-103.696480,-7.103652,-193.937927,0.343733,0.464583,0.587798,-0.566133,
6647,1901207533,-16.922215,-7.939126,-0.484537,-99.624802,25.009985,-158.626511,0.334955,0.447846,0.607977,-0.563565,
6648,1901224200,-14.286633,-9.640219,-0.330313,-60.541405,55.911407,-124.609016,0.323476,0.438272,0.623862,-0.560429,
6649,1901240867,-12.451049,-9.767119,-0.631410,26.492004,68.814148,-128.155609,0.304832,0.433309,0.633187,-0.564267,
6650,1901257534,-12.558553,-4.624003,-0.264008,97.558090,55.827755,-129.628571,0.282618,0.430056,0.635846,-0.575223,
6651,1901274201,-10.684195,0.336883,-1.283041,82.013130,42.454269,-117.836815,0.263442,0.425896,0.638164,-0.584774,
6652,1901290868,-9.380391,2.795237,-2.584402,48.051533,44.806938,-88.558830,0.248547,0.423195,0.641407,-0.589687,
6653,1901307535,-9.205286,3.860904,-2.003593,36.585110,45.496876,-58.380188,0.236831,0.422869,0.643667,-0.592274,
6654,1901324202,-8.341367,5.372311,-1.807388,11.392325,38.467773,-31.823246,0.229590,0.423515,0.646154,-0.591956,
6655,1901340869,-6.482891,5.735498,-0.888901,-5.212058,27.281410,-4.490124,0.226771,0.425198,0.647987,-0.589829,
6656,1901357536,-4.192362,5.247376,-0.754099,-35.461258,16.165956,29.860849,0.229813,0.428155,0.649899,-0.584383,
6657,1901374203,-0.862072,3.701175,0.636348,-23.297832,0.155605,52.304085,0.235507,0.432256,0.648805,-0.580298,
6658,1901390870,2.808619,3.006471,1.581742,-32.616154,-16.032770,56.382629,0.243642,0.435023,0.647635,-0.576164,
6659,1901407537,2.136779,1.819243,1.248961,-51.586201,-10.622678,56.003696,0.252411,0.437489,0.648199,-0.569854,
6660,1901424204,-0.824127,-3.530436,-2.353159,-87.550652,-1.669996,50.725304,0.262143,0.438804,0.652298,-0.559680,
6661,1901440871,-2.289134,-6.081592,-6.680228,-67.219841,14.084553,36.371765,0.267868,0.440739,0.656148,-0.550880,
6662,1901457538,-3.381877,-4.628363,-3.347467,25.877104,32.237743,29.213791,0.265292,0.447032,0.653647,-0.550028,
6663,1901474205,-6.737629,-7.767026,8.761684,-26.571913,-13.220124,27.730978,0.270317,0.447505,0.653657,-0.547179,
6664,1901490872,-12.381601,-29.669069,-16.765020,114.400040,86.115112,-22.540588,0.252658,0.456535,0.649465,-0.553116,
6665,1901507539,-22.169209,12.451009,12.351637,186.807343,-21.368988,-66.881042,0.236605,0.455094,0.638034,-0.574303,
6666,1901524206,-19.395407,12.612931,-6.202254,15.843773,-16.775137,-17.043226,0.235515,0.452586,0.637459,-0.577363,
6667,1901540873,-15.696271,14.426930,2.248389,-65.088951,-35.044731,82.385582,0.249771,0.454935,0.636419,-0.570633,
6668,1901557540,-16.639755,0.914545,-4.250613,-90.362511,-33.329533,151.124268,0.271137,0.462664,0.632691,-0.558687,
6669,1901574207,-19.461315,-10.469496,-3.999269,-56.450089,-29.545366,172.725449,0.291446,0.473707,0.624465,-0.548367,
6670,1901590874,-18.820478,-10.680913,-4.634988,46.669323,-29.423120,162.080185,0.303598,0.487853,0.608342,-0.547495,
6671,1901607541,-15.408398,-1.770753,-3.928512,82.439896,-33.496937,149.720245,0.312400,0.501857,0.589693,-0.550283,
6672,1901624208,-14.706214,3.052625,-4.360617,12.039850,-35.589603,162.702957,0.327370,0.513308,0.575277,-0.546263,
6673,1901640875,-15.819244,1.144076,-3.597970,-70.854813,-40.844101,184.365723,0.350457,0.521842,0.565168,-0.534275,
6674,1901657542,-17.077652,-6.616987,-2.768207,-111.291298,-59.343040,178.128952,0.377324,0.525883,0.557206,-0.520191,
6675,1901674209,-15.102492,-12.272736,-1.793093,-79.322914,-72.468094,147.312805,0.400160,0.527741,0.547990,-0.510951,
6676,1901690876,-11.027054,-12.541622,-1.762079,-6.970397,-72.038559,112.218422,0.414585,0.530762,0.535826,-0.509219,
6677,1901707543,-6.204060,-8.510509,-2.245804,12.216256,-65.332268,102.666779,0.426156,0.534510,0.523205,-0.508872,
6678,1901724210,-4.188485,-6.253906,-3.360117,-0.781553,-51.735962,95.777122,0.437071,0.537786,0.512782,-0.506767,
6679,1901740877,-4.439800,-6.096586,-3.253573,-25.989965,-46.039436,90.250923,0.449022,0.539340,0.504894,-0.502570,
6680,1901757544,-4.648849,-8.247776,-3.083410,-23.976904,-48.227940,92.879814,0.461060,0.540934,0.496395,-0.498406,
6681,1901774211,-4.614841,-8.209269,-2.306683,-4.480267,-51.734478,89.937851,0.471496,0.543243,0.486369,-0.496010,
6682,1901790878,-2.946412,-7.528653,-1.691688,0.501119,-45.048492,71.421219,0.479640,0.544966,0.477819,-0.494620,
6683,1901807545,-0.114879,-7.657788,-2.629796,16.862875,-30.446043,35.688885,0.482854,0.546343,0.471900,-0.495656,
6684,1901824212,3.944276,-9.156111,-3.806115,22.839151,-11.484404,-5.802942,0.481281,0.546641,0.470166,-0.498496,
6685,1901840879,6.455986,-9.698683,-2.931696,55.091049,15.303775,-41.580940,0.472686,0.548658,0.470790,-0.503887,
6686,1901857546,4.468327,-8.576413,-2.065498,92.178802,34.514500,-74.404953,0.457305,0.552265,0.472536,-0.512434,
6687,1901874213,-0.378273,-5.241301,-1.928173,100.534508,26.980707,-101.682068,0.439556,0.553775,0.475169,-0.523776,
6688,1901890880,-7.673746,-1.906003,-2.346439,90.649551,28.602291,-137.287338,0.419547,0.552023,0.481277,-0.536307,
6689,1901907547,-18.635954,-1.474464,-3.656620,119.724503,48.068504,-195.032837,0.390969,0.549035,0.490517,-0.552359,
6690,1901924214,-26.057213,-2.651457,1.346790,-34.910862,0.853554,-226.501389,0.375128,0.530587,0.511443,-0.562304,
6691,1901940881,-20.616465,-2.617550,0.307006,-94.760521,6.531652,-167.848312,0.367917,0.513188,0.532553,-0.563618,
6692,1901957548,-23.001011,0.471604,-0.363971,-112.319740,10.683705,-154.045090,0.362536,0.495851,0.553871,-0.562076,
6693,1901974215,-23.246918,-1.958203,-1.729635,-131.436981,-12.931762,-173.204636,0.358544,0.473588,0.576386,-0.561198,
6694,1901990882,-20.370802,-4.212350,-1.655423,-105.202347,-19.350891,-168.878235,0.353302,0.452088,0.595584,-0.562207,
6695,1902007549,-17.096493,-7.353083,-0.354335,-115.892464,3.822051,-134.511139,0.349294,0.434562,0.614130,-0.558567,
6696,1902024216,-13.566881,-9.459813,-1.248902,-91.074669,37.819168,-112.881981,0.342235,0.422735,0.630661,-0.553570,
6697,1902040883,-11.879022,-9.844602,-0.721446,22.787935,59.515388,-118.895164,0.325549,0.417584,0.639196,-0.557739,
6698,1902057550,-11.843978,-5.418698,-0.720014,119.981003,45.633121,-120.969894,0.303910,0.415492,0.638978,-0.571590,
6699,1902074217,-11.056458,-0.274631,-2.081900,109.444504,40.911476,-104.621666,0.284524,0.413814,0.638058,-0.583685,
6700,1902090884,-11.187981,4.802726,-3.881411,36.662838,36.253864,-70.543098,0.272747,0.411750,0.640850,-0.587694,
6701,1902107551,-10.264161,6.526149,-1.880360,-2.090130,37.132324,-33.724274,0.266329,0.411612,0.644713,-0.586509,
6702,1902124218,-7.993783,6.917630,0.899492,6.079352,27.917944,-5.820618,0.262660,0.413609,0.645823,-0.585536,
6703,1902140885,-4.424139,5.792094,1.388056,11.821387,6.681737,23.966230,0.263177,0.416810,0.643829,-0.585230,
6704,1902157552,-1.751816,7.412038,-0.580175,-37.011719,-4.303638,53.086445,0.270152,0.419915,0.643770,-0.579872,
6705,1902174219,0.989789,5.374380,0.577615,-106.289406,-11.539024,70.978004,0.283488,0.421274,0.648037,-0.567640,
6706,1902190886,0.823683,1.718185,4.319815,-79.088989,-18.638803,65.217697,0.295271,0.422505,0.649930,-0.558479,
6707,1902207553,-0.327513,-2.717735,-1.913828,-132.167694,-23.789774,50.388184,0.309502,0.419495,0.656607,-0.545071,
6708,1902224220,-0.748320,-6.471437,-8.043994,-150.206223,-10.280903,43.109913,0.322816,0.415848,0.665453,-0.529183,
6709,1902240887,-1.247100,-7.938744,-5.971617,-58.476517,28.539103,32.207100,0.325881,0.418309,0.669513,-0.520168,
6710,1902257554,-1.909376,-4.800431,1.001071,57.842354,30.779533,18.831642,0.320601,0.425104,0.665626,-0.522921,
6711,1902274221,-4.195693,-3.721037,1.169525,30.087250,10.786621,11.491523,0.318394,0.428347,0.663331,-0.524537,
6712,1902290888,-14.031564,-37.600380,-24.418175,14.425308,140.302933,1.532906,0.303836,0.439686,0.668699,-0.516917,
6713,1902307555,-23.557850,3.327022,17.492317,411.892395,55.597309,-76.063896,0.265636,0.453738,0.644025,-0.555692,
6714,1902324222,-18.250420,9.662485,-3.563612,67.436569,8.697248,-58.230343,0.255465,0.451475,0.642908,-0.563542,
6715,1902340889,-16.069689,23.894228,0.042171,78.414352,5.422538,68.715210,0.255241,0.461138,0.632303,-0.567802,
6716,1902357556,-17.753904,12.201904,-1.910054,-27.137815,-11.606076,150.572403,0.270343,0.472846,0.624062,-0.560251,
6717,1902374223,-21.600609,-0.227756,-0.938066,-102.801285,-35.981850,169.609985,0.294236,0.481008,0.619295,-0.546381,
6718,1902390890,-21.988354,-10.005035,-2.450897,-42.874863,-46.559711,160.981293,0.313992,0.489764,0.609457,-0.538614,
6719,1902407557,-11.998108,-9.125871,-1.821271,39.741562,-38.309196,164.861298,0.327240,0.502975,0.592866,-0.537069,
6720,1902424224,-12.276336,-1.121577,-1.131280,59.313465,-26.778791,156.986435,0.337245,0.517029,0.575508,-0.536414,
6721,1902440891,-13.743843,-0.531979,-2.016744,-1.946412,-40.579266,144.574905,0.351864,0.525688,0.562878,-0.531992,
6722,1902457558,-13.633321,-1.327141,-3.060472,-57.612530,-55.924301,133.433762,0.370962,0.529144,0.554346,-0.524497,
6723,1902474225,-12.863950,-1.596330,-2.201051,-86.373169,-69.759262,125.209526,0.392560,0.529041,0.547592,-0.515905,
6724,1902490892,-11.990946,-4.976287,-2.486363,-108.558258,-79.280640,112.038948,0.415394,0.525583,0.542635,-0.506715,
6725,1902507559,-10.592948,-7.964574,-3.705087,-107.038292,-84.678650,107.340912,0.437925,0.521113,0.537254,-0.498020,
6726,1902524226,-8.317183,-9.548618,-4.319768,-99.507973,-87.298218,105.563347,0.459688,0.516471,0.530967,-0.489920,
6727,1902540893,-5.401084,-10.222834,-4.526270,-86.092415,-87.756271,103.533546,0.480070,0.512240,0.523546,-0.482749,
6728,1902557560,-2.840967,-10.212059,-4.242300,-57.822601,-79.373528,91.642685,0.496649,0.509429,0.515374,-0.477717,
6729,1902574227,-1.068045,-10.482524,-3.286340,-39.472824,-69.159904,63.993042,0.509031,0.506430,0.508567,-0.475162,
6730,1902590894,0.090848,-10.991718,-3.087381,-26.467043,-51.337959,31.902803,0.516838,0.503172,0.504469,-0.474563,
6731,1902607561,0.157045,-11.128242,-3.559845,-13.747970,-19.928406,-8.473661,0.518592,0.500047,0.504788,-0.475611,
6732,1902624228,1.760575,-11.523120,-4.545415,-1.217421,5.123080,-51.325497,0.514609,0.496434,0.509232,-0.478974,
6733,1902640895,4.237563,-12.164236,-5.450253,62.083004,35.560905,-87.847000,0.501165,0.496889,0.514099,-0.487483,
6734,1902657562,2.257747,-9.041410,-7.999889,161.672760,63.185234,-107.514397,0.476770,0.504799,0.515046,-0.502593,
6735,1902674229,-4.990765,-3.223630,-6.311669,250.360809,77.847008,-134.721008,0.442128,0.517199,0.511825,-0.524467,
6736,1902690896,-14.048136,-2.613645,-6.490791,289.503571,86.265633,-203.048141,0.397682,0.526468,0.510110,-0.551790,
6737,1902707563,-23.128433,-4.432913,0.765046,111.745834,56.759361,-235.164215,0.365584,0.519569,0.522307,-0.568853,
6738,1902724230,-26.036379,-0.832473,2.230789,-112.801132,57.351250,-154.088684,0.356677,0.506321,0.546365,-0.563833,
6739,1902740897,-25.537334,7.068439,-1.018409,-125.101776,37.247368,-125.434883,0.352347,0.492667,0.567849,-0.557387,
6740,1902757564,-20.607525,3.740758,-1.951415,-154.765442,-10.661399,-157.898422,0.351161,0.470500,0.591104,-0.553095,
6741,1902774231,-17.159920,-5.130433,-1.936674,-43.921398,-0.462176,-184.322678,0.339073,0.452116,0.607232,-0.558474,
6742,1902790898,-18.264561,-6.906237,-0.793996,-97.574898,5.105170,-152.679291,0.332339,0.433998,0.625460,-0.556775,
6743,1902807565,-13.582903,-12.315611,-1.502682,-63.243176,63.918354,-98.781616,0.322271,0.426965,0.640006,-0.551577,
6744,1902824232,-11.544142,-11.333207,0.351325,88.199493,82.527016,-102.846550,0.300591,0.427944,0.643231,-0.559255,
6745,1902840899,-11.809195,-6.116547,-0.938063,140.797241,58.024929,-108.854614,0.277246,0.428389,0.641067,-0.573283,
6746,1902857566,-11.033141,0.464484,-2.598711,110.550552,41.526463,-100.383812,0.257856,0.426759,0.639827,-0.584817,
6747,1902874233,-9.659517,6.414775,-3.432709,70.237717,31.645393,-84.118858,0.243170,0.424123,0.640380,-0.592371,
6748,1902890900,-8.322373,8.497165,-2.810097,9.310225,36.524700,-54.532509,0.234295,0.422432,0.644408,-0.592788,
6749,1902907567,-7.858849,5.941986,0.286486,-40.400475,37.655899,-3.850360,0.232722,0.423863,0.649592,-0.586697,
6750,1902924234,-7.859445,2.788002,1.931536,-12.294093,14.323290,37.082306,0.235106,0.428102,0.649028,-0.583283,
6751,1902940901,-3.363589,1.376757,0.789706,-30.426359,-4.680563,52.173874,0.241684,0.431511,0.648375,-0.578792,
6752,1902957568,-0.060391,0.035679,-2.042820,-94.713707,-25.240417,76.824364,0.256262,0.433168,0.650732,-0.568547,
6753,1902974235,1.451184,0.975015,-1.970557,-68.357780,-19.013037,86.059448,0.269279,0.437070,0.650370,-0.559893,
6754,1902990902,0.420994,1.946631,-0.024867,-15.754967,-1.996999,61.903324,0.275330,0.442058,0.647816,-0.555981,
6755,1903007569,0.106357,-1.516126,-3.328061,-34.856972,8.086524,37.609062,0.279675,0.444777,0.648727,-0.550555,
6756,1903024236,-1.421524,-6.184329,-7.259984,-64.851784,30.578955,31.614321,0.283331,0.447470,0.653283,-0.541035,
6757,1903040903,-4.879487,-8.819719,0.259595,-50.152847,21.621632,23.240347,0.286190,0.449221,0.656792,-0.533782,
6758,1903057570,-6.663710,-28.126192,-18.693188,9.682130,32.162861,-18.126226,0.280903,0.450303,0.658762,-0.533251,
6759,1903074237,-19.860413,4.310613,14.906636,385.660370,94.316704,-99.563919,0.238232,0.462946,0.638286,-0.567027,
6760,1903090904,-23.721159,11.426956,-1.391633,-65.204262,-22.481287,-53.233585,0.240126,0.453785,0.646625,-0.564180,
6761,1903107571,-20.536715,16.614300,2.040218,20.278257,-17.295605,85.559578,0.247248,0.461019,0.638858,-0.564086,
6762,1903124238,-17.928606,5.382015,-1.622753,-75.062126,-56.023720,133.688599,0.268232,0.465959,0.634058,-0.555794,
6763,1903140905,-19.083065,-5.882180,-2.570891,-69.968346,-53.624844,133.030121,0.288455,0.470980,0.628636,-0.547532,
6764,1903157572,-17.273989,-10.129005,-3.372017,21.936140,-46.021240,147.899155,0.302724,0.481577,0.614869,-0.546243,
6765,1903174239,-15.518139,-2.549325,-3.747828,66.846603,-34.418777,160.888367,0.313665,0.495954,0.596777,-0.547269,
6766,1903190906,-14.168188,1.464631,-2.803323,11.953997,-42.833553,153.825989,0.328548,0.506252,0.582826,-0.544134,
6767,1903207573,-14.018241,-1.241134,-2.466829,-77.390488,-56.014446,163.185394,0.351658,0.511708,0.574252,-0.533599,
6768,1903224240,-14.189214,-8.103244,-1.604237,-111.249268,-70.533516,161.983582,0.378115,0.513781,0.567174,-0.520936,
6769,1903240907,-12.023862,-10.079729,-0.995048,-33.627869,-68.170532,135.161606,0.396277,0.517724,0.555948,-0.515607,
6770,1903257574,-10.698304,-6.972759,-1.458841,13.762292,-55.041920,110.495506,0.407796,0.523173,0.543557,-0.514335,
6771,1903274241,-8.801250,-4.557943,-2.399789,-1.323583,-61.009388,95.944244,0.419726,0.525978,0.532890,-0.513038,
6772,1903290908,-7.247114,-3.242973,-3.153105,-65.340370,-73.826027,79.223854,0.436171,0.522465,0.527338,-0.508628,
6773,1903307575,-6.216588,-4.431029,-4.094279,-119.703247,-83.608696,67.649567,0.456448,0.513662,0.525836,-0.501304,
6774,1903324242,-4.064542,-8.311623,-4.518337,-123.977303,-87.962166,67.859848,0.477132,0.503984,0.524046,-0.493683,
6775,1903340909,-1.457855,-12.445840,-4.330330,-72.605492,-70.459686,67.097435,0.492448,0.498844,0.519608,-0.488529,
6776,1903357576,-0.079661,-13.272216,-4.344283,6.882696,-36.525509,60.478607,0.498856,0.501204,0.512330,-0.487296,
6777,1903374243,-0.136076,-11.356340,-3.719582,56.568840,-12.959491,45.074360,0.498738,0.507636,0.504315,-0.489118,
6778,1903390910,1.299072,-9.935174,-3.944740,102.111649,5.767210,22.409304,0.492182,0.516954,0.496011,-0.494461,
6779,1903407577,2.902807,-8.978393,-3.891166,119.919083,21.003593,-3.633569,0.481180,0.526622,0.489345,-0.501676,
6780,1903424244,4.337773,-8.343144,-4.668004,119.445595,23.784229,-36.918125,0.467426,0.533919,0.485302,-0.510812,
6781,1903440911,3.738065,-6.595599,-5.599726,134.282928,30.598217,-75.730911,0.448951,0.539757,0.483426,-0.522884,
6782,1903457578,-3.302435,-0.976687,-4.324885,128.242584,26.260942,-125.455452,0.427195,0.541044,0.485336,-0.537798,
6783,1903474245,-14.414325,-3.504304,-6.958596,172.210968,51.962589,-215.756607,0.392599,0.540056,0.491932,-0.558759,
6784,1903490912,-27.207251,-9.187916,1.999710,-1.030869,33.170631,-274.752838,0.367504,0.522533,0.515348,-0.571243,
6785,1903507579,-22.564009,-4.792568,0.394450,-124.757942,33.267651,-175.861145,0.359527,0.505118,0.540850,-0.568402,
6786,1903524246,-23.560209,0.576340,-2.598874,-127.987846,41.967693,-144.867981,0.353328,0.490217,0.564290,-0.562517,
6787,1903540913,-24.479292,-2.497492,-2.272940,-120.756256,9.694128,-176.897064,0.346320,0.469974,0.587245,-0.560654,
6788,1903557580,-21.611336,-5.711487,-1.540923,-118.906372,-3.951256,-190.236404,0.338908,0.447088,0.609664,-0.559970,
6789,1903574247,-18.226187,-11.103511,0.349233,-79.370827,37.920792,-139.042191,0.329100,0.433724,0.627091,-0.557078,
6790,1903590914,-12.843520,-13.626845,0.538495,13.604255,75.016586,-102.230103,0.312871,0.430967,0.636143,-0.558304,
6791,1903607581,-11.171573,-10.299324,0.190779,97.063324,87.300476,-113.208885,0.289226,0.431774,0.639349,-0.566705,
6792,1903624248,-11.656563,-4.306747,-0.583766,135.039383,68.618042,-116.184883,0.264483,0.432052,0.638372,-0.579536,
6793,1903640915,-11.090103,1.144712,-1.938088,129.245239,46.762093,-95.182831,0.243723,0.431919,0.635284,-0.591998,
6794,1903657582,-9.510002,4.756355,-3.739909,71.151611,39.137142,-61.990307,0.230077,0.431961,0.634580,-0.598152,
6795,1903674249,-9.355123,7.371569,-2.743000,11.961786,36.639034,-34.498528,0.222741,0.432285,0.637122,-0.597992,
6796,1903690916,-8.243954,8.489472,-0.378347,-8.953355,29.586782,-16.265924,0.218955,0.432991,0.640079,-0.595717,
6797,1903707583,-6.133848,7.258407,1.649482,-20.631882,13.001910,5.164524,0.219304,0.433877,0.642154,-0.592703,
6798,1903724250,-3.650961,5.581375,1.123619,-75.035126,3.594611,41.579933,0.227090,0.435584,0.646264,-0.583988,
6799,1903740917,-0.277054,2.513517,2.100478,-98.534599,-16.348900,60.653568,0.239812,0.436518,0.650358,-0.573568,
6800,1903757584,3.227091,0.040586,0.889739,-116.392464,-35.575153,53.416321,0.254804,0.434397,0.655513,-0.562743,
6801,1903774251,1.759139,-0.933267,-1.337174,-116.252693,-34.575451,43.314178,0.268772,0.431241,0.661096,-0.552039,
6802,1903790918,0.754946,-5.705403,-7.292499,-131.286697,-26.832651,34.797623,0.282152,0.427138,0.668472,-0.539528,
6803,1903807585,0.109981,-8.200759,-7.966947,-79.250587,26.355320,21.793283,0.286025,0.427957,0.674570,-0.529151,
6804,1903824252,-4.809519,-10.392438,5.352321,-17.983738,13.104951,10.341041,0.286474,0.429144,0.676058,-0.526039,
6805,1903840919,-9.361325,-37.992302,-20.198244,211.993195,146.420319,-49.422409,0.254683,0.443914,0.668738,-0.539323,
6806,1903857586,-24.343296,11.427819,16.921261,289.886230,-7.981400,-112.782013,0.227453,0.442514,0.652520,-0.571548,
6807,1903874253,-20.255781,16.025419,-5.034747,-21.361393,-34.370331,-46.824947,0.228004,0.434414,0.656347,-0.573157,
6808,1903890920,-15.973353,18.064461,1.121797,-26.061794,-27.360817,79.954117,0.238734,0.438800,0.652706,-0.569596,
6809,1903907587,-17.046282,4.496809,-4.090528,-82.696404,-45.684883,138.361282,0.259575,0.445088,0.649143,-0.559584,
6810,1903924254,-21.201672,-9.173243,-5.028320,-53.282391,-18.339809,166.031769,0.278028,0.457053,0.642027,-0.549188,
6811,1903940921,-21.337162,-10.693424,-5.314586,37.757324,-29.123320,174.404312,0.291922,0.472318,0.626222,-0.547307,
6812,1903957588,-16.005714,-2.028328,-3.754529,85.122574,-24.742186,157.288696,0.300604,0.488064,0.607585,-0.549795,
6813,1903974255,-14.387622,2.521182,-3.623211,29.344273,-24.213461,163.055283,0.313471,0.501618,0.592638,-0.546717,
6814,1903990922,-13.360930,1.555299,-2.548649,-53.306347,-34.891243,192.211731,0.335381,0.512708,0.581221,-0.535569,
6815,1904007589,-13.397263,-5.033731,-1.857224,-113.790833,-57.794010,199.938400,0.363998,0.519196,0.572229,-0.520094,
6816,1904024256,-14.032451,-9.709434,-0.810012,-104.345833,-75.157349,169.086990,0.390627,0.521750,0.563322,-0.507797,
6817,1904040923,-12.761672,-9.716292,-1.147299,-48.790077,-80.125244,130.750916,0.410326,0.523563,0.552522,-0.502232,
6818,1904057590,-9.516124,-6.845772,-2.051606,-42.447277,-86.953415,119.846611,0.429080,0.524108,0.541397,-0.498090,
6819,1904074257,-7.492892,-6.689290,-2.691721,-81.461632,-97.586853,113.630157,0.450956,0.520668,0.532613,-0.491802,
6820,1904090924,-5.134818,-9.589010,-4.188461,-122.565094,-108.250908,102.235641,0.475640,0.512525,0.526564,-0.483547,
6821,1904107591,-1.730931,-11.854807,-6.028940,-123.687416,-101.613533,87.297592,0.498494,0.503246,0.521781,-0.475388,
6822,1904124258,0.859743,-11.991543,-5.454274,-80.168343,-80.092018,66.223129,0.514805,0.496744,0.516819,-0.470236,
6823,1904140925,2.214630,-12.837833,-5.270295,-52.356682,-52.600922,34.936157,0.524767,0.491726,0.514150,-0.467415,
6824,1904157592,3.169502,-14.474879,-6.778762,-22.989109,-22.951792,2.345011,0.528150,0.488486,0.514042,-0.467121,
6825,1904174259,3.839913,-14.311235,-7.149619,43.576553,11.410538,-27.819702,0.522157,0.490418,0.514178,-0.471664,
6826,1904190926,2.640688,-11.427974,-7.328285,153.071701,53.989807,-54.673119,0.503146,0.501406,0.511782,-0.483238,
6827,1904207593,-1.029032,-4.917916,-4.794693,266.653442,71.994255,-77.404388,0.472321,0.519682,0.503779,-0.503044,
6828,1904224260,-7.413087,0.124350,-2.425851,309.738525,67.686241,-134.341751,0.433390,0.535322,0.495564,-0.529172,
6829,1904240927,-15.652452,-1.211780,0.359313,206.163879,51.099041,-210.037720,0.396933,0.536525,0.499071,-0.552735,
6830,1904257594,-25.765713,-6.426065,1.989781,-9.311802,34.577805,-222.271683,0.376907,0.522273,0.519152,-0.561832,
6831,1904274261,-27.423481,3.439390,-1.545885,-79.702705,17.626326,-145.768860,0.369438,0.508107,0.537807,-0.562235,
6832,1904290928,-22.485313,4.983911,-2.349083,-182.076569,-13.031538,-134.373093,0.372551,0.486397,0.561881,-0.555802,
6833,1904307595,-20.886135,-1.118131,-2.905895,-156.000092,-30.520994,-172.187302,0.371770,0.461047,0.584931,-0.554149,
6834,1904324262,-17.329454,-7.893528,-1.905073,-163.873489,-27.049835,-183.286987,0.369868,0.434034,0.608819,-0.551501,
6835,1904340929,-15.261887,-12.646591,-0.540214,-84.758766,53.155212,-138.564926,0.359096,0.421245,0.627265,-0.547854,
6836,1904357596,-12.570366,-12.766424,-0.650019,44.711067,81.303314,-121.742798,0.338959,0.418753,0.635477,-0.553104,
6837,1904374263,-12.388412,-8.296427,-1.034074,146.052902,73.377579,-133.132812,0.312219,0.419260,0.635378,-0.568364,
6838,1904390930,-12.893764,-2.419395,-2.321272,158.520691,52.961498,-117.647766,0.287599,0.419689,0.631793,-0.584797,
6839,1904407597,-11.157057,2.697304,-4.279382,114.026131,52.704037,-99.491379,0.267057,0.419603,0.630418,-0.595978,
6840,1904424264,-11.290053,6.709383,-4.189244,68.944206,52.781845,-68.032974,0.251878,0.420488,0.630778,-0.601555,
6841,1904440931,-10.602735,9.927064,-1.852319,1.670509,42.209347,-32.547108,0.244852,0.421175,0.634361,-0.600206,
6842,1904457598,-8.458946,10.151127,-0.407596,-68.063408,21.601503,1.201187,0.246928,0.420661,0.641173,-0.592428,
6843,1904474265,-5.571467,8.741940,0.936949,-81.553535,18.294226,40.567760,0.253499,0.422990,0.646522,-0.582091,
6844,1904490932,-1.936420,0.131438,6.230008,-3.618304,3.177748,82.691154,0.260226,0.430808,0.642017,-0.578364,
6845,1904507599,4.125635,-3.232810,4.820323,-33.399662,-29.740709,82.439819,0.271831,0.434635,0.638682,-0.573836,
6846,1904524266,2.794048,0.410430,-2.134898,-93.837669,-27.994406,69.200966,0.285922,0.434883,0.641142,-0.563973,
6847,1904540933,-1.088884,0.042662,-1.472787,-65.523048,0.278948,49.022869,0.293867,0.436649,0.643591,-0.555674,
6848,1904557600,-2.486669,-5.387095,-5.505242,-96.055939,14.282552,11.877156,0.299387,0.434690,0.651353,-0.545118,
6849,1904574267,-1.898516,-7.813694,-10.567125,-121.615646,37.843815,-14.657062,0.302101,0.430850,0.663664,-0.531654,
6850,1904590934,-3.589995,-5.846776,6.480186,57.143642,49.757923,-15.808721,0.292297,0.435570,0.662592,-0.534617,
6851,1904607601,-4.686234,-21.405790,-11.688025,-45.739571,39.184448,-32.944473,0.288664,0.433389,0.670077,-0.529006,
6852,1904624268,-17.103809,1.846422,10.644467,345.509186,53.193382,-90.978516,0.254132,0.442429,0.650759,-0.562307,
6853,1904640935,-19.838007,5.354440,1.356758,-28.640368,9.825456,-39.194160,0.251651,0.438375,0.656176,-0.560299,
6854,1904657602,-23.910263,15.524707,2.770504,69.285866,-31.576200,67.331421,0.255531,0.444642,0.645214,-0.566302,
6855,1904674269,-19.719719,6.676287,-6.331719,-63.133987,-62.446568,141.486435,0.276888,0.450234,0.638955,-0.558893,
6856,1904690936,-18.301394,-2.754416,-3.449214,-16.934156,-45.566902,165.665100,0.295455,0.461039,0.627651,-0.553359,
6857,1904707603,-18.408331,-3.580191,-3.678743,13.868068,-34.352962,170.508255,0.311141,0.474225,0.613631,-0.549328,
6858,1904724270,-18.077242,-2.194120,-3.781072,40.722870,-18.526997,167.410721,0.323120,0.489318,0.598009,-0.546397,
6859,1904740937,-16.455494,1.260159,-2.338941,9.468300,-25.169760,160.168076,0.337138,0.501498,0.584723,-0.541239,
6860,1904757604,-15.529198,0.605455,-1.722966,-70.220879,-44.565395,173.813705,0.359469,0.509075,0.575374,-0.529691,
6861,1904774271,-16.627625,-5.463172,-1.679158,-137.021042,-64.541733,182.081772,0.388703,0.511814,0.568951,-0.513082,
6862,1904790938,-16.317297,-10.227993,-0.555595,-100.899811,-80.610764,160.914047,0.414597,0.513114,0.559911,-0.501325,
6863,1904807605,-12.562368,-11.240477,-1.115419,-35.453423,-80.682533,127.623276,0.432897,0.515284,0.548188,-0.496563,
6864,1904824272,-9.274829,-8.626124,-2.323539,-11.943434,-75.653595,115.361954,0.447952,0.518087,0.535760,-0.493851,
6865,1904840939,-7.591955,-7.446537,-4.576583,-40.723297,-75.549385,112.055939,0.464746,0.518553,0.525440,-0.488906,
6866,1904857606,-5.967410,-7.470422,-5.333264,-77.433388,-78.801346,104.675056,0.483820,0.515509,0.517835,-0.481682,
6867,1904874273,-4.071337,-8.617238,-5.712301,-96.422714,-83.950439,95.379471,0.503806,0.509806,0.511635,-0.473825,
6868,1904890940,-2.039033,-10.614042,-3.926871,-67.803513,-82.790268,83.932045,0.520560,0.505193,0.504165,-0.468633,
6869,1904907607,-0.042768,-10.473800,-3.826487,-12.770271,-55.592705,54.681229,0.529146,0.504325,0.497027,-0.467576,
6870,1904924274,1.192539,-10.595170,-3.875157,40.640511,-17.270935,10.465316,0.527989,0.506933,0.492412,-0.470934,
6871,1904940941,2.680928,-12.096395,-4.564404,85.806610,11.818388,-34.416016,0.518282,0.511729,0.490194,-0.478779,
6872,1904957608,3.495534,-12.050198,-4.305309,140.581726,43.714363,-65.601448,0.499859,0.520461,0.488712,-0.490331,
6873,1904974275,1.294910,-8.780325,-2.740116,198.290146,57.586433,-91.530563,0.473823,0.532107,0.485690,-0.506421,
6874,1904990942,-2.332921,-3.059245,-0.916467,196.978867,32.554314,-124.335602,0.446704,0.538899,0.483034,-0.526046,
6875,1905007609,-5.712693,1.939251,1.060341,130.854797,0.515181,-160.591431,0.423776,0.535833,0.485692,-0.545346,
6876,1905024276,-12.698361,2.290557,-2.890370,97.175583,-3.599987,-213.302307,0.399143,0.526084,0.494365,-0.565266,
6877,1905040943,-20.330616,1.144800,-0.576703,-49.482059,-23.819153,-259.866821,0.382821,0.502109,0.516818,-0.578132,
6878,1905057610,-20.844549,-1.626834,-0.535400,-228.154770,-21.411055,-226.309753,0.381473,0.469982,0.551007,-0.574447,
6879,1905074277,-21.465361,1.460841,-1.902946,-210.998199,12.903497,-178.179932,0.379490,0.444622,0.581319,-0.566012,
6880,1905090944,-23.900923,0.879912,-3.305204,-236.595596,5.964507,-182.305176,0.378737,0.416146,0.612588,-0.555085,
6881,1905107611,-21.990290,-3.980467,-2.650664,-190.718872,11.870160,-187.384888,0.373624,0.389505,0.639733,-0.547207,
6882,1905124278,-18.901140,-10.709394,-1.585899,-132.111725,37.022179,-153.537964,0.365089,0.370721,0.660882,-0.540845,
6883,1905140945,-15.157110,-16.994066,-3.944196,-128.287918,82.474564,-114.369530,0.354748,0.359165,0.681471,-0.529862,
6884,1905157612,-14.141485,-15.886152,-2.855407,1.754378,109.715866,-106.341194,0.335302,0.356978,0.692588,-0.529589,
6885,1905174279,-14.373000,-9.126612,-1.805849,171.955963,93.999557,-99.858986,0.308844,0.362257,0.688961,-0.546554,
6886,1905190946,-12.795597,-0.363328,-0.945125,244.646225,72.651329,-85.900375,0.281413,0.370035,0.676979,-0.570598,
6887,1905207613,-9.835270,6.428249,-1.968712,199.974731,62.657661,-63.633060,0.258858,0.376879,0.666231,-0.589146,
6888,1905224280,-7.578868,10.709044,-2.552520,85.976822,51.033394,-21.108229,0.247164,0.382326,0.662069,-0.595319,
6889,1905240947,-4.632740,9.169160,1.263801,44.004410,33.731682,16.107344,0.242659,0.388299,0.658750,-0.596986,
6890,1905257614,-3.864475,5.277517,5.817590,38.299137,20.553871,46.200111,0.242339,0.395782,0.653710,-0.597741,
6891,1905274281,-3.697655,0.426268,1.823840,-127.484802,-15.240300,70.573700,0.257021,0.396522,0.660241,-0.583777,
6892,1905290948,-0.964368,-0.331684,-2.688606,-188.282074,-42.512768,79.668770,0.278424,0.393275,0.669933,-0.564808,
6893,1905307615,2.438310,-0.267774,-3.104949,-134.063232,-29.177711,70.152092,0.294447,0.392111,0.675780,-0.550340,
6894,1905324282,3.430794,-1.635801,-2.274477,-100.191963,0.348036,60.421150,0.304741,0.393650,0.680468,-0.537715,
6895,1905340949,1.778071,-7.186884,-3.967495,-84.653030,31.177315,55.828999,0.310653,0.397729,0.685392,-0.524924,
6896,1905357616,-1.366531,-9.893296,-5.395513,-16.745707,54.849190,45.626049,0.309440,0.405596,0.686673,-0.517901,
6897,1905374283,-4.538797,-6.441714,-1.513605,128.305267,48.209759,31.281670,0.299167,0.417948,0.677396,-0.526266,
6898,1905390950,-8.418849,-6.744224,3.017316,46.254993,25.842926,23.565584,0.295422,0.424156,0.673731,-0.528116,
6899,1905407617,-15.643208,-28.405914,-16.009235,129.562347,125.600571,-5.821474,0.274394,0.438562,0.669509,-0.533039,
6900,1905424284,-22.574507,8.195112,16.289593,343.768463,13.788580,-71.332390,0.245061,0.445741,0.647306,-0.567677,
6901,1905440951,-20.076952,17.710381,-0.861644,-17.536898,-40.363884,-31.005463,0.247252,0.438776,0.649510,-0.569633,
6902,1905457618,-15.993390,21.680593,0.471707,-30.448708,-50.521500,93.182274,0.261487,0.442175,0.644386,-0.566458,
6903,1905474285,-17.531288,9.349992,-3.769816,-96.744591,-53.415642,154.528305,0.285187,0.448347,0.640340,-0.554635,
6904,1905490952,-21.634365,-4.700777,-3.552372,-121.712074,-43.926708,171.623795,0.310770,0.455458,0.637031,-0.538678,
6905,1905507619,-21.541761,-13.597668,-4.044823,-53.914097,-49.357338,172.600784,0.332180,0.464911,0.627556,-0.528857,
6906,1905524286,-12.882834,-7.593550,-2.514094,33.480221,-48.616245,145.665359,0.345335,0.475895,0.612825,-0.527936,
6907,1905540953,-11.300855,-0.360550,-0.969582,19.015734,-49.010471,138.653671,0.358819,0.485266,0.599375,-0.525850,
6908,1905557620,-11.492913,1.553722,-1.029783,-29.082420,-58.931789,161.171539,0.378090,0.493068,0.587170,-0.518812,
6909,1905574287,-12.798460,-0.988159,-2.071007,-40.245140,-67.020676,177.195511,0.399796,0.500666,0.573798,-0.510152,
6910,1905590954,-13.721733,-4.972176,-2.092995,-8.852047,-63.761421,158.502609,0.417281,0.508424,0.559247,-0.504605,
6911,1905607621,-13.871639,-7.378459,-2.025584,9.312802,-65.839363,132.921768,0.431491,0.514780,0.544832,-0.501974,
6912,1905624288,-11.462307,-8.292935,-3.434298,-3.904058,-79.988770,123.710297,0.446941,0.518310,0.530937,-0.499707,
6913,1905640955,-8.367262,-10.249188,-5.103809,-25.791353,-78.937263,118.516899,0.463383,0.519861,0.518860,-0.495790,
6914,1905657622,-4.801720,-12.088815,-5.056520,-21.763327,-63.580540,111.820969,0.477692,0.522081,0.507834,-0.491273,
6915,1905674289,-2.432128,-13.238581,-3.909617,-3.544391,-50.370213,94.778687,0.488279,0.525097,0.497572,-0.488140,
6916,1905690956,-1.894153,-13.453628,-3.446222,35.214188,-38.269405,71.104050,0.493250,0.529905,0.487133,-0.488476,
6917,1905707623,-0.686127,-10.221791,-3.141484,85.765480,-26.108213,35.778343,0.490863,0.536607,0.476617,-0.493908,
6918,1905724290,-0.585737,-7.628006,-2.421360,68.197266,-18.307423,2.129407,0.486814,0.540202,0.470480,-0.499846,
6919,1905740957,0.534877,-9.145003,-2.229681,47.210564,-20.095951,-28.316702,0.482277,0.540049,0.468095,-0.506602,
6920,1905757624,2.028007,-9.694208,-1.280757,57.210934,-11.023569,-51.652325,0.474566,0.539622,0.467399,-0.514913,
6921,1905774291,1.869533,-7.600773,-1.225732,94.811111,3.651199,-77.219559,0.460883,0.541028,0.466804,-0.526281,
6922,1905790958,-1.634123,-2.842897,-1.313680,102.523712,-5.124542,-104.491745,0.444921,0.540216,0.466998,-0.540488,
6923,1905807625,-8.597772,0.767940,-2.746067,72.398064,-7.365950,-147.064026,0.427901,0.534107,0.472519,-0.555301,
6924,1905824292,-19.655228,-2.133169,-3.368404,4.966460,8.915277,-210.758514,0.409530,0.520331,0.489083,-0.567751,
6925,1905840959,-20.359121,-5.556825,1.004407,-133.663818,-43.023865,-220.624481,0.404032,0.492683,0.514154,-0.574169,
6926,1905857626,-16.779062,-4.359697,0.094932,-156.704117,9.849679,-166.707565,0.400209,0.471487,0.539727,-0.571166,
6927,1905874293,-20.454332,-3.634008,-1.495234,-179.201920,11.870231,-150.568207,0.398649,0.449873,0.565558,-0.564659,
6928,1905890960,-19.805349,-7.258311,-1.888882,-121.387001,5.089837,-169.203644,0.391912,0.429046,0.586872,-0.563833,
6929,1905907627,-18.969124,-9.309579,-1.016116,-32.638866,26.967094,-189.618805,0.375754,0.412954,0.602917,-0.569887,
6930,1905924294,-17.808132,-10.155169,-0.749748,18.534237,60.110050,-161.891968,0.355638,0.404533,0.614425,-0.576505,
6931,1905940961,-15.734728,-10.246001,-1.586518,46.751862,90.349533,-129.447311,0.333660,0.402754,0.622844,-0.581832,
6932,1905957628,-15.553635,-7.325197,-1.518964,80.843948,88.503647,-122.981903,0.310195,0.402812,0.627529,-0.589687,
6933,1905974295,-13.722525,-2.358516,-0.977685,99.756584,61.569260,-124.712082,0.287737,0.401002,0.629081,-0.600553,
6934,1905990962,-11.867527,1.783915,-2.051771,64.812119,51.426056,-107.415657,0.269609,0.398221,0.631929,-0.607781,
6935,1906007629,-11.546305,2.805292,-2.787758,49.749966,64.438377,-78.530708,0.253623,0.398523,0.634732,-0.611533,
6936,1906024296,-12.234016,3.791313,-2.382795,15.391108,66.438072,-48.063244,0.242102,0.400465,0.638760,-0.610739,
6937,1906040963,-12.053597,6.292220,-1.830361,-35.924980,62.219917,-19.256178,0.236490,0.402849,0.645431,-0.604323,
6938,1906057630,-9.283338,7.926970,1.053264,-47.813366,36.816574,2.652633,0.235866,0.404610,0.650921,-0.597462,
6939,1906074297,-3.441409,9.267001,3.106936,-31.612452,3.520123,28.964968,0.239718,0.406504,0.652272,-0.593155,
6940,1906090964,3.064716,7.123578,5.238664,-64.332970,-16.661814,53.724216,0.249536,0.407829,0.654213,-0.586017,
6941,1906107631,5.851668,2.190739,4.708510,-131.418671,-33.051224,61.052780,0.265441,0.405893,0.660637,-0.573021,
6942,1906124298,2.617479,-1.488859,0.330078,-142.358444,-40.735691,47.438484,0.281466,0.401386,0.668156,-0.559675,
6943,1906140965,0.157768,-4.700449,-4.652185,-138.340393,-30.126036,34.909199,0.295069,0.396496,0.676192,-0.546344,
6944,1906157632,-0.020413,-7.461803,-7.003169,-69.917999,20.288733,15.696324,0.298156,0.396545,0.681872,-0.537502,
6945,1906174299,-2.269971,-2.777799,4.140707,24.859156,31.468410,6.054294,0.293888,0.400589,0.681132,-0.537791,
6946,1906190966,-1.536390,-23.847158,-17.009939,-162.007187,-17.997129,0.908817,0.304916,0.392147,0.692988,-0.522510,
6947,1906207633,-19.954660,-9.368331,6.554111,437.805664,125.653076,-63.472012,0.261617,0.413725,0.667583,-0.561002,
6948,1906224300,-25.905985,5.896171,-1.782715,42.298946,36.019413,-40.243694,0.252089,0.414263,0.668093,-0.564350,
6949,1906240967,-23.584579,12.010409,2.784602,58.465565,-32.908104,68.156929,0.257154,0.420215,0.658117,-0.569365,
6950,1906257634,-14.905066,4.157700,-7.059978,-18.628183,-47.422024,140.175400,0.274209,0.428844,0.649362,-0.565008,
6951,1906274301,-14.257706,-0.746542,-1.813156,19.013134,-22.335169,165.157532,0.288459,0.443174,0.636617,-0.561346,
6952,1906290968,-22.921600,-3.921891,-3.064667,33.393784,2.198741,183.240158,0.300801,0.461496,0.622145,-0.556307,
6953,1906307635,-22.254129,-3.490607,-2.576457,29.844584,-22.837915,172.407028,0.314567,0.476343,0.607164,-0.552720,
6954,1906324302,-16.973223,0.267911,-0.351039,-2.216892,-31.464161,181.803238,0.331859,0.489538,0.593301,-0.546094,
6955,1906340969,-14.866706,-3.365592,-0.293454,-69.798660,-54.524063,196.608551,0.356851,0.498505,0.582138,-0.534104,
6956,1906357636,-14.621830,-9.612734,-0.686938,-76.916489,-65.852409,174.381165,0.381267,0.503887,0.572020,-0.523000,
6957,1906374303,-13.359010,-10.270412,-0.455363,-32.565647,-72.896431,139.855087,0.400127,0.507968,0.560270,-0.517655,
6958,1906390970,-11.678590,-7.379913,-1.403459,-34.294704,-76.800430,126.795609,0.418244,0.510329,0.549103,-0.512956,
6959,1906407637,-9.677205,-7.645773,-2.955487,-67.486671,-89.968529,138.475998,0.440506,0.510328,0.538431,-0.505582,
6960,1906424304,-7.373557,-8.255958,-5.362208,-84.407875,-99.352905,146.085251,0.464993,0.508774,0.527446,-0.496723,
6961,1906440971,-4.041225,-7.421401,-6.323485,-99.652473,-94.204124,135.785645,0.489097,0.505367,0.518258,-0.486620,
6962,1906457638,-1.300267,-9.024732,-4.083419,-101.961014,-87.220840,112.845245,0.510871,0.500202,0.511050,-0.477115,
6963,1906474305,1.613457,-12.469658,-3.611047,-42.628082,-75.826385,77.225029,0.524772,0.497356,0.502931,-0.473618,
6964,1906490972,2.740057,-11.863860,-3.324908,3.427328,-33.082516,53.650475,0.530493,0.499153,0.496521,-0.472115,
6965,1906507639,2.619061,-11.504515,-4.565620,63.450264,-0.487803,31.554384,0.527933,0.506177,0.490066,-0.474245,
6966,1906524306,3.339909,-10.872416,-4.595169,147.417801,34.253929,4.744771,0.514709,0.519983,0.482323,-0.481725,
6967,1906540973,3.727003,-9.054988,-2.859935,200.200043,51.579582,-20.611189,0.494141,0.536811,0.473765,-0.493161,
6968,1906557640,1.678829,-6.283318,-2.013084,222.378845,56.352917,-49.763241,0.468908,0.553007,0.465746,-0.507338,
6969,1906574307,-1.551793,-2.456542,-2.045202,205.920074,37.211838,-76.769066,0.443781,0.564225,0.459293,-0.523221,
6970,1906590974,-6.848607,1.630203,-1.584760,141.781693,12.571713,-105.383507,0.423002,0.567033,0.458084,-0.538241,
6971,1906607641,-15.321291,2.381941,-4.447556,150.546127,22.773270,-158.294312,0.396323,0.567174,0.460791,-0.555802,
6972,1906624308,-22.948219,2.942653,-0.336904,26.598759,-2.389643,-212.946747,0.376736,0.553904,0.476109,-0.569721,
6973,1906640975,-22.439697,-0.160858,1.415435,-170.795715,-37.324097,-201.558395,0.375941,0.527022,0.504348,-0.571446,
6974,1906657642,-21.192308,0.605203,-0.446598,-209.439072,-37.456436,-168.084946,0.380319,0.499657,0.532445,-0.567632,
6975,1906674309,-22.074324,-2.666541,-3.596729,-219.657059,-29.729567,-175.731400,0.383586,0.470955,0.561491,-0.561955,
6976,1906690976,-21.513836,-7.815390,-2.662194,-131.406067,1.478584,-175.822021,0.377728,0.449069,0.584306,-0.560577,
6977,1906707643,-17.840256,-11.554466,-1.635766,-92.989243,37.409084,-138.589767,0.369027,0.435012,0.603046,-0.557604,
6978,1906724310,-14.398732,-14.613895,-4.517665,-71.215057,93.971519,-115.255180,0.355653,0.428489,0.621210,-0.551369,
6979,1906740977,-15.376199,-13.314651,-3.825016,73.434105,119.046524,-127.735672,0.329753,0.430038,0.629430,-0.556912,
6980,1906757644,-15.833694,-6.780687,-2.211883,196.257019,92.079575,-135.672012,0.297643,0.434099,0.626225,-0.575162,
6981,1906774311,-13.579177,1.000565,-2.241494,214.476685,62.074173,-128.053528,0.267338,0.436524,0.618841,-0.595832,
6982,1906790978,-10.915870,7.154121,-5.019190,131.541214,55.020832,-103.626221,0.244771,0.436863,0.616175,-0.607921,
6983,1906807645,-9.687393,10.568899,-4.180583,48.723831,59.496609,-78.081886,0.229214,0.436740,0.619083,-0.611112,
6984,1906824312,-8.410505,11.122239,0.458710,4.825147,79.623817,-53.227161,0.216793,0.439084,0.624839,-0.608099,
6985,1906840979,-6.617369,6.148307,3.998187,-61.841129,63.192112,-26.483568,0.212452,0.440221,0.634141,-0.599113,
6986,1906857646,-5.386007,3.029014,1.631976,-79.136734,7.512074,12.730000,0.217740,0.439519,0.640613,-0.590787,
6987,1906874313,-1.487867,4.121768,-2.880112,-119.536987,-29.739420,42.208393,0.231561,0.436974,0.647330,-0.579999,
6988,1906890980,1.351509,3.534262,1.333731,-73.518501,-25.424917,52.259090,0.242839,0.437172,0.649496,-0.572771,
6989,1906907647,0.502989,1.844321,2.998708,-16.299915,-12.892220,43.656178,0.248551,0.439573,0.647810,-0.570388,
6990,1906924314,-0.974489,-2.455182,-3.512444,-91.647491,-4.865860,43.505959,0.258279,0.439843,0.652587,-0.560325,
6991,1906940981,-3.285288,-6.266632,-4.316660,-87.710289,27.586176,39.171043,0.264265,0.442399,0.658399,-0.548599,
6992,1906957648,-5.016266,-14.672972,-1.341954,-111.315369,-12.127904,15.407520,0.273610,0.438495,0.665938,-0.537948,
6993,1906974315,-7.499429,-16.694908,-7.534531,319.968872,87.925407,-48.994980,0.240367,0.452755,0.646949,-0.564532,
6994,1906990982,-10.570142,17.237860,4.136048,177.762268,9.004892,-67.728134,0.221984,0.453092,0.637091,-0.582708,
6995,1907007649,-19.822676,14.694140,-1.355847,-95.446617,36.807949,75.932816,0.231086,0.460029,0.641458,-0.568776,
6996,1907024316,-23.505203,-0.904545,2.662959,-76.867424,-24.986786,195.479553,0.254458,0.473342,0.633799,-0.556327,
6997,1907040983,-26.306206,-9.690012,-3.089805,-18.100317,-17.994667,159.519547,0.270050,0.485732,0.623646,-0.549733,
6998,1907057650,-20.165178,-7.283576,-2.300959,89.209213,-12.726993,135.010117,0.275479,0.500270,0.606510,-0.553163,
6999,1907074317,-16.709272,0.120452,-1.105616,109.480186,-5.022391,161.806915,0.280724,0.518268,0.585696,-0.556376,
7000,1907090984,-17.736946,5.999591,-1.114489,47.764145,-16.568966,179.460800,0.292822,0.533925,0.567627,-0.554059,
7001,1907107651,-17.555576,3.739853,-1.449500,-56.990295,-45.811897,194.955399,0.316482,0.543610,0.555085,-0.544252,
7002,1907124318,-17.177431,-2.956482,-2.215895,-152.155396,-80.055511,195.268707,0.350086,0.545597,0.547826,-0.528822,
7003,1907140985,-16.086618,-10.968895,-3.764894,-139.890610,-92.044159,164.810547,0.380880,0.544154,0.540721,-0.516189,
7004,1907157652,-12.280058,-11.217259,-2.568801,-88.905296,-88.247177,122.043396,0.403786,0.541965,0.532896,-0.509170,
7005,1907174319,-8.456869,-8.311709,-4.019968,-74.791634,-78.318298,113.251205,0.423924,0.540345,0.524998,-0.502688,
7006,1907190986,-5.736650,-7.700194,-5.428458,-83.902847,-68.219032,119.395134,0.444230,0.539083,0.517631,-0.494074,
7007,1907207653,-4.426456,-7.126839,-5.111665,-91.839027,-67.897690,111.864487,0.464350,0.536474,0.511169,-0.485060,
7008,1907224320,-3.102027,-7.403447,-4.437621,-82.486618,-78.624336,95.993813,0.483183,0.532291,0.504310,-0.478408,
7009,1907240987,-2.783724,-7.754927,-3.055786,-62.483479,-76.752434,71.982857,0.498470,0.527677,0.497855,-0.474581,
7010,1907257654,-2.931629,-9.167188,-2.997469,-53.351395,-74.039818,39.211380,0.510466,0.521401,0.493357,-0.473463,
7011,1907274321,-1.023364,-10.465313,-3.528124,-28.420849,-58.591377,11.337422,0.517466,0.515961,0.490332,-0.474963,
7012,1907290988,1.210961,-10.856048,-3.786683,8.455440,-28.631914,-3.864303,0.518480,0.514253,0.488133,-0.477966,
7013,1907307655,3.069319,-10.760174,-3.703934,42.830910,5.827296,-14.023285,0.513750,0.516794,0.486891,-0.481585,
7014,1907324322,4.534876,-9.404531,-2.596257,96.059105,32.713352,-30.154896,0.501910,0.523979,0.485078,-0.488093,
7015,1907340989,5.680085,-6.958624,-3.331521,161.727142,47.159756,-57.116390,0.481903,0.534840,0.481494,-0.499881,
7016,1907357656,0.582416,-1.389440,-3.118049,176.376022,42.789867,-98.940086,0.457641,0.543059,0.479416,-0.515572,
7017,1907374323,-9.160648,0.348972,-5.754435,193.974716,35.418682,-156.917114,0.427642,0.547241,0.479566,-0.536348,
7018,1907390990,-18.281565,0.069554,-1.358763,113.080070,26.436035,-231.479507,0.398296,0.539732,0.490734,-0.556086,
7019,1907407657,-27.062309,-4.158560,0.544849,-81.246353,18.269646,-239.424637,0.383583,0.518983,0.517077,-0.562277,
7020,1907424324,-25.682022,2.062855,-0.858484,-144.186707,9.892382,-150.418076,0.381083,0.500128,0.540784,-0.558752,
7021,1907440991,-23.753561,1.808415,-1.937044,-195.472794,-6.643312,-135.337418,0.384431,0.477739,0.566061,-0.550958,
7022,1907457658,-22.040892,-4.151796,-1.801535,-147.282669,-4.755048,-157.648270,0.382066,0.455832,0.588506,-0.547636,
7023,1907474325,-19.566702,-9.136600,-1.614788,-114.646873,-1.501029,-149.965775,0.377535,0.436251,0.607504,-0.545979,
7024,1907490992,-14.385264,-14.031643,-4.126438,-119.389893,54.205280,-115.269173,0.370867,0.423587,0.627303,-0.538075,
7025,1907507659,-12.371452,-14.319819,-2.122632,19.671787,97.703842,-102.560356,0.352451,0.422751,0.637440,-0.539196,
7026,1907524326,-13.632696,-9.596435,-0.127583,150.591171,87.112053,-125.497368,0.324916,0.425365,0.637724,-0.553900,
7027,1907540993,-13.295040,-2.824903,-0.199047,204.351410,61.679813,-129.509766,0.295719,0.427606,0.631989,-0.574714,
7028,1907557660,-11.357624,2.376344,-1.610890,189.673569,55.244621,-110.213310,0.269284,0.429936,0.625240,-0.593058,
7029,1907574327,-11.125140,3.954604,-4.122228,120.592087,62.682991,-77.385620,0.249108,0.432844,0.622184,-0.602893,
7030,1907590994,-11.490433,6.502795,-3.544765,56.743435,60.316765,-34.713749,0.236822,0.436945,0.621737,-0.605343,
7031,1907607661,-9.795550,8.104316,-1.340700,2.792202,37.372063,-9.508035,0.232238,0.439405,0.623581,-0.603438,
7032,1907624328,-6.130816,6.564983,1.270471,-16.464357,14.677209,2.204598,0.231971,0.440278,0.625584,-0.600826,
7033,1907640995,-2.113956,5.783817,0.821083,-84.947914,-7.409182,35.064636,0.240951,0.439861,0.630660,-0.592229,
7034,1907657662,2.011773,3.206997,1.814963,-71.924828,-22.408976,57.143181,0.252333,0.440553,0.632559,-0.584904,
7035,1907674329,4.741220,2.827837,1.842155,-66.871666,-28.643463,50.582081,0.263363,0.440220,0.634107,-0.578582,
7036,1907690996,3.013413,0.005070,-1.296711,-86.729576,-21.372179,44.538628,0.274437,0.439098,0.637873,-0.570086,
7037,1907707663,1.013167,-3.467710,-3.268946,-110.715286,-1.674987,42.375164,0.284965,0.438339,0.644390,-0.558048,
7038,1907724330,0.845461,-7.771472,-6.805064,-89.261971,36.084526,27.850401,0.289333,0.440059,0.651493,-0.546071,
7039,1907740997,-0.592879,-6.753547,-2.432418,76.859581,68.075218,13.444453,0.278825,0.449847,0.647529,-0.548272,
7040,1907757664,-2.769535,-0.018535,4.137740,83.864494,14.086056,15.780266,0.273074,0.455747,0.640542,-0.554467,
7041,1907774331,-4.937943,-17.317411,-18.809746,-140.970551,25.083822,12.436954,0.280851,0.453156,0.652151,-0.538956,
7042,1907790998,-26.512688,0.071004,13.664737,281.059052,101.860207,-13.185418,0.251196,0.470858,0.634754,-0.558823,
7043,1907807665,-30.445751,1.724907,-4.079866,52.251637,8.473773,-9.734591,0.245867,0.472473,0.631675,-0.563300,
7044,1907824332,-20.006714,15.913828,2.180289,0.977544,-43.923744,51.264431,0.253860,0.473534,0.626680,-0.564442,
7045,1907840999,-16.723730,7.463429,-2.623314,-48.388618,-35.895184,130.721786,0.270987,0.480555,0.620392,-0.557449,
7046,1907857666,-17.028620,-1.021606,-1.755159,-39.455608,-40.513206,172.924423,0.291181,0.491094,0.609898,-0.549606,
7047,1907874333,-23.131281,-6.506682,-2.925472,-3.357080,-34.773132,169.896194,0.307855,0.503031,0.596575,-0.544321,
7048,1907891000,-19.573223,-4.145492,-3.286907,31.390392,-40.956741,155.534546,0.321207,0.514491,0.580920,-0.542825,
7049,1907907667,-15.560943,-0.985294,-2.487460,5.742829,-38.091133,161.462326,0.336523,0.525189,0.566653,-0.538364,
7050,1907924334,-14.833026,-2.297183,-2.157101,-54.766781,-43.645027,167.659271,0.357191,0.532672,0.556019,-0.528696,
7051,1907941001,-15.317694,-5.491714,-1.269393,-92.734612,-60.249859,151.104431,0.380617,0.535186,0.548329,-0.517729,
7052,1907957668,-12.663422,-6.493110,-1.423786,-73.582794,-77.395737,129.926407,0.402074,0.535425,0.539532,-0.510454,
7053,1907974335,-10.418188,-6.478951,-2.512984,-36.146435,-73.691017,116.553452,0.419126,0.536807,0.528941,-0.506354,
7054,1907991002,-8.372561,-6.599041,-3.473880,-5.402038,-65.557449,108.422127,0.432394,0.539834,0.517018,-0.504290,
7055,1908007669,-6.896742,-6.759682,-4.337303,-11.831221,-56.915794,115.972908,0.445922,0.543474,0.505344,-0.500420,
7056,1908024336,-5.759617,-7.441989,-5.292451,-35.538868,-55.492908,126.328773,0.461798,0.546230,0.494478,-0.493830,
7057,1908041003,-5.430883,-8.069601,-4.732196,-66.984856,-64.047188,121.566032,0.480233,0.545669,0.485453,-0.485756,
7058,1908057670,-5.755497,-8.140100,-1.744957,-87.216385,-82.343201,98.737450,0.499711,0.540521,0.478153,-0.479060,
7059,1908074337,-4.447315,-9.463313,-1.856991,-88.184486,-93.681206,56.234852,0.516860,0.531306,0.473221,-0.476060,
7060,1908091004,-0.664844,-9.642488,-2.892064,-60.477520,-64.344650,1.387113,0.525901,0.522276,0.472681,-0.476688,
7061,1908107671,2.414227,-11.257730,-3.683783,-14.555089,-19.361450,-48.174545,0.524861,0.516408,0.476111,-0.480794,
7062,1908124338,5.047075,-12.117550,-3.449665,29.988510,13.164295,-76.387413,0.516191,0.514205,0.480982,-0.487646,
7063,1908141005,4.994516,-11.252880,-3.306012,120.073372,45.136417,-92.100670,0.497253,0.519755,0.482878,-0.499425,
7064,1908157672,-3.179462,-5.355745,-1.313317,184.914520,54.382256,-124.413620,0.470007,0.527965,0.482780,-0.516983,
7065,1908174339,-10.658001,-2.211797,0.243460,130.381592,27.150930,-185.581726,0.443735,0.525515,0.489080,-0.536410,
7066,1908191006,-16.935476,-3.888938,0.369884,35.419556,12.301373,-229.975098,0.421808,0.512023,0.504666,-0.552471,
7067,1908207673,-24.623940,-2.004101,-2.382189,-22.312672,12.460154,-217.954773,0.404670,0.495321,0.523450,-0.562941,
7068,1908224340,-22.646791,2.408409,-2.270448,-105.977943,-9.818421,-175.479507,0.398338,0.474624,0.544205,-0.565599,
7069,1908241007,-20.708714,0.140251,-2.804655,-155.507812,-11.051945,-161.380417,0.396288,0.451604,0.567447,-0.563041,
7070,1908257674,-19.166693,-3.790938,-1.730794,-126.638199,8.160607,-171.078079,0.389557,0.430559,0.589486,-0.561581,
7071,1908274341,-17.167927,-8.288581,-1.408538,-101.586075,37.166206,-157.976868,0.379497,0.414044,0.609781,-0.559213,
7072,1908291008,-14.499275,-12.161528,-2.195943,-73.038216,75.961548,-125.142410,0.366686,0.404887,0.627501,-0.554844,
7073,1908307675,-12.613680,-10.778711,-2.392069,8.735579,92.241661,-121.571152,0.347661,0.401509,0.638940,-0.556489,
7074,1908324342,-12.807531,-5.542108,-1.815518,108.155052,76.864555,-121.959953,0.324018,0.401634,0.641195,-0.567955,
7075,1908341009,-12.052734,-0.306484,-2.532197,127.750290,65.258415,-104.331261,0.301548,0.403093,0.639816,-0.580709,
7076,1908357676,-11.633434,2.913988,-2.802123,117.278763,77.167854,-84.380913,0.280082,0.406706,0.638274,-0.590552,
7077,1908374343,-11.398166,6.361619,-2.789954,90.965599,85.874969,-53.002235,0.261927,0.412713,0.637181,-0.595873,
7078,1908391010,-9.692553,8.758021,-2.162971,32.425426,92.372879,-22.838848,0.249219,0.419725,0.639401,-0.594045,
7079,1908407677,-6.961090,6.292720,3.688599,61.112846,73.802216,12.188235,0.239467,0.429345,0.636196,-0.594621,
7080,1908424344,-3.609127,2.788902,4.961849,50.194603,24.462648,39.403557,0.237284,0.436776,0.630421,-0.596234,
7081,1908441011,0.898179,4.036425,2.692142,-5.955100,-7.621417,56.580173,0.243082,0.441026,0.627264,-0.594096,
7082,1908457678,3.247086,4.891203,1.151756,-61.895824,-7.995147,62.538231,0.252990,0.443759,0.628472,-0.586600,
7083,1908474345,1.947192,1.752557,3.398933,-59.914654,-13.079850,55.105591,0.262564,0.445385,0.629706,-0.579797,
7084,1908491012,1.069988,-3.135429,-1.998789,-156.446579,-18.274776,35.021648,0.277082,0.440891,0.639964,-0.565057,
7085,1908507679,0.438149,-6.421873,-7.645976,-182.812683,-3.065858,15.732244,0.290112,0.434509,0.653831,-0.547306,
7086,1908524346,-1.011679,-6.501017,-2.690056,-91.236946,10.310822,7.253753,0.295275,0.432053,0.661218,-0.537527,
7087,1908541013,-3.757313,-21.764832,-17.673037,-145.278152,-5.867103,-3.885711,0.304422,0.424801,0.672627,-0.523876,
7088,1908557680,-17.330050,-8.910389,10.090496,425.264893,164.638077,-56.339260,0.256918,0.449607,0.649722,-0.556516,
7089,1908574347,-18.884733,8.643864,-0.201435,60.421642,6.734901,-23.025108,0.250275,0.450136,0.646771,-0.562521,
7090,1908591014,-23.608093,10.829361,4.610109,58.568127,10.045564,61.009956,0.250294,0.458724,0.638509,-0.565007,
7091,1908607681,-19.453579,5.911183,-3.280573,-9.897173,-51.810814,137.880035,0.266875,0.466742,0.628296,-0.562295,
7092,1908624348,-20.661726,0.222763,-2.298633,35.703659,-23.296051,154.258698,0.278969,0.480134,0.614038,-0.560899,
7093,1908641015,-24.036495,-1.769556,-3.245355,29.529421,-15.637156,157.062820,0.290893,0.493895,0.600069,-0.558003,
7094,1908657682,-20.606447,1.415631,-2.448106,36.446018,-29.084879,147.416321,0.302565,0.505764,0.585352,-0.556796,
7095,1908674349,-17.687529,5.429438,-2.260204,-25.288290,-23.800053,159.387527,0.319141,0.516100,0.574676,-0.549125,
7096,1908691016,-17.636442,-1.447648,-3.750335,-96.224106,-45.586903,182.939117,0.344507,0.522988,0.566456,-0.535656,
7097,1908707683,-15.345422,-9.663008,-3.269675,-128.425995,-77.813828,189.918549,0.375147,0.525760,0.557983,-0.521055,
7098,1908724350,-12.080329,-13.916743,-2.238138,-62.406128,-77.095726,165.597015,0.398460,0.529684,0.545846,-0.512561,
7099,1908741017,-9.952007,-11.377182,-1.681183,10.432054,-63.590538,140.474731,0.412962,0.536503,0.530651,-0.509940,
7100,1908757684,-10.230939,-6.911798,-2.141426,19.993528,-50.715744,132.979721,0.424974,0.544022,0.515863,-0.507271,
7101,1908774351,-9.808728,-6.336308,-3.205428,-12.083782,-53.841400,127.943939,0.439210,0.548725,0.503435,-0.502544,
7102,1908791018,-8.301998,-7.262964,-3.154803,-49.279053,-57.720932,119.995758,0.455934,0.549959,0.493908,-0.495707,
7103,1908807685,-5.620505,-7.595567,-2.602978,-65.951057,-63.197506,111.725945,0.473593,0.548864,0.485673,-0.488449,
7104,1908824352,-3.151306,-7.478408,-3.292180,-65.380493,-64.442879,94.731697,0.489895,0.546300,0.478477,-0.482308,
7105,1908841019,-1.401101,-8.848886,-3.708463,-77.450966,-68.236610,61.544392,0.504928,0.540118,0.474338,-0.477835,
7106,1908857686,1.277939,-12.255759,-4.915564,-57.086246,-51.641262,22.132975,0.514364,0.533747,0.472999,-0.476254,
7107,1908874353,2.579801,-13.600625,-5.409528,27.436172,-12.129584,3.238935,0.513168,0.535094,0.470196,-0.478800,
7108,1908891020,3.388352,-12.322500,-3.071036,93.117439,19.133644,-12.599129,0.503561,0.542380,0.466341,-0.484539,
7109,1908907687,5.133208,-10.286366,-1.856505,134.779327,40.876781,-37.539272,0.487270,0.552381,0.462963,-0.493062,
7110,1908924354,3.693368,-8.118195,-2.234565,174.191757,48.169807,-68.454422,0.464802,0.563270,0.459475,-0.505540,
7111,1908941021,-1.642385,-2.611531,-2.206644,185.401245,35.374123,-102.362595,0.439364,0.571211,0.456671,-0.521662,
7112,1908957688,-11.210113,1.304908,-4.753761,184.763596,29.407175,-161.285400,0.409407,0.574095,0.457909,-0.541408,
7113,1908974355,-25.078201,-2.081996,-3.004411,122.192314,23.969894,-239.657822,0.378283,0.566788,0.469640,-0.561333,
7114,1908991022,-25.033634,-3.397134,-0.375791,-27.373369,-14.108447,-211.192245,0.363928,0.549370,0.488544,-0.571906,
7115,1909007689,-19.860697,0.632373,-0.936657,-91.870735,8.538659,-152.306641,0.357711,0.534147,0.508901,-0.572495,
7116,1909024356,-20.800905,0.745162,-2.037286,-163.386444,-9.209998,-167.981018,0.356726,0.512072,0.535030,-0.569450,
7117,1909041023,-20.365597,-2.571875,-2.666489,-144.304962,-10.375547,-188.955963,0.352248,0.488647,0.560437,-0.568381,
7118,1909057690,-19.804796,-5.373452,-1.504117,-106.335205,2.644781,-186.472382,0.343829,0.467907,0.582579,-0.568725,
7119,1909074357,-16.289661,-9.149235,-1.592903,-100.737617,43.885838,-139.203522,0.335156,0.454470,0.602618,-0.563898,
7120,1909091024,-14.218371,-10.737847,-2.400880,-26.065252,82.058380,-134.483948,0.318382,0.447937,0.617710,-0.562514,
7121,1909107691,-15.349435,-7.775512,-2.303539,63.645191,85.561089,-142.128571,0.294626,0.444880,0.625742,-0.568969,
7122,1909124358,-15.698619,-3.710853,-1.874736,108.523964,63.418854,-125.485237,0.271159,0.443126,0.627611,-0.579843,
7123,1909141025,-13.656774,0.980084,-2.312269,112.626770,55.768070,-97.719826,0.250304,0.443155,0.626660,-0.590137,
7124,1909157692,-11.546805,4.527687,-3.647187,96.959259,54.812817,-66.982986,0.233074,0.445133,0.624753,-0.597678,
7125,1909174359,-8.510045,9.320657,-3.023433,69.335709,59.891575,-47.055450,0.218837,0.448299,0.623944,-0.601527,
7126,1909191026,-5.204596,11.136415,1.538815,57.076145,59.078438,-30.770313,0.206859,0.452397,0.622995,-0.603677,
7127,1909207693,-2.081744,9.062149,5.812696,0.171804,28.473249,2.522455,0.204306,0.455074,0.623871,-0.601626,
7128,1909224360,1.280610,5.323691,7.809109,-30.982557,-17.018137,38.335659,0.211074,0.456078,0.623724,-0.598674,
7129,1909241027,4.353184,3.825485,1.171780,-138.104965,-49.510105,52.360226,0.229058,0.452107,0.630798,-0.587561,
7130,1909257694,1.931300,2.561705,-2.570496,-155.291061,-52.453861,54.204659,0.248468,0.447222,0.638760,-0.574669,
7131,1909274361,-0.542713,-2.222493,-3.973978,-130.264038,-35.374023,49.508495,0.264140,0.443996,0.645212,-0.562851,
7132,1909291028,-2.170585,-5.675977,-9.685767,-200.105865,-16.752003,34.648506,0.281180,0.437923,0.658631,-0.543478,
7133,1909307695,-4.910956,-6.719146,-5.922107,-122.330276,24.694876,34.933144,0.289144,0.438063,0.667174,-0.528562,
7134,1909324362,-7.650046,-5.422079,4.652238,-39.018879,-16.502831,36.524117,0.295856,0.438601,0.667339,-0.524175,
7135,1909341029,-4.965345,-30.670176,-23.173059,-4.273388,75.901642,9.995019,0.289334,0.445059,0.670458,-0.518359,
7136,1909357696,-20.020725,1.128709,14.328094,434.040283,55.089207,-32.747208,0.252651,0.463277,0.641045,-0.557319,
7137,1909374363,-20.186485,8.866133,-1.560920,94.277977,32.637249,1.912676,0.243208,0.469443,0.634618,-0.563681,
7138,1909391030,-18.627436,17.470890,2.288253,62.800781,-0.341436,105.862167,0.247425,0.481267,0.622338,-0.565562,
7139,1909407697,-18.161188,8.989156,-4.247139,-45.801895,-26.884026,181.342178,0.267731,0.493582,0.612419,-0.556455,
7140,1909424364,-17.406372,-0.996417,-1.681198,-42.258713,-15.931006,183.605011,0.286796,0.506758,0.602019,-0.546370,
7141,1909441031,-17.449482,-4.595704,-0.395592,-22.329618,-16.743572,180.739120,0.304032,0.520085,0.589775,-0.537814,
7142,1909457698,-17.815987,-7.133011,-1.733895,-7.185262,-26.872072,163.168289,0.319425,0.531453,0.576852,-0.531760,
7143,1909474365,-15.782022,-5.832679,-1.877666,-12.036847,-50.020733,141.822266,0.335318,0.538737,0.564578,-0.527805,
7144,1909491032,-13.231867,-3.417590,-3.022710,-9.383195,-57.538544,134.557449,0.350909,0.544729,0.552044,-0.524769,
7145,1909507699,-11.728177,-1.278997,-3.436084,-23.204390,-55.167889,127.032631,0.366681,0.549360,0.541047,-0.520596,
7146,1909524366,-12.389703,-0.964013,-3.015825,-27.571720,-58.494724,116.860588,0.382150,0.552492,0.530804,-0.516685,
7147,1909541033,-11.983222,-3.313411,-3.377645,-34.553711,-63.371868,116.506729,0.398385,0.554633,0.520643,-0.512449,
7148,1909557700,-12.840630,-6.346890,-3.855292,-62.138233,-67.718208,127.629433,0.417822,0.555443,0.511154,-0.505600,
7149,1909574367,-11.619763,-8.606884,-5.177936,-62.528408,-68.829674,140.839844,0.438110,0.556821,0.500277,-0.497730,
7150,1909591034,-9.301247,-8.316782,-4.276717,-52.364967,-63.969505,158.190018,0.458199,0.560109,0.487257,-0.488788,
7151,1909607701,-7.673882,-6.621023,-2.625443,-30.561686,-61.152233,160.159500,0.476151,0.564827,0.472402,-0.480717,
7152,1909624368,-5.511363,-6.059915,-2.559654,-27.236298,-63.327568,128.950455,0.491542,0.567175,0.459475,-0.474956,
7153,1909641035,-3.799589,-6.844991,-3.357186,-58.792126,-69.218239,76.245483,0.506106,0.563129,0.452489,-0.471168,
7154,1909657702,-1.969144,-10.550133,-3.975857,-53.288937,-62.470871,35.661335,0.516875,0.557149,0.448845,-0.470069,
7155,1909674369,0.623862,-13.149781,-3.170496,3.442061,-33.814903,9.891457,0.519362,0.555658,0.445525,-0.472247,
7156,1909691036,2.193056,-12.152030,-2.255262,56.670906,6.154232,-23.766817,0.512614,0.558720,0.444270,-0.477164,
7157,1909707703,2.159691,-9.903674,-1.386385,85.549438,37.201508,-58.562527,0.499008,0.563744,0.446081,-0.483940,
7158,1909724370,-0.843970,-7.589966,-0.454348,119.231499,46.135345,-91.490601,0.479544,0.569481,0.448697,-0.494370,
7159,1909741037,-5.996874,-3.660717,-0.841707,122.220428,28.653934,-125.803970,0.458218,0.571586,0.452452,-0.508541,
7160,1909757704,-12.511688,-0.187548,-1.691291,123.141716,24.044399,-166.136780,0.433769,0.570300,0.458824,-0.525438,
7161,1909774371,-18.419205,2.258263,-0.350411,75.739868,5.682848,-205.229568,0.411067,0.561456,0.470454,-0.542648,
7162,1909791038,-18.801231,-1.542662,-0.356968,-57.594040,-21.136942,-216.537003,0.399761,0.541159,0.491427,-0.553028,
7163,1909807705,-20.221811,-1.537802,-0.314725,-100.738335,-2.646104,-199.437042,0.391472,0.520478,0.515069,-0.557277,
7164,1909824372,-21.048550,-1.063560,-1.529022,-130.503006,-17.151894,-201.911255,0.385869,0.496139,0.539887,-0.559889,
7165,1909841039,-19.678265,-1.723709,-2.573328,-148.563370,-19.159935,-204.462708,0.381013,0.469774,0.565537,-0.560635,
7166,1909857706,-18.117235,-3.008698,-3.027208,-146.126007,-3.427854,-201.016174,0.374463,0.444477,0.590860,-0.559557,
7167,1909874373,-15.974620,-5.509498,-3.294517,-122.752670,20.569986,-175.772247,0.365960,0.424058,0.613272,-0.556909,
7168,1909891040,-12.363385,-8.532595,-2.919645,-57.353188,54.162949,-150.522522,0.352176,0.411747,0.630122,-0.556224,
7169,1909907707,-12.624567,-8.361086,-2.210909,8.559162,80.528503,-148.640976,0.331958,0.404861,0.642485,-0.559559,
7170,1909924374,-14.249089,-6.010010,-2.353680,64.173126,85.521576,-135.405899,0.308867,0.402047,0.649379,-0.566805,
7171,1909941041,-14.466175,-1.957268,-1.772022,107.823708,81.169373,-111.083107,0.285440,0.402872,0.650636,-0.576969,
7172,1909957708,-13.444875,2.541337,-2.626924,88.310547,70.206161,-85.875092,0.266157,0.404133,0.651244,-0.584568,
7173,1909974375,-10.901361,5.763789,-1.793599,81.358772,68.859238,-63.477703,0.249215,0.406982,0.650825,-0.590497,
7174,1909991042,-7.105711,6.892415,0.552807,86.915192,55.321430,-41.599850,0.235034,0.410822,0.647948,-0.596783,
7175,1910007709,-4.217857,5.638977,2.692400,117.754173,38.603241,-1.256217,0.224022,0.417948,0.639221,-0.605419,
7176,1910024376,-1.075971,7.979021,2.702469,52.909393,0.860003,30.834286,0.223245,0.422541,0.632893,-0.609155,
7177,1910041043,-1.298337,8.871874,1.471351,-61.338760,-15.300893,45.829624,0.232286,0.423331,0.635175,-0.602818,
7178,1910057710,-1.741008,7.141558,0.226059,-92.855614,-26.913401,47.798309,0.244472,0.422142,0.639586,-0.594105,
7179,1910074377,-2.883350,1.617260,-0.680597,-111.430901,-15.370209,58.952332,0.257619,0.422207,0.645139,-0.582384,
7180,1910091044,-4.515121,-2.840040,-0.973213,-140.606384,-13.860676,70.907402,0.273317,0.422244,0.652204,-0.567132,