PacketCounter,SampleTimeFine,Acc_X,Acc_Y,Acc_Z,Gyr_X,Gyr_Y,Gyr_Z,Quat_W,Quat_X,Quat_Y,Quat_Z,Acc_X_filtered,Acc_Y_filtered,Acc_Z_filtered,Gyr_X_filtered,Gyr_Y_filtered,Gyr_Z_filtered
1,2278529916,9.899608,-0.940862,-0.534865,-2.304349,1.568477,1.144689,0.68983,-0.051374,-0.721763,0.023454,9.899581960756759,-0.9408813706832198,-0.5349157826794042,-2.304369870627644,1.5682662891230055,1.1446944931720302
2,2278546583,9.893066,-0.970396,-0.498612,-2.27752,1.630703,1.271229,0.689805,-0.05139,-0.721787,0.023404,9.894679585688468,-0.9527236625220852,-0.5126351503025866,-2.2045127999543284,1.5934536165592252,1.196770302997893
3,2278563250,9.888271,-0.959615,-0.501352,-2.112074,1.59943,1.222513,0.689779,-0.051379,-0.721814,0.023374,9.893584225738158,-0.9584995904670952,-0.4983949808989858,-2.1450046322425824,1.6198160104211885,1.2447622980555142
4,2278579917,9.895207,-0.959944,-0.491275,-2.042254,1.650425,1.269999,0.689758,-0.051376,-0.721835,0.023346,9.896674985547655,-0.958062546025152,-0.495312061342868,-2.1372821953407306,1.6464701295478157,1.2880673360816306
5,2278596584,9.908261,-0.936388,-0.520865,-2.175824,1.638566,1.288248,0.689735,-0.051373,-0.721858,0.02332,9.900981430290722,-0.9562854701823187,-0.500878655379836,-2.156502326220745,1.6679778901835602,1.3250685137397298
6,2278613251,9.909953,-0.954378,-0.499135,-2.260513,1.68285,1.371349,0.689716,-0.051402,-0.721875,0.023279,9.903420587778069,-0.9571156831365879,-0.5098580770200212,-2.1668408421233263,1.6753217393618078,1.3488500130915095
7,2278629918,9.894367,-0.98124,-0.500766,-2.34191,1.719412,1.416837,0.6897,-0.051448,-0.721889,0.02323,9.9035475225206,-0.9600784473582051,-0.5170112114312465,-2.158320214832824,1.664159760622844,1.3541793557327604
8,2278646585,9.898572,-0.972166,-0.533598,-1.756801,1.620714,1.323901,0.689678,-0.051415,-0.721911,0.023245,9.90299742545135,-0.9625378203809946,-0.5184986173813335,-2.152454284013715,1.643146223493396,1.3488525215035396
9,2278663252,9.903972,-0.932556,-0.522622,-2.182049,1.57771,1.294216,0.689649,-0.051413,-0.721941,0.023219,9.902995231412362,-0.96325384894077,-0.5134953479666938,-2.170119034083521,1.630491386219159,1.3518862264945242
10,2278679919,9.914732,-0.965901,-0.496216,-2.519175,1.705338,1.403288,0.68963,-0.051473,-0.721956,0.023153,9.903295581033948,-0.9625990488200362,-0.5056036709412772,-2.2093283339846277,1.6389707729909542,1.3768294749041337
11,2278696586,9.902707,-0.977056,-0.496058,-2.275944,1.586944,1.424777,0.6896,-0.051474,-0.721985,0.02315,9.903205668670275,-0.9610818597399844,-0.5013444859416789,-2.262256409991208,1.6643644361685475,1.4188827816129863
12,2278713253,9.88291,-0.968782,-0.507154,-2.068264,1.749879,1.480523,0.689589,-0.051498,-0.721994,0.023138,9.90246892020325,-0.9594978321500376,-0.5056048711028269,-2.332414240492087,1.6904049375679024,1.4602943167922782
13,2278729920,9.91135,-0.935654,-0.528288,-2.341257,1.697565,1.462069,0.689571,-0.051546,-0.722009,0.023096,9.901063080452852,-0.9593846247761594,-0.5177825761672331,-2.4145646283042588,1.706554399498095,1.4868619326943757
14,2278746587,9.916156,-0.956504,-0.517382,-2.748922,1.783803,1.530519,0.689558,-0.051638,-0.722017,0.023021,9.899287442897617,-0.9613216658575066,-0.5317883157845297,-2.4728173130649287,1.7205172973395177,1.4982232824949613
15,2278763254,9.883799,-0.98186,-0.539067,-2.453914,1.65994,1.455499,0.689535,-0.051698,-0.722037,0.022967,9.898297685724215,-0.9632727157758377,-0.5397250747517569,-2.4648738533883674,1.7497459591633158,1.5043772711295553
16,2278779921,9.88845,-0.968424,-0.556338,-2.292708,1.756986,1.53828,0.689523,-0.051747,-0.722046,0.02294,9.899370673640123,-0.9623047724250922,-0.5370464452412905,-2.3874874049538364,1.7978076266629301,1.5150612858183536
17,2278796588,9.912135,-0.941281,-0.517273,-2.177873,1.876674,1.540892,0.689524,-0.051766,-0.722043,0.022942,9.90221273437011,-0.9578903714396916,-0.5261126527668951,-2.2841345960396344,1.8430639474723822,1.532929857732701
18,2278813255,9.917275,-0.949221,-0.509431,-2.396772,1.978459,1.53851,0.689534,-0.051821,-0.72203,0.022908,9.90497841558085,-0.9525426768062388,-0.5150448773668805,-2.209170469749193,1.8579303139662562,1.5549679543320054
19,2278829922,9.891534,-0.965765,-0.515718,-2.210133,1.77165,1.608727,0.689524,-0.051874,-0.722037,0.022893,9.906328930114853,-0.9495374374936387,-0.5117453641613023,-2.1894177209317274,1.839399762260495,1.5777218825208814
20,2278846589,9.908508,-0.948163,-0.511933,-1.956273,1.763146,1.566172,0.689515,-0.051855,-0.722046,0.022939,9.90667562888272,-0.9506606934872067,-0.5175157744237361,-2.2098982494132144,1.8134613752387807,1.5996336062395267
21,2278863256,9.909593,-0.939808,-0.523087,-2.280516,1.792178,1.627514,0.689506,-0.051916,-0.72205,0.022918,9.907157765869592,-0.95532911383886,-0.5257910505588015,-2.2280919783926425,1.8067217540180518,1.6188268904345806
22,2278879923,9.909489,-0.967762,-0.532476,-2.50108,1.877763,1.637708,0.689505,-0.051996,-0.722047,0.02288,9.908054616689606,-0.9608755581946665,-0.5275790939750643,-2.214692925769584,1.8187949649376336,1.6303898968525201
23,2278896590,9.904144,-0.973866,-0.539739,-2.161007,1.800771,1.618665,0.689498,-0.052023,-0.722051,0.02289,9.90841749230271,-0.9643180293246605,-0.519528754501351,-2.1908979449769186,1.8259828123689883,1.6275393972592793
24,2278913257,9.908056,-0.965646,-0.490553,-1.947346,1.833504,1.612902,0.689496,-0.052035,-0.722051,0.022917,9.90692924344697,-0.9648799383082566,-0.507505118226908,-2.20963912529991,1.809066019586281,1.6066896641912243
25,2278929924,9.903783,-0.954793,-0.49379,-2.196122,1.798838,1.573062,0.689489,-0.05208,-0.722055,0.022901,9.903225460503648,-0.9644834573188275,-0.5016644929608831,-2.283190132623123,1.7743405165648058,1.5726238768708898
26,2278946591,9.908628,-0.957635,-0.506184,-2.560284,1.674334,1.531505,0.689466,-0.052166,-0.722073,0.022836,9.89877052271732,-0.9651723892032782,-0.5071006017176857,-2.3427562706409444,1.7478707787383025,1.5395442534333297
27,2278963258,9.880405,-0.979505,-0.524031,-2.449727,1.791678,1.572626,0.689456,-0.052239,-0.722078,0.022791,9.89626975117012,-0.9666161668161808,-0.5190761923800982,-2.2931319932912793,1.7496979323277788,1.5254826133935053
28,2278979925,9.900799,-0.969599,-0.535026,-1.939163,1.738251,1.467614,0.689445,-0.052242,-0.722089,0.022797,9.89764218836121,-0.9669272658661823,-0.5273566789750374,-2.1076018889506787,1.7720015269505613,1.5410345771652907
29,2278996592,9.912575,-0.960853,-0.530425,-1.797051,1.806227,1.595614,0.689442,-0.052251,-0.72209,0.022824,9.902303348081404,-0.9654203776389269,-0.5249776373017846,-1.8574182498450293,1.7808603605772881,1.5795024831227373
30,2279013259,9.896873,-0.962877,-0.496267,-1.689554,1.741888,1.630946,0.689432,-0.052256,-0.722098,0.022864,9.90740416764357,-0.9633979877834379,-0.5131446114690931,-1.6524278130620689,1.7411998633300467,1.6191981393317518
31,2279029926,9.910444,-0.959165,-0.499228,-1.549274,1.655355,1.666113,0.689414,-0.052249,-0.722113,0.022923,9.909730294306977,-0.9620000416751692,-0.4989864426204982,-1.56492101701478,1.6461397616903035,1.6407777480143388
32,2279046593,9.913678,-0.957469,-0.504902,-1.642005,1.541251,1.629832,0.689384,-0.052248,-0.72214,0.022969,9.907806189037016,-0.9601707919558187,-0.48977527144821725,-1.604844865674556,1.5279624732529813,1.6464621358321565
33,2279063260,9.907312,-0.961106,-0.481911,-1.793094,1.453476,1.678432,0.689344,-0.052261,-0.722177,0.023011,9.902904356831844,-0.9557463835170378,-0.4885878356033818,-1.7449635806189394,1.4392117584643969,1.6621058562966795
34,2279079927,9.886847,-0.957703,-0.480142,-1.919556,1.33348,1.690688,0.689289,-0.052291,-0.722226,0.023039,9.898125711926513,-0.9489062462133373,-0.493266861170943,-1.951216646903845,1.4135200003348927,1.7166064818035596
35,2279096594,9.885671,-0.936056,-0.50126,-2.091418,1.403134,1.811324,0.68924,-0.052353,-0.722267,0.023058,9.896060618467715,-0.9440205787106082,-0.4986689506815597,-2.1881068393534155,1.4359631156308241,1.8136200886197686
36,2279113261,9.934753,-0.944364,-0.523639,-2.471216,1.552098,1.868658,0.689204,-0.052465,-0.722295,0.023036,9.897108093687244,-0.9469606712288746,-0.5015982534400012,-2.4085934090051673,1.4530969927986739,1.919907025582436
37,2279129928,9.867262,-0.95717,-0.501378,-2.6639,1.438979,2.067592,0.689154,-0.052588,-0.722333,0.023043,9.899661586343719,-0.9596561829971422,-0.5049513540484828,-2.5549809025961716,1.4212227087045324,1.9846109131972272
38,2279146595,9.898993,-0.977068,-0.507483,-2.411525,1.350218,1.986566,0.689097,-0.052694,-0.72238,0.02305,9.90124258071478,-0.9771204614058399,-0.515641463654364,-2.578464005650675,1.3509024662114328,1.9785524001896357
39,2279163262,9.921665,-0.99683,-0.515555,-2.454606,1.270781,1.918961,0.689031,-0.05281,-0.722435,0.023037,9.899872452705335,-0.99033494341171,-0.5361667106703352,-2.4639982606684416,1.302521776783013,1.921048967933553
40,2279179929,9.885706,-0.992325,-0.570473,-2.390023,1.277504,1.829406,0.688967,-0.05289,-0.72249,0.02304,9.895782298643844,-0.993065478016721,-0.558339939054927,-2.247137334364906,1.332681145356629,1.867802568410894
41,2279196596,9.899172,-0.985946,-0.570815,-2.159932,1.458573,1.838499,0.688923,-0.052955,-0.722526,0.02306,9.892007143897803,-0.9870436715356561,-0.5678340183609009,-2.0082669208196777,1.43925672521446,1.867197448552376
42,2279213263,9.876239,-0.995148,-0.588209,-1.543972,1.55626,1.969892,0.688894,-0.052961,-0.72255,0.023169,9.892011029033021,-0.9809083675898125,-0.5570122093543612,-1.826792922897182,1.5555446809698223,1.9214304737924572
43,2279229930,9.89644,-0.963151,-0.507214,-1.442341,1.632598,1.940002,0.688874,-0.052994,-0.722564,0.023246,9.896113868171916,-0.9829356562468665,-0.5332126837860836,-1.716843208057101,1.6005079334454357,1.9840038188756204
44,2279246597,9.912354,-0.973143,-0.501648,-1.973177,1.631868,2.038009,0.688849,-0.053067,-0.72258,0.023299,9.901010351135358,-0.9931035469463609,-0.5131260864471504,-1.6211774651951956,1.543121856584822,1.9939268285903393
45,2279263264,9.913975,-1.033891,-0.51227,-1.850607,1.34516,1.942051,0.688796,-0.053109,-0.722626,0.023366,9.90326888522811,-1.0022114661726338,-0.5083897663792266,-1.5001356239491357,1.4258966097904369,1.9196452732137397
46,2279279931,9.878991,-1.007275,-0.505022,-1.078308,1.245885,1.763146,0.688739,-0.053076,-0.722679,0.023477,9.902576270592029,-1.0003427863858845,-0.5168956300457175,-1.4215771078054518,1.3282816798738004,1.7811829818610212
47,2279296598,9.912824,-0.975602,-0.558297,-1.404267,1.336977,1.596267,0.688689,-0.053024,-0.722728,0.023567,9.900982306872844,-0.9870277066428996,-0.5279903468873781,-1.5206011491599045,1.3054187505857429,1.6366619750895441
48,2279313265,9.889517,-0.972673,-0.548738,-1.915382,1.415326,1.570206,0.688644,-0.053039,-0.722769,0.023584,9.89984915585929,-0.9725121984872354,-0.5348243783873189,-1.8442627444302697,1.3575917194604905,1.5460495706406654
49,2279329932,9.908562,-0.963289,-0.507191,-2.051757,1.473159,1.525781,0.688604,-0.053081,-0.722805,0.023565,9.898835643390745,-0.9684649088539817,-0.5398927938305005,-2.2488377559386943,1.4486557245091372,1.5398207717940922
50,2279346599,9.907383,-0.970809,-0.530917,-2.672698,1.486555,1.637554,0.68856,-0.053146,-0.722843,0.023539,9.897720028947676,-0.9772342361616274,-0.5483987099949472,-2.480973545181447,1.5420683373297017,1.6109822080451084
51,2279363266,9.884625,-0.985198,-0.581578,-2.604671,1.609662,1.709885,0.688529,-0.053264,-0.722865,0.023479,9.897630517145636,-0.9900491392328529,-0.5588083909439368,-2.3913426731230825,1.6175109349561834,1.7273368067619068
52,2279379933,9.895072,-1.021968,-0.574969,-2.311674,1.683286,1.879581,0.688508,-0.053373,-0.722878,0.023463,9.899283311359685,-0.9961162432941528,-0.5628280041180265,-2.0846430187105884,1.6646446539083968,1.8484781924000493
53,2279396600,9.894791,-1.00867,-0.545456,-1.342874,1.686052,1.899764,0.688495,-0.053369,-0.722887,0.023569,9.900682643735284,-0.9939460736998811,-0.5546130039814628,-1.8414106489888484,1.6743037481846512,1.9360645293512884
54,2279413267,9.922259,-0.965293,-0.539563,-1.49655,1.609726,1.943998,0.688472,-0.053376,-0.722905,0.023671,9.898384713527099,-0.9928197861822973,-0.5380146838843683,-1.8576725690121765,1.6402533090315228,1.9582414163414799
55,2279429934,9.888456,-0.976654,-0.522988,-2.327797,1.579324,1.898535,0.688439,-0.053459,-0.722929,0.023685,9.891726075163175,-1.0016936471394406,-0.5240717053752765,-2.0551612337590512,1.5681100790257108,1.8969734812487622
56,2279446601,9.871818,-1.031014,-0.504988,-2.610997,1.514818,1.84658,0.688398,-0.053576,-0.722961,0.023652,9.884657620901203,-1.0174538132731374,-0.521975192016425,-2.1690700102120517,1.4817370763160191,1.7611434265136372
57,2279463268,9.874315,-1.053066,-0.552481,-2.108643,1.419923,1.536103,0.688352,-0.053603,-0.723003,0.023648,9.882408203127753,-1.0266347758367864,-0.5322251029438505,-2.025947622749822,1.4186243001466412,1.5932530517517174
58,2279479935,9.903666,-1.019721,-0.53869,-1.320693,1.365573,1.431641,0.688306,-0.053531,-0.72305,0.023726,9.88684895304646,-1.0194733789584427,-0.5472068898270236,-1.7140621930255544,1.4112444179389714,1.454201220138165
59,2279496602,9.899832,-0.995924,-0.565773,-1.290253,1.438672,1.404889,0.688269,-0.053499,-0.723086,0.023761,9.895535490471167,-1.0005622349797305,-0.5573863505899609,-1.4801545798858786,1.4642565011788882,1.3896950887867079
60,2279513269,9.88927,-0.956648,-0.548835,-1.669116,1.597381,1.39563,0.688246,-0.053479,-0.723109,0.023777,9.904126349734021,-0.9845876242363373,-0.5574536639278908,-1.4902788274329248,1.5478053717818372,1.4027427454648713
61,2279529936,9.908391,-0.995745,-0.554541,-1.843679,1.636427,1.442129,0.688224,-0.053464,-0.72313,0.023797,9.908799345568491,-0.9826313923566453,-0.5484090553430327,-1.7036336499941607,1.6168819590278822,1.4538464669882623
62,2279546603,9.91676,-1.002738,-0.531894,-1.85071,1.626707,1.529046,0.688202,-0.053476,-0.72315,0.023808,9.907665780695632,-0.993423713723505,-0.5356445214318367,-1.9439566042859213,1.6415017823135853,1.488410291318489
63,2279563270,9.905813,-1.007582,-0.522003,-2.11365,1.613786,1.463452,0.688176,-0.053497,-0.723173,0.023796,9.901949575659595,-1.0064144581617014,-0.525494033842337,-2.0561320243819763,1.622094965372402,1.472050148647197
64,2279579937,9.891548,-0.998593,-0.52657,-1.958488,1.55229,1.384667,0.688146,-0.053501,-0.723202,0.023785,9.895874985640825,-1.011286910039892,-0.522568843673035,-2.0062475621634412,1.5816209218657398,1.411232913173335
65,2279596604,9.88748,-1.020719,-0.537773,-1.928163,1.570526,1.413354,0.688118,-0.053557,-0.723227,0.023732,9.893747000352054,-1.00508388805536,-0.5285524034714278,-1.8758707559807992,1.5480275388863105,1.3472593805402884
66,2279613271,9.887121,-0.985404,-0.529743,-1.737002,1.590094,1.252736,0.688093,-0.05351,-0.723253,0.023745,9.89622574225982,-0.9929884575477833,-0.5416052647983018,-1.783608490453999,1.5423758657218183,1.327858621504359
67,2279629938,9.920141,-0.984467,-0.551387,-1.733634,1.525589,1.38267,0.688061,-0.053478,-0.723285,0.02377,9.900057735672045,-0.9838534738949727,-0.5560172635755694,-1.7956699087693064,1.5734995387862611,1.3739284578378743
68,2279646605,9.906184,-0.979609,-0.563848,-1.876348,1.610687,1.465488,0.688038,-0.053482,-0.723307,0.023776,9.901934433706002,-0.9837781268077251,-0.5638086580959196,-1.883280456626131,1.6334409975041577,1.4634710251748992
69,2279663272,9.887671,-0.991671,-0.577089,-2.02106,1.703379,1.545989,0.688022,-0.053525,-0.723319,0.023759,9.90186186630591,-0.991805940483385,-0.5596327745575141,-1.9558232020145623,1.697236513166049,1.545708985705133
70,2279679939,9.895657,-0.99757,-0.54454,-2.041307,1.763876,1.625798,0.688012,-0.053573,-0.723325,0.023753,9.902094998014267,-1.0008451855928509,-0.5459670120154765,-1.944827952146337,1.736231109408483,1.5769824896216886
71,2279696606,9.912089,-1.020699,-0.523074,-1.808257,1.777105,1.527663,0.688006,-0.053567,-0.723331,0.02378,9.903705756802818,-1.0033267081252697,-0.5327174238227956,-1.8687057705457477,1.740048401975383,1.5517771809016638
72,2279713273,9.915579,-0.99043,-0.530133,-1.809896,1.725137,1.501385,0.687994,-0.053578,-0.723341,0.023788,9.90550705458611,-0.997108973416298,-0.5296827937599352,-1.8200675603287353,1.725368191851294,1.50489482763392
73,2279729940,9.893467,-0.976054,-0.517478,-1.727218,1.600493,1.461493,0.68797,-0.053559,-0.723364,0.023816,9.90598233830639,-0.9867464299749609,-0.5382465764011242,-1.8864828724418297,1.7181180129864517,1.4836261590178907
74,2279746607,9.909556,-0.984873,-0.578507,-2.215767,1.766194,1.531415,0.687959,-0.05359,-0.723373,0.023806,9.90493411326115,-0.9795507354547728,-0.5506909534821124,-2.07560789731392,1.7262293318799244,1.511967765185854
75,2279763274,9.894256,-0.982735,-0.56551,-2.416968,1.803013,1.52619,0.687951,-0.053631,-0.723378,0.023782,9.90310512860426,-0.9804129285144905,-0.5581578552037565,-2.3043207805659174,1.7345029620036634,1.5734975723620845
76,2279779941,9.91887,-0.997141,-0.545557,-2.268043,1.734639,1.685616,0.687936,-0.053714,-0.723387,0.023752,9.901240078722385,-0.989171418470069,-0.5590515136831262,-2.447875272497836,1.7277749624107817,1.6242515400178488
77,2279796608,9.8833,-0.973937,-0.55727,-2.323828,1.657417,1.618921,0.687913,-0.053776,-0.723405,0.02373,9.89996207630219,-1.001067285876386,-0.5591970047603255,-2.4069065643620187,1.7136748532006032,1.6249571672903902
78,2279813275,9.911185,-1.03368,-0.563777,-2.441979,1.737828,1.577262,0.687898,-0.053865,-0.723415,0.02367,9.89988025505407,-1.0093828743133484,-0.5641580124536566,-2.163788499853309,1.7178338673214566,1.5685092802556393
79,2279829942,9.894075,-1.010002,-0.563404,-1.750449,1.742707,1.441617,0.687889,-0.053856,-0.723424,0.023685,9.901123171565645,-1.0094427292210277,-0.5723045720396074,-1.8109669846149001,1.7580943251760575,1.483525475192593
80,2279846609,9.90309,-0.98972,-0.582223,-1.472871,1.798825,1.428568,0.687888,-0.053816,-0.723427,0.023728,9.902792357374372,-1.001897079153927,-0.5759468075996477,-1.521112912353286,1.825925795159232,1.4145230809231015
81,2279863276,9.906008,-1.00636,-0.590857,-1.374659,1.96605,1.43451,0.687905,-0.053758,-0.723412,0.02379,9.90330464170078,-0.9924289593917712,-0.5694323859169441,-1.4493522376434984,1.8922967037133849,1.3951989617452756
82,2279879943,9.902997,-0.970271,-0.548053,-1.594544,1.903875,1.376433,0.687914,-0.053711,-0.723406,0.023827,9.901633217892627,-0.9876553961684806,-0.5558840615387456,-1.6252254013989431,1.9302198922717664,1.4305601592615154
83,2279896610,9.897713,-1.000215,-0.527723,-1.942928,1.92069,1.484237,0.687922,-0.053724,-0.723397,0.023827,9.898321739583706,-0.9905115841401142,-0.5451468579479963,-1.9249879375473726,1.9327997541576818,1.494701485542548
84,2279913277,9.888511,-1.000072,-0.540496,-2.244146,1.912622,1.588352,0.687927,-0.053781,-0.72339,0.023802,9.895207596717206,-0.9986855013601694,-0.5446293310747263,-2.157666944046116,1.9136641216620565,1.54534189491803
85,2279929944,9.906687,-0.996874,-0.561623,-2.306513,1.875624,1.551893,0.687927,-0.053841,-0.723386,0.023767,9.89403419160501,-1.0068975737515284,-0.5527041438173537,-2.2007525984106624,1.8948856855216825,1.5494564896909242
86,2279946611,9.883224,-1.025406,-0.580647,-2.023301,1.961324,1.522028,0.687938,-0.053867,-0.723374,0.023759,9.895093333796837,-1.0109499312700525,-0.5613081465051939,-2.0761208619577047,1.8952601991092206,1.5036667524585514
87,2279963278,9.898213,-1.011425,-0.550957,-1.733698,1.862127,1.385807,0.687942,-0.053855,-0.723371,0.023764,9.896920283569258,-1.0103906797841915,-0.5638033260580385,-1.9087134672219968,1.9241385310011219,1.4328559708669482
88,2279979945,9.902104,-0.994936,-0.544511,-1.78281,1.989896,1.351691,0.687959,-0.053845,-0.723355,0.02376,9.897428082412299,-1.0077724674427873,-0.5594265525825758,-1.8162222792850975,1.978120605205235,1.3689286602843789
89,2279996612,9.898096,-0.996378,-0.565968,-2.0238,2.058448,1.3672,0.687982,-0.053882,-0.723333,0.023712,9.89586055251994,-1.005560816103683,-0.5516076092808923,-1.8334929734202547,2.040300074597989,1.330180770137034
90,2280013279,9.893347,-1.03209,-0.545001,-2.021367,2.053108,1.326834,0.688003,-0.053872,-0.723313,0.023699,9.893800641276599,-1.0042483005920735,-0.5444549903059774,-1.9216007162584288,2.0862243961619558,1.317747646560259
91,2280029946,9.883039,-0.991562,-0.536915,-1.750692,2.114719,1.335376,0.688034,-0.05388,-0.723284,0.023675,9.893913318154539,-1.0034645794468806,-0.5410914458342588,-2.018341386655254,2.097266789195067,1.3245033107154824
92,2280046613,9.905422,-1.002214,-0.550802,-2.098461,2.119291,1.302028,0.688062,-0.053882,-0.723258,0.023644,9.89751319731353,-1.0036014028790934,-0.5430646903034161,-2.0702344808169526,2.073717650070462,1.3408084926236499
93,2280063280,9.907826,-0.994291,-0.534945,-2.179026,2.014125,1.333186,0.688079,-0.053894,-0.723243,0.023611,9.903405491499942,-1.0051854996868583,-0.5492575898557281,-2.043994895203361,2.035947573467419,1.3531231617328567
94,2280079947,9.903232,-1.025775,-0.561769,-1.965583,1.941334,1.365432,0.688089,-0.053898,-0.723233,0.023595,9.908783781907733,-1.0072320720282153,-0.5553885495696835,-1.9420737547839928,2.0095057834533465,1.3469369640101063
95,2280096614,9.906831,-1.000736,-0.550415,-1.708521,2.030952,1.387587,0.688111,-0.053873,-0.723214,0.023613,9.910904701453912,-1.0073690120705767,-0.5562531642005313,-1.8121004101066518,2.0064093095460054,1.3206129317213804
96,2280113281,9.914228,-0.995137,-0.575447,-1.716525,2.083907,1.278362,0.688139,-0.053838,-0.72319,0.023617,9.908503400324946,-1.0037691116852512,-0.5501267037970246,-1.7234458156064465,2.021361831122905,1.2963296473819312
97,2280129948,9.906528,-1.008081,-0.521242,-1.79618,2.029339,1.234142,0.68816,-0.053849,-0.72317,0.023571,9.902790512182188,-0.9968878438424283,-0.5411627376172787,-1.7207140516179122,2.044617220968923,1.3086232159677704
98,2280146615,9.896058,-0.991009,-0.538669,-1.692641,2.028788,1.410549,0.688182,-0.053825,-0.723151,0.023592,9.897300243119226,-0.9897370859539832,-0.5362892559919622,-1.7943891524664584,2.0728062448492106,1.374195132481708
99,2280163282,9.887938,-0.979817,-0.520602,-1.904957,2.138436,1.441194,0.688214,-0.053852,-0.723119,0.023568,9.895706516964125,-0.9864083578841795,-0.5388633507855141,-1.893164171109714,2.1043297501986586,1.4717741505332151
100,2280179949,9.897526,-0.985874,-0.572029,-2.100743,2.081925,1.614572,0.688237,-0.053936,-0.723092,0.023523,9.898841036584683,-0.9893149573069678,-0.5456508437176152,-1.966523084285202,2.1287935965761724,1.554338141281129
101,2280196616,9.913435,-1.001915,-0.547899,-1.98857,2.153036,1.571409,0.688269,-0.053961,-0.72306,0.023527,9.90387672863986,-0.9970526360037414,-0.5503304495027064,-2.001590265910131,2.1285109757838434,1.584297956120084
102,2280213283,9.90697,-1.009475,-0.540774,-1.863042,2.124605,1.55681,0.688299,-0.053998,-0.723029,0.023518,9.906779403295163,-1.0049950831030994,-0.5494076373462727,-2.0214816130429814,2.094865009355423,1.5611541936430897
103,2280229950,9.894623,-0.995239,-0.547533,-2.08536,2.095791,1.513051,0.688324,-0.05402,-0.723003,0.023512,9.905642872800739,-1.008439762217354,-0.5444117857297186,-2.0494511846363626,2.0422388442002677,1.519824721195151
104,2280246617,9.920041,-1.023456,-0.53983,-2.187913,1.869759,1.526331,0.688325,-0.054058,-0.723001,0.023493,9.901836325667926,-1.0058514053768075,-0.5392388716859942,-2.080569448355847,2.0002574628871357,1.5029487776770267
105,2280263284,9.880324,-0.995511,-0.529294,-1.993667,2.004648,1.452182,0.688342,-0.054109,-0.722982,0.023449,9.898379382849074,-0.9997789253552685,-0.5363946928168826,-2.091439368374708,1.9875261056849063,1.5290930199405093
106,2280279951,9.899712,-0.980542,-0.538231,-2.128518,2.060433,1.607946,0.688363,-0.054171,-0.722958,0.023424,9.89741538722356,-0.9947915551437733,-0.5357867051361535,-2.0718131512867095,1.9937579266924506,1.580512099666794
107,2280296618,9.909126,-1.00173,-0.550739,-2.121128,1.959339,1.68942,0.688373,-0.054224,-0.722945,0.023423,9.899036179829618,-0.9941112195616573,-0.5363534038072515,-2.0393918618422813,1.9901957470793485,1.6195265448997593
108,2280313285,9.898717,-1.010604,-0.531277,-1.856127,1.978767,1.599033,0.688387,-0.054224,-0.72293,0.023459,9.902085150814578,-0.9977269159797305,-0.5378652317688396,-2.02033524239295,1.9567143300085315,1.6190397932899878
109,2280329952,9.898608,-0.986726,-0.520747,-1.998073,1.890045,1.526203,0.688391,-0.054251,-0.722924,0.023452,9.90553284442257,-1.0030512645006853,-0.5404680194131997,-2.015357413258897,1.8978288205590548,1.579973223453695
110,2280346619,9.915821,-1.004524,-0.559544,-2.089868,1.810722,1.559935,0.688387,-0.054307,-0.722926,0.023424,9.90894072056329,-1.0068291725981506,-0.5430729864801821,-1.9906528952512539,1.8350593214581084,1.52284611162523
111,2280363286,9.909976,-1.022203,-0.547829,-1.940008,1.797391,1.452618,0.688382,-0.054302,-0.72293,0.023434,9.912186504774102,-1.0070602175885977,-0.5437665243535662,-1.9106442054608157,1.7865089254309787,1.4668039134648037
112,2280379953,9.915337,-1.004407,-0.542344,-1.780608,1.752747,1.417029,0.688374,-0.054284,-0.722939,0.023452,9.915297864263216,-1.0043745758946376,-0.5422774296855046,-1.7806595823919367,1.752647158229438,1.4168531612480624
116,2280446621,9.891283,-0.999385,-0.544295,-1.750922,1.686026,1.314655,0.688346,-0.054189,-0.72297,0.023509,,,,,,
117,2280463288,9.900477,-1.006569,-0.565931,-1.811228,1.741427,1.296419,0.688337,-0.054174,-0.722981,0.0235,,,,,,
118,2280479955,9.896427,-1.02737,-0.570912,-1.240487,1.635121,1.290515,0.688321,-0.054095,-0.723,0.023555,,,,,,
119,2280496622,9.897598,-1.004382,-0.548083,-0.888748,1.702764,1.303923,0.688315,-0.053998,-0.72301,0.023634,,,,,,
120,2280513289,9.900515,-0.974181,-0.555148,-1.402577,1.691648,1.317165,0.688304,-0.053945,-0.723024,0.023669,,,,,,
121,2280529956,9.909876,-0.993567,-0.515402,-1.68433,1.811938,1.360796,0.688303,-0.053909,-0.723027,0.023693,,,,,,
122,2280546623,9.89291,-1.036069,-0.549225,-1.497113,1.835566,1.287966,0.688306,-0.053882,-0.723025,0.023696,,,,,,
123,2280563290,9.874579,-1.003194,-0.557727,-1.44553,1.741824,1.165551,0.688301,-0.053832,-0.723035,0.023696,,,,,,
124,2280579957,9.890087,-1.003147,-0.533576,-1.310384,1.841291,1.170494,0.688306,-0.053751,-0.723034,0.023728,,,,,,
125,2280596624,9.944715,-0.953051,-0.531827,-1.166031,1.813718,1.390981,0.68831,-0.053705,-0.723033,0.023773,,,,,,
127,2280629958,9.886695,-1.023154,-0.522408,-1.869074,1.763479,1.482918,0.688302,-0.053699,-0.723039,0.023818,9.886706943188862,-1.0231283742259305,-0.5224357750674462,-1.8686207502185121,1.7635234399754642,1.482904353608343
128,2280646625,9.895167,-1.017259,-0.575434,-1.952149,1.849602,1.364561,0.688303,-0.053715,-0.723038,0.023791,9.904120169759434,-0.9999577155046679,-0.5437353997411746,-1.7515325843343907,1.8032493464711872,1.4185976042153965
129,2280663292,9.915949,-0.985544,-0.560368,-1.465123,1.846106,1.414314,0.688307,-0.053677,-0.723035,0.02383,9.914157930847658,-0.9840771866812438,-0.5562393815262683,-1.7308313494992444,1.8553430965433797,1.4026383469291166
130,2280679959,9.912724,-0.959419,-0.544162,-1.710199,1.893553,1.41726,0.688315,-0.053702,-0.723027,0.023807,9.912857273067345,-0.9796478263701778,-0.5584284948371405,-1.8228032806266716,1.9292033917259852,1.4478058829549612
131,2280696626,9.915549,-0.980711,-0.529772,-2.245171,2.039072,1.554287,0.688333,-0.053755,-0.723007,0.023779,9.902541390195992,-0.9849047690830668,-0.5546728625134025,-1.9559991032368993,2.0246579882063602,1.5259466803503556
132,2280713293,9.894686,-1.013682,-0.569217,-2.077331,2.157338,1.646327,0.688364,-0.05381,-0.722973,0.023768,9.891428010026175,-0.9929260205091353,-0.5486213389446931,-2.043649490597294,2.1266380998086873,1.594493803270463
133,2280729960,9.867049,-0.995974,-0.556776,-1.999173,2.155443,1.595409,0.688396,-0.053834,-0.722941,0.023777,9.887850308198058,-0.9973786674591372,-0.5407134443097522,-2.063421575872696,2.2082192519869155,1.6282460574945987
134,2280746627,9.869795,-1.003441,-0.517555,-1.940969,2.248327,1.638502,0.688438,-0.053865,-0.722899,0.023788,9.892901344001123,-0.9981424012553046,-0.531596186815597,-2.060960557040784,2.2428307436888946,1.6277770698660163
135,2280763294,9.945023,-0.977733,-0.521926,-2.025465,2.287387,1.509017,0.688483,-0.053881,-0.722854,0.023785,9.89953803841806,-1.000424188000742,-0.5247726858168843,-2.082207022094923,2.21998559963089,1.602308974856438
136,2280779961,9.913575,-1.017956,-0.524686,-2.372748,2.122915,1.629397,0.688509,-0.053968,-0.722825,0.023738,9.900297205801122,-1.0081223595563176,-0.5242359301384256,-2.1174685366205996,2.154396199906605,1.551947140159355
137,2280796628,9.848992,-1.020619,-0.530388,-1.913807,2.046154,1.496249,0.688531,-0.054006,-0.722802,0.023716,9.895048780901062,-1.0187188476818747,-0.5303488390364888,-2.1137185430093295,2.0788895794908093,1.47167234905619
138,2280813295,9.903524,-1.021697,-0.541847,-2.072861,2.02031,1.333083,0.688549,-0.054014,-0.722785,0.023687,9.889926363962047,-1.0249561413626704,-0.5389140030030377,-2.032068409448183,2.0238342016080804,1.37063113664307
139,2280829962,9.901033,-1.029361,-0.543701,-2.00226,2.042107,1.330535,0.68857,-0.054042,-0.722765,0.02364,9.88993901681959,-1.0213541107462143,-0.5440975844217711,-1.8928165657157234,1.999896673505875,1.2801302140613506
140,2280846629,9.879462,-1.009892,-0.543259,-1.772693,1.974144,1.186899,0.688586,-0.054017,-0.722752,0.023617,9.89445693849928,-1.0093658112642063,-0.5422933795082079,-1.7711719121189171,1.9974369845185627,1.2356667121541915
141,2280863296,9.911258,-0.994215,-0.529546,-1.601626,1.997233,1.194083,0.688605,-0.053961,-0.722737,0.023626,9.899228803283854,-0.996611131474786,-0.5341151457340615,-1.7426600480731824,1.9988211801997233,1.2475040062861804
142,2280879963,9.90549,-0.982778,-0.533357,-1.738577,2.005711,1.333007,0.688625,-0.053955,-0.72272,0.023616,9.901024473338808,-0.9907305694340303,-0.5236957534222426,-1.8167188997558243,1.9912474251668795,1.2897835698258642
143,2280896630,9.886847,-0.989967,-0.50689,-2.033661,1.966652,1.36095,0.688637,-0.05398,-0.722707,0.023577,9.900007032841593,-0.993126696087892,-0.5161081131472407,-1.9211508019029144,1.972829287213077,1.3233082620220575
144,2280913297,9.900787,-1.002942,-0.510523,-2.137597,1.93899,1.39107,0.688646,-0.05398,-0.722699,0.023567,9.898552884809861,-0.9983724028456692,-0.5145273426196308,-1.9633320978080464,1.9520234839923165,1.3326860480026659
145,2280929964,9.903174,-1.018743,-0.53279,-1.791096,1.947161,1.235563,0.688658,-0.053932,-0.72269,0.023576,9.898690845650865,-0.9999208433554213,-0.5188945828532878,-1.9132168819951705,1.9434744573129565,1.3400311420869895
146,2280946631,9.904441,-0.985822,-0.513167,-1.751192,1.998745,1.345557,0.688676,-0.053908,-0.722675,0.023583,9.90074924019108,-0.9962802605670351,-0.5268107310833265,-1.8250267861267866,1.9628541224715774,1.3809480808598382
147,2280963298,9.889974,-0.976964,-0.549002,-1.791032,1.967062,1.535501,0.68869,-0.053912,-0.72266,0.023602,9.903619097851236,-0.9913656823073647,-0.5354669734374878,-1.7815639660370088,2.0207533042345305,1.4698431362970183
148,2280979965,9.918781,-0.993643,-0.53581,-1.846483,2.162038,1.619049,0.688724,-0.053921,-0.722627,0.023632,9.905611113932988,-0.9895506095898453,-0.5426287459880365,-1.823808706043063,2.114936576710206,1.5895400701885318
149,2280996632,9.898475,-0.999298,-0.539788,-1.980054,2.18856,1.671414,0.688759,-0.05396,-0.72259,0.023641,9.905394157099979,-0.9917484783858032,-0.5461352376247052,-1.9279488043292354,2.2241865054039707,1.7075783814371697
150,2281013299,9.907287,-1.004672,-0.547918,-1.97123,2.286042,1.777003,0.688804,-0.054023,-0.722542,0.023649,9.902811424729878,-0.9963047528308988,-0.5434457809097342,-2.0329065168641476,2.310928033952724,1.7949956432448553
151,2281029966,9.900208,-0.987828,-0.539382,-2.107259,2.403758,1.871834,0.688861,-0.0541,-0.722482,0.023661,9.898909889100334,-1.0018156670060454,-0.5329357525826104,-2.0828481427051835,2.33676594589601,1.8323973567432832
152,2281046633,9.883819,-1.008061,-0.507733,-2.054817,2.271673,1.770497,0.688904,-0.054155,-0.722436,0.023675,9.894967015047865,-1.0076056670246107,-0.5164033736023594,-2.056956764321658,2.2844883058546035,1.8093741748508376
153,2281063300,9.896178,-1.015761,-0.50814,-1.957937,2.13608,1.725393,0.688933,-0.054209,-0.722404,0.023681,9.891625578347815,-1.0122086364675966,-0.5001151073040087,-1.9792501105587625,2.1711486595183684,1.7277105453096155
154,2281079967,9.903292,-1.00809,-0.495356,-2.026323,2.080539,1.637516,0.688957,-0.054255,-0.722378,0.023678,9.889248865360852,-1.0132851420586573,-0.49229514454970674,-1.9073110184815785,2.0410345283617475,1.6084808879305668
155,2281096634,9.877245,-1.01891,-0.483358,-1.785385,1.918615,1.572396,0.688966,-0.05426,-0.722368,0.023704,9.888677291518187,-1.0100793870782292,-0.4978300799506148,-1.8991244571042398,1.9423193113519148,1.4921737874574166
156,2281113301,9.88425,-1.012792,-0.510917,-1.904253,1.899867,1.29834,0.688973,-0.054252,-0.722363,0.023686,9.890650811192375,-1.0055527449371104,-0.5138985126441431,-1.9706994839544982,1.9019396098841064,1.4200796013595716
157,2281129968,9.898575,-0.988051,-0.546199,-2.126289,1.896332,1.366546,0.688977,-0.054263,-0.722358,0.02366,9.894370413689202,-1.0047692870174703,-0.5307771132831428,-2.0772518385085625,1.9130404832320491,1.4030355532643648
158,2281146635,9.902661,-1.013719,-0.533338,-2.227229,1.955293,1.452118,0.688986,-0.054311,-0.722347,0.023617,9.897645972417925,-1.0099570737489152,-0.5383874449135441,-2.1440142633887156,1.9425080856609207,1.4076702994459478
159,2281163302,9.905599,-1.003074,-0.538222,-2.087256,1.983134,1.435688,0.689,-0.054344,-0.722333,0.023585,9.899000414621266,-1.017231451107951,-0.5335828168563744,-2.1281770623112526,1.9547786028407264,1.3837887803095619
160,2281179969,9.885874,-1.045569,-0.527493,-2.135881,1.934533,1.393568,0.689008,-0.054369,-0.722324,0.023553,9.89896181476952,-1.0195534861934779,-0.5217813235302556,-2.0560244784728585,1.9356221955498079,1.3123867252642387
161,2281196636,9.893217,-1.015413,-0.48536,-1.868267,1.88674,1.085178,0.689015,-0.054326,-0.722322,0.023526,9.89886050683962,-1.013931629861835,-0.5115694062999834,-1.9976214812865813,1.8974045430042246,1.2236328659460611
162,2281213303,9.913715,-0.997272,-0.518526,-1.9935,1.83125,1.143767,0.689014,-0.054327,-0.722324,0.023468,9.899180645523385,-1.005132317074561,-0.5075056184412453,-2.000934440767937,1.8620495011993654,1.1635646101354093
163,2281229970,9.902606,-0.987278,-0.518025,-2.029166,1.863548,1.149492,0.689017,-0.054346,-0.722323,0.023394,9.899835908940272,-1.0011268777372335,-0.5078333810789484,-2.047948938578319,1.8378329005167784,1.146522170766968
164,2281246637,9.888609,-1.004515,-0.508219,-2.161955,1.777297,1.225817,0.689009,-0.054344,-0.722332,0.023354,9.901299848043587,-1.0048702441651796,-0.5083896288919282,-2.076062216972572,1.8116396474026866,1.1453625960760276
165,2281263304,9.908953,-1.026023,-0.498425,-2.128825,1.801821,1.147199,0.689004,-0.05434,-0.722338,0.0233,9.90423496497996,-1.011467440669826,-0.5076022116732097,-2.044025393229905,1.7638775538889915,1.1254025750573868
166,2281279971,9.905429,-1.02022,-0.513407,-1.925281,1.736278,1.01815,0.688995,-0.054304,-0.722352,0.023253,9.908074399723331,-1.0134797905211694,-0.5073977514579938,-1.9749140755189574,1.6920338408979534,1.0801965534164601
167,2281296638,9.914167,-0.999511,-0.510809,-1.777867,1.564391,0.999196,0.688968,-0.054229,-0.722383,0.023242,9.910926193190209,-1.007974211074953,-0.5101410219909661,-1.931794460894096,1.6194094292401269,1.0335389933071752
168,2281313305,9.919321,-0.98399,-0.500302,-1.96726,1.577774,1.064035,0.688941,-0.05419,-0.722413,0.023208,9.911190923341305,-0.9981698932607155,-0.5155274997326154,-1.9550525663955016,1.5780417242961473,1.0149800457563702
169,2281329972,9.894688,-1.002152,-0.534839,-2.180166,1.541392,1.055263,0.688909,-0.054177,-0.722447,0.023146,9.908830024777929,-0.9898108536971719,-0.5206466442631136,-2.029735538449183,1.58064849918274,1.0382519993399337
170,2281346639,9.906735,-0.995986,-0.532817,-2.170715,1.646839,1.079723,0.688889,-0.054258,-0.722464,0.022999,9.904940240700755,-0.9872669123554737,-0.5230860808708424,-2.108162982173716,1.6096338286953469,1.096005864059576
171,2281363306,9.910312,-0.985403,-0.505709,-1.939599,1.679585,1.111995,0.688872,-0.05422,-0.722484,0.022972,9.90070124630409,-0.99178223298478,-0.5237335472644492,-2.1473466414595164,1.6347534663282226,1.1647348704724583
172,2281379973,9.889621,-0.987567,-0.538005,-2.091956,1.615322,1.247729,0.688848,-0.054217,-0.722508,0.022939,9.897124655935178,-1.0007023192102862,-0.5259506033783008,-2.12190220603432,1.6412149431748433,1.2154312457728147
173,2281396640,9.899428,-1.010741,-0.518872,-2.193536,1.617308,1.280833,0.688823,-0.054246,-0.722532,0.022881,9.89522303777204,-1.0078531886685358,-0.5317701068391567,-2.0250677906967516,1.6400776982406136,1.2307275469830672
174,2281413307,9.892594,-1.020158,-0.540054,-1.954223,1.665254,1.209886,0.688805,-0.054228,-0.722551,0.022855,9.895519010302728,-1.0071540804195498,-0.5393087674866525,-1.8804761419581055,1.652799523152047,1.2192972940505746
175,2281429974,9.894042,-1.00646,-0.560526,-1.572261,1.680046,1.179407,0.688791,-0.054169,-0.722568,0.022867,9.897252612431323,-0.9981255324088493,-0.544296632005889,-1.7450275491256293,1.6873329773120755,1.2100972951810542
176,2281446641,9.898949,-0.974057,-0.536603,-1.671177,1.701471,1.192995,0.688779,-0.054102,-0.722584,0.022886,9.898710870598517,-0.9874007584004154,-0.5440106829022804,-1.6751856953643123,1.7282864898483778,1.2251006486012432
177,2281463308,9.91389,-0.97369,-0.535556,-1.679963,1.797954,1.270755,0.688777,-0.054111,-0.722586,0.02285,9.898950481433564,-0.9830094795255757,-0.53933975120437,-1.6809813084722196,1.748822970490505,1.2550775432019972
178,2281479975,9.884381,-0.985348,-0.530273,-1.742176,1.734742,1.283023,0.688768,-0.054079,-0.722597,0.022854,9.899097839837566,-0.9865885099729068,-0.5331915334248784,-1.7214405167262008,1.7334868289384167,1.2647016763523884
179,2281496642,9.901676,-1.002442,-0.531044,-1.892587,1.686078,1.233117,0.688753,-0.054086,-0.722613,0.02281,9.901324659552978,-0.9920475156763482,-0.5278247029149963,-1.7502313353465284,1.6920828533843069,1.2252201275289398
180,2281513309,9.911504,-1.003928,-0.525955,-1.719483,1.651321,1.197848,0.688735,-0.054053,-0.722632,0.022798,9.906236083639264,-0.9923645160029526,-0.5243531804345499,-1.759208915621083,1.6520542283631836,1.1446636277322624
181,2281529976,9.905196,-0.983904,-0.532155,-1.572581,1.556465,1.013719,0.68871,-0.053979,-0.722662,0.022792,9.911525681397675,-0.9869475691664306,-0.5241549410121183,-1.7707059243955077,1.6368835729812656,1.0660097604763883
182,2281546643,9.915524,-0.962784,-0.515351,-1.813699,1.740966,0.936624,0.688701,-0.053908,-0.722676,0.022763,9.913554210096041,-0.981506800533868,-0.5292292338075134,-1.7944474254889557,1.6520079405874653,1.0336203129119017
183,2281563310,9.918973,-0.983189,-0.547873,-2.054945,1.709116,1.155869,0.688687,-0.05391,-0.722691,0.022707,9.91053885252106,-0.9811875811363611,-0.5400697548644909,-1.8084400448810638,1.6903737050416097,1.0599327341599403
184,2281579977,9.903501,-0.993727,-0.54658,-1.65572,1.704788,1.161196,0.688676,-0.053868,-0.722705,0.022698,9.904353525169242,-0.9851089018286747,-0.5531799563374313,-1.786699399750416,1.7464174348128403,1.123551061661115
185,2281596644,9.886175,-0.995971,-0.559687,-1.668527,1.797915,1.134879,0.688675,-0.053787,-0.722712,0.022719,9.89899995263811,-0.9878697075558522,-0.5615829534427066,-1.7340171754941607,1.8195116836722143,1.195270832924352
186,2281613311,9.899012,-0.973206,-0.570927,-1.706625,1.929181,1.278323,0.688685,-0.053726,-0.722705,0.022749,9.897102659950606,-0.9853234390429049,-0.5591233386793114,-1.6871333600727536,1.9050944714817557,1.2615693199811304
187,2281629978,9.908069,-0.97522,-0.546881,-1.841592,2.003035,1.336605,0.688703,-0.053674,-0.722692,0.02278,9.89805767787309,-0.9784468103781201,-0.5454356445455886,-1.6879932933419601,1.9877755183096073,1.3251614834165455
188,2281646645,9.899716,-0.990007,-0.519787,-1.622321,2.027277,1.393491,0.688725,-0.05364,-0.722672,0.022808,9.899465074261064,-0.9726382484454021,-0.5269812850114468,-1.7536069431095753,2.0451745024594534,1.3882771109495105
189,2281663312,9.893104,-0.968517,-0.505822,-1.754163,2.042568,1.380928,0.688748,-0.053638,-0.722651,0.022802,9.89956045759925,-0.9737042986819748,-0.5126452896276872,-1.8568816123644187,2.058042544785992,1.4364559649769286
190,2281679979,9.892875,-0.964677,-0.517371,-1.995332,2.046256,1.433511,0.688768,-0.053625,-0.722632,0.022814,9.898013665010284,-0.9829027518121869,-0.5075516113910784,-1.9350814525450175,2.0198224799705944,1.4388385242726431
191,2281696646,9.902871,-0.998468,-0.501212,-2.08682,1.951591,1.431474,0.688778,-0.053642,-0.722622,0.022796,9.89554578268212,-0.9943866796600686,-0.5104774487884454,-1.9377684919452882,1.942300027651441,1.3710578972371947
192,2281713313,9.902489,-1.010085,-0.521891,-1.881893,1.840791,1.307471,0.688779,-0.053619,-0.722623,0.022796,9.893925879127433,-0.9985494655800509,-0.5166669485027289,-1.881999094230818,1.8539542025477065,1.2460414974766931
193,2281729980,9.886001,-0.998269,-0.53403,-1.811958,1.754412,1.049115,0.688772,-0.053569,-0.722634,0.022769,9.89569913140001,-0.990133933303587,-0.5228559236542764,-1.8499268768909076,1.7890152805632804,1.120895777071964
194,2281746647,9.897432,-0.969097,-0.528758,-1.703782,1.83353,0.999452,0.688774,-0.053506,-0.722638,0.022746,9.9022002943946,-0.9737230624723976,-0.5293853103310546,-1.9117381510806717,1.7722141757218768,1.063319072218675
195,2281763314,9.913056,-0.95095,-0.514515,-2.067342,1.762903,1.139477,0.688766,-0.053511,-0.722647,0.022682,9.911220221382159,-0.9602543239752095,-0.537144253044572,-2.0472435449667756,1.808019627993303,1.1027790870579623
196,2281779981,9.920517,-0.944622,-0.542615,-2.336416,1.903235,1.222667,0.68877,-0.053534,-0.722643,0.022615,9.917610823921414,-0.9573412826628649,-0.5430917780856017,-2.1575246333373297,1.8787146839667934,1.2113469518197326
197,2281796648,9.924582,-0.972271,-0.559704,-2.283871,1.916425,1.386972,0.688775,-0.05355,-0.722638,0.022588,9.917312648831981,-0.9631797529011272,-0.5409848769122072,-2.1636825078339594,1.9510800012396232,1.3295473350183746
198,2281813315,9.907659,-0.99542,-0.537712,-2.023134,1.998988,1.350718,0.688791,-0.053549,-0.722623,0.022573,9.911033830209009,-0.9699903200277793,-0.5282913338796293,-2.086026475279601,1.9911691876258675,1.409135119945009
199,2281829982,9.893286,-0.956766,-0.504008,-1.721583,2.037932,1.447009,0.688813,-0.053536,-0.722603,0.02259,9.903742447620669,-0.9723797087699492,-0.5115188957827752,-2.0147364134416295,1.9833349774132596,1.4363075023949312
200,2281846649,9.913509,-0.959032,-0.485914,-2.100024,1.924839,1.408871,0.688821,-0.053557,-0.722595,0.022565,9.90040277616256,-0.9713077981736172,-0.5023402262167818,-2.0094056116308874,1.9412131127288699,1.4259593453003627
201,2281863316,9.891619,-0.97469,-0.505603,-2.211759,1.877916,1.431628,0.688822,-0.053595,-0.722592,0.022527,9.90194042146364,-0.9708559573327753,-0.5072678179456261,-2.044551540994721,1.8978228440061713,1.4025175318172352
202,2281879983,9.899845,-0.984249,-0.537694,-2.065165,1.822222,1.399356,0.688819,-0.053558,-0.722597,0.022554,9.90487745361353,-0.9733561053753652,-0.521473333082401,-2.0534897852371574,1.8789377298739427,1.3834195743623647
203,2281896650,9.925577,-0.972694,-0.522507,-1.902191,1.935597,1.293102,0.688829,-0.053531,-0.722589,0.022554,9.904784417954549,-0.9781460522464419,-0.5330522980862624,-2.0059280035826834,1.8831974867730403,1.3704521331169601
204,2281913317,9.893752,-0.982791,-0.548614,-1.972793,1.935955,1.390827,0.688838,-0.05352,-0.722581,0.022557,9.90047571768159,-0.9832170855379628,-0.5333494008547659,-1.9325013090252539,1.8880090555927047,1.3509017399279184
205,2281929984,9.883431,-0.984439,-0.521419,-1.82365,1.789694,1.324682,0.688834,-0.053499,-0.722586,0.022557,9.89505877171522,-0.9866495041446307,-0.5237771811261711,-1.8859776888297963,1.8735809640447525,1.3108452093896878
206,2281946651,9.900112,-0.986311,-0.497646,-1.908185,1.936109,1.295023,0.688844,-0.053486,-0.722578,0.022543,9.89291002784748,-0.9871788302629598,-0.5136792928927093,-1.8923947085338206,1.840187171901336,1.2534385254604086
207,2281963318,9.895993,-0.990813,-0.523147,-2.028641,1.704455,1.153026,0.68883,-0.053464,-0.722594,0.022508,9.895783947145066,-0.9849033771375928,-0.5118935479317249,-1.93595652508669,1.8043944944372323,1.2036105757138047
208,2281979985,9.899595,-0.986906,-0.508196,-1.896288,1.838166,1.198092,0.521345,0.412985,-0.595353,0.450769,9.90167396412203,-0.9818171223085783,-0.5196087602222169,-1.9768172029653321,1.7818623712872885,1.1888272384838987
209,2281996652,9.908562,-0.966464,-0.535421,-1.95932,1.737994,1.142563,0.52135,0.413022,-0.59534,0.450746,9.906778437157257,-0.9806557115688612,-0.5303023232997776,-1.9770104883508406,1.77412685649171,1.2116723070738642
210,2282013319,9.9095,-0.985696,-0.551976,-1.968682,1.807072,1.296188,0.521362,0.413027,-0.595341,0.450726,9.908392491508351,-0.9822002002478905,-0.5360319697168198,-1.9192715765774435,1.769987329377268,1.2439041135583275
211,2282029986,9.906595,-0.985296,-0.52732,-1.79449,1.730964,1.30564,0.521341,0.413071,-0.595322,0.450736,9.906568554253795,-0.9837930011130447,-0.5339301022869734,-1.818458587851348,1.7582095479146425,1.2527847974213384
212,2282046653,9.90343,-0.982809,-0.508865,-1.774025,1.779257,1.231824,0.521312,0.41314,-0.595279,0.450763,9.903610718820088,-0.9813438006287961,-0.5272500732249848,-1.7226827353601055,1.738932672345869,1.2352205791356972
213,2282063320,9.899743,-0.977681,-0.537847,-1.67256,1.718939,1.202702,0.521292,0.413197,-0.59525,0.450771,9.901941967271606,-0.9734205440867989,-0.5212515969147397,-1.6938061160993396,1.72291321635898,1.2225616536397368
214,2282079987,9.897555,-0.957763,-0.508437,-1.728678,1.638643,1.178306,0.521274,0.413254,-0.595233,0.450763,9.902146319166423,-0.9634582418278551,-0.5190808359007136,-1.7675464962848797,1.7192978505716738,1.2475856555808398
215,2282096654,9.912326,-0.968642,-0.541753,-1.893419,1.760162,1.306037,0.521275,0.41327,-0.595232,0.450749,9.902967303959546,-0.9575638740892454,-0.521121939363421,-1.9179603885231264,1.725513486223238,1.307341905673429
216,2282113321,9.899386,-0.937348,-0.506583,-2.007498,1.801412,1.412291,0.52128,0.413263,-0.595242,0.450735,9.903209309194516,-0.9593696423412644,-0.5263028924467056,-2.0619921462971047,1.7324656147534112,1.3632997094362864
217,2282129988,9.90936,-0.970371,-0.534431,-2.296588,1.727237,1.463977,0.521279,0.413254,-0.595267,0.450712,9.903360929093516,-0.9665356779454368,-0.5326696370401575,-2.114794782908222,1.7393541146437617,1.3808316447427662
218,2282146655,9.897269,-0.984702,-0.534727,-2.079841,1.683875,1.331521,0.521284,0.413256,-0.595286,0.450678,9.904872375821423,-0.9727973957882058,-0.537591364956667,-2.0566766677470576,1.7573565138466385,1.3649848146455241
219,2282163322,9.901963,-0.985167,-0.5608,-1.845459,1.833043,1.242709,0.521288,0.413282,-0.595268,0.450673,9.907762797520144,-0.9741378126217731,-0.539228535837605,-1.9480664061945923,1.79457840227933,1.351879576298144
220,2282179989,9.916122,-0.961528,-0.529472,-1.760553,1.822196,1.387011,0.521273,0.413308,-0.59525,0.450691,9.909619562592423,-0.972483996975217,-0.5381010296639916,-1.8721074099795305,1.8402311742840323,1.3659525211177619
221,2282196656,9.914721,-0.952967,-0.511991,-1.899515,1.895731,1.419923,0.521249,0.413343,-0.595218,0.450729,9.907813144959091,-0.9724562554093865,-0.5360945427982052,-1.8613385590469183,1.8682075394798892,1.3929852798164464
222,2282213323,9.901014,-0.985618,-0.550325,-1.984408,1.86196,1.466282,0.521243,0.413346,-0.595214,0.450738,9.902772494240299,-0.9750925133585158,-0.5338289574942484,-1.8843838396440522,1.8577340537670741,1.3986743634361656
223,2282229990,9.89235,-0.991208,-0.545785,-1.953109,1.800041,1.336106,0.521241,0.413362,-0.595209,0.450734,9.898344360697786,-0.976430123427118,-0.5304112465637565,-1.899683861860942,1.8115878884994432,1.3687263030899013
224,2282246657,9.896832,-0.959914,-0.503304,-1.867435,1.756589,1.302771,0.521241,0.413379,-0.595206,0.450721,9.898343896063853,-0.9726728164320562,-0.5262653292157409,-1.9070060693338715,1.7569695859968808,1.3249328504998032
225,2282263324,9.905469,-0.977465,-0.543027,-1.882546,1.716454,1.29332,0.521231,0.41341,-0.5952,0.450713,9.902783318267781,-0.9655612110540467,-0.5248071761797575,-1.9354603105140682,1.7300544990901716,1.3026636512724918
226,2282279991,9.9052,-0.956239,-0.521848,-1.832914,1.79047,1.284611,0.521231,0.413431,-0.59519,0.450707,9.907670483117109,-0.9615527881030881,-0.5298298670902685,-1.9872955188422945,1.7555568153717604,1.3168142305755064
227,2282296658,9.916562,-0.953997,-0.531915,-2.145166,1.806368,1.405017,0.521246,0.413414,-0.595209,0.450679,9.908569456656807,-0.9654104366486825,-0.5407620657979322,-2.013714106893641,1.8319585730689856,1.350779057855483
228,2282313325,9.901363,-0.969609,-0.549469,-2.094056,1.907346,1.389214,0.521248,0.413423,-0.595197,0.450687,9.904571564002707,-0.9747696117679228,-0.5509099148246361,-1.9632969361293617,1.9285770363000547,1.3755398317345158
229,2282329992,9.896729,-0.999289,-0.564679,-1.908953,1.989896,1.366892,0.521262,0.413421,-0.595179,0.450694,9.89914866605336,-0.9817159520796566,-0.5517501557476823,-1.8516923789157127,1.9984813170539881,1.3760191115484033
230,2282346659,9.903782,-0.992189,-0.550394,-1.556177,2.066478,1.339461,0.521266,0.413441,-0.595134,0.450732,9.897204620123965,-0.9804279765644772,-0.5406087391462913,-1.7632367260296409,2.0056895535445394,1.358598677398475
231,2282363326,9.882073,-0.958879,-0.512851,-1.677068,1.985708,1.326142,0.521284,0.41344,-0.595115,0.450737,9.900907483760312,-0.9729343524447114,-0.524412228374547,-1.7691091113755475,1.9510048250770573,1.336766275892401
232,2282379993,9.923327,-0.954229,-0.508824,-1.899604,1.787043,1.30012,0.521315,0.413417,-0.595138,0.450691,9.907960806649518,-0.9665405971966985,-0.5147010418398129,-1.850946635870503,1.8729730947813006,1.3146862769460719
233,2282396660,9.916409,-0.972852,-0.513255,-2.10731,1.816126,1.323184,0.521334,0.413408,-0.595149,0.450662,9.913801510928966,-0.9659176746210114,-0.5177811420311982,-1.9204144622453927,1.8182920736968424,1.2876058994181445
234,2282413327,9.914508,-0.9667,-0.533931,-1.955927,1.803909,1.300619,0.521343,0.413417,-0.595148,0.450645,9.915409710676634,-0.9688662755420687,-0.5293996167749037,-1.9143094449625748,1.8071956159546514,1.2565238010348572
235,2282429994,9.90416,-0.982117,-0.540211,-1.708354,1.858105,1.182558,0.521354,0.413444,-0.595125,0.450638,9.912958989737954,-0.9700000559255298,-0.5391540862903935,-1.8569344615203036,1.8258905224988238,1.2369125840273554
236,2282446661,9.908962,-0.976776,-0.564405,-1.76702,1.899213,1.216238,0.521355,0.413482,-0.595089,0.45065,9.908417475363168,-0.9673302252086454,-0.540255438425581,-1.8238125907736906,1.84892647109095,1.2480838073672862
237,2282463328,9.910943,-0.936789,-0.512958,-1.830322,1.803217,1.324606,0.52133,0.413531,-0.595058,0.450675,9.903674515027728,-0.9640222803812792,-0.5350291797419187,-1.8558911726561313,1.8640722903811593,1.2937170905093902
238,2282479995,9.903128,-0.964029,-0.518945,-2.079994,1.84074,1.37911,0.521328,0.413542,-0.595052,0.450675,9.900183202158217,-0.9639721942037578,-0.5310246035119764,-1.9208217958038696,1.8756213980097987,1.3552170519848863
239,2282496662,9.890013,-0.986271,-0.544977,-1.91355,1.968304,1.373885,0.521331,0.413554,-0.595028,0.450693,9.899135252859805,-0.9671883324539577,-0.5323882133983948,-1.953669907034521,1.8900599100968347,1.404446382239021
240,2282513329,9.898066,-0.96431,-0.539999,-1.880651,1.842917,1.438275,0.521326,0.413558,-0.595024,0.450699,9.900815763126815,-0.9702921216867527,-0.5356674210649062,-1.9238999081396604,1.9041900418753632,1.4226497274887215
241,2282529996,9.912213,-0.968171,-0.518378,-1.924065,1.94679,1.408475,0.52131,0.413589,-0.594989,0.450736,9.90405640695408,-0.9705220947224781,-0.5338271176476375,-1.8618503134232665,1.9061429086821802,1.4105373332809172
242,2282546663,9.909033,-0.967651,-0.544274,-1.834945,1.853739,1.405619,0.521305,0.413599,-0.59498,0.450745,9.907155204663397,-0.9681687453748007,-0.5239969837134012,-1.8275480130708588,1.8845695029521088,1.384991961983876
243,2282563330,9.906889,-0.967144,-0.520094,-1.702771,1.850229,1.315833,0.521309,0.413612,-0.594967,0.450744,9.90931518597465,-0.9655862104031083,-0.5115265912727287,-1.8542680105660398,1.8379254661332085,1.3663349568504648
244,2282579997,9.905367,-0.96654,-0.478383,-1.948537,1.806944,1.398588,0.521309,0.413615,-0.594969,0.450739,9.910696563629399,-0.9647678735487961,-0.5061465293008863,-1.9169253850195935,1.7784715084951117,1.3645159972923495
245,2282596664,9.905033,-0.955939,-0.51546,-2.030242,1.719771,1.359849,0.521303,0.413629,-0.594976,0.450724,9.91140656209297,-0.9658050329180605,-0.5128341078765083,-1.9575521308768766,1.7268901648667114,1.3737844923289613
246,2282613331,9.936347,-0.978556,-0.524016,-2.119374,1.649836,1.381953,0.521274,0.413668,-0.594974,0.450725,9.911357162357902,-0.9671483946809147,-0.5259772260538271,-1.9480521263304076,1.6980441941108864,1.3799894190799002
247,2282629998,9.899303,-0.961845,-0.544804,-1.773846,1.674219,1.380902,0.521233,0.413721,-0.594954,0.45075,9.91099386708444,-0.9672866733570542,-0.5337513201515609,-1.923414077646859,1.6889652465114104,1.3747332816568338
248,2282646665,9.894603,-0.97615,-0.545667,-1.773833,1.747766,1.409755,0.521201,0.413761,-0.594935,0.450775,9.910912234604224,-0.966286730895252,-0.5295197078061297,-1.9419395537063375,1.683623055502221,1.3644681323097323
249,2282663332,9.922764,-0.94915,-0.508122,-2.096937,1.715302,1.290131,0.521224,0.413748,-0.594962,0.450724,9.910411109107725,-0.9655740445328738,-0.5188431106485777,-2.0140087818855665,1.6727020732528701,1.3657183754336288
250,2282679999,9.913033,-0.972834,-0.501705,-2.19789,1.587354,1.408206,0.521205,0.413766,-0.594984,0.450701,9.907727659833736,-0.9662365107173609,-0.5143125266367219,-2.083362034539949,1.6659214244468359,1.3894085262255897
251,2282696666,9.900526,-0.970461,-0.50993,-2.068187,1.679982,1.43264,0.521188,0.41378,-0.594996,0.450693,9.902606427016229,-0.9679269190448383,-0.5229385317653032,-2.084002863667939,1.6801738344949861,1.4289693990507684
252,2282713333,9.900394,-0.976341,-0.561282,-1.990004,1.687192,1.475272,0.521183,0.413771,-0.595021,0.450673,9.897821277718721,-0.9694529590115167,-0.5388859508295486,-2.0090645976783623,1.7168873859461815,1.4647532023299965
253,2282730000,9.881501,-0.954768,-0.548128,-1.886439,1.825744,1.492266,0.521176,0.413768,-0.595025,0.45068,9.897028281780443,-0.9698244794504928,-0.5488900919451946,-1.9209456792090882,1.756762005208126,1.480873496047785
254,2282746667,9.914196,-0.970962,-0.545066,-1.957118,1.798851,1.466295,0.521174,0.413762,-0.595035,0.450674,9.901048525077728,-0.9685628380189393,-0.5447098304560412,-1.8973656618273163,1.7783760122370493,1.4780152949853753
255,2282763334,9.903006,-0.971604,-0.544288,-1.894482,1.7215,1.474363,0.521148,0.413783,-0.595034,0.450686,9.906728655831015,-0.9659223645365148,-0.530465826781849,-1.9636638266492001,1.7781908360030212,1.470449632064627
256,2282780001,9.909325,-0.983903,-0.487144,-1.884134,1.748752,1.459738,0.521131,0.413795,-0.595037,0.450692,9.909603403294676,-0.9633930817735497,-0.5184306767293629,-2.0676609221265023,1.770429186405478,1.4707814892249913
257,2282796668,9.912158,-0.917808,-0.528474,-2.491027,1.852227,1.435214,0.521154,0.413766,-0.595062,0.450658,9.907731589590586,-0.9630191840282228,-0.5178539054984757,-2.1211105501101772,1.7705123468481978,1.476914162444471
258,2282813335,9.905195,-0.988733,-0.528527,-1.989531,1.715264,1.55772,0.521138,0.413758,-0.595084,0.450655,9.903244944736768,-0.9652865399817852,-0.5272921081564059,-2.0769954252449634,1.7804527258641898,1.4735007454116402
259,2282830002,9.89146,-0.977165,-0.533709,-1.912385,1.770753,1.41758,0.521114,0.413788,-0.595071,0.450672,9.900303552763942,-0.9683833521665997,-0.5370157741266673,-1.9710678107295436,1.7872894520720846,1.4463674529969415
260,2282846669,9.901487,-0.962972,-0.555159,-1.764395,1.820429,1.369453,0.521093,0.413825,-0.595046,0.450697,9.901244368521068,-0.9703422548314804,-0.5385544445500168,-1.8848395427930913,1.7741497870405056,1.3958725889673946
261,2282863336,9.903941,-0.969634,-0.535315,-1.963226,1.770766,1.359977,0.521065,0.41387,-0.595023,0.450717,9.90447061944041,-0.9711938744009596,-0.5321825183586815,-1.870085358927654,1.736634167677825,1.3377679206504902
262,2282880003,9.917771,-0.966863,-0.499219,-1.912244,1.61709,1.286852,0.521044,0.413912,-0.59502,0.450707,9.906134938873661,-0.9722506953004885,-0.5255498931458438,-1.9125344231685664,1.691558000277352,1.2935811406569364
263,2282896670,9.895998,-0.984554,-0.529527,-2.070454,1.711165,1.297917,0.521037,0.413938,-0.59502,0.450692,9.903868095176838,-0.9738713732821311,-0.5254220412889162,-1.9603908936055163,1.6681009694181084,1.279404199082159
264,2282913337,9.896527,-0.968451,-0.539818,-1.793824,1.666087,1.25718,0.521022,0.413977,-0.595012,0.450682,9.898858738731862,-0.9746876348178579,-0.5312222692612714,-1.9756194248549952,1.6870941679426856,1.2984433672535376
265,2282930004,9.900987,-0.969316,-0.54402,-2.050348,1.729927,1.357736,0.521029,0.413976,-0.595028,0.450655,9.894661804169573,-0.9729328619619899,-0.5365221292790536,-1.9598045373796709,1.7456549581299088,1.3393650950590625
266,2282946671,9.887304,-0.978532,-0.523205,-2.002504,1.865187,1.410703,0.521034,0.413974,-0.595028,0.450652,9.894328317887346,-0.9683837527360267,-0.5358586946855253,-1.944928067815097,1.8187127556681286,1.381781246100985
267,2282963338,9.90154,-0.960806,-0.54004,-1.910297,1.835822,1.374448,0.521038,0.413976,-0.595027,0.450645,9.89834454541363,-0.9631856898410973,-0.5296953444099669,-1.9645311248498933,1.8750119216449435,1.4065589504416096
268,2282980005,9.90306,-0.960662,-0.515384,-1.932811,1.905604,1.406361,0.52105,0.413968,-0.595025,0.450642,9.904626384336941,-0.9604953361714019,-0.5237494590587528,-2.023351048244794,1.896430797591809,1.4048663039609477
269,2282996672,9.912899,-0.946832,-0.531247,-2.094517,1.919896,1.378507,0.521081,0.413939,-0.595038,0.450615,9.910217914459196,-0.9616054645095057,-0.5242774117167741,-2.087456213433722,1.8891618672766701,1.3822195359118872
270,2283013339,9.917418,-0.976322,-0.525687,-2.283295,1.876316,1.394362,0.521126,0.413888,-0.595075,0.450561,9.913190647229763,-0.964419489679334,-0.5330647450585895,-2.1113080987556745,1.8797294933048256,1.3573801338685476
271,2283030006,9.905498,-0.969126,-0.542839,-2.054728,1.850819,1.355891,0.521138,0.413885,-0.595078,0.450547,9.913170884510512,-0.965595854974338,-0.5454177257775003,-2.0823103082628145,1.8961732796971091,1.3541234686184942
272,2283046673,9.906485,-0.966631,-0.553778,-1.916176,1.957188,1.341395,0.521166,0.413868,-0.595076,0.450533,9.910453980567937,-0.9645303422606336,-0.5528720970102654,-2.034415396488647,1.9455433900967583,1.3841584311783552
273,2283063340,9.914849,-0.963046,-0.568797,-2.019305,2.00671,1.388996,0.521151,0.413904,-0.595031,0.450577,9.90538241935015,-0.9644665700911547,-0.5493308917732818,-2.011709111158813,2.005729445004385,1.4307257663883377
274,2283080007,9.898274,-0.95254,-0.519895,-2.036274,2.053133,1.505418,0.521136,0.413922,-0.594993,0.450628,9.899106876169503,-0.9688700180558112,-0.5360134487395867,-2.021451496581262,2.0407362515934815,1.4524698244108696
275,2283096674,9.894873,-0.989511,-0.521253,-2.098039,2.056988,1.447009,0.521167,0.413889,-0.594992,0.450624,9.894404634357521,-0.9768652833376233,-0.5207489200215853,-2.027170103079673,2.027982940049864,1.4143837887854123
276,2283113341,9.891891,-0.980935,-0.509864,-1.874107,1.95788,1.342125,0.52118,0.413891,-0.594976,0.450627,9.894473071197073,-0.9830454879705446,-0.5120908963134184,-1.9861721327188857,1.9745007378931816,1.322250494375365
277,2283130008,9.892749,-0.98555,-0.515698,-2.015015,1.878058,1.184811,0.521187,0.413926,-0.594948,0.450624,9.900091617077972,-0.9823138528820148,-0.5134826480891359,-1.893378915870867,1.9087435214401651,1.2249425012515724
278,2283146675,9.915594,-0.980813,-0.522314,-1.821306,1.859975,1.133368,0.521204,0.413955,-0.594924,0.450609,9.908091664496911,-0.9749498949285906,-0.5219997754200233,-1.7925984719398527,1.8569344671757262,1.1766294844913423
279,2283163342,9.918907,-0.962751,-0.535963,-1.605763,1.843801,1.170456,0.521182,0.414028,-0.594868,0.450641,9.91317691052153,-0.9666813193527737,-0.5315870028180731,-1.7441483054132263,1.8258614850801533,1.1924385931063444
280,2283180009,9.899184,-0.949971,-0.530009,-1.724324,1.798453,1.304295,0.521171,0.414061,-0.594848,0.45065,9.911754830500456,-0.9634121741415607,-0.5374721123191514,-1.7740404568484345,1.8057671700065545,1.2404159894096316
281,2283196676,9.916614,-0.966487,-0.546022,-1.954108,1.780755,1.313989,0.52117,0.414079,-0.594843,0.450641,9.904580460015138,-0.9657132844762678,-0.5387205298354445,-1.8519975603982837,1.7877276326500458,1.276947003861312
282,2283213343,9.890636,-0.986378,-0.534565,-2.055637,1.828958,1.284496,0.521174,0.414099,-0.594832,0.450634,9.896298849860843,-0.968733663812948,-0.5379036883516537,-1.9217931911907997,1.7784094875834362,1.2888947154271018
283,2283230010,9.896052,-0.962928,-0.54194,-1.760617,1.767283,1.226637,0.521168,0.414137,-0.594813,0.450631,9.892279934738905,-0.967574949786475,-0.538482562497589,-1.9513090150646728,1.7979556176385374,1.300919762194385
284,2283246677,9.88659,-0.958806,-0.534992,-1.996369,1.841714,1.364024,0.521186,0.414125,-0.594823,0.450609,9.894708027937751,-0.9622903586002898,-0.5415379516324844,-1.9502140352850137,1.860044536216606,1.3447675031426887
285,2283263344,9.895757,-0.953787,-0.536042,-1.998009,1.906757,1.442578,0.521201,0.414106,-0.594829,0.450601,9.900753065506862,-0.9575081526934792,-0.544338389698669,-1.9453672223764376,1.950205916619289,1.4245221185037975
286,2283280011,9.920125,-0.962224,-0.556879,-1.860801,2.084316,1.490896,0.521205,0.414102,-0.594802,0.450636,9.904885786489968,-0.9577708751333607,-0.5427381500831139,-1.9480483754484805,2.0255116445705617,1.5098613192686867
287,2283296678,9.905949,-0.960278,-0.546221,-1.943594,2.061803,1.583358,0.521225,0.414058,-0.594806,0.450647,9.903923326207122,-0.9634609420027029,-0.5360471323026978,-1.9450114331195567,2.0426425098704177,1.5589346361707745
288,2283313345,9.893382,-0.968636,-0.518336,-2.018153,1.971838,1.553071,0.521226,0.414042,-0.594802,0.450666,9.899992009245022,-0.9705971828139106,-0.5292451948876781,-1.9164929949543448,1.9928993468137102,1.5490887599541505
289,2283330012,9.893744,-0.978967,-0.522991,-1.882444,1.947404,1.486094,0.521228,0.414035,-0.594794,0.450682,9.898086800015053,-0.9741521906386212,-0.5288176387893664,-1.8597839487139485,1.9124392793670948,1.4925694447820974
290,2283346679,9.895666,-0.97861,-0.524889,-1.677184,1.795354,1.444768,0.5212,0.414065,-0.594775,0.450711,9.900742824494246,-0.972048528363432,-0.5355661348484478,-1.7917265641327198,1.8567177500368255,1.4275236837732375
291,2283363346,9.91317,-0.961006,-0.557129,-1.656322,1.859565,1.33909,0.521156,0.414139,-0.594717,0.45077,9.905658684554293,-0.9665204877079195,-0.5424170837332614,-1.728272193499051,1.8595866014200035,1.3914188307305273
292,2283380013,9.920213,-0.949873,-0.548016,-1.775805,1.897952,1.416984,0.521149,0.414152,-0.594699,0.450789,9.90860144313914,-0.9616681695648935,-0.5406680560595358,-1.6719655312764645,1.9111498613437026,1.3963577048786942
293,2283396680,9.898202,-0.969925,-0.528722,-1.797691,2.015777,1.410575,0.521146,0.414167,-0.594666,0.450823,9.907858109126556,-0.9597204302345992,-0.5287754698088274,-1.627920590789747,1.97282418808314,1.42540533635467
294,2283413347,9.894354,-0.963999,-0.507148,-1.49281,2.067822,1.494853,0.521122,0.414196,-0.594612,0.450895,9.905329594159037,-0.9597554950683777,-0.5145540578175573,-1.6207961253861962,2.014850641718221,1.453027041685564
295,2283430014,9.916706,-0.954885,-0.506434,-1.426205,2.007888,1.492484,0.521107,0.414212,-0.594575,0.450947,9.90397837434652,-0.9595643091581632,-0.5083316485356463,-1.6765107384176892,2.039864846576438,1.4714181239124926
296,2283446681,9.908092,-0.95412,-0.499331,-2.016872,1.978088,1.46422,0.521122,0.414193,-0.594573,0.450951,9.905127093620933,-0.9580663678019697,-0.5137603979621128,-1.7875698796276855,2.070402214107094,1.4973995796691204
297,2283463348,9.897281,-0.96075,-0.548867,-2.041947,2.149693,1.519941,0.521151,0.414154,-0.594564,0.450965,9.907804298361253,-0.9561365282856147,-0.5250710340893492,-1.9127105395957702,2.117423130053306,1.5520574780814014
298,2283480015,9.907784,-0.9634,-0.524728,-1.851798,2.223278,1.630063,0.521156,0.41413,-0.594533,0.451021,9.90962778710734,-0.9558323890589047,-0.5329297222641022,-2.0127027880295385,2.166958478258432,1.633254365490233
299,2283496682,9.923543,-0.94737,-0.542114,-2.011135,2.20307,1.728159,0.52118,0.414065,-0.594536,0.45105,9.908445233384516,-0.9586705592203734,-0.5327413976719486,-2.0739400008344835,2.1974722358085828,1.710390638808144
300,2283513349,9.893888,-0.954983,-0.521961,-2.187235,2.177713,1.790616,0.521197,0.413995,-0.594547,0.451079,9.90416057108224,-0.9638635360419487,-0.5274610778143543,-2.0989821988987,2.2030615429348384,1.7488952568343104
301,2283530016,9.902233,-0.989169,-0.508551,-2.122383,2.185692,1.743719,0.521219,0.41393,-0.594554,0.451105,9.899292677130001,-0.9683209172139126,-0.5230228064395177,-2.0924946292589013,2.1946461937892106,1.740556492581884
302,2283546683,9.895242,-0.960838,-0.530449,-2.01043,2.149104,1.680968,0.521223,0.413897,-0.59454,0.45115,9.897243223053117,-0.9692469132390129,-0.5218481409142076,-2.0636632996677355,2.181686376862261,1.708645869238222
303,2283563350,9.898607,-0.967995,-0.523892,-2.056713,2.20211,1.637324,0.521259,0.41383,-0.594545,0.451162,9.89954078425938,-0.9670279289661613,-0.5211805800139413,-2.0312840872813096,2.159077861747422,1.6824647774656025
304,2283580017,9.90509,-0.962271,-0.521223,-2.003835,2.117037,1.678099,0.521267,0.41379,-0.59454,0.451196,9.90450467030302,-0.9652055969533164,-0.5173395890340206,-2.0151761446188545,2.1141853779355637,1.6678842497447106
305,2283596684,9.909628,-0.96955,-0.51219,-2.034711,2.057449,1.691303,0.521275,0.413745,-0.594546,0.45122,9.908483484961348,-0.9673637661337537,-0.5106881415828534,-2.019462487387752,2.0443996299041016,1.6443053679036441
306,2283613351,9.907283,-0.976361,-0.502579,-1.957771,1.928527,1.596484,0.521283,0.413709,-0.594561,0.451224,9.908696496067385,-0.97371474221317,-0.5057842472865066,-2.024579147985934,1.9653119894538924,1.5899179342104703
307,2283630018,9.912303,-0.965442,-0.490744,-2.021893,1.912776,1.486837,0.521275,0.413713,-0.594551,0.451243,9.905448905648193,-0.9801885689857649,-0.5067362888308045,-1.999428652758898,1.9017191616669935,1.5081162512512112
308,2283646685,9.899289,-0.992009,-0.526283,-2.04059,1.885204,1.414929,0.521303,0.41368,-0.59457,0.451215,9.90177310509948,-0.9811086564600755,-0.5130033046555135,-1.9295504850493197,1.870998148269702,1.4292926950506943
309,2283663352,9.891853,-0.984462,-0.52707,-1.76629,1.844134,1.429259,0.521297,0.413687,-0.594563,0.451226,9.900497635688929,-0.974095206784942,-0.5201253073100972,-1.8380774603795742,1.8726290815788276,1.387884136240013
310,2283680019,9.898514,-0.959533,-0.522245,-1.77601,1.908639,1.335004,0.5213,0.413703,-0.594542,0.451236,9.901391325077814,-0.9631654169488792,-0.5240511859742553,-1.7738392028026377,1.889683956487421,1.3951113376763749
311,2283696686,9.915613,-0.945736,-0.514318,-1.708341,1.909805,1.417785,0.521279,0.413734,-0.594509,0.451274,9.901601177175069,-0.956194585106141,-0.5239162267972105,-1.7700690765947242,1.8995170711680167,1.4289961779456646
312,2283713353,9.901503,-0.953712,-0.525237,-1.810485,1.851408,1.5104,0.521262,0.413743,-0.5945,0.451298,9.89926644356564,-0.9580466436491433,-0.5209117888333461,-1.8119387604480581,1.8868526766752813,1.4506123412438288
313,2283730020,9.885354,-0.973835,-0.508571,-1.931697,1.910919,1.454244,0.521291,0.413703,-0.594519,0.451275,9.89618853385264,-0.965911503176186,-0.5160147156877466,-1.8482785101714145,1.851900379643817,1.4359236132466104
314,2283746687,9.899089,-0.972523,-0.526475,-1.823624,1.775018,1.366226,0.52129,0.413712,-0.59452,0.451267,9.896200006731204,-0.971821081181552,-0.5098848447862365,-1.8397255980035463,1.808632174366876,1.396589300372761
315,2283763354,9.897934,-0.973158,-0.502822,-1.856652,1.741004,1.369172,0.521269,0.413745,-0.594508,0.451277,9.900896360717331,-0.9700937601579379,-0.5042483228976868,-1.797103584779705,1.7742066137563008,1.3691619366039327
316,2283780021,9.908617,-0.973206,-0.487111,-1.668104,1.801757,1.348387,0.521249,0.413781,-0.594484,0.451297,9.907366251045252,-0.9625381617681696,-0.501679806760269,-1.7716428075285897,1.7573724504365837,1.3809204203288832
317,2283796688,9.91148,-0.932078,-0.500329,-1.7479,1.749315,1.403608,0.521233,0.413801,-0.594479,0.451304,9.91030289764673,-0.9565477525174131,-0.5033440685274162,-1.8062339246882921,1.7548578496222316,1.4239943457632573
318,2283813355,9.912107,-0.961867,-0.525793,-2.00623,1.741785,1.529546,0.521216,0.413803,-0.594491,0.451308,9.906575907796583,-0.9581612976327235,-0.5078744885936126,-1.8950800360681845,1.757153348678147,1.4622574402937327
319,2283830022,9.895394,-0.977148,-0.512791,-2.035633,1.74856,1.492638,0.521205,0.413801,-0.594505,0.451303,9.898211718804465,-0.9668885911875253,-0.5131888889450084,-1.9872013804902928,1.7573348677305138,1.4640437480808681
320,2283846689,9.888073,-0.976473,-0.510269,-1.859405,1.815396,1.371426,0.521189,0.41383,-0.594487,0.451319,9.891129659068401,-0.9767832572225361,-0.5184886051343072,-2.024431427324163,1.7564631993983164,1.4289632074944534
321,2283863356,9.89273,-0.977247,-0.517379,-2.060478,1.708681,1.369556,0.521188,0.413836,-0.594501,0.451296,9.890564913085193,-0.9817219426223915,-0.5234264964627477,-1.9808434233965269,1.7624218998486332,1.3847486783014011
322,2283880023,9.886951,-0.981023,-0.527332,-1.990337,1.767488,1.397295,0.521184,0.413843,-0.594506,0.451287,9.89696441475217,-0.9796933964165206,-0.5261588214315305,-1.8818061480885242,1.7824040331204873,1.3613258483185753
323,2283896690,9.916125,-0.976331,-0.540058,-1.740178,1.869593,1.3364,0.521182,0.413863,-0.594486,0.451298,9.90579814278702,-0.9733683195052114,-0.5240813378592415,-1.7934084198013436,1.8144814386928074,1.3683957315522757
324,2283913357,9.917712,-0.964681,-0.506945,-1.642837,1.803947,1.421511,0.521153,0.413899,-0.594462,0.45133,9.91131667723179,-0.9676632110182455,-0.5170655033074982,-1.7808542317618952,1.8458565510293166,1.392834116286797
325,2283930024,9.901221,-0.969732,-0.509385,-1.910656,1.86584,1.404748,0.521161,0.413892,-0.594463,0.451324,9.910790892734424,-0.9662321040257946,-0.5090353387034826,-1.859787166707186,1.8597526603523746,1.4121310147997623
326,2283946691,9.902918,-0.952761,-0.503075,-2.05241,1.850089,1.390187,0.521172,0.413886,-0.594468,0.451311,9.905716871102436,-0.9689898091541581,-0.5054513096768292,-1.9838201888480127,1.8464303043128392,1.4112428357758102
327,2283963358,9.909698,-0.989926,-0.514093,-2.127788,1.830571,1.444857,0.521217,0.413824,-0.594517,0.451253,9.899841057270422,-0.9725586127720696,-0.5089314458874901,-2.0819116505125765,1.8119880596845181,1.39270358917162
328,2283980025,9.886382,-0.976258,-0.505818,-2.010764,1.794189,1.34379,0.521232,0.413816,-0.594529,0.451226,9.896506530334214,-0.9735734090744885,-0.5170377496867,-2.1086981085352385,1.778258644119229,1.375107800712125
329,2283996692,9.906069,-0.964185,-0.527685,-2.024761,1.711703,1.351204,0.521223,0.413836,-0.594532,0.451215,9.89716229136781,-0.971798060669256,-0.5242014796954066,-2.06583654284237,1.7701170595331557,1.3808403373989628
330,2284013359,9.895915,-0.968208,-0.546358,-2.136035,1.800746,1.464092,0.521225,0.413825,-0.594547,0.451201,9.901080258190166,-0.9698417168555176,-0.5263244442130275,-1.9908242900419655,1.7972872572836458,1.4206644948266636
331,2284030026,9.902452,-0.967344,-0.509189,-1.903831,1.877968,1.47955,0.521258,0.413773,-0.59458,0.451168,9.90588564593615,-0.9700344006414833,-0.5239731368200855,-1.932212069997044,1.8465189741078145,1.4854977816817887
332,2284046693,9.916253,-0.981989,-0.515112,-1.804773,1.903722,1.508108,0.521276,0.413737,-0.594596,0.451158,9.90886208708828,-0.9720757426209994,-0.5208456895424032,-1.921788953569926,1.8920303816511215,1.5504554524147602
333,2284063360,9.906849,-0.966269,-0.515433,-1.954428,1.903337,1.613683,0.521279,0.413705,-0.594612,0.451165,9.90865280016516,-0.9736203016264119,-0.519126964014328,-1.9534112792447949,1.9137928639684152,1.5889270743010224
334,2284080027,9.909263,-0.974803,-0.529441,-2.110666,1.863855,1.630485,0.521287,0.41366,-0.594643,0.451154,9.906153412640462,-0.9725985913779096,-0.5172529107349969,-1.9883039956758162,1.9074388892551326,1.589754342515428
335,2284096694,9.890656,-0.968954,-0.512756,-1.960819,1.946802,1.565608,0.521295,0.413631,-0.594651,0.451162,9.903686729534902,-0.9689959144396825,-0.5128012954463415,-1.9903951029165203,1.8817212213994625,1.5660658277866633
336,2284113361,9.915211,-0.969885,-0.508198,-1.957067,1.821505,1.478026,0.521301,0.413614,-0.594666,0.451151,9.903221113540823,-0.9649707480158262,-0.5068518953722395,-1.9594779084126466,1.850693712562639,1.5456291398199427
337,2284130028,9.908052,-0.955669,-0.498549,-1.880113,1.813053,1.559218,0.521283,0.413612,-0.59467,0.451167,9.905222448425496,-0.9634090499504043,-0.5043855526383048,-1.927546893221179,1.8266372367867214,1.5480274874014843
338,2284146695,9.89616,-0.965033,-0.508019,-1.957515,1.814871,1.604591,0.521279,0.413586,-0.594692,0.451167,9.908583708237389,-0.9658694336756795,-0.509909897912187,-1.9230995178993042,1.8156043010253886,1.5694458558647122
339,2284163362,9.915484,-0.978899,-0.525315,-1.88343,1.858528,1.593526,0.521307,0.41352,-0.594736,0.451137,9.911123134626106,-0.9714973580129554,-0.5226205855568878,-1.9403097389531796,1.817058963573589,1.5885800841343154
340,2284180029,9.91654,-0.970379,-0.530887,-1.967363,1.794445,1.567696,0.521297,0.413507,-0.594752,0.45114,9.91064783082791,-0.9778611049753563,-0.5358326769722875,-1.9421974230950632,1.8269529391703765,1.5846103450760372
341,2284196696,9.902768,-0.990881,-0.543707,-1.987469,1.831404,1.543876,0.521279,0.413509,-0.594752,0.451158,9.906548081665669,-0.9828241785864984,-0.5416075862248039,-1.8939045362247837,1.8402312117972275,1.5495504899758596
342,2284213363,9.901124,-0.985314,-0.555443,-1.750218,1.867172,1.491818,0.521262,0.413522,-0.594738,0.451186,9.900687229875654,-0.9855403165056574,-0.5370309095699891,-1.7949566544199538,1.8512917887368132,1.4895227167989729
343,2284230030,9.897454,-0.976002,-0.51269,-1.604572,1.85685,1.409614,0.521245,0.413547,-0.594714,0.451213,9.89635637968374,-0.985754289649303,-0.5266846889346162,-1.681400839381645,1.8555381450338149,1.421687190034201
344,2284246697,9.891609,-0.982375,-0.510889,-1.607722,1.833748,1.418655,0.521203,0.413603,-0.594671,0.451266,9.895896058621501,-0.982773719477739,-0.5185720240014416,-1.6000448775922946,1.8530618983449971,1.3710435796940739
345,2284263364,9.898886,-0.98541,-0.516792,-1.666926,1.916272,1.369466,0.521206,0.413612,-0.594653,0.451278,9.898966175053957,-0.9761942077823124,-0.5169505153038192,-1.582739833545689,1.849830135683675,1.3622476102243752
346,2284280031,9.910021,-0.973258,-0.523298,-1.685393,1.775453,1.327884,0.521199,0.413634,-0.594643,0.45128,9.902880930524704,-0.9680631165509288,-0.5191318813272653,-1.6366319743856954,1.8520688677930586,1.4026232189688828
347,2284296698,9.89892,-0.961077,-0.52744,-1.589921,1.843929,1.438672,0.521166,0.413675,-0.594609,0.451326,9.904647827812969,-0.9631183650681393,-0.5193555500200413,-1.740477160545727,1.8577734421930021,1.4678036039333189
348,2284313365,9.901477,-0.946482,-0.522505,-1.758824,1.903824,1.584331,0.521149,0.413673,-0.594601,0.451357,9.903081504837637,-0.9650136185912495,-0.515258475668205,-1.8438544614176515,1.8563780032105188,1.511434853622932
349,2284330032,9.906699,-0.975181,-0.483143,-2.076345,1.878544,1.554467,0.52117,0.413625,-0.594632,0.451336,9.899591471619066,-0.9719315039590102,-0.5100795106195364,-1.889925861482077,1.8409900082968604,1.5016239544476295
350,2284346699,9.89779,-0.989574,-0.522778,-1.98848,1.762646,1.423035,0.521197,0.413586,-0.594671,0.451289,9.897184511144482,-0.97739745264819,-0.5090203502536809,-1.8637149399897686,1.8207897224281435,1.4524227602450372
351,2284363366,9.888127,-0.989541,-0.52416,-1.680771,1.816517,1.377913,0.521198,0.413593,-0.594666,0.451289,9.898056152826165,-0.9766333560623761,-0.5142452650644657,-1.8166887622682677,1.8173681918405158,1.4141551844559028
352,2284380033,9.901045,-0.95405,-0.503944,-1.669794,1.884141,1.369274,0.521193,0.41361,-0.594646,0.451305,9.901345154284757,-0.9715791281720358,-0.5230593425310047,-1.8228188792626834,1.8462950191404794,1.4268011650771135
353,2284396700,9.910434,-0.960172,-0.536564,-1.925857,1.844684,1.537306,0.521192,0.413593,-0.594658,0.451307,9.903425352227249,-0.9686717353275034,-0.5298740091983208,-1.9018807756269045,1.901475414727737,1.4815138683962819
354,2284413367,9.902561,-0.987027,-0.536904,-2.164196,1.975757,1.53194,0.521227,0.413535,-0.594685,0.451283,9.901254135646488,-0.971908802716249,-0.5301806299235505,-1.9963687671839077,1.9567788028079618,1.528492632701256
355,2284430034,9.898128,-0.964802,-0.526054,-1.992041,2.009233,1.553583,0.521222,0.413529,-0.594669,0.451315,9.895736224132172,-0.978827726535974,-0.524121794885842,-2.0299854532823933,1.984695114517027,1.523133684654658
356,2284446701,9.887066,-0.994167,-0.511544,-2.023544,2.000793,1.479012,0.521243,0.4135,-0.594671,0.451314,9.891309986546839,-0.983207453594263,-0.5168446048907633,-1.9813082773758697,1.9780894994505922,1.4664956714493869
357,2284463368,9.883031,-0.986822,-0.508464,-1.809448,1.932395,1.373603,0.521252,0.413502,-0.594658,0.45132,9.891731847084195,-0.9812947271264257,-0.5145571777290442,-1.894830421347056,1.9561906184992353,1.4035577560282544
358,2284480035,9.900591,-0.969025,-0.526943,-1.753215,1.909843,1.329216,0.521273,0.413494,-0.594653,0.451309,9.89631225803429,-0.975469084699619,-0.5191839380796993,-1.8274219715920927,1.9473652267326196,1.3822362910722379
359,2284496702,9.907294,-0.972966,-0.520014,-1.833165,1.964283,1.420282,0.521283,0.413488,-0.594642,0.451318,9.900660385863537,-0.9719456609893423,-0.5262982194356932,-1.7958082143379563,1.9634290747478076,1.4111553513245145
360,2284513369,9.900954,-0.964954,-0.527266,-1.870368,2.043516,1.49114,0.521295,0.413471,-0.594628,0.451338,9.901236208611625,-0.9746344195405303,-0.528350187127734,-1.7795510420818774,1.9895758284891532,1.454344368792819
361,2284530036,9.9026,-0.980232,-0.534443,-1.852131,1.965513,1.503139,0.521305,0.41345,-0.594627,0.451347,9.89886719942193,-0.981098634637372,-0.520943861210656,-1.7648441745944647,1.9980726778731452,1.4659496662711198
362,2284546703,9.884345,-0.999067,-0.500153,-1.596824,1.977742,1.398754,0.521296,0.413472,-0.594591,0.451385,9.897548662887719,-0.9848467462628345,-0.5073759938305784,-1.767926907162971,1.9715957762355933,1.4311955183006195
363,2284563370,9.905048,-0.985222,-0.50461,-1.784782,1.902313,1.377893,0.521301,0.413477,-0.594579,0.45139,9.899993929246504,-0.9818916175604439,-0.49727112151085984,-1.807865446505954,1.917649401450039,1.3774152840451177
364,2284580037,9.901098,-0.967977,-0.484986,-1.855986,1.921855,1.313515,0.521327,0.413466,-0.594576,0.451374,9.904780441049432,-0.9748648507330621,-0.49926487108475187,-1.8679703649603532,1.8664609172158637,1.3500426734840245
365,2284596704,9.918244,-0.958445,-0.505504,-2.036517,1.805292,1.406067,0.521321,0.413476,-0.594575,0.451373,9.907958720673086,-0.9704705180829094,-0.513161168564096,-1.902072402319309,1.8540104296932567,1.3780541987242971
366,2284613371,9.910174,-0.980487,-0.544198,-1.941353,1.914607,1.486235,0.521327,0.413461,-0.594577,0.451378,9.90704743734067,-0.9732506513445085,-0.528752301784548,-1.8824297784824284,1.8968751205737582,1.4548529813033126
367,2284630038,9.887231,-0.991824,-0.537045,-1.683651,1.92571,1.482354,0.521312,0.413476,-0.594553,0.451414,9.903044512122,-0.9820179788317318,-0.5333731572639973,-1.8296089653626304,1.9732669468022945,1.5419638780447185
368,2284646705,9.904732,-0.980868,-0.519125,-1.738731,2.007133,1.59327,0.521331,0.413428,-0.594564,0.45142,9.898898758214688,-0.991397972998657,-0.5221882470280482,-1.7872636188383106,2.0289667864000904,1.5889666834045766
369,2284663372,9.897266,-0.999852,-0.503555,-1.827786,2.140434,1.594653,0.521346,0.413394,-0.59455,0.451452,9.896992954817202,-0.9957165912472095,-0.502371053167415,-1.7749777193247902,2.013190619171889,1.5613951593735997
370,2284680039,9.907612,-0.986485,-0.48657,-1.857792,1.890979,1.488591,0.521342,0.413391,-0.594546,0.451466,9.89829092097675,-0.9920129587247938,-0.4876722387750225,-1.776211532543057,1.92055084940468,1.4656799770155582
371,2284696706,9.898643,-0.992966,-0.47985,-1.694562,1.780896,1.356276,0.521305,0.413449,-0.594509,0.451504,9.902550440007056,-0.9813839140775505,-0.48784233214515427,-1.7698250403567695,1.8006035258724493,1.3532486798771073
372,2284713373,9.887733,-0.958905,-0.494868,-1.825763,1.635019,1.242389,0.521288,0.413494,-0.594502,0.451492,9.907938813509164,-0.9687461103028235,-0.5012419596576488,-1.7623609943801097,1.7214611086302722,1.2921641911082618
373,2284730040,9.931403,-0.967455,-0.527336,-1.763101,1.793638,1.298916,0.521285,0.413516,-0.59449,0.45149,9.910976054723168,-0.9606451611446243,-0.5165570370016191,-1.7837691191991445,1.7186602262591317,1.320937535820058
374,2284746707,9.908936,-0.957451,-0.536517,-1.767251,1.749495,1.429374,0.521263,0.413539,-0.594483,0.451503,9.90880093472122,-0.9614694352320414,-0.5224066300607656,-1.8525874013503076,1.7744540255893408,1.4207490158411316
375,2284763374,9.902778,-0.964237,-0.505275,-1.955517,1.877328,1.573395,0.521268,0.413509,-0.5945,0.451502,9.90240740776441,-0.9702038408583051,-0.516686364369179,-1.9479688472921548,1.8406086392018495,1.531300305525198
376,2284780041,9.892103,-0.985159,-0.50613,-2.114482,1.878019,1.605692,0.521249,0.413507,-0.594499,0.451527,9.896804354206077,-0.9805161352912424,-0.5073422007657507,-2.0196456065805144,1.8783616573150486,1.5978658446216263
377,2284796708,9.889351,-0.981214,-0.50924,-2.048401,1.868401,1.641447,0.521232,0.413494,-0.594506,0.45155,9.896971369510345,-0.985127821723409,-0.5040755158373236,-2.0288066302646963,1.8813156109072289,1.6090751685563502
378,2284813375,9.913471,-1.0045,-0.47823,-1.904817,1.855442,1.512308,0.521237,0.413475,-0.594518,0.451547,9.903468721236555,-0.9817053921269661,-0.5089429071889047,-1.97933566894962,1.8689393251186983,1.5945520505483564
379,2284830042,9.906657,-0.959273,-0.538458,-1.885005,1.8558,1.577044,0.521199,0.4135,-0.594497,0.451595,9.912027584672215,-0.9750119799188224,-0.5149101811144438,-1.9092497990964468,1.863831179718123,1.589708058787795
380,2284846709,9.924721,-0.958267,-0.534801,-1.932606,1.88651,1.640179,0.521179,0.413492,-0.594498,0.451625,9.917206213100728,-0.9725515538273167,-0.5138842598394299,-1.854948334681908,1.8744598316145673,1.6041900025010447
381,2284863376,9.913235,-0.990081,-0.499042,-1.765996,1.928515,1.660798,0.521163,0.413476,-0.594496,0.45166,9.91651585948627,-0.9774536026957645,-0.5058421073440639,-1.8243564735817621,1.894358091618168,1.6217964900876702
382,2284880043,9.907734,-0.983615,-0.470122,-1.742035,1.840971,1.576929,0.521133,0.413489,-0.594484,0.451698,9.911720374352576,-0.9857076404606908,-0.4988169605073527,-1.8002706472824754,1.91245674224799,1.6248985884611657
383,2284896710,9.912018,-0.995273,-0.514722,-1.890102,2.001588,1.640769,0.521115,0.413484,-0.594467,0.451746,9.906923815575015,-0.9903893683607408,-0.4996060024643887,-1.7682423051040177,1.9229767425669093,1.6150215621051733
384,2284913377,9.905999,-0.988427,-0.49398,-1.80809,1.884538,1.622251,0.521078,0.4135,-0.594449,0.451797,9.90535342157218,-0.9883349132105527,-0.5060218028717564,-1.7433886018501052,1.928340911812994,1.6115121317637362
385,2284930044,9.896541,-0.987658,-0.525498,-1.642799,1.919653,1.590632,0.521071,0.413484,-0.594447,0.451822,9.907081274020989,-0.9828288697731845,-0.5096575809978383,-1.7650178930119034,1.935378426724749,1.6329751304309796
386,2284946711,9.913657,-0.962576,-0.52148,-1.769518,2.014484,1.664589,0.521056,0.413471,-0.594433,0.45187,9.909164984195485,-0.9802494807110258,-0.5058592439896341,-1.8543097308397318,1.9486049414598519,1.6789997041458655
387,2284963378,9.920708,-0.992618,-0.4902,-2.027411,1.86958,1.78995,0.521053,0.413414,-0.594471,0.451876,9.908275794342822,-0.9842387563293589,-0.49940740193935,-1.977262750314458,1.9653773143238449,1.7277934005667133
388,2284980045,9.894812,-0.994337,-0.470133,-2.132629,2.052365,1.714892,0.52106,0.413366,-0.594481,0.451899,9.903736418485355,-0.9928439897974546,-0.49920686019957944,-2.0623638490341367,1.9764046760650218,1.7515683076353077
389,2284996712,9.895192,-1.003434,-0.518569,-2.163146,1.9488,1.775351,0.521054,0.413319,-0.594504,0.451919,9.898041664947717,-1.0008091820278522,-0.5078302189106941,-2.0640714650030834,1.9714138030336357,1.7353933197694678
390,2285013379,9.893776,-1.000114,-0.52766,-1.853386,1.950657,1.640116,0.521055,0.413286,-0.594513,0.451935,9.894427476260141,-1.00426564734933,-0.517953726399599,-2.0059753249170758,1.945425932563907,1.682874382416411
391,2285030046,9.899911,-1.008906,-0.534526,-1.987609,1.896396,1.609598,0.521061,0.413249,-0.594533,0.451935,9.89423726031405,-1.0034295264028839,-0.5197913363098152,-1.9560037821951286,1.9002366131468724,1.6067862908434825
392,2285046713,9.892267,-1.004176,-0.495222,-1.918481,1.813206,1.502217,0.521056,0.413242,-0.594542,0.451937,9.896548947744762,-1.0013216590946024,-0.5109974523213051,-1.9592277918268624,1.8412324773037907,1.517953382237415
393,2285063380,9.904721,-0.977766,-0.500344,-1.969527,1.805151,1.471776,0.521058,0.413229,-0.594555,0.451928,9.899655172436432,-1.0000658851060518,-0.4985128828540275,-1.996534351480085,1.7757331803544791,1.424827525208591
394,2285080047,9.895364,-1.016423,-0.478741,-2.104557,1.719169,1.340229,0.521064,0.413232,-0.594571,0.451899,9.902508702559178,-0.9984662954724193,-0.49162967764444626,-2.0085492832533105,1.7161423637985016,1.3412958449302583
395,2285096714,9.909208,-0.992385,-0.508113,-1.968797,1.716134,1.259972,0.521075,0.41324,-0.594581,0.451864,9.905120671191538,-0.9936078625674787,-0.4943452056178036,-1.9599009720198879,1.68151061735642,1.2889630357734219
396,2285113381,9.915081,-0.989474,-0.502119,-1.958565,1.626708,1.287083,0.521073,0.413257,-0.594596,0.451832,9.908027755016999,-0.9850442928768071,-0.5038357927618243,-1.879826408456872,1.6887880161769582,1.2864446244381536
397,2285130048,9.8974,-0.975483,-0.516758,-1.662841,1.711204,1.338577,0.521043,0.413305,-0.594575,0.451851,9.911223052821512,-0.9767677157806277,-0.5144483867227967,-1.8357808953034478,1.7376039147975135,1.3344972837472868
398,2285146715,9.916433,-0.963002,-0.522166,-1.795591,1.854929,1.402212,0.521022,0.413338,-0.594549,0.45188,9.913283043610356,-0.9741533384655687,-0.5220131846331885,-1.863611408662337,1.8058386819975325,1.4121167603972684
399,2285163382,9.917521,-0.98434,-0.515806,-2.030306,1.902441,1.504355,0.521016,0.413335,-0.594544,0.451894,9.911892575989405,-0.978658028108091,-0.5250369792558823,-1.9281452198238762,1.8658741081711823,1.4887184451875812
400,2285180049,9.905967,-0.982176,-0.526129,-2.043727,1.873204,1.555594,0.521025,0.413303,-0.594564,0.451887,9.905956949428216,-0.9858473997111932,-0.5236707939458987,-1.960302111372013,1.9072120678500175,1.5431920738518747
401,2285196716,9.89748,-0.991194,-0.530621,-2.002004,1.935251,1.566364,0.521015,0.413298,-0.594557,0.451913,9.897316795850795,-0.9892694534237632,-0.5189646938367322,-1.9314438282661375,1.9411946407146434,1.5747209270763762
402,2285213383,9.886642,-1.002579,-0.509516,-1.721532,1.986297,1.606281,0.520984,0.413315,-0.594525,0.451976,9.889871593176863,-0.9868433128378483,-0.5128367779647165,-1.8810772497288357,1.982710227341328,1.5962568855313797
403,2285230050,9.882634,-0.982566,-0.492626,-1.779993,1.983057,1.580041,0.521007,0.413264,-0.594542,0.451973,9.886623340101995,-0.9832830137197055,-0.5073297505511452,-1.8686092461255062,2.028704746182953,1.6155603226267767
404,2285246717,9.892987,-0.956888,-0.509659,-1.982077,2.102848,1.596869,0.521034,0.413211,-0.594548,0.451982,9.887532336857813,-0.9852538096600968,-0.5032681088965629,-1.908738896620034,2.0560043830288253,1.6211090933666426
405,2285263384,9.890096,-0.995352,-0.51048,-2.088651,2.064723,1.642254,0.52106,0.413152,-0.594564,0.451985,9.89023625011706,-0.9937793004524291,-0.5004311225310986,-1.9630471174417874,2.0410896190433374,1.5889266080297628
406,2285280051,9.89117,-1.022568,-0.495574,-1.979093,1.976026,1.533913,0.52107,0.413127,-0.594566,0.451993,9.892698500642386,-1.0026020112386045,-0.4994735660691751,-1.9857449978173136,1.9827969711912308,1.507628859668471
407,2285296718,9.904943,-1.01877,-0.507493,-1.857177,1.862831,1.387497,0.521058,0.413151,-0.594546,0.452012,9.894993044411725,-1.004908022475043,-0.5025495085985869,-1.9607352486920495,1.9063433302460542,1.3978970723095903
408,2285313385,9.882792,-0.97943,-0.486625,-1.786909,1.865264,1.248408,0.521059,0.413181,-0.594521,0.452016,9.898452342968598,-1.0004992166047761,-0.5107750353098369,-1.8950760480153082,1.846160849374551,1.3041100486472716
409,2285330052,9.904593,-0.987527,-0.539715,-1.997022,1.833197,1.281717,0.521086,0.413171,-0.59453,0.451982,9.903212345838973,-0.9949972510808079,-0.5213558672111926,-1.7990311402534147,1.8246116179958194,1.2631106291054484
410,2285346719,9.919635,-0.996587,-0.535188,-1.704909,1.837858,1.292705,0.521075,0.413208,-0.594501,0.451999,9.90698022295058,-0.9929309478166225,-0.5284650085466044,-1.6893678015879119,1.8431710489400435,1.2784682909070966
411,2285363386,9.895065,-1.005748,-0.513258,-1.513352,1.870681,1.291066,0.52104,0.413277,-0.594444,0.452051,9.90659148204703,-0.9934395252606206,-0.5275921462465578,-1.6021364126877078,1.8880527262624547,1.3223274416442985
412,2285380053,9.901588,-0.985013,-0.52893,-1.537979,1.981815,1.407143,0.521031,0.413299,-0.594407,0.452091,9.90099153995871,-0.9926275279539024,-0.5190798502402532,-1.5800695023591071,1.9421189643854906,1.3609247746081088
413,2285396720,9.906845,-0.99241,-0.505453,-1.717562,1.978728,1.405273,0.521021,0.413322,-0.594372,0.452128,9.892925145463511,-0.9884476127932947,-0.5078156652517469,-1.6380333185681342,1.9941812002120878,1.3809886241309657
414,2285413387,9.880242,-0.982323,-0.495495,-1.706702,2.025715,1.333737,0.521045,0.413314,-0.594352,0.452133,9.88757966413841,-0.9825802278735603,-0.4998516811798458,-1.7440391539933517,2.0403657295572453,1.3954430266697393
415,2285430054,9.877178,-0.968418,-0.502411,-1.783553,2.079848,1.427172,0.521066,0.413298,-0.594333,0.452149,9.888627570242518,-0.9784083368808685,-0.4986156612595595,-1.8378523450453765,2.0785234973502598,1.4247511989334436
416,2285446721,9.889109,-0.984728,-0.500611,-1.995139,2.113784,1.51907,0.521105,0.413245,-0.594339,0.452146,9.894862808495674,-0.9781256728702843,-0.5030249371621616,-1.8732895990766854,2.1027241680028994,1.470925478317532
417,2285463388,9.934008,-0.985902,-0.505011,-1.87467,2.10546,1.427915,0.521119,0.413239,-0.59431,0.452173,9.901156464689633,-0.9817723518006827,-0.5085361015276008,-1.8509563298454415,2.1039800170622835,1.5069550629711848
418,2285480055,9.888414,-0.992966,-0.522439,-1.709699,2.049612,1.524526,0.521114,0.413237,-0.594283,0.452216,9.903121887643746,-0.9879821957555384,-0.5104269487443135,-1.8134072641599635,2.076494282582138,1.4918440198354477
419,2285496722,9.884249,-0.976344,-0.49939,-1.722108,2.067323,1.436354,0.521128,0.413228,-0.594259,0.452239,9.900366700423774,-0.9944451345260741,-0.5070584314005406,-1.8053811117993748,2.02414456003368,1.4030580622867737
420,2285513389,9.909758,-0.997861,-0.499728,-1.960345,1.94725,1.299403,0.521163,0.413209,-0.594261,0.452214,9.895380243052266,-0.9978850897278424,-0.500729924482491,-1.837783597224857,1.9620965955757284,1.263481643947322
421,2285530056,9.892851,-1.016475,-0.505061,-1.965058,1.89541,1.094629,0.521161,0.413272,-0.59421,0.452224,9.89071298305278,-0.995502167966765,-0.49555059046637145,-1.8898994844984403,1.9108725926542183,1.1371356649428244
422,2285546723,9.880061,-0.984727,-0.471866,-1.799984,1.901416,1.049589,0.521195,0.413295,-0.594185,0.452197,9.88783784059195,-0.9877932999833533,-0.49419558094439453,-1.9378971690589302,1.885156011842537,1.088384161877701
423,2285563390,9.888824,-0.965015,-0.515658,-2.03311,1.838371,1.102889,0.521199,0.413348,-0.59415,0.452191,9.887559313722946,-0.9791798707550953,-0.49631160199674074,-1.9714417299403282,1.8853806946730287,1.1341137236898708
424,2285580057,9.901322,-0.972163,-0.499274,-1.943274,1.979766,1.293922,0.521234,0.413331,-0.594146,0.452172,9.890259094063522,-0.9745590752919882,-0.49970489850336486,-1.9864204733116635,1.8994428435660002,1.2314072287636686
425,2285596724,9.881548,-0.990269,-0.497773,-2.002926,1.857913,1.327615,0.521249,0.41333,-0.594145,0.452155,9.895418094028837,-0.9752224789527126,-0.5026105642508262,-1.9747908320790004,1.9127834015574938,1.3138250812403982
426,2285613391,9.899619,-0.970333,-0.504395,-1.955786,1.937979,1.365816,0.521291,0.41329,-0.594162,0.452122,9.901119014664637,-0.9784649543710318,-0.5044129202223702,-1.9290288994709108,1.9173513930135648,1.3442531022307338
427,2285630058,9.912666,-0.981158,-0.500789,-1.793235,1.903363,1.320508,0.521291,0.413311,-0.594138,0.452134,9.904713902579038,-0.9806182556622408,-0.5045437252469667,-1.8554314490087411,1.912781766723869,1.3376408695516888
428,2285646725,9.915941,-0.981979,-0.505091,-1.849147,1.891453,1.275096,0.521288,0.413343,-0.594109,0.452147,9.904791719613819,-0.9800594424656187,-0.5018148774373924,-1.7805395386010532,1.9020800934031306,1.3367607422437875
429,2285663392,9.879926,-0.980429,-0.500793,-1.745774,1.919883,1.395578,0.521271,0.413374,-0.594075,0.452182,9.902472995958963,-0.9779354248978372,-0.4956402766597525,-1.7418835394990952,1.887736894252947,1.3673483605470262
430,2285680059,9.908512,-0.971567,-0.484594,-1.673303,1.858182,1.3991,0.521255,0.413401,-0.594051,0.452208,9.900253154792459,-0.9766746199151912,-0.4877344392249264,-1.7662504455714036,1.8702500812567755,1.4146361091300372
431,2285696726,9.908207,-0.975925,-0.480725,-1.906071,1.809979,1.478179,0.521238,0.413413,-0.594046,0.452223,9.899600935297029,-0.9776540806920359,-0.48186421524186385,-1.8499388943777395,1.8476487548098146,1.4400109827394738
432,2285713393,9.88713,-0.985093,-0.479933,-1.917495,1.857042,1.439479,0.52122,0.413436,-0.594028,0.452246,9.899859132302284,-0.9799193974881245,-0.48132313364051793,-1.9588463152276183,1.8164522563430445,1.419147393500873
433,2285730060,9.903401,-0.973606,-0.481219,-2.174096,1.779449,1.352229,0.521246,0.413413,-0.594055,0.452203,9.899127757569417,-0.9811942829117261,-0.48639031050651976,-2.051095257670997,1.7757256668736947,1.365404736107437
434,2285746727,9.904106,-0.993608,-0.511114,-2.056111,1.711895,1.30126,0.521261,0.413409,-0.594075,0.452161,9.896051070869166,-0.9803503856652904,-0.49407714094242505,-2.1012780404408753,1.7314530688462342,1.3175415742230288
435,2285763394,9.876098,-0.978113,-0.484434,-1.963239,1.709039,1.261176,0.521237,0.413464,-0.594053,0.452169,9.891267455804591,-0.9787953134547537,-0.5001081720483297,-2.1047237087436517,1.695088469028355,1.3038652948630858
436,2285780061,9.907821,-0.960072,-0.504072,-2.115852,1.675,1.322057,0.521248,0.413461,-0.594078,0.452126,9.887487763753882,-0.9790517782159796,-0.5013568831128444,-2.0684005072889198,1.6752388163111391,1.3166636873047937
437,2285796728,9.873532,-0.992603,-0.497921,-2.218277,1.622776,1.390059,0.521231,0.41348,-0.594095,0.452105,9.887730560870127,-0.9819354831132905,-0.4975200758042754,-2.010168099857251,1.6695957704298503,1.3208171698091444
438,2285813395,9.884509,-0.991521,-0.507108,-1.873838,1.723549,1.290297,0.521233,0.413496,-0.594098,0.452085,9.892747068726669,-0.9855989827902712,-0.4916631051655009,-1.9622490692996453,1.6657186017088192,1.287145205614629
439,2285830062,9.917028,-0.989833,-0.468376,-1.755648,1.632586,1.15875,0.521237,0.413526,-0.594101,0.452048,9.900000227071782,-0.9873328405584482,-0.48885055398327415,-1.9539838843236395,1.6517610669771225,1.218059987748122
440,2285846729,9.897554,-0.973234,-0.500591,-2.013671,1.659005,1.149287,0.521232,0.413573,-0.594091,0.452024,9.905614262987797,-0.9855556965613487,-0.49264039711087393,-1.9822637287477136,1.6278933560586937,1.1447281840890249
441,2285863396,9.91479,-0.974474,-0.491341,-2.197966,1.539599,1.135763,0.521222,0.413624,-0.594096,0.451983,9.907586424170209,-0.9801729030450385,-0.5018991011519599,-2.0145205049429977,1.6070731103537415,1.1044944348548316
442,2285880063,9.904111,-0.990301,-0.525711,-2.129747,1.66496,1.124916,0.521246,0.413637,-0.594111,0.451925,9.906909859297299,-0.9726360082902425,-0.511348203603612,-2.0315639616295136,1.6040664655199002,1.119093668799445
443,2285896730,9.892479,-0.977654,-0.518367,-1.838966,1.598508,1.161414,0.521244,0.413673,-0.594115,0.451888,9.905667675767729,-0.9664886430601707,-0.5157479321124202,-2.0521022390722514,1.6228925973437582,1.1833092636292806
444,2285913397,9.913598,-0.937602,-0.506908,-1.939701,1.609765,1.202049,0.52124,0.413707,-0.594119,0.451856,9.904784769409057,-0.9660488597307866,-0.513592796426602,-2.0991286366646387,1.6533135090954343,1.2653505850867575
445,2285930064,9.916079,-0.972824,-0.496393,-2.363476,1.758536,1.404427,0.521267,0.413673,-0.594159,0.451804,9.904197092636998,-0.972284688615198,-0.5070625038527802,-2.1549127784030913,1.6790446061019235,1.3222800711662588
446,2285946731,9.893541,-0.987047,-0.509862,-2.272359,1.656905,1.355098,0.521259,0.413688,-0.594175,0.451778,9.904519731101503,-0.9803481683040756,-0.4995744191359691,-2.1725537793985827,1.6914241882580505,1.327659001429475
447,2285963398,9.909479,-0.997224,-0.50325,-2.075794,1.700574,1.261112,0.52126,0.41371,-0.594179,0.451752,9.907013337873572,-0.98329200859764,-0.49417802061627564,-2.130859295360385,1.6968256269745394,1.291182684026667
448,2285980065,9.900067,-0.972256,-0.486635,-1.939739,1.714328,1.240954,0.521259,0.413738,-0.594175,0.451733,9.911315385762935,-0.9790012673617859,-0.49308199016955195,-2.0584182545225875,1.709822876194806,1.2486040808449759
449,2285996732,9.923739,-0.973564,-0.485555,-2.006051,1.713931,1.159404,0.521266,0.413769,-0.594169,0.451703,9.914285418135524,-0.9724997208075369,-0.4964333397638907,-1.9993657902948223,1.737050679660555,1.2278392731057786
450,2286013399,9.915385,-0.956881,-0.498319,-2.006563,1.754541,1.288722,0.521273,0.41378,-0.594174,0.45168,9.912534945433373,-0.9706750468183784,-0.5010425983107436,-1.9708395669261431,1.766829720305866,1.2242835944968908
451,2286030066,9.912171,-0.977427,-0.523694,-2.04762,1.806047,1.20671,0.521297,0.413785,-0.594176,0.451644,9.90641199403503,-0.9750247177870537,-0.5021645561721784,-1.9621042873414773,1.7761555443772612,1.210595306631804
452,2286046733,9.892016,-0.986827,-0.492649,-1.935027,1.772674,1.19863,0.521292,0.413828,-0.594154,0.451639,9.900664386536471,-0.980132362889077,-0.4981604753811828,-1.962892871757672,1.751497437379721,1.1705444935354254
453,2286063400,9.893174,-0.985456,-0.488438,-1.900629,1.678842,1.135238,0.521297,0.413864,-0.594149,0.451607,9.900332271847176,-0.9793552903632756,-0.4929885611676883,-1.9762109003110773,1.7054558092135066,1.1215732109079053
454,2286080067,9.906445,-0.971402,-0.488385,-1.979836,1.704122,1.05621,0.521338,0.413868,-0.594164,0.451537,9.90593022936646,-0.9717195322481137,-0.4928639702197775,-2.0028538540748464,1.6719784620709988,1.1016228862893254
455,2286096734,9.931783,-0.956063,-0.500291,-2.113381,1.631254,1.081144,0.521335,0.413924,-0.594153,0.451505,9.912943820008854,-0.963051534010436,-0.50004442842997,-2.0267997148179617,1.680676833284238,1.131231047543542
456,2286113401,9.899282,-0.95804,-0.51235,-2.040653,1.702649,1.221079,0.521336,0.413952,-0.594152,0.451479,9.91583837649233,-0.9604633311383428,-0.5100815987646886,-2.0257480802130052,1.7307573686153008,1.1881153339717172
457,2286130068,9.917139,-0.964235,-0.514401,-1.921593,1.84398,1.253825,0.521355,0.413956,-0.594148,0.451457,9.912294311499013,-0.9657959169324372,-0.5153750098887393,-1.994256492084225,1.788603679515562,1.2218056663676597
458,2286146735,9.905466,-0.979231,-0.516644,-1.976839,1.821825,1.246205,0.521345,0.414001,-0.594119,0.451467,9.904288025044686,-0.9741888412739832,-0.5119524428606337,-1.952171804979364,1.814222436147787,1.196747141174019
459,2286163402,9.894016,-0.977832,-0.51405,-1.994666,1.795764,1.058746,0.521374,0.414025,-0.594109,0.451424,9.896332694326565,-0.9787564342230095,-0.5034909120178837,-1.930554819080048,1.7950079478027556,1.1230134965253487
460,2286180069,9.893946,-0.988892,-0.484959,-1.87905,1.760854,1.03531,0.521376,0.414086,-0.594076,0.45141,9.89281581239616,-0.976723400750828,-0.4984817339437872,-1.948040844352076,1.7566046317831134,1.046377421415453
461,2286196736,9.8961,-0.962991,-0.492834,-1.896313,1.712343,1.028817,0.521402,0.414115,-0.594071,0.45136,9.895715443951053,-0.9712427129338352,-0.5021988134236474,-1.995982102881177,1.7404218567645844,1.0094374775239985
462,2286213403,9.906952,-0.951509,-0.505263,-2.166886,1.74774,0.992306,0.521442,0.414134,-0.594072,0.451294,9.903359753419691,-0.9674210395876855,-0.5108946518447142,-2.0473253893448464,1.7669904600540405,1.0195865173215544
463,2286230070,9.889401,-0.976649,-0.53701,-2.210901,1.798172,1.057977,0.521481,0.414146,-0.594073,0.451237,9.91098143524538,-0.9670066967551322,-0.5150364516423692,-2.0852683334971607,1.8171123007618544,1.0484364377952473
464,2286246737,9.939561,-0.975336,-0.520191,-2.061298,1.940425,1.089276,0.521525,0.414153,-0.594058,0.4512,9.913572085605015,-0.9674749768441546,-0.5094437924200799,-2.118103395507375,1.847904067052541,1.059264404745336
465,2286263404,9.914788,-0.970117,-0.494165,-1.887067,1.790782,1.055839,0.521517,0.414224,-0.594013,0.451203,9.909684016483716,-0.9658479531422197,-0.49954597665353684,-2.153714049604793,1.830002039333246,1.0388175865877218
466,2286280071,9.881762,-0.953142,-0.464296,-2.208698,1.775914,0.977682,0.521564,0.414238,-0.594016,0.451132,9.902683527136878,-0.9620031115177929,-0.4960453635462636,-2.165807102051538,1.7728356522501476,1.008346157992972
467,2286296738,9.89308,-0.94408,-0.507312,-2.453607,1.714636,0.979103,0.521597,0.414269,-0.594016,0.451066,9.89761899671138,-0.9577615021365161,-0.5034090910979133,-2.1117294791489214,1.716610532747391,1.0062008514725902
468,2286313405,9.921431,-0.972161,-0.545926,-1.946872,1.658672,1.089955,0.521603,0.414311,-0.594009,0.45103,9.89685230028247,-0.9541006987800907,-0.515122763989324,-1.9937823304965365,1.7003675411645882,1.058095249720381
469,2286330072,9.877132,-0.956438,-0.507555,-1.638547,1.757537,1.130372,0.521592,0.414371,-0.593973,0.451033,9.89900437390028,-0.9506215763995403,-0.5206235248691916,-1.8804564482834398,1.734373945014799,1.1596525688416126
470,2286346739,9.913165,-0.92545,-0.517109,-1.790187,1.819942,1.334594,0.521596,0.414381,-0.593968,0.451027,9.901453492969535,-0.9472544009285104,-0.515562521598598,-1.846534335965123,1.7973110257500617,1.2821391561521465
471,2286363406,9.908752,-0.964535,-0.502203,-2.08627,1.841163,1.328153,0.521617,0.414372,-0.593976,0.451,9.902962719406045,-0.945193179068547,-0.5048408524207935,-1.9005461237172456,1.8557265633667637,1.3929208940558584
472,2286380073,9.886438,-0.935489,-0.494428,-2.023032,1.911226,1.535936,0.521625,0.414346,-0.593987,0.451,9.903990432980123,-0.9459171192776764,-0.4970146898833326,-1.9837797396964167,1.886854641842598,1.474677814124674
473,2286396740,9.912376,-0.953092,-0.494675,-1.966863,1.826986,1.52149,0.521618,0.414339,-0.593994,0.451006,9.905209128036537,-0.9497416910461646,-0.4966914935991621,-2.0310099398983974,1.8884928988855876,1.5317486643884135
474,2286413407,9.915408,-0.950792,-0.502118,-1.950996,1.956945,1.570154,0.521613,0.414327,-0.593989,0.451029,9.906302041582052,-0.9553441390146977,-0.5015719095962954,-2.020031399784192,1.8739347478065977,1.580283122862466
475,2286430074,9.898232,-0.968699,-0.508582,-2.033725,1.791961,1.586111,0.521601,0.414314,-0.594005,0.451034,9.906161652192793,-0.9605735442486449,-0.5057578751844135,-1.9734801420812702,1.8598273140350992,1.629136147508018
476,2286446741,9.895074,-0.95854,-0.516556,-1.975354,1.871987,1.69663,0.521589,0.414284,-0.594023,0.451052,9.903850499790476,-0.9639541544550181,-0.5057198488143861,-1.9330611047917154,1.855092207858179,1.6677476234616242
477,2286463408,9.914381,-0.965946,-0.496392,-1.940045,1.868353,1.676052,0.52158,0.414255,-0.59404,0.451066,9.899502483225385,-0.9657106340155419,-0.5032045713783395,-1.931036035464253,1.8559795064452191,1.6741667437809025
478,2286480075,9.899435,-0.972885,-0.496157,-1.831552,1.861217,1.695093,0.521553,0.414246,-0.594043,0.451103,9.894826175191923,-0.967399538826766,-0.502257130220503,-1.9665272547550872,1.8490969284144596,1.637101411931337
479,2286496742,9.872799,-0.966965,-0.490831,-1.91679,1.751992,1.527458,0.521537,0.414246,-0.594053,0.451108,9.892418189557802,-0.9703118404713305,-0.5037389987917786,-2.0005127539643626,1.8202733651907628,1.5692239517368065
480,2286513409,9.901021,-0.96127,-0.515859,-2.351899,1.847489,1.437891,0.521553,0.414225,-0.594073,0.451083,9.89369891364712,-0.97395042827049,-0.5040507627677683,-1.9876713109069857,1.764739407562217,1.4969164753656963
481,2286530076,9.899527,-0.989368,-0.52747,-1.784142,1.679956,1.489129,0.521519,0.41425,-0.594073,0.451098,9.897472846289714,-0.9762918991811451,-0.5002012750386188,-1.9254476665216669,1.6932448503744895,1.4376972290017547
482,2286546743,9.910692,-0.98744,-0.473028,-1.788458,1.611519,1.387638,0.52149,0.414285,-0.594075,0.451097,9.900970595529184,-0.9760547474834741,-0.49499466170317513,-1.863153714943375,1.6278083015483957,1.3893775050910495
483,2286563410,9.883657,-0.957343,-0.489874,-1.717075,1.568682,1.367379,0.521446,0.414339,-0.594067,0.451108,9.902143730429723,-0.9744102766210233,-0.4948433550661863,-1.850231556472765,1.586065255997698,1.339118960859925
484,2286580077,9.911028,-0.976512,-0.483918,-2.101022,1.54522,1.238342,0.521424,0.414388,-0.594071,0.451084,9.90078310296589,-0.9734805871250761,-0.5018944821724669,-1.8804980364685,1.566310954263252,1.2785171155187083
485,2286596744,9.901153,-0.96635,-0.535435,-1.753266,1.59765,1.191291,0.521404,0.414443,-0.59406,0.451071,9.898105530634666,-0.9730771933396049,-0.5103670064481011,-1.899034874227211,1.5500400707621496,1.2101549784396328
486,2286613411,9.888586,-0.979856,-0.519974,-2.053921,1.526049,1.212025,0.5214,0.414471,-0.594081,0.451023,9.8958966192626,-0.9700716847019152,-0.5125158534873617,-1.864230997788489,1.5229628998562346,1.1459154661177935
487,2286630078,9.899004,-0.963005,-0.50716,-1.694741,1.507134,1.047323,0.52139,0.414534,-0.594074,0.450985,9.895688557212631,-0.9618885389960982,-0.5075599962416506,-1.7964131140504045,1.4942695180712053,1.1035335880162886
488,2286646745,9.89567,-0.953859,-0.488585,-1.766175,1.46691,1.152514,0.521359,0.414603,-0.594069,0.450964,9.898055898838447,-0.9503853822351129,-0.5028793184023248,-1.7625343639767743,1.4926815533312539,1.1013287804962364
489,2286663412,9.910501,-0.934746,-0.496048,-1.708636,1.509568,1.106129,0.521348,0.414658,-0.594069,0.450927,9.902380320894407,-0.9414647883624432,-0.5059537909206282,-1.8127989236590474,1.5402684928125283,1.1480248690971662
490,2286680079,9.895136,-0.932081,-0.528632,-1.973855,1.634366,1.213972,0.521354,0.414676,-0.594082,0.450885,9.907180766583641,-0.9402770526797123,-0.5162750985952567,-1.9316091513956661,1.6284060106492042,1.2320084964774896
491,2286696746,9.91416,-0.952682,-0.527313,-2.135459,1.744244,1.364549,0.521359,0.414677,-0.594095,0.450861,9.910763356072032,-0.9467091444453801,-0.5260296640979811,-2.049985496518402,1.7201215016576947,1.321025982438039
492,2286713413,9.924548,-0.963436,-0.537379,-2.140863,1.785045,1.348746,0.521387,0.414652,-0.594122,0.450816,9.912016899182422,-0.9555925066662793,-0.5282173352112586,-2.1048374447757876,1.778501356297015,1.3779231364669147
493,2286730080,9.897168,-0.95916,-0.520377,-1.991695,1.843263,1.406682,0.521406,0.414631,-0.594138,0.450793,9.910924579856653,-0.9610760568067798,-0.5231915410163146,-2.085901143343048,1.7955202405679231,1.38405218150715
494,2286746747,9.905326,-0.948331,-0.504434,-1.998777,1.711985,1.376535,0.521403,0.414637,-0.594151,0.450773,9.908265137907856,-0.9608118518071798,-0.5171674598651578,-2.0310561390380366,1.7946127235913802,1.3529067807667836
495,2286763414,9.917191,-0.973158,-0.512729,-2.061874,1.819802,1.297853,0.521424,0.414632,-0.594159,0.450744,9.904966188783757,-0.9568593760294111,-0.5151296927186559,-1.9869820801588176,1.8053213330612763,1.3212632585374942
496,2286780081,9.899741,-0.950161,-0.524617,-1.952366,1.820122,1.28287,0.521442,0.414632,-0.594161,0.450719,9.902011566221944,-0.9535964940345978,-0.5160139267617123,-1.9775010039979388,1.835087431653582,1.321267418134106
497,2286796748,9.893905,-0.943503,-0.521952,-1.984715,1.907909,1.377483,0.521446,0.414639,-0.594149,0.450724,9.900551993665994,-0.9543957455060759,-0.5147854223252354,-1.9987933824122814,1.8645206608357285,1.353780928799482
498,2286813415,9.902795,-0.964682,-0.498812,-2.060888,1.860116,1.37149,0.521468,0.414622,-0.594161,0.450699,9.901364186853488,-0.9589891752793344,-0.5084365273508438,-2.031132413740803,1.8678295418570396,1.3860590111656574
499,2286830082,9.907016,-0.963633,-0.504945,-2.048209,1.838371,1.399343,0.521471,0.414623,-0.594161,0.450693,9.904169316339447,-0.963510664057306,-0.4995364833512833,-2.0518838084320667,1.836841424214451,1.3788746308740123
500,2286846749,9.911549,-0.968912,-0.495492,-2.008394,1.778898,1.367276,0.52148,0.414619,-0.594173,0.450671,9.907817663919747,-0.9636118089772441,-0.4943511737122478,-2.0443024860317,1.7877242285587067,1.3228002638616856
501,2286863416,9.900959,-0.957154,-0.485129,-1.993116,1.739583,1.220144,0.521489,0.414638,-0.594172,0.450644,9.911015573093657,-0.9581260673940697,-0.4977419408173395,-2.0042685305963195,1.7483226716453504,1.2528082871186392
502,2286880083,9.92189,-0.939774,-0.515917,-2.028282,1.734511,1.230671,0.52149,0.414667,-0.594167,0.450624,9.912676489916285,-0.9501060727831984,-0.5092396646688067,-1.9463524083486716,1.7396689584845304,1.22522005586699
503,2286896750,9.905213,-0.956392,-0.531109,-1.941532,1.799248,1.219338,0.521503,0.414684,-0.59416,0.450602,9.911985839557467,-0.9446498693997383,-0.5231936129699364,-1.9014764834367,1.7656976764927474,1.272106199003502
504,2286913417,9.908607,-0.947299,-0.526619,-1.746082,1.776491,1.329895,0.521499,0.414702,-0.594153,0.450599,9.908832765004574,-0.9453861567084363,-0.532405205908051,-1.896166503942644,1.8150706857965826,1.37123764196291
505,2286930084,9.91948,-0.936594,-0.52525,-1.865603,1.893182,1.588019,0.521485,0.414696,-0.594151,0.450625,9.904386517037427,-0.9517012313185755,-0.5322477458182683,-1.9253461345134533,1.8701708779933348,1.4611471068954895
506,2286946751,9.887073,-0.959075,-0.531029,-2.116301,1.913493,1.470444,0.521491,0.414684,-0.594152,0.450626,9.900754851055305,-0.9583993599272969,-0.5230133729949281,-1.9532363966322497,1.9169182509565168,1.4916999833450906
507,2286963418,9.881433,-0.973891,-0.518849,-2.010341,1.93374,1.467051,0.52147,0.414711,-0.594122,0.450666,9.899591813278303,-0.9590320191463371,-0.5099865790160878,-1.9531307275597287,1.9513423712775033,1.465290631976558
508,2286980085,9.936814,-0.945496,-0.487552,-1.910375,2.052096,1.392454,0.521502,0.414685,-0.594115,0.450662,9.901233748594343,-0.9514830641225703,-0.500935090634128,-1.9419081696949507,1.979823603383306,1.4308435867525762
509,2286996752,9.911885,-0.952038,-0.504893,-1.852029,1.914479,1.427876,0.521485,0.414712,-0.594085,0.450696,9.90513586458082,-0.9408407408664703,-0.5012297797003845,-1.959625359262473,2.0115957781968925,1.4377527024671735
510,2287013419,9.845846,-0.922743,-0.498911,-1.852093,2.064147,1.466846,0.521481,0.414721,-0.59405,0.450738,9.909979561088686,-0.9355710326132336,-0.5094904660042441,-2.0132664584110342,2.0483819108727293,1.4934429021382603
511,2287030086,9.969386,-0.918503,-0.527189,-2.306334,2.13074,1.594666,0.521536,0.414635,-0.594081,0.450713,9.91307323016406,-0.9396303241665243,-0.5180441057967696,-2.0590663842443058,2.0815718303991435,1.5620084646572097
512,2287046753,9.906072,-0.971451,-0.52728,-2.17407,2.081409,1.670838,0.52154,0.4146,-0.594078,0.450744,9.911611561869673,-0.9485226851358348,-0.518933336792267,-2.0545344928870395,2.101170387817494,1.6021462125747121
513,2287063420,9.896604,-0.963532,-0.509369,-1.93463,2.109199,1.568029,0.521546,0.414581,-0.594059,0.45078,9.905813668503933,-0.954070468644062,-0.510552171171784,-2.016506442785315,2.1066197778927824,1.6068077417254223
514,2287080087,9.896703,-0.954026,-0.492328,-1.782759,2.100504,1.612492,0.521543,0.414566,-0.594036,0.450827,9.899611189472125,-0.952995067346038,-0.49873518690903124,-2.0060697175581366,2.1066243438327907,1.6063911673553501
515,2287096754,9.8963,-0.931947,-0.483325,-2.063,2.095599,1.544465,0.521583,0.414506,-0.594049,0.450819,9.897194907596164,-0.9497449308988279,-0.49139834391117176,-2.056232926017228,2.108313971131314,1.633532021006452
516,2287113421,9.905732,-0.946042,-0.4983,-2.346879,2.115142,1.736701,0.521607,0.414436,-0.59407,0.450828,9.899426614897429,-0.9508935643535168,-0.49215031978079116,-2.135213104389048,2.1082442239532138,1.6859792288710145
517,2287130088,9.902134,-0.968743,-0.504411,-2.239075,2.072164,1.738725,0.521621,0.414377,-0.594086,0.450845,9.90383130776462,-0.9582374363353047,-0.4986607572357816,-2.187817824130838,2.095420120136964,1.72516666759288
518,2287146755,9.906956,-0.975746,-0.508192,-2.09184,2.1573,1.753938,0.52161,0.414351,-0.594067,0.450906,9.907249119100744,-0.9679883122588255,-0.5060136628115318,-2.1932187911729244,2.063696586021144,1.7110207015173098
519,2287163422,9.906478,-0.977075,-0.498386,-1.963136,1.950081,1.613337,0.521603,0.414334,-0.594067,0.450931,9.90813013912966,-0.9751282996711523,-0.5106983459463912,-2.1669561760409266,2.0203429228690326,1.6382578370641376
520,2287180089,9.913116,-0.951108,-0.517959,-2.337876,1.93374,1.487797,0.521641,0.414279,-0.594098,0.450895,9.906940678462945,-0.9768910827751296,-0.5119808655715099,-2.121738403118791,1.9813750503942829,1.5418901739994042
521,2287196756,9.896914,-0.995911,-0.517098,-2.042958,2.013498,1.520427,0.521655,0.414254,-0.594097,0.450905,9.905067208799064,-0.9728977063256616,-0.5110961477892152,-2.052195880560283,1.9603392925886807,1.4720863862444526
522,2287213423,9.903611,-0.953991,-0.503571,-1.93244,2.001678,1.450556,0.521676,0.414231,-0.594093,0.450906,9.903422339621033,-0.9645955663072616,-0.5098774696434858,-1.9601992264482968,1.9637736779287382,1.4625093912322071
523,2287230090,9.910553,-0.966397,-0.506077,-1.975008,1.988807,1.546655,0.521696,0.414191,-0.594103,0.450906,9.901927828290095,-0.9558404314551245,-0.5093456892337809,-1.8745634851663573,1.9921959247129952,1.5115487695090912
524,2287246757,9.889064,-0.954387,-0.516946,-1.64965,1.961555,1.492471,0.521691,0.414191,-0.594085,0.450935,9.900195850873361,-0.9524954958247979,-0.50858135313201,-1.8291852634578043,2.034489332905537,1.5803613376933323
525,2287263424,9.910848,-0.940617,-0.500428,-1.811253,2.039033,1.64666,0.521694,0.41416,-0.594082,0.450966,9.898497132445907,-0.9588325403403322,-0.504834436462718,-1.8229226011895219,2.0588204468489866,1.607477510421
526,2287280091,9.890502,-0.981521,-0.486696,-1.882905,2.082601,1.567632,0.521712,0.414122,-0.594078,0.450983,9.897842919764013,-0.972901209645537,-0.49549110191971835,-1.8145563138240475,2.0217230208532087,1.540287903933578
527,2287296758,9.892363,-0.979506,-0.488166,-1.881906,1.946277,1.358312,0.521715,0.414136,-0.594055,0.450998,9.899127975462322,-0.9860382564668548,-0.4813207953251542,-1.7694034906701301,1.9023543519416062,1.3721698548561536
528,2287313425,9.913561,-0.999329,-0.491333,-1.74233,1.723293,1.235089,0.521709,0.414172,-0.594041,0.45099,9.902431461334878,-0.9887817124552555,-0.4687505908511349,-1.707700935280035,1.7329056912633853,1.1584236349131087
529,2287330092,9.911469,-0.990843,-0.452576,-1.532587,1.569386,0.917005,0.521708,0.414246,-0.594018,0.450953,9.907187942568834,-0.9787984630979976,-0.4675412364179139,-1.6901522826153141,1.5879459636307574,0.989627075492368
530,2287346759,9.896489,-0.956201,-0.458524,-1.58225,1.433908,0.862412,0.521689,0.414349,-0.593991,0.450917,9.912536690903705,-0.9630893926416613,-0.48284347453051635,-1.7467053254955975,1.5333128578346,0.9335451399806656
531,2287363426,9.922318,-0.924944,-0.51666,-1.960947,1.634174,1.002526,0.521695,0.414404,-0.593978,0.450875,9.917165484792694,-0.951517966300149,-0.5078569475604074,-1.833384542321646,1.578929011259176,0.9899856769921483
532,2287380093,9.926989,-0.956425,-0.533653,-2.099204,1.722268,1.186873,0.521719,0.414409,-0.593991,0.450825,9.919465181529125,-0.9479370109541466,-0.5263958903861922,-1.879495782647471,1.678966650440469,1.0994240364218362
533,2287396760,9.916146,-0.967174,-0.54605,-1.933119,1.80145,1.208862,0.521732,0.414429,-0.593983,0.450805,9.918692523235087,-0.9483795982259855,-0.5259826767263678,-1.8736220580249312,1.7760136438508378,1.1987745737458495
534,2287413427,9.912094,-0.951877,-0.50395,-1.570033,1.810709,1.27046,0.521731,0.414454,-0.593964,0.450806,9.91588325027223,-0.947730741525091,-0.5096076738093928,-1.8759386639337277,1.8441850070908496,1.271360932186676
535,2287430094,9.914135,-0.932522,-0.485176,-1.822331,1.871232,1.28269,0.52171,0.414509,-0.59392,0.450839,9.913071509071397,-0.9462982227273075,-0.4935219684990223,-1.9321547037384512,1.8934679604194498,1.3451778358900928
536,2287446761,9.913136,-0.944176,-0.469959,-2.152299,1.944715,1.430757,0.521737,0.414479,-0.593931,0.450821,9.9115034788735,-0.9486141909790505,-0.4920027084954255,-1.996927378047567,1.940756100052115,1.4472521679338302
537,2287463428,9.908975,-0.957732,-0.504214,-2.13624,1.945778,1.578607,0.521749,0.414442,-0.593947,0.45082,9.910671299457167,-0.9568685100732623,-0.5038770446921078,-1.9717395946323313,1.9830970133188957,1.563829723929715
538,2287480095,9.906337,-0.969889,-0.538435,-1.841937,2.067463,1.663231,0.521733,0.414434,-0.593923,0.450877,9.908969306729608,-0.9672357141521645,-0.514590402948126,-1.81982039907873,1.9996773864142448,1.6456718698593888
539,2287496762,9.91173,-0.981906,-0.532994,-1.487432,1.975731,1.695823,0.521719,0.414411,-0.593917,0.450922,9.905361272368701,-0.9729286748800308,-0.5117368926632728,-1.62292267013185,1.9769771218889802,1.6513873484666677
540,2287513429,9.90152,-0.963515,-0.477561,-1.42235,1.934559,1.574842,0.52167,0.414452,-0.59387,0.451002,9.900681608523099,-0.9701653217248188,-0.49759299384097055,-1.5128353399355357,1.9286285158331302,1.5865626193196356
541,2287530096,9.893307,-0.961369,-0.462982,-1.558891,1.84453,1.486708,0.521675,0.414434,-0.593879,0.451002,9.897234148232364,-0.9610764230034223,-0.48562596720064705,-1.5522429957110244,1.8878086074909,1.5024041047660472
542,2287546763,9.889615,-0.950473,-0.489234,-1.737834,1.87419,1.399728,0.521658,0.414463,-0.593852,0.451031,9.896744117578494,-0.9515520079494478,-0.4858506031818898,-1.6877957213111858,1.8783934575874632,1.4555419437752017
543,2287563430,9.910403,-0.946234,-0.511493,-1.935283,1.900994,1.485044,0.521671,0.414439,-0.593861,0.451025,9.898653914951767,-0.9466977271224464,-0.4954550424239453,-1.8134916180706717,1.8929304046480135,1.4650980681546528
544,2287580097,9.892828,-0.945508,-0.500867,-1.858931,1.898689,1.542134,0.521637,0.414468,-0.593832,0.451076,9.900707281864321,-0.9477354636229242,-0.5035698917844292,-1.8701980544009578,1.8989620269063923,1.5033426298323822
545,2287596764,9.907148,-0.957881,-0.516321,-1.808026,1.915029,1.514268,0.521629,0.414467,-0.593823,0.451099,9.901299501685424,-0.9521579616272244,-0.503123145543049,-1.8823685458316095,1.8681706028123597,1.5238921729964126
546,2287613431,9.903724,-0.954516,-0.487826,-1.801968,1.784341,1.515446,0.521599,0.414488,-0.593813,0.451127,9.901090818020082,-0.9562903119488979,-0.4968077057135182,-1.9081173476995263,1.801913558820003,1.4993186679261932
547,2287630098,9.893662,-0.954053,-0.471799,-2.044982,1.718926,1.418195,0.521595,0.41449,-0.593828,0.45111,9.902138635644313,-0.9580335251272627,-0.49239600722709,-1.967335039249864,1.7305231436548865,1.4374998545698086
548,2287646765,9.905397,-0.96713,-0.500802,-2.054663,1.643586,1.356186,0.521583,0.414509,-0.59384,0.45109,9.905392235137452,-0.9579570894944229,-0.4941418190786161,-2.0237886228339392,1.6880552529661508,1.3692194615028654
549,2287663432,9.910911,-0.95236,-0.524062,-2.086539,1.724779,1.337963,0.521584,0.414519,-0.593849,0.451068,9.909221014906551,-0.9582802235848715,-0.4997729062341069,-2.0294461918701887,1.686242353023284,1.3225949776926087
550,2287680099,9.916774,-0.953326,-0.485008,-1.936538,1.726367,1.287647,0.521603,0.414512,-0.593869,0.451027,9.910698136997304,-0.9606198892296116,-0.5048485018696962,-1.9744123372321,1.7098850530066376,1.3053319127716307
551,2287696766,9.904626,-0.977904,-0.519916,-1.858675,1.706658,1.308803,0.521591,0.414542,-0.593863,0.451021,9.90838614021482,-0.9642135023195177,-0.507928587375508,-1.8912064499480368,1.7338851169205656,1.3056149671631299
552,2287713433,9.900887,-0.958214,-0.500788,-1.712965,1.760239,1.326129,0.521575,0.414576,-0.593846,0.45103,9.903767155637352,-0.9660647992115928,-0.5106789649438934,-1.8201472998305763,1.7440753995277993,1.307990040034507
553,2287730100,9.906654,-0.95849,-0.506164,-1.904266,1.769549,1.318958,0.52159,0.414571,-0.593858,0.451001,9.900024393049902,-0.9630642387559307,-0.514138721259926,-1.782221856386184,1.745274512624201,1.3104341098108034
554,2287746767,9.891264,-0.96115,-0.53259,-1.928496,1.712984,1.335504,0.521599,0.41457,-0.593874,0.450971,9.899456081059993,-0.954871715977026,-0.5164601571526646,-1.7838854620899758,1.752815343409917,1.3273554213217633
555,2287763434,9.903828,-0.954517,-0.506621,-1.678259,1.765272,1.336067,0.52157,0.41462,-0.593845,0.450996,9.901751192020928,-0.9456686806021158,-0.5147711616898141,-1.828203959454207,1.7759482268852265,1.3734125009797133
556,2287780101,9.905514,-0.943743,-0.523788,-1.744699,1.813975,1.427428,0.521565,0.414625,-0.593843,0.451001,9.90450411171112,-0.9424717723189784,-0.5086172573209583,-1.902169974165194,1.8076560523999996,1.441017493582558
557,2287796768,9.907168,-0.923503,-0.481152,-2.061912,1.882053,1.485671,0.521581,0.414597,-0.593859,0.450987,9.905578249212855,-0.9494626543297262,-0.5007848375298469,-1.9609517600090105,1.8302979150279868,1.4951066292926658
558,2287813435,9.912394,-0.966873,-0.489054,-2.137623,1.777899,1.550843,0.521567,0.414592,-0.593872,0.45099,9.905171560985375,-0.9626452819562943,-0.49485190273845625,-1.9526055267521902,1.8312165402880005,1.4972751665152222
559,2287830102,9.893367,-0.987046,-0.520592,-1.784014,1.850114,1.469689,0.521559,0.414595,-0.593867,0.451003,9.905342133171981,-0.971456672469925,-0.4928073038157499,-1.8716013540229206,1.812786279419863,1.442480890862074
560,2287846769,9.905777,-0.973041,-0.474515,-1.731918,1.750148,1.372309,0.52154,0.414625,-0.593855,0.451013,9.907242821818345,-0.9679117899757375,-0.4951334377414703,-1.7750536363549658,1.7888458435573338,1.3725182430545142
561,2287863436,9.914476,-0.953544,-0.515503,-1.69784,1.79109,1.261662,0.521518,0.41468,-0.59382,0.451035,9.909151367897971,-0.9547337180362174,-0.5016768467440689,-1.730852520680148,1.7736654040117927,1.3462905320212273
562,2287880103,9.907175,-0.939767,-0.495121,-1.700427,1.776362,1.386294,0.521501,0.414707,-0.593806,0.451049,9.907907223726179,-0.9434057563787588,-0.5109377946020169,-1.7497904139732015,1.7741186630449628,1.3887416554800085
563,2287896770,9.909986,-0.920952,-0.517815,-1.780505,1.793549,1.485786,0.521462,0.414745,-0.593782,0.45109,9.902532568307176,-0.9432386205256705,-0.5189722478889691,-1.7774229012136067,1.7890567258772925,1.4663902959404975
564,2287913437,9.891322,-0.957185,-0.540395,-1.958719,1.819264,1.529366,0.521454,0.414737,-0.593791,0.451095,9.896041242815574,-0.9524465800829374,-0.5209515286091004,-1.7584449925325991,1.812354802253866,1.5161805580327499
565,2287930104,9.888096,-0.981901,-0.498856,-1.747785,1.781497,1.596267,0.521417,0.414754,-0.593784,0.451131,9.893162484220946,-0.9607398472248649,-0.5152906251075751,-1.7045068263975753,1.8357992510101258,1.5031266444245774
566,2287946771,9.891463,-0.972056,-0.523587,-1.475855,1.906065,1.429759,0.521402,0.414776,-0.593755,0.451167,9.896118289536506,-0.9607972679599437,-0.5062039229987522,-1.6827141491150353,1.8524125416350803,1.4517760542211025
567,2287963438,9.91429,-0.940057,-0.490814,-1.606429,1.900571,1.268693,0.521434,0.414763,-0.593753,0.451144,9.902744937876005,-0.9560014710720303,-0.5010497767390185,-1.7253638043945614,1.8607057644327787,1.4199172673760794
568,2287980105,9.90963,-0.93805,-0.488745,-1.783861,1.773379,1.48699,0.521382,0.414817,-0.593721,0.451196,9.908619249020877,-0.9559199660481278,-0.5039201991620854,-1.7627425924035607,1.865250990315692,1.440969938263507
569,2287996772,9.905963,-0.97089,-0.519761,-1.905252,1.889468,1.54613,0.521383,0.414799,-0.593727,0.451204,9.910594008573039,-0.9650798942353531,-0.5114633794616021,-1.6732848093697843,1.8708341109059594,1.4942107426272386
570,2288013439,9.89803,-0.987024,-0.528933,-1.527196,1.919947,1.557054,0.521357,0.414814,-0.593702,0.451254,9.908461898245136,-0.9778225656961657,-0.5156596298080404,-1.4148340102758004,1.8773023491553626,1.5306099643365683
571,2288030106,9.923439,-0.990297,-0.511915,-0.993773,1.872564,1.527612,0.521306,0.414862,-0.593653,0.451333,9.904403201847359,-0.9841746271410582,-0.5113630898515865,-1.0943782067625607,1.882742886779844,1.522323767934505
572,2288046773,9.898146,-0.989776,-0.490811,-0.563313,1.865853,1.412496,0.521217,0.414977,-0.593552,0.451462,9.901589716318012,-0.9791796879730236,-0.5011087264869748,-0.890134111479103,1.8903792347729653,1.4855151795737793
573,2288063440,9.888859,-0.933392,-0.487599,-0.932699,1.928668,1.469343,0.521162,0.415043,-0.593482,0.451557,9.902344033883272,-0.9657867942794678,-0.4926274072753932,-0.9048824343886777,1.9093483459055456,1.4625444229365197
574,2288080107,9.912759,-0.948049,-0.502401,-1.459207,1.93607,1.553378,0.521135,0.41506,-0.593453,0.451611,9.90618803075797,-0.9504148035367372,-0.4921292221709428,-1.1045279484031219,1.9483401936525793,1.4888999002955434
575,2288096774,9.91141,-0.973724,-0.502945,-1.429688,2.035,1.551137,0.521108,0.415083,-0.593407,0.451682,9.909623137951375,-0.9383415942033205,-0.49951125690193443,-1.3866280991629663,2.0084651353609364,1.571701163327602
576,2288113441,9.911553,-0.929679,-0.486232,-1.31187,2.032617,1.608932,0.521074,0.415103,-0.593361,0.451762,9.90877768015389,-0.9332276051812288,-0.5084874986739175,-1.6752568442019573,2.0800791579465345,1.6860018783763302
577,2288130108,9.898265,-0.905225,-0.5227,-2.052,2.175178,1.842379,0.521089,0.415029,-0.593374,0.451796,9.902892337864811,-0.9373585808185817,-0.5110124413808692,-1.9414134996803671,2.1453302495646698,1.7861457246581514
578,2288146775,9.901562,-0.964447,-0.526179,-2.244621,2.184386,1.854123,0.521106,0.414951,-0.593391,0.451827,9.89534574059362,-0.9493802283773242,-0.5035435076624406,-2.16842344529988,2.186841054314784,1.8304453767938407
579,2288163442,9.889106,-0.962453,-0.473968,-2.368227,2.195898,1.820826,0.521138,0.41486,-0.593416,0.451839,9.891150565641507,-0.9630822456458873,-0.4906906309864368,-2.3352250784978077,2.1987483572299182,1.8081155509371074
580,2288180109,9.878775,-0.984321,-0.474241,-2.314287,2.234522,1.711255,0.521209,0.414737,-0.593459,0.451813,9.892954079362474,-0.9713878929466229,-0.48202628215688936,-2.432086686132584,2.1910540765348308,1.7465112884498177
581,2288196776,9.912663,-0.964098,-0.482347,-2.560655,2.132392,1.674322,0.521256,0.41465,-0.593493,0.451795,9.898956754319833,-0.9724527410769698,-0.4837646053929918,-2.4714480655703346,2.180439951177906,1.688486448646839
582,2288213443,9.908456,-0.97251,-0.49838,-2.523363,2.123888,1.693992,0.5213,0.414562,-0.593527,0.45178,9.904638394911974,-0.9710483129610611,-0.49310541568688554,-2.4734250515739293,2.1729783147442467,1.656810593618132
583,2288230110,9.898027,-0.969471,-0.506582,-2.238217,2.2315,1.561741,0.521359,0.41448,-0.593541,0.451768,9.906614715795733,-0.9734066382694692,-0.5008402226905119,-2.4414029340197185,2.155501027123085,1.6350061059503362
584,2288246777,9.908821,-0.969564,-0.492046,-2.400435,2.10797,1.614055,0.521389,0.414424,-0.593554,0.451769,9.905000918725555,-0.980637971748103,-0.49954996955688746,-2.3563474334813947,2.1068285381236285,1.5813021576928121
585,2288263444,9.90201,-1.003831,-0.507898,-2.390664,1.981405,1.526408,0.521431,0.414361,-0.593587,0.451736,9.902591805282137,-0.9871908252208328,-0.4898292752341883,-2.2053417226517604,2.0197029315960124,1.467553949603397
586,2288280111,9.901958,-0.980518,-0.461423,-2.025503,1.938824,1.318433,0.52146,0.414346,-0.593586,0.451716,9.902238858236052,-0.9859327483442308,-0.479424782797828,-2.021288825811262,1.9128165036027394,1.3132219552758135
587,2288296778,9.90079,-0.986159,-0.468305,-1.713502,1.851203,1.158264,0.521479,0.414368,-0.593567,0.451699,9.904698820279904,-0.975118779191835,-0.47649742144745105,-1.8821374173655983,1.82219250375426,1.1818860993063471
588,2288313445,9.914277,-0.952152,-0.502547,-1.852195,1.715071,1.064432,0.521518,0.414373,-0.593578,0.451635,9.908279401858778,-0.9606808853159061,-0.4829917044663283,-1.8531476103017854,1.7781247461948637,1.1357183597638791
589,2288330112,9.905111,-0.939361,-0.48061,-1.932414,1.77293,1.199616,0.521549,0.414368,-0.59359,0.451587,9.910306508755186,-0.951754266876442,-0.4935050246335776,-1.9267407567438983,1.7840486302814151,1.1836079449030104
590,2288346779,9.916194,-0.970051,-0.504377,-2.100485,1.846183,1.304961,0.521563,0.414373,-0.593588,0.45157,9.90925528672181,-0.9536455985912001,-0.499900652658548,-2.0265880055438523,1.8145612783425664,1.2694170563582376
591,2288363446,9.903268,-0.955665,-0.500108,-2.096656,1.868434,1.323254,0.521592,0.414355,-0.5936,0.451538,9.905888726580033,-0.9641899690243344,-0.49749486946240884,-2.0745533024637477,1.836750094969615,1.3126000350905445
592,2288380113,9.895281,-0.980426,-0.49612,-2.083414,1.861076,1.271677,0.521623,0.414342,-0.593608,0.451502,9.902578580986104,-0.9756600578340651,-0.48833992805612636,-2.0540131416512812,1.8364538884237704,1.2679526289608023
593,2288396780,9.912199,-0.971644,-0.457023,-1.872378,1.726264,1.169662,0.521616,0.414391,-0.593587,0.451494,9.901555622742723,-0.9800336026187175,-0.47960129232926096,-2.0116441764498445,1.8240424993712332,1.1576559506402087
594,2288413447,9.896122,-0.985557,-0.503291,-2.071619,1.846464,1.037667,0.521662,0.414399,-0.593583,0.451439,9.903549476413009,-0.974175407855895,-0.4782842395862428,-2.003155698410487,1.8164608421803783,1.053299004831115
595,2288430114,9.91153,-0.966685,-0.464089,-2.045827,1.83595,1.006803,0.521705,0.414415,-0.593573,0.451387,9.907508703339792,-0.9620509263517586,-0.486063131412093,-2.0374695979430544,1.818218397041774,1.0225327907319524
596,2288446781,9.910921,-0.940029,-0.504087,-1.976263,1.842469,1.025949,0.521753,0.414422,-0.593569,0.45133,9.911118472396762,-0.9520978812311436,-0.49795208894471255,-2.067712599149741,1.8210303252772961,1.0792660689482048
597,2288463448,9.903154,-0.951146,-0.511425,-2.114597,1.792204,1.193046,0.521767,0.414442,-0.593563,0.451303,9.911829544229722,-0.9507312643720072,-0.505974569099181,-2.03454540574997,1.8169615815999527,1.1753620163245848
598,2288480115,9.920347,-0.947791,-0.505006,-2.012633,1.801476,1.314373,0.521777,0.414447,-0.593566,0.451284,9.908359127792671,-0.9569604254921648,-0.5054546861429635,-1.9266288332564565,1.8074361260693261,1.2426908475842509
599,2288496782,9.904209,-0.974826,-0.506678,-1.782593,1.800028,1.308239,0.521773,0.414471,-0.593552,0.451285,9.901966599603465,-0.9634698549869053,-0.4990232861593096,-1.8052792717663344,1.801223082546714,1.251672008416952
600,2288513449,9.885034,-0.97489,-0.489451,-1.735965,1.841035,1.151912,0.521781,0.414508,-0.593523,0.451279,9.896041779981335,-0.9638289869971622,-0.4943604805571074,-1.7599255970839653,1.8074362524228231,1.2329081454476623
601,2288530116,9.893841,-0.958568,-0.477715,-1.611935,1.801501,1.170379,0.521773,0.41456,-0.593488,0.451287,9.893675371217341,-0.9588089751554815,-0.4968577309791984,-1.8215304996309922,1.8293363794095034,1.2403497895404962
602,2288546783,9.901876,-0.936746,-0.514143,-1.979401,1.859245,1.325092,0.521765,0.414591,-0.593464,0.4513,9.895322756504063,-0.9549987496483271,-0.5038536073854089,-1.9169695000747162,1.860020465971803,1.2930206760218295
603,2288563450,9.893741,-0.951726,-0.512222,-2.125675,1.846021,1.368283,0.521775,0.414589,-0.593467,0.451286,9.898959086096006,-0.9570906972469752,-0.5066940872854586,-1.925576752487338,1.8827834169631439,1.354581538344424
604,2288580117,9.907825,-0.975279,-0.511103,-1.884032,1.952655,1.430937,0.52177,0.414601,-0.593444,0.451311,9.902377372085178,-0.9624904966683812,-0.4993895272473133,-1.7966995659913516,1.8806519968056172,1.3698083550565785
605,2288596784,9.909031,-0.972318,-0.472379,-1.429752,1.842033,1.285316,0.521762,0.414635,-0.593414,0.451329,9.904981056049303,-0.9642585043241994,-0.4853929345893963,-1.6097817920690876,1.8512111423354916,1.3199658683935442
606,2288613451,9.893529,-0.954574,-0.48064,-1.455647,1.784802,1.275109,0.52174,0.414686,-0.593379,0.451354,9.90727054176273,-0.9587378409057346,-0.4753855430477516,-1.5081815508288026,1.812575639387056,1.2444314763196758
607,2288630118,9.910057,-0.948788,-0.465285,-1.468914,1.787056,1.14182,0.521733,0.414741,-0.593341,0.451361,9.909063434551502,-0.9493278556682518,-0.47780291015385257,-1.5706176382269934,1.7915442675290443,1.210910399495425
608,2288646785,9.921815,-0.930576,-0.488265,-1.932427,1.819789,1.26051,0.521741,0.414759,-0.593331,0.451348,9.909039914086627,-0.9429344273615875,-0.4909346234720144,-1.748140819709457,1.8029977735573415,1.2618672127014847
609,2288663452,9.902933,-0.952068,-0.513153,-1.987584,1.808942,1.407616,0.521749,0.41475,-0.593342,0.451332,9.90637870301425,-0.9435935285532894,-0.5041263910555417,-1.9196341279238114,1.8388579601276276,1.3816686310607713
610,2288680119,9.893987,-0.952654,-0.518528,-1.896736,1.892734,1.502127,0.521725,0.414771,-0.59332,0.45137,9.902282574637916,-0.9496326272617456,-0.5073315443502546,-1.998547949476458,1.8757833595911166,1.508615713178843
611,2288696786,9.905315,-0.95456,-0.503195,-1.999379,1.928886,1.598239,0.521714,0.414761,-0.593317,0.451395,9.899319998932798,-0.9560375970262553,-0.5002174598743491,-1.98919354244148,1.8945470490463114,1.5793967620777898
612,2288713453,9.902158,-0.953914,-0.474518,-1.975712,1.888072,1.609201,0.521725,0.414719,-0.593342,0.45139,9.899330900719615,-0.9588504205114838,-0.4919366371392504,-1.9580099780233824,1.894322948477559,1.5705245034591753
613,2288730120,9.890695,-0.964929,-0.488019,-1.921567,1.848347,1.468588,0.521718,0.414722,-0.593338,0.4514,9.902011798742327,-0.9578816632012059,-0.49166307662873276,-1.9631487240382974,1.888925378991909,1.5068997138187088
614,2288746787,9.916213,-0.96463,-0.496905,-1.947808,1.898458,1.385346,0.521729,0.414718,-0.593334,0.451396,9.905228785237947,-0.9561871770677025,-0.49946267369419695,-2.006057674742224,1.8887230560704649,1.4350594606360085
615,2288763454,9.902684,-0.935106,-0.522181,-2.071671,1.882118,1.401956,0.52174,0.41471,-0.593337,0.451387,9.906713032059582,-0.9568611645730509,-0.5067184773766353,-2.0400957877396504,1.887155500339004,1.387215713974305
616,2288780121,9.908467,-0.957798,-0.512203,-2.207904,1.860462,1.411036,0.521761,0.414688,-0.593353,0.451362,9.90593752037983,-0.9597568768281044,-0.5052751999553271,-2.0238485924089455,1.866963600707196,1.367268054422882
617,2288796788,9.898557,-0.982112,-0.48296,-1.907468,1.910137,1.37286,0.521767,0.414692,-0.593341,0.451366,9.904733613592663,-0.9616912807799997,-0.4956268298253167,-1.9655277637941704,1.8204853955287885,1.3649435649944708
618,2288813455,9.918818,-0.965266,-0.493463,-1.744481,1.686283,1.345006,0.521747,0.414726,-0.593334,0.451368,9.90597897290744,-0.960402630840296,-0.48607761879602296,-1.9093038434873355,1.7623519837977681,1.3756422611023353
619,2288830122,9.901979,-0.940497,-0.464482,-1.836046,1.701701,1.425353,0.521727,0.414746,-0.593335,0.451371,9.911011897967361,-0.9574719552687905,-0.48435287412636563,-1.8793025053043833,1.7198337774747419,1.4029902429908123
620,2288846789,9.901837,-0.949996,-0.500428,-1.960678,1.713944,1.399843,0.521736,0.414733,-0.59336,0.45134,9.917622754575968,-0.9562846167126721,-0.49031201465203755,-1.8537922337865842,1.710207320176087,1.4451584311704548
621,2288863456,9.944129,-0.968841,-0.502792,-1.961946,1.777246,1.477706,0.52172,0.414743,-0.593361,0.451348,9.920917860332317,-0.9578114287476702,-0.4966190855594432,-1.8073733035975241,1.7283277695986696,1.4848043599488399
622,2288880123,9.916262,-0.96155,-0.498829,-1.787177,1.72611,1.571397,0.521683,0.414761,-0.59336,0.451376,9.9173655334513,-0.9597896403825402,-0.4961432452685645,-1.7650044771488829,1.7544470959870968,1.4974712275978321
623,2288896790,9.907372,-0.963205,-0.486245,-1.5211,1.758997,1.457049,0.521657,0.414784,-0.593349,0.451398,9.908456737613331,-0.9598539175455159,-0.4886549077679275,-1.7851273162320613,1.770891022216575,1.471998706004394
624,2288913457,9.888006,-0.949468,-0.477742,-1.823137,1.798888,1.376663,0.521626,0.414832,-0.593319,0.45143,9.899798175823628,-0.9581288629731641,-0.48069661049725576,-1.8789388463908532,1.7725543413553262,1.4221402216127383
625,2288930124,9.897252,-0.958125,-0.480345,-2.061656,1.754336,1.396347,0.521638,0.414819,-0.593341,0.4514,9.896378617495962,-0.9563847415845323,-0.47928519275388815,-1.9680967437115438,1.7670990425372803,1.3776013401303842
626,2288946791,9.909176,-0.949972,-0.468478,-2.189245,1.764056,1.371477,0.521648,0.414813,-0.593357,0.451372,9.899037520813447,-0.9556392499540918,-0.4855228778581916,-1.9501737819364775,1.7682007637379678,1.3637494031206656
627,2288963458,9.909975,-0.970374,-0.518496,-1.781658,1.80177,1.393606,0.521634,0.414836,-0.593344,0.451385,9.905029331381952,-0.955421909442019,-0.4938017532164262,-1.8088297352703222,1.7859543909614624,1.3866687760647138
628,2288980125,9.887796,-0.947408,-0.492821,-1.473243,1.791371,1.409793,0.521591,0.414891,-0.593305,0.451435,9.910666815756912,-0.9549971353013332,-0.4969581463358982,-1.6417195623022902,1.8191288572316715,1.4309484413379892
629,2288996792,9.93413,-0.952254,-0.486649,-1.401732,1.855262,1.429618,0.521558,0.414933,-0.593267,0.451484,9.913150634635443,-0.9543023260473246,-0.49238771239014595,-1.5714173671519875,1.8546981335380095,1.4695516125572365
630,2289013459,9.901925,-0.950564,-0.479036,-1.803915,1.902966,1.555299,0.521546,0.414929,-0.593261,0.45151,9.911329955258092,-0.95349699039351,-0.4839237212342912,-1.6390824805305313,1.8769637570082562,1.4829036307679337
631,2289030126,9.910553,-0.954486,-0.493896,-1.952815,1.87962,1.522131,0.521534,0.414932,-0.593254,0.45153,9.906112258745209,-0.9525888095159789,-0.4787427510701694,-1.7891328718782953,1.8809842156982877,1.4767560588269353
632,2289046793,9.901163,-0.961126,-0.47937,-1.913615,1.876854,1.411599,0.521546,0.414921,-0.593257,0.451522,9.900045702802647,-0.9523528593297712,-0.4820419319471811,-1.9355630632438698,1.878823498708972,1.4799149646158045
633,2289063460,9.886792,-0.958135,-0.469075,-1.799587,1.897856,1.467704,0.521536,0.414929,-0.593243,0.451545,9.895671132773746,-0.9549080244564924,-0.49258305149521064,-2.0184685531278337,1.890726766754901,1.5155755915295215
634,2289080127,9.89576,-0.944679,-0.514031,-1.931569,1.874971,1.575495,0.521531,0.414913,-0.59325,0.451556,9.893927059805744,-0.9616013291542445,-0.5021829354939885,-2.009498278200764,1.9265509197983093,1.57150479667873
635,2289096794,9.903603,-0.963788,-0.514453,-2.215473,2.014945,1.646109,0.521555,0.414853,-0.593274,0.451552,9.894280001584141,-0.9696271470627121,-0.5012183272783617,-1.9099749657953935,1.973741569180954,1.6048926190577764
636,2289113461,9.893786,-0.985385,-0.486072,-1.857971,1.968995,1.64447,0.521543,0.414838,-0.593269,0.451587,9.896212653897894,-0.9723571787543199,-0.48720952019822206,-1.7707443407088688,2.0049287597567265,1.583947369860494
637,2289130128,9.894528,-0.978736,-0.466078,-1.449833,2.079335,1.51323,0.521531,0.414849,-0.593225,0.451648,9.89985127399789,-0.9652869419778076,-0.4686903142258526,-1.6866679500750854,2.0011163467831925,1.5248895484056855
638,2289146795,9.904541,-0.945894,-0.452202,-1.571313,1.945381,1.422024,0.521535,0.414848,-0.593209,0.451665,9.90474612534571,-0.9520143824799501,-0.4594799230793517,-1.7266685496932699,1.9697877661775969,1.4826285663842453
639,2289163462,9.908388,-0.928682,-0.466813,-1.98501,1.90928,1.459405,0.521545,0.414834,-0.593212,0.451664,9.908696904262145,-0.9428031796970666,-0.4674815104508935,-1.8592062619687915,1.9388712983483656,1.5003697125497193
640,2289180129,9.911685,-0.948242,-0.482561,-2.136573,1.899943,1.595793,0.521536,0.414821,-0.593215,0.451681,9.908886782914706,-0.9458989894251021,-0.48758976759188,-1.9678925251461186,1.930134942524901,1.5673006482524408
641,2289196796,9.910434,-0.961846,-0.510322,-1.881739,1.964923,1.667739,0.52152,0.414806,-0.59321,0.45172,9.904703352366216,-0.9598892197781921,-0.5050070677209209,-1.9546281635310332,1.9378209245838873,1.626586126920931
642,2289213463,9.894077,-0.9763,-0.52032,-1.819347,1.961081,1.632227,0.521516,0.414782,-0.593211,0.451746,9.899129107597714,-0.9743876623914733,-0.5067245658451601,-1.8270104472024322,1.9344366155779906,1.6261729578788375
643,2289230130,9.896388,-0.97967,-0.48646,-1.639943,1.888674,1.587494,0.521492,0.414788,-0.593197,0.451787,9.896624276064077,-0.9782567019007561,-0.49209700609922924,-1.6886488269263369,1.8981796823187589,1.5648635241157067
644,2289246797,9.891287,-0.972065,-0.475204,-1.703219,1.83627,1.44163,0.521474,0.414808,-0.59318,0.45181,9.89909856520222,-0.9684138627891634,-0.47368034162751255,-1.6505583947651958,1.8357848714381744,1.4932062955682532
645,2289263464,9.907744,-0.954634,-0.459675,-1.663071,1.788695,1.4686,0.521463,0.414813,-0.59318,0.451819,9.90396329716343,-0.952458636498622,-0.46714458203226433,-1.7427309743588122,1.7807350392145769,1.4706137590060722
646,2289280131,9.919036,-0.938025,-0.465545,-1.799062,1.750045,1.503242,0.521451,0.414811,-0.593191,0.451821,9.906450684321994,-0.9430921989336911,-0.4783375669761265,-1.8922966995792567,1.7690293153742676,1.5163132043840823
647,2289296798,9.894538,-0.93849,-0.495633,-2.202961,1.780486,1.579004,0.521444,0.414792,-0.593214,0.451815,9.903976306070971,-0.9482350451440963,-0.49860666952726296,-1.982697465920904,1.8117546467362247,1.59418038035012
648,2289313465,9.89673,-0.961091,-0.555473,-2.028103,1.919294,1.698743,0.521441,0.414754,-0.593233,0.451829,9.89827394819081,-0.9645108467590797,-0.5127153881194948,-1.9478069827042097,1.8853404183618303,1.6423750093280982
649,2289330132,9.894057,-0.996201,-0.497579,-1.625766,1.9671,1.671491,0.521412,0.414756,-0.593212,0.451889,9.893679260718816,-0.979862641900727,-0.5119234685968739,-1.821203782890315,1.9469389173589395,1.6221217200365148
650,2289346799,9.900705,-0.991221,-0.475379,-1.644912,1.94022,1.46367,0.521405,0.414763,-0.593192,0.451917,9.893707444506285,-0.9834083106594326,-0.49972477379012376,-1.698528570859751,1.962860118863621,1.5446418758590639
651,2289363466,9.887242,-0.963056,-0.492338,-1.707394,1.931601,1.459982,0.521442,0.414711,-0.593215,0.451891,9.898759140104284,-0.9737702661321317,-0.4860966202993103,-1.6570929852676906,1.9287664563659335,1.455671208232866
652,2289380133,9.907722,-0.948868,-0.487822,-1.819834,1.895782,1.372412,0.521445,0.414721,-0.5932,0.451899,9.906118967292903,-0.9587460423518326,-0.47826978133748665,-1.7117829977360022,1.8690104689370046,1.3961392530109966
653,2289396800,9.926504,-0.9583,-0.481675,-1.83022,1.785686,1.408436,0.521428,0.414743,-0.593189,0.451912,9.911892524448055,-0.9479492715169658,-0.4771344556254903,-1.8298611662374022,1.8183777335460205,1.3762237041061915
654,2289413467,9.90154,-0.937639,-0.466339,-1.773603,1.771163,1.416094,0.521424,0.414746,-0.593193,0.451908,9.913413752299718,-0.9459878994381272,-0.47967045404981257,-1.9639911431461499,1.7999151499032748,1.3803746363144296
655,2289430134,9.906523,-0.965748,-0.486515,-2.211772,1.851869,1.350052,0.521473,0.414697,-0.593231,0.451848,9.910340172375163,-0.9511823725537302,-0.4824862991003333,-2.0700722196818173,1.8140930120226189,1.3888737838057885
656,2289446801,9.909518,-0.943206,-0.48856,-2.153785,1.867723,1.384975,0.521498,0.414674,-0.593246,0.45182,9.904199445062591,-0.9586723414762135,-0.4838046176323533,-2.116667968841889,1.8456913111814814,1.392244594386423
657,2289463468,9.901979,-0.979257,-0.48679,-2.007511,1.859835,1.402494,0.521509,0.414665,-0.593251,0.451809,9.897650901651708,-0.9640687929250098,-0.48401479742252257,-2.097417007284469,1.8791676272635573,1.3910630951431315
658,2289480135,9.897326,-0.948963,-0.476633,-2.037708,1.887675,1.386614,0.521537,0.414638,-0.593266,0.451782,9.8937404399237,-0.9653939965264849,-0.48475283880726494,-2.03710968803961,1.9066584064234242,1.3898192209337303
659,2289496802,9.873398,-0.972477,-0.484742,-2.081813,1.947378,1.428977,0.521547,0.414632,-0.593259,0.451786,9.894256165301572,-0.9633842065652161,-0.4867435040250036,-1.9802569198903597,1.9238757078018631,1.3925273008253305
660,2289513469,9.911721,-0.970056,-0.492193,-1.960114,1.897562,1.340242,0.521545,0.414653,-0.593237,0.451798,9.897949472657228,-0.9607816419059365,-0.4884529990180339,-1.9645996897735318,1.9235530549277797,1.3995607570804023
661,2289530136,9.901442,-0.946804,-0.487666,-1.771067,1.901442,1.41329,0.521539,0.414666,-0.593219,0.451817,9.901124523411001,-0.9605431878200175,-0.48748445451912464,-1.9924984755570283,1.8969223487957065,1.4051699297030076
662,2289546803,9.905284,-0.961715,-0.494712,-2.121999,1.88163,1.430604,0.521554,0.414649,-0.593228,0.451803,9.900930064860026,-0.9632990572444471,-0.4834926583694644,-2.023978066216361,1.8431103813100707,1.4002400155989556
663,2289563470,9.891923,-0.963649,-0.466062,-2.198402,1.755629,1.37441,0.521572,0.414631,-0.593254,0.451764,9.898099729308186,-0.966269199196861,-0.47912506110649283,-2.0100787347744484,1.7766276249679134,1.3815907541188945
664,2289580137,9.895766,-0.984767,-0.472627,-1.92126,1.717351,1.38737,0.521562,0.414646,-0.593258,0.451756,9.896209423361052,-0.9657060342031512,-0.47752353913568724,-1.9424192073803634,1.7230058725221018,1.3587417052976778
665,2289596804,9.898257,-0.955628,-0.490169,-1.658883,1.690496,1.283356,0.521535,0.414699,-0.593236,0.451768,9.898343271231049,-0.9609939283439795,-0.4790984159651683,-1.8627305914443189,1.7032448818089272,1.3480373651546758
666,2289613471,9.907898,-0.946085,-0.471916,-1.782311,1.723178,1.376202,0.521538,0.414697,-0.59325,0.451748,9.904397535787588,-0.9556981650333826,-0.4813553703977006,-1.818532685033017,1.7195569431764728,1.3577076399351649
667,2289630138,9.905121,-0.948412,-0.492405,-2.049272,1.773391,1.397896,0.521537,0.414703,-0.593256,0.451737,9.911072406746891,-0.9540791961650985,-0.48206775043772826,-1.8200645331473322,1.7549365625736484,1.379116151262292
668,2289646805,9.916577,-0.973674,-0.485103,-1.826045,1.753605,1.398754,0.52153,0.414712,-0.593258,0.451733,9.914245826580222,-0.9570712661118093,-0.4822137542157764,-1.8463866858241598,1.7869673516413196,1.393386909363211
669,2289663472,9.917733,-0.953467,-0.477854,-1.695048,1.867082,1.361462,0.521523,0.414734,-0.593237,0.45175,9.912004930966916,-0.9619631302552764,-0.48511761643860685,-1.8797272107732148,1.8043151541291278,1.386609385856487
670,2289680139,9.908236,-0.967124,-0.482251,-2.019856,1.78826,1.377483,0.521525,0.414738,-0.593241,0.451738,9.906149333082853,-0.965316123673513,-0.4921912745095431,-1.9218080976128893,1.8122475570298786,1.3602170288280426
671,2289696806,9.887431,-0.962879,-0.506852,-2.116928,1.770651,1.351614,0.52154,0.414729,-0.593258,0.451707,9.900741009206627,-0.9657905573881139,-0.49985368388980844,-1.98214107594129,1.8223710824767492,1.3295254669786507
672,2289713473,9.90169,-0.969805,-0.502965,-1.92003,1.87898,1.281525,0.521551,0.414742,-0.593244,0.4517,9.89877451494333,-0.9648879033456517,-0.5018653829079506,-2.0541221378045496,1.8361500552378063,1.3117873511938434
673,2289730140,9.908177,-0.969509,-0.509373,-2.001441,1.820929,1.302348,0.521575,0.414732,-0.593254,0.451669,9.900119569976201,-0.9655554762580261,-0.4956390136863041,-2.094219604998281,1.8390719120349996,1.3110945753568077
674,2289746807,9.899445,-0.961009,-0.480827,-2.002273,1.826679,1.279899,0.521581,0.414749,-0.593244,0.451658,9.902476952585628,-0.9693242500019004,-0.4858899587465306,-2.02910143136545,1.812751168992877,1.312476372573125
675,2289763474,9.905928,-0.962107,-0.465866,-2.047069,1.763146,1.372399,0.521584,0.414752,-0.593253,0.451641,9.90369468852152,-0.9738173452533881,-0.48089122800071293,-1.8122688541345768,1.7544361915207216,1.2944359772026501
676,2289780141,9.889809,-0.988782,-0.482271,-1.573068,1.711037,1.253249,0.521567,0.414798,-0.593232,0.451646,9.903005070274986,-0.9735838789792027,-0.48450093035212066,-1.4952036509793163,1.6855804851304281,1.2522421827216683
677,2289796808,9.916405,-0.97591,-0.502102,-1.069663,1.582129,1.17609,0.521502,0.414912,-0.593173,0.451694,9.900960910881007,-0.9649358637546417,-0.4923138892140517,-1.2275073482058847,1.640038411199754,1.208962754137302
678,2289813475,9.900647,-0.937492,-0.501602,-0.955085,1.634455,1.185798,0.521439,0.415023,-0.593108,0.45175,9.89904633061376,-0.9505281772255791,-0.4962316290770149,-1.1525717107280484,1.640368420750752,1.199789014352804
679,2289830142,9.886078,-0.936874,-0.49604,-1.320898,1.716851,1.247294,0.5214,0.415098,-0.593062,0.451786,9.898895483603331,-0.9383640520923345,-0.4926169630495387,-1.2862261030365172,1.682623010561665,1.242326216055989
680,2289846809,9.90027,-0.937192,-0.481119,-1.719189,1.738052,1.305556,0.521388,0.41513,-0.59305,0.451787,9.900932948593338,-0.9354781606212778,-0.4854129386658587,-1.504022444629489,1.7428185051227443,1.3205384134752682
681,2289863476,9.915301,-0.935005,-0.467041,-1.67411,1.8051,1.423496,0.521374,0.415147,-0.593038,0.451802,9.90379751637126,-0.9422718693375146,-0.48129474053835075,-1.6545560257230036,1.7973629235008453,1.3968425160414746
682,2289880143,9.904006,-0.958915,-0.484828,-1.615944,1.860449,1.466513,0.521347,0.415176,-0.593012,0.451842,9.90561893005528,-0.9527120443286412,-0.4825169539185944,-1.6856212586101318,1.8374696160602786,1.4408785894868978
683,2289896810,9.901758,-0.969696,-0.4956,-1.636306,1.792255,1.453399,0.52131,0.415218,-0.592984,0.451882,9.905621070074243,-0.959861353299634,-0.4852278647488343,-1.6677035747517406,1.8664127179766397,1.4492408080583186
684,2289913477,9.901992,-0.956487,-0.493806,-1.662405,1.930768,1.370337,0.521332,0.415202,-0.592982,0.451875,9.903995628208568,-0.961454331579785,-0.48455686367281253,-1.71204943148173,1.8870834215800576,1.4397121323739213
685,2289930144,9.898641,-0.954155,-0.466585,-1.859008,1.892362,1.436969,0.521345,0.415186,-0.592986,0.451869,9.900717269330679,-0.9605892829987306,-0.48025674277425967,-1.8726468551584976,1.895754849444904,1.4285629133150748
686,2289946811,9.902997,-0.957815,-0.476215,-2.252035,1.896729,1.463836,0.521376,0.415142,-0.593013,0.451836,9.895578234009934,-0.9616266073191403,-0.4767565995998059,-2.1116359404688856,1.8884296564163745,1.4155128129645311
687,2289963478,9.892162,-0.976165,-0.477486,-2.269631,1.876252,1.384808,0.521401,0.415121,-0.593028,0.451808,9.889679976034802,-0.9659023972698528,-0.47833776811468226,-2.3348265005681643,1.870490564369936,1.389721379072741
688,2289980145,9.878181,-0.970576,-0.48986,-2.392162,1.851344,1.323363,0.521442,0.415087,-0.593056,0.451755,9.886064418028838,-0.9710619344289211,-0.48498401110501144,-2.451820263098075,1.856533602314932,1.3461516569041454
689,2289996812,9.890219,-0.964546,-0.492124,-2.452634,1.842622,1.270563,0.521474,0.415075,-0.593071,0.45171,9.887872577388073,-0.9734994227572452,-0.4924825704074254,-2.420664299737168,1.8582872118975067,1.2944158952401357
690,2290013479,9.892372,-0.979531,-0.492461,-2.344228,1.849615,1.355443,0.521512,0.41504,-0.593099,0.451661,9.895484243543951,-0.9711253643518681,-0.4957039252240513,-2.2661684765326853,1.8717758024403583,1.2541506472152582
691,2290030146,9.909925,-0.963645,-0.4927,-2.06852,1.927657,1.157816,0.521542,0.415052,-0.593082,0.451638,9.905511021990222,-0.964709411125956,-0.4921269743749371,-2.069245159486056,1.8772597962149593,1.241210394727649
692,2290046813,9.911246,-0.959607,-0.490219,-1.858701,1.836437,1.22309,0.521562,0.415061,-0.593075,0.451616,9.912717077042855,-0.9573457340611408,-0.48364679262214777,-1.9227956553700472,1.8543216159527363,1.25248050014364
693,2290063480,9.913102,-0.947131,-0.473455,-1.739269,1.787145,1.277171,0.521562,0.415083,-0.593063,0.45161,9.913310758070356,-0.9522101355128746,-0.4758225118777382,-1.8729479729743175,1.800282399644416,1.2624007149786372
694,2290080147,9.912899,-0.941545,-0.466719,-2.009483,1.773455,1.297584,0.521564,0.415102,-0.59306,0.451597,9.907187527150747,-0.9500894481050315,-0.47460403060166906,-1.894245794736109,1.7368448333739817,1.2419011096117973
695,2290096814,9.888155,-0.961348,-0.488826,-2.049938,1.686103,1.206685,0.521576,0.415117,-0.593069,0.451556,9.897786605762835,-0.9491531522524304,-0.48220487584108773,-1.9274543694634048,1.6987862632867634,1.1883676079889984
696,2290113481,9.893411,-0.955127,-0.492998,-1.960652,1.68344,1.106654,0.521579,0.415161,-0.593057,0.451527,9.889983730104811,-0.9475042001584478,-0.49503447406635054,-1.9419054082875011,1.7106255704838824,1.1354902705518548
697,2290130148,9.894935,-0.936181,-0.500293,-1.747158,1.757883,1.083744,0.521575,0.415222,-0.593022,0.451522,9.887541365022683,-0.945517541027865,-0.505545628548019,-1.9536319127013215,1.7666417159111296,1.1266258835466303
698,2290146815,9.878449,-0.937412,-0.51409,-1.940277,1.814897,1.138542,0.521593,0.415248,-0.593007,0.451497,9.891414263829606,-0.9449109097451478,-0.507131146491309,-1.986642881734636,1.8314634666724436,1.174509832077082
699,2290163482,9.906328,-0.947552,-0.509316,-2.210145,1.975245,1.323619,0.521625,0.415232,-0.593005,0.451478,9.899400660485261,-0.945900759482879,-0.4989041012343147,-2.036806304679331,1.8650161742947013,1.248270637998694
700,2290180149,9.910459,-0.954504,-0.469612,-2.204844,1.778642,1.303667,0.52164,0.415232,-0.593016,0.451446,9.907221863227988,-0.9466010117864591,-0.4867266135800723,-2.08436275986436,1.8526768431145617,1.3021687913172748
701,2290196816,9.901075,-0.954716,-0.485906,-1.921541,1.824027,1.354944,0.521644,0.415238,-0.593013,0.451438,9.910735572816913,-0.9456119724681906,-0.4791884167061202,-2.124941801491158,1.8136601295761043,1.317293224373113
702,2290213483,9.918019,-0.926733,-0.479311,-2.122448,1.747894,1.25645,0.52165,0.415257,-0.593013,0.451415,9.908273788612446,-0.9441035219763843,-0.4813914396272101,-2.166984900907309,1.7813142182419184,1.3148553423495795
703,2290230150,9.90142,-0.941761,-0.484971,-2.308152,1.792217,1.30012,0.521678,0.415242,-0.593034,0.451369,9.901751488529374,-0.9444769600551649,-0.49147456190521377,-2.203094698864497,1.7762378945183879,1.3304327111256615
704,2290246817,9.890207,-0.965084,-0.512404,-2.188067,1.824027,1.391339,0.521694,0.415227,-0.593049,0.451343,9.895659539790941,-0.9474796040734818,-0.5024874355127132,-2.2047520487684023,1.7959687584812587,1.3778902217797322
705,2290263484,9.895372,-0.93813,-0.513716,-2.159266,1.81254,1.483647,0.521697,0.415214,-0.593064,0.451332,9.894248262484888,-0.9513203745172409,-0.5077830713265136,-2.154091807824834,1.8241723110853203,1.4382755652909363
706,2290280151,9.901497,-0.955563,-0.491767,-2.147894,1.83376,1.453591,0.521705,0.415199,-0.593078,0.451318,9.898626486967501,-0.9533518988626528,-0.5054915052219261,-2.0738024446949517,1.8450947969120068,1.4799062042955795
707,2290296818,9.900664,-0.954227,-0.502911,-1.933067,1.838781,1.515139,0.521706,0.415183,-0.59309,0.451317,9.905855892694541,-0.9523294005614441,-0.49893882317155563,-2.016482951337939,1.8514798140304105,1.4861241859231407
708,2290313485,9.909444,-0.955252,-0.502948,-1.960242,1.896358,1.428657,0.521724,0.415163,-0.593097,0.451305,9.910872482377796,-0.9494883540078153,-0.4935482788987108,-2.0192288297137555,1.8454154805067355,1.4660830967682372
709,2290330152,9.919855,-0.943848,-0.478453,-2.061169,1.793434,1.44496,0.521726,0.415156,-0.593109,0.451293,9.910165516917381,-0.9476199797156285,-0.4930059222856308,-2.0680393513621103,1.8355606497310777,1.4447993543924533
710,2290346819,9.910967,-0.937909,-0.499672,-2.236578,1.823605,1.458816,0.521734,0.415141,-0.593125,0.451277,9.904557438178882,-0.9485187533837598,-0.49706453562895164,-2.1111133631194603,1.8317943774504974,1.445562161649127
711,2290363486,9.87542,-0.95308,-0.51047,-2.124535,1.880849,1.511156,0.521737,0.415126,-0.593133,0.451277,9.898482060169991,-0.9511470410542876,-0.5020828899594948,-2.110088518040954,1.8388366330826376,1.4772243787338493
712,2290380153,9.905906,-0.97023,-0.501022,-2.020573,1.817958,1.459661,0.52173,0.415129,-0.593134,0.45128,9.896127845280917,-0.952962469639199,-0.5038642010607679,-2.0749256018593867,1.852677783884466,1.529346792012909
713,2290396820,9.903837,-0.945423,-0.495172,-1.971038,1.856953,1.600608,0.521725,0.415106,-0.593149,0.451287,9.898196382029454,-0.9532322161902583,-0.5007231705812847,-2.0454161089450964,1.8621826685512897,1.5747524308321537
714,2290413487,9.897034,-0.951907,-0.499845,-2.090214,1.88651,1.577569,0.521738,0.415066,-0.593173,0.451277,9.902222082832484,-0.9540958603323204,-0.49470642603216197,-2.042692998100561,1.8551630354011523,1.5820838276766764
715,2290430154,9.908466,-0.94786,-0.492029,-2.019933,1.810005,1.576878,0.521736,0.415043,-0.593194,0.451274,9.905281476534746,-0.957663890524105,-0.4905308589719084,-2.0452128106861767,1.826253409030933,1.5369669389874991
716,2290446821,9.906357,-0.971433,-0.4934,-2.102969,1.780358,1.447918,0.521738,0.415036,-0.593208,0.45126,9.906006709187,-0.9627126897467476,-0.4928202718914435,-2.012285238266244,1.7821965868525194,1.457890927289353
717,2290463488,9.896343,-0.967031,-0.49847,-1.914716,1.72967,1.375459,0.52173,0.415049,-0.593212,0.451251,9.904678960388322,-0.9652804963802052,-0.502513376571726,-1.9265973999192587,1.7405548548584313,1.3896350073781745
718,2290480155,9.911602,-0.966304,-0.506389,-1.732725,1.787363,1.381645,0.521729,0.415056,-0.593211,0.451247,9.902388318017922,-0.9626615000402958,-0.5145333991929908,-1.8127219102582446,1.7212558351825566,1.3733213569072698
719,2290496822,9.903069,-0.952953,-0.521834,-1.72052,1.654446,1.350756,0.521701,0.415097,-0.593202,0.451254,9.900346967365312,-0.9562917672256313,-0.5197847453830864,-1.7194049696097506,1.7338093097596712,1.414259738797468
720,2290513489,9.887115,-0.942719,-0.526721,-1.765675,1.748585,1.502576,0.521677,0.41511,-0.593202,0.451269,9.899370702793304,-0.9505074712830268,-0.5120446901446364,-1.6879343316454252,1.7673562642827279,1.475001437688917
721,2290530156,9.90482,-0.958285,-0.501682,-1.767609,1.854699,1.57593,0.521685,0.415075,-0.593223,0.451265,9.899407372300459,-0.9487090650780765,-0.49479367930459056,-1.7295771146054777,1.7946057373536188,1.5029709409952057
722,2290546823,9.901325,-0.944158,-0.465778,-1.633322,1.784366,1.425033,0.521669,0.415094,-0.593213,0.45128,9.899760981328132,-0.950706549227252,-0.48059332582042624,-1.8163087125958366,1.7929380502184782,1.472127579859593
723,2290563490,9.905059,-0.954594,-0.471862,-1.905149,1.808673,1.427389,0.521676,0.415083,-0.593223,0.451267,9.900187421436556,-0.9532941032381672,-0.48138639684794554,-1.8882773279895482,1.7663969030487485,1.4035192708112265
724,2290580157,9.898159,-0.959297,-0.498378,-2.065972,1.675615,1.325028,0.521671,0.415101,-0.593233,0.451245,9.90141795835532,-0.9531637760277166,-0.4976942589422666,-1.8885908645160625,1.7448597212511487,1.347116662482527
725,2290596824,9.894219,-0.940355,-0.522091,-1.79011,1.78151,1.298058,0.521669,0.415123,-0.593222,0.451241,9.903942528016469,-0.9497971674799992,-0.517233208297131,-1.811541830970709,1.7567452678863444,1.3411050981431973
726,2290613491,9.913111,-0.958315,-0.541079,-1.707868,1.758831,1.413533,0.521642,0.415156,-0.593206,0.451262,9.90648750107292,-0.9461939984777857,-0.524935847220733,-1.715311400843385,1.799480038673675,1.3829097912286206
727,2290630158,9.909039,-0.946749,-0.50981,-1.499892,1.839933,1.444601,0.521618,0.415184,-0.593181,0.451297,9.906677082424382,-0.9465678577592144,-0.515423008396671,-1.6714754517465367,1.837199513962934,1.434456491467275
728,2290646825,9.908311,-0.927341,-0.484826,-1.711159,1.903811,1.47289,0.521594,0.41521,-0.593152,0.451339,9.90370041941521,-0.952296205587617,-0.496952755558275,-1.695905154069088,1.831519596129895,1.4548990138179498
729,2290663492,9.893081,-0.978473,-0.499064,-1.872573,1.790688,1.43048,0.52159,0.415212,-0.593155,0.451337,9.899823433004627,-0.9596234359095226,-0.48408087710316106,-1.736721049174486,1.7793729699601386,1.4325035595679219
730,2290680159,9.899731,-0.96606,-0.468159,-1.76921,1.673002,1.36848,0.521559,0.415255,-0.593143,0.451349,9.898535410106835,-0.9621393175398512,-0.4858779031636021,-1.734922219668889,1.7214298609606167,1.3909787794013235
731,2290696826,9.894718,-0.952024,-0.487658,-1.657731,1.67477,1.379148,0.521527,0.415298,-0.593129,0.451365,9.901015005175964,-0.9565438135425097,-0.4993874070758356,-1.6906895750319166,1.7098006249116986,1.368361379035259
732,2290713493,9.908979,-0.952879,-0.549376,-1.636997,1.774761,1.373142,0.521507,0.415329,-0.593112,0.451382,9.904689588633564,-0.9461254903251053,-0.5132397299725422,-1.6626225246926882,1.7633838643608448,1.3869088808163743
733,2290730160,9.91267,-0.927211,-0.511632,-1.578613,1.863407,1.436469,0.52149,0.415351,-0.593089,0.451412,9.905534814592867,-0.9382397229528096,-0.5178019012234326,-1.7030494366432438,1.8518928330921036,1.435961001094047
734,2290746827,9.898428,-0.934608,-0.503156,-1.842194,1.945189,1.455845,0.521488,0.415353,-0.593074,0.451432,9.90183383608401,-0.938111217454455,-0.512402364254133,-1.8009157659576451,1.921466350843113,1.4789512128871078
735,2290763494,9.892179,-0.952536,-0.490312,-2.079572,1.968099,1.545963,0.5215,0.415325,-0.59308,0.451437,9.895706206388047,-0.9447501971189743,-0.5034694730266517,-1.8909990047932883,1.936677860448965,1.4799108734627044
736,2290780161,9.88905,-0.955309,-0.513676,-1.805529,1.842828,1.411945,0.521482,0.415351,-0.593059,0.45146,9.891254272838855,-0.9523616215372259,-0.49718957651842977,-1.9142474570228885,1.9031585085804443,1.4312623634828259
737,2290796828,9.899305,-0.95233,-0.488021,-1.810088,1.84535,1.34046,0.521463,0.415392,-0.593028,0.451486,9.89146979023869,-0.9553457181620113,-0.49492420087478356,-1.8647673969882175,1.8572703993478163,1.3617874553382197
738,2290813495,9.891681,-0.949354,-0.503061,-1.838761,1.886279,1.338731,0.52148,0.415387,-0.593025,0.451475,9.89642349229543,-0.9523393067040657,-0.4945101359434611,-1.7849887085348097,1.8378911082760805,1.3172159295048909
739,2290830162,9.902391,-0.952084,-0.486944,-1.734556,1.87702,1.301772,0.521488,0.4154,-0.593009,0.451475,9.903373890047831,-0.946620534248456,-0.4938652423977999,-1.7274225918836854,1.862721814674336,1.3270215124099374
740,2290846829,9.906031,-0.944937,-0.496718,-1.678631,1.82851,1.358299,0.521482,0.415419,-0.592993,0.451484,9.908320628483594,-0.9433548996259344,-0.49266401791229286,-1.7204776154576231,1.9193711121109003,1.3817854039060702
741,2290863496,9.913365,-0.936879,-0.482453,-1.757428,1.995236,1.467371,0.521506,0.415387,-0.592995,0.451484,9.908522511480435,-0.9456735695212317,-0.4915488765812612,-1.7566281989855344,1.972504392130288,1.4384422150966722
742,2290880163,9.911595,-0.946986,-0.494773,-1.860481,2.084637,1.460097,0.521529,0.415363,-0.592981,0.451498,9.904758077420118,-0.9520477383586209,-0.4910099221096801,-1.8027073579388155,1.986399623034145,1.4515201396344302
743,2290896830,9.895335,-0.974657,-0.510995,-1.758632,1.871027,1.444371,0.521508,0.415389,-0.592956,0.45153,9.901120472076663,-0.9571944929405353,-0.4913486512821033,-1.8243650353713639,1.9521105798265892,1.4081333841543286
744,2290913497,9.891373,-0.945292,-0.460576,-1.808039,1.939387,1.324606,0.521504,0.415417,-0.592923,0.451553,9.901600997475004,-0.9563588135486124,-0.4928907442136221,-1.8113378655873185,1.896798144486514,1.3382001284698517
745,2290930164,9.90852,-0.959783,-0.512825,-1.928496,1.849,1.223423,0.521515,0.415439,-0.592906,0.451542,9.906349667885385,-0.9494380703102849,-0.49533925197247597,-1.7876705773977337,1.8631121935288437,1.2895525934279122
746,2290946831,9.924178,-0.930116,-0.499589,-1.725989,1.803909,1.304845,0.521509,0.415466,-0.592888,0.451547,9.911644005517253,-0.941143341089433,-0.4971160405709926,-1.7948856233069512,1.8741231874945292,1.288693174689776
747,2290963498,9.912592,-0.941584,-0.487158,-1.689311,1.963412,1.342496,0.521516,0.415477,-0.592862,0.451563,9.91366368003419,-0.9370587105125967,-0.4961269166149206,-1.8530388666382436,1.9144436409602976,1.3221538045441188
748,2290980165,9.904562,-0.936138,-0.494095,-1.966044,1.959878,1.356391,0.521525,0.415484,-0.592843,0.451572,9.911781379670147,-0.9391200931003791,-0.4915836543444906,-1.9336111503141535,1.9450009059852924,1.3541537550356302
749,2290996832,9.903639,-0.939635,-0.491576,-2.176362,1.975527,1.384642,0.52156,0.415453,-0.592851,0.45155,9.908146159671515,-0.9443398231955635,-0.4852721179573306,-1.9819728284678768,1.9384367672021436,1.3621319094901538
750,2291013499,9.914081,-0.958582,-0.483808,-1.981719,1.879876,1.389675,0.521574,0.415443,-0.592854,0.451539,9.905074768972991,-0.9478279798631263,-0.48102240249824774,-1.9753538840930456,1.9019880782814362,1.3564251969420027
751,2291030166,9.904251,-0.947109,-0.464094,-1.843474,1.806368,1.26311,0.521572,0.415473,-0.592835,0.451538,9.903523707184016,-0.9475159597684671,-0.4821585851627903,-1.9496071993484414,1.8669793642055341,1.366689562800373
752,2291046833,9.896689,-0.9522,-0.500817,-1.856857,1.883155,1.429733,0.521572,0.415474,-0.592829,0.451545,9.90334259264377,-0.9461121493746474,-0.4885466268339912,-1.9578024685509348,1.8579539157640208,1.409615782366279
753,2291063500,9.906613,-0.929601,-0.490397,-1.976238,1.891914,1.496749,0.521561,0.415481,-0.592818,0.451567,9.90387206597822,-0.9479636207343303,-0.4962239997099081,-2.0097669838493255,1.8731086845121705,1.4707925953432421
754,2291080167,9.908148,-0.951281,-0.50947,-2.335366,1.892132,1.529456,0.52159,0.41543,-0.592852,0.451535,9.90419222159251,-0.9537970435433154,-0.5006587826033491,-2.0674976245080017,1.8920101044189943,1.5188860749150144
755,2291096834,9.892467,-0.974536,-0.503835,-2.060567,1.905143,1.561894,0.521606,0.415389,-0.592874,0.451525,9.903500277565248,-0.9593307053795209,-0.5006948279783923,-2.097053040567384,1.897821618875811,1.5362728649424244
756,2291113501,9.916983,-0.959141,-0.486318,-2.00007,1.88432,1.520338,0.521606,0.415376,-0.592879,0.45153,9.901788260387333,-0.9598730628620578,-0.4991402189259444,-2.1032602116150407,1.8910350132773925,1.533748100502104
757,2291130168,9.89292,-0.966043,-0.500526,-1.981143,1.885012,1.485927,0.521607,0.415367,-0.59288,0.451536,9.900177448497416,-0.9557974136551195,-0.4994364318443793,-2.102041232694889,1.88465042502873,1.5352558785189863
758,2291146835,9.89412,-0.934727,-0.512191,-2.152223,1.860807,1.536628,0.521609,0.415348,-0.592893,0.451534,9.900294416520225,-0.9521656511983713,-0.5018968648205103,-2.076279793438439,1.8887399564011829,1.5508347353285776
759,2291163502,9.91021,-0.940697,-0.490087,-2.053114,1.915772,1.614541,0.521612,0.415316,-0.592907,0.451541,9.903047630304505,-0.9525900307946763,-0.5031507449042918,-1.987120086775085,1.8999021432637502,1.5679495522753104
760,2291180169,9.913087,-0.968916,-0.502965,-1.935628,1.919358,1.607626,0.521618,0.415282,-0.592922,0.451547,9.907843122619223,-0.9547488298769283,-0.4992081955928688,-1.8366360209520491,1.9049234453771122,1.5700224491170092
761,2291196836,9.899031,-0.959621,-0.499524,-1.704,1.905963,1.54873,0.521599,0.415289,-0.592905,0.451584,9.91267805593939,-0.9534092249161055,-0.4896173186354209,-1.7005532074561667,1.894153601977881,1.5591640908890638
762,2291213503,9.919926,-0.963094,-0.484145,-1.460692,1.82997,1.500206,0.521578,0.415302,-0.592891,0.451614,9.914888001168821,-0.9475219798337928,-0.47912744742058816,-1.6733448834173463,1.8712338526924952,1.5552509126347742
763,2291230170,9.916599,-0.914679,-0.45368,-1.645334,1.900494,1.547628,0.521573,0.41529,-0.592889,0.451634,9.912555876165401,-0.9424128143974632,-0.4745092605760355,-1.7721861498509526,1.850377196324008,1.572522731431555
764,2291246837,9.91062,-0.937261,-0.478594,-2.129965,1.80113,1.67874,0.521557,0.415267,-0.592912,0.451644,9.906171206788972,-0.943946707803041,-0.47843341763929575,-1.9095285647227764,1.8444582575098307,1.6018835103424727
765,2291263504,9.888711,-0.96616,-0.495664,-2.177515,1.850716,1.593539,0.52156,0.415237,-0.592934,0.451639,9.898930387372454,-0.9516942776294793,-0.48638144528264216,-1.977664824698913,1.854556443365904,1.6187798139599447
766,2291280171,9.896218,-0.961743,-0.49349,-1.873326,1.882681,1.611788,0.521536,0.415238,-0.592927,0.451674,9.894772926314785,-0.9593616263268373,-0.4904921523957888,-1.9561528108821222,1.8697638917951565,1.6061068371636464
767,2291296838,9.895546,-0.968376,-0.486734,-1.703091,1.92685,1.570167,0.52152,0.415238,-0.592914,0.45171,9.895797320125814,-0.9616397142946493,-0.48696254190918187,-1.9187485360186916,1.8771625456086276,1.5677060843983017
768,2291313505,9.912073,-0.951607,-0.482436,-1.89219,1.807431,1.503421,0.521518,0.415228,-0.592925,0.451708,9.90134044884744,-0.9592440950172604,-0.47958623815667134,-1.935058591084427,1.8720790157948002,1.5221577903325794
769,2291330172,9.897663,-0.948636,-0.475321,-2.087729,1.874408,1.483852,0.521533,0.4152,-0.592942,0.451693,9.908809823484079,-0.9569407060134987,-0.47583179231824296,-1.9876136811123468,1.858760779980537,1.4866162682705335
770,2291346839,9.909657,-0.960524,-0.447944,-2.09996,1.848808,1.471725,0.521527,0.415202,-0.592941,0.4517,9.91491143760977,-0.9577851725034561,-0.4793210527299168,-1.9999082340785068,1.8432066964438667,1.4663428408412122
771,2291363506,9.932596,-0.960307,-0.514621,-2.068225,1.830636,1.470431,0.521529,0.415192,-0.592951,0.451694,9.916896203019894,-0.9603875090434033,-0.48645278358228017,-1.9331265690883228,1.8280657053396632,1.4569917526321137
772,2291380173,9.907394,-0.976909,-0.503378,-1.61912,1.802321,1.463234,0.521515,0.415202,-0.592944,0.45171,9.914040125751791,-0.9616266450959877,-0.49091294607411773,-1.8314834562122018,1.8144103955642108,1.4540237746226277
773,2291396840,9.904902,-0.952323,-0.484558,-1.626599,1.814333,1.431283,0.521492,0.41523,-0.592924,0.451737,9.908385023722103,-0.9607951601969427,-0.490871078589843,-1.7659056235905481,1.8060924648495111,1.4583221800291601
774,2291413507,9.909507,-0.951117,-0.472681,-1.812444,1.860628,1.469753,0.52149,0.415225,-0.592923,0.451744,9.903509105887096,-0.9601140036693178,-0.49013685358110987,-1.751307833571846,1.8098042528343972,1.4734214837110033
775,2291430174,9.897721,-0.96227,-0.495987,-1.952853,1.732283,1.53705,0.521483,0.415212,-0.592946,0.451735,9.90197642829265,-0.9615956915176698,-0.4920630067127815,-1.7400427337077686,1.8280296780427894,1.499441455375691
776,2291446841,9.896689,-0.974515,-0.490064,-1.664787,1.88309,1.484685,0.521466,0.415226,-0.592927,0.451766,9.903599810386412,-0.9646391888002992,-0.49430228081180316,-1.6934132101712942,1.8502950878755156,1.530611428573775
777,2291463508,9.920001,-0.963784,-0.50611,-1.584414,1.884217,1.588173,0.521436,0.415239,-0.592909,0.451813,9.905983625312215,-0.9670715340389107,-0.49137154059590205,-1.6361121838002535,1.854178406700743,1.55771770498508
778,2291480175,9.903135,-0.969603,-0.49369,-1.492811,1.775671,1.571922,0.521406,0.415249,-0.592903,0.451846,9.90678495255373,-0.9676074197695452,-0.4820767173206901,-1.6266210686806089,1.820848152535582,1.5726445426787579
779,2291496842,9.899785,-0.962021,-0.453884,-1.702566,1.835284,1.556605,0.521389,0.415249,-0.592901,0.451869,9.90556991208059,-0.9664736677966232,-0.4726515758212659,-1.684656890043308,1.7535869546515754,1.572382884679267
780,2291513509,9.905425,-0.959365,-0.46389,-1.872084,1.630959,1.545054,0.521372,0.415241,-0.592931,0.451856,9.90375356041146,-0.9641068729529773,-0.47126905533721797,-1.7649940950895453,1.6807384946405566,1.5614129720272076
781,2291530176,9.907847,-0.964007,-0.479675,-1.846727,1.610098,1.626528,0.521335,0.415245,-0.592955,0.451864,9.903225032544203,-0.9604747795860951,-0.47975674851563394,-1.8051709917007828,1.6369324290183034,1.551594899278902
782,2291546843,9.902584,-0.972813,-0.499283,-1.75593,1.641857,1.506238,0.521307,0.415258,-0.592968,0.451867,9.905065387345045,-0.9562290995854215,-0.49183870344553426,-1.7881943612458,1.6373542516332118,1.5571349177437195
783,2291563510,9.907193,-0.934964,-0.521938,-1.719009,1.666343,1.55567,0.521274,0.415271,-0.592977,0.451882,9.908841167454419,-0.9536266344351597,-0.4996410837502829,-1.75107123700277,1.6683647137098174,1.5837362040978196
784,2291580177,9.907087,-0.959426,-0.479643,-1.6627,1.777003,1.626515,0.521239,0.41528,-0.592975,0.451916,9.912546581325294,-0.9548542735032439,-0.500723669139264,-1.7367071996145254,1.7027126645082697,1.619712051663701
785,2291596844,9.928854,-0.949536,-0.485874,-1.734082,1.659517,1.68545,0.521194,0.415286,-0.59299,0.451943,9.913593828536712,-0.9591321478909899,-0.4981885304417323,-1.7481251580405484,1.7230958749057101,1.6414621469641801
786,2291613511,9.897978,-0.973523,-0.504938,-1.93276,1.7377,1.601876,0.521175,0.415275,-0.59301,0.451949,9.91058824501649,-0.9625541530535213,-0.4955605678531776,-1.7549998114919043,1.7315463054925035,1.6332164223973806
787,2291630178,9.908689,-0.970685,-0.50314,-1.706817,1.735933,1.662194,0.521148,0.415265,-0.593026,0.451967,9.904483513369021,-0.961697782644548,-0.4937721169715724,-1.738793471717558,1.7402361294351252,1.603143172410734
788,2291646845,9.899871,-0.9489,-0.492477,-1.658422,1.755962,1.507122,0.521114,0.415291,-0.593015,0.451997,9.898102253191688,-0.9570508792559222,-0.49290307552647195,-1.7187648559916624,1.7581160903551425,1.5785265295034705
789,2291663512,9.888945,-0.942967,-0.489606,-1.649522,1.809249,1.576353,0.521094,0.41529,-0.593016,0.452021,9.894504442862623,-0.9521723048465572,-0.49417627191484426,-1.7289658792036335,1.7864642984993488,1.5832400640603166
790,2291680179,9.903254,-0.950969,-0.498244,-1.778111,1.831507,1.638323,0.521068,0.415287,-0.593017,0.452051,9.895325660154384,-0.949791445259099,-0.4981835624998035,-1.7802654808648886,1.8219707796770797,1.618725576159102
791,2291696846,9.891811,-0.959776,-0.483994,-2.053613,1.822183,1.704531,0.521065,0.415244,-0.593051,0.45205,9.899824035577035,-0.9497286203098905,-0.5017457572534711,-1.8571736491165012,1.8587308055638951,1.6652549809332822
792,2291713513,9.909289,-0.952966,-0.514746,-1.894264,1.855108,1.680891,0.521045,0.415227,-0.59306,0.452076,9.905049557186283,-0.9506520552033977,-0.49898541041784916,-1.9472096304356246,1.8874878898711311,1.6986385728372575
793,2291730180,9.899913,-0.942729,-0.504044,-1.9031,1.989191,1.649195,0.52105,0.415191,-0.593067,0.452095,9.907402071324054,-0.9525626705126048,-0.4876244261346766,-2.055815060094945,1.8988799864731742,1.704772164431118
794,2291746847,9.921292,-0.96051,-0.470029,-2.286906,1.864662,1.745563,0.521065,0.415119,-0.593119,0.452076,9.905109239120735,-0.9565803886005877,-0.47405197830559187,-2.184888069394627,1.8924581144914465,1.6836465534874039
795,2291763514,9.891295,-0.958405,-0.449722,-2.250088,1.844761,1.636056,0.521065,0.415085,-0.593147,0.452071,9.899851827866943,-0.9627613331694068,-0.4698292704306294,-2.3074436418833004,1.881499046712816,1.647719284229221
796,2291780181,9.89345,-0.97185,-0.478907,-2.436203,1.896588,1.60039,0.521079,0.415041,-0.593177,0.452055,9.895645163867666,-0.969181093983751,-0.48115681706332514,-2.37638233506426,1.885243987579335,1.6181855971255887
797,2291796848,9.892551,-0.977638,-0.506262,-2.395364,1.965858,1.665703,0.521121,0.414952,-0.593229,0.452019,9.895466349358257,-0.973620651573689,-0.5018295674227158,-2.360523125109215,1.9142854137580512,1.6154507919026102
798,2291813515,9.901974,-0.975258,-0.530025,-2.242417,1.879479,1.598021,0.521134,0.41491,-0.593258,0.452006,9.898773201325744,-0.9758953888852533,-0.5176869940179607,-2.268851802721756,1.9611625768120355,1.6433649526323377
799,2291830182,9.905121,-0.980543,-0.52343,-2.067201,2.027507,1.599763,0.521153,0.414865,-0.593269,0.452011,9.902409317994856,-0.9779755661785051,-0.5186746892353267,-2.139207686952295,2.0027381809223552,1.678643968198171
800,2291846849,9.903439,-0.968155,-0.499369,-2.005052,2.030709,1.783111,0.521157,0.414808,-0.593286,0.452036,9.903837311929376,-0.9814041345180455,-0.5069198337458742,-2.007017376742879,2.014311952866016,1.6816826759620611
801,2291863516,9.908494,-0.989689,-0.485609,-2.013004,2.04933,1.658057,0.521161,0.414774,-0.593285,0.452064,9.903327800913308,-0.984794245503053,-0.4936810611540494,-1.8877007164408273,1.9879749764603734,1.6292448925066016
802,2291880183,9.887051,-0.988828,-0.494675,-1.692436,1.835938,1.536525,0.521148,0.414772,-0.593284,0.452083,9.903126994068689,-0.9846858923594796,-0.48889836463597625,-1.7846654602509542,1.9402865542335646,1.541838827531688
803,2291896850,9.915882,-0.986879,-0.47856,-1.708175,1.938683,1.422164,0.521146,0.41478,-0.593263,0.452105,9.904909991013765,-0.9794506735821502,-0.4931496959901661,-1.7044400495585503,1.9004931396543505,1.4734631672648204
804,2291913517,9.910977,-0.968117,-0.521438,-1.696598,1.91225,1.431385,0.521151,0.414776,-0.593253,0.452115,9.908280353771833,-0.9719701689629523,-0.4985163068134143,-1.6596276368758662,1.889204170066155,1.4661836656269016
805,2291930184,9.90533,-0.956152,-0.486451,-1.605289,1.863561,1.525294,0.521136,0.414779,-0.593245,0.452141,9.911353753173435,-0.9676664917943039,-0.4966679055138069,-1.6607152245932475,1.905744536016404,1.5112271633045589
806,2291946851,9.912623,-0.968953,-0.49148,-1.761642,1.943767,1.601876,0.521128,0.414764,-0.59324,0.45217,9.912239554488274,-0.969749570487,-0.4867876878222991,-1.7071399650495036,1.9320970510153272,1.5547936890453462
807,2291963518,9.910872,-0.993712,-0.481565,-1.814135,1.974028,1.55804,0.521122,0.414756,-0.593228,0.452201,9.910210014086376,-0.976730820790406,-0.4767040234957607,-1.781891517864373,1.9481668688843765,1.5434193209814588
808,2291980185,9.911041,-0.980698,-0.464935,-1.694357,1.946354,1.444845,0.521118,0.414762,-0.593207,0.452226,9.906302827355432,-0.984208130987622,-0.4763221584550951,-1.8507059768919882,1.9470259153587883,1.4676080170122305
809,2291996852,9.902026,-0.973547,-0.483217,-1.943966,1.934841,1.360041,0.521141,0.414749,-0.593205,0.452215,9.902980342882708,-0.9881421654632749,-0.488627440764758,-1.8725623619600067,1.9388185801868505,1.3679061447879595
810,2292013519,9.897454,-0.989997,-0.50282,-1.938536,1.895526,1.315705,0.521154,0.414754,-0.593195,0.452209,9.902393242355819,-0.986772803819463,-0.5059286613337807,-1.8256747469060235,1.9400852468666294,1.3024717194854296
811,2292030186,9.896991,-1.001432,-0.54102,-1.727026,2.011308,1.276146,0.521172,0.414765,-0.593164,0.452219,9.904320738020372,-0.9812750311339733,-0.5152749261522687,-1.730944112033171,1.9582576529557492,1.303679488782016
812,2292046853,9.923667,-0.965431,-0.495022,-1.501455,1.958648,1.332866,0.521165,0.414795,-0.593122,0.452253,9.906108292707652,-0.9753919507199559,-0.5089509487817913,-1.642087900248842,1.9852885212125846,1.3551172288308788
813,2292063520,9.895142,-0.958393,-0.496822,-1.559916,2.005686,1.423573,0.521157,0.414814,-0.593084,0.452296,9.90522838741148,-0.9729256390669132,-0.490873078622724,-1.6033705011486519,2.004957239328558,1.4053307592622206
814,2292080187,9.907564,-0.977315,-0.465131,-1.77423,2.006544,1.450569,0.521164,0.414809,-0.593065,0.452318,9.901944977428652,-0.9742117409769082,-0.4733532130596207,-1.6188721630218412,2.0071338435309958,1.410400633482714
815,2292096854,9.897113,-0.988859,-0.464727,-1.686238,2.032284,1.416952,0.521167,0.414814,-0.593035,0.452349,9.899142012179151,-0.9757284899849261,-0.4674433723517988,-1.6648730312913382,1.9983949983225098,1.3734284773824543
816,2292113521,9.892828,-0.971155,-0.47516,-1.623192,2.001805,1.305409,0.521177,0.414829,-0.593001,0.452368,9.899427165415595,-0.974232320253911,-0.4750890509574911,-1.721380573262844,1.9999058817936874,1.3445750015626852
817,2292130188,9.9033,-0.973189,-0.495749,-1.811804,1.97609,1.284855,0.521215,0.414811,-0.592995,0.452348,9.902552132536176,-0.9708816330225266,-0.4888253184567687,-1.7802073538253833,2.0304058382648393,1.375197491272039
818,2292146855,9.913877,-0.966906,-0.495054,-1.803159,2.066119,1.496415,0.521217,0.414807,-0.592969,0.452384,9.905847294605001,-0.9702331089725984,-0.49823732100805895,-1.8272680281236282,2.0860850078607434,1.4647320393967398
819,2292163522,9.905388,-0.96261,-0.502309,-1.770644,2.202622,1.542313,0.521238,0.414777,-0.592943,0.452421,9.907124641420817,-0.9749187162620692,-0.49756006736389197,-1.8335574987120085,2.137660999920652,1.5528101730120878
820,2292180189,9.910809,-0.984042,-0.493755,-1.935616,2.149117,1.669199,0.521254,0.414729,-0.592939,0.452452,9.906731618299185,-0.9819991193095611,-0.48876600900387973,-1.776130524568391,2.151507378051077,1.5694429824697242
821,2292196856,9.893178,-1.006142,-0.461156,-1.675186,2.124375,1.521555,0.52127,0.414705,-0.592918,0.452483,9.90644157277034,-0.9854241588074752,-0.4785624213434522,-1.669425211336235,2.116240868694609,1.498603417572071
822,2292213523,9.905441,-0.976872,-0.471382,-1.405971,2.015303,1.290515,0.521268,0.414738,-0.592867,0.452522,9.906792708585542,-0.982199286848435,-0.4726836306471446,-1.5685654906247573,2.049826366684996,1.3949185529573631
823,2292230190,9.924497,-0.962776,-0.492228,-1.588295,1.950362,1.325028,0.521259,0.414772,-0.592825,0.452556,9.906443134555492,-0.9754664961567352,-0.47267812070192283,-1.5335979654197232,1.9837615283589383,1.3378866330947425
824,2292246857,9.899278,-0.974131,-0.472374,-1.678157,2.01132,1.39636,0.521264,0.414778,-0.592797,0.452582,9.904284860831229,-0.9712676717498973,-0.47695975133333557,-1.585843283616931,1.9427428872963852,1.367396425151148
825,2292263524,9.889429,-0.978787,-0.475389,-1.593071,1.960735,1.440145,0.521257,0.41479,-0.592769,0.452615,9.901283618432267,-0.9728067082181838,-0.48302253062316725,-1.6934184493797244,1.935081687115358,1.4575341470088174
826,2292280191,9.907281,-0.972034,-0.482769,-1.731931,1.848526,1.577134,0.521249,0.414775,-0.592776,0.452629,9.899684312239678,-0.9779297583992452,-0.48782814760343396,-1.7941224458494904,1.9521384493744818,1.5449457767973773
827,2292296858,9.903171,-0.978951,-0.498525,-1.95868,1.980906,1.630498,0.521259,0.414734,-0.592788,0.45264,9.900904677875534,-0.9815369742695372,-0.48772933454874545,-1.8401566129606068,1.9718488350666075,1.5801998344944157
828,2292313525,9.902085,-0.987165,-0.470659,-1.979221,2.058345,1.519685,0.52128,0.414702,-0.592784,0.45265,9.904491928195492,-0.9804932469811888,-0.48065409088314415,-1.8356799967175552,1.970326511927156,1.557746806579384
829,2292330192,9.905339,-0.991631,-0.490359,-1.727103,1.943716,1.438249,0.521277,0.414709,-0.592764,0.452674,9.908513046189132,-0.9769659686074181,-0.46942844431018205,-1.8291137094905046,1.9404854377694636,1.5056442338619942
830,2292346859,9.913921,-0.962456,-0.45316,-1.561094,1.806906,1.476579,0.521274,0.414702,-0.592769,0.452678,9.910616404517086,-0.9766198884662908,-0.4617649620988042,-1.852184745999327,1.9006483488102115,1.4546952411468899
831,2292363526,9.908672,-0.966862,-0.450146,-1.927253,1.929463,1.450671,0.521293,0.414677,-0.592775,0.452669,9.90939960930037,-0.9820768738917918,-0.46472107758674347,-1.8681901625661492,1.880841431661592,1.4219645191163053
832,2292380193,9.912025,-0.979133,-0.475257,-2.165144,1.908882,1.466974,0.521314,0.414647,-0.592791,0.452652,9.905554566521772,-0.9882416912238869,-0.47772383399290885,-1.806790540562174,1.8991172984220768,1.4196734966914617
833,2292396860,9.886446,-1.025008,-0.504838,-1.667041,1.910496,1.450467,0.521316,0.414642,-0.592782,0.452665,9.901724643496834,-0.9865025646906245,-0.49150705446537557,-1.661937106597968,1.9495865139643893,1.4658057626070549
834,2292413527,9.923985,-0.988422,-0.49931,-1.333461,2.056335,1.51706,0.521308,0.414646,-0.592745,0.452719,9.900668327667402,-0.974992941791005,-0.49532624391742436,-1.530785209039547,2.00881721768057,1.5712921621625568
835,2292430194,9.879235,-0.924022,-0.492013,-1.30845,2.017736,1.661387,0.521271,0.414662,-0.592705,0.452801,9.902875603871156,-0.9627180773769337,-0.4860232048006483,-1.5289222237618574,2.0519026726301326,1.7135463227022651
836,2292446861,9.901571,-0.955556,-0.450368,-1.771541,2.08497,1.887445,0.521265,0.414601,-0.592715,0.45285,9.905781311310804,-0.9609685503767081,-0.4702133224323139,-1.6735848025583375,2.066801249714102,1.8334469411559897
837,2292463528,9.93766,-0.96897,-0.463641,-2.175555,2.077286,1.927913,0.521272,0.414519,-0.592747,0.452876,9.905948807270567,-0.9712891085762136,-0.4579883135617834,-1.8699230028409253,2.059170362060115,1.874035646136954
838,2292480195,9.889625,-1.0163,-0.459545,-1.993206,2.023371,1.893937,0.52127,0.41445,-0.592773,0.452907,9.902562796696525,-0.9842146072269884,-0.4546872038587202,-2.005949987913487,2.045154759948458,1.829900561743544
839,2292496862,9.884182,-0.992727,-0.446921,-1.654977,2.008221,1.652909,0.521284,0.4144,-0.592784,0.452922,9.898208852890999,-0.9897135523966976,-0.4579805556546226,-2.040109160826376,2.037279629753692,1.7543975720818148
840,2292513529,9.902131,-0.958645,-0.467469,-2.157703,2.039443,1.61878,0.521316,0.414335,-0.592808,0.452913,9.895710813228732,-0.98662223924402,-0.46173284753127697,-2.0050785380112677,2.035537023488724,1.7110099944889248
841,2292530196,9.894897,-0.982718,-0.488398,-2.209428,2.105844,1.788221,0.521343,0.414252,-0.592838,0.45292,9.895071827081265,-0.9815075174953951,-0.46232514627929655,-1.9638065898020636,2.032555792600215,1.7164308227160523
842,2292546863,9.903763,-0.996822,-0.427333,-1.855602,1.970404,1.778207,0.521319,0.414229,-0.592836,0.45297,9.894425140046406,-0.9807244658288364,-0.461497065780199,-1.973016063389586,2.026739961532119,1.7339748505099202
843,2292563530,9.887971,-0.978468,-0.467619,-1.793388,2.033655,1.726008,0.521314,0.414193,-0.592836,0.453009,9.893322679880514,-0.9849934634061084,-0.4632935199620639,-2.055960977431722,2.027271914075325,1.7212866937797235
844,2292580197,9.896132,-0.979834,-0.481445,-2.300571,2.054414,1.682274,0.521355,0.414107,-0.592875,0.45299,9.893755717442165,-0.9901516226527124,-0.4688044970644191,-2.1835812732144784,2.044591622572547,1.6799822093408006
845,2292596864,9.885992,-1.000375,-0.459858,-2.554227,2.023909,1.649336,0.521414,0.414003,-0.592933,0.45294,9.89755215652856,-0.9915823077969019,-0.4745530762814737,-2.2932015885406063,2.0775918153808983,1.6573843206993266
846,2292613531,9.908227,-1.002927,-0.489255,-2.260564,2.173666,1.668956,0.52145,0.413932,-0.592946,0.452947,9.90345677562714,-0.9885650902147289,-0.47591199651123506,-2.3405300166193426,2.1122281332407766,1.700133857293223
847,2292630198,9.914184,-0.97655,-0.476452,-2.049054,2.151922,1.738571,0.521478,0.413856,-0.592963,0.452962,9.90763092191691,-0.9851889040516202,-0.47152833641027453,-2.3276238881607623,2.132711338280234,1.8034922046801503
848,2292646865,9.908795,-0.968164,-0.450123,-2.397746,2.07151,1.953923,0.521496,0.413754,-0.593011,0.452971,9.907274454661536,-0.9863477982801393,-0.46425102955989106,-2.281358736386711,2.1324314833695905,1.9044955502367282
849,2292663532,9.895741,-0.996345,-0.456317,-2.402663,2.147401,1.992098,0.521522,0.41364,-0.593059,0.452983,9.903414116366868,-0.992349570781682,-0.4580485506724165,-2.2261590405506726,2.1132306230834836,1.9302844738726708
850,2292680199,9.907757,-1.01237,-0.460705,-2.181831,2.058973,1.918103,0.521532,0.413553,-0.593096,0.453002,9.899836954882344,-0.9984537374296195,-0.45457543374656184,-2.1842073840678236,2.0763340523496714,1.861238443935013
851,2292696866,9.888182,-1.011312,-0.456598,-1.922912,2.010386,1.678535,0.521529,0.413523,-0.593097,0.453033,9.899324498290056,-1.0003777126545508,-0.45303149267897175,-2.176975701732209,2.0177076825332083,1.7486774724316558
852,2292713533,9.90018,-0.978214,-0.450775,-2.266353,1.947084,1.547244,0.521561,0.413467,-0.593127,0.453009,9.901046253146278,-0.999222157136312,-0.4527192921973509,-2.206348428790102,1.9343560715416714,1.6671643460447914
853,2292730200,9.916927,-0.997364,-0.455987,-2.424473,1.882821,1.714405,0.52159,0.413383,-0.593186,0.452973,9.901711080429457,-0.9999821683026464,-0.4545758863749108,-2.2443188936940035,1.8348486089630227,1.6474609274457148
854,2292746867,9.890747,-1.018142,-0.454654,-2.245978,1.686321,1.711075,0.521589,0.41333,-0.593246,0.452945,9.899241383071656,-1.0058288441616814,-0.45969292223078956,-2.254724739711012,1.7409795964554777,1.6557064714213285
855,2292763534,9.900584,-1.011423,-0.462516,-2.044962,1.665424,1.62095,0.521577,0.413304,-0.593286,0.452929,9.895050249890293,-1.0146419769654422,-0.4668187603800075,-2.2191000305879576,1.675035656864487,1.6340703658803848
856,2292780201,9.879092,-1.012048,-0.477899,-2.127275,1.65191,1.583717,0.521573,0.413275,-0.593332,0.4529,9.89251253394807,-1.020681420626512,-0.472273393588311,-2.13718270979334,1.6431336478986907,1.5568335343646422
857,2292796868,9.903626,-1.025416,-0.480242,-2.180371,1.642318,1.422574,0.521579,0.41326,-0.59337,0.452857,9.893447696079985,-1.0193240212456463,-0.4730721605103099,-2.018683931954836,1.6314158535180114,1.4490032585315995
858,2292813535,9.891234,-1.024948,-0.469003,-1.946014,1.635249,1.312696,0.521581,0.413268,-0.593389,0.452823,9.896436547915073,-1.0111754145907232,-0.4700955825285916,-1.8884018746407922,1.6189485146077822,1.3580699894664994
859,2292830202,9.902225,-0.997163,-0.461015,-1.573491,1.583422,1.319381,0.521557,0.413306,-0.59339,0.452815,9.898512363803512,-1.0021873382221727,-0.46746059835107756,-1.787382636202607,1.5941383367803843,1.3119472774592422
860,2292846869,9.903592,-0.97775,-0.460324,-1.759516,1.547385,1.322544,0.521534,0.413341,-0.593399,0.452798,9.898221842567153,-0.9986811071302788,-0.46835239912960686,-1.7500774926737401,1.5603750851613252,1.3016044960693944
861,2292863536,9.888657,-1.001599,-0.477615,-1.896582,1.515279,1.346389,0.521506,0.413376,-0.593414,0.452779,9.896945488053815,-1.001266660713161,-0.47198698799859307,-1.779757199223771,1.5300684113021248,1.2982697418032216
862,2292880203,9.89837,-1.030977,-0.486321,-1.901474,1.555965,1.229685,0.521494,0.413413,-0.593422,0.452748,9.897327641938432,-1.0042638149821146,-0.4753051737065903,-1.852810273975451,1.5164093207271927,1.2827519766545836
863,2292896870,9.902918,-0.991669,-0.479624,-1.826313,1.529776,1.267861,0.521472,0.413455,-0.593428,0.452727,9.90051939552887,-1.0017830343384384,-0.4771673296912082,-1.9406061546813698,1.5285407058151261,1.25882404714778
864,2292913537,9.89767,-0.992825,-0.463882,-1.967696,1.552956,1.252595,0.521461,0.413486,-0.593442,0.452693,9.904963279605498,-0.9937701620207295,-0.47957165830894716,-2.0193115827332884,1.5673988719517997,1.2438047617123171
865,2292930204,9.916467,-0.97861,-0.480178,-2.141798,1.548909,1.234244,0.521463,0.413505,-0.593467,0.452641,9.90782974711683,-0.9856267129268456,-0.4843484315040306,-2.0692155911394616,1.621221269716195,1.2504057086592482
866,2292946871,9.913462,-0.983512,-0.503973,-2.202602,1.769165,1.261278,0.521492,0.413493,-0.593488,0.452592,9.907607259456212,-0.982767958561537,-0.48980601994495365,-2.0825806282900423,1.6682920504809213,1.2762336660481668
867,2292963538,9.891382,-0.992862,-0.492434,-1.967145,1.673361,1.352895,0.521502,0.413486,-0.593513,0.452554,9.905203423077577,-0.9862703573316313,-0.49173546301194304,-2.0725431068087334,1.6911452487810663,1.306836536551311
868,2292980205,9.906861,-0.991229,-0.476878,-1.96639,1.708194,1.316435,0.521501,0.413499,-0.59352,0.452532,9.902561384739798,-0.9929946275273867,-0.4875358628717529,-2.060537222539425,1.6902119701606308,1.3267699098839494
869,2292996872,9.896687,-0.99583,-0.490341,-2.091072,1.595614,1.304141,0.521496,0.413517,-0.59354,0.452497,9.900692635111103,-0.9985843263607554,-0.4789028303921951,-2.0512335767793557,1.6808867806854462,1.3280146712995893
870,2293013539,9.913229,-1.002902,-0.467382,-2.1565,1.728556,1.316397,0.521515,0.413508,-0.593562,0.452454,9.899491802757595,-1.0002435223320771,-0.4707242381229067,-2.0294475510463212,1.6769228985102278,1.310242306859048
871,2293030206,9.891727,-0.997141,-0.460748,-1.945887,1.695106,1.277081,0.521517,0.413525,-0.593568,0.452429,9.898952770933109,-0.9978453604942346,-0.46743761827153263,-1.9846978052116895,1.679277950823458,1.277486536651467
872,2293046873,9.892551,-0.994896,-0.471783,-1.834983,1.664614,1.258166,0.521516,0.413546,-0.593573,0.452403,9.899531988539726,-0.993469969594468,-0.46978412094996136,-1.9293497100323798,1.6805867323122732,1.2378666851420304
873,2293063540,9.905663,-0.98917,-0.473325,-1.930327,1.661976,1.179279,0.52153,0.413564,-0.593583,0.452359,9.901188151900934,-0.9898614328209304,-0.4745586239930509,-1.8875639024959396,1.6765106596331156,1.20527516252533
874,2293080207,9.904588,-0.982875,-0.490303,-1.895571,1.713125,1.24148,0.521525,0.413596,-0.593575,0.452345,9.902976328177207,-0.9886036100981416,-0.47763539489109763,-1.8731856410285537,1.6710905131589935,1.1962740836981272
875,2293096874,9.90893,-0.994749,-0.468425,-1.852554,1.647658,1.169431,0.52153,0.413626,-0.593577,0.45231,9.904135639644394,-0.9892477474635348,-0.47746185976307287,-1.883550124714582,1.6724621379420608,1.2195398685209646
876,2293113541,9.898923,-0.992238,-0.473186,-1.976058,1.660734,1.263404,0.521556,0.413611,-0.593609,0.45225,9.905036094476047,-0.9901067232952575,-0.47576005654012066,-1.909549520101147,1.683829372547613,1.2647869603925925
877,2293130208,9.906122,-0.98663,-0.474177,-1.861697,1.693339,1.301477,0.521565,0.413614,-0.593625,0.452217,9.906365237133846,-0.9899153073124906,-0.4753550752750686,-1.9439608848053902,1.6986431228337908,1.3036119661840568
878,2293146875,9.902819,-0.987427,-0.482917,-2.042511,1.755322,1.334172,0.521577,0.413611,-0.593638,0.452189,9.907583184370967,-0.9887822000162939,-0.47794080950064005,-1.9782881638755376,1.7068348330325775,1.3078396849384069
879,2293163542,9.914814,-0.992283,-0.488965,-1.937614,1.722537,1.319752,0.521582,0.413618,-0.593648,0.452164,9.907015623783327,-0.98780564397273,-0.4836008249065426,-1.995220032063593,1.7073470303333076,1.273394445675556
880,2293180209,9.908305,-0.983588,-0.482987,-1.981565,1.662821,1.177307,0.521597,0.413633,-0.593659,0.452118,9.903908393183771,-0.987986747564252,-0.49104768932920484,-1.970423793957852,1.7119811161655452,1.2267858549079604
881,2293196876,9.893847,-0.99513,-0.494024,-1.895903,1.698295,1.167638,0.52161,0.413655,-0.593661,0.452081,9.899963152090884,-0.9892848431342239,-0.4973163111687871,-1.889969998250618,1.7339073079370635,1.2042107338048855
882,2293213543,9.89106,-0.976698,-0.495452,-1.803095,1.84275,1.234449,0.521618,0.413678,-0.593642,0.452074,9.898187765276722,-0.9904089942115292,-0.49807148511333577,-1.773491780260792,1.7733502534121395,1.2211818692663077
883,2293230210,9.912253,-1.000561,-0.509251,-1.766252,1.832045,1.277184,0.521632,0.413686,-0.593636,0.452061,9.900083610486405,-0.9897733566347922,-0.4902577155694905,-1.6793008238659937,1.8159475554575293,1.2620156819804973
884,2293246877,9.897726,-1.000022,-0.462984,-1.536621,1.7471,1.341779,0.521609,0.413725,-0.593614,0.452079,9.904067907078657,-0.9870980352355586,-0.47567153583391086,-1.673611959194822,1.8430229236768598,1.2980153843875935
885,2293263544,9.900711,-0.964845,-0.464607,-1.663442,1.909164,1.267003,0.521614,0.413748,-0.593586,0.452088,9.906585403668501,-0.983812786972496,-0.46148969880889257,-1.7798292260687152,1.8431127853072224,1.314127979316194
886,2293280211,9.915997,-0.970422,-0.451895,-2.112715,1.841496,1.330766,0.521647,0.413723,-0.593605,0.452048,9.904983642757228,-0.9814342839787631,-0.4560534031859617,-1.9556888160221804,1.819312654209766,1.3189404089888777
887,2293296878,9.904079,-1.005639,-0.467646,-2.27378,1.753439,1.317447,0.521675,0.413702,-0.593635,0.451995,9.89995469254378,-0.9801775060485778,-0.46289756260252796,-2.126488566965415,1.7901756280059387,1.3331443880976306
888,2293313545,9.884207,-0.977651,-0.463044,-2.043228,1.794099,1.399279,0.521675,0.413706,-0.593639,0.451987,9.895281661727573,-0.9800372141507093,-0.4778544009996031,-2.241235737771109,1.7798746377922612,1.3705813568980802
889,2293330212,9.893968,-0.974347,-0.506883,-2.240714,1.79141,1.396398,0.521696,0.413683,-0.593665,0.45195,9.894533442214195,-0.9824184311200408,-0.4917398970667335,-2.295551203325581,1.8000196116644083,1.426820423481264
890,2293346879,9.895637,-0.982507,-0.502733,-2.470678,1.784328,1.476604,0.52173,0.41363,-0.593715,0.451893,9.897671312208775,-0.9890287041852099,-0.4968818923644581,-2.3119307684516275,1.837654872244493,1.4806644834336582
891,2293363546,9.909848,-1.005803,-0.481905,-2.324545,1.928451,1.545912,0.521757,0.413579,-0.593745,0.451869,9.90125578082954,-0.998988270072862,-0.4924790079590309,-2.311119559266678,1.8635013635399922,1.506222172602552
892,2293380213,9.903704,-1.014218,-0.487255,-2.140402,1.88975,1.483852,0.521794,0.413524,-0.59378,0.451831,9.902145054826919,-1.0080491229947706,-0.4844591267060487,-2.2965251110525546,1.8568451655769604,1.4885308656651222
893,2293396880,9.898701,-1.004118,-0.477525,-2.241175,1.79497,1.360169,0.521833,0.413483,-0.593818,0.451773,9.900566846503224,-1.0110393472240942,-0.4802551820385679,-2.2531227896382484,1.8246420937781989,1.4339647318383653
894,2293413547,9.89503,-1.001819,-0.482056,-2.319178,1.75518,1.462927,0.521855,0.413446,-0.593859,0.451728,9.899254063810213,-1.0051063785771863,-0.4831131614672057,-2.1656514501752793,1.7947918779663254,1.370313228818714
895,2293430214,9.890634,-0.996488,-0.492724,-2.110282,1.800515,1.357774,0.521874,0.413431,-0.593876,0.451696,9.900015317301865,-0.9916097234124531,-0.4902008533001444,-2.04940429192167,1.7894878001626768,1.3357072273751522
896,2293446881,9.915147,-0.983289,-0.495784,-1.812009,1.806329,1.267861,0.521881,0.413448,-0.593867,0.451685,9.901988685771878,-0.976123912418987,-0.4952300689250895,-1.9573247700736527,1.8056689165862632,1.3569868405917715
897,2293463548,9.915186,-0.965373,-0.494417,-1.878986,1.856287,1.396078,0.521885,0.413449,-0.593863,0.451684,9.903337362221835,-0.96602112449544,-0.49319929670209867,-1.9405713101485913,1.8207172514748153,1.4265184248460094
898,2293480215,9.882952,-0.946339,-0.477907,-2.033328,1.791692,1.547897,0.521885,0.413427,-0.593885,0.451675,9.903546489184242,-0.9657476693807452,-0.48403744068066645,-1.9996380698695084,1.8150039361839245,1.4997727806930634
899,2293496882,9.901445,-0.977855,-0.488071,-2.149559,1.78735,1.580681,0.521909,0.413368,-0.593936,0.451635,9.90320508196887,-0.9730247217278184,-0.4729656524504919,-2.08485943785974,1.78925280826341,1.526871007245219
900,2293513549,9.912131,-0.992556,-0.459505,-2.241674,1.788106,1.506238,0.52192,0.413338,-0.593967,0.451609,9.902435694959312,-0.9804933082270477,-0.4671371650197971,-2.1482085307509102,1.7633179094043838,1.4952471359018062
901,2293530216,9.906542,-0.988128,-0.45332,-2.118734,1.739672,1.383707,0.521926,0.413334,-0.593984,0.451583,9.90096779419159,-0.9825054499908,-0.4703042168877894,-2.184745892155574,1.759133514953025,1.4407693592924702
902,2293546883,9.895864,-0.971465,-0.490743,-2.097181,1.754566,1.399574,0.52193,0.41333,-0.593999,0.451562,9.899455414894867,-0.9804144898314324,-0.4794990273059452,-2.215348307661124,1.7808751602171657,1.4129198812854629
903,2293563550,9.885802,-0.983279,-0.499234,-2.237192,1.805945,1.421947,0.521953,0.413301,-0.594028,0.451525,9.899268899323676,-0.980451695917992,-0.48715030350147237,-2.2367965217912986,1.8078933978802767,1.4268489357582852
904,2293580217,9.90885,-0.969612,-0.48246,-2.249371,1.837167,1.409307,0.521977,0.413275,-0.59405,0.451492,9.900748177105122,-0.9862232167223902,-0.4871918707686961,-2.2086294444334156,1.8091550624237565,1.4493056581464068
905,2293596884,9.911488,-0.997536,-0.463159,-2.21765,1.818124,1.536218,0.521985,0.413245,-0.594076,0.451475,9.902699526369682,-0.9939980163097573,-0.4796763270210246,-2.1025610911685546,1.770220076295804,1.4331132871223307
906,2293613551,9.900203,-1.013302,-0.488376,-2.032163,1.674654,1.432422,0.521993,0.413226,-0.594111,0.451437,9.903903700188792,-0.9962897464619921,-0.47046758735784644,-1.958250040643114,1.708335169269089,1.3673510182015907
907,2293630218,9.893807,-0.999507,-0.471893,-1.70546,1.604744,1.180239,0.521989,0.413263,-0.594111,0.451409,9.904289343984304,-0.9902197559155785,-0.4672095424640979,-1.8683084314263518,1.6589798556665267,1.2920011129988138
908,2293646885,9.910643,-0.961571,-0.457484,-1.702438,1.666535,1.187437,0.521993,0.41329,-0.59411,0.45138,9.904384216300961,-0.9813580947507093,-0.4741757404145124,-1.8914069863007985,1.6457263551389505,1.259597483475412
909,2293663552,9.912483,-0.970625,-0.484287,-2.106107,1.690022,1.319624,0.522018,0.41327,-0.594145,0.451324,9.904447172210393,-0.978397174042365,-0.48843755518993115,-1.9852455515426555,1.6628839207845993,1.2838130121405897
910,2293680219,9.892088,-0.990323,-0.506736,-2.2187,1.665856,1.409986,0.522026,0.413255,-0.59418,0.451283,9.904544300027586,-0.9844727359010259,-0.5006747427570032,-2.043456630164254,1.6857074593952512,1.330272723070418
911,2293696886,9.913954,-0.998554,-0.511542,-2.094773,1.742067,1.381158,0.52203,0.413254,-0.594194,0.45126,9.904873915667427,-0.9946114907648825,-0.5020935474294917,-2.0042486660018892,1.6944900471162088,1.3555917809597964
912,2293713553,9.898886,-1.014244,-0.504493,-1.680897,1.638784,1.29031,0.522009,0.413295,-0.594187,0.451256,9.905559815476257,-1.0013285560190244,-0.49253781478477615,-1.9103668817852972,1.688761383598607,1.3473263673132734
913,2293730220,9.907471,-0.99003,-0.466415,-1.799677,1.684746,1.255374,0.522012,0.413313,-0.594191,0.45123,9.906404321551033,-1.0014772218135406,-0.48138802412265724,-1.8552781718501963,1.681989665847946,1.3251063450591016
914,2293746887,9.914948,-0.992665,-0.456581,-1.894226,1.697975,1.379289,0.522,0.413331,-0.594195,0.451222,9.90713848903574,-0.9974242394393371,-0.4790343295662157,-1.8829061475039102,1.686245195300545,1.3135757795029777
915,2293763554,9.901913,-0.989783,-0.503598,-2.074181,1.694402,1.372015,0.522005,0.413328,-0.594216,0.451192,9.907663671447995,-0.9930114856438047,-0.4871153505584884,-1.953476622331853,1.7019084801676208,1.3224231356034424
916,2293780221,9.902645,-1.002638,-0.50646,-2.05994,1.734537,1.295407,0.522042,0.413297,-0.594253,0.451129,9.907660931954634,-0.9899410347591924,-0.49768054390122435,-2.0006196708128297,1.7186974698766866,1.3461632096238358
917,2293796888,9.909314,-0.985021,-0.50538,-1.924026,1.707733,1.32216,0.522045,0.413306,-0.594262,0.451105,9.906214510258254,-0.9879138482982445,-0.501660626630244,-2.0027090631717916,1.7238195254514823,1.370765543867798
918,2293813555,9.907376,-0.982602,-0.491726,-1.971615,1.692135,1.440081,0.522031,0.413314,-0.594274,0.451097,9.902672505601853,-0.986573734839554,-0.49714607086041435,-1.9904948840917591,1.7107411868079225,1.3792933655047463
919,2293830222,9.897081,-0.99031,-0.480016,-1.92076,1.749264,1.360796,0.52203,0.413324,-0.594278,0.451084,9.898272530445475,-0.9860337285864085,-0.4895190332128081,-1.995482692839462,1.6846454732319003,1.3616851086955346
920,2293846889,9.90118,-0.97756,-0.486955,-2.061002,1.626067,1.327205,0.522037,0.413323,-0.594307,0.45104,9.896184845673066,-0.985833637325475,-0.48515527213777443,-2.006187757829474,1.6612496501997223,1.3266853309254039
921,2293863556,9.884732,-0.985216,-0.489862,-2.008279,1.630421,1.316922,0.522043,0.413323,-0.594333,0.450998,9.898792520362655,-0.9846504346178193,-0.4861828322943839,-1.9814257689607857,1.6569740289131567,1.301568051753129
922,2293880223,9.906073,-0.994563,-0.497435,-1.991477,1.685194,1.267669,0.522052,0.413333,-0.594345,0.450962,9.904563200277513,-0.9819700084295478,-0.4905576796824788,-1.9026905782068142,1.676132206410954,1.312910955785265
923,2293896890,9.914423,-0.979854,-0.49119,-1.724874,1.722512,1.341241,0.522025,0.413378,-0.594325,0.450979,9.908410539254213,-0.9798123226349373,-0.4952581542340868,-1.805148337482628,1.707284098442379,1.36266786940732
924,2293913557,9.911246,-0.967771,-0.48925,-1.728614,1.736355,1.47476,0.522008,0.413387,-0.594329,0.450986,9.906262866167072,-0.9814854622907175,-0.4983938452217579,-1.7499870109583178,1.7336500901840572,1.4227094136981613
925,2293930224,9.900395,-0.988838,-0.504947,-1.714309,1.76645,1.444217,0.521989,0.413405,-0.594322,0.451,9.899574439480652,-0.9875451009137572,-0.4991902721440289,-1.7642040078061536,1.7475442472928213,1.456035838651031
926,2293946891,9.892071,-0.997052,-0.507089,-1.766764,1.699383,1.47193,0.521969,0.413416,-0.594329,0.451003,9.894693651207955,-0.993384048917433,-0.4976263832982462,-1.8121689480522145,1.754893410369974,1.4475384178792376
927,2293963558,9.876881,-0.985627,-0.482194,-1.988775,1.816088,1.402724,0.521962,0.41343,-0.594322,0.451008,9.897080890971466,-0.9922952411356715,-0.4945237955162125,-1.834479131756801,1.7670067741104987,1.4168726688014543
928,2293980225,9.929664,-1.00407,-0.500539,-1.971627,1.782906,1.414481,0.521967,0.413424,-0.594334,0.450992,9.905984827209895,-0.9821094939306152,-0.49108494488789955,-1.816638646579369,1.78836366740195,1.4010872385282815
929,2293996892,9.907838,-0.965425,-0.467237,-1.608606,1.759355,1.344379,0.52195,0.413456,-0.594318,0.451004,9.914850272502795,-0.9687686758789475,-0.4878086525988802,-1.8083353657866628,1.8106433232834154,1.421086719504847
930,2294013559,9.914218,-0.941244,-0.510678,-1.624831,1.847297,1.480049,0.521933,0.413468,-0.594304,0.45103,9.91686147073218,-0.9620711886446143,-0.48442749430866516,-1.8637099560388466,1.8182096942019441,1.461730997290154
931,2294030226,9.919593,-0.965162,-0.473227,-2.162993,1.838691,1.537793,0.521942,0.413439,-0.594328,0.451016,9.91040394900541,-0.966644200817076,-0.4813519811393864,-1.9714938304995049,1.8031028282400647,1.4859928780556662
932,2294046893,9.896317,-0.985559,-0.476912,-2.234183,1.785775,1.505367,0.521946,0.413418,-0.594352,0.450997,9.900061717203895,-0.9772366197706766,-0.4804844354488444,-2.063974810403706,1.777726881541131,1.472121914634247
933,2294063560,9.888983,-0.993358,-0.479357,-2.070992,1.731067,1.420397,0.521947,0.413414,-0.59437,0.450977,9.89277799724048,-0.9838212116319941,-0.48370051419646654,-2.094104201772786,1.769774474229799,1.436755865415443
934,2294080227,9.884825,-0.986399,-0.492667,-1.95722,1.763274,1.342073,0.521952,0.413419,-0.594375,0.450959,9.892422993129049,-0.9815161034147667,-0.4906701871730572,-2.0812091242020276,1.799003463660629,1.4180042145995988
935,2294096894,9.908159,-0.962311,-0.509107,-2.006409,1.875561,1.454654,0.521949,0.413421,-0.594371,0.450967,9.897274259625231,-0.9749631928449232,-0.4988398890016124,-2.0709292923782976,1.8575619212640821,1.4346666532308738
936,2294113561,9.899023,-0.975153,-0.498287,-2.052346,1.973503,1.439632,0.521958,0.413414,-0.594361,0.450976,9.902499891909423,-0.9727708561070674,-0.505464952313743,-2.068683754092793,1.9154215042666909,1.465312954178799
937,2294130228,9.915367,-0.963519,-0.507428,-2.159855,1.918206,1.54709,0.521972,0.413381,-0.594377,0.450969,9.904989412935226,-0.9780709570023431,-0.5090881870719726,-2.0357077343927616,1.9460471350488298,1.4713779096319832
938,2294146895,9.898618,-0.986931,-0.508529,-2.070351,1.944292,1.483097,0.521982,0.413364,-0.594378,0.450972,9.90553078921256,-0.98518719970852,-0.509313216745164,-1.951841901574607,1.9461970142213703,1.441265161967721
939,2294163562,9.899069,-1.014881,-0.504399,-1.801738,1.919499,1.366559,0.522004,0.413349,-0.594376,0.450962,9.906328551807373,-0.9860982139415269,-0.5063815471952389,-1.8615487516882252,1.9326344722822602,1.4075420987537837
940,2294180229,9.897082,-0.980249,-0.516658,-1.649483,1.912186,1.335824,0.522008,0.413363,-0.594354,0.450974,9.907273229686979,-0.979813083365594,-0.5017440331271521,-1.8364442685427154,1.9237495250648173,1.415256086695429
941,2294196896,9.932552,-0.947368,-0.489384,-1.835406,1.950567,1.433613,0.522009,0.413365,-0.594338,0.450991,9.905935536067897,-0.9739447202963415,-0.4982489013516314,-1.8908975562199095,1.9257052190399166,1.4727115897171192
942,2294213563,9.905321,-0.970974,-0.493522,-2.147599,1.939733,1.66884,0.522022,0.413312,-0.594365,0.450989,9.90137437302969,-0.9762074317414776,-0.49815249152995733,-1.9528898359967788,1.932707129778789,1.5386557428760823
943,2294230230,9.869156,-0.998906,-0.490468,-1.980297,1.913403,1.557156,0.522025,0.41329,-0.594372,0.450997,9.896381751904999,-0.9854569082886836,-0.500413678884711,-1.9344304130586027,1.9356788092639052,1.5615772342542353
944,2294246897,9.901293,-0.995232,-0.515336,-1.81612,1.932651,1.52888,0.522022,0.413281,-0.594365,0.451017,9.89471201379166,-0.9925401907734659,-0.5011901007682698,-1.8292413544221855,1.929318434600197,1.5289981346466988
945,2294263564,9.906581,-0.993901,-0.514082,-1.706433,1.937287,1.439837,0.522017,0.413291,-0.594344,0.451044,9.896822339992204,-0.9898459996633723,-0.4982738474953269,-1.729657938947306,1.9137076969760884,1.4748641605012294
946,2294280231,9.893845,-0.979011,-0.478775,-1.64536,1.866775,1.403685,0.522013,0.4133,-0.59433,0.451057,9.899484840701213,-0.979190936251051,-0.49440599368084776,-1.7392434206882124,1.8923504955998909,1.4406105332108083
947,2294296898,9.900961,-0.970967,-0.483204,-1.782093,1.870233,1.418118,0.522018,0.413297,-0.594327,0.451059,9.899321602331762,-0.9701480155347393,-0.4945575442964624,-1.8660730449514005,1.8693553727873486,1.4337670466292987
948,2294313565,9.899014,-0.951273,-0.502877,-2.027681,1.846298,1.478423,0.522032,0.41327,-0.594346,0.451041,9.896041604276085,-0.9707020947632081,-0.4997639905737469,-2.005006438823429,1.8482202584722773,1.4270745962147817
949,2294330232,9.891587,-0.975511,-0.510671,-2.323866,1.86114,1.459636,0.522071,0.413216,-0.594386,0.450993,9.89239975321154,-0.9794769853926807,-0.5051810697613706,-2.0344014831826986,1.833433587602162,1.3964927253333095
950,2294346899,9.883335,-1.016545,-0.516154,-1.926498,1.813539,1.350346,0.522083,0.413212,-0.594391,0.450975,9.891386970597825,-0.9874388044826198,-0.5052047634867821,-1.9361777056906246,1.831797266522523,1.3545950789872778
951,2294363566,9.898234,-0.986877,-0.497262,-1.610053,1.865879,1.233143,0.522083,0.413247,-0.59436,0.450985,9.89340351794197,-0.9874611654878487,-0.4997201540512098,-1.8141589753904717,1.8483206269654886,1.3402085953081202
952,2294380233,9.894318,-0.974923,-0.489982,-1.6575,1.806573,1.36346,0.522067,0.413276,-0.59434,0.451002,9.896075469434589,-0.9814659822301948,-0.4940052604352684,-1.7872678188052438,1.8777085947130134,1.3739647462169138
953,2294396900,9.904933,-0.962076,-0.466045,-1.910349,1.998348,1.479025,0.52209,0.413246,-0.594341,0.451003,9.896885786096878,-0.9773947279885458,-0.49243617676030726,-1.8717972137983618,1.900776065317097,1.4296348692238816
954,2294413567,9.893031,-0.982332,-0.51604,-2.245324,1.805177,1.502306,0.522102,0.413216,-0.59437,0.450978,9.895882487235722,-0.9798905551219274,-0.4937380115126193,-1.978265186970727,1.8936961738782916,1.4546670522708192
955,2294430234,9.889803,-0.990966,-0.515029,-1.946002,1.901096,1.402443,0.522109,0.413215,-0.594364,0.450979,9.895580722957854,-0.9854008085670709,-0.4935995195857842,-2.0156686165111415,1.8464203364205036,1.4188966701224321
956,2294446901,9.900608,-0.995264,-0.467227,-1.96557,1.800374,1.338987,0.522098,0.413244,-0.594348,0.450985,9.89820618965171,-0.986689737616431,-0.49094577675198037,-1.980129571877424,1.776229131619477,1.341661300631177
957,2294463568,9.900196,-0.984529,-0.495368,-1.809038,1.714777,1.244348,0.5221,0.413267,-0.594346,0.450965,9.90326190704008,-0.9811137365164899,-0.48943107419768517,-1.9381098254904727,1.7221185129533414,1.272951218657242
958,2294480235,9.913706,-0.961369,-0.478052,-1.91948,1.651846,1.224716,0.522099,0.413295,-0.594349,0.450938,9.90787475572559,-0.9735686575201099,-0.4922706053598678,-1.940473173955737,1.7182060824007854,1.2498491601785824
959,2294496902,9.912524,-0.967768,-0.506366,-2.051475,1.760918,1.282485,0.522102,0.413313,-0.594347,0.45092,9.9092979373956,-0.971425690969365,-0.4972788814651485,-1.970337878580617,1.7648660098664362,1.2688923170850437
960,2294513569,9.897316,-0.982017,-0.502671,-2.066177,1.877494,1.340358,0.522141,0.413279,-0.594368,0.450878,9.906910347467175,-0.9771230904891335,-0.49849222149933314,-1.9740953644411248,1.825365605283675,1.2959468582205445
961,2294530236,9.906034,-0.98582,-0.502318,-1.910169,1.86561,1.300978,0.522125,0.413324,-0.594333,0.450902,9.90213252998324,-0.9857219898464856,-0.49261335105767945,-1.9285330933986804,1.855516740139508,1.2999661603036903
962,2294546903,9.89772,-0.988584,-0.46901,-1.784629,1.853982,1.255259,0.522125,0.413354,-0.594307,0.450907,9.897129425743616,-0.9892608183597855,-0.4830380108124397,-1.8661116579981585,1.8405381349127543,1.278114660528496
963,2294563570,9.8936,-0.989392,-0.479206,-1.772399,1.771342,1.245168,0.522122,0.413386,-0.594292,0.450902,9.8938661928996,-0.983664837928561,-0.4771048142456767,-1.8375960824654267,1.8049966839756637,1.252461578753516
964,2294580237,9.898963,-0.977396,-0.473923,-1.969937,1.750801,1.243272,0.52213,0.413403,-0.594291,0.450878,9.893705001857045,-0.9723555266759802,-0.4794809082264378,-1.8607738244741245,1.7884855974172496,1.246716083698539
965,2294596904,9.885854,-0.950942,-0.492467,-1.911488,1.878557,1.266452,0.522151,0.413407,-0.594283,0.450861,9.896822648760674,-0.9635989520224078,-0.4882135115199221,-1.9081158922285528,1.8112198248674984,1.2662567702274357
966,2294613571,9.90659,-0.959512,-0.50276,-1.904522,1.801027,1.319675,0.522164,0.413407,-0.594287,0.450841,9.901622120352098,-0.9636951784637128,-0.4967559331243605,-1.9353229544616637,1.8587793257108713,1.2961173492908034
967,2294630238,9.906668,-0.978452,-0.497585,-1.87234,1.89801,1.294882,0.522166,0.41343,-0.594263,0.450848,9.905281689623617,-0.9718422803615282,-0.4994712771321448,-1.9168149290039707,1.8955793242619858,1.314164797545831
968,2294646905,9.907322,-0.985394,-0.488793,-1.958949,1.956958,1.292065,0.522191,0.413426,-0.594252,0.450838,9.905706953645183,-0.9811686056888036,-0.4956724001192502,-1.8631173950405757,1.8946990296854271,1.3076167574335156
969,2294663572,9.899193,-0.981991,-0.499517,-1.810524,1.868517,1.33567,0.522196,0.413437,-0.594239,0.450839,9.903343849848774,-0.9846648054493243,-0.4894939089426533,-1.8154075511317112,1.8608148733206638,1.2828043055397234
970,2294680239,9.90871,-0.984276,-0.483702,-1.761014,1.761661,1.248433,0.522194,0.413467,-0.594225,0.450833,9.901020923846986,-0.9804941639649095,-0.48640881731270685,-1.8196584518576064,1.8266052841310505,1.2627242102458913
971,2294696906,9.893114,-0.969309,-0.480171,-1.835521,1.823259,1.223128,0.522206,0.413486,-0.594212,0.450818,9.901681498704598,-0.9725041325979615,-0.4890029437524251,-1.8923056758807122,1.8235940119086218,1.2716963526479164
972,2294713573,9.901502,-0.959209,-0.493681,-2.082812,1.865891,1.367097,0.522221,0.413479,-0.594216,0.450802,9.90580832508986,-0.9664037016143393,-0.49490430276618813,-2.0041774091336233,1.8531049161874158,1.315243271165841
973,2294730240,9.92372,-0.974731,-0.512674,-2.135984,1.875612,1.297892,0.522247,0.413469,-0.594221,0.450774,9.91079571360794,-0.9653130341297693,-0.49879019071564107,-2.1011113576932443,1.884801967869086,1.3714506157864603
974,2294746907,9.908921,-0.963991,-0.493118,-2.10352,1.924224,1.463951,0.522259,0.413453,-0.594224,0.450771,9.91287173001314,-0.9680572117762264,-0.49728563146869786,-2.1448372706023884,1.884310517640439,1.4050847572671756
975,2294763574,9.902713,-0.967859,-0.491142,-2.129273,1.849294,1.419372,0.522273,0.413437,-0.594236,0.450754,9.909838963027516,-0.9708469536232963,-0.49235200598215256,-2.1375504860548307,1.8447295292518027,1.396904477686433
976,2294780241,9.910471,-0.978691,-0.492347,-2.156602,1.775364,1.37318,0.522284,0.413429,-0.594252,0.450727,9.90248993809077,-0.9705686842960326,-0.4896426936464496,-2.112284385637072,1.794401497965813,1.3637554004789139
977,2294796908,9.895512,-0.965111,-0.483399,-2.044585,1.741158,1.289491,0.522297,0.413432,-0.594264,0.450694,9.894102726433042,-0.9672390605001076,-0.4931062018839254,-2.1024458787548532,1.7746482610439251,1.3484355747266372
978,2294813575,9.880804,-0.961984,-0.497319,-2.090444,1.841867,1.380339,0.522312,0.413421,-0.594273,0.450674,9.888579038064869,-0.9639280929953973,-0.5008812682926344,-2.1166894860315772,1.8066079309820866,1.384210295465472
979,2294830242,9.892998,-0.960567,-0.522048,-2.202564,1.837602,1.489257,0.522326,0.413394,-0.594295,0.450654,9.88813115266764,-0.9642099879634314,-0.5065247787761942,-2.1375557267894263,1.8742208858337146,1.4641300742828665
980,2294846909,9.885238,-0.973417,-0.506043,-2.160841,1.957214,1.520491,0.522343,0.413363,-0.594305,0.45065,9.891936907245938,-0.9691398325030076,-0.5046372866504515,-2.1425794034019345,1.9358454195877948,1.5428233706853727
981,2294863576,9.905808,-0.979872,-0.484065,-2.108721,1.992196,1.586848,0.522357,0.413325,-0.594316,0.450654,9.896978111530373,-0.9760783128284298,-0.4956719247045557,-2.1266076995633933,1.954579325840468,1.5706873289461125
982,2294880243,9.900002,-0.966297,-0.484271,-2.022776,1.882399,1.576366,0.522359,0.4133,-0.594329,0.450658,9.90045477855609,-0.9801611697064802,-0.48574023725597143,-2.103865146217421,1.92431113761101,1.5342736847132563
983,2294896910,9.899148,-0.980903,-0.500678,-2.221825,1.930935,1.473915,0.522377,0.413273,-0.59434,0.450647,9.901532382949986,-0.977686323474817,-0.48212093426256836,-2.090663751250136,1.872216740871949,1.4708789694170465
984,2294913577,9.896823,-0.99735,-0.472105,-2.012467,1.735536,1.409691,0.522372,0.413279,-0.59435,0.450634,9.900966416285218,-0.9695781762004906,-0.4880709967721507,-2.0877697740339323,1.8362865459708484,1.4420009104160307
985,2294930244,9.903881,-0.938787,-0.48753,-1.984344,1.892785,1.405542,0.52238,0.413275,-0.594346,0.450633,9.899586324966211,-0.9618317868958528,-0.5000417834952054,-2.078450739097905,1.8362294372491763,1.4824350163018227
986,2294946911,9.894187,-0.952414,-0.527194,-2.192434,1.844364,1.595332,0.522381,0.413246,-0.594369,0.450629,9.897703257278769,-0.961017522249235,-0.5093783224249395,-2.045362332648393,1.8612366523695847,1.5677248506106305
987,2294963578,9.903303,-0.96863,-0.518795,-2.049221,1.903248,1.70174,0.52238,0.413205,-0.594391,0.450638,9.895946735817795,-0.9682001338934185,-0.5084434719609225,-1.9937639007246175,1.8829972585643189,1.632755311882279
988,2294980245,9.89433,-0.994322,-0.481346,-1.870342,1.879556,1.65451,0.522372,0.413177,-0.594405,0.450655,9.895899873405323,-0.9778252314170723,-0.49684298068145605,-1.954794980901363,1.8806291942364672,1.6278509495468851
989,2294996912,9.897522,-0.988424,-0.482532,-1.785001,1.897575,1.531531,0.522361,0.413177,-0.594396,0.450679,9.898929166824399,-0.9830961856371824,-0.48207339884792544,-1.9566566655199211,1.8557781550325094,1.5605666575199666
990,2295013579,9.887393,-0.955499,-0.480322,-2.146088,1.703942,1.434061,0.522352,0.413182,-0.594411,0.450665,9.904060334350518,-0.9819433347701356,-0.4738809295920226,-1.9935779074962792,1.8273441246560498,1.485116724123229
991,2295030246,9.929956,-0.999838,-0.469704,-2.152658,1.921855,1.436482,0.522372,0.41316,-0.59442,0.450651,9.907779703955157,-0.9778340053323358,-0.47719744469108677,-2.0325240380231584,1.814301551303511,1.4534984270669256
992,2295046913,9.906313,-0.969219,-0.489166,-1.965608,1.796699,1.531518,0.522371,0.413141,-0.594438,0.450645,9.906974981511222,-0.9759505978563788,-0.4888175217688607,-2.048463047759032,1.823196107923442,1.4759308175107817
993,2295063580,9.893987,-0.974658,-0.496553,-1.888655,1.835746,1.516586,0.522353,0.41315,-0.594432,0.450667,9.90215304431453,-0.9788944712325105,-0.49970440295737484,-2.0417018588648905,1.847414646688296,1.5214417745254112
994,2295080247,9.899264,-0.980003,-0.516491,-2.138148,1.86812,1.538728,0.52236,0.413124,-0.594448,0.450661,9.897158539266798,-0.9849486756972753,-0.5013964399939386,-2.022750706100048,1.8729844508275835,1.5484608886389002
995,2295096914,9.892972,-1.004467,-0.48435,-2.114994,1.899803,1.553199,0.522351,0.413119,-0.594447,0.450678,9.895602979952704,-0.9897174385400634,-0.49226329459032747,-1.995127660058827,1.8852294556307392,1.5347387688363887
996,2295113581,9.895749,-0.989971,-0.480521,-1.775139,1.883936,1.461967,0.522346,0.413121,-0.594438,0.450693,9.897850169104032,-0.9897648875482793,-0.47884049179369764,-1.956372488304067,1.8753245501146854,1.4867949234775248
997,2295130248,9.911079,-0.969315,-0.469108,-1.916483,1.805202,1.450274,0.522343,0.41312,-0.594442,0.450692,9.901350121938972,-0.9851252631252267,-0.4708842355269935,-1.90591216277511,1.8449279443090716,1.4295041162018263
998,2295146915,9.898176,-0.990572,-0.464527,-1.952981,1.89258,1.367481,0.522344,0.413132,-0.594427,0.450699,9.903394361813053,-0.9787269042849446,-0.47393266368159076,-1.8499804641378106,1.80495074089834,1.3875509570527107
999,2295163582,9.903069,-0.970511,-0.493741,-1.796001,1.652295,1.368045,0.522329,0.413154,-0.594433,0.450689,9.903324827536208,-0.9740454142433054,-0.4853320332151333,-1.8059647805293624,1.7678803415856046,1.3713006555136973
1000,2295180249,9.9032,-0.976287,-0.493912,-1.751601,1.789425,1.375472,0.522308,0.413188,-0.594413,0.450709,9.902413676082755,-0.9733172557865823,-0.4968929799526449,-1.7998871568372243,1.7394585062794172,1.3748897889197282
1001,2295196916,9.900341,-0.972592,-0.511247,-1.833818,1.742528,1.415275,0.522289,0.413211,-0.594408,0.450717,9.90214315578324,-0.976889860878411,-0.5019102400770756,-1.848325656986957,1.7174233477511995,1.3859044950684605
1002,2295213583,9.902819,-0.983155,-0.50062,-1.938459,1.69736,1.396641,0.522276,0.413226,-0.594414,0.450709,9.902788316392051,-0.9832150382835059,-0.5006139318345106,-1.9380104709475312,1.6974842410658286,1.3969959410927673
