PacketCounter,SampleTimeFine,Acc_X,Acc_Y,Acc_Z,Gyr_X,Gyr_Y,Gyr_Z,Quat_W,Quat_X,Quat_Y,Quat_Z,Acc_X_filtered,Acc_Y_filtered,Acc_Z_filtered,Gyr_X_filtered,Gyr_Y_filtered,Gyr_Z_filtered
1,2689404800,9.868109,-0.326638,0.384336,-0.840993,1.950094,0.104263,-0.672829,0.268084,0.639785,0.257102,9.868132569856655,-0.3266761174756747,0.38417612416356633,-0.834583803399253,1.9521598587357003,0.10427492932552754
2,2689421467,9.874781,-0.334652,0.375279,-1.084647,1.354047,-0.243756,-0.672751,0.267864,0.639932,0.257172,9.885611393676355,-0.3054457914191249,0.38294811523511885,-0.8770429182168027,1.508827710096728,-0.19474240873672802
3,2689438134,9.885102,-0.306314,0.387633,-0.585698,1.013296,-0.593523,-0.672646,0.267578,0.640144,0.257217,9.902253441180756,-0.29193210972492956,0.3681183333275655,-0.8013356408893206,1.0206220614667267,-0.49109795552752133
4,2689454801,9.919089,-0.24751,0.325985,-0.441166,0.596232,-0.752898,-0.672501,0.267278,0.640408,0.257249,9.912914859749817,-0.2914284348385326,0.3363701021619693,-0.5303901040239735,0.4688200350441473,-0.8024949410359471
5,2689471468,9.936487,-0.295245,0.296563,-0.279768,-0.093371,-1.019731,-0.67229,0.266963,0.640756,0.257264,9.91152784611344,-0.300661439089081,0.2988663648554021,-0.08251583656862749,-0.11280821985399006,-1.1491546058688604
6,2689488135,9.904167,-0.339105,0.281661,0.139058,-0.645735,-1.482028,-0.672025,0.266584,0.641191,0.257264,9.899364493824777,-0.30480212980933924,0.2756411775467929,0.40014232210198997,-0.6285288234755211,-1.5134570999669927
7,2689504802,9.86762,-0.290127,0.303716,0.933884,-0.98947,-2.014119,-0.671739,0.266091,0.64171,0.257228,9.88706372306622,-0.2843433706317031,0.28261704683566247,0.6917742276311084,-0.9668406667332347,-1.8305016734236454
8,2689521469,9.86866,-0.189795,0.273571,1.155037,-1.20194,-2.068917,-0.671439,0.265578,0.64226,0.257168,9.886025819709992,-0.22865393930756256,0.3174584032734858,0.6004453609497515,-1.0809794211325434,-2.0254022612393423
9,2689538136,9.893646,-0.129017,0.333612,-0.218105,-1.065412,-1.946104,-0.671103,0.265207,0.642739,0.257231,9.898443037207352,-0.14747952907789214,0.3541585565191472,0.07132562148922722,-1.0274627804633953,-2.05197948687086
10,2689554803,9.964695,-0.150569,0.392378,-1.752856,-0.810911,-1.760258,-0.67074,0.264987,0.643132,0.257422,9.91760928314465,-0.07384971148181402,0.35594658329499207,-0.8096351576753147,-0.9064598669282693,-1.894323129443617
11,2689571470,9.953404,-0.202526,0.337711,-2.043458,-0.485437,-1.389566,-0.670409,0.264822,0.643465,0.257621,9.936884992765455,-0.05073485309697012,0.30349133075336615,-1.8371430932082673,-0.744121835521402,-1.5594262875112568
12,2689588137,9.859692,0.360593,0.249479,0.235233,-0.211919,-1.955478,-0.670171,0.264371,0.643879,0.257672,9.954861321359182,-0.09807948550491376,0.21594673365037348,-2.6317694493093073,-0.44443222301063173,-1.10358337167229
13,2689604804,10.031116,-0.504424,0.018634,-3.663858,-0.749031,-0.004674,-0.669803,0.264504,0.644123,0.257879,9.971773914701332,-0.18351067980597227,0.1409618135428061,-2.671342538141295,0.10407235123150017,-0.6572784692960939
14,2689621471,9.99049,-0.132168,0.155685,-4.092717,0.752008,-0.36411,-0.669548,0.26459,0.644218,0.258218,9.986164192812971,-0.23789679883013803,0.11768171431472045,-1.6534767013455656,0.8669784404022751,-0.36954907565555206
15,2689638138,9.986928,-0.41579,0.192121,-0.825485,2.017634,-0.252183,-0.66954,0.264321,0.644307,0.258291,9.998996912736441,-0.21684130662082968,0.14557395298291761,0.08006169315150802,1.6713748718018924,-0.28571736240629986
16,2689654805,10.039526,-0.059434,0.113081,5.48977,3.577448,-0.447416,-0.669914,0.263358,0.64449,0.257847,10.018792546324553,-0.14587165554508466,0.18682452432565286,1.7411446057745825,2.4316114482372613,-0.28057323543964263
17,2689671472,10.036696,0.009696,0.24666,4.617798,2.818223,-0.208961,-0.670193,0.262529,0.644705,0.257431,10.05772851076272,-0.0930001894574485,0.19836654795181755,2.9470133091333706,3.3122827266036423,-0.12300027634536241
18,2689688139,10.116101,0.06585,0.236836,0.807101,3.319515,0.477414,-0.670395,0.262124,0.644699,0.257332,10.119447622110725,-0.0957421457268703,0.16563292801120286,4.21530967129843,4.536884409035979,0.3898981696497873
19,2689704806,10.179163,-0.38309,0.066298,3.78413,5.697245,1.594782,-0.670977,0.261444,0.644529,0.256934,10.189792692408007,-0.1279472415001398,0.1102727114256383,6.361099520373781,5.999035802704282,1.3342047656096792
20,2689721473,10.251705,-0.282794,-0.072453,12.349358,8.950934,2.292422,-0.672213,0.259872,0.644332,0.25579,10.240827993988095,-0.14418287467704968,0.06594140973804878,9.519633957933307,7.171422066712902,2.6283857575995135
21,2689738140,10.286542,0.066043,0.177259,14.884176,7.132612,4.005491,-0.673435,0.258278,0.644339,0.254168,10.247225682287311,-0.14080551252888102,0.047322236913400435,13.043042621356427,7.495943170314182,4.0499418006741985
22,2689754807,10.152057,-0.116126,0.016713,15.511,6.702691,5.421107,-0.674689,0.256765,0.644354,0.252326,10.202363716292625,-0.15408558023760147,0.04625782410091749,16.274154444648214,6.8426888896184375,5.302174596713508
23,2689771474,10.148697,-0.176775,0.118885,17.545242,4.923094,6.248066,-0.675877,0.255193,0.644585,0.250145,10.12109315473771,-0.20319749019704295,0.05716166257742614,19.05275758585695,5.552656527426519,6.13910245793771
24,2689788141,10.023582,-0.348828,0.070008,20.79598,4.285377,6.618672,-0.677133,0.253357,0.644975,0.247597,10.027672966962614,-0.25739087577437303,0.09772264093997045,21.359815552694464,4.093467406145994,6.488819637629176
25,2689804808,9.916986,-0.324191,0.134454,23.900934,2.941247,6.245383,-0.678353,0.251226,0.645616,0.244742,9.938692900076642,-0.2690353579318723,0.19735112440629765,22.75554508634265,2.74987332823955,6.472479676908393
26,2689821475,9.875057,-0.224164,0.361404,22.780664,1.717482,6.148321,-0.679403,0.249237,0.646333,0.241954,9.852979099837901,-0.22827668656981498,0.3656393153466446,22.44237370592492,1.6201592566778982,6.294795954890613
27,2689838142,9.726192,-0.110284,0.629253,20.07024,0.854768,6.126843,-0.680265,0.24754,0.647033,0.23939,9.755572145762821,-0.17240965877697056,0.576064064829593,19.879388519486213,0.8041945007978852,6.110026085083218
28,2689854809,9.64609,-0.072998,0.817595,14.912682,0.508995,6.195776,-0.680905,0.246369,0.64758,0.237288,9.634904278198515,-0.1417119267687557,0.7805559760615294,15.222200327570999,0.5081255762300715,5.984167199970751
29,2689871476,9.54913,-0.128792,0.891162,8.770477,0.760012,6.179662,-0.681346,0.245795,0.647887,0.235774,9.502561431755248,-0.13771192909000843,0.9356323124687598,9.152978456209766,0.935513960122785,5.94481687172036
30,2689888143,9.404351,-0.243215,0.96486,1.79369,1.888559,5.845965,-0.681632,0.245843,0.647853,0.234991,9.3980112929365,-0.13670189109858558,1.0143704939620766,2.376397871662416,2.069267930536268,5.98987650696983
31,2689904810,9.318731,-0.247843,1.044272,-4.234331,3.593277,5.554864,-0.681853,0.246402,0.647453,0.234864,9.366848422993614,-0.14376085338150713,1.0036653088729888,-4.62129342611402,3.559545926775534,5.983185228562154
32,2689921477,9.366392,-0.147293,0.948338,-10.952482,5.17398,5.507982,-0.681981,0.24757,0.646667,0.235432,9.42481290348146,-0.21546444014420396,0.9036785642961463,-11.288817781154815,4.847003639340855,5.557906261364657
33,2689938144,9.545858,-0.291162,0.682698,-15.069499,5.485534,4.440522,-0.68195,0.249034,0.645745,0.236503,9.541605547110674,-0.40452792560651735,0.734338157122143,-16.588891227904103,5.448621939465896,4.236315038854254
34,2689954811,9.821795,-0.571746,0.547305,-19.551342,4.917895,2.152104,-0.681621,0.250744,0.644807,0.238201,9.666312804079334,-0.6715350468422026,0.5367578877826464,-19.149685687294856,5.198872717032647,1.7968075372157837
35,2689971478,9.726132,-0.943378,0.36141,-20.462362,4.406473,-1.218833,-0.681088,0.252245,0.644006,0.240298,9.771767453636947,-0.866627003242985,0.36132195645630194,-18.236966263931812,4.295672799085936,-1.3753154837196924
36,2689988145,9.797265,-0.995058,0.27247,-15.858682,3.180108,-4.495443,-0.680489,0.253024,0.643605,0.242242,9.869632831390387,-0.8289205685932598,0.24805106326122273,-14.801226113212394,3.1661849240193654,-4.302864350426409
37,2690004812,9.958766,-0.610901,0.189044,-9.938217,2.27996,-6.278187,-0.679959,0.253081,0.643564,0.243775,9.980158522909662,-0.52768871860071,0.20919852727211108,-11.370781757816102,2.2627599954469377,-5.888667900422146
38,2690021479,10.102171,0.030611,0.174701,-7.64971,1.858772,-5.710443,-0.679494,0.25298,0.643622,0.245021,10.094410292994112,-0.10973106474202757,0.22219992335728192,-10.43932722045032,1.879007858392145,-5.5474435816085235
39,2690038146,10.232467,0.351754,0.264129,-12.562614,1.949287,-3.393185,-0.678938,0.253577,0.64341,0.246499,10.174000089274069,0.20202110260673292,0.24103791486295564,-12.594064502149084,2.0354600628464024,-3.5415179654982873
40,2690054813,10.222207,0.293069,0.28401,-18.636974,2.399023,-0.477998,-0.678302,0.255029,0.642824,0.248273,10.186801537415962,0.2695778955477095,0.22697596835092332,-16.140539031560206,2.4788767379843395,-0.7873287812951355
41,2690071480,10.0895,-0.070396,0.178644,-20.246756,2.837782,1.874859,-0.677728,0.256844,0.642044,0.249981,10.136740279406425,0.11828341900099582,0.18027021952971622,-18.59106095612081,2.8232599087337102,1.693675633100805
42,2690088147,10.002744,-0.183355,0.131015,-17.019733,3.0878,3.057949,-0.677335,0.25844,0.641311,0.25128,10.057381929643718,-0.11766216823180584,0.14343209689863534,-18.558439565083045,2.785314917446856,3.273942171881296
43,2690104814,9.991476,-0.164659,0.12314,-14.690011,2.511974,3.685063,-0.676996,0.259885,0.640693,0.252277,9.982687067681027,-0.3061596752971406,0.16628637750354905,-16.402813621206665,2.3687848419862,3.8792476258258355
44,2690121481,10.003162,-0.354488,0.224538,-13.921306,1.52664,3.902424,-0.6766,0.261309,0.640191,0.253143,9.92923164083615,-0.3849934902839422,0.2600967451986148,-13.471452312196226,1.843209091586236,3.8244479782975134
45,2690138148,9.90753,-0.421642,0.430149,-12.481971,1.231363,3.668259,-0.67622,0.26258,0.639777,0.253885,9.901200915102038,-0.36322047664212226,0.38267320223680124,-11.030575345809604,1.5123136837087596,3.535024724767071
46,2690154815,9.830651,-0.355446,0.527055,-9.723954,1.583576,3.342644,-0.675965,0.263536,0.639443,0.254416,9.899108857380309,-0.29368085506799746,0.4692117979227988,-9.743048709783942,1.465595046260404,3.328121215843513
47,2690171482,9.888185,-0.181754,0.459442,-8.474681,1.764363,3.03971,-0.675762,0.264334,0.639148,0.254868,9.917086609980867,-0.24278502570334481,0.4803833383634722,-9.617065482154622,1.5341114388144406,3.3027854289994303
48,2690188149,10.009773,-0.252841,0.377248,-9.383088,1.575342,3.36088,-0.675518,0.265257,0.638825,0.255365,9.939163129283155,-0.2562645937333749,0.4250392065069829,-10.09320911024744,1.472480825032396,3.3407193514961175
49,2690204816,9.974226,-0.240066,0.362147,-11.459908,1.066532,3.332604,-0.675145,0.266401,0.638474,0.256037,9.948572539197675,-0.32904516792183836,0.3434479255142938,-10.314889805074577,1.1769327684994395,3.224095436064412
50,2690221483,9.903171,-0.505106,0.267966,-10.94992,0.652272,3.118879,-0.674744,0.26749,0.63819,0.256667,9.941573536415834,-0.40650795583860416,0.2738559717321817,-9.67497764234688,0.7480850523537353,2.8261931980667847
51,2690238150,9.875623,-0.467997,0.23292,-7.311057,0.370712,2.082767,-0.674419,0.268136,0.638109,0.257049,9.927806180261411,-0.42692145509950896,0.23227527076824808,-8.274891996483152,0.38436762689686904,2.2430365794044387
52,2690254817,9.976988,-0.352633,0.231141,-5.799753,0.157998,1.558962,-0.674112,0.268592,0.638126,0.257335,9.918157470276249,-0.37279071562258587,0.21502036965146196,-6.796070706602705,0.2374456334109441,1.7469417806051786
53,2690271484,9.918685,-0.238359,0.208738,-6.178949,0.579443,1.592361,-0.673832,0.269073,0.638085,0.257668,9.916666470760799,-0.2851307005497723,0.21338279459866394,-5.85728409357582,0.34851877506662643,1.5911339760129142
54,2690288151,9.920154,-0.249729,0.211431,-5.975981,0.672929,1.892798,-0.673578,0.269559,0.638032,0.257957,9.922684145498822,-0.22897985399001536,0.22518295621186726,-5.493110264448884,0.670928565483448,1.8288400561129687
55,2690304818,9.909731,-0.221107,0.299429,-5.152981,0.990975,2.297619,-0.673401,0.269989,0.637961,0.258142,9.934160686066065,-0.24197160121253267,0.2546444780961953,-5.21822183473784,1.1049900946024924,2.28727052721024
56,2690321485,9.952603,-0.3083,0.259027,-4.264207,1.43264,2.679953,-0.673314,0.270352,0.637866,0.258225,9.946016915675097,-0.30680640034740597,0.30156674221924745,-4.5392704512348185,1.4983815755615557,2.699527154541435
57,2690338152,9.960499,-0.385441,0.32159,-3.717248,1.622161,2.937438,-0.673275,0.270681,0.637761,0.258242,9.949056628554104,-0.36448812933864616,0.3492057014068866,-3.459503446081552,1.649653846960242,2.8898661622908586
58,2690354819,9.926364,-0.330136,0.395736,-2.964542,1.435893,2.961769,-0.673251,0.270942,0.637702,0.258177,9.93520219430067,-0.35692011447549343,0.3646542033140197,-2.626509647348973,1.3802282733822682,2.8926114353436416
59,2690371486,9.920587,-0.297411,0.322079,-3.345365,0.820522,3.012047,-0.673156,0.271267,0.637688,0.258117,9.905658519033192,-0.2720614755184451,0.3188559678707452,-2.9885593003892383,0.6673474589235786,2.928822423116724
60,2690388153,9.868311,-0.2282,0.240627,-4.427386,-0.227159,3.12254,-0.672926,0.271747,0.637732,0.258104,9.873726673770376,-0.16255588147524236,0.2148616735718541,-5.051160166967714,-0.2668249846820684,3.238552328610387
61,2690404820,9.852341,-0.096839,0.116928,-6.610024,-0.958043,3.548582,-0.672555,0.272511,0.637747,0.258226,9.858203361132809,-0.11860430586730353,0.09909319363297181,-8.163393369864815,-1.0241662807548462,3.865234443595054
62,2690421487,9.867282,-0.094683,-0.037044,-10.642656,-1.749271,4.525298,-0.671988,0.273787,0.63765,0.258593,9.871228961156246,-0.20263924523841775,0.0396482339297824,-10.517527649681846,-1.2566333295262768,4.562140550622068
63,2690438154,9.905971,-0.346461,0.10198,-12.163887,-0.862213,5.378944,-0.671473,0.275256,0.637374,0.259052,9.90933988172261,-0.3905336710495165,0.08339002915382228,-10.216765788168711,-0.892936355449521,4.937376046139032
64,2690454821,9.962189,-0.672392,0.238075,-8.257807,0.079867,4.967066,-0.671181,0.27628,0.637163,0.259238,9.954621222736526,-0.5756380299641412,0.22338970755262783,-6.792226161946848,-0.17194871282376373,4.75410486086106
65,2690471488,9.99355,-0.735646,0.405152,-0.67784,0.872209,3.863683,-0.671229,0.276424,0.637207,0.258851,9.985428558487651,-0.6456839794442983,0.40027281006044174,-1.8266545805801238,0.5525686049963073,4.129943031435796
66,2690488155,9.980372,-0.559419,0.509737,4.380342,0.787994,3.222443,-0.67145,0.276013,0.637477,0.258049,9.989157490930143,-0.570835207843619,0.5347844203693423,2.0886270687029937,1.0573869054882354,3.4474928735003036
67,2690504822,9.971238,-0.341526,0.592567,3.499406,1.153641,3.058791,-0.671664,0.275657,0.637685,0.257358,9.968725184766654,-0.4235635753580501,0.5703208631115253,3.2749853775113733,1.337176692413259,3.05721381208307
68,2690521489,9.942951,-0.257746,0.532551,0.615659,1.502038,3.129763,-0.671794,0.275583,0.637745,0.256948,9.939497485005594,-0.3149567517685451,0.5025700870806725,2.0731707938136137,1.510836150910534,3.0371290743381705
69,2690538156,9.923435,-0.369211,0.383497,-0.94516,1.983326,3.236018,-0.671911,0.275651,0.637697,0.25669,9.919207033888895,-0.30937103195191884,0.38021886915902137,0.2591168078041216,1.6899656889891221,3.1907543002347807
70,2690554823,9.893795,-0.403617,0.218305,0.225065,1.835259,3.279457,-0.672062,0.275615,0.637706,0.256314,9.916730280986835,-0.38902960299108724,0.2737608920769316,-0.4919857808378879,1.9228128723373354,3.240897114433856
71,2690571490,9.926677,-0.485292,0.202887,0.91981,1.987463,3.087976,-0.672245,0.275493,0.63773,0.255903,9.926784775812848,-0.48407506593730154,0.2307541707357091,0.306935337810044,2.2019278348704954,3.041268754259086
72,2690588157,9.949321,-0.51831,0.30082,1.839715,2.642686,2.640458,-0.672511,0.275209,0.637745,0.255471,9.935345183064605,-0.5299494696084275,0.2501403907629938,1.973588252338806,2.484158701646274,2.656567054148297
73,2690604824,9.960559,-0.529732,0.316235,3.029989,2.747187,2.215864,-0.67282,0.274763,0.637811,0.254972,9.932551416999276,-0.5073920092669347,0.2943779224362482,3.3983158174627075,2.714345581290047,2.2802988554489985
74,2690621491,9.895965,-0.455193,0.301632,4.194176,2.874994,1.95163,-0.673175,0.274178,0.637916,0.254401,9.921525494928417,-0.44544636841648155,0.32485815070776186,3.8060203603018197,2.856727379566218,2.0724924740336483
75,2690638158,9.90361,-0.358084,0.338624,3.527862,2.825651,2.060766,-0.673503,0.27367,0.637997,0.253878,9.914087787223899,-0.3932327544668791,0.32844604886109263,3.126024431216663,2.912166042148651,2.04612189900108
76,2690654825,9.901058,-0.352548,0.315347,1.473403,2.845142,2.219564,-0.673752,0.273386,0.63799,0.25354,9.91817997863176,-0.38224461797362086,0.3171066657242198,1.890900251568043,2.9063388064947686,2.085156389936892
77,2690671492,9.966893,-0.414089,0.282952,0.200515,2.983694,2.122198,-0.673969,0.273191,0.637935,0.253313,9.930878322896763,-0.4065377842529822,0.3084086772239158,0.8008644723915003,2.8709383359338125,2.066308222811588
78,2690688159,9.956289,-0.502821,0.299507,0.405507,2.89273,1.988077,-0.674176,0.272977,0.637896,0.253088,9.94324747450108,-0.4353374927440379,0.3076309536432095,0.27010982364277375,2.8417471510553507,1.96941189396673
79,2690704826,9.914228,-0.439064,0.335374,0.945358,2.788256,1.729069,-0.674387,0.272687,0.6379,0.252829,9.949089247664634,-0.4442203776190611,0.3066885335672143,0.2795128221446972,2.8604892919956444,1.879407226584004
80,2690721493,9.946588,-0.390018,0.324155,0.669766,2.942508,1.853469,-0.674604,0.272433,0.637872,0.252595,9.947653945826154,-0.4339922947681504,0.2981125952882504,0.5720333839533618,2.954474604758425,1.8906205318912872
81,2690738160,9.954752,-0.411152,0.270358,0.304759,3.04277,2.028609,-0.674823,0.272225,0.637815,0.252377,9.940898919422144,-0.42186332697501105,0.28725989076938385,0.9182132315968187,3.1038305813553277,2.015025112823173
82,2690754827,9.943096,-0.431622,0.261374,1.069503,3.264857,2.267652,-0.675101,0.271959,0.637753,0.252077,9.93181676332727,-0.4197668791893635,0.28825005064728343,1.2130543452606997,3.2388713017931767,2.182955879298612
83,2690771494,9.911287,-0.464047,0.279953,1.850191,3.382881,2.377992,-0.675424,0.271623,0.637704,0.2517,9.924872078149,-0.42367688365544404,0.30860834019105965,1.4372173435801698,3.28918431393834,2.3284974783775243
84,2690788161,9.920456,-0.379009,0.398238,2.170542,3.251783,2.42316,-0.67575,0.271261,0.637678,0.25128,9.924501486271167,-0.4200892736673957,0.3414797290076706,1.616521361714749,3.2497868822486247,2.472303644599356
85,2690804828,9.929712,-0.382341,0.402589,1.104298,3.196753,2.753807,-0.67604,0.271039,0.637604,0.250927,9.931231913083348,-0.399038790261074,0.3739503047577263,1.7772007305082043,3.200623047745573,2.7224226505586726
86,2690821495,9.954042,-0.412569,0.349215,1.133817,3.190901,3.122413,-0.676343,0.270849,0.637517,0.250535,9.939880640175353,-0.36364925594822,0.39886038698980764,1.849153818312933,3.2496342988103972,3.188345173763618
87,2690838162,9.932446,-0.353875,0.382856,2.494888,3.368115,3.811816,-0.676742,0.270581,0.637436,0.249954,9.942562962507061,-0.3321168040938452,0.41507156259405487,1.6234062456251923,3.438762724706537,3.873588249883428
88,2690854829,9.921737,-0.246389,0.47275,1.320508,3.695586,4.661134,-0.677156,0.270495,0.637245,0.249411,9.934289377553224,-0.32942178941874967,0.4198602242772541,0.904022854220835,3.6916454578100057,4.627261894147795
89,2690871496,9.954439,-0.388428,0.399589,-0.885649,3.984998,5.294331,-0.67753,0.270681,0.636919,0.249028,9.916929485445937,-0.3715771537105771,0.40799228626031137,-0.24288842355298892,3.8510125467206695,5.191531777151186
90,2690888163,9.88809,-0.505366,0.366123,-1.413501,3.801213,5.263929,-0.677872,0.270904,0.6366,0.24867,9.898153131776112,-0.4545181773437921,0.380392383513375,-1.4103632600085487,3.7766876672424643,5.314092634754582
91,2690904830,9.847889,-0.546556,0.381102,-1.569623,3.357152,4.843816,-0.678145,0.271133,0.63633,0.248366,9.884753228686474,-0.5563526533397057,0.3509333576457301,-2.052056375464671,3.424084071716412,4.85625250548755
92,2690921497,9.886935,-0.600045,0.316323,-2.243673,2.756318,3.827082,-0.678302,0.271351,0.636137,0.248194,9.875561135753964,-0.647405418603679,0.34159967805363084,-1.821594702972387,2.8503288685166455,3.845766528797347
93,2690938164,9.887404,-0.731898,0.366677,-0.978277,2.184386,2.499319,-0.678406,0.271346,0.636097,0.248018,9.862515781430652,-0.6992876151444981,0.36794745774332127,-0.8315346305741695,2.1681273859207737,2.4679003243448276
94,2690954831,9.828365,-0.676923,0.432986,0.316285,1.6797,1.077174,-0.678463,0.271099,0.636209,0.247842,9.841264377936335,-0.693732552892566,0.42522077882119275,0.33339836725013827,1.500018008285573,1.0095971208007968
95,2690971498,9.831879,-0.653883,0.458656,0.988349,0.974186,-0.282585,-0.678433,0.270686,0.63647,0.24771,9.820788642847265,-0.6336401161835796,0.4861249823371775,0.9152417303503767,0.9492928668181377,-0.23169841151324597
96,2690988165,9.839916,-0.580998,0.53688,0.875026,0.218867,-1.110413,-0.678297,0.270235,0.636832,0.247642,9.82005258470092,-0.5484223219678154,0.5145301183731676,0.47450122054910343,0.5695830248913663,-1.0551478623744714
97,2691004832,9.78884,-0.462034,0.518939,-0.412518,0.391048,-1.500494,-0.678113,0.269868,0.637147,0.247737,9.851865007535034,-0.48137962809093643,0.48818042055891964,-0.7477315961002682,0.3438750505844772,-1.431082484240891
98,2691021499,9.891672,-0.377089,0.384745,-2.411538,0.572937,-1.486958,-0.677867,0.269694,0.63737,0.248025,9.908477117344155,-0.4604607922893744,0.4147858430968071,-1.9181341567730066,0.21647645128084103,-1.4839095301222458
99,2691038166,10.059544,-0.535864,0.342452,-2.568493,0.075269,-1.200506,-0.677579,0.269579,0.637626,0.248278,9.964829212644947,-0.4744635781695371,0.32823137125269475,-2.166880339939017,0.1705594471971425,-1.3730165773241918
100,2691054833,9.978102,-0.477836,0.248876,-1.082265,0.158318,-1.08667,-0.677363,0.269325,0.637921,0.248385,9.998059371243732,-0.4795542696624137,0.26628070177875524,-1.2331935762386066,0.2656895109742497,-1.1492685172584833
101,2691071500,9.974764,-0.443898,0.218009,0.040961,0.502259,-0.7467,-0.677234,0.26898,0.63821,0.248367,10.002825696324969,-0.4360392974245988,0.246515824194585,0.2969858646638197,0.5765735316864524,-0.7101563146465606
102,2691088167,9.963667,-0.373904,0.294679,1.735203,1.147097,0.006166,-0.677258,0.268515,0.638467,0.248145,9.987221025382926,-0.34592758896281084,0.2591055632748177,1.3635637777894412,1.0887545698255523,0.0857390497492991
103,2691104834,9.965281,-0.268242,0.300662,1.902402,1.656047,1.055916,-0.67737,0.268121,0.638636,0.247832,9.958860170358061,-0.2584372723871495,0.2808879244032549,1.1474438144384411,1.658854093132864,1.2219359571312027
104,2691121501,9.962555,-0.132986,0.272872,-0.893832,2.120392,2.339867,-0.677465,0.268098,0.63861,0.247662,9.920773005499193,-0.236036894500866,0.2972119199231683,-0.39918619299524505,2.0808435473663307,2.4165209918965282
105,2691138168,9.900094,-0.393713,0.306582,-3.329356,2.162602,3.506257,-0.677512,0.26842,0.638448,0.247604,9.879309739134989,-0.3056074583896802,0.31259593395099283,-2.5754721298137127,2.206944713310306,3.229142998006206
106,2691154835,9.760913,-0.371129,0.39061,-3.339935,2.184399,3.370152,-0.677556,0.268726,0.63829,0.247558,9.84860927508745,-0.43246350757778307,0.3425672474350553,-4.434856033642685,2.0378332946540456,3.3388645818022225
107,2691171502,9.882972,-0.521698,0.331608,-6.196367,1.672478,2.856067,-0.67742,0.269289,0.638099,0.247813,9.84284903531245,-0.539030793771631,0.3943957195629941,-5.3696538617503276,1.7231239738583375,2.793060845061391
108,2691188169,9.899939,-0.67511,0.436075,-5.543254,1.313758,2.054491,-0.677248,0.269724,0.637997,0.24807,9.865326242554756,-0.5575757078206294,0.4523846967947321,-5.405068994308076,1.4699324608083504,2.0251737118038253
109,2691204836,9.857082,-0.436111,0.532044,-4.673049,1.459175,1.348886,-0.677102,0.269994,0.637944,0.248313,9.905871811649943,-0.4801949854586375,0.48187327073404024,-5.067005476261989,1.4190980005577845,1.6030842558000364
110,2691221503,9.963975,-0.375245,0.452526,-4.81787,1.62492,1.767049,-0.676975,0.270324,0.637848,0.248547,9.9465673828588,-0.36726330466340856,0.45334138024973936,-4.933838797503322,1.574350739860429,1.8719054987636456
111,2691238170,9.97101,-0.24086,0.384577,-4.659641,1.848411,2.772133,-0.676914,0.270719,0.637697,0.248672,9.969967577087544,-0.30457383889484935,0.3689043806173129,-5.1813564747042875,1.826953337460631,2.7396928597722905
112,2691254837,9.981977,-0.340293,0.242982,-6.199453,2.023346,3.949344,-0.676852,0.271365,0.637427,0.248827,9.966515041635574,-0.3412013544932012,0.267344239691208,-5.468175496603697,2.0422141549807717,3.754326411813787
113,2691271504,9.917753,-0.507295,0.189348,-5.227745,2.15593,4.437138,-0.676856,0.27196,0.637158,0.248854,9.938729902504205,-0.45634976745302747,0.20117424766687322,-5.262244009565984,2.1380879546455525,4.407054412556876
114,2691288171,9.891505,-0.531534,0.204265,-4.292728,2.126809,4.450841,-0.676893,0.272469,0.636925,0.248795,9.89980393998687,-0.5781194856768784,0.20322801202780544,-4.340449139148317,2.110585631130161,4.441500087836242
115,2691304838,9.910762,-0.671595,0.27336,-3.483737,1.951848,4.015117,-0.676928,0.272869,0.636753,0.248702,9.867368383968117,-0.6365564003551861,0.2674453290954867,-3.044343805906971,2.0060792646580383,3.965044319769363
116,2691321505,9.819366,-0.662309,0.351764,-1.8754,1.873998,3.168938,-0.676991,0.27303,0.636682,0.248535,9.855382934576397,-0.611571254948414,0.3555013654890957,-2.0696416040037704,1.8712498439453824,3.316617346179189
117,2691338172,9.863736,-0.514007,0.427869,-1.051465,1.702329,2.672717,-0.677051,0.273073,0.636677,0.248337,9.866800113583393,-0.5425006196031209,0.4222802764073614,-1.93503001082783,1.7192383565490545,2.810951913607708
118,2691354839,9.89141,-0.442861,0.462047,-2.445693,1.559154,2.578322,-0.677042,0.273242,0.636642,0.248265,9.89090119663014,-0.49286650212033983,0.44261975215981253,-2.5585622921711595,1.53521982629462,2.5478362116370286
119,2691371506,9.923331,-0.449932,0.428108,-4.24277,1.3625,2.560022,-0.676942,0.273596,0.636561,0.248354,9.90951284509998,-0.4983902771330966,0.4226152142343266,-3.3308671156256318,1.3125735127189624,2.4096790920279556
120,2691388173,9.917219,-0.622771,0.347371,-4.250619,1.082604,2.339893,-0.676809,0.273936,0.636518,0.248451,9.909950633440966,-0.5425246035802809,0.3891277699105819,-3.6470935009985133,1.0843343038884306,2.2176285004350005
121,2691404840,9.884563,-0.607299,0.373642,-2.790209,0.862796,1.769985,-0.676693,0.274091,0.636571,0.248462,9.894630693716188,-0.5793092661760991,0.3666786967742427,-3.3976936802761992,0.917927333622047,1.8970789400694927
122,2691421507,9.890054,-0.566489,0.356331,-2.351553,0.857366,1.473262,-0.676583,0.274174,0.636652,0.248461,9.878558435557128,-0.5777305095138867,0.3608658459771373,-2.9570119647668007,0.8742409281676113,1.5212509356017905
123,2691438174,9.848242,-0.503561,0.395449,-2.841178,1.019776,1.239251,-0.67646,0.274278,0.636709,0.248536,9.876447971767027,-0.5444476764934737,0.3607696353405947,-2.748097437353061,0.9643072442772044,1.2267847794891669
124,2691454841,9.888662,-0.518788,0.348109,-3.233437,1.08432,1.089481,-0.676321,0.274408,0.63675,0.248667,9.890691639418739,-0.5096634677835481,0.3543437958268253,-2.869892125446849,1.1373934922942954,1.09664121261762
125,2691471508,9.934774,-0.501137,0.325273,-3.226573,1.323812,1.074805,-0.676204,0.274525,0.636769,0.248807,9.910805431845597,-0.4975797221401106,0.3398779404250524,-3.109321934046225,1.3073488563073496,1.1036393054849414
126,2691488175,9.935205,-0.494275,0.319452,-3.061832,1.459725,1.19466,-0.676111,0.274631,0.636776,0.248924,9.924135669542693,-0.5098980860928058,0.3241818211892037,-3.2146052894030355,1.398367691362189,1.140081257972185
127,2691504842,9.920245,-0.565985,0.31232,-3.311351,1.315129,1.136186,-0.675994,0.27476,0.636791,0.249062,9.926490905739556,-0.531146728192845,0.3134858799244531,-3.1081076907559764,1.3832043824114195,1.0974583877618036
128,2691521509,9.886572,-0.546557,0.318831,-2.533967,1.315142,0.904148,-0.675898,0.274793,0.636842,0.249153,9.922514479528346,-0.5446249291520311,0.30852492103293794,-2.877835007422605,1.2941853872157587,0.9373781413338744
129,2691538176,9.930836,-0.510593,0.312808,-2.55885,1.236613,0.688783,-0.675787,0.274808,0.636911,0.249262,9.918283248394498,-0.5432706102657382,0.30737762066365204,-2.633950346126559,1.2030969047333238,0.7105537671178367
130,2691554843,9.958883,-0.539498,0.308856,-2.602724,1.164949,0.562256,-0.675663,0.274821,0.636989,0.249386,9.916430686483164,-0.5293425207390621,0.3099432085650231,-2.4097348559542726,1.1806531944272005,0.5197560905070738
131,2691571510,9.884533,-0.512313,0.312793,-2.347609,1.189499,0.395902,-0.675546,0.274791,0.63708,0.249503,9.917362084808106,-0.5088267371721434,0.3172626444149115,-2.1913139121539076,1.254692245235359,0.45626062834277975
132,2691588177,9.910322,-0.490766,0.309497,-2.080007,1.39732,0.572015,-0.675464,0.274744,0.637155,0.249586,9.920899034372368,-0.4885857960660648,0.32656398328926445,-1.998308416695997,1.3908563492287525,0.5472947891593629
133,2691604844,9.936719,-0.48878,0.328491,-1.628558,1.556644,0.7569,-0.675423,0.274661,0.637223,0.249613,9.925020606634188,-0.4765014935967724,0.3296822177766724,-1.883918209664139,1.5134773326240976,0.7397942015776604
134,2691621511,9.928301,-0.467454,0.350151,-1.498868,1.618627,0.829474,-0.675394,0.274574,0.637285,0.249628,9.925664529694776,-0.4791942715181712,0.31997280800196387,-1.8439399107375762,1.5574457305122202,0.9277578507807702
135,2691638178,9.928374,-0.48872,0.315371,-2.03402,1.439799,1.117207,-0.675338,0.274572,0.637335,0.249655,9.920333855128654,-0.49576616058118683,0.3020384504288231,-1.772658043839799,1.5120029871126823,1.0119787103673663
136,2691654845,9.900571,-0.490711,0.271115,-1.873159,1.468677,1.015307,-0.675287,0.274547,0.63739,0.249682,9.911545975036873,-0.5140618848108427,0.29170798139754917,-1.5709723482335993,1.4205062512947308,0.9615987082084334
137,2691671512,9.903917,-0.545533,0.260306,-1.637356,1.237817,0.810264,-0.675217,0.274484,0.637486,0.249694,9.90545662012498,-0.517354973175682,0.302213534963605,-1.3058048386166177,1.339160580244382,0.835295578924302
138,2691688179,9.91449,-0.537487,0.349468,-0.635899,1.343073,0.674363,-0.675191,0.274307,0.637614,0.249632,9.906692152578733,-0.4992438272143974,0.32961890741880295,-1.2020457693961828,1.2933685224721425,0.7379661012803688
139,2691704846,9.903728,-0.457598,0.387786,-0.917011,1.267259,0.657228,-0.675147,0.274158,0.637739,0.249594,9.914308119691572,-0.4720350775584713,0.3544338654614325,-1.4187431707338773,1.2681707597754757,0.7405368425337233
140,2691721513,9.920713,-0.396888,0.356579,-2.13154,1.301964,0.891405,-0.675063,0.274158,0.637804,0.249657,9.922368036031804,-0.4565599998597143,0.3590260411308834,-1.8470617956394604,1.2343161826191023,0.8309448597330304
141,2691738180,9.941919,-0.468966,0.334182,-2.813427,1.141885,1.012694,-0.674944,0.274234,0.637858,0.249756,9.924685394320738,-0.46177800345021525,0.34247112816430747,-2.187076689630745,1.1791083798353543,0.9407979295476055
142,2691754847,9.921035,-0.51642,0.299986,-2.285396,1.060526,1.083833,-0.674843,0.274264,0.637938,0.249791,9.919809626526675,-0.476730568175292,0.3183996907122023,-2.2403173410274584,1.1127736582615366,1.0189038240316393
143,2691771514,9.890173,-0.49949,0.290466,-1.610655,1.060385,0.979705,-0.674764,0.274221,0.638046,0.249777,9.911735520223635,-0.48406000630249246,0.30108187106539536,-2.0893894758962777,1.0523457137468675,1.0767088308351207
144,2691788181,9.913704,-0.468203,0.328508,-1.780441,1.033107,1.115516,-0.67468,0.274209,0.638145,0.249766,9.905784975569148,-0.47855783196306456,0.2956640052099771,-1.974676471505163,1.0079688025192206,1.1635208379674062
145,2691804848,9.909622,-0.435596,0.313429,-2.050745,1.0657,1.295202,-0.674596,0.274236,0.638224,0.249761,9.904195411951605,-0.4696296039145108,0.29960250175250713,-2.0374852382290705,0.9846056475300231,1.3044372591997844
146,2691821515,9.901354,-0.460492,0.266825,-2.665872,0.864806,1.523552,-0.674477,0.274351,0.638292,0.249781,9.905714048781402,-0.4678865586827111,0.308257891109655,-2.2214615895755485,0.9859192168579041,1.467720688503125
147,2691838182,9.914412,-0.514132,0.325776,-2.44568,1.061371,1.654817,-0.674388,0.274455,0.638341,0.24978,9.908368128903177,-0.4741017687985038,0.3165205999157929,-2.3947811423512486,1.0058614868727058,1.589163611969496
148,2691854849,9.912723,-0.480162,0.319357,-2.232275,0.927673,1.529405,-0.674291,0.274532,0.638416,0.249769,9.911479387555309,-0.4820256742547899,0.3183335494449059,-2.5022285171153618,1.0184432866378041,1.620993789225373
149,2691871516,9.898293,-0.476545,0.327121,-2.439892,1.082578,1.608791,-0.674202,0.274631,0.638465,0.249775,9.915026789893258,-0.48773085200280974,0.3099098081808388,-2.57663795575718,0.9884327555332328,1.558341919065882
150,2691888183,9.929477,-0.489522,0.298098,-2.712346,0.956167,1.367993,-0.674081,0.274742,0.638524,0.249828,9.918163590122738,-0.49255933371182214,0.29476762312368704,-2.647689600700206,0.9029233416725125,1.4307221849008027
151,2691904850,9.922686,-0.486269,0.268898,-2.94053,0.715395,1.299556,-0.673932,0.274861,0.638609,0.249881,9.919526924791287,-0.49803024860424583,0.28276584471953686,-2.692323971641743,0.7926595284594145,1.2803422405849714
152,2691921517,9.924935,-0.520316,0.25766,-2.575152,0.737153,1.220426,-0.673793,0.274946,0.638704,0.24992,9.919083917505313,-0.5013737612265271,0.28144167188155084,-2.6765407446871703,0.7145367697370373,1.1490661792481898
153,2691938184,9.901868,-0.496163,0.31313,-2.463045,0.655576,1.003704,-0.673645,0.274999,0.638821,0.249962,9.91866650452845,-0.4977745787622391,0.28827870045403037,-2.613813932109522,0.7052474535392093,1.073683942542767
154,2691954851,9.921611,-0.479554,0.296015,-2.69475,0.704548,1.102723,-0.673493,0.275088,0.638918,0.250025,9.920094420234335,-0.4864406094577976,0.2927530885837818,-2.567123523647253,0.7487051674570688,1.0766828990305843
155,2691971518,9.93746,-0.481309,0.296652,-2.681176,0.931694,1.142743,-0.673364,0.275172,0.638992,0.250091,9.923313125545965,-0.4737438638226834,0.28608995430401973,-2.598906682745956,0.7900357246899291,1.1497868838854477
156,2691988185,9.920107,-0.47216,0.245405,-2.641271,0.723655,1.225971,-0.673221,0.275267,0.639084,0.250138,9.926713575532217,-0.47002042053125653,0.2684534955238817,-2.7098835248547464,0.7852591700029903,1.2443460730922546
157,2692004852,9.924753,-0.473243,0.242735,-2.574934,0.793116,1.255477,-0.673087,0.275357,0.63917,0.250179,9.928570643340594,-0.4817756986540601,0.24764589492786715,-2.8048786504693406,0.7412055317346178,1.2859657861158342
158,2692021519,9.925805,-0.50443,0.257148,-2.701513,0.640234,1.246231,-0.672928,0.275477,0.639262,0.25024,9.927803216932487,-0.5044513665581681,0.2329887897619541,-2.730178388326165,0.7094636234987332,1.2168060306809352
159,2692038186,9.931364,-0.500107,0.232162,-2.76402,0.69785,1.132843,-0.672774,0.275575,0.639356,0.250305,9.92434528171099,-0.5221112982633399,0.23029132055199578,-2.401945197317239,0.7421335762120255,1.0447445394435877
160,2692054853,9.920835,-0.547557,0.205295,-2.197198,0.934153,0.858288,-0.672656,0.275581,0.63946,0.250351,9.91980170828835,-0.5174690120675192,0.23920318194551637,-1.9408114148304343,0.8505769860077828,0.8586074781886324
161,2692071520,9.921009,-0.499523,0.272318,-1.365003,0.981126,0.720287,-0.672572,0.275487,0.639597,0.250329,9.917221979122994,-0.4872019274939907,0.25259624178897305,-1.6479758893184502,0.9994802547245953,0.7789342898454751
162,2692088187,9.89595,-0.446445,0.261993,-1.353439,1.120626,0.763598,-0.672501,0.275395,0.639717,0.250314,9.918891498969703,-0.44935088251719857,0.2597647912448376,-1.7662696555690283,1.1330661903818966,0.8651188429757175
163,2692104854,9.944228,-0.419532,0.262514,-2.158625,1.220567,1.043519,-0.672418,0.275405,0.639786,0.25035,9.92393485583344,-0.4325407645504233,0.25341727631948546,-2.215457105779188,1.208126776141036,1.0531657405755919
164,2692121521,9.923583,-0.425306,0.222569,-2.81618,1.188615,1.284637,-0.672313,0.275505,0.639824,0.250425,9.928749725944208,-0.45261531970177515,0.23515219382963345,-2.588321953400005,1.2145148212394603,1.1904359461649463
165,2692138188,9.938765,-0.495132,0.216869,-3.009697,1.247268,1.269845,-0.6722,0.275632,0.639846,0.250533,9.93020842969809,-0.49679117829706776,0.21415946002061662,-2.4703925507140965,1.1781420260263782,1.153059401208408
166,2692154855,9.911299,-0.575573,0.195872,-1.656348,1.090557,0.93131,-0.672121,0.275586,0.639951,0.250527,9.928261549196673,-0.5316152549859331,0.20036216349724612,-1.8086511159928986,1.1475245286823663,0.9495688267242239
167,2692171522,9.935656,-0.52822,0.203636,-0.739067,1.149876,0.581581,-0.672071,0.275417,0.640097,0.250474,9.92558707521074,-0.529588219291682,0.19797061589110004,-0.9779837224502713,1.1685624458805746,0.7185703255660301
168,2692188189,9.935812,-0.482583,0.198145,-0.245344,1.314437,0.599881,-0.672055,0.275199,0.640243,0.250383,9.925128114212828,-0.4911139526179785,0.2039438552372143,-0.47799686077548575,1.260297858032151,0.6227325149555931
169,2692204856,9.904966,-0.447149,0.213852,-0.512305,1.324977,0.795601,-0.672041,0.275012,0.640376,0.250285,9.927510824822061,-0.4426197159304509,0.21141538673651658,-0.5412905085711165,1.4075563121259607,0.7318947689605649
170,2692221523,9.933479,-0.37906,0.226418,-1.131339,1.653165,0.955411,-0.672037,0.274894,0.640446,0.250248,9.929996686659832,-0.41389427406752755,0.21500287105585406,-0.996764586069979,1.5756552411988853,0.986711387790376
171,2692238190,9.940208,-0.414843,0.1984,-1.752651,1.748099,1.281026,-0.672024,0.274875,0.640466,0.250252,9.928378705791527,-0.41568490858666035,0.21428384670249978,-1.4738645551933212,1.7350202810456885,1.256232356985537
172,2692254857,9.924328,-0.46717,0.219889,-1.867435,1.841329,1.513077,-0.672028,0.274875,0.640467,0.250237,9.921167649081749,-0.4363572737957737,0.21332789981657269,-1.7266197169525546,1.8748133451446904,1.4314307898429106
173,2692271524,9.910482,-0.487245,0.228534,-1.552104,1.988909,1.463746,-0.672054,0.27484,0.640466,0.25021,9.912018376983413,-0.4573249914821689,0.21701219036084632,-1.779963757638038,1.9942435615180656,1.4829846345582738
174,2692288191,9.884498,-0.412962,0.196743,-1.285271,2.043541,1.343085,-0.672091,0.274768,0.640472,0.250175,9.907087567892923,-0.46976516865235957,0.22694797484350784,-1.8036995110307559,2.0827462904455625,1.449115343811968
175,2692304858,9.928146,-0.496513,0.257813,-2.303171,2.158914,1.403903,-0.672105,0.274782,0.640434,0.250218,9.90968146236527,-0.47730401892540086,0.24010475816060864,-1.889974051587072,2.1133718804123345,1.3768055504355339
176,2692321525,9.926709,-0.482812,0.262346,-2.116505,2.076185,1.26731,-0.672113,0.274772,0.640415,0.250256,9.91763546443673,-0.48660367596126536,0.251430591663866,-1.9712090506242823,2.060586728845329,1.2752327298308312
177,2692338192,9.905336,-0.511809,0.250626,-1.934604,1.929347,1.164104,-0.67211,0.274743,0.640419,0.250286,9.925294452928334,-0.49842474151739113,0.25815109107844547,-1.924067440690303,1.9272902787437172,1.1221400267486894
178,2692354859,9.925141,-0.48865,0.253466,-1.38201,1.706658,0.937918,-0.672096,0.274657,0.640471,0.250287,9.927583185523277,-0.5065440672227132,0.26130848888440217,-1.7102341702843833,1.7554350280059838,0.9097073769725061
179,2692371526,9.955923,-0.504659,0.264807,-1.690477,1.676563,0.67307,-0.672057,0.274576,0.640525,0.25034,9.923456251891862,-0.5028718538777371,0.2631488568969053,-1.417087817667007,1.609406016902754,0.6800469213175788
180,2692388193,9.891586,-0.500563,0.272431,-1.274078,1.500091,0.507727,-0.672013,0.274445,0.640618,0.250364,9.916953269029301,-0.48426096068249747,0.2637762705011281,-1.1944045478636645,1.542459904507739,0.5128015686417587
181,2692404860,9.918416,-0.459335,0.251443,-0.860932,1.561664,0.381802,-0.671989,0.274253,0.640728,0.250356,9.914322570675614,-0.4567346423312728,0.2607080037181693,-1.1534528032588696,1.5661426121357649,0.4722447528406594
182,2692421527,9.913304,-0.413235,0.253871,-1.255919,1.577467,0.602635,-0.671962,0.274114,0.640816,0.250359,9.918466746729411,-0.4334120018597498,0.2513878642381341,-1.2903414521578531,1.6418260119201091,0.5583362210464998
183,2692438194,9.920599,-0.429373,0.236125,-1.783527,1.814307,0.737511,-0.67194,0.274028,0.640857,0.250405,9.925859836268055,-0.4262877401727718,0.23644330992709656,-1.4822045041190384,1.704787830200579,0.7037406033858201
184,2692454861,9.951308,-0.450636,0.233416,-1.496985,1.692161,0.809624,-0.671916,0.273941,0.640911,0.250428,9.92969895638794,-0.43772315778505333,0.22134878337592098,-1.5668056635354333,1.7098621525227773,0.8194045684577196
185,2692471528,9.921453,-0.44345,0.204673,-1.212966,1.680507,0.874373,-0.671915,0.273804,0.640985,0.250388,9.926472673035299,-0.4582484569309546,0.2145171346325493,-1.4511767814366574,1.6647576301175433,0.8521209226946496
186,2692488195,9.912222,-0.469521,0.220975,-1.381741,1.596638,0.77643,-0.671879,0.273723,0.641047,0.250417,9.919155622723293,-0.4723286017921904,0.22161139259178683,-1.1766023263127825,1.6206667085345,0.8128818239438755
187,2692504862,9.90839,-0.481611,0.228896,-1.123501,1.593142,0.82389,-0.671868,0.273585,0.641131,0.250381,9.913885357236268,-0.4686869106921908,0.23972663158661225,-0.906318105194452,1.6254706963441452,0.7608901978291593
188,2692521529,9.920368,-0.467047,0.25982,-0.587722,1.617359,0.686414,-0.671874,0.273385,0.641237,0.250313,9.913989994537085,-0.44885561600836155,0.257286009535319,-0.8350883623519075,1.6806599736362415,0.7574402853091662
189,2692538196,9.915675,-0.406976,0.284518,-0.826176,1.82048,0.8008,-0.671892,0.273215,0.641308,0.250267,9.917473408840841,-0.42694375001030804,0.2616994602334495,-1.0525171403517002,1.7428270521481601,0.8205960053287469
190,2692554863,9.923008,-0.40943,0.242073,-1.577525,1.87273,0.900741,-0.671893,0.273117,0.641346,0.250274,9.919756749987085,-0.4186127390184128,0.24920210604881546,-1.4535584758413755,1.7693297881094194,0.9128778257507182
191,2692571530,9.916766,-0.421975,0.214731,-1.888885,1.713048,1.059745,-0.671873,0.273068,0.641383,0.250287,9.918355772057758,-0.4273766158074334,0.22804595399702568,-1.797791010231525,1.760919994580877,0.9744613901011796
192,2692588197,9.922176,-0.440734,0.222947,-2.006409,1.674616,1.010876,-0.671832,0.273055,0.64141,0.250343,9.915071488723228,-0.44120869722254635,0.21200857595640435,-1.898621008031672,1.7538313973071287,0.977001882314843
193,2692604864,9.910691,-0.474633,0.197269,-2.019702,1.694223,0.905364,-0.671791,0.273026,0.641441,0.250403,9.913841585361581,-0.44388182339923193,0.21011605375442777,-1.7801486142896474,1.769989695064336,0.949330761193113
194,2692621531,9.893521,-0.439704,0.222054,-1.243637,1.882758,0.882108,-0.671798,0.27291,0.641485,0.250399,9.916307086993838,-0.43051096574608366,0.22120807523256553,-1.6474670072540367,1.7849251501663412,0.9488216958912188
195,2692638198,9.938615,-0.37753,0.246411,-1.354912,1.8443,0.998979,-0.671803,0.272814,0.641524,0.250389,9.91976796351621,-0.41159346003183883,0.2368648144589651,-1.6938608693612738,1.7531069549444478,1.005998387378156
196,2692654865,9.933825,-0.3889,0.265188,-2.281182,1.613068,1.133163,-0.671763,0.272807,0.641557,0.25042,9.920241244092551,-0.4016913215054789,0.24883855531645138,-1.9387164520662976,1.6613429815559266,1.09745420193184
197,2692671532,9.910105,-0.415996,0.228046,-2.59084,1.48676,1.241582,-0.671693,0.272873,0.641574,0.250493,9.917288207867854,-0.40557232799204496,0.25375007238832614,-2.2540585276146934,1.548893697699814,1.1714574061221301
198,2692688199,9.897153,-0.442285,0.24747,-2.473816,1.484211,1.152693,-0.671623,0.27292,0.641599,0.250565,9.91454782605253,-0.4163976319669174,0.2516976530392633,-2.5188003528732335,1.474620507922529,1.1964248734715108
199,2692704866,9.922915,-0.427361,0.253683,-2.279197,1.459111,1.190664,-0.671561,0.27295,0.641634,0.250611,9.915324665572488,-0.42532008408440414,0.24287017769322328,-2.705737560355791,1.4692972407254978,1.1841474543397645
200,2692721533,9.919673,-0.399261,0.229803,-2.79441,1.572806,1.109382,-0.671477,0.273041,0.641632,0.25074,9.919026876553662,-0.4294464289485148,0.22800132128520142,-2.828077815293366,1.5179291349943644,1.1719067332550872
201,2692738200,9.939388,-0.432993,0.222085,-3.147698,1.563201,1.202395,-0.671398,0.273133,0.641632,0.25085,9.922528785019445,-0.43044693508426723,0.21193491837430395,-2.8676019396215398,1.5784442721454877,1.1893576258224463
202,2692754867,9.906741,-0.439665,0.197103,-2.908475,1.582,1.330714,-0.671331,0.273225,0.641629,0.250938,9.923735907278335,-0.42935707625787045,0.20377072057069764,-2.8028716330706342,1.6120319035918498,1.2428307724260625
203,2692771534,9.915727,-0.435264,0.198994,-2.64227,1.604719,1.262841,-0.671272,0.273288,0.641635,0.251013,9.922764091334933,-0.42584201316313375,0.21028496348343897,-2.685681650850576,1.6028366942395695,1.322015667124537
204,2692788201,9.932914,-0.410364,0.218234,-2.474097,1.628039,1.409179,-0.671227,0.273349,0.641638,0.25106,9.920633292443572,-0.4214568488161564,0.22803080267044082,-2.6357745431187367,1.561766723304507,1.410241897330879
205,2692804868,9.927676,-0.428993,0.257083,-2.599343,1.478986,1.464822,-0.671177,0.273401,0.641662,0.251075,9.918355847422358,-0.420550054468109,0.2432343978374955,-2.735243944923443,1.5165677176251773,1.4863475409778997
206,2692821535,9.894982,-0.405221,0.261965,-3.126248,1.446394,1.548397,-0.6711,0.273531,0.641659,0.251148,9.917054217716162,-0.4264635064977572,0.24191868091670374,-2.9376447441287157,1.491843473517252,1.5264427101237787
207,2692838202,9.931157,-0.454869,0.203773,-3.231184,1.464221,1.529533,-0.671011,0.273688,0.641643,0.251253,9.917597148304692,-0.43724451894743765,0.2219095919688303,-3.0921429952652906,1.491591131159103,1.5160671188935924
208,2692854869,9.911635,-0.448836,0.196964,-2.815015,1.628936,1.473697,-0.67096,0.273775,0.641636,0.251312,9.919840895966493,-0.44572791686367874,0.19555696156831942,-3.0590171949983573,1.5013626413304744,1.4664331606900414
209,2692871536,9.93253,-0.423806,0.183666,-2.835659,1.458112,1.392108,-0.670888,0.273866,0.641647,0.251378,9.922939546387699,-0.44424084578532974,0.1805282174030614,-2.817068115136383,1.5090873525849786,1.4177284190605395
210,2692888203,9.929398,-0.452123,0.173108,-2.806524,1.491011,1.455038,-0.670818,0.27397,0.641649,0.251448,9.926419674665453,-0.4303948667986913,0.1864402055954869,-2.4911664067038126,1.5208291248269699,1.4211246428935678
211,2692904870,9.912461,-0.4047,0.209576,-2.1868,1.567504,1.467512,-0.67078,0.274011,0.641665,0.251461,9.930237698802296,-0.41007851016062413,0.2077237332201333,-2.282929501046892,1.5540525772993417,1.5086858364374682
212,2692921537,9.941609,-0.406841,0.234492,-2.009214,1.575226,1.65565,-0.670757,0.274053,0.64168,0.25144,9.933764793529997,-0.3949864253183018,0.2277952098760727,-2.3309572546672928,1.6189337875482002,1.6711575379335306
213,2692938204,9.943283,-0.372394,0.238699,-2.467335,1.821056,1.884474,-0.670746,0.274156,0.641643,0.251452,9.935664364841434,-0.39466746418790444,0.23135070550148606,-2.590934377510228,1.7090831971171867,1.861028800042038
214,2692954871,9.935836,-0.394239,0.218337,-3.197182,1.708694,2.026842,-0.670707,0.274329,0.641592,0.251497,9.935242821321083,-0.40828264923610913,0.21554377540641392,-2.85731508715404,1.8069099992429554,2.022507893547915
215,2692971538,9.92322,-0.444168,0.182639,-3.25549,1.905796,2.174038,-0.670688,0.274518,0.641513,0.251544,9.93321500135878,-0.42445113919238314,0.1915276922264172,-2.939601082714088,1.8934488029063175,2.128319656802841
216,2692988205,9.927132,-0.451854,0.164603,-2.601457,1.988807,2.195284,-0.67069,0.274677,0.641434,0.251566,9.930631823965061,-0.4315639041630307,0.17566071607435754,-2.8299618644200546,1.9553247551239177,2.192899443854375
217,2693004872,9.941688,-0.434503,0.189091,-2.409797,1.996709,2.171656,-0.67071,0.274787,0.641373,0.251546,9.927773574303906,-0.4291035086803666,0.1779198378460923,-2.686025636752966,1.988926459465013,2.2479922618481405
218,2693021539,9.921924,-0.385173,0.201214,-2.542356,1.956548,2.250339,-0.670723,0.274923,0.641307,0.251532,9.924803462081643,-0.4274643295124885,0.1960947515799678,-2.654841353151176,2.0005783508406036,2.3018682280550293
219,2693038206,9.914498,-0.43484,0.205342,-3.093425,2.032054,2.428872,-0.670731,0.275118,0.64121,0.251547,9.922939098713304,-0.4362030221567249,0.21836934312190892,-2.7361193956433967,2.0007049097425256,2.3234095982793805
220,2693054873,9.933928,-0.478965,0.232028,-2.933627,1.956957,2.285389,-0.670737,0.275275,0.641136,0.251545,9.923933406369516,-0.45419199697323354,0.2311872732491801,-2.812016846781897,1.9967836101424934,2.26963766398881
221,2693071540,9.924938,-0.487409,0.237966,-2.550308,2.034769,2.095932,-0.670751,0.275393,0.641069,0.251549,9.92799990273533,-0.4719245743175654,0.22784537784767372,-2.770316014773995,1.9926895608928983,2.129421398744911
222,2693088207,9.919283,-0.457706,0.230864,-2.368662,2.009989,1.953487,-0.670772,0.275465,0.641023,0.251533,9.932413660880323,-0.4810554652271936,0.21324128591317454,-2.5807840777318685,1.9932147495927155,1.9394190732573828
223,2693104874,9.944124,-0.468839,0.174085,-2.558261,1.986131,1.719221,-0.670764,0.275559,0.640971,0.251582,9.932769328711842,-0.47999354767256064,0.20063493891942608,-2.291725951168859,2.0037956185456367,1.758449702497603
224,2693121541,9.937016,-0.487201,0.193079,-2.188272,1.968407,1.635646,-0.670774,0.275593,0.640945,0.251586,9.92660882894061,-0.47270602171530596,0.20110755879287914,-2.0000942344131647,2.021193849274888,1.6256519798167557
225,2693138208,9.912074,-0.483891,0.220204,-1.610386,2.033258,1.53682,-0.670806,0.275566,0.640935,0.251555,9.916188748435053,-0.4654803758664267,0.2141568728053562,-1.8130260190906626,2.026648665081269,1.5373075981658362
226,2693154875,9.887909,-0.451152,0.235981,-1.508831,2.068258,1.456741,-0.670845,0.275514,0.640932,0.251517,9.907083322469317,-0.46378529167780425,0.22871716061352962,-1.7850912718366045,1.9964717258346423,1.4577084867796475
227,2693171542,9.908628,-0.436243,0.247404,-1.959026,1.91649,1.371323,-0.670847,0.275505,0.640929,0.251527,9.903816425206962,-0.4681157336495952,0.23397554783409702,-1.8734157978088806,1.9251595617646622,1.3534195970942604
228,2693188209,9.935025,-0.491582,0.223168,-2.348134,1.830008,1.254657,-0.670819,0.275536,0.640921,0.251589,9.907187918158408,-0.47174421100134206,0.22910855927422102,-1.9835439785219693,1.8361824109587968,1.2250170715731166
229,2693204876,9.89152,-0.484261,0.212123,-2.132501,1.681916,1.086292,-0.670777,0.275539,0.640941,0.251645,9.915054973929095,-0.465697589078012,0.22237649254026387,-2.07763788483736,1.7658821059941103,1.1124100367256722
230,2693221543,9.916246,-0.454809,0.210178,-1.877488,1.783918,1.049256,-0.670756,0.275505,0.640964,0.251681,9.923999757329463,-0.4484442006767655,0.2213708067115818,-2.2130185260822177,1.7368931917221908,1.0682445945695267
231,2693238210,9.939054,-0.403373,0.233872,-2.29413,1.801617,1.101007,-0.670723,0.275513,0.640969,0.251748,9.930413061398157,-0.4295925215029722,0.22515677594298167,-2.449838103486539,1.7484985296800617,1.1183991998883214
232,2693254877,9.953128,-0.421452,0.239414,-2.963735,1.777246,1.259985,-0.670656,0.27563,0.640934,0.251888,9.932161548809683,-0.42207802148347445,0.22627778100698076,-2.737112631036199,1.7881337555125523,1.2402192111657582
233,2693271544,9.911364,-0.435962,0.219334,-2.973545,1.7722,1.380633,-0.670602,0.275735,0.640903,0.251994,9.930097327246258,-0.4303780217318265,0.21962180622191435,-2.922837775112041,1.8445025996717854,1.376015466794363
234,2693288211,9.914595,-0.4513,0.202087,-2.882556,1.947315,1.468434,-0.670574,0.275826,0.640859,0.252083,9.926778928827094,-0.4464503080434982,0.20821368805315876,-2.888574363565536,1.9095344380193187,1.4721062195846244
235,2693304878,9.932616,-0.444283,0.194597,-2.673953,1.989921,1.547154,-0.670559,0.275907,0.640813,0.25215,9.923481838818104,-0.45663943244946537,0.20013362775136048,-2.6720216237758936,1.9764657965913461,1.5149399589309311
236,2693321545,9.931895,-0.475437,0.203307,-2.55497,2.08359,1.559445,-0.670557,0.275975,0.640762,0.252211,9.919895883087536,-0.4529986564695757,0.20035769835333875,-2.4575958123938375,2.041450669802328,1.53749198414969
237,2693338212,9.912146,-0.431584,0.196037,-2.310637,2.038739,1.535283,-0.670562,0.276017,0.640725,0.252247,9.91700261618771,-0.4398581040807103,0.20594909325212984,-2.433846523733247,2.102212554533615,1.5886791961202436
238,2693354879,9.922863,-0.440688,0.22392,-2.420182,2.121532,1.615643,-0.670573,0.276072,0.640674,0.252286,9.918191285594595,-0.43031847439471643,0.2091932719313199,-2.625508174613735,2.14923517903059,1.6871406107327553
239,2693371546,9.902173,-0.400423,0.207102,-2.689744,2.181696,1.837039,-0.670589,0.276165,0.640601,0.252325,9.925632566113656,-0.4348211035591988,0.2056403520619762,-2.846002204946921,2.1620223685963285,1.7994867809567503
240,2693388213,9.947487,-0.450642,0.207642,-3.414122,2.185833,1.956138,-0.670571,0.276366,0.640485,0.252447,9.935894133406713,-0.45147040812552125,0.1992409595393531,-2.8428774943107706,2.1237117361882403,1.8669737005665785
241,2693404880,9.948252,-0.498856,0.179478,-2.706904,2.047755,1.884563,-0.670566,0.276498,0.640411,0.252506,9.940958976227007,-0.4680012285246564,0.19898778421506136,-2.5328181377945658,2.0429393633826045,1.8571151119594247
242,2693421547,9.93736,-0.48736,0.20281,-1.799792,1.899201,1.70991,-0.670585,0.276508,0.640401,0.252468,9.934925341358522,-0.4742618128615727,0.2096493882676748,-2.09696189760068,1.9552498816824486,1.7873078165152905
243,2693438214,9.914866,-0.454613,0.230632,-1.365298,1.881708,1.615246,-0.67061,0.276485,0.640406,0.252417,9.919955857459541,-0.47190220134171645,0.22587122500046342,-1.8175102166520416,1.895488872336116,1.6971518338000267
244,2693454881,9.90603,-0.449615,0.256155,-1.861326,1.86584,1.68043,-0.670617,0.276513,0.640392,0.2524,9.905513709370053,-0.4704000877388718,0.23620172396384673,-1.8138581166345469,1.867153029522211,1.6045162134084006
245,2693471548,9.898011,-0.467842,0.231625,-2.462853,1.853982,1.502204,-0.670597,0.276572,0.64037,0.252444,9.901465245501916,-0.47462189596378146,0.23325431185248352,-1.955220125415198,1.8415741471424598,1.4967684971536186
246,2693488215,9.910654,-0.516826,0.198221,-2.065088,1.849077,1.391481,-0.670609,0.27653,0.64039,0.252409,9.910838725824163,-0.47887317397094453,0.21980903551996095,-2.024179708242457,1.7897565058991753,1.3648052637630812
247,2693504882,9.922042,-0.467779,0.225754,-1.595313,1.698935,1.242632,-0.670595,0.276498,0.64042,0.252405,9.927763888330276,-0.47362862454841026,0.20549647185795647,-1.9321828986572809,1.7160992504032877,1.2390285567678676
248,2693521549,9.954054,-0.431477,0.184103,-1.841374,1.616949,1.1723,-0.670566,0.276476,0.640456,0.252415,9.94188247084261,-0.45632917122581285,0.1982907894733515,-1.7705984482779558,1.661282297251911,1.1856187308289967
249,2693538216,9.952331,-0.455872,0.194701,-1.773193,1.675218,1.237356,-0.670546,0.276453,0.640486,0.252418,9.945641718460774,-0.435120956842026,0.19878088921820647,-1.6888232180330336,1.6719100000126357,1.2610963102713983
250,2693554883,9.921932,-0.431783,0.210063,-1.677427,1.764593,1.40996,-0.670545,0.276434,0.640503,0.252398,9.938745636181181,-0.4233107597735059,0.2014926164437502,-1.7443716474279194,1.76497305945781,1.4620724250069008
251,2693571550,9.927791,-0.409773,0.212847,-1.611679,1.928566,1.740197,-0.670573,0.276434,0.640493,0.252348,9.926838666269893,-0.4294711393825049,0.20135192997426288,-1.8501715682442517,1.9159681993847344,1.7147619425768494
252,2693588217,9.929604,-0.431064,0.195617,-2.031817,2.108866,1.974374,-0.670615,0.276476,0.640447,0.252307,9.916726170593535,-0.44989758954593373,0.19898166511675505,-1.8512811026338325,2.0748704260282023,1.919275071824419
253,2693604884,9.899896,-0.487678,0.186429,-2.070774,2.122825,2.064646,-0.670658,0.276537,0.640391,0.252268,9.912415301413743,-0.46992109512328745,0.19944598323084733,-1.6729607185801085,2.193022934653207,2.016723789035705
254,2693621551,9.919238,-0.500952,0.197566,-1.310256,2.286144,1.993942,-0.670742,0.276515,0.640349,0.252176,9.913933281641624,-0.4754868241257786,0.2058682341518242,-1.4097954432751574,2.2437319428496822,2.022819987975755
255,2693638218,9.909556,-0.476109,0.236122,-0.692119,2.264656,1.911265,-0.670847,0.276424,0.640335,0.252032,9.918511598493644,-0.46565201701464165,0.21525739784789275,-1.2507735974995795,2.230380129855309,1.998842790050773
256,2693654885,9.943882,-0.395515,0.211543,-1.404127,2.110057,1.951194,-0.670905,0.276424,0.640304,0.251957,9.923061767516847,-0.4528373315522416,0.22137228544840998,-1.299171265643316,2.182232128425875,1.9895558466111452
257,2693671552,9.915424,-0.46547,0.231304,-1.784898,2.172578,2.112978,-0.67097,0.276447,0.640257,0.251876,9.926198542127974,-0.4500238797705484,0.221272629190143,-1.4788950727011922,2.139749097230486,1.9880300868305807
258,2693688219,9.914243,-0.47016,0.221856,-1.686545,2.176766,1.954819,-0.671028,0.276462,0.640214,0.251818,9.928103844738104,-0.4590967562325587,0.21817340268899973,-1.6269802096251333,2.1348483167391876,1.9549482142527066
259,2693704886,9.944396,-0.484325,0.193292,-1.619222,2.103744,1.820468,-0.671073,0.276469,0.640181,0.251773,9.928900759545936,-0.4721651376354836,0.2175561729432265,-1.6565008753051047,2.174450460507895,1.8627743398407712
260,2693721553,9.928553,-0.482462,0.220359,-1.418432,2.230911,1.712023,-0.671135,0.276438,0.640149,0.251721,9.928060442631926,-0.481421714730364,0.2210282180710788,-1.6118114063209448,2.235277379665682,1.7189779043327638
261,2693738220,9.921257,-0.463749,0.25297,-1.555062,2.317686,1.578351,-0.6712,0.276395,0.640114,0.251688,9.92549125424252,-0.48486563883037964,0.22496349470113983,-1.5858254531243048,2.2761259211078833,1.556296261073928
262,2693754887,9.91875,-0.479397,0.215557,-1.737232,2.276271,1.354419,-0.671235,0.276373,0.640074,0.251716,9.92233057143103,-0.4836136109972505,0.22527723259538956,-1.6177665004966393,2.2655684184093277,1.4118416367768676
263,2693771554,9.931109,-0.494408,0.220031,-1.717549,2.194733,1.389496,-0.671285,0.276305,0.640064,0.251684,9.920147634238795,-0.4776974392068402,0.22224850952623215,-1.6760182344682317,2.2077928146341077,1.3165740899060214
264,2693788221,9.906041,-0.472815,0.209207,-1.711658,2.145967,1.281307,-0.671313,0.276263,0.640048,0.251696,9.919556322915163,-0.46686158309002057,0.21974729362830997,-1.7140215420441542,2.144638945354885,1.295648145770711
265,2693804888,9.923308,-0.443761,0.230439,-1.667604,2.150052,1.382503,-0.671341,0.276241,0.640024,0.251708,9.919794638583411,-0.4541522435198038,0.22065592074201568,-1.7197318131284622,2.1281745397324703,1.3655977707688574
266,2693821555,9.927928,-0.445073,0.220875,-1.689926,2.127858,1.461826,-0.671376,0.276212,0.640004,0.251696,9.919690453906327,-0.44611536116144535,0.22440101118720385,-1.7137823966562113,2.1810948827875274,1.5197753472538476
267,2693838222,9.919571,-0.447811,0.228985,-1.730253,2.220781,1.706376,-0.671431,0.276195,0.639969,0.251658,9.91889913065423,-0.4483149496626695,0.2289379327813762,-1.7179329335257676,2.273971521742085,1.713314168171258
268,2693854889,9.906988,-0.466835,0.251272,-1.792428,2.447876,1.910829,-0.671507,0.276207,0.639896,0.251626,9.917757019194827,-0.46053437353589494,0.23404769704144368,-1.7355555874942583,2.3410324996176164,1.870615028374223
269,2693871556,9.909542,-0.467148,0.222233,-1.699953,2.328316,1.887816,-0.671574,0.276217,0.639837,0.251588,9.915954934753362,-0.4758780282392817,0.24163295583101316,-1.757674883707601,2.3283957036620535,1.923924405853467
270,2693888223,9.931733,-0.481208,0.246827,-1.797217,2.23944,1.945637,-0.671626,0.276254,0.639777,0.251559,9.912495994822217,-0.48448919562714693,0.2524349725403209,-1.778883492389155,2.2372749627892228,1.8612947859540607
271,2693904890,9.902705,-0.49699,0.269994,-1.838134,2.101272,1.74929,-0.671662,0.276271,0.639742,0.251535,9.907867054890204,-0.4798714242137491,0.26324128846756173,-1.8054499320917115,2.123220596998573,1.7451867185053578
272,2693921557,9.910873,-0.458013,0.280395,-1.807783,2.019465,1.604719,-0.671687,0.276271,0.639723,0.251517,9.905313608671335,-0.4640308543193794,0.2686498432174284,-1.851298332116812,2.0499398847557444,1.6780800499959816
273,2693938224,9.892906,-0.450969,0.261045,-1.904906,2.023666,1.710256,-0.671718,0.276275,0.639702,0.251481,9.908086841315875,-0.447164649704848,0.2659435681322871,-1.9276303862991637,2.0373966939455443,1.7323568636481155
274,2693954891,9.9095,-0.431441,0.252079,-2.082005,2.029531,1.858003,-0.671749,0.276308,0.639669,0.251447,9.914954153457282,-0.4408789135855771,0.25746425986826044,-2.03437646588171,2.0494178619480237,1.8969573500344
275,2693971558,9.928267,-0.428865,0.253051,-2.1163,2.147695,2.196795,-0.671795,0.27639,0.639602,0.251405,9.919990298903379,-0.4500045621853664,0.24778855738186317,-2.1546893445888187,2.0320787797775424,2.085735920137542
276,2693988225,9.940492,-0.50254,0.22025,-2.513131,1.944356,2.208423,-0.671807,0.276517,0.63954,0.25139,9.91849361885836,-0.4704711323352935,0.23922284375638653,-2.240352838852371,1.9694315825323407,2.2002926725448844
277,2694004892,9.904192,-0.503743,0.246438,-1.850466,1.86219,2.207181,-0.67184,0.276577,0.639513,0.251304,9.912789353400111,-0.4947571550774353,0.2309745820247338,-2.1811672310760377,1.9060292708903555,2.1919897272093833
278,2694021559,9.892145,-0.51032,0.237407,-1.494283,1.975962,1.976244,-0.671889,0.276578,0.639497,0.251214,9.91037493487394,-0.5177459833262303,0.2227625211519786,-1.796593996626246,1.9140432476161848,2.0748799392397954
279,2694038226,9.909431,-0.502091,0.213681,-1.110925,1.945534,1.858259,-0.671942,0.276542,0.639498,0.251109,9.915838982545836,-0.5360785525492416,0.217628885952246,-0.9226821065784897,2.0334503396325085,1.8961490750041996
280,2694054893,9.926666,-0.534758,0.187054,-0.323245,1.980944,1.811106,-0.672034,0.276409,0.639532,0.250922,9.92652601981237,-0.5444019123376247,0.21873030033779578,0.41525219200240104,2.2426024345988727,1.7118159411079021
281,2694071560,9.989056,-0.624816,0.269447,1.53682,3.108146,1.618332,-0.672296,0.276042,0.639529,0.250633,9.937662657333464,-0.536906328091953,0.222567488017286,1.925962215928869,2.493267791167759,1.5972311619511559
282,2694088227,9.923573,-0.477612,0.126392,4.966041,2.55577,1.611148,-0.672651,0.275342,0.639711,0.249985,9.949689010750275,-0.5126385752365562,0.21817276866497654,3.249525158168676,2.7767093197258537,1.6699601776533455
283,2694104894,9.937617,-0.437272,0.275625,4.845545,2.857257,2.15082,-0.67304,0.274711,0.63983,0.249327,9.966625768008884,-0.4743890894059977,0.19822012605096723,4.2721177005161355,3.1442787054989463,2.0801274097142786
284,2694121561,9.984395,-0.355589,0.253048,3.597926,3.760079,2.929574,-0.673492,0.27424,0.639784,0.248744,9.98672841144437,-0.4220183245406316,0.1735837561616056,5.12941725758603,3.657509010876246,2.9513843499566597
285,2694138228,10.019848,-0.458258,0.075049,3.911079,4.579929,4.25548,-0.674079,0.273835,0.639614,0.248036,9.99901267338833,-0.3556792984601517,0.17171584278642132,5.802085105077825,4.329603593562974,4.300953682825509
286,2694154895,10.018744,-0.403191,0.135975,7.439795,5.005793,5.893928,-0.674883,0.273276,0.63944,0.246913,9.992902339022834,-0.29101006919233513,0.21165115639595633,5.850906223089121,5.116396011831092,5.995911207805605
287,2694171562,9.945688,-0.133624,0.339335,7.480443,5.700795,7.792138,-0.675817,0.272869,0.639119,0.245633,9.970659095238428,-0.26014440387656673,0.2796984125212366,4.789322963233036,5.943214500695172,7.798977274145663
288,2694188229,9.952229,-0.140412,0.390741,1.211334,6.901197,9.735884,-0.676702,0.273162,0.638401,0.244736,9.947165825746055,-0.2812378392263081,0.3381264731821697,2.699149500837212,6.738314417904581,9.505570423712042
289,2694204896,9.929904,-0.411414,0.384005,-1.775384,7.605163,11.225393,-0.677581,0.273873,0.637442,0.244009,9.935716930299295,-0.32767032363835447,0.36258049837555184,0.22233917521300894,7.474769139797899,11.089935997657953
290,2694221563,9.904525,-0.511968,0.30668,-1.719881,8.220397,12.532784,-0.678571,0.274657,0.636378,0.243153,9.93475110857693,-0.3430945911535309,0.3665089035933457,-2.169681760266315,8.206330825094062,12.74297644187805
291,2694238230,9.927564,-0.248513,0.388822,-3.604517,8.82021,14.422046,-0.679605,0.27578,0.63511,0.242307,9.93181495446542,-0.2928766443759832,0.38342773460006885,-4.761782493574564,9.04621070242741,14.771966029153214
292,2694254897,9.995703,-0.104149,0.413122,-8.205336,10.208578,17.519941,-0.680687,0.277594,0.633415,0.241635,9.925103646653053,-0.19219644825030305,0.42434727486125495,-8.35978418254201,10.073013056079335,17.473628730114065
293,2694271564,9.974193,0.086055,0.439047,-13.763933,11.265221,21.663546,-0.681782,0.280299,0.631245,0.241104,9.94060044321601,-0.08530233316128619,0.45373517541771813,-13.525657865452862,11.227180495305422,21.100596502312666
294,2694288231,9.961601,-0.233433,0.370615,-21.297285,11.950933,26.152407,-0.682777,0.284134,0.628549,0.240843,10.016406484109321,-0.019072944720983573,0.4115350616309283,-19.9825338152549,12.28485894308087,25.86419409076279
295,2694304898,10.092309,-0.250157,0.403835,-25.63047,13.213542,31.244867,-0.683867,0.288813,0.625347,0.240519,10.153714740311749,-0.049473334237145145,0.2701674914208451,-26.4769938425003,12.945872981706607,31.78666025654453
296,2694321565,10.225425,0.0764,0.135496,-28.964025,13.323962,37.774582,-0.685029,0.294402,0.621718,0.239843,10.278553371909087,-0.2490715642207882,0.0811255937793349,-31.022936297409057,12.994533252594866,38.385358916027236
297,2694338232,10.343674,-0.792803,-0.196442,-33.33992,11.97107,44.647434,-0.686085,0.301079,0.617742,0.238806,10.26830363138629,-0.6642143069641202,-0.03713746225633237,-31.56553241564088,12.43198245939484,44.50343007979315
298,2694354899,10.148106,-1.116726,-0.026944,-27.137644,11.458402,49.001904,-0.687474,0.307529,0.613803,0.236741,10.044376754145857,-1.241897548731438,0.026872603436315638,-27.110105056773726,11.494190389295888,48.65130237381793
299,2694371566,9.646232,-1.888255,0.408573,-20.804459,10.724544,50.174057,-0.689079,0.313455,0.610066,0.233945,9.659415250381715,-1.807586329749695,0.29853730411007173,-18.808274049762616,10.560825696105777,49.8159467617645
300,2694388233,9.343838,-2.120277,0.715046,-8.167975,10.455499,48.3367,-0.691134,0.317944,0.606839,0.230189,9.291569698684842,-2.1421277377327788,0.6953436308342131,-10.01586110897863,10.01061365862893,48.20588473486832
301,2694404900,8.893764,-2.131079,1.075327,-4.626252,9.740807,45.381004,-0.693161,0.321826,0.60391,0.226372,9.129984336356143,-2.119766670601481,1.0698278430721317,-4.811476437401119,10.040332621539028,45.33000750817544
302,2694421567,9.196081,-2.044269,1.041676,-5.968773,9.694557,42.937584,-0.695014,0.325617,0.60103,0.222908,9.237381887930178,-1.812160501264001,1.279931293772724,-5.66293217495571,10.478917812915942,43.243783987627346
303,2694438234,9.646898,-1.315085,1.551854,-9.999768,11.055615,42.469547,-0.696752,0.329718,0.597881,0.2199,9.508121684700365,-1.4710493001053921,1.2549491502913497,-11.739483043623522,10.751715995839518,43.397442313567595
304,2694454901,9.958557,-1.30316,1.101581,-19.003002,10.924612,45.975727,-0.698127,0.335026,0.594264,0.217305,9.757405996670078,-1.3762878348289296,1.0362602566882722,-19.1148454078915,10.155063498506363,45.84855613347676
305,2694471568,9.754031,-1.444992,0.509719,-24.542742,8.101033,49.983006,-0.699077,0.341313,0.59053,0.214631,9.853974026233017,-1.644595080650889,0.7624011839528682,-23.001039368683408,8.333368776874037,49.38368567093472
306,2694488235,9.53279,-2.252175,0.653254,-22.790621,5.348284,53.472706,-0.699941,0.347785,0.58692,0.211302,9.780216905762206,-2.1500944825626584,0.5866770139004619,-20.783683660497665,5.585715728299714,52.42387374368255
307,2694504902,9.702121,-2.927911,0.587489,-14.653374,3.139042,53.067585,-0.70097,0.353441,0.583769,0.207195,9.599712849258056,-2.6303520507992997,0.5770884516668658,-13.780077845984312,2.725158937199362,53.997390137065146
308,2694521569,9.572712,-2.878768,0.630112,-4.001909,-0.043555,53.460205,-0.702249,0.358119,0.581207,0.201966,9.402585966811193,-2.8882393561766704,0.6772644452479484,-6.225031244723432,0.5842241376105167,54.10937259781758
309,2694538236,9.32306,-2.66371,0.775514,2.61185,-0.637007,54.119011,-0.7038,0.362174,0.578832,0.196069,9.274507509803183,-2.915435756996902,0.7582325743087617,-2.0828125649862246,-0.46988314697903893,53.441452217927214
310,2694554903,8.997376,-2.841997,0.915582,-4.1859,-0.346415,53.252274,-0.704952,0.366823,0.576247,0.190838,9.266054263950515,-2.853232827806719,0.7177044365475932,-2.272370222131529,-0.6697084061498436,52.789135502695004
311,2694571570,9.325562,-2.98539,0.347111,-9.396829,-0.302681,51.798409,-0.70575,0.371862,0.573556,0.186184,9.351160369514933,-2.862721575647045,0.551731802383287,-4.623694419179199,-0.5547458175132371,52.595883094842485
312,2694588237,9.490943,-3.120596,0.394496,-5.455942,-0.29524,52.574932,-0.706743,0.376541,0.570899,0.181111,9.427252963285863,-3.0240389199940485,0.34958992226285507,-6.287309228095706,-0.5027646858540344,52.71040684588152
313,2694604904,9.673223,-3.046859,0.259203,-3.645888,-0.711669,52.345097,-0.707756,0.381004,0.568313,0.175879,9.394102844866522,-3.3116422047009544,0.22308315454842795,-6.104367928556009,-0.4701626918814583,52.44986834437394
314,2694621571,9.193237,-3.649138,0.184919,-5.401026,-0.521287,51.777004,-0.708635,0.385576,0.565662,0.170851,9.246889874799985,-3.628501554833819,0.22707438817486494,-4.970403889980226,-0.1242117143328792,51.017906050546685
315,2694638238,8.823827,-4.08996,0.1767,-5.435291,1.011691,48.37262,-0.709516,0.389814,0.563016,0.166254,9.078039459434267,-3.875969021418179,0.32696975229940206,-4.471829897513096,0.8000051636542629,48.064953132894416
316,2694654905,8.855349,-4.218451,0.647299,-3.800079,2.185233,43.939808,-0.710449,0.393476,0.560515,0.162041,8.981509154028881,-4.023093251581609,0.433950380749076,-5.351282159854055,2.2422509357357847,43.94913461696983
317,2694671572,9.282481,-3.576944,0.56678,-7.383129,4.131471,37.702969,-0.711164,0.39694,0.558068,0.15887,8.97009356739458,-4.116142586809728,0.48106763509884176,-6.922765379086371,3.8321549123132432,39.458828647848065
318,2694688239,9.063712,-4.396376,0.327003,-7.791614,4.930795,36.276913,-0.711869,0.400301,0.555595,0.155922,8.991474250477049,-4.213704383195994,0.47610056135146217,-7.615190588361257,5.094056586105901,35.270171419737885
319,2694704906,8.8267,-4.455945,0.390361,-6.300864,5.595634,32.45966,-0.712611,0.403175,0.553295,0.153282,9.000175316550953,-4.319841369887996,0.4837130642474359,-6.1857515164056665,5.654867104822558,31.640172423630418
320,2694721573,8.898611,-4.324559,0.704378,-4.469302,5.248871,28.010853,-0.71332,0.405502,0.551323,0.150935,8.990290887184555,-4.389736297116474,0.5597663943388808,-2.777434602474664,5.350066209054888,28.500117020812308
321,2694738240,9.159039,-4.343093,0.649234,1.461125,4.591695,24.909206,-0.714248,0.406973,0.549725,0.148392,8.97011697647157,-4.390403921214137,0.7047995547237238,1.0111007351111687,4.234247879345386,25.691427981131362
322,2694754907,8.807706,-4.518653,0.823097,5.036793,2.407835,23.69142,-0.71518,0.408018,0.548495,0.145558,8.934309560461134,-4.342127773637895,0.871846365566394,3.2422147528922904,2.5227201728805584,23.106187578195495
323,2694771574,8.893795,-4.175279,1.169588,5.333373,0.488467,21.283092,-0.715916,0.408877,0.547611,0.142836,8.87129930005906,-4.300214824440965,1.0068141077218733,3.092996206478134,0.46953954982259094,20.75037636460939
324,2694788241,8.895619,-4.107345,0.989638,-1.139651,-2.390065,18.229931,-0.715969,0.410223,0.547068,0.140776,8.789181328383503,-4.300325282550487,1.0793430544640965,1.2901855229357284,-1.7670337134021892,18.773509524345826
325,2694804908,8.680904,-4.51986,1.04291,-4.390483,-3.837158,17.429647,-0.715692,0.41187,0.546654,0.13897,8.724428216020605,-4.325317402322965,1.0813179446801835,-0.9405935226924974,-4.1452489355644495,17.390682453077556
326,2694821575,8.62107,-4.407147,0.962995,-2.374466,-5.957776,16.391779,-0.715342,0.413265,0.54656,0.136984,8.717894941130888,-4.331620057694408,1.005790373614567,-3.235729700457009,-6.5795221270239015,16.69276189107271
327,2694838242,8.785522,-4.277328,0.886351,-1.866374,-8.848417,16.903357,-0.714798,0.414704,0.546742,0.13473,8.777681901068792,-4.307030955363132,0.8409969878486636,-6.1595905209663515,-8.746138043112511,16.509628627466753
328,2694854909,8.933727,-4.23357,0.759005,-10.221072,-10.34664,16.421797,-0.713616,0.416998,0.546941,0.133099,8.867748394353839,-4.291195231335936,0.5937882791262724,-9.944333222283284,-10.118091700430552,16.470106900595837
329,2694871576,8.960128,-4.243762,0.135008,-16.062195,-10.849972,16.106304,-0.712026,0.419879,0.547092,0.131933,8.937314142531271,-4.333535526546296,0.31255593919716856,-13.55512587396106,-10.292008672117218,16.21428583630167
330,2694888243,8.972984,-4.538535,0.120516,-14.410217,-9.030158,15.661228,-0.710665,0.422514,0.547108,0.130791,8.960408004442268,-4.438220885099117,0.07220354036434375,-15.333394758447124,-9.335739276102197,15.598322629099236
331,2694904910,8.890032,-4.53041,-0.161658,-16.446625,-7.668495,14.754205,-0.709263,0.425256,0.546993,0.129987,8.944572256161702,-4.557654574138143,-0.07032053046049397,-14.560044591116984,-7.817426910503588,14.765693072050183
332,2694921577,8.788109,-4.683472,-0.087368,-12.852176,-6.245986,14.56223,-0.708186,0.427582,0.546807,0.129004,8.906980243542762,-4.639034282902469,-0.10185820585986564,-12.23274781028854,-6.470055245912949,14.034873951622327
333,2694938244,9.006748,-4.671658,0.156634,-6.237031,-5.795813,13.330108,-0.707529,0.429118,0.546773,0.127649,8.854150243332978,-4.674992786706003,-0.0347886577779359,-10.208829436692428,-5.771247565544165,13.62158770419424
334,2694954911,8.943702,-4.783763,0.128111,-8.078163,-6.080703,11.97973,-0.706707,0.430739,0.546814,0.126561,8.788652869264638,-4.7091489280399985,0.12168199802646948,-9.569494874907136,-5.747312324807824,13.340683023034961
335,2694971578,8.37396,-4.589624,0.086195,-14.822052,-5.997812,13.433427,-0.705492,0.433165,0.546629,0.125864,8.723831140105403,-4.790574164972114,0.350587410474432,-9.863455038372074,-6.072848710781166,12.56913825313874
336,2694988245,8.798874,-4.922897,0.589481,-10.226303,-6.033526,11.733171,-0.704527,0.434982,0.546634,0.124973,8.680534991708653,-4.919527345810064,0.5856025498003162,-9.89192831725056,-6.314269330291017,10.636882162875047
337,2695004912,8.912848,-5.204851,0.817284,-6.820486,-6.497484,6.939719,-0.703651,0.436076,0.547051,0.124273,8.673132934946555,-5.038539023630891,0.7089796430603665,-8.97422575045038,-6.13839852577814,7.386353183448122
338,2695021579,8.385709,-5.130882,0.822274,-6.260527,-5.533612,3.030604,-0.702816,0.436782,0.547625,0.123988,8.704000719910896,-5.078322268761564,0.6253783838431162,-7.305575950032688,-5.404599428734082,3.374150703388974
339,2695038246,8.858249,-4.770957,0.203254,-6.008972,-3.45194,-1.094585,-0.702086,0.437097,0.548254,0.124238,8.765250685739128,-5.010860638542592,0.3481595529187863,-5.375783586157226,-4.143292358484286,-0.49250093740588374
340,2695054913,8.975615,-4.991251,-0.070911,-4.587581,-2.95212,-3.101378,-0.70145,0.437096,0.548983,0.124611,8.840602606264921,-4.863057635322071,0.004280146099598578,-3.4604906344470114,-2.474605426785146,-3.521363587212879
341,2695071580,8.784152,-4.697081,-0.322866,-2.54215,-0.62098,-5.139112,-0.701093,0.436681,0.54964,0.125176,8.909409142791725,-4.694354558678592,-0.2504762709302652,-1.7025420134436877,-0.5427525497235157,-5.506682242315133
342,2695088247,8.942017,-4.700579,-0.108055,2.538622,1.549421,-6.538897,-0.701204,0.435597,0.550258,0.125616,8.95224607573732,-4.564766246385625,-0.32451016571938696,-0.37012124556733683,1.5045916536107358,-6.602517620311916
343,2695104914,8.920101,-4.221711,-0.323215,-1.005043,3.831769,-7.481944,-0.701256,0.434756,0.550636,0.12658,8.956607894082374,-4.503643104331228,-0.22166102278405966,0.15079787703971972,3.526469128465048,-7.068542343654103
344,2695121581,9.137133,-4.507737,-0.083009,-1.776971,5.33982,-7.40161,-0.701379,0.433972,0.550841,0.127693,8.926196625703415,-4.490232701995168,-0.013179783195035155,-0.47502132142523634,5.402419383688706,-7.1296408314724165
345,2695138248,8.766193,-4.655493,0.23005,-2.326633,6.645428,-6.155207,-0.701595,0.433318,0.550822,0.128805,8.885723487840364,-4.472833670044489,0.21113763094585045,-2.4171993458519374,7.013787731714138,-6.946226786885845
346,2695154915,8.757146,-4.528653,0.66653,-3.26986,8.362327,-6.76894,-0.701875,0.432679,0.550648,0.130164,8.864181938080957,-4.424320414724484,0.38435490681048845,-5.551172322363014,8.197846353770347,-6.605331981401762
347,2695171582,8.899371,-4.162875,0.146012,-10.418497,8.761592,-6.740896,-0.701735,0.432763,0.550295,0.132117,8.86646171513588,-4.375630224461175,0.47771833623442583,-9.303120325432774,8.754892884486523,-6.132941419754908
348,2695188249,8.945007,-4.402204,0.461576,-13.501902,8.732935,-5.172234,-0.701426,0.433285,0.549784,0.134155,8.87051608670056,-4.3794318775021654,0.48503472406891657,-12.739524112025306,8.552418933260066,-5.55046639275686
349,2695204916,8.917107,-4.325489,0.550164,-15.142347,7.548398,-4.722309,-0.700925,0.434032,0.549331,0.136202,8.860089732152607,-4.441542090461737,0.404587683487675,-15.002344197898733,7.65042430140537,-4.91825399583731
350,2695221583,8.857367,-4.605431,0.360784,-15.013541,6.398233,-4.604682,-0.700338,0.434795,0.548988,0.138154,8.851269166454653,-4.504550741522369,0.2508084032720204,-15.72471156100751,6.3263382163875725,-4.311436842475233
351,2695238250,8.653192,-4.784889,-0.116954,-14.761751,4.779238,-3.635073,-0.699655,0.435641,0.548751,0.139883,8.873710289070628,-4.506797389536771,0.07729626990633717,-15.061800540222219,4.96214106604758,-3.768543827462816
352,2695254917,8.975701,-4.216901,0.096632,-13.654881,3.853619,-3.186965,-0.698974,0.436427,0.5486,0.14142,8.928651708448896,-4.446028363632276,-0.03714036564167064,-13.443975609899622,3.8726331817725934,-3.2800961440193683
353,2695271584,9.174067,-4.194614,-0.162897,-11.852386,3.410134,-3.180023,-0.698371,0.437038,0.548529,0.142784,8.980943801188321,-4.37257695664561,-0.044096278299568636,-11.39755037795926,3.1917382521367808,-2.821955632519616
354,2695288251,8.981728,-4.45291,-0.048237,-9.725531,2.611722,-2.022981,-0.697861,0.437541,0.548508,0.143808,8.997378896244937,-4.329011894038713,0.030038063349624052,-9.519165387759214,2.8757030419428706,-2.3937811721860593
355,2695304918,8.827801,-4.446179,0.261218,-7.971326,3.002865,-2.08805,-0.697493,0.437853,0.548488,0.144725,8.98058009994769,-4.316683541141767,0.10150691934564139,-8.394474448720498,2.795179881873686,-2.036164052381946
356,2695321585,8.97801,-4.302369,0.183795,-7.798518,2.867362,-1.993552,-0.697125,0.438156,0.548479,0.14561,8.957834809023279,-4.319904215495401,0.10007560070595337,-8.341350694036876,2.842850984583211,-1.8311049639274697
357,2695338252,8.994489,-4.214577,-0.05446,-9.407651,2.902016,-1.919608,-0.696658,0.438628,0.548427,0.146617,8.947698454764913,-4.338120651900224,0.028668672543004054,-9.17018856602047,2.9920566885243134,-1.8938963567465936
358,2695354919,8.991126,-4.378898,-0.185522,-11.206791,3.18624,-2.226692,-0.696091,0.43925,0.548327,0.147817,8.948245243082262,-4.381215455401641,-0.04489689449703048,-10.236404218804052,3.2829685346843887,-2.3429569387332942
359,2695371586,8.915549,-4.538957,0.053069,-9.580742,3.998369,-3.109102,-0.695673,0.439619,0.548234,0.149028,8.950599201334002,-4.446016263140804,-0.05055308389037652,-10.799170859579247,3.7603877712266014,-3.2436327789118957
360,2695388253,8.903952,-4.483149,0.070712,-10.737053,4.30549,-4.729451,-0.695169,0.439968,0.548187,0.150515,8.950568438354619,-4.511504102621028,0.030805659810445796,-10.44056150745708,4.40864296324919,-4.5705351803405785
361,2695404920,8.976489,-4.572766,0.132583,-10.161145,4.904854,-6.18679,-0.694715,0.440128,0.548185,0.152141,8.946906972996711,-4.55408246946313,0.16157201044942004,-9.298549703163738,5.119167040472328,-6.241384930421384
362,2695421587,8.953626,-4.473662,0.261983,-7.704855,5.850821,-8.304576,-0.694446,0.43985,0.548274,0.153845,8.938587356629759,-4.560339493402732,0.27434079640541453,-7.985061116231734,5.715592417495724,-8.207070512882453
363,2695438254,8.953395,-4.595059,0.218336,-6.955953,6.163105,-10.607903,-0.694195,0.439303,0.548495,0.155741,8.928889010507318,-4.529713880295908,0.30579244816084095,-7.1742324682303344,6.043287233443058,-10.513351573439296
364,2695454921,8.891488,-4.498294,0.360932,-5.797887,6.151528,-13.139504,-0.693957,0.438435,0.548901,0.157799,8.926915772458614,-4.475694079280325,0.23084168150584197,-7.074269159173877,6.074971761934229,-13.262105024699247
365,2695471588,8.927422,-4.407171,0.141794,-7.7739,5.824649,-16.346224,-0.693488,0.437516,0.549497,0.160317,8.938422338983669,-4.42576223021985,0.088520976091584,-7.235718900090665,5.940174403432207,-16.491224870313502
366,2695488255,8.933703,-4.421608,-0.091757,-8.569858,5.582458,-19.919134,-0.69286,0.436393,0.550321,0.163242,8.955570096178246,-4.408963067697432,-0.028375184119237173,-6.977998211432011,5.836392117461726,-20.085629403747006
367,2695504922,9.002513,-4.383019,-0.089245,-5.461088,6.269062,-24.156223,-0.692374,0.434596,0.551412,0.166387,8.962041088885416,-4.431181605801562,-0.03535379484827897,-6.099017106175992,5.8881401962515865,-23.82882691807859
368,2695521589,8.987387,-4.386768,-0.014206,-5.330812,5.858507,-27.866253,-0.691763,0.43249,0.552772,0.169866,8.95306618072539,-4.460306933049235,0.06843286437245834,-5.132575676463605,6.060853133576626,-27.572346291581432
369,2695538256,8.946344,-4.616188,0.245355,-3.8939,6.115316,-31.109976,-0.691168,0.429964,0.554334,0.173568,8.948481056618593,-4.4442291628280595,0.18430094587367213,-4.796841849056381,6.1771865461180475,-31.355965754597413
370,2695554923,8.905492,-4.319212,0.268643,-4.710414,6.099225,-35.076057,-0.690403,0.42719,0.556111,0.177729,8.979500243863939,-4.353726190540426,0.18975895554505973,-5.09233458980152,6.012287840788102,-35.336141380432366
371,2695571590,9.058295,-4.153768,0.114719,-5.180339,5.529026,-39.628384,-0.689422,0.424096,0.558198,0.182345,9.058436019610246,-4.2105206720380375,0.05034430603307463,-4.904969088169665,5.416041531710862,-39.57987143618355
372,2695588257,9.212884,-4.133132,-0.096378,-3.289948,4.368768,-43.837673,-0.688325,0.420484,0.560689,0.18715,9.162691950193626,-4.068893948634568,-0.13532409050653102,-2.5675048456354683,4.398605206798536,-43.93184154351257
373,2695604924,9.230204,-3.886372,-0.415022,2.990276,3.110246,-48.517185,-0.687349,0.415876,0.563736,0.191824,9.251417121277568,-3.9632938500409223,-0.21066170200840756,2.9649979538749047,3.1234122985333506,-48.08128567959989
374,2695621591,9.336345,-3.832283,-0.222814,11.352834,1.618656,-51.826588,-0.686623,0.410177,0.567332,0.196043,9.298982143339398,-3.868336796829949,-0.09783510942790737,11.163961674295606,1.8128153180358195,-51.73718703717225
375,2695638258,9.33316,-3.74078,0.294627,19.39266,0.593139,-54.324303,-0.686174,0.403471,0.571369,0.199773,9.312612164370154,-3.7109114012854874,0.13089591670956485,19.886880414533504,0.6475914120429064,-54.72011229003203
376,2695654925,9.23326,-3.528171,0.454594,25.757757,0.144695,-56.59193,-0.685939,0.395921,0.575722,0.203157,9.318644995859215,-3.432995003311834,0.31799658570420436,26.364782081512423,-0.2612822185307707,-56.90980943634933
377,2695671592,9.275793,-3.078286,0.372064,30.946915,-0.742921,-58.526062,-0.685807,0.387681,0.580376,0.206231,9.334640686046319,-3.055901644010692,0.35740222247272024,28.737744404166964,-0.8469785453555606,-58.18514234191433
378,2695688259,9.505574,-2.638289,0.113271,27.50598,-1.652645,-58.859409,-0.685327,0.379746,0.58498,0.209556,9.359298492923116,-2.6837164892236873,0.2703833035674246,27.23711959806586,-1.094589157121879,-58.49522306837274
379,2695704926,9.424099,-2.312346,0.152015,23.48633,-1.220308,-57.839359,-0.684631,0.372249,0.589308,0.213127,9.38885632312355,-2.4311961223920644,0.1606939522330011,24.113387686815912,-1.0969910054524363,-57.99446763458222
380,2695721593,9.317932,-2.373012,0.123948,20.793535,-0.511505,-56.856037,-0.683821,0.365051,0.593379,0.216849,9.432450698487942,-2.3335686305717673,0.11261474896887894,22.142830035842472,-1.0555092038801075,-57.0427026420948
381,2695738260,9.459342,-2.323462,0.133637,21.772436,-1.053963,-56.066517,-0.682985,0.357811,0.597443,0.220363,9.50104496802651,-2.31809823668109,0.1338368258812627,22.70812990444785,-1.1630030796920934,-56.004190276293194
382,2695754927,9.678016,-2.400415,0.218246,25.428162,-1.797586,-54.739906,-0.682261,0.350318,0.60158,0.22337,9.585042090991262,-2.2625996695388815,0.1797149271516223,24.96473000139311,-1.4751856007229414,-55.01301453094299
383,2695771594,9.638505,-1.888418,0.375694,29.327126,-1.986522,-53.865589,-0.68169,0.342491,0.605767,0.225921,9.654161928623267,-2.0897271927305487,0.2134514705123624,26.767439878953503,-1.9119463169804396,-53.936223149666546
384,2695788261,9.654708,-2.112989,-0.037279,26.02939,-2.397084,-53.046253,-0.680889,0.335048,0.609796,0.228642,9.683663245026256,-1.8205408035335753,0.23523243441845249,26.496186954648206,-2.3669941968229917,-52.600416401218105
385,2695804928,9.754053,-1.321663,0.314542,24.008204,-2.706409,-51.564495,-0.679959,0.327921,0.613669,0.231362,9.678618200192329,-1.549228341225648,0.25915385251513984,24.1724972667499,-2.7809874230331952,-51.095435270151256
386,2695821595,9.62005,-1.255927,0.415986,18.852701,-2.755723,-49.409283,-0.678804,0.321476,0.617229,0.234312,9.671148913354099,-1.3631232988303468,0.27622095222069304,21.05177609409442,-3.117692686289743,-49.846731520284386
387,2695838262,9.686537,-1.528048,0.046857,19.116474,-3.402181,-48.758705,-0.677583,0.315064,0.620792,0.237128,9.691936340405427,-1.2738225975437905,0.2515143191835957,18.35714084930082,-3.3401972627121896,-49.319586027393015
388,2695854929,9.64844,-0.968294,0.30194,17.413994,-3.961799,-49.842216,-0.676152,0.308722,0.624361,0.240164,9.740884692520083,-1.2150985202723195,0.1618443901038779,16.451064271844437,-3.4909695967873247,-49.58509264489252
389,2695871596,9.926684,-1.343982,0.066943,14.957775,-3.984837,-49.928711,-0.674563,0.302594,0.627811,0.243415,9.785668741697961,-1.1052541165437613,0.03962166933910045,15.031757473877262,-3.81200279307383,-50.166932426986456
390,2695888263,9.781093,-0.866512,0.004938,13.393428,-4.281538,-50.840691,-0.672804,0.296528,0.631235,0.246869,9.792573136138111,-0.9179049387308509,-0.020011075136710164,13.869026798482913,-4.715964437589835,-50.36147845386109
391,2695904930,9.719707,-0.576518,-0.024416,14.099498,-6.177087,-50.129452,-0.670883,0.290507,0.634799,0.250092,9.760261385453362,-0.7037402668945376,0.08961669123419956,13.262425510599371,-6.538591549602155,-49.78888163544431
392,2695921597,9.768765,-0.699223,0.365857,13.772388,-9.434679,-48.437218,-0.668668,0.284776,0.638559,0.253028,9.723001083474102,-0.5489404221435881,0.40137436558364536,13.845706137994686,-9.256012235143347,-48.69919759732058
393,2695938264,9.593791,-0.420078,0.882394,14.366756,-13.017058,-47.749584,-0.666129,0.279165,0.642622,0.255677,9.722813975913605,-0.500429915432044,0.8184105197042955,15.940516528582322,-12.410136081958692,-47.72171494822178
394,2695954931,9.886283,-0.545307,1.193264,19.60457,-15.043296,-47.006786,-0.6636,0.273173,0.647004,0.257667,9.780811232581307,-0.5038187012441117,1.1374596146426885,18.986405162222397,-15.262789714921277,-47.168816452878914
395,2695971598,9.915549,-0.32444,1.051683,22.476126,-16.638168,-46.014225,-0.661028,0.267039,0.651565,0.259209,9.892282339950109,-0.39504283046728395,1.142600296817989,21.525773647465392,-17.000699231764916,-46.37550325235264
396,2695988265,9.997271,0.359832,0.690815,22.208008,-16.535837,-43.05653,-0.658525,0.261191,0.65595,0.26048,10.039470459402478,0.0209678077912846,0.7184170146417821,21.802469597965374,-16.89410356664037,-43.630554685667924
397,2696004932,10.198947,0.395476,0.052773,15.066648,-15.293994,-37.316105,-0.656051,0.256512,0.659692,0.261915,10.199480414445317,0.8070243548907957,-0.06843853486663942,18.615585559296008,-14.491523371989192,-36.97103456103197
398,2696021599,10.338003,1.034906,-0.834238,14.793213,-9.930528,-26.906393,-0.654457,0.252645,0.662501,0.262574,10.33980851682855,1.745721943397999,-0.9599347169552545,12.048267610126317,-9.889102010662342,-25.542802412622308
399,2696038266,10.380589,3.06336,-1.745185,7.411354,-3.522453,-11.302112,-0.653794,0.250736,0.663832,0.262691,10.416447525563118,2.3837309354198215,-1.599597735208785,3.768734906701425,-3.900008232310951,-10.658464160928382
400,2696054933,10.435113,3.127596,-1.891281,-7.085294,1.979971,5.490654,-0.653774,0.251616,0.663472,0.262811,10.389447587517981,2.325458452658368,-1.708623042595901,-3.5233672448388162,2.0913868510547884,4.35861287909547
401,2696071600,10.312602,0.997082,-1.17518,-11.188056,6.463741,17.24449,-0.654483,0.253848,0.662096,0.262371,10.249688063648252,1.5490343567603357,-1.2461318315900822,-7.5879519840680745,6.588872039829987,15.660920431820276
402,2696088267,9.938924,-0.130284,-0.340128,-6.416825,8.704485,20.258741,-0.655692,0.255828,0.660571,0.261267,10.033736331022206,0.428103985661239,-0.43555689130394637,-8.043627280037544,8.539566093986405,20.726851109211836
403,2696104934,9.807174,-0.416902,0.358962,-2.233161,8.086152,18.09494,-0.656908,0.257223,0.659343,0.259942,9.811271951624665,-0.5587409636624304,0.36755834501245355,-6.271640528291043,7.727699189838264,19.31856281658232
404,2696121601,9.705358,-0.745226,0.937297,-4.241658,4.574284,12.908841,-0.657513,0.258443,0.658565,0.259173,9.653980637343604,-1.1241005642032473,0.869666525577643,-3.90962424758035,4.828163636666615,13.13636110969665
405,2696138268,9.63225,-1.30557,0.918162,-3.774736,0.93478,5.700241,-0.657515,0.259065,0.658422,0.258911,9.606608241238956,-1.2299925817544377,0.9662564112673868,-1.6457910677858358,1.0833587295556686,4.790178045354889
406,2696154935,9.578961,-0.954404,0.733791,-0.934428,-2.428149,-2.896528,-0.656977,0.258718,0.659032,0.259072,9.670969712760842,-0.9714324332029476,0.7410042409589226,0.5042912502034143,-2.235859393483149,-3.1220254564756456
407,2696171602,9.794208,-0.613696,0.338308,2.394155,-4.066236,-9.101374,-0.656173,0.25752,0.660155,0.259444,9.805588927006143,-0.4794500501505581,0.36849646920781726,2.2142948268636937,-4.2931899507342965,-8.595604102364364
408,2696188269,10.04861,0.016389,-0.086383,4.757632,-4.884191,-10.868217,-0.655309,0.255957,0.661509,0.259727,9.945288877965726,0.08969500886713747,0.0024055131512459166,2.6752249103894363,-4.857344691491274,-10.607059476785356
409,2696204936,10.038089,0.633446,-0.174069,2.64959,-4.106269,-9.238942,-0.654501,0.254721,0.662644,0.260084,10.035419779915928,0.5551236810872398,-0.2793683032691294,1.4835690663171974,-4.184871815115739,-9.319320809850097
410,2696221603,9.980927,0.909696,-0.394276,-1.761539,-2.691729,-5.754918,-0.653796,0.254187,0.663347,0.260588,10.056983675399357,0.769657256462227,-0.45723811822170507,-0.6276160001053459,-2.782971857244279,-5.9265512200405
411,2696238270,10.023227,0.683026,-0.539422,-3.916567,-1.339608,-2.015464,-0.653282,0.254166,0.663701,0.260993,10.024186316956397,0.7025184980210557,-0.5248782242260438,-2.279348104495332,-1.2126927044033562,-2.099507996788457
412,2696254937,10.002166,0.393011,-0.564099,-3.090223,-0.179097,0.767312,-0.653017,0.254292,0.663874,0.261096,9.964652551885944,0.45982918501172054,-0.4733046741266926,-2.7630783093718954,0.02733581357007797,0.7209518828733468
413,2696271604,9.926497,0.123143,-0.340867,-1.90602,0.554124,1.871782,-0.652908,0.254384,0.66398,0.261008,9.904636107469583,0.21007347299527984,-0.3137426631744441,-2.8165614567699526,0.6016963860631818,1.8349579340247206
414,2696288271,9.808542,0.121375,-0.015864,-1.870124,0.944244,1.343482,-0.652817,0.254406,0.664072,0.260981,9.864895815540851,0.073903784260808,-0.09858463272483413,-4.074827244223378,0.4745290087779003,1.3956147147237834
415,2696304938,9.880662,0.132976,0.092284,-10.923257,0.105556,0.08513,-0.652262,0.255199,0.663945,0.261916,9.858683235378125,0.06509562320965105,0.0944706986460636,-7.732767897949454,0.0016809724776361834,0.14414515398085245
416,2696321605,9.906414,0.005016,0.219703,-11.982228,-0.260942,-1.025098,-0.651589,0.255997,0.663853,0.263045,9.88831795365076,0.11513080132590273,0.2023972813307207,-13.526003934044192,-0.18939611662834518,-1.045485199113226
417,2696338272,9.930287,0.224134,0.173706,-18.813665,-0.121135,-1.815686,-0.650641,0.257361,0.663512,0.264913,9.944097459457877,0.1469892455801005,0.20230618190174043,-19.655308694241285,0.42900919730174436,-1.5726951564776883
418,2696354939,9.983414,0.243528,0.067731,-23.546209,1.492833,-1.396714,-0.649683,0.259149,0.662814,0.267257,10.007425445894665,0.13913336078910943,0.10563041731195363,-23.6219092634172,1.901268139615828,-1.2797436610951045
419,2696371606,10.091629,0.045137,-0.062766,-26.179815,4.566659,0.258798,-0.64898,0.261222,0.661654,0.26981,10.057117193069608,0.13500029061949162,-0.060649627400034906,-23.57812560613974,3.737906709787315,-0.3398532132689392
420,2696388273,10.076216,0.117572,-0.163583,-19.260508,5.707292,1.009545,-0.648673,0.262668,0.660623,0.271666,10.077362533468435,0.19171622043033745,-0.2610609034814502,-19.467794584777845,5.274318450949972,0.9945495668381817
421,2696404940,10.053274,0.268448,-0.527628,-11.541998,5.726292,2.32728,-0.648712,0.263509,0.659841,0.272656,10.063790884301717,0.31260867939617204,-0.44627636060254233,-13.117265578035838,6.1137194214663415,2.545889855898638
422,2696421607,10.009061,0.529173,-0.508163,-6.464084,5.76544,3.769057,-0.649005,0.264009,0.6592,0.273025,10.023758197351608,0.4299762518377769,-0.5555957013854648,-7.108207940013756,6.265576319098027,4.154423861463825
423,2696438274,9.992802,0.510758,-0.565346,-3.560205,6.109879,5.644829,-0.649516,0.264399,0.65857,0.27295,9.971863602385676,0.4596222546741713,-0.5401178364648372,-3.307147405959406,5.946645581725587,5.548467954879876
424,2696454941,9.926015,0.425739,-0.408548,-3.391737,5.528611,6.575006,-0.650015,0.264886,0.657966,0.272749,9.924862634168171,0.3742483324721369,-0.39489657347245455,-2.146491316354882,5.340204676799441,6.3705543486340375
425,2696471608,9.904688,0.056709,-0.214891,-3.228225,4.708313,6.768188,-0.650448,0.265408,0.657438,0.272483,9.896937053430188,0.22287044612809903,-0.17389296061101506,-2.897855432772877,4.544220775751696,6.393723025026635
426,2696488275,9.849914,0.10168,0.078037,-2.681138,3.456082,5.54846,-0.650733,0.265811,0.657097,0.272231,9.894118925172668,0.08237745799962057,0.030605239392931867,-4.334771267351993,3.6573170202559213,5.713100649949984
427,2696504942,9.939542,0.015495,0.204648,-5.483705,2.806416,4.33634,-0.6508,0.266389,0.656753,0.272336,9.910743526597253,-0.003275243422937068,0.13680904733129146,-5.2371685508211305,2.8325399277120287,4.698135217755979
428,2696521609,9.948136,-0.005915,0.066018,-5.231369,2.197884,3.655349,-0.650791,0.266902,0.656503,0.272458,9.933250120060453,-0.03783671506069091,0.11765134340005759,-4.74741920790885,2.239587536695525,3.744683356998891
429,2696538276,9.925843,-0.005928,-0.028743,-3.271408,2.166892,3.1872,-0.650837,0.267187,0.656351,0.272437,9.950362324925166,-0.040748822778044196,0.008336689516263408,-2.7349464804134818,2.000251822831186,3.0773013812691463
430,2696554943,9.980468,-0.032023,-0.116843,-0.24829,2.026124,3.081701,-0.650982,0.267181,0.656336,0.272131,9.960996129500078,-0.014492007470156854,-0.12336121824202786,0.0325752391621521,2.1587874367604076,2.777728552626
431,2696571610,9.984721,0.013585,-0.158111,3.191951,2.832208,3.102755,-0.651339,0.266819,0.65638,0.271526,9.972510922247746,0.052312567321012145,-0.21620077369051938,2.266941550072106,2.68208636226763,2.9480494739366625
432,2696588277,9.94714,0.136227,-0.291004,3.431737,3.316724,3.57837,-0.65177,0.26646,0.656368,0.270871,9.990640628986604,0.15506237557362157,-0.23993596987806146,3.0051715024660766,3.461791857641595,3.766301049914504
433,2696604944,10.011147,0.217941,-0.207185,2.423058,4.242994,4.953018,-0.652304,0.266291,0.656176,0.270217,10.010621703576524,0.2562761590508073,-0.20174224554842976,2.2876141008332564,4.323635969281055,5.329225370358464
434,2696621611,10.035557,0.427454,-0.096917,0.736948,5.14638,7.314227,-0.652951,0.266472,0.655739,0.269535,10.020003105356215,0.30777751633385386,-0.13927678642827912,1.044441620818481,5.076898990908767,7.4500548423533655
435,2696638278,10.048219,0.303753,-0.175057,-0.997807,5.807061,9.995776,-0.653698,0.267048,0.655066,0.26879,10.013064548342673,0.2936015777335771,-0.10133192150966663,0.23167239056426883,5.6092036269442636,9.678295499725309
436,2696654945,10.008777,0.256917,-0.0707,-0.078682,5.907348,12.025406,-0.654568,0.267725,0.654339,0.267768,10.001413611292993,0.2459917049833249,-0.1188655731948468,-0.024781878899497428,5.967427004807135,11.597442739302888
437,2696671612,9.956943,0.040156,-0.113018,-0.071767,6.130167,13.168619,-0.655502,0.268501,0.653544,0.266644,10.004597345301148,0.21122860517983483,-0.1795570815210403,-0.45932794155105783,6.344232765035743,13.144778787134223
438,2696688279,9.990571,0.145251,-0.29002,-0.34572,7.165395,14.212876,-0.656562,0.26936,0.652598,0.265486,10.026477680288478,0.201605793805693,-0.2265600959281007,-1.802573657364114,6.954543435983222,14.638523897486394
439,2696704946,10.036238,0.482367,-0.200009,-3.066945,7.96851,15.944751,-0.657655,0.270611,0.651399,0.26445,10.045249636464895,0.19222064047697904,-0.19281516302360585,-3.8784120731029503,7.8714359801188065,16.486761454479428
440,2696721613,10.151036,0.134875,-0.032063,-7.306279,8.505166,19.398703,-0.658761,0.272573,0.649845,0.263505,10.035715840389377,0.16558523985545726,-0.054523274451221,-5.670580866874977,8.919440019789862,18.87771006906455
441,2696738280,10.010024,0.06548,0.024399,-7.929966,9.651958,22.133785,-0.660049,0.274807,0.648042,0.2624,10.003563542952826,0.13902497256224586,0.13652594537135676,-6.415541397482682,9.708663280303712,21.733837948165217
442,2696754947,9.959712,-0.033541,0.34618,-7.900246,9.982864,24.835735,-0.661464,0.277275,0.646093,0.261043,9.987550965648827,0.12981397070677242,0.2757156587957981,-6.565885944105468,9.84700512997769,24.88286237100716
443,2696771614,9.903743,0.114553,0.353578,-3.840457,10.132475,27.716726,-0.663156,0.279615,0.644158,0.259029,10.015418270437012,0.10418671994859974,0.27880546834403996,-7.388875796441191,9.238338447987045,28.17851674158227
444,2696788281,9.985438,0.228799,0.16967,-7.284971,7.585122,31.268009,-0.66459,0.28271,0.642183,0.256888,10.058649339398967,-0.009174041483563398,0.1550003962487385,-9.40765176380954,8.222837970649088,31.452317045268682
445,2696804948,10.263832,-0.329504,-0.029585,-12.790062,7.045046,34.925636,-0.66587,0.286692,0.639888,0.254879,10.046868701712555,-0.23970105931969035,0.015459735443103147,-11.406436030639147,7.367995580439437,34.449737594066946
446,2696821615,9.961421,-0.321263,0.077016,-14.447795,6.968082,36.711407,-0.667121,0.290997,0.637446,0.25284,9.940764768513167,-0.519747829531168,-0.004214798480749848,-11.376083110402401,7.0311022515790675,36.92271412749234
447,2696838282,9.799167,-1.299483,-0.231796,-10.507095,7.280805,39.184978,-0.668637,0.295127,0.634995,0.250202,9.786763647091057,-0.7266643695300088,0.14566540056352573,-8.6444926631971,7.065205309785727,38.822441107287474
448,2696854949,9.501678,-0.17405,0.655046,-0.596907,7.01041,40.242863,-0.67057,0.298391,0.632866,0.246526,9.684744270246473,-0.7889188187016517,0.3798419038855644,-4.928669947004971,6.921190826890584,40.37764464802268
449,2696871616,9.611376,-1.221725,0.670419,-3.916949,6.261762,41.910271,-0.672328,0.302149,0.630595,0.242952,9.69514948076476,-0.7553981180351962,0.5416485626954519,-3.047702975467982,6.042933114930308,41.933643798167424
450,2696888283,10.03142,-0.639936,0.397112,-3.285568,3.864322,43.143631,-0.673912,0.306033,0.628506,0.239085,9.783101844080578,-0.7643045869008638,0.5280320405470912,-4.441228064045351,4.241118275643064,43.65939153026865
451,2696904950,9.769133,-0.71793,0.447932,-7.788713,2.06265,45.359955,-0.675183,0.310611,0.626312,0.235323,9.856447190532709,-0.9344298533631874,0.36459709265766804,-7.787654621105516,1.8137033743545927,45.38499481025906
452,2696921617,9.911991,-1.331954,0.026025,-10.581707,-0.558451,47.52866,-0.676132,0.315737,0.624155,0.231475,9.852712795979567,-1.2624443479522194,0.1701236561568018,-9.942391187356177,-0.6081818737948398,46.750744666160074
453,2696938284,9.747928,-1.601828,0.142345,-10.614209,-2.546717,47.508053,-0.676868,0.320916,0.622164,0.227529,9.786880013978315,-1.6131637626782762,0.0536936750839129,-8.428555885530455,-2.366729096945396,47.556633400017155
454,2696954951,9.725441,-2.028022,-0.131493,-4.092558,-3.375487,47.868954,-0.677812,0.325499,0.620425,0.222908,9.723055712213142,-1.822023414734869,0.036786808221752815,-3.48448348376099,-3.0694125843211437,47.971596608116535
455,2696971618,9.565965,-1.801804,0.21141,3.8699,-2.549074,48.145847,-0.679186,0.32928,0.618821,0.21757,9.708454702369373,-1.827617436791429,0.05754373584729633,1.9956241147703833,-2.7137661337397816,48.37465017333489
456,2696988285,9.815027,-1.648707,0.291639,7.314352,-0.868995,48.44836,-0.680853,0.332678,0.617115,0.211962,9.73508112295037,-1.717992729510734,0.03976490631362349,4.602767405690347,-1.5898457529590018,48.97463058743715
457,2697004952,9.994443,-1.447191,-0.556177,1.385576,-0.723411,49.79871,-0.682254,0.336765,0.615117,0.20675,9.758329546850362,-1.6553642157852293,-0.04096981662564782,2.8601193478845977,-0.06646078355031987,49.591721136719855
458,2697021619,9.50925,-1.978793,0.080008,-3.904052,1.110731,50.901314,-0.68356,0.341403,0.61269,0.20198,9.741369804653976,-1.7556122965891006,-0.1436886136281563,-1.9795832575848977,1.5733741716169884,49.81546830918937
459,2697038286,9.575814,-2.077498,0.121555,-5.589611,4.056972,48.981014,-0.684952,0.345933,0.609988,0.197688,9.67672065916451,-2.022171280682377,-0.1944456712776507,-7.166692438234494,3.1950210021775183,49.35536040942033
460,2697054953,9.754254,-2.150412,-0.481893,-11.37855,5.09745,47.191368,-0.686062,0.350836,0.607077,0.194131,9.579890885164149,-2.3632065630575347,-0.13735056442635446,-10.433224496152201,4.808524659676704,48.22510100532365
461,2697071620,9.570789,-2.679089,-0.255429,-12.952119,5.484564,47.166874,-0.687093,0.355865,0.604054,0.190726,9.482734132193356,-2.657134088386651,0.01627301319974636,-11.172667161006391,6.483752322081157,46.65247588913669
462,2697088287,9.285413,-3.032015,0.726059,-6.883299,8.399243,45.59557,-0.68862,0.360053,0.600964,0.187086,9.427846894152854,-2.8259332819805554,0.17769705562919072,-10.215008822590868,8.17699096338178,44.92534698900583
463,2697104954,9.417424,-2.9663,-0.007804,-8.640121,9.765148,42.574799,-0.690064,0.364102,0.597823,0.183968,9.442028707906335,-2.880576966572857,0.2420375295036506,-8.716018653366788,9.611013595941767,43.348040881574605
464,2697121621,9.490264,-2.491755,0.215819,-7.77128,10.29491,42.622856,-0.691575,0.36804,0.594627,0.18079,9.500892852962172,-2.9027977069800244,0.18114627692796098,-7.261170236307137,10.380516425007063,42.235273583659975
465,2697138288,9.576687,-3.118538,0.191779,-8.316896,10.596577,41.91547,-0.693038,0.371949,0.591401,0.17774,9.53100429010073,-2.971195101501232,0.07789292451761747,-5.889773976745884,10.23814552883913,41.81658215902044
466,2697154955,9.509527,-3.252445,-0.028535,-4.533093,9.395394,41.580608,-0.69457,0.375466,0.588391,0.174326,9.465520231943042,-3.101219462453384,0.06189072545198362,-4.652743786086637,9.310319869212398,42.08114458579638
467,2697171622,9.304873,-3.166518,-0.017088,-0.638618,7.632077,42.62096,-0.696165,0.37871,0.585578,0.170371,9.308728561010355,-3.253004655410389,0.1976304464291212,-3.778534987269526,8.04076886431427,42.71069574975847
468,2697188289,9.187127,-3.383084,0.556302,-3.004198,6.608794,43.785358,-0.697544,0.382303,0.582726,0.166437,9.147203629506372,-3.3814657749468653,0.41964749429079146,-3.2691338437849984,6.907158207819856,43.21189180936625
469,2697204956,9.008704,-3.441974,0.750486,-5.24503,6.434921,43.272427,-0.698745,0.38607,0.579844,0.16273,9.087999476420755,-3.4709469824013466,0.5751004762901581,-2.7019397460948684,6.16109765825747,43.19862402311394
470,2697221623,9.075176,-3.550122,0.390905,-2.93777,6.17642,42.207626,-0.700004,0.389505,0.577081,0.158915,9.168206360068673,-3.5362578926656494,0.5430446118925821,-1.7195154385758022,5.7975554849716096,42.61492790697933
471,2697238290,9.339445,-3.707314,0.351943,1.011599,5.643429,41.914364,-0.701409,0.392512,0.574459,0.154763,9.313055176244257,-3.6068541386759025,0.3316444892155122,-0.5780238488351322,5.707684547389334,41.71269616163964
472,2697254957,9.480191,-3.572598,0.255884,1.930716,5.479787,40.917023,-0.702808,0.395331,0.571912,0.150621,9.387948299802462,-3.707297080356954,0.07750730599043859,0.0705943498011607,5.80236587761677,40.80500828848123
473,2697271624,9.43489,-3.79187,-0.319925,-0.871707,5.766097,39.418987,-0.704014,0.398294,0.569341,0.146875,9.307930236991961,-3.8404745582162203,-0.04828819672398426,-0.07849008323278558,6.00065171514976,39.989052213196494
474,2697288291,9.003173,-4.169631,0.052314,-1.535951,6.756033,39.323833,-0.70524,0.401283,0.566642,0.143248,9.108229892123687,-3.9862542383845376,0.040807427811006304,-0.7105834187412541,6.179579585118416,39.040186076009306
475,2697304958,8.797617,-4.013955,0.390002,-2.656883,6.124802,37.606823,-0.706291,0.404247,0.564069,0.139849,8.910371688115193,-4.120588020391406,0.28672472771854185,-1.4523207234285647,6.200275642010862,37.56137892003894
476,2697321625,8.853305,-4.336539,0.497794,-1.721578,5.683311,35.59095,-0.707301,0.406948,0.561665,0.136551,8.817579574170233,-4.235585111930332,0.5301222786733132,-2.5337308344829306,5.982356778764493,35.29415389867704
477,2697338292,8.832512,-4.120357,0.633642,-3.129948,5.643004,32.249474,-0.708142,0.409513,0.559421,0.133707,8.837502241126632,-4.3388718532530985,0.6249954079504243,-4.708484545802337,5.535744207867744,32.3522026629324
478,2697354959,8.925792,-4.55791,0.683244,-9.634916,4.949626,29.343271,-0.708469,0.412516,0.557286,0.131646,8.894901032201558,-4.440007365601108,0.5391643639448225,-8.476445756627696,4.937027854211684,29.169471868777613
479,2697371626,9.067943,-4.731732,0.218419,-14.579755,4.513913,25.41667,-0.708377,0.415712,0.555325,0.130362,8.908188579095285,-4.545686996001569,0.3694397757598791,-13.357458883710333,4.29141974742907,26.18376655329951
480,2697388293,8.605132,-4.428551,0.259363,-14.793859,3.542355,23.786919,-0.708154,0.418811,0.55355,0.129203,8.853923264969593,-4.661102412272491,0.26388991259176037,-17.829290440275635,3.681605496730858,23.52448835337377
481,2697404960,8.921689,-4.778102,0.369881,-19.859444,2.998776,20.733322,-0.707509,0.42219,0.551915,0.128731,8.769848671583723,-4.779275178982549,0.3099387231279949,-20.046029990548835,3.0894457214585183,21.00379493296139
482,2697421627,8.675849,-4.963246,0.1723,-23.520733,1.851721,19.396812,-0.706512,0.425854,0.550402,0.128618,8.709258977382557,-4.86693838527642,0.4729164914091502,-19.04408188947412,2.3484097153417993,18.445635730661767
483,2697438294,8.562852,-4.770822,1.035157,-15.032683,2.015448,16.467772,-0.70599,0.428402,0.549206,0.128136,8.694853528112064,-4.8779591140475524,0.6327236981218414,-15.660413636325554,1.2253064613386124,16.026050115372186
484,2697454961,8.853252,-4.940577,0.672998,-10.333135,-0.286786,13.114605,-0.705509,0.43024,0.54854,0.127478,8.708489955392293,-4.797040041025321,0.6853263400401003,-12.177800843700076,-0.3805664253676275,14.21995303895118
485,2697471628,8.788381,-4.706788,0.523818,-7.791224,-2.657371,12.433356,-0.704983,0.431805,0.548203,0.126538,8.717123316910715,-4.67206036903254,0.6155345394557838,-10.630179914392563,-2.293370000023759,13.338011251178026
486,2697488295,8.527302,-4.451526,0.307288,-12.900916,-4.385758,14.018613,-0.704024,0.43405,0.547848,0.125734,8.705103211142294,-4.5925131970605895,0.47727095564075034,-11.195683067682403,-4.122719398618496,13.134186041264
487,2697504962,8.744733,-4.591424,0.39735,-14.366282,-5.193004,13.729813,-0.702897,0.436434,0.547562,0.125025,8.683623989154267,-4.621360893381092,0.3198337541147947,-12.246112268233908,-5.469141181839339,12.946913378575463
488,2697521629,8.73644,-4.745064,0.192906,-12.847257,-6.008708,11.980745,-0.701765,0.438535,0.547496,0.124321,8.676914585878537,-4.740284063098586,0.15414375236433334,-11.932469393484222,-6.079890308190679,12.246696666226141
489,2697538296,8.68576,-4.968043,0.130996,-7.197493,-5.986255,10.756117,-0.70097,0.439959,0.547605,0.123293,8.703225509526689,-4.863945056163026,-0.009813468814281936,-9.652128199756154,-5.869605837008156,11.0128447317534
490,2697554963,8.674273,-4.934311,-0.126848,-5.758711,-4.630202,9.377757,-0.700348,0.441101,0.547687,0.122377,8.760901687804369,-4.9127829238890675,-0.12085014489032529,-6.144585966461903,-4.887757469672907,9.595526446332311
491,2697571630,8.849213,-4.816397,-0.337019,-3.540201,-3.405568,7.989827,-0.69994,0.441884,0.547772,0.121504,8.823888594490597,-4.8760500298771445,-0.112616089014269,-2.560511861016562,-3.331450385094276,8.293047046866384
492,2697588297,8.979231,-4.810878,-0.00814,0.77844,-2.23759,7.389746,-0.699891,0.442159,0.547852,0.120423,8.854097233183133,-4.810226987920509,0.021182591357674738,0.34751971122971737,-1.5824733831782676,7.1091605508360045
493,2697604964,8.659947,-4.781699,0.263794,1.305153,0.004501,6.683385,-0.700042,0.442283,0.547757,0.119516,8.827706948161119,-4.781701032380936,0.19498028354079364,2.344645593307804,-0.14451003744450647,5.878589982076572
494,2697621631,8.862868,-4.760802,0.656487,4.606175,1.681692,4.093307,-0.700493,0.441835,0.547717,0.118717,8.755484073206754,-4.808515579580624,0.2926904896324817,3.4428841741846563,0.5846900564846842,4.5408682600992885
495,2697638298,8.714772,-4.776496,-0.168179,2.299578,0.18064,2.393283,-0.700646,0.441513,0.547897,0.118179,8.67934859147209,-4.850243782592678,0.26143937248911125,3.727047107850559,0.5577894784168875,3.242169233566768
496,2697654965,8.540767,-5.148245,0.277445,5.738891,-0.727298,3.199238,-0.70096,0.440919,0.548177,0.117226,8.645477742977427,-4.85202035262973,0.14135677092441226,3.395601252693537,0.0865315234499112,2.203865366746316
497,2697671632,8.650017,-4.616298,0.04367,1.672068,-0.201572,1.30473,-0.701023,0.44058,0.548455,0.116824,8.671629830862262,-4.800507176517723,0.014660628757246417,2.792448669597467,-0.4133439374701355,1.5489669922270013
498,2697688299,8.797194,-4.75146,-0.157385,0.570657,-0.450412,0.982548,-0.700989,0.440331,0.548762,0.116527,8.734807572088263,-4.73633777706674,-0.06143249950768686,2.241065255407366,-0.6669150567995035,1.2414511434604503
499,2697704966,8.860815,-4.620101,-0.024557,3.431929,-0.229579,1.11284,-0.701159,0.439797,0.549084,0.116003,8.792061066379517,-4.711676021109895,-0.07976035787501716,1.821866889910805,-0.5463677879264827,1.1305686597651843
500,2697721633,8.697197,-4.840107,-0.043029,1.660068,-0.03158,1.596715,-0.701238,0.439479,0.549326,0.115583,8.815282438476832,-4.7401122205152,-0.06266092578299072,1.387004647585933,0.06265466762156749,1.0405328106005454
501,2697738300,8.91019,-4.749423,0.070044,1.092555,1.049384,0.360531,-0.701347,0.439101,0.549527,0.115404,8.807062251779302,-4.789696535773685,-0.028909744637750354,0.7995275271271937,1.283230558596165,0.8590266581802226
502,2697754967,8.680507,-4.907423,-0.165164,-1.624204,2.90327,0.644563,-0.701436,0.438992,0.549474,0.115531,8.787851950189054,-4.8185243938627345,0.0174598897172352,0.06471910511874418,3.0959013976682304,0.5717495324822683
503,2697771634,8.812832,-4.748043,0.092806,0.012685,5.301605,0.429416,-0.701816,0.438659,0.549218,0.115702,8.773739776756155,-4.811481038509744,0.07160007595789258,-0.7824162341676689,5.199876638547798,0.22127057512117007
504,2697788301,8.824579,-4.712807,0.17096,-1.426884,7.286117,-0.404348,-0.702249,0.438373,0.548788,0.1162,8.766539210944096,-4.786262089378807,0.11527372704795683,-1.777957873497176,7.080216007129201,-0.16632909007996663
505,2697804968,8.696011,-4.91127,0.123183,-3.381633,8.312187,-0.670489,-0.702634,0.438247,0.548237,0.116947,8.759284721713167,-4.772666588246314,0.1324903779938887,-2.906820983705474,8.263692185528347,-0.6262980053859336
506,2697821635,8.742642,-4.742307,0.297777,-2.440315,8.534584,-0.981786,-0.70309,0.437996,0.547698,0.117665,8.746297123796467,-4.78772807036014,0.13522184717869634,-3.927773331740235,8.565197030296376,-1.244706591881293
507,2697838302,8.757259,-4.717413,-0.082773,-6.449177,7.983948,-2.163915,-0.703227,0.438069,0.547222,0.118787,8.729619689869068,-4.822061262871516,0.15832168247641673,-4.4476359846422255,8.149111024337902,-2.1077032093818984
508,2697854969,8.746517,-4.918049,0.235101,-3.773212,7.586886,-3.464631,-0.703478,0.437772,0.546915,0.119805,8.720474477470242,-4.844151317411589,0.21859264227562197,-4.250871363251413,7.396461056897774,-3.2524739681132795
509,2697871636,8.714927,-4.86638,0.293654,-3.331675,6.384101,-4.55805,-0.703643,0.437362,0.546808,0.120821,8.733389679130175,-4.824896895212142,0.2847007929394503,-3.5602419394634124,6.70281971787397,-4.649092314428994
510,2697888303,8.715243,-4.777617,0.464542,-2.322407,6.536318,-6.012865,-0.703857,0.436731,0.546794,0.121916,8.771931787184522,-4.768139932136442,0.2997122594122034,-2.9562584533855683,6.340395131643946,-6.207409609391792
511,2697904970,8.858438,-4.677039,0.206088,-3.301657,6.519184,-7.929143,-0.703972,0.436046,0.546885,0.123284,8.817210373151237,-4.716824621051111,0.2350336095575993,-3.0355774893128364,6.43409607527331,-7.803697468907018
512,2697921637,8.806942,-4.696668,-0.063259,-5.950781,7.037086,-9.37579,-0.703932,0.435507,0.546966,0.125044,8.836488259035065,-4.7207511239196,0.11617473028448942,-4.060362516905542,7.004666097920161,-9.34297953342078
513,2697938304,8.862628,-4.797347,0.055409,-4.070527,7.83404,-10.798436,-0.704047,0.434647,0.547088,0.126849,8.812451921746597,-4.790385647243517,-0.0005780468310674081,-5.694128369296553,7.994761746441946,-10.846508558544198
514,2697954971,8.832055,-4.890306,0.0495,-5.026651,9.290689,-12.701542,-0.704178,0.433704,0.54716,0.129016,8.767669451806162,-4.877718546388763,-0.06406054747452118,-6.882168133685153,9.24665585385833,-12.494301278691303
515,2697971638,8.662313,-4.84462,-0.074002,-6.951283,10.389542,-14.620758,-0.704235,0.432782,0.547201,0.131602,8.753877533295276,-4.903945086539745,-0.04335441920298507,-6.196677983345784,10.485842136551994,-14.544208947722021
516,2697988305,8.781744,-4.895191,0.001861,-5.241262,11.34408,-16.783361,-0.704428,0.43149,0.547309,0.134332,8.805223162904275,-4.8179683446466,0.06831435485014659,-2.876585249135956,11.384356422882869,-17.132119518277467
517,2698004972,8.848958,-4.744484,0.261909,1.387872,12.067926,-19.653584,-0.705031,0.429273,0.547646,0.136873,8.895908486709628,-4.643849084253941,0.24364629087389553,2.0576756434428765,11.70365002526187,-20.091934555650102
518,2698021639,9.003206,-4.400259,0.373978,6.344928,11.339659,-23.358543,-0.705803,0.42626,0.54838,0.139351,8.950767258650325,-4.47359405133619,0.41913451471253954,5.88864411179548,11.420298993292608,-22.994717432095655
519,2698038306,9.009622,-4.252016,0.565948,9.34269,10.511145,-26.186209,-0.706623,0.422724,0.549426,0.141826,8.911548313324785,-4.397777997800486,0.5242763873168069,5.981907729018085,10.721266211755228,-25.456310851045366
520,2698054973,8.832605,-4.444374,0.635902,2.313019,9.842393,-27.270458,-0.706921,0.419828,0.550451,0.144931,8.800682335952986,-4.42699955090849,0.5320477377425913,2.001712928562033,9.856835033373594,-27.473831836883214
521,2698071640,8.605889,-4.577441,0.480726,-5.103719,9.016089,-28.861191,-0.706653,0.417577,0.551492,0.14874,8.714792129199127,-4.480178828492418,0.48509807130549987,-3.4812482891161807,8.966174163046468,-29.454285724843277
522,2698088307,8.657675,-4.480017,0.29058,-9.164621,8.11951,-31.97257,-0.705982,0.415503,0.552713,0.153137,8.743720500894389,-4.4580040311747355,0.46327694499956384,-6.730213810447504,8.005831530473584,-31.876390120815017
523,2698104974,8.906406,-4.400028,0.509157,-4.836211,6.670659,-34.991497,-0.70537,0.412763,0.554346,0.157404,8.888329040402542,-4.333477395672286,0.5154215794522188,-5.503619204820753,6.81163031200602,-34.8891195160747
524,2698121641,9.164747,-4.08017,0.759939,0.754791,5.165193,-38.121452,-0.704878,0.409219,0.556432,0.161446,9.056993087999512,-4.171591000294685,0.6206505414325929,-0.4376665967461615,5.233336501890908,-38.189986160898705
525,2698138308,9.155551,-4.038348,0.708952,6.366082,3.511491,-41.219387,-0.704489,0.404872,0.558983,0.165247,9.144712637329468,-4.058783645217323,0.7147256923271729,5.734269024294437,3.2646957248632145,-41.25048158454988
526,2698154975,9.088017,-3.889708,0.714149,9.308817,1.172346,-44.108406,-0.703983,0.400029,0.561991,0.16896,9.120886798733537,-4.010696878954089,0.7470773887387672,10.155096063838394,1.1016759675035368,-43.68470752775826
527,2698171642,9.080915,-3.99395,0.731441,13.057348,-1.037694,-45.625519,-0.703442,0.394711,0.565378,0.172384,9.050029413306982,-3.9513257985235453,0.7098556591195329,11.42452883940268,-0.9244653215222929,-45.48159179301036
528,2698188309,8.998582,-3.999628,0.545268,7.430091,-2.863612,-46.367416,-0.702373,0.389934,0.568824,0.176234,9.033960290637287,-3.7919172677304074,0.6233578592989243,9.969081351473864,-2.525281538978877,-46.93694625508795
529,2698204976,9.026746,-3.569225,0.46538,7.499428,-3.449944,-47.960228,-0.701182,0.385013,0.572392,0.180198,9.127489384899926,-3.535501792394659,0.5106408335726905,7.453755744968679,-3.6226804852631123,-48.36635376034597
530,2698221643,9.33269,-3.213045,0.621312,8.288917,-4.206271,-50.333847,-0.69987,0.379811,0.576159,0.184286,9.296292620621239,-3.293113014433214,0.39334892545283806,5.926044661308049,-4.3647836430776605,-49.880259500420706
531,2698238310,9.561357,-2.871543,0.274033,7.481409,-4.930532,-52.029415,-0.698365,0.374546,0.580036,0.188563,9.44994300200982,-3.1792195468903897,0.3009108498566677,7.052384125784623,-4.97906728948063,-51.421858686792696
532,2698254977,9.535764,-3.37958,-0.063723,7.566933,-5.761584,-52.71442,-0.69673,0.369213,0.583999,0.192844,9.519020778433402,-3.185539978640765,0.26328219636091826,11.37023881184457,-5.5974699884375125,-52.95133549510006
533,2698271644,9.450611,-3.251557,0.515111,19.088963,-6.057909,-54.010761,-0.695605,0.362584,0.588344,0.196248,9.505917056964286,-3.1661956540265193,0.28727508614958286,17.675479298995924,-6.19010434361999,-54.50066511416229
534,2698288311,9.385585,-2.892657,0.498319,24.65992,-6.67481,-55.821545,-0.694612,0.355225,0.592959,0.199311,9.467506169279382,-2.957781073658074,0.349677865425503,23.15153000521734,-6.625790605664869,-56.04398332498856
535,2698304978,9.529646,-2.627842,0.192418,22.626165,-7.141662,-57.673252,-0.693359,0.347895,0.597606,0.202695,9.456639453215866,-2.527842363991055,0.41624991026643776,24.61983047839795,-6.778290398301524,-57.420316330416014
536,2698321645,9.430206,-2.017777,0.571169,21.317091,-5.985554,-59.122665,-0.692035,0.340506,0.602118,0.206379,9.483107304222944,-2.024739482745418,0.45607742602671975,20.403926156347673,-6.591668839411089,-58.4876436272535
537,2698338312,9.598401,-1.702012,0.244766,12.849527,-6.340814,-59.301533,-0.690196,0.333934,0.606367,0.210786,9.523658986812118,-1.6850051100091128,0.43862270312034246,11.7314879781683,-6.085653061625979,-59.345726287285714
538,2698354979,9.570031,-1.447875,0.516302,4.385392,-5.297274,-59.989605,-0.687959,0.328091,0.610237,0.216043,9.558588306335984,-1.6585550952545165,0.3419347977746595,2.70465033061284,-5.349063872286668,-60.3040478015656
539,2698371646,9.572577,-1.814531,0.210377,-4.759223,-4.833745,-60.96207,-0.68524,0.323036,0.613768,0.222213,9.592901675711465,-1.877850043916395,0.18602767282170712,-1.5485851915076914,-4.5547156996447296,-61.53637275952346
540,2698388313,9.569102,-2.243878,0.189438,2.277366,-3.848515,-62.663891,-0.682825,0.317068,0.617455,0.227951,9.643964928703943,-2.0832005996789076,0.05036554282757335,2.134380733369449,-3.947354738004605,-62.76170046171964
541,2698404980,9.724138,-2.124899,-0.254912,10.945963,-3.632447,-64.136856,-0.680718,0.31007,0.621421,0.233047,9.715603097848275,-2.005284984602274,0.025790867887028206,12.613531541157247,-3.7360992385349223,-63.33595361854257
542,2698421647,9.89889,-1.698326,0.022845,25.898556,-3.79571,-62.995846,-0.679242,0.30167,0.625795,0.236647,9.790354618745207,-1.5674972882788818,0.12335070192324783,24.60365804657104,-3.9283370211179434,-62.72972434293504
543,2698438314,9.825009,-0.695841,0.406297,32.118778,-3.946381,-60.86454,-0.678026,0.292823,0.630238,0.239439,9.845105811594195,-0.939146543928966,0.2369415013977188,31.6623636239353,-4.259069659177871,-60.9388600719275
544,2698454981,9.763043,-0.256018,0.309209,31.879543,-4.98742,-57.691311,-0.676745,0.284296,0.634576,0.24187,9.867413510174968,-0.39652952377159256,0.22521681946141597,30.310340992694826,-4.336644635660695,-58.417275440893754
545,2698471648,9.852612,-0.2693,0.10326,23.72427,-4.210834,-55.6166,-0.675209,0.276709,0.638407,0.24486,9.858182325825862,-0.11523809630315571,0.05298705097018776,22.535971935903973,-3.9303509738396807,-55.602534463704956
546,2698488315,10.023166,-0.116667,-0.204619,15.806781,-2.510916,-52.604301,-0.673568,0.270099,0.641619,0.248339,9.830174730526064,-0.05865706812765266,-0.14559443475615585,14.645227750690422,-3.160293928089118,-52.49443845849077
547,2698504982,9.680739,0.084978,-0.182934,8.600723,-2.220897,-49.153778,-0.671755,0.264488,0.644366,0.252148,9.80821108237504,-0.024716888659122412,-0.15659793806649594,12.665745496242474,-2.4261055854189086,-48.646788640275545
548,2698521649,9.762337,0.281937,-0.024072,12.366405,-2.74524,-43.256851,-0.670218,0.259068,0.647043,0.254995,9.819825384145123,0.20289831469287262,0.1355271958210988,17.231801174376063,-2.1564029470841537,-43.51816883673416
549,2698538316,9.893634,0.543835,0.662721,21.464365,-2.748849,-36.578098,-0.66924,0.253378,0.649777,0.256324,9.875951260647234,0.69040863336691,0.6268071938029939,22.16248684610011,-2.571208929935019,-36.870123763729566
550,2698554983,10.084188,0.932984,1.131553,26.545639,-2.857535,-29.196125,-0.668689,0.247885,0.652413,0.256439,9.96266584949891,1.2666906017757782,1.0348382145240227,18.907352359294325,-3.5454423239676736,-28.98471707758314
551,2698571650,9.988331,1.793487,1.081223,10.68078,-4.433708,-20.925055,-0.667707,0.244773,0.654294,0.257192,10.053369195030722,1.5951367431953927,1.0831509110911457,4.1254978109152205,-4.591277103836347,-20.662303441018906
552,2698588317,10.024786,1.888728,0.791123,-18.615484,-5.413446,-13.135829,-0.665873,0.24528,0.654888,0.259937,10.124420103942901,1.4061030690000713,0.6985553641804699,-16.039312270554795,-5.029624309617613,-13.014072477233364
553,2698604984,10.277909,0.644763,0.256285,-38.071938,-4.811487,-6.648862,-0.663633,0.248261,0.654444,0.263924,10.160851146694235,0.7341068987002748,0.07513721346792321,-29.48146688369119,-4.363375380884905,-7.061092542943597
554,2698621651,10.159918,-0.414379,-0.932937,-30.442583,-2.493417,-2.844633,-0.66202,0.250773,0.653915,0.266895,10.15812726054394,-0.0576102943907871,-0.44893250364425014,-27.146500605099597,-2.6348888007945797,-3.2712464724452572
555,2698638318,10.086361,-0.527148,-0.53929,-5.380716,-0.282598,-1.731675,-0.661568,0.250888,0.6541,0.267452,10.12387812845372,-0.515936641812455,-0.6143461493468156,-10.070934367635306,-0.45957415167001925,-1.3227734436595713
556,2698654985,10.04312,-0.31232,-0.243015,13.556444,1.821659,-0.402555,-0.662057,0.249227,0.654769,0.266157,10.072984465388862,-0.4105739065088198,-0.39504877020246865,11.24475768580131,1.3254949334352712,-0.31995417175788604
557,2698671652,10.047518,0.210809,0.087339,23.996157,1.601303,0.747822,-0.66294,0.246675,0.655816,0.263747,10.017109759889804,0.11958753621412908,0.021280309821375257,24.199007770318122,2.128093860844958,0.6244513439679082
558,2698688319,10.005652,0.335307,0.27213,23.084475,1.800269,1.526776,-0.663831,0.244276,0.656771,0.261353,9.960184115184417,0.6698510494770352,0.3815851121964674,22.35118205427023,1.8576019692724333,1.8059198681301383
559,2698704986,9.825112,1.031838,0.49829,12.757031,1.363845,2.343659,-0.664338,0.242965,0.657342,0.259847,9.903372690080722,0.8380026986964352,0.5184278550848553,9.024157611679819,0.8683800063609032,2.731919119042963
560,2698721653,9.877075,0.95599,0.556949,-7.892018,-0.579078,2.654021,-0.663939,0.243751,0.657308,0.260217,9.851590363259339,0.49586918631693205,0.419956886137635,-5.6363562643666745,-0.30131824325122825,2.4857162026324247
561,2698738320,9.858932,-0.24532,0.187848,-19.254843,-1.592113,1.424676,-0.662991,0.245555,0.656982,0.261755,9.815345683547674,-0.11143958338785487,0.20840231311314367,-11.932775139359274,-1.2288789322752018,0.47972849430233344
562,2698754987,9.797387,-0.984145,-0.069224,-8.365506,-1.725579,-2.600381,-0.662264,0.245928,0.657225,0.262635,9.806897334749168,-0.5374543905662661,0.05163645968691417,-7.22501992234898,-1.7908347471202155,-2.9048689087116073
563,2698771654,9.751738,-0.568345,0.063391,7.567062,-1.706831,-7.174708,-0.661931,0.244328,0.658237,0.262432,9.831370448626384,-0.4724398579161395,0.05382459278704184,2.9167550951198833,-2.124239551880097,-6.331970354624275
564,2698788321,9.922883,0.198211,0.181686,15.404833,-2.361634,-8.893764,-0.661745,0.241832,0.659668,0.261619,9.879269316921706,0.0292063379092712,0.191061852179955,9.776923307490062,-2.4097705817034316,-8.258326096147133
565,2698804988,9.975343,0.904229,0.394964,8.540846,-2.942183,-7.646445,-0.661305,0.240137,0.660845,0.261323,9.930678857071962,0.6247764284803584,0.33741734763679515,8.387352682737614,-2.6763722882617915,-7.863972911849821
566,2698821655,9.96674,0.987666,0.388898,-4.445354,-2.843151,-5.007987,-0.660519,0.23994,0.661424,0.262024,9.969403703859465,0.9702378478187872,0.36155769749394123,0.5238059275167686,-2.7914482481306155,-5.456442735499551
567,2698838322,9.927298,0.820214,0.228045,-10.480157,-2.505294,-1.898965,-0.659673,0.240609,0.661631,0.263017,9.991060139961013,0.9497401311788833,0.22120331574810842,-7.974239340176073,-2.6041393291612263,-2.1360877845276933
568,2698854989,10.028159,0.516923,-0.018189,-11.629594,-2.108861,0.746425,-0.658924,0.241627,0.661662,0.263882,9.997147792815605,0.6812029632312843,-0.011111091383909852,-12.25831945464832,-2.087933391887434,0.8861292784063666
569,2698871656,9.970286,0.38495,-0.246569,-8.466511,-1.318491,2.512677,-0.65843,0.242481,0.661676,0.264299,9.986925484151968,0.36229616483658894,-0.2031031445635253,-11.37392694250133,-1.3818956424548623,2.8007828147023948
570,2698888323,10.007127,0.26376,-0.293948,-6.628146,-0.912939,3.300089,-0.658068,0.243219,0.661693,0.264479,9.960160440564087,0.1303672784191559,-0.2536504545103726,-7.5001194156913895,-0.7344279211131258,3.3498587621135396
571,2698904990,9.914455,0.05883,-0.126232,-4.370628,-0.271392,3.092407,-0.65784,0.243695,0.661742,0.264483,9.925825503432955,0.029880708306535525,-0.15420722411505028,-3.4347376045107425,-0.39442876241970826,2.74236959463013
572,2698921657,9.875949,0.002801,0.042461,-2.108924,-0.424505,1.544542,-0.657617,0.243813,0.661949,0.264413,9.90185393175212,0.049183917005836124,0.017327289456851726,-0.8528646830911082,-0.4928816165738248,1.4943908400959116
573,2698938324,9.901179,0.065679,0.186735,-0.22447,-0.968442,0.008574,-0.65735,0.243623,0.662334,0.264289,9.902335899849927,0.15140408933901914,0.15633292611022667,-0.1200486062853516,-0.9659535738432758,0.224459925068222
574,2698954991,9.924095,0.294224,0.186049,0.314646,-1.615278,-0.803688,-0.657007,0.243328,0.66283,0.264167,9.92507266704419,0.28152341635526057,0.19543679303508305,-0.8468969278959954,-1.5713201438762787,-0.5908659944674767
575,2698971658,9.963749,0.477335,0.098593,-1.989467,-2.013517,-0.714633,-0.656548,0.243277,0.663272,0.264245,9.953295468738567,0.37968721238993386,0.13061633798530126,-2.3270057021174666,-2.0035002539688267,-0.7988016309729481
576,2698988325,9.991701,0.420595,-0.005352,-4.497168,-2.109424,-0.375136,-0.656004,0.243502,0.663615,0.264529,9.97024249049524,0.41192459849432406,0.004567566911504253,-3.7825228027045577,-2.0442456668918743,-0.5612373982896436
577,2699004992,9.966731,0.334497,-0.098175,-5.408647,-1.741241,-0.084945,-0.655475,0.243828,0.663876,0.264886,9.971874128543636,0.38948521269117853,-0.12691278004873405,-4.661856019685795,-1.6545839142668983,-0.16456331696827636
578,2699021659,9.940151,0.288896,-0.248367,-4.590334,-0.74898,0.132872,-0.655078,0.244058,0.664067,0.265178,9.965685723190647,0.3524678888574658,-0.21901543280644298,-4.901876872364066,-0.9566885665766676,0.18958321479546583
579,2699038326,9.937498,0.415706,-0.195704,-4.081179,0.013389,0.318334,-0.654779,0.244228,0.664198,0.265431,9.959105084238097,0.33443855631661523,-0.24599127071230942,-4.855827105218269,-0.1380191397219544,0.4597298708068137
580,2699054993,9.994632,0.338693,-0.212037,-4.2493,0.331652,0.690755,-0.65452,0.244438,0.664279,0.265675,9.95197169286668,0.3430685397886717,-0.20279243758494886,-4.9204799525146115,0.6350753700070862,0.6993439878654101
581,2699071660,9.966499,0.332098,-0.175062,-6.774343,1.098446,1.068684,-0.654259,0.244895,0.664175,0.266155,9.940894736501853,0.3675209895699312,-0.10815855660163343,-5.27450754165257,1.2434912883637472,0.9594652268843619
582,2699088327,9.860693,0.446042,0.027536,-6.138546,1.980765,1.169931,-0.65411,0.245268,0.664008,0.266595,9.927613656160084,0.39496059424983376,-0.0038789021657657623,-5.969083831007446,1.6159414236352265,1.2527841284677002
583,2699104994,9.9541,0.404713,0.084071,-6.471485,1.748099,1.601851,-0.653942,0.245722,0.663835,0.267018,9.919787569372602,0.4175125198305264,0.060636892767589524,-7.11471281308263,1.752653994964856,1.5821710655612082
584,2699121661,9.947797,0.383451,0.076155,-8.600965,1.532632,2.151717,-0.653699,0.24644,0.663579,0.267585,9.923753138009097,0.427461045216457,0.05586423317875385,-8.797119021420915,1.7485059829259977,1.97305760897575
585,2699138328,9.876973,0.400261,-0.038029,-10.841885,1.894335,2.496375,-0.653424,0.24739,0.663189,0.268349,9.937578025077485,0.41237055968166103,-0.008777746664312625,-10.774108403443444,1.759551050065947,2.451743245854815
586,2699154995,9.96854,0.431967,-0.091817,-11.970332,1.834888,2.467907,-0.653099,0.248446,0.66276,0.269222,9.951166072295605,0.36279071098553,-0.09220272999155148,-12.365619062007603,1.9190355901344356,2.971529200664226
587,2699171662,10.004321,0.280478,-0.146884,-12.989067,2.267551,3.402182,-0.652814,0.249672,0.662215,0.27012,9.954360157187546,0.2898911802150274,-0.15060554024043893,-12.80413195744687,2.2680745757220504,3.373033259377809
588,2699188329,9.912536,0.241307,-0.197106,-13.328844,2.768741,3.897058,-0.652583,0.250956,0.661589,0.27102,9.947026555805575,0.23231636892004592,-0.16565506789178888,-11.843636902873733,2.748782997584834,3.479876965108569
589,2699204996,9.939904,0.186907,-0.131965,-9.346665,3.346243,3.464957,-0.652534,0.251799,0.661079,0.271598,9.940785247598514,0.23569900233615376,-0.15168753007338706,-10.089373196672133,3.2523325923180493,3.298148392741046
590,2699221663,9.950382,0.32472,-0.134656,-8.105524,3.55496,2.89414,-0.652528,0.25246,0.660619,0.27212,9.948592714981334,0.31572678391463965,-0.13813725096061774,-8.647785912010821,3.6785843540081746,3.1243466013536
591,2699238330,9.961692,0.405556,-0.09342,-7.826769,4.085079,3.284887,-0.652598,0.253111,0.660105,0.272596,9.971327668268316,0.4365116849709598,-0.14176306993685603,-8.28958965587233,3.966054213107996,3.3987786445386035
592,2699254997,9.984584,0.57809,-0.211936,-8.561406,4.051015,4.282246,-0.652676,0.253929,0.659527,0.273047,9.994516231149627,0.5264034854556894,-0.15147365593045686,-8.847659619721751,4.08296621661779,4.377898600635789
593,2699271664,10.034383,0.564182,-0.111263,-10.313508,3.834959,5.940978,-0.652733,0.25508,0.658837,0.2735,9.999322448924595,0.5220100689186152,-0.13880486139125087,-9.429909363759862,4.00865061333301,5.8852573865456534
594,2699288331,9.968022,0.339943,-0.08714,-10.636615,3.653238,7.3188,-0.652815,0.256401,0.658099,0.273846,9.979321466157746,0.40804815809593653,-0.08573341245172103,-9.25737612275038,3.7513208426433313,7.351281929642359
595,2699304998,9.958215,0.205541,-0.057052,-7.716611,3.881741,8.173382,-0.65306,0.257517,0.657423,0.273839,9.9486434726422,0.227335597041607,-0.006611265265640032,-8.291758763313286,3.4140388478830297,8.144032870612557
596,2699321665,9.917895,0.139017,0.053408,-5.584441,3.376235,8.067819,-0.653331,0.25844,0.656883,0.273619,9.933028984244592,0.06132299272779927,0.05646454189978924,-7.019962247471567,3.236076749810646,8.004707449374697
597,2699338332,9.953111,-0.025631,0.139518,-4.641509,3.086516,7.773911,-0.653597,0.259256,0.656419,0.273326,9.94964826561992,-0.0038875258881031875,0.06701515031269968,-5.705998753475404,3.4974176560599437,7.323117931077251
598,2699354999,9.931899,0.084654,0.065647,-5.271736,3.963649,6.94534,-0.65389,0.260017,0.655876,0.273204,9.992627297422583,0.08378409333973183,0.03183662053330452,-4.087676936857729,4.295595204808048,7.037168490008772
599,2699371666,10.106221,0.237564,-0.002483,-3.670993,5.362296,7.625473,-0.654403,0.260636,0.655238,0.272917,10.03827713085684,0.30764990408423587,0.004298308159969904,-2.0006083467466285,5.400325488496193,8.13576151925001
600,2699388333,10.134588,0.605797,-0.072019,-1.331925,7.034781,10.739187,-0.655288,0.261262,0.654413,0.272174,10.065955546045767,0.5721530381499154,0.038384676451206655,-0.18683600943038997,6.389784612330205,11.038314415825303
601,2699405000,9.977703,0.747575,0.054314,1.943001,7.345698,15.413311,-0.656509,0.262008,0.653508,0.270685,10.072751787502925,0.7391145919675021,0.13107001236263285,-0.06563773068599299,6.9894890789114275,15.296911211373509
602,2699421667,10.047274,0.656758,0.371505,0.380509,6.662329,20.439589,-0.657799,0.263406,0.652412,0.268836,10.066742679653032,0.7050294226261464,0.21539789909294796,-2.3143801668104027,7.281428263287818,19.88586709215845
603,2699438334,10.024835,0.609547,0.259177,-5.841245,7.208807,24.007803,-0.659035,0.265713,0.650876,0.267255,10.052450265703785,0.477085838791698,0.22131411142626378,-5.68567938974795,7.569771806994744,23.89099615567848
604,2699455001,10.127773,0.301106,0.203591,-9.948336,8.264198,26.742384,-0.66031,0.268628,0.648965,0.265837,10.033572194177465,0.18894715278337387,0.14536868447088339,-7.6415755745848,8.06604149186809,27.092235553355316
605,2699471668,10.12575,-0.301683,-0.098298,-9.95754,8.943137,30.209057,-0.661771,0.27184,0.646842,0.264108,10.028396246388278,0.02298023636296285,0.05451045101641913,-6.582591182534582,8.728811590802096,30.037924539660278
606,2699488335,9.965836,0.215181,-0.159552,-1.864421,9.885091,33.74638,-0.663762,0.274564,0.644784,0.26131,10.062353264065134,0.07448852166650353,0.02159669625335478,-3.525140220379482,9.36587380859678,33.59173158154362
607,2699505002,9.913851,0.23126,0.377766,1.415961,9.132481,37.943542,-0.665955,0.277386,0.642741,0.257762,10.12622399448071,0.258856359404361,0.06674508686230135,-1.3546548315601508,9.807241800280137,38.25015342282007
608,2699521669,10.23797,0.011732,0.123174,-0.628681,9.43132,43.114414,-0.668264,0.280868,0.640361,0.253908,10.149619250130014,0.35282102890353506,0.16213893902678975,-2.2328069486006985,9.962650527213373,43.64112518078524
609,2699538336,10.240901,0.865872,0.308867,-5.484661,10.77764,48.151592,-0.670659,0.285232,0.637436,0.250061,10.04694943610291,0.16191579501894512,0.27252651125234,-5.743910262377286,9.803164171042553,48.56066061970623
610,2699555003,9.87165,-0.373872,0.12859,-15.232081,9.528446,53.160488,-0.672679,0.291039,0.634036,0.246562,9.810220593341036,-0.3136901646072511,0.3694277492736406,-9.616907300170382,9.376541417635552,51.638179365293766
611,2699571670,9.369308,-1.198702,0.493126,-13.20314,8.307842,52.720066,-0.674614,0.296633,0.63081,0.242854,9.547345993894519,-0.8712833393697641,0.41678143360864023,-12.083004722466832,8.809375104084824,52.23989520134626
612,2699588337,9.343755,-1.616325,0.443865,-8.357616,7.791269,50.098114,-0.676583,0.301513,0.627883,0.238923,9.408544177100172,-1.2784774311038152,0.38032278833249356,-13.22730644846553,8.198109259584133,50.89946863098731
613,2699605004,9.458964,-1.045932,0.473277,-12.377895,7.720701,47.881702,-0.678258,0.306574,0.624888,0.235561,9.464799955512603,-1.459869143688655,0.27380785546110814,-14.047361810924876,7.480941828134112,48.885765597584864
614,2699621671,9.781811,-1.380949,0.042014,-15.975181,6.942449,47.598892,-0.679658,0.311976,0.62183,0.232508,9.653440524790348,-1.515310525765929,0.17995056248520896,-14.698218763157286,6.485650179703582,47.29936986672877
615,2699638338,9.789246,-1.734469,-0.023511,-16.612902,5.193706,47.014015,-0.680816,0.31743,0.618919,0.229481,9.832966547249683,-1.5819740087874012,0.19255546869243717,-14.183741499569333,5.1433665145311815,46.494595017671735
616,2699655005,9.920769,-1.664014,0.40355,-12.673933,3.305006,46.386684,-0.681934,0.322487,0.616327,0.226063,9.888106163344645,-1.7080971420841378,0.3237473459768488,-11.754123242231366,3.626859589914118,46.20541860631762
617,2699671672,9.775848,-1.97063,0.553874,-6.880763,2.115234,46.085369,-0.683178,0.326967,0.614029,0.222089,9.799709571689053,-1.849542440350792,0.4783240935474934,-8.195825941324047,2.2512162558915896,46.04830498513416
618,2699688339,9.653027,-1.913791,0.677844,-3.833801,1.100605,45.581345,-0.684431,0.331119,0.61193,0.217836,9.64064315532524,-1.9495888741478233,0.5299856964392736,-5.493141059309281,1.2552502479605148,45.850866888630236
619,2699705006,9.515829,-1.944499,0.301323,-4.718201,1.230705,45.348999,-0.685616,0.33532,0.609776,0.213682,9.51476411499387,-2.002711818375297,0.4226682974354031,-5.288848051015372,0.6995482786454197,45.599393377244766
620,2699721673,9.411253,-2.131597,0.094009,-10.017292,0.386351,45.278656,-0.686438,0.340055,0.607519,0.209956,9.484046320778354,-2.0538335944462967,0.20261972741057868,-7.751018015593383,0.5532138112587117,45.216991904304486
621,2699738340,9.5533,-2.042367,0.0357,-10.962894,0.703797,44.621906,-0.687193,0.344803,0.605209,0.206385,9.530404907885966,-2.1544512694321942,-0.028196970517212566,-11.767114639806962,0.825525927268593,44.4732151271636
622,2699755007,9.515002,-2.332629,-0.055749,-17.125076,1.97503,43.475132,-0.687687,0.350013,0.602619,0.203527,9.578579371710168,-2.323666504368664,-0.17587503350281902,-15.941078620751695,1.5729078458023553,43.10387834090856
623,2699771674,9.81363,-2.64284,-0.368772,-18.850565,2.322365,40.634094,-0.688011,0.355123,0.600064,0.201113,9.564736235800542,-2.5435994655481005,-0.1886865409609857,-19.295230131748465,2.762378426934545,40.98059520613028
624,2699788341,9.419535,-2.797241,0.027015,-19.273283,3.688874,38.026852,-0.688333,0.359995,0.597471,0.19906,9.493132982435402,-2.780284967150659,-0.06389100683005516,-21.235817034896083,4.130749112512082,38.15776237453436
625,2699805008,9.238501,-2.967463,0.247534,-20.511118,5.842874,34.758808,-0.688659,0.364632,0.594779,0.197548,9.426434706676526,-2.9976879705411466,0.1550734181622741,-21.296780887940066,5.214943522190358,34.806508607934724
626,2699821675,9.458741,-2.930077,0.178502,-23.270021,5.808218,31.233059,-0.688713,0.369231,0.592181,0.196621,9.419807915277975,-3.152165456529035,0.38708172323736534,-19.33522523899858,5.592765343279674,31.173235387496213
627,2699838342,9.542719,-3.36207,0.58337,-17.239258,5.038683,28.12273,-0.68892,0.37297,0.589984,0.195439,9.469692093757528,-3.196264752428288,0.535644849471968,-16.00065298919867,5.150655472466846,27.617153183281257
628,2699855009,9.580002,-3.300218,0.653168,-8.60334,3.862539,24.584494,-0.689383,0.375569,0.588332,0.193804,9.527397218796283,-3.117958978780972,0.531797528282273,-12.54510186828561,4.12809250530908,24.60963484510278
629,2699871676,9.503348,-2.832578,0.396993,-7.865048,2.968767,21.827164,-0.689725,0.377878,0.586934,0.19233,9.551187246888109,-2.980773497894981,0.38190709943101053,-9.695428720697493,2.8964756368794458,22.569680327836473
630,2699888343,9.533195,-3.011543,0.097552,-8.317559,1.369008,21.572533,-0.68989,0.380253,0.585694,0.190832,9.536488508067562,-2.897610095277107,0.17898467722783906,-6.79036370351597,1.6933333976429021,21.62053264532548
631,2699905010,9.441632,-2.606348,-0.037306,-4.635676,0.602879,21.885138,-0.690197,0.382302,0.584609,0.188945,9.503470386418538,-2.9352435548772875,0.05181977875712451,-2.523813707089098,0.56273885346599,21.522746040073706
632,2699921677,9.490455,-3.00138,0.357083,2.034389,0.468233,22.547239,-0.690875,0.383738,0.58368,0.186414,9.471101600263164,-3.042987588536672,0.07920358372521225,3.170815971717124,-0.4696419215474701,21.895073836249175
633,2699938344,9.580327,-3.575556,-0.09061,7.862851,-1.65945,22.162039,-0.691679,0.384609,0.583138,0.183307,9.448466643010812,-3.098823055452213,0.2269090939518106,8.158653080002393,-1.2124728258040218,22.50779735195949
634,2699955011,9.350248,-2.939493,0.343783,13.56514,-1.776348,22.572945,-0.692796,0.38494,0.582727,0.179665,9.439937778346719,-3.0429627875121743,0.35222123550752427,9.433342547942082,-1.3689646868791063,23.352482371520026
635,2699971678,9.354661,-2.832246,0.533417,6.346079,-0.697781,24.912769,-0.693649,0.386162,0.581882,0.176458,9.443645153106415,-2.9564628869931346,0.2898084044583757,5.7617823946703925,-0.8315521117502261,24.478951941821926
636,2699988345,9.520516,-3.039765,-0.220612,-3.032103,-0.337448,25.984396,-0.694025,0.388408,0.580692,0.173955,9.443764204645673,-2.9883387104857406,-0.014826113622223545,-0.8200476373781097,0.08694069928995671,25.850159424928307
637,2700005012,9.436415,-2.851329,-0.058274,-5.964177,1.357765,27.780733,-0.694416,0.391052,0.579147,0.171611,9.417230505275171,-3.1999021430423698,-0.41654971011305714,-6.1806678524653575,0.7585596487505417,27.35857733178073
638,2700021679,9.389279,-3.712368,-0.646112,-8.408571,1.000864,28.581537,-0.694645,0.394013,0.577522,0.169369,9.356992071301978,-3.489969111410688,-0.6268302425914186,-7.066571155151135,0.627475604367703,28.879975036859204
639,2700038346,9.261914,-3.967854,-0.886495,-4.591807,-0.616051,29.340441,-0.694965,0.396687,0.5761,0.166634,9.284337544217681,-3.682873590400944,-0.4201651630629695,-3.485815694182284,-0.4540187733849226,30.224137325200683
640,2700055013,9.123114,-3.529633,-0.079687,2.210954,-3.197398,31.8197,-0.695509,0.398936,0.574951,0.162926,9.230786069446244,-3.692616079634531,0.1559153295927132,1.3525050734750614,-2.2065839223266805,31.07307418076588
641,2700071680,9.328839,-3.564591,1.407009,6.532651,-3.556592,31.381449,-0.696247,0.40071,0.573955,0.158878,9.20711552159122,-3.5992634922293143,0.7707572308302686,3.4737609688562903,-4.15126084569837,31.089151754939607
642,2700088347,9.119036,-3.600341,1.139305,1.524364,-5.528852,29.896257,-0.696482,0.402907,0.573117,0.155279,9.19328969660541,-3.5668293212063675,1.0478683664757866,1.0531174394305294,-5.806470777845593,30.161882591387844
643,2700105014,9.197495,-3.400006,0.605742,-6.952091,-6.55216,28.527216,-0.69609,0.405863,0.572262,0.152464,9.159870186625374,-3.690014974962091,0.8503097541612288,-4.438060165676885,-6.742493965202922,28.547384675750145
644,2700121681,9.120204,-4.080914,0.339846,-11.059432,-6.9515,26.894283,-0.695374,0.409101,0.571444,0.15013,9.099408574664373,-3.9174421226294207,0.36214859517889597,-9.584902637302749,-6.644497572000825,26.73917221893627
645,2700138348,9.085611,-4.409555,-0.02825,-9.750127,-5.903819,24.839994,-0.694768,0.412006,0.57066,0.147953,9.037065511561655,-4.115233565288182,-0.08067321774645772,-11.55283763963089,-5.495646282295107,25.16863852701622
646,2700155015,8.89899,-4.000295,-0.451812,-8.897361,-4.028208,23.610361,-0.694334,0.414678,0.569771,0.145941,9.0073099301138,-4.196991004881446,-0.23977575500315182,-9.819889566550899,-3.713414783189022,23.97595275126966
647,2700171682,8.98722,-4.157247,-0.0637,-9.056839,-1.143943,23.741831,-0.694123,0.41731,0.568574,0.144102,9.016001817470167,-4.189135130720818,-0.10871417810271004,-6.213425561333254,-1.984158235203013,23.02131126721845
648,2700188349,9.001313,-4.190069,0.416658,-2.839262,-0.232551,22.533291,-0.694332,0.419191,0.567482,0.141924,9.029103032460842,-4.179956315716845,0.13710520230704032,-3.5904043536939882,-0.8328665916714534,22.095827089217824
649,2700205016,9.259943,-4.093002,0.16954,-1.704412,-1.011754,20.017563,-0.694488,0.420762,0.56664,0.139858,9.00829079842524,-4.22310751359286,0.30153628432401614,-3.9891719529582623,-0.3060755840026126,21.11098712287994
650,2700221683,8.873091,-4.397534,0.241133,-6.184951,-0.763029,20.438421,-0.694394,0.422813,0.565651,0.138132,8.95799028732455,-4.297877914561466,0.3026293398250281,-7.256753316445145,-0.07384175369816173,20.096389085257865
651,2700238350,8.763147,-4.53795,0.34985,-13.388834,0.567713,19.523401,-0.693941,0.425486,0.564435,0.137173,8.925272569455576,-4.353483349844572,0.19290370646576596,-11.141360876495979,0.19040506596608425,19.070691922697193
652,2700255017,8.972047,-4.233027,-0.12213,-14.816293,1.127723,17.232941,-0.693394,0.428099,0.56327,0.136595,8.94669150458892,-4.375357242670883,0.081259461630483,-12.972431628365317,0.5582596865781148,17.96790876496469
653,2700271684,9.096749,-4.376156,-0.00424,-11.294691,0.683316,17.039726,-0.69302,0.430346,0.562228,0.13572,9.00326840924221,-4.397507674701728,0.038419093987061455,-11.640002820531995,0.8961877049308148,16.69224362742166
654,2700288351,8.931975,-4.377728,0.28096,-5.872856,0.978156,15.697467,-0.69298,0.43193,0.561343,0.134553,9.036281946627756,-4.4543740076684095,0.05858292461283497,-8.217331557174154,1.0292133459195103,15.231176763023463
655,2700305018,9.268711,-4.549005,0.020952,-4.964449,0.21368,13.218076,-0.692883,0.433231,0.560707,0.133514,9.004412254597877,-4.536364612392223,0.09136871509879646,-4.868086447031973,0.813827024525823,13.71029605542923
656,2700321685,8.689536,-4.791309,-0.010661,-4.657775,0.721273,12.259558,-0.692828,0.434413,0.560083,0.132577,8.91961218712434,-4.601843199249227,0.09906886782663,-3.199629219869837,0.1508992606271498,12.318914460771163
657,2700338352,8.679308,-4.618891,0.251787,-2.473291,-0.569358,11.428372,-0.692786,0.435331,0.559684,0.131465,8.830728384757505,-4.623515867812907,0.0839625311535164,-3.3882524224636796,-0.9489625629288803,11.154200763301777
658,2700355019,9.16221,-4.389595,0.118403,-3.104247,-2.688105,9.600213,-0.692495,0.436203,0.559602,0.130455,8.783004955151052,-4.607507058809836,0.06812067322106886,-4.447264321276857,-2.2860859103473166,10.129351697268355
659,2700371686,8.602015,-4.532476,-0.351185,-8.731454,-4.009031,9.497625,-0.691737,0.437658,0.559549,0.129828,8.79438197966416,-4.5695953232494615,0.05029421358225763,-5.164911258217147,-3.5039206598431205,9.048471750037853
660,2700388353,8.76624,-4.742996,0.204608,-3.501718,-3.533504,8.001748,-0.69132,0.438455,0.559642,0.128957,8.85320844217119,-4.515807472977055,-0.012453435981380628,-4.9812638809467815,-4.229693616616764,7.799163489090436
661,2700405020,9.072985,-4.540766,0.032931,-2.644371,-4.334771,6.197346,-0.690857,0.439033,0.559946,0.128145,8.923210540164833,-4.458070206253234,-0.16458547758538583,-4.226790454359331,-4.198689962154015,6.495689575813892
662,2700421687,8.784974,-4.225354,-0.385295,-5.16575,-3.308329,5.726584,-0.690309,0.439807,0.560128,0.127652,8.959443014684554,-4.428430271508452,-0.38530292925646137,-3.6534577444895415,-3.307050594149443,5.42922184130039
663,2700438354,9.137059,-4.278387,-0.829718,-3.86082,-1.879588,4.307243,-0.689932,0.440307,0.560283,0.127286,8.93992089500437,-4.453328682515342,-0.5776823911460572,-3.7526057578442362,-1.641078136275963,4.846500644403971
664,2700455021,9.023318,-4.793942,-0.643105,-2.456245,0.607143,4.51331,-0.689852,0.440636,0.5602,0.126944,8.887153338196383,-4.51972263103211,-0.6420230719590017,-4.419561659465655,0.5100720035986825,4.747636866235727
665,2700471688,8.388297,-4.658744,-0.451229,-6.810124,2.542529,5.877187,-0.689676,0.441478,0.559754,0.126943,8.84750050147437,-4.58608060370378,-0.5585698290951107,-5.133216281566103,2.729476942218242,4.890616760885283
666,2700488355,8.949117,-4.476882,-0.305038,-6.514041,5.217635,4.802939,-0.689716,0.442153,0.559114,0.127199,8.84397256281726,-4.624329363991841,-0.395122559585518,-5.431038532093119,4.654242564750884,4.989952993874722
667,2700505022,9.257949,-4.508462,-0.417544,-3.797288,6.039252,4.046597,-0.689982,0.442478,0.558491,0.127362,8.859352327293347,-4.636375283365714,-0.2449623390859335,-5.26115889244271,6.148210344416208,4.908823700198749
668,2700521689,8.573501,-4.868906,-0.035591,-4.391683,6.97719,5.597817,-0.690316,0.442971,0.557661,0.127477,8.868495474982305,-4.635147409764586,-0.16362933138718375,-4.902318767162691,7.314064813102935,4.688043481504984
669,2700538356,8.839704,-4.511979,-0.136114,-4.96049,8.323919,4.245492,-0.690695,0.443386,0.556773,0.127862,8.869695997267826,-4.628472523008216,-0.1503121018389474,-4.598292196768458,8.333085012319653,4.445116243709039
670,2700555023,8.946158,-4.653422,-0.366381,-5.416371,9.201642,3.822768,-0.691106,0.443795,0.555816,0.128382,8.874306159757312,-4.623151516589541,-0.168903739740683,-4.359583276954645,9.294568435287395,4.259756607421735
671,2700571690,8.855637,-4.671217,0.018781,-2.850298,10.639386,4.364413,-0.69181,0.443963,0.554725,0.128732,8.880578352026479,-4.629019164517642,-0.18037400236182652,-4.116880743347399,10.174807052180313,4.118919272089654
672,2700588357,8.898646,-4.538373,-0.167683,-4.577363,10.933624,4.060159,-0.692418,0.444274,0.55359,0.129272,8.872965696498133,-4.648672751325781,-0.16386868487653672,-3.971261224963161,10.94382543899888,3.950917041027451
673,2700605024,8.837294,-4.695341,-0.255219,-4.998462,11.266808,3.81242,-0.693019,0.4446,0.55243,0.129892,8.844258432180514,-4.666585792179355,-0.12229410491638962,-4.229885412783254,11.643629849100195,3.7249440740541058
674,2700621691,8.870964,-4.704282,-0.0593,-3.932589,12.260761,3.415654,-0.69376,0.444766,0.551213,0.13053,8.809686719813243,-4.657755628413617,-0.07719928831608383,-5.1664184364805354,12.354111379577523,3.518543310573443
675,2700638358,8.674673,-4.657859,0.049949,-6.597722,13.526595,3.402464,-0.694429,0.445176,0.549818,0.131465,8.795566087928227,-4.613493786058207,-0.05231955881769611,-6.699740212174806,13.120682896840403,3.470561270578679
676,2700655025,8.868876,-4.497817,-0.00676,-7.874722,13.890748,3.491341,-0.695042,0.445713,0.548354,0.132517,8.813357493060721,-4.557276288623566,-0.05109819077138717,-8.316738633487262,13.939615465137232,3.657851306954624
677,2700671692,8.824226,-4.499785,-0.193806,-11.554505,14.608228,4.27974,-0.695486,0.446668,0.546692,0.133828,8.845647295736512,-4.529565390860603,-0.05115329745866957,-9.413718458057433,14.784417935331144,4.016477870142401
678,2700688359,8.885726,-4.573367,-0.038863,-9.397285,15.633236,4.337676,-0.696148,0.447388,0.544963,0.135027,8.859809519515013,-4.554426387416511,-0.027374211379648253,-9.776938458542421,15.603327944587225,4.377223116053669
679,2700705026,8.891038,-4.609818,0.063245,-8.21796,16.327177,4.519246,-0.696943,0.447986,0.543171,0.136159,8.83702746404987,-4.621165541431075,0.02226877737259538,-9.670517300136726,16.2874550685386,4.570618887189159
680,2700721693,8.722692,-4.767012,0.197452,-9.233441,16.599735,4.632133,-0.697691,0.448689,0.541321,0.137376,8.788235946663645,-4.6967692494267155,0.07906363101088663,-9.40751067405679,16.669494320115618,4.505004692762034
681,2700738360,8.723551,-4.68264,0.057443,-9.694445,16.703106,3.979162,-0.6984,0.449381,0.53949,0.138702,8.742473068004978,-4.753600720285335,0.12484170612065366,-8.90475837404506,16.582333176000123,4.166031905940068
682,2700755027,8.731894,-4.820683,0.019918,-8.470014,15.860662,3.632186,-0.699112,0.449937,0.537791,0.139912,8.721666475515123,-4.786837891005505,0.15107917633523885,-7.718808670055032,15.947164597046616,3.559184742108024
683,2700771694,8.764075,-4.80641,0.185899,-4.998847,14.787086,2.762146,-0.699947,0.450092,0.536324,0.140868,8.72667490685491,-4.811123067781031,0.15446766006403767,-5.458713349037312,14.839334415821202,2.650748516535042
684,2700788361,8.760534,-4.84716,0.310218,-0.716016,13.725924,1.10727,-0.700943,0.449701,0.53516,0.141588,8.742008077984604,-4.84384098032603,0.14395461243804675,-2.1342635193094157,13.490996647253473,1.3513078991329128
685,2700805028,8.671798,-4.845979,0.180178,1.098087,12.280061,-0.457827,-0.70191,0.449033,0.534282,0.142231,8.746849214198726,-4.888829820148671,0.15603078649471405,1.7247996541074908,12.206547751669465,-0.44148421294094736
686,2700821695,8.709599,-4.96426,0.092146,3.01767,10.732487,-2.4073,-0.702841,0.448048,0.533727,0.142822,8.723435948804724,-4.931969332881689,0.23969325112932238,5.077108875822255,11.202278630604178,-2.75649587804768
687,2700838362,8.753789,-4.952841,0.225938,6.913403,10.573882,-5.547791,-0.703946,0.446422,0.533473,0.143422,8.667463176092182,-4.952361060313619,0.4044149721590239,6.6084876199904246,10.454974848315008,-5.481326922073745
688,2700855029,8.62022,-4.992532,0.79719,7.976281,9.700902,-8.441313,-0.704988,0.44448,0.533514,0.144177,8.600000988366565,-4.940214218768211,0.5899534400766797,5.428655607153544,9.692535740844368,-8.39861863336544
689,2700871696,8.508517,-4.809714,0.868354,2.407115,8.782031,-11.550542,-0.70553,0.442884,0.533732,0.145623,8.563665577766546,-4.905130739069236,0.7084632478017092,1.906545986669756,8.580146519280966,-11.339744839415728
690,2700888363,8.557038,-4.91801,0.607827,-4.080286,7.078402,-14.482226,-0.705455,0.44176,0.534174,0.147764,8.592941307162972,-4.8674798406281266,0.7201712961855122,-2.2434559746575897,6.98158381338261,-14.334498958179932
691,2700905030,8.66696,-4.842239,0.496242,-6.462092,5.037659,-17.39394,-0.705002,0.440694,0.534958,0.150256,8.681130177296716,-4.841929879020502,0.6582321958455033,-5.008242204339514,5.085710175230723,-17.59428905320145
692,2700921697,8.830651,-4.830974,0.662959,-4.976261,3.001743,-20.904032,-0.704402,0.439243,0.536201,0.152861,8.78027723809194,-4.826309124495863,0.5841968564256325,-5.410514620279602,3.290150465011635,-21.305179439471434
693,2700938364,8.880811,-4.775397,0.612927,-2.294685,2.11343,-25.555397,-0.703792,0.43717,0.537885,0.155673,8.840045747085558,-4.800694324347297,0.5360699960612123,-3.9074534186162078,1.9340627653701108,-25.402635638978264
694,2700955031,8.842326,-4.708422,0.499016,-0.487808,0.881649,-29.93573,-0.703089,0.434588,0.540005,0.158712,8.849262434768132,-4.736835007182405,0.5191502406549972,-1.6669886759323187,1.086269158533407,-29.533119839171466
695,2700971698,8.842717,-4.638995,0.508174,-1.419051,0.607388,-33.219437,-0.702213,0.43184,0.542326,0.162138,8.83906238494011,-4.617353905318388,0.524550043740305,0.3196756888001978,0.5357887544260824,-33.22968786003391
696,2700988365,8.69138,-4.622584,0.482775,-0.382425,0.280095,-35.421379,-0.701305,0.428809,0.544829,0.165683,8.846917417039402,-4.454005516799949,0.5397356923627745,1.4746891930717987,-0.032925650865227946,-36.1507376023424
697,2701005032,8.939328,-4.146641,0.604724,2.826767,-0.851281,-38.666122,-0.700407,0.425206,0.54771,0.169229,8.883556784865059,-4.282368932601913,0.5466916316098738,1.4684565900496758,-0.8327146195681513,-38.241683557302146
698,2701021699,9.127119,-3.909631,0.569051,2.288079,-2.182739,-40.629597,-0.699295,0.42152,0.550815,0.17293,8.939137967323603,-4.127712204474623,0.5241634416726956,0.3340580112356648,-1.8908739347352166,-39.76957387655274
699,2701038366,8.975418,-4.214272,0.357754,-1.648712,-3.152826,-40.580276,-0.69784,0.418246,0.553896,0.176874,9.012139586713607,-3.978545053895671,0.45857759074453197,-1.1895654825827617,-3.113210643970515,-41.180866349031845
700,2701055033,8.92775,-3.854692,0.342133,-3.061288,-4.511258,-42.177841,-0.696121,0.415004,0.557154,0.181005,9.112442400320734,-3.80740367504324,0.354815659888624,-1.8173078261656934,-4.3733611603160725,-42.7686115391122
701,2701071700,9.222416,-3.634097,0.448491,-0.93026,-4.752662,-43.957401,-0.694433,0.411392,0.560575,0.18512,9.230735513411586,-3.6176136810677573,0.23959845038955424,-0.6213381595016422,-5.518264618000491,-44.359607661296096
702,2701088367,9.42659,-3.300622,-0.010473,0.755702,-6.60609,-46.171684,-0.692603,0.40746,0.564336,0.189203,9.325104059392332,-3.4516181957446257,0.1521268010567597,2.114715862441065,-6.3357782864412275,-45.37131174418214
703,2701105034,9.479151,-3.333868,-0.004843,7.829999,-7.300446,-46.504906,-0.691091,0.402786,0.568351,0.192687,9.358789217299671,-3.3427671790942535,0.12059413478303291,5.036078385937263,-6.607000874640033,-45.285045086433215
704,2701121701,9.299097,-3.301941,0.334785,7.644578,-5.877258,-43.0149,-0.689751,0.398359,0.571986,0.19591,9.347304336198329,-3.268327842591734,0.14127762110838815,6.794161213304049,-6.239441530695496,-44.092255465322026
705,2701138368,9.198359,-3.215996,0.214212,5.158641,-4.853649,-41.460567,-0.688365,0.394265,0.575334,0.199235,9.349910773324996,-3.163188408597011,0.18269349238869342,7.014804381371948,-5.338461176721153,-42.25594677551703
706,2701155035,9.400813,-3.023669,0.059504,5.21016,-4.484234,-40.565971,-0.687012,0.390214,0.578571,0.202479,9.408741691839635,-2.9827562035384907,0.20885397958967172,6.300807810414138,-4.144426047423421,-40.28592353505818
707,2701171702,9.610501,-2.719337,0.254881,6.790419,-3.223991,-39.033165,-0.685873,0.386082,0.581621,0.205501,9.506258152085154,-2.749903204249172,0.19522269331042097,5.506198038229171,-2.9179761561650817,-38.44438887045818
708,2701188369,9.61472,-2.466629,0.120812,5.476259,-1.635302,-36.991707,-0.684833,0.382194,0.584337,0.208512,9.588357713208769,-2.540445071653246,0.1316610129280059,5.141235651654645,-1.8515996301558562,-36.84725009229761
709,2701205036,9.649887,-2.469416,0.043684,5.238915,-0.877457,-35.535797,-0.683866,0.378417,0.586872,0.211434,9.621194609536603,-2.423721603013945,0.027336469901761216,5.301004273131236,-0.9912313879376168,-35.699434052850286
710,2701221703,9.495025,-2.340996,-0.015853,5.21005,0.036056,-35.135044,-0.682968,0.374638,0.589275,0.214363,9.617126713955091,-2.41256905648384,-0.08228828473938901,5.827659355784983,-0.17960024837446148,-35.29147851900991
711,2701238370,9.632816,-2.625138,-0.193266,6.478242,0.915498,-35.335876,-0.682187,0.370677,0.591624,0.217244,9.610505949725031,-2.4600409333246356,-0.14538572338480138,6.399191017847852,0.8730566390811193,-35.743627427774996
712,2701255037,9.634524,-2.31275,-0.237734,6.431362,1.686381,-36.934361,-0.681399,0.366547,0.593963,0.220323,9.620580472270792,-2.4959768899413755,-0.12571297757102023,6.614227497725896,2.3448104767545224,-36.81450218833925
713,2701271704,9.712496,-2.608737,0.034137,7.055075,3.952336,-38.408878,-0.680768,0.362143,0.596156,0.223607,9.640738241656514,-2.4703022952048537,-0.029689146149563285,6.226173472445296,4.050317883340419,-38.03855142604434
714,2701288371,9.591065,-2.358748,0.150194,5.161109,5.904574,-39.227364,-0.680157,0.35778,0.598115,0.227231,9.653509399910266,-2.3759125697411148,0.10237289606133794,5.402819972932845,5.450531905886583,-39.11716961742703
715,2701305038,9.613651,-2.15305,0.350791,5.292787,6.403425,-40.215698,-0.679537,0.353287,0.600058,0.23096,9.647280737269378,-2.243682477257962,0.23252193469275131,4.699924390726219,5.996297276163589,-40.2145918512182
716,2701321705,9.627651,-2.169587,0.151142,3.187264,5.03901,-41.919376,-0.678606,0.348886,0.60213,0.234961,9.623851043814948,-2.118254795543621,0.3450327076695023,4.648417625166128,5.5501761264281475,-41.857885546580164
717,2701338372,9.741203,-2.125291,0.419556,4.797477,4.579,-44.117115,-0.677612,0.344135,0.604388,0.239005,9.600926486761148,-2.0298397689571206,0.4286077404316052,5.297709976110259,4.533062014896825,-44.46320552943856
718,2701355039,9.540689,-1.834633,0.430034,7.512169,4.421256,-47.128849,-0.676604,0.338839,0.606877,0.243086,9.605929585085978,-1.973019466762365,0.45599478333990556,6.229933538690178,3.66467966822137,-47.84002543643848
719,2701371706,9.471672,-1.889059,0.610723,7.808663,2.566411,-51.760418,-0.675243,0.333153,0.609753,0.247493,9.654140467642195,-1.8998392006926337,0.40457974531516705,7.126610069196497,3.4606010807097456,-51.09783228964877
720,2701388373,9.861809,-1.757622,0.257465,8.655727,2.958047,-53.504364,-0.673853,0.327192,0.612666,0.251999,9.727956351616506,-1.7389661854926266,0.30175396653328485,8.281824208836717,3.821593975603239,-53.09520351093585
721,2701405040,9.87861,-1.571209,0.156758,9.177029,4.849859,-53.284382,-0.672619,0.32111,0.615361,0.256509,9.787171148188857,-1.4433769742094569,0.23139401696799355,10.349511131863604,4.060211364151907,-53.110368350393394
722,2701421707,9.733788,-1.016991,0.239399,12.312407,4.587682,-50.967243,-0.671552,0.314918,0.618052,0.260484,9.80625419906685,-1.0354080923911688,0.2737596633015817,13.396817057306196,3.4396852680723384,-51.195107484145986
723,2701438374,9.778845,-0.481839,0.398355,15.701845,1.603248,-47.369587,-0.670467,0.308811,0.620961,0.263651,9.797031430536242,-0.6037228775524031,0.4302898184151675,16.240931689845716,1.807718995113606,-47.954525151509806
724,2701455041,9.786233,-0.253746,0.630434,18.80331,-1.176413,-43.975422,-0.669364,0.302799,0.624074,0.266067,9.792340728134072,-0.24768873839870897,0.6103744789229876,17.00080481179298,-0.28537684967285487,-44.01097341393354
725,2701471708,9.811374,-0.100756,0.823253,15.951149,-2.623884,-40.169605,-0.668119,0.297451,0.627019,0.268295,9.812997412025828,-0.018560640916102822,0.6993604886820899,14.654605352810123,-2.1144771708080756,-39.64146844673919
726,2701488375,9.869012,0.21306,0.685161,10.712875,-2.63739,-34.725693,-0.666833,0.293098,0.629502,0.270461,9.85378362131572,0.09253734550738382,0.6480343283201601,10.24271988861021,-3.4132050587679292,-34.833562238153824
727,2701505042,9.883142,0.015986,0.331667,2.872454,-4.697973,-29.506403,-0.665212,0.290055,0.631638,0.272744,9.897477715355514,0.12002494398373131,0.5030881473265678,6.476841960133783,-4.497463283944493,-29.596559050973063
728,2701521709,10.008516,-0.113691,0.396891,6.982083,-5.783938,-24.590416,-0.663847,0.287105,0.633822,0.274122,9.937326419828816,0.08748357781445053,0.3556034866711631,5.930571113854596,-5.813794612422947,-24.1971054970051
729,2701538376,9.960279,0.256263,0.265835,10.844046,-6.681034,-18.898621,-0.662778,0.284337,0.635998,0.274553,9.982748298549922,0.01194993579316237,0.26072082514954464,9.248296415285042,-7.372692505676702,-19.127736541124833
730,2701555043,9.927688,0.344136,0.230343,13.072415,-8.609183,-14.515173,-0.661788,0.281834,0.63826,0.274272,10.041367937622534,-0.06345213314375966,0.19940374692175256,14.677629715412586,-8.583056960170055,-14.862706522183199
731,2701571710,10.145171,-0.610577,0.019432,17.037144,-9.507246,-11.375093,-0.660994,0.279272,0.64063,0.27328,10.098035262014763,-0.07594586402940734,0.1074282607290989,19.15426531917233,-8.660820046139847,-11.630024725386928
732,2701588377,10.206094,-0.326269,-0.028343,24.312347,-7.583978,-9.810458,-0.660728,0.276076,0.643029,0.271533,10.119022778484238,-0.015161298265558247,-0.054919270773756176,20.286709805077685,-7.308562327891791,-9.42170258870327
733,2701605044,10.046185,0.435951,-0.016017,19.703186,-5.176489,-9.210163,-0.660514,0.27328,0.64498,0.270252,10.081782009136523,0.030849035203707662,-0.24364170731911775,18.086747635656323,-5.082562697740135,-8.225001755371064
734,2701621711,9.969499,0.216104,-0.437012,13.646502,-1.7562,-7.574911,-0.660437,0.271082,0.646293,0.269516,9.99905077776453,-0.04382277742802672,-0.33587805624960837,15.090531115511073,-3.0813290641290836,-8.172514419345642
735,2701638378,9.919168,-0.282518,-0.417279,11.22592,-2.413743,-8.622816,-0.660157,0.269041,0.647612,0.26908,9.912388238367239,-0.22231167991602993,-0.2186561779469226,14.347532522547775,-2.194344662672443,-9.348198799762564
736,2701655045,9.87951,-0.558885,0.126762,15.901814,-3.062335,-11.187066,-0.659893,0.266333,0.649271,0.268422,9.863453986958042,-0.3454109517247424,0.09560823216433911,16.68592986052037,-2.548196112407249,-11.408441296369785
737,2701671712,9.837755,-0.442196,0.440922,19.207663,-3.640815,-14.031281,-0.659583,0.263058,0.651217,0.267699,9.868687584442,-0.2651015162036505,0.4363663760002654,19.810094762496398,-3.556981021659848,-13.492956755947203
738,2701688379,9.917937,-0.028582,0.671047,25.585779,-4.254271,-15.242052,-0.659399,0.259076,0.653504,0.266459,9.913483961466525,-0.007008321072790577,0.5803129242356376,20.39352296477824,-4.4184448570570645,-14.652329951972579
739,2701705046,9.99817,0.556768,0.585029,20.356892,-4.570655,-14.499088,-0.659004,0.255673,0.655578,0.265629,9.965515438489813,0.2456727312602811,0.4229821226491771,17.364152141142366,-4.608631426638845,-14.446696065025357
740,2701721713,9.986886,0.468554,-0.013838,8.778715,-4.416529,-12.68466,-0.658255,0.253543,0.657114,0.26573,9.996023834352165,0.3366075906885121,0.07157886310282895,13.074311029286434,-4.080050381257074,-13.148247642080431
741,2701738380,9.984978,0.192469,-0.363157,6.711844,-2.842012,-10.92208,-0.657645,0.251718,0.65835,0.265917,9.99460546569123,0.29259583645868553,-0.22766561243628053,10.930969747835174,-3.145250544467447,-11.36932658848831
742,2701755047,9.958259,0.107434,-0.306831,12.753579,-2.087411,-9.597113,-0.657375,0.249411,0.659695,0.265425,9.969655329380064,0.2861441620378707,-0.274138294259237,11.715679805504028,-2.185700264978722,-9.497156110329179
743,2701771714,9.969212,0.27283,-0.065032,12.908125,-1.393434,-7.627096,-0.657249,0.24725,0.660903,0.264752,9.938519952933962,0.44650784746799005,-0.060222829535883954,12.35644995046296,-1.3802801597558851,-7.461331365790327
744,2701788381,9.880627,0.897479,0.302013,12.547894,-0.545833,-5.318097,-0.657276,0.245311,0.66193,0.263923,9.916759704340683,0.7169639758986981,0.23366403435915922,8.542083703396216,-0.6267750589645634,-4.995763923956291
745,2701805048,9.935676,1.02118,0.458468,-1.053886,0.108194,-2.183444,-0.656999,0.244948,0.662258,0.264126,9.912082987025787,0.8997335072988993,0.38375084736669707,-1.2008309381891262,0.29705493891885343,-2.092131650318976
746,2701821715,9.928428,0.828872,0.309503,-13.647736,1.225959,0.888755,-0.656498,0.246041,0.661885,0.265288,9.923254322563936,0.8366011465333981,0.2882927983272689,-13.711847776568101,1.4675465968792536,0.7948511827180862
747,2701838382,9.915558,0.642119,0.024546,-27.290403,2.615902,3.200808,-0.655726,0.248603,0.660765,0.26759,9.942449954388737,0.5490654034247562,0.029726122456329072,-23.299225775189765,2.6738154884757686,2.975061874137557
748,2701855049,9.961122,0.032303,-0.31015,-27.169598,4.090071,4.367559,-0.655137,0.251205,0.659458,0.269819,9.95998258140294,0.21595621105425922,-0.2031738175772334,-25.91254597381483,3.5381539328228935,3.9867229707391623
749,2701871716,10.018612,-0.129181,-0.319937,-20.947033,3.766885,3.610032,-0.654708,0.253152,0.658446,0.271508,9.970082933002383,0.02408078950871207,-0.26303511403111385,-21.86736991552584,3.8039123266992894,3.9129285345970155
750,2701888383,9.947893,0.130859,-0.106596,-11.5823,3.467507,3.053542,-0.654569,0.254164,0.657849,0.272341,9.973882535888077,0.03468123261299745,-0.14441634239376946,-15.055004734719123,3.5314760589548646,3.311203885063782
751,2701905050,9.939182,0.423013,0.105177,-8.933175,2.805123,2.842825,-0.654456,0.254929,0.657428,0.272915,9.975591643919488,0.17385194901754497,0.03369389026979231,-9.72027063391888,3.028126261575956,2.8440493626843546
752,2701921717,9.998033,0.240318,0.175818,-9.613653,2.313897,3.09812,-0.654279,0.255803,0.657016,0.273513,9.975184528080034,0.3231115047463024,0.13503975713257776,-7.758156580743092,2.6000638163108305,2.9068326602339662
753,2701938384,9.984882,0.215189,0.108212,-10.293619,2.751887,3.505426,-0.654135,0.256763,0.656519,0.274152,9.967059582810077,0.4019476934424127,0.10754488609217891,-8.458440909122038,2.3733348322193155,3.477782713203425
754,2701955051,9.940331,0.422374,-0.069535,-9.936797,2.541389,4.013608,-0.654003,0.257745,0.656036,0.2747,9.947433019469635,0.3826076329291006,0.0024733863250564238,-10.094450783421438,2.318639406852462,4.203522789700887
755,2701971718,9.915647,0.36905,-0.112851,-9.859407,2.448786,4.585206,-0.653887,0.258778,0.655543,0.275183,9.921530969176153,0.2725732588011326,-0.08665304650932111,-11.408827515249834,2.374981807371052,4.612787380222674
756,2701988385,9.912213,0.17455,-0.124282,-11.780773,1.932127,4.685199,-0.653651,0.260023,0.655017,0.275819,9.90145961203625,0.1116488817564535,-0.09986573670908992,-11.892554104278647,2.4858525902264343,4.355951278763366
757,2702005052,9.879825,-0.136098,0.06989,-10.991374,2.380234,3.262336,-0.65343,0.261039,0.654532,0.276532,9.89619369744466,-0.02858430815357428,-0.03916398814910161,-11.335950774276686,2.5300445148419684,3.3846999660776613
758,2702021719,9.894903,-0.108018,0.046675,-10.439075,2.779063,1.967754,-0.653214,0.261863,0.654081,0.277331,9.903219267876244,-0.07534556455617604,0.056540480080269954,-9.64953128701486,2.312262886528364,1.9864097751270045
759,2702038386,9.916389,0.03334,0.124789,-8.287208,1.965935,0.608872,-0.652948,0.262386,0.653844,0.278022,9.910368514890138,-0.0029117737579201705,0.14829405341252652,-7.207452666617134,1.71095573315571,0.6441558597956212
760,2702055053,9.932738,0.14921,0.156409,-5.014788,0.660853,-0.256217,-0.652647,0.262568,0.653896,0.278435,9.907906900641592,0.1471169980934364,0.20960288258479398,-5.088581861582645,0.8448428160335216,-0.1970863895226176
761,2702071720,9.900493,0.289117,0.235587,-3.421268,-0.193517,-0.373702,-0.652321,0.262622,0.654097,0.278674,9.900490089514369,0.2948402828254824,0.21958396185019224,-4.584085418716866,0.04921839053903393,-0.31520640618914203
762,2702088387,9.899979,0.402776,0.200052,-4.899107,-0.546409,0.288469,-0.651931,0.262894,0.654247,0.278977,9.905827103748274,0.3764089292006765,0.16412259668634716,-6.181241678288123,-0.3422484038477725,0.25399015381135653
763,2702105054,9.912063,0.432609,0.079883,-9.452383,0.204844,1.496314,-0.651487,0.263682,0.654095,0.279628,9.937941698319944,0.3814296166043598,0.0528604967449885,-8.98898340016497,-0.2032149330901208,1.3230560786135372
764,2702121721,9.977592,0.311411,-0.114486,-13.463708,0.450035,2.844119,-0.650967,0.264967,0.653702,0.280541,9.989464523194329,0.34665878593968796,-0.06972253663874571,-11.316071860586574,0.35917431473188977,2.692611547782272
765,2702138388,10.061095,0.163284,-0.10369,-12.001566,0.748231,3.960679,-0.650575,0.266208,0.653297,0.28122,10.031816066079063,0.31427617851185624,-0.1413448319054129,-11.989885717423823,1.1243709943540217,4.205286017016667
766,2702155055,10.038095,0.403941,-0.17143,-9.728822,2.031683,5.334021,-0.650448,0.267311,0.652807,0.281603,10.03707283792433,0.29538451255953624,-0.12169245569974538,-11.228159175210576,1.8926361479373546,5.703329595358392
767,2702171722,10.027699,0.334067,-0.069892,-10.481787,2.68582,7.173066,-0.650428,0.268633,0.652153,0.281907,10.003739311768998,0.27539812872353997,-0.02475747353157301,-10.336671103874972,2.561889107393603,7.012103056944016
768,2702188389,9.972159,0.248104,0.160459,-10.620224,3.226249,8.519783,-0.650507,0.270072,0.651387,0.282118,9.961870722689767,0.250383147476864,0.08507418578566651,-10.627310209839678,3.1408276004108253,8.052673615650098
769,2702205056,9.869557,0.256001,0.177791,-12.836994,3.58461,9.180002,-0.650559,0.271768,0.650469,0.282489,9.949580401630755,0.24403552716522536,0.13467441552440065,-12.482286038412092,3.693670996847418,8.991454538014672
770,2702221723,9.997375,0.198061,-6.8e-05,-15.317297,3.845348,9.813128,-0.650559,0.273746,0.649397,0.283045,9.979793365669167,0.2775772928842997,0.09172194928829407,-15.110403744889204,4.240741566115336,10.203031850920663
771,2702238390,10.055612,0.148364,0.030645,-15.90648,4.873329,11.548519,-0.650701,0.275901,0.64813,0.283531,10.027681252997175,0.3280485700142589,-0.013652485005100912,-16.9769555496892,4.710632556313094,11.982892949158524
772,2702255057,10.074762,0.554596,-0.049859,-15.654816,5.450974,14.283977,-0.651016,0.278263,0.646704,0.283756,10.051565776192906,0.33696780701318396,-0.10783967535996833,-16.690598619529773,5.020554326775612,14.264688443422301
773,2702271724,9.95799,0.533695,-0.212529,-17.630846,5.406487,16.818991,-0.651345,0.281051,0.645091,0.283922,10.029991858547758,0.27681362775856855,-0.12028858342056009,-14.049365462459964,5.206053226118478,16.682559676166324
774,2702288391,10.073397,-0.123629,-0.026387,-10.987894,4.730245,19.430527,-0.651984,0.28348,0.643705,0.283187,9.984787495736777,0.2010489611917864,-0.03145853911870971,-10.625423547373085,5.420230794559485,19.010294792589267
775,2702305058,9.999236,0.190768,0.069846,-6.389357,5.737032,22.197002,-0.653015,0.285687,0.642292,0.281798,9.970128063370392,0.20480358471287907,0.10879525992929233,-9.13370733508778,5.760523889747695,21.586959113789895
776,2702321725,9.939482,0.339755,0.274275,-10.845022,6.085959,24.69908,-0.653988,0.288533,0.640552,0.280599,10.027914608855546,0.32500364532660253,0.2124746990954883,-11.621557257636596,6.116519727795536,25.237802541269875
777,2702338392,10.106531,0.474914,0.28744,-17.927176,6.848847,30.193428,-0.654947,0.292529,0.638209,0.279564,10.136214665402512,0.4834046243659009,0.21854925166114286,-17.777369441748803,6.238283010573931,30.587488225515926
778,2702355059,10.083321,0.865291,0.111445,-26.019726,6.138415,36.378876,-0.655727,0.29789,0.63532,0.278652,10.200481833950013,0.528214981047215,0.14091473929252452,-24.84787375070498,5.962601858535402,37.26480222810232
779,2702371726,10.285909,-0.272234,0.05447,-31.052349,4.309567,43.701458,-0.656386,0.304467,0.632055,0.277415,10.120503543700487,0.33453767914830024,0.05603553791105314,-29.307324290877006,5.3455405674917795,43.76251503923506
780,2702388393,10.208464,0.06882,-0.213782,-26.377962,5.046637,50.372223,-0.657551,0.311164,0.628574,0.275126,9.89274471831666,-0.10441464191702601,0.041083960626841734,-28.96873349196125,4.57996773784898,48.272449453529
781,2702405060,9.380309,0.226818,0.448662,-24.218212,4.250481,49.919662,-0.658681,0.317625,0.625237,0.27263,9.643004684354091,-0.643120044770641,0.11952622204383645,-24.11007472889326,3.8242433956842454,49.930533537204724
782,2702421727,9.22372,-1.80429,0.310591,-20.833138,2.665136,48.509331,-0.65973,0.323678,0.622216,0.269873,9.529701141636979,-1.0521957750057849,0.25485489868797967,-17.13683144028849,3.1026864041943107,49.41910939467222
783,2702438394,9.724971,-1.77441,-0.019081,-8.202727,2.137647,48.130573,-0.661277,0.328489,0.619727,0.265971,9.600189004775439,-1.189129276827395,0.37903913012074136,-11.13677015745596,2.2972499529833597,48.38160024347147
784,2702455061,9.946259,-0.577027,0.558021,-5.065042,1.607536,47.422417,-0.662868,0.33294,0.617418,0.261817,9.752524519352281,-1.1343199383855904,0.42741620501429434,-8.086025982403342,1.1904161042129178,48.169208732575854
785,2702471728,9.919018,-0.701649,0.726199,-10.686521,-0.560449,49.49543,-0.664039,0.338185,0.614973,0.257851,9.843240239628718,-1.122504505537514,0.3755220258284008,-7.767598088109154,-0.4408576169838943,48.98493733699904
786,2702488395,9.726007,-1.418015,0.124236,-8.980113,-3.082517,50.679462,-0.665078,0.343448,0.612746,0.25348,9.819251019060298,-1.3157323071482647,0.2632773425307379,-8.248252444400176,-2.685450603578654,50.032068863408405
787,2702505062,9.620279,-2.178119,-0.225363,-7.90966,-4.918274,50.800739,-0.665976,0.348668,0.610698,0.248897,9.740166045050593,-1.6651481657138567,0.1679381645197588,-7.579539907854317,-5.364421097041707,50.360736902390215
788,2702521729,9.726092,-1.723876,0.469081,-3.954955,-7.771703,48.863003,-0.666717,0.353418,0.609136,0.243994,9.691895643958778,-1.99549846474012,0.13315345928331335,-5.292963074012018,-7.981691762079081,49.608624111228735
789,2702538396,9.66977,-2.228135,0.143713,-3.662378,-9.906268,47.878651,-0.667217,0.358111,0.607812,0.239038,9.698652827843794,-2.18488901094893,0.128056538367913,-2.5471475337060374,-9.845786846406593,48.10319472515112
790,2702555063,9.852945,-2.24774,-0.117132,-0.512284,-10.92475,46.73695,-0.667718,0.362415,0.606726,0.23385,9.71555406411093,-2.249205527132264,0.08240964080898067,-1.0165571435329404,-10.383745082528192,46.43905553267871
791,2702571730,9.596616,-2.235868,0.203399,-0.789479,-9.496785,44.903759,-0.66824,0.366521,0.605562,0.228928,9.688910010280944,-2.2877092956235487,-0.0420099384659374,-1.4791286024756474,-9.488664407915964,45.006520826293205
792,2702588397,9.676092,-2.364318,-0.316279,-1.474662,-7.484455,43.831223,-0.668838,0.370516,0.604211,0.224269,9.614774337044253,-2.3772543796141976,-0.21221446337363903,-3.1440930351727894,-7.624239298713583,43.810128365268966
793,2702605064,9.52057,-2.392801,-0.283207,-5.641515,-5.007597,42.399994,-0.669358,0.374696,0.602538,0.220241,9.544131433476421,-2.512695555910245,-0.3476207596988157,-4.287230086742813,-5.559427572661904,42.59871326829778
794,2702621731,9.529262,-2.977196,-0.634189,-7.986077,-4.460314,41.542435,-0.669745,0.378998,0.600762,0.216524,9.535679172115554,-2.629854399039802,-0.38616016211496995,-3.8066230930231724,-3.9135246364652065,41.146063881669306
795,2702638398,9.548157,-2.410647,-0.153519,-0.407526,-2.754149,39.6786,-0.670619,0.382333,0.59914,0.212412,9.597309277619697,-2.6766841593527753,-0.3366218222233735,-2.3278467353580767,-2.8332584689655222,39.47998996808152
796,2702655065,9.567354,-2.770268,-0.267711,1.774117,-1.492793,37.713245,-0.671643,0.385233,0.597554,0.208366,9.667040020914579,-2.6638816131614615,-0.26764049297049824,-1.6365929854403092,-1.9922483769720667,37.89343405279078
797,2702671732,9.871313,-2.62214,-0.2286,-3.057684,-1.054608,36.094692,-0.672367,0.388441,0.595853,0.204917,9.658845529201717,-2.6543896184103053,-0.24271596956888672,-2.8498919210599456,-0.8900092180071427,36.72237893424321
798,2702688399,9.556733,-2.727235,-0.198378,-6.902925,-0.163371,36.221226,-0.672938,0.391999,0.593927,0.201833,9.54347480372759,-2.7087968443143438,-0.2658701511459085,-5.16911480517539,0.7222885532950372,36.09585855360875
799,2702705066,9.360264,-2.773233,-0.382412,-7.282467,2.9949,36.288609,-0.673744,0.395498,0.591662,0.198951,9.389684685120436,-2.8339813147546664,-0.2904082702486929,-6.477645208118735,2.56315527342051,35.91659513274244
800,2702721733,9.233071,-2.874296,-0.496763,-4.276868,3.99585,36.648029,-0.674801,0.398693,0.589351,0.195827,9.314950015106806,-2.9752552949740667,-0.2761045792860473,-5.140668315715714,3.9399826965957874,36.0831249354997
801,2702738400,9.269229,-3.281299,0.126577,-1.90357,4.495876,36.239914,-0.67601,0.401595,0.587066,0.192564,9.38102284884093,-3.063280046951292,-0.23091168538507764,-1.3501827357495473,4.245633032940278,36.66837860499798
802,2702755067,9.676178,-3.176782,-0.307284,2.256407,4.0742,37.235653,-0.677435,0.404175,0.584865,0.188818,9.530777840037993,-3.081259273767166,-0.1961581156121279,2.9951237873109458,3.456615312393895,37.809359533421315
803,2702771734,9.586803,-2.890284,-0.265621,7.537124,1.610055,39.41021,-0.679002,0.406475,0.582905,0.184257,9.628113000557361,-3.086817331920258,-0.20066860248691284,5.636429884640965,2.1902216355589488,39.42401523121386
804,2702788401,9.693628,-2.982711,-0.179367,7.0533,0.607761,41.531052,-0.680488,0.409016,0.580887,0.179463,9.566375227791376,-3.160367989130821,-0.2357972360129255,5.470693209670878,1.230032738531526,41.10525126892058
805,2702805068,9.331318,-3.573826,-0.321677,0.453674,0.882664,42.767288,-0.681613,0.412293,0.578574,0.175114,9.349904977599286,-3.3343287608529284,-0.26633073792113926,3.1155461592442624,0.9084695954309092,42.341443344449864
806,2702821735,8.947364,-3.643807,-0.153637,-0.569617,1.40386,42.636009,-0.682692,0.415632,0.576172,0.170889,9.082537475938992,-3.5773313508692093,-0.25524221903890276,0.1686375377120064,0.8805131997314857,42.83163970791363
807,2702838402,8.868011,-3.734847,-0.270199,-1.401753,0.672984,41.915768,-0.683617,0.418997,0.573844,0.166755,8.882647539744191,-3.833728138683241,-0.18373905929098394,-2.067872177574001,0.46083459178351405,42.58140072306775
808,2702855069,8.888783,-3.948634,-0.094814,-2.275805,-0.615848,41.940369,-0.684359,0.422467,0.571602,0.162607,8.80397076331522,-4.0600120544643055,-0.062101976174858395,-3.262099278001256,-0.8168960179743433,41.75334537213899
809,2702871736,8.819276,-4.369867,0.122282,-3.558214,-3.47099,41.053532,-0.684739,0.426044,0.569649,0.158474,8.8218801256205,-4.230600385571096,0.07309108457445056,-3.7996851575954445,-2.9007595439757417,40.50207834138116
810,2702888403,8.901205,-4.304967,0.289475,-4.946274,-5.592474,38.736031,-0.684782,0.429603,0.568001,0.15455,8.876085549987106,-4.335332311999111,0.17619946307756396,-4.213043438389807,-5.337284599273776,38.94362426709992
811,2702905070,8.833052,-4.458899,0.063624,-5.971158,-7.156827,37.033588,-0.684573,0.433145,0.566574,0.150777,8.91940513984279,-4.383424245957064,0.20999172660842108,-4.897583438139393,-7.570576557284284,37.185642215273084
812,2702921737,9.033086,-4.25372,0.13278,-4.702974,-8.902913,34.951248,-0.684236,0.436416,0.565465,0.146993,8.937969345880115,-4.399888321199031,0.1499403818752656,-6.081106775141142,-9.137951139574346,35.31579144138323
813,2702938404,8.915773,-4.39487,-0.036193,-7.463536,-9.90746,33.955559,-0.683602,0.439889,0.564444,0.143468,8.942544768318733,-4.409590868019652,-0.012979677673845585,-7.736086221571153,-9.717765541290442,33.38231475776851
814,2702955071,8.902055,-4.56493,-0.077419,-10.301701,-9.436167,31.62425,-0.68276,0.443433,0.563454,0.140434,8.946758375247938,-4.428604638619702,-0.2532462335413158,-9.44314612274295,-9.157869574927615,31.427160603618958
815,2702971738,8.926361,-4.559022,-0.411591,-9.676486,-7.349514,29.034039,-0.682061,0.446651,0.562423,0.137737,8.949839130786163,-4.471067584042814,-0.49472254809683497,-10.487447659112785,-7.534881749270079,29.517543401011114
816,2702988405,9.018658,-4.275038,-0.977178,-11.082508,-5.212994,27.535101,-0.681404,0.449834,0.561239,0.13544,8.938178650981905,-4.549748590235218,-0.6404190531748737,-10.276574057676209,-5.157107740183674,27.701334086972157
817,2703005072,8.90256,-4.753443,-0.56297,-8.50016,-2.345118,26.203075,-0.681113,0.45259,0.5599,0.13325,8.904141505602059,-4.658251459616378,-0.6436291228782471,-8.809752048423674,-2.4471611799950064,25.944676056621113
818,2703021739,8.884683,-4.778553,-0.508242,-7.346521,0.378755,24.19734,-0.681072,0.455009,0.558438,0.131343,8.859814649479596,-4.76242225479022,-0.5495337098371333,-6.814391892966707,0.2277434460912991,24.1674196654393
819,2703038406,8.672465,-4.947484,-0.331903,-5.753725,2.50843,22.889469,-0.681277,0.457118,0.556876,0.129574,8.826906200464625,-4.826263513129393,-0.45384932710460146,-5.349311435657621,2.6501967567223477,22.354616194144796
820,2703055073,8.923182,-4.760434,-0.429313,-3.007396,4.494018,19.782337,-0.68176,0.458663,0.555371,0.128023,8.813996771559307,-4.847217463059939,-0.41842353804453125,-5.047347191431227,4.717878361907315,20.596389112750217
821,2703071740,8.855104,-4.826826,-0.470633,-4.874515,6.575732,18.827484,-0.682266,0.460273,0.553684,0.126854,8.80891808919995,-4.855833954950321,-0.43183465555904943,-5.558561332172833,6.345821470486724,18.999338203164125
822,2703088407,8.69103,-4.781626,-0.713725,-9.156979,7.392638,18.249331,-0.682534,0.462243,0.551872,0.126142,8.79364431746378,-4.879729995467108,-0.4442476000931817,-5.758994603201253,7.415397456337443,17.593844968567108
823,2703105074,8.839387,-5.09166,-0.148998,-4.069338,7.682967,16.497782,-0.68313,0.463559,0.550239,0.125214,8.762188670764573,-4.9169596307175185,-0.4204011437198416,-4.651486493813994,7.814526781184028,16.35577242796629
824,2703121741,8.723313,-4.942448,-0.14674,0.419953,7.817866,14.868896,-0.684008,0.464294,0.54878,0.124096,8.72310169925635,-4.947532047032301,-0.35225510512171654,-2.177207550807524,7.525441073515847,15.27788813516139
825,2703138408,8.620946,-4.829027,-0.677311,-1.885032,6.281693,14.08804,-0.68459,0.465221,0.547484,0.123137,8.687558100062322,-4.961843877947495,-0.24419209064313185,0.7326137407391801,6.69003812704689,14.364512152609832
826,2703155075,8.666207,-5.120065,0.117893,3.381437,6.1242,13.926732,-0.685509,0.465613,0.546307,0.121763,8.657046323001762,-4.969887293113976,-0.11579714239961668,2.779490470851769,5.608795151332902,13.576163537084687
827,2703171742,8.678741,-4.910706,-0.121974,4.518396,4.339082,12.827225,-0.686342,0.465833,0.5454,0.120287,8.623989539662709,-4.985624531952597,-0.017820790150272922,3.0646377807041856,4.663307783313942,12.849691332861493
828,2703188409,8.570711,-4.857138,0.007825,0.680242,4.095646,12.446863,-0.686886,0.466409,0.544474,0.119137,8.584964186199981,-5.010257096568689,-0.017440938028270257,1.5657926889251403,4.189033127298428,12.19460829254886
829,2703205076,8.570269,-5.290284,-0.049364,-1.69081,4.339569,11.786119,-0.687275,0.467164,0.543527,0.118257,8.549986076194951,-5.03610962857443,-0.14519202536707482,-0.881682166379199,4.36393465771896,11.716739198489757
830,2703221743,8.477829,-5.070154,-0.318762,-2.167873,5.553624,10.797674,-0.68771,0.467867,0.542514,0.117595,8.53386590185803,-5.0655285913275945,-0.3522898965398742,-3.0512433024642065,5.175460489930923,11.48291234795214
831,2703238410,8.48755,-4.958491,-0.647068,-3.486915,6.508979,11.174924,-0.688135,0.468713,0.541358,0.117065,8.538229994922832,-5.114553453995016,-0.5291487289429694,-3.9585280338188644,6.4555441557656765,11.357612220830362
832,2703255077,8.703967,-5.160572,-0.643069,-3.760165,7.209603,11.799081,-0.688605,0.469623,0.540083,0.116541,8.546518163753902,-5.187310911774608,-0.5800993261646294,-3.371862796060858,7.920281936151522,11.036273806061953
833,2703271744,8.434615,-5.247491,-0.478009,-4.498414,9.335779,10.631617,-0.689171,0.470479,0.538659,0.116337,8.538955415255996,-5.2546947946269205,-0.4909480715679783,-1.9875554312383052,9.210380260073748,10.3002335236174
834,2703288411,8.533602,-5.511798,-0.132805,0.795922,10.77365,8.863865,-0.690179,0.470639,0.537302,0.115993,8.510057976954663,-5.277188518415336,-0.32904844397724925,-1.042171081839692,9.993776949822125,9.229049195170358
835,2703305078,8.486673,-5.132632,-0.354234,1.237293,9.987043,7.320555,-0.691128,0.470646,0.536134,0.115715,8.47028740097152,-5.252545442266372,-0.18175656965684034,-1.3873756295764907,10.105393336923449,8.118899113469377
836,2703321745,8.386643,-5.187733,-0.060876,-4.1865,8.869471,7.880653,-0.691626,0.47126,0.534948,0.115727,8.433987829487204,-5.226647398655352,-0.0935670874846857,-2.707476019616464,9.584676230616633,7.194270621779931
837,2703338412,8.419262,-5.192527,0.050671,-5.354695,8.535583,6.489998,-0.691994,0.471887,0.533871,0.115948,8.409013178591318,-5.24702860149099,-0.0503178603155684,-3.745703756334025,8.571325833437543,6.4240901677687425
838,2703355079,8.449346,-5.339233,-0.063736,-3.356213,7.779508,5.440427,-0.692421,0.472245,0.532975,0.116066,8.397011153593036,-5.310339937230721,-0.011921660099313612,-3.4834809608671753,7.218882153469309,5.594082374601247
839,2703371746,8.410216,-5.389195,-0.150772,-1.753279,5.839844,4.301776,-0.692788,0.472384,0.532379,0.116042,8.39874633326799,-5.363962420936625,0.03839284207095109,-2.139763899381057,5.746260162288657,4.511930106302973
840,2703388413,8.290714,-5.419671,0.200865,-1.54013,4.619897,3.664262,-0.693064,0.472474,0.531952,0.115981,8.413824439938795,-5.361027436378867,0.07250420381579704,-0.9757235066468583,4.500423217904281,3.1569041315405633
841,2703405080,8.498755,-5.343208,0.109395,0.46489,3.063246,1.740095,-0.693326,0.472238,0.53185,0.115852,8.435771488197755,-5.310620356172318,0.04965697240844048,-1.0605331462527101,3.8378736536754396,1.6811376628798533
842,2703421747,8.541651,-5.196289,0.169813,-0.344107,3.963201,-0.268383,-0.693567,0.471914,0.531779,0.11605,8.453953864166358,-5.2698613783354995,-0.027613776767055134,-2.140849667624744,3.873725234553637,0.2657293032415772
843,2703438414,8.377996,-5.121421,-0.429783,-5.07558,4.820279,-1.472615,-0.69353,0.471959,0.531625,0.116794,8.463256160673664,-5.284701278147325,-0.10249905380367055,-2.718992230311703,4.3604763888614135,-1.0589820624835493
844,2703455081,8.450062,-5.506979,-0.241967,-4.075621,4.749485,-1.730023,-0.69355,0.471884,0.531513,0.117483,8.467710856755268,-5.341531980147626,-0.11817154698032768,-1.38877165992173,4.847575209861792,-2.4405449150527736
845,2703471748,8.51294,-5.442708,0.235854,4.458294,5.01053,-3.636825,-0.694144,0.470796,0.53165,0.117721,8.472761366150753,-5.381114307248675,-0.0715445767421285,1.7718103200347117,4.984748495901374,-4.013216321485089
846,2703488415,8.467168,-5.285445,0.034697,5.110049,4.603814,-5.870689,-0.694711,0.469476,0.531991,0.118105,8.478180176254424,-5.357889962769271,-0.0020831361388015356,5.111051873272976,4.716446813822711,-5.6961914185491915
847,2703505082,8.47488,-5.284668,-0.016452,6.603372,4.449651,-7.727342,-0.695335,0.467862,0.532499,0.118552,8.480892303823971,-5.2816982458800386,0.05683339339513081,6.728701060578769,4.251578140071326,-7.249581006138181
848,2703521749,8.523154,-5.21689,-0.14436,7.193196,3.637114,-9.016097,-0.69591,0.466101,0.533185,0.119028,8.481662248914153,-5.205496437568267,0.09402964945290662,6.000133542136425,3.8772080632718224,-8.553949835389693
849,2703538416,8.43183,-5.142232,0.275617,3.876887,3.665748,-9.150511,-0.696258,0.464663,0.533818,0.119776,8.485829207693227,-5.178605786167765,0.10005181958022827,4.001942136601895,3.7632703684149234,-9.78138276326637
850,2703555083,8.49249,-5.230063,0.1785,0.972752,4.010726,-10.767289,-0.696406,0.463386,0.534473,0.120936,8.497883842226159,-5.207812277847348,0.06331862874421217,2.5523401313112046,3.884301330780709,-11.240368922070086
851,2703571750,8.562328,-5.197695,-0.036455,1.603555,4.226182,-13.292667,-0.696566,0.461843,0.535285,0.122317,8.517997773569963,-5.253559999820814,-0.004907649467683366,2.7168288835263956,4.096797634493196,-13.072558688520441
852,2703588417,8.521745,-5.339756,-0.204523,4.767072,4.348291,-15.510747,-0.696905,0.459802,0.536287,0.123683,8.545153055679405,-5.261451032059943,-0.06334420334135281,4.071929394801269,4.292397159421315,-15.150012940279279
853,2703605084,8.632591,-5.255571,-0.067234,7.89058,4.275943,-17.515667,-0.697404,0.457286,0.537481,0.125003,8.58079119349149,-5.204773449099255,-0.0740470987717265,5.349414422069769,4.489490188607302,-17.261401251501262
854,2703621751,8.526882,-5.013678,0.038946,5.656861,4.91892,-19.064753,-0.697771,0.454859,0.538667,0.126696,8.624981514184878,-5.103551328760369,-0.03633271265053371,5.752395006416588,4.7921248861527825,-19.33831525554715
855,2703638418,8.693131,-5.002891,0.041265,3.762569,5.214672,-21.083385,-0.69799,0.452455,0.539917,0.128762,8.669374239939575,-5.004108786930271,0.01977174473305239,5.580661926081746,5.266023052890064,-21.47491470740969
856,2703655085,8.751505,-4.936333,0.100847,5.223202,5.761545,-23.852634,-0.698287,0.44967,0.541313,0.131027,8.699822604753987,-4.940310686203197,0.06527169050103071,5.6293520286690875,5.840528826579237,-23.78134080506978
857,2703671752,8.731677,-4.871728,-0.025431,5.564112,6.204085,-26.734264,-0.698575,0.446607,0.54285,0.133585,8.710026967919228,-4.9146375218460925,0.08639397180668111,6.216589196356907,6.316142107736782,-26.290089761112934
858,2703688419,8.625236,-5.098889,0.033564,8.298012,6.741163,-28.783535,-0.699028,0.443085,0.544508,0.136168,8.710188188847003,-4.912376247303976,0.07336337490385704,7.034690499480827,6.4822123224040595,-29.009549364812166
859,2703705086,8.754746,-4.813997,0.083067,9.943692,6.460068,-32.290257,-0.699479,0.439112,0.546439,0.138955,8.718776390952474,-4.923116458220814,0.01737025086100883,7.95856549339436,6.260645919320246,-32.00172315694983
860,2703721753,8.748972,-4.87021,0.019987,8.908454,5.601351,-34.90052,-0.699722,0.435043,0.548588,0.142031,8.746707807765754,-4.937577145414058,-0.0636591451269377,9.734992926188756,5.7411629536344915,-35.339129717581045
861,2703738420,8.799706,-4.971426,-0.042325,12.313871,4.827235,-38.836628,-0.700014,0.430313,0.551116,0.145182,8.790860611341694,-4.924440018221544,-0.10277081608191614,13.488741233701601,5.0457850590149205,-38.96832286454084
862,2703755087,8.8087,-4.771978,-0.16931,18.402298,3.833847,-43.015144,-0.700488,0.42463,0.55411,0.148202,8.840544869206873,-4.826023928298978,-0.015402168313842456,19.26109840789398,4.139918819513745,-42.64130893886041
863,2703771754,8.940199,-4.676542,0.096242,24.223515,2.960735,-46.050617,-0.701145,0.418105,0.557475,0.150999,8.887899468716771,-4.596359718867554,0.22161385421997315,25.02494259711501,2.8110065250623752,-46.01359855897848
864,2703788421,8.905867,-4.345788,0.613739,28.673025,1.558979,-48.664211,-0.701855,0.410916,0.561202,0.153607,8.933356808145916,-4.254598773033637,0.5202876651738824,27.472416124451982,0.8963047615640062,-48.8344192191895
865,2703805088,8.94646,-3.787623,0.884482,26.825594,-1.368241,-51.071922,-0.702109,0.403754,0.565289,0.156425,8.983724020018911,-3.898874954543195,0.7266822413557843,24.365618593288772,-1.444507615108464,-51.07487295087503
866,2703821755,9.112285,-3.578636,0.714375,15.998487,-4.3419,-53.085945,-0.701386,0.397571,0.56951,0.160152,9.04610272948183,-3.6547843153311863,0.7315156613267988,16.70740719506876,-3.72472888024332,-52.914511592389395
867,2703838422,9.105578,-3.724698,0.415741,8.056442,-5.692511,-54.598248,-0.700007,0.392076,0.573732,0.164603,9.122220003446811,-3.591526762260565,0.5476310253517085,8.840523924955031,-5.4553570396688205,-54.61005685175006
868,2703855089,9.170094,-3.606834,0.303648,6.928448,-6.439567,-56.116371,-0.698414,0.386558,0.578048,0.169248,9.205077188010824,-3.66728894971732,0.29395574337362285,6.032929705425732,-6.496700721527961,-56.31292479062195
869,2703871756,9.25961,-3.644822,0.229656,8.839723,-6.668322,-57.787594,-0.696817,0.380683,0.582485,0.173877,9.27995400079852,-3.7415318849094237,0.11370453416152984,10.987590642239427,-7.089382592105682,-57.92343200968796
870,2703888423,9.398936,-3.698316,0.079598,18.832081,-7.28279,-59.415791,-0.695621,0.373641,0.587278,0.177775,9.333704121215604,-3.6501133187852353,0.09037152651911654,21.648877968022855,-7.557024363855891,-59.079731083880276
871,2703905090,9.395142,-3.528224,-0.053419,33.800362,-8.214577,-59.125629,-0.695099,0.365097,0.592478,0.180296,9.368257587099738,-3.3054388838462483,0.2039982754733054,32.08865131001424,-8.001370597494516,-59.318431164894015
872,2703921757,9.362556,-2.688708,0.42952,41.066956,-8.960959,-58.456032,-0.694838,0.355854,0.597843,0.182064,9.40201775516601,-2.7584193316258023,0.3502060681323144,36.26927763826819,-8.266551083434715,-58.32750311555863
873,2703938424,9.378693,-1.902533,0.761711,34.631916,-7.525268,-56.109814,-0.694354,0.34739,0.602706,0.18421,9.45099895596451,-2.170917949146887,0.42164995610631206,32.0826965828279,-8.132982661232596,-56.14949618367467
874,2703955091,9.531472,-1.826555,0.309164,16.496332,-7.27528,-53.266125,-0.692993,0.34097,0.606862,0.187655,9.509021166809152,-1.7182389350971077,0.39450049550044886,22.389676933041912,-7.50914293998442,-53.23026619707011
875,2703971758,9.609502,-1.715962,0.085028,8.86791,-6.943194,-50.41642,-0.691315,0.335537,0.610595,0.191489,9.554536076968002,-1.5016786505678328,0.3329595239907128,12.226150130738436,-6.488367727973081,-50.287889552603275
876,2703988425,9.64854,-1.381238,0.216091,6.72469,-5.692611,-47.842987,-0.689674,0.330495,0.613982,0.195306,9.580293796631382,-1.5226171486817963,0.30328059879363023,4.9141582474340035,-5.297057466462934,-48.049646515299386
877,2704005092,9.548533,-1.502596,0.510879,4.437416,-3.244348,-46.808834,-0.688136,0.325687,0.616977,0.19933,9.608300132554968,-1.7025991270378318,0.2981745226106711,0.6126329548505329,-4.18005076854156,-46.97119626330347
878,2704021759,9.551045,-2.138412,0.427646,-2.616563,-3.330113,-47.143906,-0.686211,0.321541,0.61976,0.204007,9.666016570312713,-1.9225963573624831,0.25725928047931185,-2.0201201258543224,-3.2639688901557067,-47.08724350074429
879,2704038426,9.783158,-2.193112,-0.084066,-3.717969,-3.143293,-48.213287,-0.684184,0.317386,0.62251,0.208887,9.749796845618889,-2.0737110076478715,0.14540486730755028,-3.4688731084449502,-2.4963886787868175,-48.08365580638193
880,2704055093,9.929052,-2.039396,-0.067576,-3.586898,-1.671525,-49.761814,-0.682214,0.313016,0.625155,0.213967,9.822215739716201,-2.0950557793655764,-0.008309982350556785,-2.8049337422952245,-1.7219245324073316,-49.52439079783258
881,2704071760,9.879126,-1.628769,0.030073,1.224676,-0.412074,-51.128422,-0.680495,0.307988,0.627851,0.218789,9.848775116727774,-1.9662354883418638,-0.13998640302525156,0.8479115479885511,-0.8072546635594896,-51.0394182678071
882,2704088427,9.715281,-1.901546,-0.195705,3.556222,0.498217,-51.731152,-0.678903,0.302627,0.630521,0.223486,9.829671712887762,-1.6764745677899318,-0.20124325224458708,6.511965565585618,0.29556029715404464,-52.33131366914919
883,2704105094,9.795295,-1.33248,-0.410365,12.582314,1.217762,-53.003426,-0.67769,0.296215,0.633429,0.227499,9.791516579327096,-1.2326973527620324,-0.18617167649378197,11.054140417774532,1.5198424706589364,-53.06927410116957
884,2704121761,9.766912,-0.687716,-0.046548,12.041841,2.016823,-53.100483,-0.676479,0.289801,0.636202,0.23159,9.75642804139647,-0.7104861854349789,-0.12331578946710309,10.96873533533316,2.6283817980917643,-52.88533277732425
885,2704138428,9.741098,-0.246259,0.221346,6.428127,3.763714,-52.113976,-0.675182,0.283953,0.638532,0.236162,9.728858214594261,-0.26940722739649214,-0.037854943121634774,5.12284467603263,3.2099544250956646,-51.56732114024851
886,2704155095,9.793819,-0.231625,-0.139813,-3.561054,3.171462,-49.139435,-0.67348,0.279366,0.640417,0.241331,9.709927740074912,-0.0714125850468484,0.08649308794742705,-3.6953330839239715,2.846898704393633,-49.2628925770911
887,2704171762,9.589563,0.401475,0.395192,-8.619355,1.169747,-46.315231,-0.67145,0.275593,0.642173,0.246602,9.712920852024475,-0.14748787628165239,0.2980324807556757,-10.034077733538044,1.3830602971173636,-46.4171667856084
888,2704188429,9.836546,-0.546903,0.514198,-14.806562,-1.138582,-42.668179,-0.669057,0.272836,0.643755,0.25199,9.756308079199375,-0.3385394420882535,0.61099359988538,-9.438417028473854,-0.9347722376236725,-43.42704100131388
889,2704205096,9.776229,-0.715932,0.846709,-3.85426,-3.500444,-40.407066,-0.666931,0.269298,0.645853,0.256028,9.841350063434465,-0.3988175109320397,0.9422714349134775,-1.9705420768858588,-3.561323283141502,-40.34071851034536
890,2704221763,9.932874,-0.171261,1.262388,10.028265,-5.588632,-37.670212,-0.665231,0.264739,0.648539,0.258405,9.94080421273757,-0.20083747221058398,1.124554099202067,7.424547760257343,-5.905960852381696,-36.94541156197818
891,2704238430,10.0668,0.211623,1.062928,16.057751,-8.094858,-33.372601,-0.663665,0.260087,0.651505,0.259692,10.014783481894368,0.14201256740321527,1.0056838475877259,12.552541820067582,-7.565009165738904,-33.19421051166158
892,2704255097,10.089693,0.424183,0.566002,13.378301,-8.29272,-29.42275,-0.662108,0.256068,0.654219,0.260836,10.04217212624863,0.36423717246671033,0.5631999116474097,10.948273779100338,-8.426911757352018,-29.523592335487585
893,2704271764,9.998252,0.351274,-0.13535,3.779131,-8.442198,-26.532841,-0.660273,0.253247,0.65646,0.262604,10.037698218736212,0.2848069935516032,-0.057659698675349313,5.949145469771274,-8.615430882780315,-26.656330233953543
894,2704288431,9.934339,0.15222,-0.576171,0.854333,-8.276854,-24.598713,-0.658408,0.250881,0.658491,0.264466,10.036705546970687,-0.008099090764732905,-0.614485792366319,3.859006039141362,-8.309671980898363,-24.954772448028677
895,2704305098,10.159336,-0.283469,-0.94827,5.512255,-7.694315,-23.48464,-0.656801,0.248149,0.660594,0.265793,10.063321543944717,-0.18756862210174813,-0.8971407263463377,8.460123439596467,-7.565636140572777,-23.839493694612724
896,2704321765,10.125238,-0.174888,-0.855263,18.955357,-5.937221,-21.797165,-0.655901,0.244223,0.662974,0.265724,10.113534903610224,0.0681294612147526,-0.8332796211121171,17.49002771332133,-6.2785447761768545,-21.828349277399013
897,2704338432,10.142701,0.71192,-0.489608,27.118134,-4.595013,-17.94945,-0.655553,0.239831,0.66539,0.264543,10.163176297696427,0.7945845059217449,-0.5131599058508887,24.03672681026881,-4.325176572816513,-17.34415764642442
898,2704355099,10.158307,1.687443,-0.074903,22.460627,-2.188239,-10.419744,-0.655551,0.236515,0.66712,0.263173,10.184604696786858,1.6540360951405022,-0.12917694398186502,21.70936770451347,-1.7819959885746628,-9.848586685335135
899,2704371766,10.166666,2.332495,0.099157,10.212817,1.168497,-0.696128,-0.65582,0.235179,0.66772,0.262177,10.158324022656632,2.1395274198886307,0.12880489805588563,9.510828476151199,0.9682767858364683,-0.50301777879898
900,2704388433,10.092842,2.221233,0.148016,-7.155833,3.844026,8.805745,-0.656115,0.23632,0.667075,0.262053,10.081274186601885,1.931469445775839,0.16442920053492197,-7.196066938967179,3.3638428687804365,8.223842865556238
901,2704405100,10.025768,0.97525,0.064419,-22.967354,4.763315,14.785067,-0.656179,0.239513,0.66553,0.262921,9.97302597115626,1.1282492499746408,0.010856039478335171,-20.172056646457257,4.9441658535007775,13.847083424174164
902,2704421767,9.818243,-0.078562,-0.161763,-25.870651,5.377935,15.201781,-0.656207,0.242996,0.663791,0.264049,9.870817747697204,0.16815480920684228,-0.19888657856038836,-23.62470632028396,5.555312461435683,15.199383342335645
903,2704438434,9.763768,-0.603561,-0.428586,-17.342054,5.386187,12.129125,-0.65641,0.245364,0.662481,0.264644,9.80913995707347,-0.482435052578884,-0.3112706648988957,-17.618778135058793,5.335710588562007,12.905100262206915
904,2704455101,9.829951,-0.426591,-0.271182,-3.903825,4.592904,8.537735,-0.656875,0.246132,0.661889,0.264258,9.798565056197814,-0.6161259613114762,-0.24137400620484817,-7.35778675424919,4.547471127632589,8.77454357758973
905,2704471768,9.872902,-0.323199,0.041462,2.236495,3.281288,4.742466,-0.657287,0.245999,0.661794,0.263596,9.823805100753258,-0.34474130134403097,-0.018489699120801215,0.748610985347471,3.41748841003516,4.691262423671611
906,2704488435,9.852485,0.118057,0.286654,1.882476,2.047217,2.004751,-0.657462,0.245684,0.6619,0.263186,9.860734208108939,0.054726868567820164,0.2412468609223821,3.053541432339486,2.0915640543550107,1.7802501272371063
907,2704505102,9.814921,0.348474,0.414192,-1.988711,0.984917,0.209493,-0.657328,0.245607,0.662024,0.263281,9.892925079278033,0.3435544154540061,0.4101609024706805,-0.0048382688912816385,0.6966775849942108,0.2312427535775579
908,2704521769,9.972259,0.353332,0.362258,-5.691103,-0.549123,-0.271213,-0.656895,0.245896,0.66217,0.263725,9.915273438219275,0.42878973784517593,0.4151613525360368,-5.362645675897885,-0.5732885213949771,-0.377020194912271
909,2704538436,9.979696,0.27635,0.237595,-8.375394,-1.689491,-0.539954,-0.656246,0.246459,0.662329,0.264411,9.92976414218584,0.3481785204542611,0.25983720402834853,-9.704372696676463,-1.4532099407738979,-0.622435462479107
910,2704555103,9.848639,0.295594,0.085316,-10.367039,-1.725836,-1.087016,-0.6555,0.247161,0.662435,0.26534,9.940533524732034,0.19742807069886104,0.010167117333884541,-11.020607808957532,-1.718393663915505,-0.9272824650961702
911,2704571770,9.950064,0.080503,-0.262019,-10.158448,-1.121376,-1.631517,-0.654798,0.247767,0.66251,0.266322,9.949370292943923,0.07026072276260725,-0.23449139648079365,-9.000837071607165,-1.3335107574735212,-1.4554242332072804
912,2704588437,10.035601,0.001442,-0.366901,-5.426,-0.892218,-1.925153,-0.654276,0.247884,0.662756,0.266884,9.954326994324632,0.031175251425088514,-0.3771417096806426,-4.7612320699070185,-0.5176962970897218,-2.1430643027229266
913,2704605104,9.915835,0.103865,-0.393152,1.460968,0.559977,-2.567276,-0.654117,0.247228,0.663153,0.266895,9.953756189624963,0.10329306134334978,-0.36371667970285404,-0.2616899181298735,0.3353351206172107,-2.7746655857304443
914,2704621771,9.932368,0.239709,-0.247626,1.147968,0.876806,-3.305281,-0.653948,0.246518,0.663534,0.267018,9.94969905282498,0.2606261995527724,-0.21316287443491277,2.516410521076304,0.8495180500198666,-3.0880700178521514
915,2704638438,9.935187,0.400672,0.001181,3.540591,1.017996,-3.088533,-0.653886,0.245595,0.663987,0.266894,9.944797704947115,0.435744396561857,-0.012752521743078477,2.42865200329954,0.8641376466433282,-2.9179895426002855
916,2704655105,9.953938,0.66135,0.196392,-0.496566,0.451315,-2.360531,-0.653653,0.245149,0.66431,0.26707,9.938521068846736,0.5521610183407349,0.12856083320396974,-0.336769745340883,0.5067741487065988,-2.315334288171561
917,2704671772,9.963334,0.534529,0.130432,-4.825099,-0.067566,-1.237132,-0.65326,0.245243,0.664474,0.267539,9.930318388491855,0.5668449952330641,0.14273845747081187,-4.398023493723615,0.08088660561149111,-1.5354971341157353
918,2704688439,9.90626,0.473546,0.02779,-7.843352,-0.30013,-0.87274,-0.65275,0.245667,0.664529,0.268256,9.924864701426031,0.49259978439030794,0.038548129040191184,-7.880982366900974,-0.15157819329021313,-0.8810426183588018
919,2704705106,9.90348,0.341736,-0.1529,-9.11697,-0.051699,-0.638128,-0.652226,0.246225,0.664503,0.269083,9.929119495069031,0.3845742030942386,-0.11211792393962736,-9.33200548432182,-0.1205337998727769,-0.5195164519886999
920,2704721773,9.936886,0.37182,-0.184472,-8.330688,0.262908,-0.447761,-0.651768,0.246714,0.664469,0.269827,9.942656528482201,0.30540262750383895,-0.22259378343457642,-8.431469910566555,0.08145169649053702,-0.40901536780048203
921,2704738440,9.976936,0.262103,-0.240294,-7.053034,0.465914,-0.291063,-0.651381,0.247089,0.66446,0.27044,9.954394160110107,0.2950227691825072,-0.2400179883166549,-6.2065759564624905,0.3528554725159771,-0.35371823955099674
922,2704755107,9.968966,0.388577,-0.218897,-5.11364,0.601636,-0.088364,-0.651085,0.247295,0.664507,0.270851,9.952478219574255,0.35691535316917816,-0.16876783507419846,-4.573763541719876,0.6920487900361649,-0.12206846792051601
923,2704771774,9.931757,0.401704,-0.032415,-4.635438,1.089891,0.471664,-0.650875,0.24749,0.664506,0.27118,9.937229774223306,0.45846138628010985,-0.06177099835784554,-5.247603809871125,1.1487166463065779,0.43812229212996123
924,2704788441,9.909983,0.53343,0.036474,-5.000329,1.295702,0.999094,-0.650692,0.247762,0.664452,0.271501,9.921972495003905,0.5449018384841084,0.01359954353631612,-8.516374000620722,1.6793396523264903,1.323942694309903
925,2704805108,9.907477,0.626342,0.012715,-15.888453,2.393899,2.637336,-0.650286,0.24918,0.663804,0.272759,9.919921839323589,0.5686138431041031,0.016845360361504042,-12.825759236708118,2.081796501329074,2.3742384101769396
926,2704821775,9.917458,0.567083,-0.041236,-15.934558,2.305856,3.361933,-0.649896,0.250674,0.663133,0.273949,9.931069390581841,0.5215711904883926,-0.04201540781404522,-15.773181377924391,2.111800578236503,3.3566576182656984
927,2704838442,9.987077,0.432294,-0.092602,-16.891911,1.692021,4.173587,-0.649441,0.252359,0.66245,0.27513,9.943177550901764,0.4427383464650829,-0.11278524837465342,-15.895567090557684,1.6902373591655413,4.09894504880639
928,2704855109,9.938042,0.286744,-0.170833,-14.279014,0.882294,4.542543,-0.649017,0.253866,0.661931,0.275994,9.945642343430954,0.3849068910225887,-0.14345744745681743,-13.71908413457658,1.0019677885801153,4.5691231205685945
929,2704871776,9.94374,0.304828,-0.199233,-9.031105,0.290967,4.699119,-0.648733,0.254915,0.661671,0.276316,9.941001078218173,0.36792200251287,-0.11940815511373695,-11.093286575521663,0.38507823533473334,4.852606493550638
930,2704888443,9.920026,0.453105,-0.038228,-6.384978,0.092532,4.92597,-0.648538,0.255743,0.661527,0.276353,9.941738790010193,0.3689619364248556,-0.07117998525057581,-9.460514691245656,0.10392164736900869,5.077570702978557
931,2704905110,9.941356,0.585361,0.081159,-11.341245,0.248232,5.542713,-0.648196,0.257093,0.661146,0.276815,9.956383407902775,0.36248017304655644,-0.04120665882451402,-8.78989056961852,0.188610075074637,5.382892099760942
932,2704921777,10.017253,0.227197,-0.020686,-11.703718,0.332613,6.519032,-0.647887,0.258565,0.660703,0.277222,9.979943684864487,0.35752922121314507,-0.04085063824135677,-8.199232192068678,0.4500368210819208,5.939823726167992
933,2704938444,9.983497,0.109754,-0.218783,-6.761473,0.800288,6.623158,-0.647812,0.259564,0.660411,0.277162,9.997835352316107,0.3784200011756123,-0.045105271610778465,-7.385424875734273,0.6421644471959032,6.9210871488174925
934,2704955111,9.995955,0.564138,-0.001122,-3.768987,0.883222,7.639124,-0.647899,0.260373,0.660192,0.27672,9.998175014984612,0.4137232878574576,-0.03169060599970675,-7.067148230945067,0.6487515805825093,8.344758458698312
935,2704971778,9.995895,0.532498,-0.009923,-7.174723,0.178437,9.981742,-0.647882,0.261757,0.659813,0.276359,9.98086536319451,0.41114693335788416,-0.015794813135536635,-7.949046830029442,0.5629015543159945,9.927304229270732
936,2704988445,9.935568,0.331022,0.025588,-10.949016,0.734976,11.734948,-0.647843,0.263642,0.659161,0.276214,9.956959569916448,0.337084606013451,-0.03470186978231454,-9.617475193583251,0.6068308060732446,11.185535169952189
937,2705005112,9.972811,0.248919,-0.030829,-12.441879,1.098446,12.17627,-0.647796,0.265694,0.658395,0.276184,9.939845189381739,0.22752604314817562,-0.09817909799443048,-10.817998730400722,0.956654821669104,11.798493630932118
938,2705021779,9.890111,0.021833,-0.243199,-11.605572,1.264622,11.823567,-0.647781,0.267625,0.657658,0.276112,9.934801597318632,0.16145156919248366,-0.16411555337076605,-10.803870074025625,1.602423306258229,11.90253398066249
939,2705038446,9.921997,0.102768,-0.203527,-8.379739,2.24281,11.263647,-0.647959,0.269158,0.656978,0.275822,9.93550731745329,0.18213675572906435,-0.1724593426837059,-10.195925602726339,2.350204103310823,12.001763393003033
940,2705055113,9.988069,0.386107,-0.183616,-9.137364,3.35115,12.356199,-0.648256,0.270822,0.656118,0.275544,9.932943742274071,0.2546135697901094,-0.10548500255902897,-10.455426826972255,2.9883048458789108,12.580462800367908
941,2705071780,9.940247,0.404639,0.100531,-14.102576,3.791933,14.329421,-0.648475,0.273124,0.654935,0.275569,9.930636331100782,0.3055656939813213,-0.011381105881662256,-12.608888158990538,3.511690319736778,13.830138378807163
942,2705088447,9.92856,0.255822,0.087914,-16.318125,4.198345,16.113537,-0.648711,0.275786,0.65355,0.275651,9.94882067491215,0.29766514698761226,0.03508742105901788,-16.45708266270732,4.19290060843537,15.749357035712684
943,2705105114,9.995415,0.243866,-0.112208,-21.186987,4.877716,18.543781,-0.648906,0.279107,0.651801,0.27599,10.006314305779528,0.25442865479508003,-0.0025938654548389507,-20.76499720417731,5.3606532528531545,18.422580617593944
944,2705121781,10.075487,0.00908,0.046406,-23.287077,6.58393,21.869005,-0.649301,0.282869,0.64966,0.27628,10.093064207283645,0.21466069205341853,-0.09223200465404778,-24.006198431562616,7.027901455707831,22.077369952696284
945,2705138448,10.092211,0.294143,-0.28791,-25.007221,8.934976,26.045868,-0.65,0.287089,0.647041,0.276428,10.163686182309629,0.17964596106341874,-0.16096350699447487,-25.0641461974593,8.73091778741212,26.80124568988367
946,2705155115,10.260251,0.273395,-0.156879,-24.853025,10.752206,31.939894,-0.651096,0.291766,0.643992,0.276072,10.16907197453268,0.11932336207376854,-0.1543652966182523,-23.633071445177784,9.79469747914906,32.241438286389524
947,2705171782,10.300139,-0.056703,-0.130256,-19.430708,9.638299,38.846466,-0.652572,0.296612,0.64095,0.274497,10.102894231676997,0.02354697341992869,-0.07579556103345961,-20.286460240185367,9.813768811182701,37.687956215454854
948,2705188449,9.820659,0.085225,0.197706,-15.572215,8.343675,43.172535,-0.654241,0.301535,0.637973,0.272085,10.010975085576666,-0.07698677721301499,0.02537153426186517,-16.224471647795966,8.90182320680517,42.51265185577932
949,2705205116,9.757195,-0.677161,0.111746,-13.853142,7.357905,46.048424,-0.655978,0.306586,0.635006,0.269186,9.942055093198297,-0.15693291032452902,0.09941198479483253,-12.811885265960642,7.514305596616026,46.476034963229324
950,2705221783,9.946387,0.104937,-0.046265,-11.054742,6.25846,47.782932,-0.657775,0.311559,0.632145,0.265802,9.893452554124949,-0.25308654735894087,0.1274208377418231,-11.109537739837048,6.0879628418038925,49.54031594608797
951,2705238450,10.095148,-0.37666,0.09446,-11.212185,5.145316,51.624706,-0.659577,0.316927,0.629179,0.262,9.82510412347912,-0.4503444004809307,0.11523768401579912,-11.520381765846796,4.852920449160622,51.476328637040744
952,2705255117,9.782905,-0.888602,0.242979,-13.410736,3.854861,53.770657,-0.661205,0.322734,0.626116,0.258118,9.729440965132738,-0.7984243498870225,0.07547024443177441,-13.591472347792774,3.8940615122824314,51.8766953130982
953,2705271784,9.365044,-1.263934,0.137839,-15.14882,3.278055,50.872929,-0.66255,0.328446,0.623144,0.254632,9.661099352476159,-1.2456110523803403,0.022822569035785507,-16.11190351757878,3.2690612730817374,50.66161283171897
954,2705288451,9.619027,-1.556092,-0.401576,-18.66791,2.678376,47.282215,-0.663506,0.334177,0.620237,0.251768,9.67842928725819,-1.6568034630629944,-0.029173192717636194,-17.666015212504934,3.016508740718636,48.451801397920285
955,2705305118,9.914662,-2.116083,0.010015,-19.76762,3.12016,45.642834,-0.664354,0.339834,0.617297,0.249171,9.76902262015291,-1.8981640259521222,-0.079454342866082,-17.451593201364155,3.089739538987239,46.2870486346269
956,2705321785,9.998282,-1.786788,0.002266,-13.256201,3.587439,45.719013,-0.665539,0.344836,0.614515,0.245992,9.853036525969829,-1.9209948661440388,-0.13319086973038718,-15.757723497652115,3.3521189451335713,44.95415353013339
957,2705338452,9.672825,-1.627675,0.111263,-12.295315,4.067065,44.479404,-0.666743,0.349602,0.611756,0.242862,9.85684465533509,-1.7916599055845022,-0.17110114745948066,-13.669856971944936,3.6710437790925154,44.59535808956023
958,2705355119,9.82715,-2.194692,-0.611004,-14.986941,3.225746,45.257183,-0.667732,0.354713,0.608919,0.239843,9.772732938384953,-1.6542238894996484,-0.1451940387032592,-12.309820444690716,4.011162233792569,44.86377477503332
959,2705371786,9.704519,-1.205274,-0.16577,-11.489293,4.279064,45.578529,-0.668979,0.359461,0.606058,0.236526,9.65422444847854,-1.6439993507693076,-0.03230656192775405,-12.307813830693716,4.44267116702297,45.319683107705636
960,2705388453,9.418544,-1.440858,0.680348,-12.55234,6.498791,44.202705,-0.670288,0.364099,0.602991,0.233543,9.56841779893767,-1.7986881153476229,0.11480085904892921,-13.77104682141169,5.091963781862537,45.68027758352345
961,2705405120,9.685085,-2.627662,-0.243699,-19.068096,5.232331,46.741631,-0.671198,0.369621,0.599664,0.230807,9.55079639476226,-2.038840001998557,0.1945335101515099,-16.463699907222864,6.0730695446082805,45.854913763398486
962,2705421787,9.605189,-2.351764,0.278411,-17.723724,6.250137,46.852047,-0.672239,0.37497,0.596247,0.227985,9.588066350711667,-2.249346331091468,0.14282268892736372,-19.895780009710265,7.389636795209403,45.911425392811566
963,2705438454,9.45283,-2.041565,0.312071,-22.719139,10.439995,45.168003,-0.673281,0.380502,0.592317,0.225979,9.630500465105321,-2.3830014218523994,-0.008587874706165004,-23.30427908033716,8.862259693031092,46.00976745556228
964,2705455121,9.72014,-2.553975,-0.696203,-29.207542,10.023527,45.618961,-0.673906,0.386702,0.588157,0.224452,9.625329073208016,-2.473352309308299,-0.1553741424523522,-25.685164308678132,10.187778515691118,46.22286350192103
965,2705471788,9.69416,-2.304875,-0.014312,-22.293419,10.518527,46.502773,-0.674954,0.392262,0.584091,0.222262,9.557119312038308,-2.5627821904284174,-0.201722825272076,-26.005492447521945,11.08833171134884,46.337920484356886
966,2705488455,9.451146,-3.007936,0.113037,-22.854361,11.698671,46.382969,-0.676029,0.397808,0.579867,0.220187,9.465847761689215,-2.6576827659125946,-0.12862666570594333,-23.616391822428696,11.38399876739269,45.90847501698328
967,2705505122,9.252312,-2.834398,-0.392517,-23.129303,10.693665,44.980476,-0.676923,0.403274,0.575784,0.218204,9.413386044725662,-2.763153719381826,0.004686357998112112,-18.78058813038548,10.962084755924092,44.60504435512986
968,2705521789,9.316003,-2.903674,0.225331,-13.059973,9.380457,42.546558,-0.67819,0.407568,0.572266,0.21553,9.41804590337079,-2.922007062097981,0.12030983696764332,-12.959931269741926,9.78864931766668,42.51831531623691
969,2705538456,9.589982,-2.792984,0.716263,-4.475718,9.440557,39.4403,-0.679849,0.41074,0.569175,0.212444,9.428808242805333,-3.175315013830155,0.1898441904222217,-8.290209673421748,8.026278754327267,40.05959226007309
970,2705555123,9.514126,-3.43307,-0.289708,-6.362162,5.864806,36.66177,-0.680994,0.413967,0.566528,0.209569,9.379286576658783,-3.486036689635551,0.2506712161448863,-6.244441290750682,6.095238600748363,37.544234142952014
971,2705571790,9.255845,-4.332086,0.221809,-7.474961,3.176534,36.060436,-0.681814,0.417326,0.564134,0.206677,9.265024360959039,-3.7427783535387933,0.3485637664346972,-6.548264583802615,4.474905067830173,34.91567753088378
972,2705588457,8.932153,-3.658082,0.780599,-8.59075,3.50709,32.4123,-0.682469,0.420477,0.561882,0.204253,9.152220386082478,-3.863778807127557,0.46492093836805215,-7.4268796782193744,3.3266223006753957,31.910511625541936
973,2705605124,9.092747,-3.769531,0.526804,-7.377567,3.13232,27.783243,-0.683016,0.423132,0.559977,0.202164,9.107407260543338,-3.8795817327555744,0.5172175536452426,-6.939929018392104,2.3102402140739495,28.454970701931906
974,2705621791,9.269971,-3.826065,0.274566,-3.040669,0.699926,24.875998,-0.683537,0.425185,0.558612,0.199858,9.132036611852557,-3.8924079893426518,0.43867447458813524,-4.152441106287676,0.8258745137666403,24.844080106644913
975,2705638458,9.216548,-3.975062,0.32772,1.483958,-1.696396,21.500122,-0.684038,0.426579,0.557819,0.197369,9.171823872717802,-3.963147536072082,0.2537259456555761,0.6470281643709976,-1.5292323815169895,21.544555833418066
976,2705655125,9.142667,-4.139684,0.295663,7.402613,-4.659713,18.695538,-0.68458,0.427239,0.55766,0.194493,9.176986405531622,-4.05347684875653,0.07742734464558138,6.335822208210916,-4.677045942961472,18.861960478438018
977,2705671792,9.024115,-4.063,-0.173277,7.420195,-8.155606,17.05139,-0.684786,0.427858,0.557947,0.191561,9.14279563902431,-4.073686037314983,0.033906420146790135,11.257147529136775,-8.099320606468826,16.77364384188482
978,2705688459,9.193546,-4.009686,-0.108471,12.733334,-11.040401,15.132749,-0.685028,0.427869,0.558783,0.188207,9.102080904068089,-3.9772089171648854,0.14668282464317148,13.455970976482218,-11.077347530080557,15.00851811387732
979,2705705126,9.192995,-3.718229,0.449191,15.135235,-12.731215,12.723218,-0.685208,0.427485,0.559995,0.184791,9.093923355748089,-3.8141261842141994,0.2930824604521295,11.47547016118122,-12.952449796683785,13.256513981030462
980,2705721793,8.993382,-4.026869,0.473612,7.773612,-14.210983,12.000406,-0.684781,0.427811,0.561196,0.181952,9.135157513013468,-3.7007011615422156,0.28910027524416265,5.651070961177053,-13.30498981276251,11.357143543965003
981,2705738460,9.086711,-3.307796,0.233481,-3.435076,-10.886519,9.092918,-0.683847,0.428924,0.561946,0.180523,9.205917695111951,-3.7249480102804493,0.0504290956281239,-1.3955759957363862,-12.019856742191198,9.382560622097204
982,2705755127,9.459854,-3.681227,-0.666953,-9.049767,-9.255629,7.50753,-0.682651,0.430422,0.562483,0.179812,9.261872201086986,-3.862085790462152,-0.3221169406116545,-6.145743056784708,-9.27353408074563,7.592377540880502
983,2705771794,9.418627,-4.413966,-0.655547,-6.938906,-6.404394,6.531722,-0.681794,0.431555,0.56285,0.179202,9.272905744238205,-3.986985208307852,-0.6188709473318658,-6.614855606336696,-5.524609882155528,6.280856496824454
984,2705788461,8.979953,-4.217243,-0.652697,-1.546085,-1.568074,5.487207,-0.681642,0.431941,0.562942,0.178557,9.25053031407377,-3.991561219178173,-0.6798834641183834,-3.655693781343362,-1.5100472785724897,5.586595156962033
985,2705805128,9.256907,-3.53628,-0.282421,1.56379,2.31916,4.879098,-0.681987,0.431867,0.562769,0.177962,9.227966937435303,-3.8904647431571724,-0.49027409258649696,-0.0042109051074537,1.8907730740069109,5.3727402733860865
986,2705821795,9.207704,-3.690122,-0.287582,0.747782,4.571195,5.565198,-0.682483,0.431871,0.562308,0.177508,9.217378421474379,-3.7943487341339432,-0.15926061040720757,1.8741372874918383,3.991528086160325,5.2772971618917435
987,2705838462,9.335322,-3.816609,0.075336,1.064611,4.349146,5.376407,-0.682975,0.431834,0.561889,0.177033,9.201193336161845,-3.7844664114144404,0.16048680791878853,1.2289445588727332,4.620199283918857,4.942501961419285
988,2705855129,9.126553,-3.971954,0.399935,-2.361555,3.571697,4.298432,-0.68316,0.43207,0.561526,0.176895,9.16571661781843,-3.8368423371491693,0.3473929639581167,-1.0658591155087636,4.123852773419205,4.271203986115824
989,2705871796,9.138706,-3.850202,0.577067,-1.94841,3.15617,3.036047,-0.683305,0.432172,0.561294,0.176823,9.127567632668862,-3.870925573926546,0.35734991176219466,-3.5186936680271064,3.050277437999958,3.483846565449288
990,2705888463,8.994607,-3.985348,0.003449,-5.130916,1.882233,2.853223,-0.683141,0.432607,0.561119,0.176949,9.117216689746119,-3.849206073616254,0.2323293068240986,-4.960175001203754,1.8231171358621165,2.910983032508373
991,2705905130,9.147131,-3.656216,-0.018466,-5.96817,0.681289,2.94611,-0.682828,0.433165,0.561035,0.17706,9.142912181961417,-3.812880513566207,0.06210636145970262,-4.989579032181804,0.6857888250780392,2.7141147936908494
992,2705921797,9.375494,-3.700075,0.226759,-2.699911,0.443567,2.41481,-0.682687,0.43336,0.561092,0.17694,9.18147885830937,-3.8251320344791315,-0.07839609494399877,-3.9972091110207524,-0.13279985044094322,2.789423985147051
993,2705938464,9.057893,-4.004661,-0.541292,-4.843093,-0.52492,3.285348,-0.682356,0.433864,0.561135,0.176848,9.204823840863511,-3.894509733032147,-0.1675389772727762,-2.871928945348234,-0.3055710244448065,2.9209058013633458
994,2705955131,9.205181,-4.019014,-0.037968,-1.026339,0.000224,3.53972,-0.682314,0.433996,0.561208,0.176453,9.207758572522327,-3.9628446877864745,-0.22511739909514628,-2.448315461381173,0.4601268729394691,3.0190389906823665
995,2705971798,9.3098,-3.971666,-0.087701,-1.633796,1.984107,2.627114,-0.682373,0.434063,0.561126,0.176322,9.207611803079816,-3.964701863938631,-0.26945230342183063,-2.9268960215801814,2.1433773244449825,3.206204614920463
996,2705988465,9.111428,-3.86073,-0.429399,-4.290012,4.665744,3.402539,-0.682502,0.434389,0.56066,0.176501,9.221190568409593,-3.8915426006979534,-0.288892850200291,-3.7267700836269064,4.2802020939493115,3.654500797901577
997,2706005132,9.238338,-3.792917,-0.508465,-6.56076,6.298568,4.272706,-0.682643,0.434968,0.55992,0.176881,9.243921649458409,-3.799654352358493,-0.2577270674372145,-4.029040733385925,6.161175084939573,4.340595900172401
998,2706021799,9.283191,-3.782803,0.060679,-2.371135,7.192553,5.467525,-0.683151,0.435206,0.559121,0.176859,9.25072198037467,-3.7623286258952917,-0.17325014194626132,-3.5894148959144214,7.2204173354097705,4.988647706851548
999,2706038466,9.297523,-3.707184,0.047573,-2.290916,7.172974,5.327232,-0.683659,0.435424,0.558335,0.176842,9.21945365554485,-3.812501535033992,-0.06367532679969069,-2.998588941365007,7.315226563112244,5.2739798083291305
1000,2706055133,9.10473,-3.975994,-0.017671,-2.537041,6.931189,5.06565,-0.684124,0.435651,0.557583,0.176856,9.155056616691091,-3.921697933250845,0.037031659893278744,-3.1012445642902495,6.7190637669173885,5.0771793115151045
1001,2706071800,9.022746,-4.126897,-0.198719,-5.498766,5.6436,4.125676,-0.684272,0.43613,0.556943,0.177122,9.088647790314361,-4.027646925781661,0.1052139915712487,-4.172438215840802,5.8822805811830765,4.544335514852941
1002,2706088467,9.090887,-4.060113,0.359155,-4.37488,5.031686,4.225642,-0.684444,0.43652,0.556385,0.177248,9.05273225485693,-4.082189353114777,0.12369431312846565,-5.6283214369973,5.14771792062237,3.933274918991448
1003,2706105134,9.099861,-3.953633,0.222697,-7.261138,4.602469,3.282543,-0.684374,0.437132,0.555856,0.177674,9.05877873593814,-4.0770937056947485,0.08885455580173257,-6.463586149843173,4.602402164209524,3.4217065239423374
1004,2706121801,9.068587,-4.077776,0.004557,-5.769159,4.49081,3.125025,-0.684385,0.437585,0.555385,0.177988,9.094574982864081,-4.0348612400487625,0.027630483226025675,-6.02633097926701,4.13945390535379,3.0347575223044263
1005,2706138468,9.11336,-4.074995,-0.338448,-5.754598,3.586822,2.622325,-0.68431,0.438019,0.555037,0.178293,9.134904689060598,-3.987817994254452,-0.015794089284633727,-4.561936041542834,3.6482292851233558,2.706372736144803
1006,2706155135,9.147102,-3.953912,0.060802,-3.291258,2.967801,2.622235,-0.684342,0.438224,0.554814,0.178359,9.154414576957599,-3.964904008058371,-0.021775041252852328,-3.094036079125279,3.1574555953537145,2.3890264005339423
1007,2706171802,9.16705,-3.900967,0.34446,0.452115,3.024514,2.078253,-0.684604,0.438011,0.554717,0.178182,9.140821502936376,-3.979730681060954,-0.009261933615173192,-2.6431167976277723,2.818150590844702,2.118744045293692
1008,2706188469,9.199168,-3.970212,-0.159847,-3.883244,2.596865,1.485748,-0.684539,0.438193,0.554588,0.178386,9.104943239270332,-4.016174201118015,-0.004120377640893697,-3.396190204235633,2.7660171074391373,1.9960126400279665
1009,2706205136,8.911515,-4.144469,-0.308359,-7.525102,2.709241,2.790984,-0.684284,0.43884,0.554269,0.178761,9.075894570403436,-4.031180528087873,-0.012413543945395943,-4.612631810224756,2.9984058568220613,2.113730066259558
1010,2706221803,9.10773,-3.967443,0.186953,-5.090716,3.748745,2.419382,-0.684259,0.439187,0.553934,0.179043,9.078945933531147,-3.988188011030639,-0.028739394045175566,-5.333756495034666,3.3748712512585266,2.489486895565481
1011,2706238470,9.229432,-3.892227,0.071633,-2.571285,4.020663,2.36192,-0.684415,0.439272,0.553642,0.179145,9.114231332474793,-3.8970333578805683,-0.04631139386265797,-5.1100554595246495,3.734594706383044,3.030020352251427
1012,2706255137,9.056422,-3.877309,-0.077165,-4.42352,3.715744,3.965621,-0.68447,0.439678,0.553228,0.179216,9.155536942149865,-3.818772285651036,-0.04786413667254456,-4.10652473144944,4.007133357924815,3.543364779248541
1013,2706271804,9.10622,-3.758686,-0.196912,-5.356385,3.845459,4.161264,-0.68448,0.440189,0.552765,0.179352,9.168728581178886,-3.8217364541097947,-0.008762043522332673,-2.7819042680510835,4.202143684026087,3.8212135861232412
1014,2706288471,9.292282,-3.795206,0.092602,-0.26828,4.674811,3.409544,-0.684862,0.440111,0.5524,0.179207,9.136806639123883,-3.9208737323109535,0.07329950387329981,-1.5984951242880832,4.312771604360968,3.7574984144822396
1015,2706305138,9.089005,-4.153893,0.287044,0.967936,4.310342,3.390949,-0.685295,0.439918,0.552104,0.17894,9.076222250538153,-4.05505574781882,0.16347860155316576,-0.8293987451912468,4.270480168514016,3.4015508359167566
1016,2706321805,8.896163,-4.191105,0.239502,-2.227242,3.708329,2.959285,-0.685463,0.440024,0.551813,0.178935,9.028118990179983,-4.1312213470266785,0.22000172787561495,-0.42323760699251467,4.0123720664291636,2.898108281376423
1017,2706338472,8.98962,-4.168846,0.260887,0.002286,4.042754,2.340803,-0.685783,0.43985,0.551586,0.178834,9.024698743218394,-4.101919903014362,0.23344178384354644,-0.10073195027016382,3.5843164881418774,2.383998760266856
1018,2706355139,9.217619,-3.900618,0.07358,0.784575,3.092843,1.821697,-0.686065,0.439581,0.551507,0.178661,9.061216631536597,-4.004490385555227,0.2229129175928632,0.2915941521322715,3.168411121020977,1.9330257316042454
1019,2706371806,8.98636,-3.857805,0.087715,-1.456313,2.563607,2.019952,-0.686166,0.439564,0.551409,0.178614,9.103319417958241,-3.9260074539184044,0.1975522881488017,0.5407347981011733,2.994991867970622,1.5638543418796444
1020,2706388473,9.21353,-3.934851,0.436788,3.307259,3.466877,0.872516,-0.686613,0.438957,0.551419,0.178358,9.120006575015118,-3.9329150840661744,0.14181370308560504,0.27674944817767183,3.2020183898307093,1.2616518708635873
1021,2706405140,9.096486,-4.190488,-0.006081,-1.339685,3.660946,0.87185,-0.68678,0.438808,0.551288,0.178486,9.106761655381348,-4.031250520978028,0.04982744760534637,-0.5277813345709096,3.75935303982999,0.9763402263454573
1022,2706421807,8.948462,-4.115205,-0.160062,-2.733925,4.674376,0.805744,-0.686937,0.438768,0.551024,0.178797,9.080700496873588,-4.177253770281487,-0.0378164122004714,-1.2922011728487082,4.515946096749856,0.6227984942093233
1023,2706438474,9.189817,-4.203529,0.139211,0.815067,5.620662,0.218342,-0.68738,0.4383,0.550796,0.178943,9.061268442152755,-4.306656057095052,-0.051837451664753544,-1.1292041793876149,5.300523839721936,0.13052397847029326
1024,2706455141,9.065138,-4.402614,-0.226186,-0.478983,5.369678,-0.646119,-0.687699,0.4379,0.550613,0.179262,9.058908824238825,-4.355936197669757,0.041401012132999945,0.4708878711352641,5.963446130515751,-0.4751355592387817
1025,2706471808,8.976504,-4.383933,0.165146,1.72962,6.161667,-0.666276,-0.68822,0.437256,0.550409,0.179457,9.07687507451189,-4.282096585287309,0.19494923283801946,3.075193367778337,6.3537266384213105,-1.0466174664356938
1026,2706488475,9.213018,-3.915808,0.675292,6.7639,6.848857,-1.844076,-0.689085,0.435995,0.550343,0.179411,9.11500610495396,-4.0893818410011376,0.30783014501945627,5.314889648328482,6.345429493903666,-1.4003744315234996
1027,2706505142,9.163183,-4.006475,0.142749,4.916135,6.075776,-1.38671,-0.689782,0.434975,0.550275,0.179417,9.167430837799479,-3.84604862844554,0.3032597940790588,5.605832366878879,5.974737710944323,-1.469510553179861
1028,2706521809,9.124271,-3.743353,0.026289,4.36482,5.558462,-1.457465,-0.6904,0.434017,0.550249,0.179441,9.217766234331608,-3.6648566156259124,0.184004676651489,3.2243694012072073,5.556745028174242,-1.3985437264130607
1029,2706538476,9.258556,-3.410877,0.217752,-0.077107,5.62558,-1.460398,-0.690741,0.433504,0.5501,0.179826,9.241458323721517,-3.641773694582816,0.01832257212853788,-1.0325176920214538,5.583303502637809,-1.4820857672157417
1030,2706555143,9.334719,-3.711992,-0.263393,-7.256592,5.648376,-1.6836,-0.690625,0.433692,0.549775,0.180808,9.221274983626671,-3.787288436104088,-0.1158650899401739,-5.219165975215655,6.399212377750299,-1.9752788341270553
1031,2706571810,9.145551,-4.205695,-0.102482,-7.840524,8.144196,-2.967694,-0.690637,0.43377,0.549263,0.182123,9.165781847119844,-4.011316862968818,-0.17374893769828986,-7.477875151272476,7.912817983535945,-2.9282719247364914
1032,2706588477,8.99624,-4.29986,-0.144168,-7.329641,10.021505,-4.251928,-0.690796,0.433644,0.548656,0.183645,9.108592602758963,-4.187002877020763,-0.1510230236222587,-7.18914126712804,9.61372317269089,-4.197366528296063
1033,2706605144,9.109342,-4.11892,-0.125861,-3.977001,11.07278,-5.822922,-0.691206,0.433026,0.54813,0.185122,9.083948689550137,-4.237824671928416,-0.06721770975454,-5.115935141177319,10.893675709075579,-5.637607587100122
1034,2706621811,9.175559,-4.057376,0.164191,-1.548699,11.304211,-7.593824,-0.691738,0.432015,0.547757,0.186598,9.103091137680432,-4.168830009199117,0.05543988079381804,-2.55308846071531,11.381511693877982,-7.300244215107604
1035,2706638478,9.161084,-4.029772,0.102657,-1.165302,10.436599,-9.405694,-0.692173,0.430844,0.547592,0.188171,9.15183166409951,-4.034520112244098,0.20299562522317458,-0.3942045797635397,11.02881067319824,-9.418813114284896
1036,2706655145,9.1339,-4.085568,0.393068,0.512671,9.981462,-11.142212,-0.692626,0.429376,0.547626,0.189755,9.201088950173613,-3.9010300330752212,0.3653551588145619,1.055246392633784,9.978585870977756,-12.155559258053547
1037,2706671812,9.167816,-3.871172,0.615844,0.447666,9.118598,-15.305576,-0.692886,0.427604,0.548002,0.191709,9.216904639976551,-3.832434349098433,0.5222547161899792,1.6220788167275422,8.442854466374254,-15.360008085176993
1038,2706688479,9.216969,-3.702831,0.443769,1.47165,6.870662,-19.863873,-0.692899,0.425424,0.548912,0.193899,9.17602855629098,-3.8720092399031336,0.6335197164782292,0.9854333949825387,6.687069736962004,-18.64282210944818
1039,2706705146,9.239573,-3.868851,0.640974,1.352948,4.181773,-21.960238,-0.692622,0.42316,0.550212,0.196142,9.091146724265798,-4.003172669489257,0.6499333683882007,-0.9104015121293859,5.0027858303769115,-21.733634274955033
1040,2706721813,9.005812,-4.193314,0.843814,-3.590409,3.432666,-23.859457,-0.691919,0.421258,0.551557,0.198922,9.019039979534345,-4.137859824580641,0.5493638787962368,-3.202659114738262,3.5866397164973773,-24.72338327532763
1041,2706738480,8.78997,-4.61385,0.236,-5.71695,3.044264,-27.362957,-0.690941,0.419293,0.553086,0.202199,9.022195101019262,-4.17453830218483,0.37129827301235957,-4.150942319787266,2.4547523032853147,-27.90134129918591
1042,2706755147,9.076586,-3.803214,0.097842,-1.884743,1.832486,-31.977007,-0.68995,0.416599,0.555119,0.205553,9.109121456978624,-4.076906555258461,0.20556321483494072,-2.1703994217318283,1.5301577742914136,-31.378891128027522
1043,2706771814,9.473109,-3.621986,0.108704,3.30219,0.323547,-35.745422,-0.68902,0.413115,0.557672,0.208769,9.22217362203247,-3.8827825122212536,0.13181131634326448,2.8915501348782993,0.8060773630024232,-34.89919149728085
1044,2706788481,9.361011,-3.803976,0.255217,7.771668,0.218727,-36.697239,-0.6883,0.409096,0.56041,0.211705,9.295138500664157,-3.640740571322493,0.1666477766774933,9.296598961697095,0.3798416421326999,-37.948802891942194
1045,2706805148,9.089911,-3.499022,0.342093,14.916706,0.736556,-39.806683,-0.687926,0.404076,0.563481,0.214393,9.315724726828318,-3.3657786157225504,0.2684310990898974,14.228529849569536,0.32926927140300777,-40.00305175067919
1046,2706821815,9.32523,-3.011757,0.283062,16.972832,0.31808,-42.094517,-0.687536,0.398659,0.566767,0.217108,9.323986241013142,-3.064934941775541,0.38239741009414346,15.434692650050906,0.5877005101214408,-40.76976849600956
1047,2706838482,9.462096,-2.804611,0.483651,14.058125,0.814214,-40.21059,-0.687046,0.393655,0.569777,0.219893,9.36117780238825,-2.7788348900874693,0.4735263109828693,12.607003756799553,0.9454905659374264,-40.36795794745653
1048,2706855149,9.392395,-2.488199,0.545667,5.123213,1.435196,-38.2742,-0.686132,0.389669,0.572307,0.223252,9.433380333584948,-2.570638915191713,0.5259988642711144,7.441024842204653,1.1724200833230376,-39.31807388534132
1049,2706871816,9.537812,-2.371716,0.519148,-0.412853,1.469485,-38.573555,-0.684873,0.386196,0.574651,0.227097,9.517241755206035,-2.4728612565839647,0.529332949524154,2.30550103822835,1.1643417610151698,-38.292389219891376
1050,2706888483,9.563937,-2.622504,0.422925,0.747645,0.622462,-38.466606,-0.68359,0.382631,0.577092,0.230778,9.58466703657609,-2.457353484205002,0.47551050129622624,-1.2648897944734452,0.9919913587934849,-37.80762177319743
1051,2706905150,9.630197,-2.483905,0.464987,-0.257601,0.628071,-37.738827,-0.682253,0.379215,0.579439,0.234464,9.619765689842861,-2.4628316320844013,0.37144838365678773,-2.941233099333711,0.7975240310348727,-38.07721938455816
1052,2706921817,9.622775,-2.411218,0.232524,-4.178171,0.668783,-38.640701,-0.680649,0.376098,0.581678,0.238565,9.622742823353894,-2.446501580295989,0.25295907162564796,-2.877802788338764,0.632637565244978,-39.036761258205814
1053,2706938484,9.603526,-2.341308,0.175358,-2.92226,0.556907,-40.61227,-0.679012,0.37268,0.584059,0.24274,9.606324047209203,-2.4044340882346544,0.17964928970347058,-1.0584825281149186,0.4019691559269365,-40.45271258431095
1054,2706955151,9.58131,-2.414154,0.233479,3.820383,0.281197,-42.585266,-0.67762,0.368423,0.58679,0.246512,9.589274116097817,-2.3484760994922995,0.20186270979087667,2.582558254920366,-0.04373291511392882,-42.079754961644966
1055,2706971818,9.605574,-2.187118,0.137113,7.495269,-1.108513,-43.613174,-0.676241,0.36375,0.589819,0.249986,9.589033346878683,-2.276258103744204,0.3190649650303428,7.6970373909611265,-0.7856116036581825,-43.81598238114569
1056,2706988485,9.639925,-2.176692,0.569097,13.801838,-2.159488,-45.469673,-0.675004,0.358319,0.59325,0.253035,9.614356943693432,-2.1713391039718966,0.46837238184629476,13.401228579621952,-1.803941045482269,-45.733475662193186
1057,2707005152,9.563584,-2.176932,0.751139,18.10807,-2.617809,-48.033001,-0.67382,0.35224,0.596985,0.255925,9.659807962143626,-2.0308559867740263,0.5623444343011037,18.585667590841233,-3.002431921639779,-47.93199375060389
1058,2707021819,9.760421,-2.013247,0.370338,22.160507,-4.26958,-50.357094,-0.67257,0.345601,0.601112,0.25859,9.707348539557506,-1.8793859910366402,0.5465365515003833,22.315911185775025,-4.187484047139218,-50.32743533254958
1059,2707038486,9.800939,-1.346484,0.391781,25.834347,-4.698246,-52.76342,-0.671327,0.338382,0.605496,0.261128,9.738651865893244,-1.733693910120725,0.42664510105684544,24.04482072094724,-5.0166702482132575,-52.53113865370609
1060,2707055153,9.712344,-1.418353,0.283209,21.970671,-4.958356,-53.280724,-0.669798,0.331479,0.609737,0.264024,9.749770342750864,-1.5494691857525986,0.2531258840940825,23.564469117858746,-5.062895455448174,-53.889026316299756
1061,2707071820,9.685681,-1.616032,0.182865,18.782066,-4.678879,-53.840321,-0.668069,0.3248,0.613809,0.26725,9.752909201554234,-1.2364231834505923,0.09432883047911814,20.847740786490597,-4.075519692449538,-53.67901198698462
1062,2707088487,9.813661,-0.922343,-0.018821,18.705414,-2.531522,-51.808022,-0.666558,0.318204,0.617529,0.270368,9.763868504220024,-0.7650566216711371,0.01925379409157422,16.11328469163024,-2.2819437523877086,-51.42652230003455
1063,2707105154,9.837304,-0.182806,0.001571,11.329123,-0.251608,-47.394085,-0.665044,0.31261,0.620496,0.273809,9.790090035177519,-0.25151157306854544,0.07874081621064359,10.21237913696147,-0.41974708579469217,-47.200857617569454
1064,2707121821,9.776876,0.444599,0.388467,5.11579,1.374418,-41.436195,-0.663599,0.308075,0.622758,0.277296,9.828877221514627,0.10745403687707324,0.27659214778135377,4.782503689689807,0.6483978876646859,-41.66662123965503
1065,2707138488,9.809475,0.286926,0.437616,-1.267092,0.455582,-35.586723,-0.661998,0.304713,0.624568,0.280746,9.871807754148813,0.20802999273141443,0.5489860756472006,1.4996189042043258,0.4991185969342076,-35.773252410960964
1066,2707155155,10.014633,-0.013456,0.786238,-0.936045,-1.055669,-30.164841,-0.660479,0.301865,0.626281,0.28357,9.911562089816407,0.1336781480566015,0.7780514605616204,0.7897460712152327,-0.5553855384267127,-30.254350107921862
1067,2707171822,9.984607,-0.326077,0.87947,2.687271,-1.591641,-24.911236,-0.659276,0.299164,0.627952,0.28553,9.949564694120664,0.06063618209437152,0.8456774801046852,1.3878561732819092,-1.6697310844006292,-25.3003332582385
1068,2707188489,9.891387,0.238881,0.789408,5.899133,-1.709484,-21.286125,-0.658343,0.296487,0.629602,0.28684,9.995360206179624,0.08107378290192788,0.7031528518579955,1.5373520573177233,-1.9897081392404028,-20.65223328700854
1069,2707205156,10.036757,0.365668,0.391619,0.053844,-1.729474,-16.415236,-0.657353,0.294812,0.630794,0.288215,10.052149409860345,0.1381665381939266,0.4096231723175041,0.7575551126514428,-1.1301808281573613,-16.021457160345346
1070,2707221823,10.167535,0.137902,0.009235,-3.423318,0.829564,-11.16818,-0.656665,0.293844,0.631366,0.289516,10.10374409991795,0.12594340023559944,0.1032546160403268,0.2511735155145487,0.6577355012693477,-11.463550226648929
1071,2707238490,10.1216,0.006447,-0.090579,1.600839,3.003724,-6.925138,-0.656568,0.292693,0.631759,0.290043,10.122725049718085,0.021008905020332973,-0.08054638501674183,1.455032348641305,2.682339260393171,-7.390446781387366
1072,2707255157,10.101377,-0.241541,-0.045845,4.994574,4.1638,-4.363676,-0.65683,0.291403,0.632075,0.290061,10.094179073712269,-0.09843222325835856,-0.08386154641626849,4.30563178186277,4.225898099932235,-4.257779391503755
1073,2707271824,10.002913,-0.234142,0.092168,7.268789,5.079006,-2.400359,-0.657353,0.290038,0.632314,0.289721,10.029822215648078,-0.1443580527497353,0.05696772695179635,7.024158270228828,4.912826071329031,-2.2440553872655595
1074,2707288491,9.958432,0.019479,0.181153,8.557942,4.610589,-1.30822,-0.657932,0.288668,0.632605,0.289139,9.95963230045849,-0.10434618358740491,0.251796774290601,7.553892436424544,4.81341979472062,-1.1671715293474412
1075,2707305158,9.923605,0.074879,0.492174,5.677485,4.012211,-0.544411,-0.658365,0.28767,0.6328,0.288722,9.911788727374809,-0.03470624279242797,0.4150997872693065,5.237616338318656,4.274347302833303,-0.6116801602216061
1076,2707321825,9.888362,-0.038832,0.531169,0.903943,3.838403,0.109385,-0.65861,0.287195,0.632782,0.288675,9.89843122428607,0.010346489146366867,0.5036667729490049,1.2878720355432918,3.660361257582706,-0.10221805114682421
1077,2707338492,9.916138,-0.031584,0.413932,-3.868542,3.40081,0.726485,-0.658641,0.287253,0.632581,0.288989,9.91447301392402,0.02550342331398549,0.5178475173774018,-2.242344207399685,3.202248524663303,0.7645275095632831
1078,2707355159,9.967758,0.009025,0.472958,-4.527928,2.868463,2.020362,-0.658649,0.287515,0.632348,0.289218,9.945356798101194,0.03615384876329654,0.47736556535175756,-4.032195505195462,2.9963761710811005,2.213494251894361
1079,2707371826,9.950553,0.06448,0.481557,-2.740111,2.984244,4.104108,-0.658831,0.287792,0.632093,0.289088,9.975932042809992,0.05283871742269092,0.3999558709495357,-4.281477430614656,3.0677717043126687,4.209383036413287
1080,2707388493,9.994376,0.086479,0.256512,-3.874191,3.40031,6.667365,-0.659111,0.288396,0.631642,0.288833,9.995490166981075,0.05418565232270355,0.30179276504995883,-4.175140772721385,3.411512626775112,6.461038100287908
1081,2707405160,10.018907,0.07628,0.2717,-4.475527,4.33711,8.688389,-0.659536,0.289205,0.63099,0.288479,9.998956067133422,0.009098836317085923,0.2094426114460856,-4.678287768837301,3.999050784727189,8.546869583869466
1082,2707421827,9.978587,-0.183477,0.087554,-6.556227,4.529832,9.928415,-0.659942,0.290318,0.630179,0.288205,9.986359433729659,-0.09384311346401486,0.15969202470722588,-5.765703734635808,4.764850063328227,10.091466717251175
1083,2707438494,9.959524,-0.295131,0.161835,-6.628136,5.090982,10.814809,-0.660431,0.291494,0.629273,0.287875,9.961327417276323,-0.2377731818075735,0.1816674648113684,-6.595624049519234,5.590816888185472,10.88225663033732
1084,2707455161,9.897573,-0.273723,0.338774,-6.076131,6.947994,11.023822,-0.661122,0.292559,0.628201,0.287553,9.929153565466509,-0.3861798825752107,0.2783910145022975,-6.28219079041555,6.3269463061834195,10.889159570566127
1085,2707471828,9.94644,-0.441542,0.453793,-4.507864,7.116396,10.025258,-0.66185,0.293373,0.627219,0.28719,9.896430622214965,-0.49429737191255313,0.4235128925154712,-4.610142654036412,6.86118033390324,10.233883998725435
1086,2707488495,9.891798,-0.659735,0.481729,-2.899641,6.887764,9.441236,-0.662601,0.293989,0.62635,0.286726,9.871719475846815,-0.5250010039790833,0.5710637709841127,-2.276956905073055,7.159363542700536,9.153840294844413
1087,2707505162,9.778038,-0.484251,0.638622,-0.44529,6.490984,7.936438,-0.663357,0.294246,0.625685,0.286165,9.862659821808275,-0.4734054370952397,0.6701153803612139,-0.5854038359716787,7.198495141010697,7.95181245788052
1088,2707521829,9.90559,-0.317844,0.839253,-0.23209,7.397661,6.710344,-0.664152,0.294333,0.624993,0.285742,9.869265243730002,-0.38117409784859285,0.6842194109306798,-0.7279785474034887,6.878717489015317,6.903639157030309
1089,2707538496,9.902485,-0.311457,0.549881,-3.171135,6.312309,6.093538,-0.664696,0.294694,0.624309,0.2856,9.881856935375636,-0.3166402049072368,0.6120921840700556,-2.9958868047963207,6.079368725772619,6.144942615486858
1090,2707555163,9.887466,-0.326854,0.426473,-5.584224,4.97142,5.677742,-0.664998,0.295304,0.623673,0.285658,9.888898061946787,-0.3297595567725605,0.4926254939359218,-6.393443683002695,4.843403493626005,5.618161928526893
1091,2707571830,9.876101,-0.416472,0.434619,-9.114271,3.195397,5.233567,-0.664968,0.29629,0.623079,0.286003,9.886857958834966,-0.4189097092369328,0.3842778432983112,-9.031689232495417,3.467259386788671,5.142506849573484
1092,2707588497,9.879855,-0.556531,0.356778,-10.582097,2.196578,4.655578,-0.664758,0.297406,0.622545,0.286494,9.881299291503812,-0.5347350560841623,0.33334521201485867,-9.21863230352425,2.3481364752607803,4.567317568246885
1093,2707605164,9.867321,-0.618007,0.295052,-7.023643,1.641358,3.790303,-0.664616,0.298123,0.62225,0.286722,9.87966633050924,-0.6137330914659467,0.35296173964706873,-6.593014589751942,1.711191080318531,3.8918823654909374
1094,2707621831,9.90737,-0.613073,0.430824,-1.589588,1.594512,3.17561,-0.664679,0.29826,0.622212,0.286515,9.884845781169203,-0.6152694392030669,0.421183703899266,-2.4530373676653228,1.471258536983584,3.2682156740246304
1095,2707638498,9.891498,-0.537064,0.533006,1.633111,1.52888,3.025775,-0.664869,0.298075,0.622321,0.286028,9.89487587587217,-0.5399744753237452,0.4952977996855895,1.0477313740417515,1.3458356431337561,2.904392024374036
1096,2707655165,9.893514,-0.415637,0.537517,2.616958,1.102979,2.922825,-0.665059,0.297804,0.622516,0.285443,9.906245444495049,-0.4241301071952708,0.5345086866795071,2.2611649036458843,1.103190882495046,2.947833340581437
1097,2707671832,9.926999,-0.322274,0.469595,0.43564,0.645613,3.342707,-0.665131,0.297799,0.622647,0.284995,9.916232260810403,-0.31890213729213096,0.5188054381731473,0.9485327739196174,0.733265857665991,3.412513483345271
1098,2707688499,9.916739,-0.281111,0.487395,-2.20697,0.36144,4.158818,-0.665096,0.298137,0.62266,0.284695,9.92332667460385,-0.2671454198279066,0.4550061227469042,-1.8345366261495333,0.4266204798383812,4.172239633569217
1099,2707705166,9.93051,-0.266673,0.367962,-4.881077,0.473073,5.108153,-0.664994,0.298815,0.62251,0.284551,9.927206713221091,-0.2865035573659126,0.37137521243256993,-4.587653080272188,0.4114848489126139,5.016162464604395
1100,2707721833,9.941419,-0.35531,0.333874,-5.861583,0.765954,5.729773,-0.664901,0.299631,0.622264,0.284448,9.928593104457578,-0.3632076163005412,0.3059620247916285,-6.221959538877904,0.7819391850563263,5.740076696028565
1101,2707738500,9.899137,-0.484163,0.252681,-5.882266,1.312709,6.276516,-0.664879,0.300476,0.62194,0.284317,9.92821502015372,-0.45917890211768936,0.29013953663751507,-6.426807590705795,1.422228744291756,6.2231774507608035
1102,2707755167,9.943664,-0.492468,0.316096,-5.885492,2.092718,6.334118,-0.664929,0.301294,0.621537,0.284215,9.925481395615511,-0.5317333128943094,0.33107870897198777,-5.563953199815981,2.0614422685556697,6.446198840084333
1103,2707771834,9.921569,-0.59993,0.403602,-5.283428,2.507221,6.462054,-0.665048,0.302048,0.621113,0.284064,9.918821000752907,-0.5578116337920118,0.40493996447722774,-4.3581965419485815,2.4280392781754765,6.452342654740338
1104,2707788501,9.901244,-0.595527,0.530429,-2.805718,2.582254,6.34727,-0.665277,0.302548,0.620789,0.283703,9.908021044645583,-0.5476316987202624,0.47023272307290187,-3.5368507810106253,2.4162492755301157,6.294992799642589
1105,2707805168,9.896838,-0.466909,0.46409,-2.758181,2.105191,5.962836,-0.665449,0.303029,0.620529,0.283354,9.896116576755745,-0.5346623823374717,0.4938875020883756,-3.456529257589887,2.149283137317476,6.015180378347649
1106,2707821835,9.898535,-0.488361,0.446183,-4.065965,1.697514,5.617999,-0.665512,0.303623,0.62027,0.283139,9.888424789700727,-0.5459161775443683,0.4700965320248208,-3.8863180094058185,1.880869213142677,5.656281110203794
1107,2707838502,9.879854,-0.634105,0.454937,-4.755857,1.582769,5.513231,-0.66553,0.304278,0.619998,0.282991,9.88896972342769,-0.5781195526197727,0.41962110353939575,-4.195852584764865,1.8066547053513824,5.289911341770848
1108,2707855169,9.878019,-0.647245,0.358433,-4.357938,2.259726,4.870532,-0.665599,0.304808,0.619704,0.282898,9.897016595288095,-0.6039534518769196,0.3742516478912584,-3.897840215504051,1.9429471278432973,5.016114482562227
1109,2707871836,9.933211,-0.584014,0.347053,-2.817345,2.281022,4.838757,-0.665737,0.305186,0.619474,0.282671,9.907045208543146,-0.6017254332553311,0.3585390862506771,-3.0903043894218367,2.1646106407017904,4.920129035829511
1110,2707888503,9.925303,-0.553488,0.385037,-1.998111,2.231282,5.02696,-0.665915,0.305503,0.619273,0.28235,9.912751014157339,-0.577115524214842,0.3780404022730299,-2.373500225053077,2.3355136052688894,5.012613349958812
1111,2707905170,9.879688,-0.553912,0.419332,-2.074257,2.272199,5.307368,-0.666104,0.305852,0.619052,0.28201,9.911150460986134,-0.5574883399551427,0.41872853677685457,-2.306208389609268,2.394256700841095,5.207784743079711
1112,2707921837,9.903839,-0.58689,0.46228,-2.95294,2.37812,5.365881,-0.666266,0.306285,0.618783,0.281748,9.902962147700308,-0.5688435326830602,0.4570971560683836,-2.89433333183092,2.3440151128383913,5.3633238091695805
1113,2707938504,9.907988,-0.601719,0.4655,-3.646915,2.225936,5.252691,-0.666378,0.306783,0.618504,0.281553,9.89086983544445,-0.6169554127727824,0.47455239877339367,-3.556827591716151,2.2082251276127027,5.351073799883281
1114,2707955171,9.88361,-0.692496,0.49899,-3.805868,2.063404,5.135212,-0.666463,0.307291,0.61824,0.281376,9.879164978651069,-0.6837416430806404,0.4672206960849091,-3.5888878628069296,2.0190789132056235,5.115226506773618
1115,2707971838,9.863825,-0.728387,0.405235,-3.200307,1.916054,4.763047,-0.666547,0.307714,0.618032,0.281174,9.87365198861368,-0.7372840309457549,0.4456562476785041,-2.7391700726658286,1.832126581404297,4.70140817037588
1116,2707988505,9.866774,-0.747863,0.437345,-1.213803,1.581445,4.302798,-0.666671,0.307916,0.617957,0.280823,9.878648257169512,-0.7492616651792527,0.42579075841896935,-1.4370900117877468,1.7189088539989326,4.251869185176839
1117,2708005172,9.908674,-0.733638,0.428616,0.001197,1.692801,3.937537,-0.666845,0.307962,0.617938,0.280402,9.892698071591399,-0.7121810756394023,0.4182463701011215,-0.4853776559606853,1.723083860228202,3.953520394515323
1118,2708021839,9.896188,-0.651648,0.407224,-0.186384,1.797762,3.786204,-0.667013,0.308009,0.617907,0.280018,9.908177578425724,-0.6469557473072209,0.42314294304485234,-0.46568571562746053,1.821727977922997,3.942421222259731
1119,2708038506,9.928496,-0.590568,0.445714,-1.670934,2.104346,4.235822,-0.66716,0.308228,0.617766,0.279738,9.916442002428836,-0.5931045768142789,0.4321212266298081,-1.3415544858741688,1.9388204067237669,4.217367156384432
1120,2708055173,9.909211,-0.54522,0.429486,-2.897872,2.003663,4.642513,-0.667259,0.308607,0.617566,0.279524,9.914376007864927,-0.5839510085094177,0.43444254080912215,-2.5572981335052014,2.001792125012228,4.635927214590213
1121,2708071840,9.922778,-0.638013,0.422987,-3.480817,1.836949,5.172786,-0.667339,0.309096,0.617335,0.279303,9.906625462953716,-0.6231075551520076,0.4232288180287904,-3.492709564841472,1.983446970164801,5.01077380047107
1122,2708088507,9.873427,-0.655101,0.397141,-3.694389,1.990229,5.240019,-0.667425,0.309607,0.617077,0.279102,9.901252203435078,-0.6821616101196548,0.399345917355126,-3.86886915098071,1.8930479265677596,5.23315552660374
1123,2708105174,9.90986,-0.792443,0.379049,-3.880606,1.570296,5.248728,-0.667466,0.310152,0.616852,0.278898,9.902268073727216,-0.7242444207469839,0.37176281768552455,-3.82217170058608,1.7419617300070966,5.318944394159768
1124,2708121841,9.906197,-0.746783,0.359868,-3.568976,1.741798,5.244668,-0.667535,0.31066,0.616623,0.278673,9.905962604058125,-0.7345021079925305,0.35386169927937144,-3.674301041185256,1.5303039378353354,5.342427306607996
1125,2708138508,9.907737,-0.674713,0.339256,-3.613325,1.335927,5.265274,-0.667567,0.311191,0.61643,0.278432,9.90495141871434,-0.7298419350545375,0.35617139124124253,-3.6204109605544508,1.2598677066456712,5.328367450250932
1126,2708155175,9.91944,-0.721199,0.377238,-3.50821,0.716701,5.396423,-0.667553,0.311748,0.616295,0.278141,9.896142752909988,-0.7393906801102548,0.37878050300392074,-3.5483710052406776,0.9372356260964718,5.206743824279668
1127,2708171842,9.856072,-0.797721,0.415197,-3.032428,0.469129,4.852243,-0.667516,0.31222,0.616228,0.277848,9.88444118002757,-0.7765248897377421,0.4092794753700626,-3.0855098559276657,0.5511116912988636,4.864707093987777
1128,2708188509,9.870935,-0.830916,0.426938,-1.95293,0.251959,4.217676,-0.667482,0.312539,0.616254,0.277511,9.878456365114253,-0.8304323387498311,0.429783029425257,-1.8387673069113244,0.06174950241758738,4.236205161695095
1129,2708205176,9.904631,-0.911629,0.444846,0.09462,-0.533282,3.286641,-0.667434,0.312608,0.616482,0.277045,9.882954488844032,-0.8822588581525439,0.42930667694967634,0.31408516604907466,-0.5609311835735625,3.3502381100274645
1130,2708221843,9.895326,-0.925097,0.412257,3.067691,-1.281903,2.318212,-0.667414,0.312331,0.616945,0.276372,9.895264973226487,-0.9254244875850492,0.4121556513868664,3.0723939725376805,-1.2827808546833814,2.317069342665224
